rid,split,y_true,logit0,logit1,z,p_raw,p_cal,pred_05,pred_val_thr,group,channel,publisher,era,lang_variant,is_ptpt_rule,rating_class,label_tier,has_ufffd,mojibake_flag,in_training_pool
594883493658496464,val_sel,1,-0.45192989706993103,0.6554493308067322,1.1073792278766632,0.7516401957222232,0.7379674365471846,1,1,FC_G1,agency_claim,g1,2018-2022,pt-BR,False,false_pure,checker,False,False,False
51115,val_sel,1,-0.38750800490379333,0.37200427055358887,0.7595122754573822,0.6812478341472684,0.6102353308198231,1,1,MuMiN-PT,social,desconhecido,sem_data,desconhecido,False,none,v1,False,False,False
27641,val_sel,1,-0.35302630066871643,0.3366735577583313,0.6896998584270477,0.6659001554388283,0.5818742707560546,1,1,fakes,agency_claim,desconhecido,2018-2022,desconhecido,False,none,v1,False,False,False
1062,val_sel,1,-0.28810176253318787,0.3636544644832611,0.651756227016449,0.6574061152166875,0.5662165137360042,1,1,COVID19.BR,covid,desconhecido,sem_data,desconhecido,False,none,v1,False,False,False
512691584579518798,val_sel,1,-0.4173417091369629,0.5261024236679077,0.9434441328048706,0.7197948309228303,0.6810804321974274,1,1,FC_ESTADAO,agency_claim,estadao,sem_data,pt-BR,False,false_pure,checker,False,False,False
1565,val_sel,0,-0.29606273770332336,0.5070912837982178,0.8031540215015411,0.6906487523386128,0.627605967520139,1,1,COVID19.BR,covid,desconhecido,sem_data,desconhecido,False,none,v1,False,False,False
1000049798968822228,val_sel,0,-0.13046693801879883,0.3441770374774933,0.4746439754962921,0.6164823324750386,0.4918760101722733,0,0,NEWS_BRASILDEFATO,press_true,brasildefato,<=2017,pt-BR,False,none,llm_local,False,False,False
1007170305866811117,val_sel,0,-0.12102880328893661,0.12145578116178513,0.24248458445072174,0.5603258449051491,0.3954793784985856,0,0,FC_POLIGRAFO,agency_claim,poligrafo,>=2023,pt-BR,True,true_rating,checker,False,False,False
25367,val_sel,1,-0.046669427305459976,-0.04750258848071098,-0.0008331611752510071,0.4997917097182361,0.30258708943317236,0,0,fakes,agency_claim,desconhecido,2018-2022,desconhecido,False,none,v1,False,False,False
713577435335771461,val_sel,1,-0.13895756006240845,0.2979484498500824,0.43690600991249084,0.6075215484102021,0.47597029905994714,0,0,FC_LUPA,agency_claim,lupa,>=2023,pt-BR,False,false_pure,checker_match,False,False,False
44179,val_sel,1,-0.5056185722351074,0.5508158206939697,1.0564343929290771,0.7420085637361242,0.7210038087548627,1,1,fakes,agency_claim,desconhecido,2018-2022,desconhecido,False,false_pure,v1,False,False,False
463762294025187512,val_sel,0,-0.2852962613105774,0.30245035886764526,0.5877466201782227,0.6428479488628374,0.5395163343845153,1,0,NEWS_PODER360,press_true,poder360,2018-2022,pt-BR,False,none,llm_local,False,False,False
1037407168279310985,val_sel,0,-0.06848420947790146,0.1103065237402916,0.17879073321819305,0.5445789950414206,0.37008794765096115,0,0,FC_POLIGRAFO,agency_claim,poligrafo,>=2023,pt-BR,True,true_rating,checker,False,False,False
293502655994937805,val_sel,1,-0.5081425309181213,0.47715994715690613,0.9853024780750275,0.7281590759476427,0.6962259196182987,1,1,FC_EFARSAS,agency_claim,efarsas,2018-2022,pt-BR,False,false_pure,checker,False,False,False
76076073100348370,val_sel,1,-0.540053129196167,0.7846835851669312,1.3247367143630981,0.7899686928937457,0.8025464864787536,1,1,FC_EFARSAS,agency_claim,efarsas,2018-2022,pt-BR,False,false_pure,checker,False,False,False
25798,val_sel,1,-0.24666379392147064,0.43501755595207214,0.6816813498735428,0.6641138539058867,0.5785779827953234,1,1,fakes,agency_claim,desconhecido,2018-2022,desconhecido,False,none,v1,False,False,False
32939,val_sel,1,-0.29193153977394104,0.4072226285934448,0.6991541683673859,0.6680002137359708,0.5857514002487713,1,1,fakes,agency_claim,desconhecido,2018-2022,desconhecido,False,none,v1,False,False,False
998813018318000230,val_sel,1,-0.4182679355144501,0.6010905504226685,1.0193584859371185,0.7348476214691482,0.7082437502759115,1,1,FC_BOATOS,agency_claim,boatos,<=2017,pt-BR,False,false_pure,checker,False,False,False
39579,val_sel,1,-0.4106275141239166,0.5869972109794617,0.9976247251033783,0.7305913150131004,0.7006064542724324,1,1,fakes,agency_claim,desconhecido,2018-2022,desconhecido,False,false_pure,v1,False,False,False
1152100878060476019,val_sel,1,-0.3194999396800995,0.3810087740421295,0.700508713722229,0.6683005508974894,0.5863060301267251,1,1,FC_COMPROVA,agency_claim,comprova,2018-2022,pt-BR,False,other,checker,False,False,False
34549,val_sel,1,-0.1267089694738388,0.33606651425361633,0.46277548372745514,0.6136723911426276,0.48687040798111486,0,0,fakes,agency_claim,desconhecido,2018-2022,desconhecido,False,none,v1,False,False,False
520676332840616794,val_sel,1,-0.4073392450809479,0.35944893956184387,0.7667881846427917,0.6828257044048186,0.6131521853411364,1,1,FC_BOATOS,agency_claim,boatos.org,>=2023,pt-BR,False,false_pure,checker_match,False,False,False
43497,val_sel,1,-0.5588822960853577,0.5327144861221313,1.091596782207489,0.748682286836854,0.732783934497246,1,1,fakes,agency_claim,desconhecido,2018-2022,desconhecido,False,hard,v1,False,False,False
35572,val_sel,1,-0.15663611888885498,0.24894092977046967,0.40557704865932465,0.6000268654315173,0.4628013874711393,0,0,fakes,agency_claim,desconhecido,2018-2022,desconhecido,True,none,v1,False,False,False
832803871836234972,val_sel,1,-0.2865844964981079,0.42482808232307434,0.7114125788211823,0.6707132129265018,0.5907626251680288,1,1,FC_LUPA,agency_claim,lupa,>=2023,pt-BR,False,false_pure,checker_match,False,False,False
75924633091663127,val_sel,1,-0.3117670714855194,0.12471248209476471,0.4364795535802841,0.6074198598778625,0.47579077467789027,0,0,EXT_LIARBR,external_claim,ext_liarbr,sem_data,pt-BR,False,false_pure,checker,False,False,False
37294,val_sel,1,-0.3216962516307831,0.19935399293899536,0.5210502445697784,0.6273933158072579,0.5114544008469968,1,0,fakes,agency_claim,desconhecido,2018-2022,desconhecido,True,none,v1,False,False,False
532610038258539218,val_sel,1,-0.21377386152744293,0.10919099301099777,0.3229648545384407,0.5800466394957662,0.42837048449913834,0,0,EXT_LIARBR,external_claim,ext_liarbr,sem_data,pt-BR,False,false_pure,checker,False,False,False
1048758120456569507,val_sel,1,-0.24700303375720978,0.3283846378326416,0.5753876715898514,0.640005420530667,0.5343299658742268,1,0,FC_BOATOS_VIRAL,social,boatos,>=2023,pt-BR,False,false_pure,checker,False,False,False
16385,val_sel,0,-0.37644049525260925,0.4742428958415985,0.8506833910942078,0.7007104796996872,0.6461549011532886,1,1,FakeWhatsApp.BR_2018,whatsapp,desconhecido,2018-2022,desconhecido,False,none,v1,False,False,False
14251,val_sel,0,-0.3146795630455017,0.31048524379730225,0.625164806842804,0.6513922899993386,0.5551620621513487,1,0,FakeWhatsApp.BR_2018,whatsapp,desconhecido,2018-2022,desconhecido,False,none,v1,False,False,False
16808,val_sel,0,-0.0763222798705101,0.24645741283893585,0.32277969270944595,0.5800015347879682,0.4282939606919458,0,0,FakeWhatsApp.BR_2018,whatsapp,desconhecido,2018-2022,desconhecido,False,none,v1,False,False,False
302927501965505639,val_sel,0,-0.2697445750236511,0.5474392771720886,0.8171838521957397,0.6936382233201314,0.6331233401562509,1,1,NEWS_OECO,press_true,oeco,<=2017,pt-BR,False,none,llm_local,False,False,False
9536453433741029,val_sel,1,-0.33807215094566345,0.3658393621444702,0.7039115130901337,0.6690544337198303,0.5876983663856331,1,1,FC_OBSERVADOR,agency_claim,observador,>=2023,pt-PT,True,false_pure,checker,False,False,False
360092731074676396,val_sel,1,-0.528994619846344,0.671786367893219,1.200780987739563,0.7686636877387968,0.7672904465933533,1,1,FC_BOATOS,agency_claim,boatos,2018-2022,pt-BR,False,false_pure,checker,False,False,False
229553717146758627,val_sel,0,-0.1357717663049698,0.26290401816368103,0.3986757844686508,0.5983694615644917,0.4599068058943077,0,0,EXT_LIARBR,external_claim,ext_liarbr,sem_data,pt-BR,False,true_rating,checker,False,False,False
539642592145234556,val_sel,1,-0.4205479323863983,0.489857941865921,0.9104058742523193,0.7130832099975868,0.6688480444893383,1,1,FC_G1,agency_claim,g1,2018-2022,pt-BR,False,false_pure,checker,False,False,False
25376,val_sel,1,-0.4478202760219574,0.4991403818130493,0.9469606578350067,0.7205035311783669,0.6823682254674154,1,1,fakes,agency_claim,desconhecido,2018-2022,desconhecido,False,none,v1,False,False,False
652152110296369458,val_sel,1,-0.6306763291358948,0.8287288546562195,1.4594051837921143,0.8114416823394999,0.8361120764590145,1,1,FC_G1,agency_claim,g1,>=2023,pt-BR,False,false_pure,checker,False,False,False
32402,val_sel,1,-0.23732809722423553,0.3673355281352997,0.6046636253595352,0.6467225439980848,0.5466013979850513,1,0,fakes,agency_claim,desconhecido,2018-2022,desconhecido,False,none,v1,False,False,False
29415,val_sel,1,-0.25079280138015747,0.2810097336769104,0.5318025350570679,0.6299034264375982,0.5159878784804717,1,0,fakes,agency_claim,desconhecido,sem_data,desconhecido,False,none,v1,False,False,False
734154826282423039,val_sel,1,-0.32490721344947815,0.2975417673587799,0.6224489808082581,0.6507753259175285,0.5540297836575765,1,0,FC_COMPROVA,agency_claim,comprova,>=2023,pt-BR,False,other,checker,False,False,False
936643079381258,val_sel,1,-0.6493442058563232,0.7671585083007812,1.4165027141571045,0.8047895667897101,0.8259467666832152,1,1,FC_G1,agency_claim,g1,>=2023,pt-BR,False,false_pure,checker,False,False,False
242094165716291041,val_sel,1,-0.4097866117954254,0.4695228338241577,0.8793094456195831,0.7066791008247757,0.6571220088195197,1,1,FC_BOATOS,agency_claim,boatos,2018-2022,pt-BR,False,false_pure,checker,False,False,False
32290,val_sel,1,-0.2717129588127136,0.48755523562431335,0.759268194437027,0.6811948297988382,0.6101373425268457,1,1,fakes,agency_claim,desconhecido,2018-2022,desconhecido,False,other,v1,False,False,False
942142102351497276,val_sel,1,-0.6624394655227661,0.6698927879333496,1.3323322534561157,0.7912261551759591,0.8045700982987163,1,1,FC_EFARSAS,agency_claim,efarsas,2018-2022,pt-BR,False,false_pure,checker,False,False,False
102231736085517586,val_sel,1,-0.32271885871887207,0.4061749279499054,0.7288937866687775,0.6745624747556768,0.5978761935456979,1,1,FC_BOATOS,agency_claim,boatos.org,2018-2022,pt-BR,False,false_pure,checker_match,False,False,False
42745,val_sel,1,-0.41789427399635315,0.6569904088973999,1.074884682893753,0.7455247370607979,0.7272246079839437,1,1,fakes,agency_claim,desconhecido,2018-2022,desconhecido,False,none,v1,False,False,False
107453808881924259,val_sel,1,-0.4106209874153137,0.4718320369720459,0.8824530243873596,0.707330289996225,0.6583164580678503,1,1,FC_POLIGRAFO,agency_claim,poligrafo,2018-2022,pt-BR,True,other,checker,False,False,False
79286531005532841,val_sel,1,-0.152000293135643,0.1654258817434311,0.3174261748790741,0.5786968634979487,0.4260829523283987,0,0,FC_LUPA,agency_claim,lupa,>=2023,pt-BR,False,hard,checker_match,False,False,False
491968765275148550,val_sel,1,-0.584703266620636,0.7624647617340088,1.3471680283546448,0.7936662498241354,0.8084772811720992,1,1,FC_EFARSAS,agency_claim,efarsas,<=2017,pt-BR,False,false_pure,checker,False,False,False
7172,val_sel,1,-0.3989216387271881,0.4720544219017029,0.870976060628891,0.7049487553161226,0.6539460024519356,1,1,Fake.br,portal,desconhecido,sem_data,desconhecido,False,none,v1,False,False,False
696102391502415550,val_sel,1,-0.2620442807674408,0.5266214609146118,0.7886657416820526,0.6875447676744403,0.6218732198371858,1,1,FC_BOATOS,agency_claim,boatos,>=2023,pt-BR,False,false_pure,checker,False,False,False
3190,val_sel,1,-0.5151928663253784,0.6112902164459229,1.1264830827713013,0.7551892806443136,0.7441543951334739,1,1,Fake.br,portal,desconhecido,sem_data,desconhecido,False,none,v1,False,False,False
163561501099224116,val_sel,1,-0.28054890036582947,0.3151216506958008,0.5956705510616302,0.6446651730669868,0.542837145877641,1,0,EXT_AVERITECBR,external_claim,ext_averitecbr,2018-2022,pt-BR,False,other,checker,False,False,False
714695613507484787,val_sel,0,-0.20085157454013824,0.2668127119541168,0.46766428649425507,0.6148307755503701,0.4889320259556811,0,0,FC_POLIGRAFO,agency_claim,poligrafo,2018-2022,pt-BR,True,true_rating,checker,False,False,False
32443,val_sel,1,-0.2693733870983124,0.3580690920352936,0.627442479133606,0.6519093261672069,0.5561112252923807,1,0,fakes,agency_claim,desconhecido,2018-2022,desconhecido,False,none,v1,False,False,False
389866374416812196,val_sel,1,-0.5567864179611206,0.742544412612915,1.2993308305740356,0.7857223413829586,0.7956632346146346,1,1,FC_EFARSAS,agency_claim,efarsas,<=2017,pt-BR,False,false_pure,checker,False,False,False
483498025382004592,val_sel,1,-0.6677107810974121,0.7453761100769043,1.4130868911743164,0.80425237090248,0.8251164078194695,1,1,FC_BOATOS,agency_claim,boatos,2018-2022,pt-BR,False,false_pure,checker,False,False,False
60524502301903873,val_sel,1,-0.38647767901420593,0.42781615257263184,0.8142938315868378,0.6930237382419778,0.6319896059973966,1,1,FC_G1,agency_claim,g1,2018-2022,pt-BR,False,false_pure,checker,False,False,False
1092354021205648556,val_sel,1,-0.2042454034090042,0.28419259190559387,0.4884379953145981,0.6197383949848952,0.4976956936425112,0,0,FC_OBSERVADOR,agency_claim,observador,>=2023,pt-PT,True,false_pure,checker,False,False,False
641537349746996401,val_sel,1,-0.5444649457931519,0.7783163785934448,1.3227813243865967,0.7896440742363969,0.8020229793992807,1,1,FC_EFARSAS,agency_claim,efarsas,<=2017,pt-BR,False,false_pure,checker,False,False,False
1702,val_sel,0,-0.20042456686496735,0.38517579436302185,0.5856003612279892,0.6423550287561017,0.5386162498676735,1,0,COVID19.BR,covid,desconhecido,sem_data,desconhecido,False,none,v1,False,False,False
781837004361233154,val_sel,1,-0.0627782866358757,0.11848694831132889,0.1812652349472046,0.5451926349248291,0.3710621032649354,0,0,FC_POLIGRAFO,agency_claim,poligrafo,>=2023,pt-BR,True,other,checker,False,False,False
962811645222265542,val_sel,1,-0.44697073101997375,0.5719946622848511,1.0189653933048248,0.7347710216378776,0.7081066373302042,1,1,FC_G1,agency_claim,g1,2018-2022,pt-BR,False,false_pure,checker,False,False,False
15814,val_sel,1,-0.37504473328590393,0.5372279286384583,0.9122726619243622,0.7134649944623784,0.6695455361428733,1,1,FakeWhatsApp.BR_2018,whatsapp,desconhecido,2018-2022,desconhecido,False,none,v1,False,False,False
32167,val_sel,1,-0.4845903813838959,0.6312805414199829,1.1158709228038788,0.7532220120432643,0.7407294220551535,1,1,fakes,agency_claim,desconhecido,2018-2022,desconhecido,False,none,v1,False,False,False
40744,val_sel,1,-0.2178065925836563,0.288292795419693,0.5060993880033493,0.6238916357574459,0.5051477143335893,1,0,fakes,agency_claim,desconhecido,2018-2022,desconhecido,True,hard,v1,False,False,False
1029601223355814321,val_sel,0,-0.4057581126689911,0.5589956641197205,0.9647537767887115,0.7240725801855032,0.6888413055306366,1,1,NEWS_OECO,press_true,oeco,<=2017,pt-BR,False,none,llm_local,False,False,False
150022131496203486,val_sel,0,-0.3116947114467621,0.41303789615631104,0.7247326076030731,0.6736483169653187,0.5961865116467182,1,1,NEWS_OECO,press_true,oeco,<=2017,pt-BR,False,none,llm_local,False,False,False
40627612106123255,val_sel,1,-0.46253278851509094,0.4681191146373749,0.9306519031524658,0.717207523791629,0.6763724935178805,1,1,FC_ESTADAO,agency_claim,estadao,sem_data,pt-BR,False,hard,checker,False,False,False
44205,val_sel,1,-0.22930707037448883,0.24477319419384003,0.47408026456832886,0.616349044499857,0.491638217179332,0,0,fakes,agency_claim,desconhecido,2018-2022,desconhecido,False,false_pure,v1,False,False,False
633064561979899893,val_sel,1,-0.5659315586090088,0.5960662364959717,1.1619977951049805,0.7616955350810906,0.7553986835613198,1,1,FC_BOATOS,agency_claim,boatos,2018-2022,pt-BR,False,false_pure,checker,False,False,False
4882,val_sel,1,-0.37285199761390686,0.3931718170642853,0.7660238146781921,0.6826601380325454,0.6128461327709485,1,1,Fake.br,portal,desconhecido,sem_data,desconhecido,False,none,v1,False,False,False
28697,val_sel,1,-0.20382826030254364,0.36528363823890686,0.5691118985414505,0.6385582251283809,0.5316934548617418,1,0,fakes,agency_claim,desconhecido,2018-2022,desconhecido,False,none,v1,False,False,False
49037,val_sel,0,-0.1941547840833664,0.08179516345262527,0.27594994753599167,0.5685530212262252,0.4090595899831475,0,0,true,press_true,desconhecido,2018-2022,desconhecido,True,none,v1,False,False,False
30113,val_sel,1,-0.24063092470169067,0.4361192286014557,0.6767501533031464,0.6630129797591043,0.5765473392387547,1,1,fakes,agency_claim,desconhecido,sem_data,desconhecido,False,none,v1,False,False,False
1630,val_sel,0,-0.350506454706192,0.5294085144996643,0.8799149692058563,0.7068046003140382,0.6573522418147751,1,1,COVID19.BR,covid,desconhecido,sem_data,desconhecido,False,none,v1,False,False,False
133896908253743411,val_sel,1,-0.6060891151428223,0.7603417634963989,1.3664308786392212,0.7968028962382554,0.8134610459028634,1,1,FC_BOATOS,agency_claim,boatos,<=2017,pt-BR,False,false_pure,checker,False,False,False
494654145226243712,val_sel,1,-0.4717507064342499,0.6858612298965454,1.1576119363307953,0.7608985204619431,0.7540283377994882,1,1,FC_BOATOS,agency_claim,boatos,2018-2022,pt-BR,False,false_pure,checker,False,False,False
33856,val_sel,1,-0.29521921277046204,0.5175116062164307,0.8127308189868927,0.6926911197882474,0.6313758381401791,1,1,fakes,agency_claim,desconhecido,2018-2022,desconhecido,True,false_pure,v1,False,False,False
40885,val_sel,1,-0.28994444012641907,0.20283082127571106,0.4927752614021301,0.6207599947380681,0.49952578548423,0,0,fakes,agency_claim,desconhecido,2018-2022,desconhecido,True,false_pure,v1,False,False,False
34469,val_sel,1,-0.28526896238327026,0.38277751207351685,0.6680464744567871,0.6610655942393596,0.5729569283093899,1,1,fakes,agency_claim,desconhecido,2018-2022,desconhecido,False,none,v1,False,False,False
822999201788172177,val_sel,1,-0.5628105998039246,0.6033449769020081,1.1661555767059326,0.7624494153039154,0.75669299229991,1,1,FC_OBSERVADOR,agency_claim,observador,>=2023,pt-PT,True,false_pure,checker,False,False,False
212560550979788708,val_sel,1,-0.3391207158565521,0.32229945063591003,0.6614201664924622,0.6595793369621292,0.5702182823483403,1,1,FC_POLIGRAFO,agency_claim,poligrafo,2018-2022,pt-BR,True,hard,checker,False,False,False
168101304663625458,val_sel,1,-0.2816453278064728,0.42554137110710144,0.7071866989135742,0.6697792253709272,0.5890371627945769,1,1,FC_TATU,agency_claim,tatu,>=2023,pt-BR,False,false_pure,checker,False,False,False
182015744965577312,val_sel,1,-0.2051544338464737,0.1582571119070053,0.363411545753479,0.589866021498034,0.44516228377757816,0,0,EXT_AVERITECBR,external_claim,ext_averitecbr,2018-2022,pt-BR,False,other,checker,False,False,False
695999586969565800,val_sel,1,-0.4478806257247925,0.5641624927520752,1.0120431184768677,0.7334198004062437,0.7056859168479589,1,1,FC_POLIGRAFO,agency_claim,poligrafo,2018-2022,pt-BR,True,false_pure,checker,False,False,False
750457418157714039,val_sel,0,-0.31875845789909363,0.332285076379776,0.6510435342788696,0.6572455821936781,0.5659210439566316,1,1,NEWS_BRASILDEFATO,press_true,brasildefato,<=2017,pt-BR,False,none,llm_local,False,False,False
48696,val_sel,0,-0.07289222627878189,-0.035901155322790146,0.036991070955991745,0.5092467133762439,0.3162263208950277,0,0,true,press_true,desconhecido,2018-2022,desconhecido,True,none,v1,False,False,False
1127295436995408412,val_sel,0,0.09607980400323868,-0.19587533175945282,-0.2919551357626915,0.4275252849816236,0.20976147123677397,0,0,EXT_LIARBR,external_claim,ext_liarbr,sem_data,pt-BR,False,true_rating,checker,False,False,False
751433163037763424,val_sel,1,-0.48099061846733093,0.5675373673439026,1.0485279858112335,0.7404921318857011,0.7183115804216115,1,1,FC_POLIGRAFO,agency_claim,poligrafo,>=2023,pt-BR,True,false_pure,checker,False,False,False
524424005637229825,val_sel,1,-0.20788206160068512,0.17459744215011597,0.3824795037508011,0.5944709896197745,0.4531245878367056,0,0,EXT_AVERITECBR,external_claim,ext_averitecbr,2018-2022,pt-BR,False,other,checker,False,False,False
947076369169363638,val_sel,1,-0.6989537477493286,0.6292166709899902,1.3281704187393188,0.7905378395563959,0.8034632484380029,1,1,FC_BOATOS,agency_claim,boatos,>=2023,pt-BR,False,false_pure,checker,False,False,False
1124332251833101023,val_sel,1,-0.4557897746562958,0.5347840785980225,0.9905738532543182,0.7292012542097278,0.698104306626597,1,1,FC_BOATOS,agency_claim,boatos,<=2017,pt-BR,False,false_pure,checker,False,False,False
33723,val_sel,1,-0.4846174120903015,0.5791231393814087,1.0637405514717102,0.7434047203903916,0.7234775719567147,1,1,fakes,agency_claim,desconhecido,2018-2022,desconhecido,False,none,v1,False,False,False
914380726766603774,val_sel,1,-0.23780648410320282,0.2677871286869049,0.5055936127901077,0.6237729477327644,0.5049343243430159,1,0,FC_BOATOS_VIRAL,social,boatos,<=2017,pt-BR,False,false_pure,checker,False,False,False
47491,val_sel,0,-0.3269842863082886,0.34392526745796204,0.6709095537662506,0.6617067935805822,0.5741388637447786,1,1,true,press_true,desconhecido,2018-2022,desconhecido,False,none,v1,False,False,False
640863796982281334,val_sel,1,-0.5903109312057495,0.7791725993156433,1.3694835305213928,0.7972966973386963,0.8142415989676418,1,1,FC_AFP,agency_claim,afp,>=2023,pt-BR,False,false_pure,checker,False,False,False
6635,val_sel,0,-0.23380734026432037,0.38479381799697876,0.6186011582612991,0.6499003370450176,0.5524245970069921,1,0,Fake.br,portal,desconhecido,sem_data,desconhecido,False,none,v1,False,False,False
47391,val_sel,0,-0.15106703341007233,0.23689311742782593,0.38796015083789825,0.5957915508463132,0.4554177975261841,0,0,true,press_true,desconhecido,<=2017,desconhecido,False,none,v1,False,False,False
631012210803386092,val_sel,0,-0.31787213683128357,0.22033260762691498,0.5382047444581985,0.6313946968062176,0.5186860342140701,1,0,FC_POLIGRAFO,agency_claim,poligrafo,>=2023,pt-BR,True,true_rating,checker,False,False,False
467898219354844675,val_sel,0,-0.55052649974823,0.718189537525177,1.268716037273407,0.7805228754407959,0.7871338879891654,1,1,FC_G1,agency_claim,g1,>=2023,pt-BR,False,other,checker,False,False,False
15845,val_sel,0,-0.22951002418994904,0.29482436180114746,0.5243343859910965,0.6281607308854723,0.5128393245180572,1,0,FakeWhatsApp.BR_2018,whatsapp,desconhecido,2018-2022,desconhecido,False,none,v1,False,False,False
458439268542293454,val_sel,1,-0.631939709186554,0.6783721446990967,1.3103118538856506,0.7875653356380551,0.7986600057287748,1,1,FC_UOL,agency_claim,uol,sem_data,pt-BR,False,false_pure,checker,False,False,False
1073416993950275988,val_sel,1,-0.3207205533981323,0.19104048609733582,0.5117610394954681,0.6252192124137694,0.5075362574527422,1,0,EXT_LIARBR,external_claim,ext_liarbr,sem_data,pt-BR,False,false_pure,checker,False,False,False
7363,val_sel,0,-0.08285582810640335,0.0935414731502533,0.17639730125665665,0.5439853304280696,0.3691467124803605,0,0,Fake.br,portal,desconhecido,sem_data,desconhecido,False,none,v1,False,False,False
943260850606556431,val_sel,1,-0.4482688903808594,0.5923774242401123,1.0406463146209717,0.7389746936737208,0.7156121167934951,1,1,FC_BOATOS,agency_claim,boatos,2018-2022,pt-BR,False,false_pure,checker,False,False,False
64327581692858578,val_sel,0,-0.09632740169763565,0.09650406986474991,0.19283147156238556,0.5480590412441658,0.3756292796256026,0,0,FC_POLIGRAFO,agency_claim,poligrafo,>=2023,pt-BR,True,true_rating,checker,False,False,False
27549,val_sel,1,-0.18928556144237518,0.2916620075702667,0.4809475690126419,0.6179716044138676,0.49453531199218753,0,0,fakes,agency_claim,desconhecido,2018-2022,desconhecido,False,none,v1,False,False,False
70439930737850158,val_sel,1,-0.3791806995868683,0.5251212120056152,0.9043019115924835,0.7118327438881025,0.6665622374085183,1,1,FC_BOATOS,agency_claim,boatos,<=2017,pt-BR,False,false_pure,checker,False,False,False
30200,val_sel,1,-0.3056732714176178,0.35892072319984436,0.6645939946174622,0.6602916093198974,0.5715305691529483,1,1,fakes,agency_claim,desconhecido,sem_data,desconhecido,False,none,v1,False,False,False
467699866440421180,val_sel,1,-0.4332127273082733,0.5330413579940796,0.9662540853023529,0.7243722282508192,0.6893837989651285,1,1,FC_POLIGRAFO,agency_claim,poligrafo,2018-2022,pt-BR,True,false_pure,checker,False,False,False
28767,val_sel,1,-0.34098926186561584,0.5347296595573425,0.8757189214229584,0.7059342915948404,0.6557552983618627,1,1,fakes,agency_claim,desconhecido,2018-2022,desconhecido,False,none,v1,False,False,False
35444,val_sel,1,-0.1725827008485794,0.14600299298763275,0.31858569383621216,0.5789795362829846,0.4265615873521701,0,0,fakes,agency_claim,desconhecido,2018-2022,desconhecido,True,none,v1,False,False,False
43133,val_sel,1,-0.2016933709383011,0.404254287481308,0.6059476584196091,0.6470158549360064,0.5471384344050476,1,0,fakes,agency_claim,desconhecido,2018-2022,desconhecido,False,none,v1,False,False,False
1019369929961811879,val_sel,1,-0.28875458240509033,0.2158520370721817,0.504606619477272,0.6235412916070284,0.5045179000686124,1,0,EXT_LIARBR,external_claim,ext_liarbr,sem_data,pt-BR,False,false_pure,checker,False,False,False
48332,val_sel,0,-0.0719667449593544,-0.005068350117653608,0.06689839484170079,0.5167183640682148,0.32724077664956214,0,0,true,press_true,desconhecido,2018-2022,desconhecido,True,hard,v1,False,False,False
34515398994819513,val_sel,1,-0.39588138461112976,0.514379620552063,0.9102610051631927,0.7130535695123286,0.6687938856821596,1,1,FC_BOATOS,agency_claim,boatos,2018-2022,pt-BR,False,false_pure,checker,False,False,False
42479,val_sel,1,-0.5661393404006958,0.6127787232398987,1.1789180636405945,0.7647532129652405,0.7606368284083598,1,1,fakes,agency_claim,desconhecido,2018-2022,desconhecido,False,hard,v1,False,False,False
50675,val_sel,0,-0.1170458197593689,0.20099304616451263,0.31803886592388153,0.5788462345363482,0.4263358463848995,0,0,MuMiN-PT,social,desconhecido,sem_data,desconhecido,False,none,v1,False,False,False
31395700442294619,val_sel,1,-0.37590160965919495,0.6565514802932739,1.0324530899524689,0.7373912020130978,0.7127894853918431,1,1,FC_AFP,agency_claim,afp,2018-2022,pt-BR,False,false_pure,checker,False,False,False
124110356243574263,val_sel,1,-0.166129931807518,0.047207433730363846,0.21333736553788185,0.5531329747369328,0.3837806611127092,0,0,EXT_LIARBR,external_claim,ext_liarbr,sem_data,pt-BR,False,false_pure,checker,False,False,False
985275079135646517,val_sel,1,-0.33609867095947266,0.5358866453170776,0.8719853162765503,0.705158633031463,0.6543313863972533,1,1,FC_BOATOS,agency_claim,boatos,2018-2022,pt-BR,False,false_pure,checker_match,False,False,False
755957054871743713,val_sel,1,-0.47592487931251526,0.5381089448928833,1.0140338242053986,0.733808832728309,0.7063832651832089,1,1,FC_G1,agency_claim,g1,>=2023,pt-BR,False,false_pure,checker,False,False,False
47711,val_sel,0,-0.2072141319513321,0.2894855737686157,0.4966997057199478,0.62168343691984,0.5011817011441926,1,0,true,press_true,desconhecido,2018-2022,desconhecido,False,none,v1,False,False,False
832064702843755110,val_sel,1,-0.27919140458106995,0.39337408542633057,0.6725654900074005,0.662077377101777,0.5748220811932755,1,1,FC_BOATOS,agency_claim,boatos,2018-2022,pt-BR,False,false_pure,checker,False,False,False
24849,val_sel,1,-0.34906598925590515,0.47078317403793335,0.8198491632938385,0.6942043207238665,0.6341676183962761,1,1,fakes,agency_claim,desconhecido,2018-2022,desconhecido,False,none,v1,False,False,False
43829,val_sel,1,-0.2529996335506439,0.4516684114933014,0.7046680450439453,0.6692219240486044,0.588007729673173,1,1,fakes,agency_claim,desconhecido,2018-2022,desconhecido,False,false_pure,v1,False,False,False
655603265084784727,val_sel,1,-0.1666845828294754,0.19268491864204407,0.35936950147151947,0.588887799580461,0.44347789661116094,0,0,FC_POLIGRAFO,agency_claim,poligrafo,>=2023,pt-BR,True,false_pure,checker,False,False,False
11060,val_sel,1,-0.13553988933563232,0.4183112382888794,0.5538511276245117,0.6350286196362707,0.5252751652978119,1,0,FakeWhatsApp.BR_2018,whatsapp,desconhecido,2018-2022,desconhecido,False,none,v1,False,False,False
7511,val_sel,0,0.009134679101407528,-0.02093830332159996,-0.030072982423007488,0.49248232095826555,0.2922752102698985,0,0,Fake.br,portal,desconhecido,sem_data,desconhecido,False,none,v1,False,False,False
1628,val_sel,0,-0.23103870451450348,0.36766520142555237,0.5987039059400558,0.6453597243822609,0.5441073928814338,1,0,COVID19.BR,covid,desconhecido,sem_data,desconhecido,False,none,v1,False,False,False
3515,val_sel,0,-0.37755683064460754,0.525528073310852,0.9030849039554596,0.7115830385543657,0.6661055511986501,1,1,Fake.br,portal,desconhecido,sem_data,desconhecido,False,none,v1,False,False,False
34487,val_sel,1,-0.3525128662586212,0.5113089084625244,0.8638217747211456,0.703458513681087,0.6512083679057261,1,1,fakes,agency_claim,desconhecido,2018-2022,desconhecido,False,false_pure,v1,False,False,False
4059,val_sel,0,-0.0021928369533270597,0.10169518738985062,0.10388802434317768,0.5259486722164725,0.34113053474906996,0,0,Fake.br,portal,desconhecido,sem_data,desconhecido,False,none,v1,False,False,False
42562635242747668,val_sel,1,-0.38398340344429016,0.4933459162712097,0.8773293197154999,0.706268484992699,0.6563686067945783,1,1,FC_BOATOS,agency_claim,boatos.org,>=2023,pt-BR,False,false_pure,checker_match,False,False,False
415314283301360146,val_sel,1,-0.563063383102417,0.6524989604949951,1.215562343597412,0.7712816616198536,0.771715312703271,1,1,FC_BOATOS,agency_claim,boatos,<=2017,pt-BR,False,false_pure,checker,False,False,False
751710197585642432,val_sel,1,-0.5058090090751648,0.5846109390258789,1.0904199481010437,0.7484607923238829,0.7323948220654457,1,1,FC_EFARSAS,agency_claim,efarsas,2018-2022,pt-BR,False,false_pure,checker,False,False,False
5112,val_sel,1,-0.27072688937187195,0.33847981691360474,0.6092067062854767,0.6477598198290887,0.5485010093064302,1,0,Fake.br,portal,desconhecido,sem_data,desconhecido,False,none,v1,False,False,False
13562,val_sel,0,-0.2805248498916626,0.37302401661872864,0.6535488665103912,0.6578097454245174,0.5669595017751364,1,1,FakeWhatsApp.BR_2018,whatsapp,desconhecido,2018-2022,desconhecido,False,none,v1,False,False,False
2999,val_sel,0,-0.26919877529144287,0.2976059019565582,0.5668046772480011,0.6380255446668134,0.5307237166817007,1,0,Fake.br,portal,desconhecido,sem_data,desconhecido,False,none,v1,False,False,False
311079937940443754,val_sel,1,-0.19318972527980804,0.17426952719688416,0.3674592524766922,0.590844901891238,0.4468502939744228,0,0,EXT_LIARBR,external_claim,ext_liarbr,sem_data,pt-BR,False,false_pure,checker,False,False,False
1043638527570985045,val_sel,1,-0.5729073286056519,0.6978502869606018,1.2707576155662537,0.7808724116185735,0.7877106702804114,1,1,FC_EFARSAS,agency_claim,efarsas,2018-2022,pt-BR,False,false_pure,checker,False,False,False
678708624236641606,val_sel,1,-0.33041098713874817,0.4326629340648651,0.7630739212036133,0.6820207429912284,0.6116641661616613,1,1,FC_BOATOS_VIRAL,social,boatos,<=2017,pt-BR,False,false_pure,checker,False,False,False
486483523539322624,val_sel,1,-0.3497442305088043,0.5226383209228516,0.8723825514316559,0.7052412154356171,0.6544830149790796,1,1,FC_OBSERVADOR,agency_claim,observador,>=2023,pt-PT,True,false_pure,checker,False,False,False
483460935244774535,val_sel,1,-0.32254758477211,0.42921873927116394,0.7517663240432739,0.6795634504727196,0.6071213539369589,1,1,FC_AOSFATOS,agency_claim,aosfatos,>=2023,pt-BR,False,false_pure,checker,False,False,False
1021356727130703779,val_sel,1,-0.5443289279937744,0.6238068342208862,1.1681357622146606,0.7628078806949687,0.7573077840433085,1,1,FC_ESTADAO,agency_claim,estadao,sem_data,pt-BR,False,false_pure,checker,False,False,False
786555952002836171,val_sel,1,-0.36798450350761414,0.4985177218914032,0.8665022253990173,0.7040173630026298,0.6522352409850115,1,1,FC_POLIGRAFO,agency_claim,poligrafo,>=2023,pt-BR,True,other,checker,False,False,False
391343976398054307,val_sel,1,-0.3791550099849701,0.5170602798461914,0.8962152898311615,0.7101711230063908,0.6635218779524308,1,1,FC_COMPROVA,agency_claim,comprova,>=2023,pt-BR,False,false_pure,checker,False,False,False
4209,val_sel,0,-0.3448708951473236,0.321441113948822,0.6663120090961456,0.6606768651185556,0.5722405005770536,1,1,Fake.br,portal,desconhecido,sem_data,desconhecido,False,none,v1,False,False,False
828151769552655457,val_sel,0,-0.48696061968803406,0.5432448983192444,1.0302055180072784,0.7369557378458207,0.7120122616559058,1,1,FC_POLIGRAFO,agency_claim,poligrafo,2018-2022,pt-BR,True,true_rating,checker,False,False,False
32771,val_sel,1,-0.3744085133075714,0.5298352241516113,0.9042437374591827,0.7118208106620885,0.6665404144734438,1,1,fakes,agency_claim,desconhecido,2018-2022,desconhecido,False,false_pure,v1,False,False,False
14137,val_sel,0,-0.13860288262367249,0.30954787135124207,0.44815075397491455,0.6101994692875182,0.4807060738870989,0,0,FakeWhatsApp.BR_2018,whatsapp,desconhecido,2018-2022,desconhecido,False,none,v1,False,False,False
855753898377897698,val_sel,1,-0.5178732872009277,0.6060346364974976,1.1239079236984253,0.754712876468072,0.7433260217312764,1,1,FC_BOATOS,agency_claim,boatos,2018-2022,pt-BR,False,false_pure,checker,False,False,False
7321,val_sel,0,-0.4082787036895752,0.39754149317741394,0.8058201968669891,0.6912180991079507,0.6286570797604776,1,1,Fake.br,portal,desconhecido,sem_data,desconhecido,False,none,v1,False,False,False
201240892820949136,val_sel,1,-0.6565181016921997,0.7267969250679016,1.3833150267601013,0.7995228804057201,0.8177466768250908,1,1,FC_BOATOS,agency_claim,boatos,>=2023,pt-BR,False,false_pure,checker,False,False,False
39678,val_sel,1,-0.31411245465278625,0.4750594198703766,0.7891718745231628,0.6876534883317471,0.6220740732513615,1,1,fakes,agency_claim,desconhecido,2018-2022,desconhecido,False,false_pure,v1,False,False,False
33806,val_sel,1,-0.4275048077106476,0.47221165895462036,0.8997164666652679,0.7108912329527851,0.6648399102578102,1,1,fakes,agency_claim,desconhecido,2018-2022,desconhecido,False,other,v1,False,False,False
48175,val_sel,0,-0.20299480855464935,0.23342563211917877,0.4364204406738281,0.6074057636671252,0.47576589054064117,0,0,true,press_true,desconhecido,2018-2022,desconhecido,True,none,v1,False,False,False
90138151600313469,val_sel,1,-0.2733507454395294,0.3877513110637665,0.6611020565032959,0.6595079066899073,0.5700866982550605,1,1,FC_POLIGRAFO,agency_claim,poligrafo,>=2023,pt-BR,True,false_pure,checker,False,False,False
40240,val_sel,1,-0.3712713420391083,0.3440394699573517,0.71531081199646,0.6715735913526328,0.59235232792694,1,1,fakes,agency_claim,desconhecido,2018-2022,desconhecido,False,none,v1,False,False,False
754319273901427984,val_sel,1,-0.4388081729412079,0.5068890452384949,0.9456972181797028,0.7202490311158909,0.6819058586613124,1,1,FC_POLIGRAFO,agency_claim,poligrafo,>=2023,pt-BR,True,false_pure,checker,False,False,False
744431778860198174,val_sel,1,-0.524686336517334,0.5338645577430725,1.0585508942604065,0.7424135219368603,0.7217218209747763,1,1,FC_G1,agency_claim,g1,>=2023,pt-BR,False,false_pure,checker,False,False,False
910823845990341342,val_sel,1,-0.38276898860931396,0.40028467774391174,0.7830536663532257,0.6863378754866521,0.6196433381824586,1,1,FC_BOATOS,agency_claim,boatos.org,>=2023,pt-BR,False,false_pure,checker_match,False,False,False
718809828138807829,val_sel,1,-0.2016303390264511,0.10845368355512619,0.3100840225815773,0.5769057699586082,0.42305545239728637,0,0,FC_POLIGRAFO,agency_claim,poligrafo,>=2023,pt-BR,True,other,checker,False,False,False
906502000441747446,val_sel,1,-0.26076874136924744,0.45425477623939514,0.7150235176086426,0.6715102218602483,0.5922352345594474,1,1,FC_BOATOS,agency_claim,boatos,2018-2022,pt-BR,False,false_pure,checker,False,False,False
29551,val_sel,1,-0.4232834279537201,0.5209190249443054,0.9442024528980255,0.7199477511832886,0.6813583728544266,1,1,fakes,agency_claim,desconhecido,sem_data,desconhecido,False,none,v1,False,False,False
749178710067567444,val_sel,1,-0.5400646924972534,0.7533037662506104,1.2933684587478638,0.7847167900426619,0.7940222446165487,1,1,FC_EFARSAS,agency_claim,efarsas,<=2017,pt-BR,False,false_pure,checker,False,False,False
35384,val_sel,1,-0.25326013565063477,0.3240460455417633,0.5773061811923981,0.640447323399799,0.5351355739171184,1,0,fakes,agency_claim,desconhecido,2018-2022,desconhecido,True,none,v1,False,False,False
798948066783039497,val_sel,1,-0.5810999870300293,0.6476085186004639,1.2287085056304932,0.7735924526156883,0.7756006201145578,1,1,FC_EFARSAS,agency_claim,efarsas,<=2017,pt-BR,False,false_pure,checker,False,False,False
48233,val_sel,0,-0.08783438801765442,-0.12217557430267334,-0.03434118628501892,0.4914155470614913,0.2907873199642454,0,0,true,press_true,desconhecido,2018-2022,desconhecido,True,none,v1,False,False,False
555616361757771643,val_sel,1,-0.5698337554931641,0.7217085361480713,1.2915422916412354,0.784408123635784,0.7935176907233377,1,1,FC_EFARSAS,agency_claim,efarsas,2018-2022,pt-BR,False,hard,checker,False,False,False
6436,val_sel,1,-0.24110500514507294,0.35830724239349365,0.5994122475385666,0.6455218262163875,0.5444039358417612,1,0,Fake.br,portal,desconhecido,sem_data,desconhecido,False,none,v1,False,False,False
40664,val_sel,1,-0.34758010506629944,0.31762364506721497,0.6652037501335144,0.660428368135658,0.571782570976958,1,1,fakes,agency_claim,desconhecido,2018-2022,desconhecido,True,none,v1,False,False,False
1184320426495925,val_sel,1,-0.4867437779903412,0.5445515513420105,1.0312953293323517,0.7371669453646521,0.7123892813026974,1,1,FC_POLIGRAFO,agency_claim,poligrafo,>=2023,pt-BR,True,false_pure,checker,False,False,False
425,val_sel,0,-0.19078949093818665,0.19589762389659882,0.38668711483478546,0.5954849359018195,0.4548849622002232,0,0,COVID19.BR,covid,desconhecido,sem_data,desconhecido,False,none,v1,False,False,False
1143070531108953120,val_sel,0,-0.17137028276920319,0.1570264846086502,0.3283967673778534,0.5813692345921881,0.43061689890031735,0,0,FC_POLIGRAFO,agency_claim,poligrafo,2018-2022,pt-BR,True,true_rating,checker,False,False,False
44414,val_sel,1,-0.16630633175373077,0.28494706749916077,0.45125339925289154,0.6109371994925227,0.48201341378340945,0,0,fakes,agency_claim,desconhecido,2018-2022,desconhecido,False,false_pure,v1,False,False,False
4709,val_sel,0,-0.13824200630187988,0.18340937793254852,0.3216513842344284,0.5797266543372215,0.4278277268473142,0,0,Fake.br,portal,desconhecido,sem_data,desconhecido,False,none,v1,False,False,False
554925620180137456,val_sel,1,-0.600744366645813,0.7282963991165161,1.329040765762329,0.7906819219306297,0.8036951102638237,1,1,FC_BOATOS,agency_claim,boatos,>=2023,pt-BR,False,false_pure,checker,False,False,False
42854646597521487,val_sel,1,-0.34750625491142273,0.3551045060157776,0.7026107609272003,0.668766357090658,0.5871662970954269,1,1,FC_G1,agency_claim,g1,2018-2022,pt-BR,False,false_pure,checker,False,False,False
61600968327520753,val_sel,1,-0.41112422943115234,0.029063064604997635,0.44018729403615,0.608303658261116,0.477351818276266,0,0,EXT_LIARBR,external_claim,ext_liarbr,sem_data,pt-BR,False,false_pure,checker,False,False,False
1060391108423940232,val_sel,1,-0.28542211651802063,0.24917037785053253,0.5345924943685532,0.6305535999194841,0.5171638065509808,1,0,FC_BOATOS,agency_claim,boatos,2018-2022,pt-BR,False,false_pure,checker,False,False,False
7866,val_sel,1,-0.5636458396911621,0.6390913724899292,1.2027372121810913,0.7690113603865634,0.7678794663130952,1,1,Fake.br,portal,desconhecido,sem_data,desconhecido,False,none,v1,False,False,False
40256880198586696,val_sel,1,-0.6112937331199646,0.6109312176704407,1.2222249507904053,0.7724548624034622,0.7736903224344496,1,1,FC_BOATOS,agency_claim,boatos,>=2023,pt-BR,False,false_pure,checker,False,False,False
124028780146112940,val_sel,1,0.014004911296069622,-0.08004575222730637,-0.09405066352337599,0.4765046506292977,0.2704499559617235,0,0,EXT_LIARBR,external_claim,ext_liarbr,sem_data,pt-BR,False,false_pure,checker,False,False,False
14812,val_sel,0,-0.2066809982061386,0.29394233226776123,0.5006233304738998,0.6226058049916767,0.5028372450785143,1,0,FakeWhatsApp.BR_2018,whatsapp,desconhecido,2018-2022,desconhecido,False,none,v1,False,False,False
39062,val_sel,1,-0.4664284288883209,0.4619872272014618,0.9284156560897827,0.7167537459442517,0.6755457696414513,1,1,fakes,agency_claim,desconhecido,2018-2022,desconhecido,False,false_pure,v1,False,False,False
1059,val_sel,1,-0.2638871371746063,0.47435811161994934,0.7382452487945557,0.6766120213493111,0.6016649075445352,1,1,COVID19.BR,covid,desconhecido,sem_data,desconhecido,False,none,v1,False,False,False
26446,val_sel,1,-0.16840560734272003,0.1244477704167366,0.29285337775945663,0.5726945431001907,0.41597351182750403,0,0,fakes,agency_claim,desconhecido,2018-2022,desconhecido,False,none,v1,False,False,False
493755831452678066,val_sel,1,-0.5256428718566895,0.6317391395568848,1.1573820114135742,0.7608566872613688,0.7539563560762459,1,1,FC_BEREIA,agency_claim,bereia,2018-2022,pt-BR,False,false_pure,checker,False,False,False
363290776826183535,val_sel,1,-0.4391040802001953,0.3499653935432434,0.7890694737434387,0.6876314936380097,0.62203343997323,1,1,FC_AFP,agency_claim,afp,>=2023,pt-BR,False,false_pure,checker,False,False,False
25971,val_sel,1,-0.4736083745956421,0.5744340419769287,1.0480424165725708,0.740398812288938,0.7181457243558277,1,1,fakes,agency_claim,desconhecido,2018-2022,desconhecido,False,none,v1,False,False,False
34455,val_sel,1,-0.46829983592033386,0.49155116081237793,0.9598509967327118,0.7230919711960727,0.6870649050724941,1,1,fakes,agency_claim,desconhecido,sem_data,desconhecido,False,other,v1,False,False,False
1137,val_sel,1,-0.4572143256664276,0.5560038089752197,1.0132181346416473,0.7336494709042978,0.7060976442026478,1,1,COVID19.BR,covid,desconhecido,sem_data,desconhecido,False,none,v1,False,False,False
326936571705125877,val_sel,1,-0.5213261842727661,0.6838671565055847,1.2051933407783508,0.7694473613060091,0.7686175332224666,1,1,FC_BOATOS,agency_claim,boatos.org,>=2023,pt-BR,False,false_pure,checker_match,False,False,False
779114234553370927,val_sel,1,-0.33004364371299744,0.31957074999809265,0.6496143937110901,0.6569235619172914,0.5653284066025646,1,1,FC_LUPA,agency_claim,lupa,>=2023,pt-BR,False,false_pure,checker_match,False,False,False
425196919322176234,val_sel,1,-0.31854408979415894,0.3210603892803192,0.6396044790744781,0.6546640470889755,0.5611723414668968,1,1,FC_ESTADAO,agency_claim,estadao,sem_data,pt-BR,False,hard,checker,False,False,False
41488,val_sel,1,-0.37351199984550476,0.4188160300254822,0.7923280298709869,0.6883309850265179,0.6233256124541834,1,1,fakes,agency_claim,desconhecido,2018-2022,desconhecido,True,none,v1,False,False,False
864209640859863664,val_sel,0,-0.18872584402561188,0.23255236446857452,0.4212782084941864,0.6037890734369852,0.4693959320098046,0,0,EXT_LIARBR,external_claim,ext_liarbr,sem_data,pt-BR,False,true_rating,checker,False,False,False
629233340849168306,val_sel,1,-0.5273725986480713,0.3230002820491791,0.8503728806972504,0.7006453568594921,0.6460350672023902,1,1,FC_OBSERVADOR,agency_claim,observador,>=2023,pt-PT,True,false_pure,checker,False,False,False
341785849422043675,val_sel,1,-0.29610249400138855,0.38020041584968567,0.6763029098510742,0.6629130463157757,0.5763630374495531,1,1,FC_POLIGRAFO,agency_claim,poligrafo,2018-2022,pt-BR,True,other,checker,False,False,False
15100,val_sel,0,-0.26402708888053894,0.36836162209510803,0.632388710975647,0.6530308976770695,0.558171025181285,1,0,FakeWhatsApp.BR_2018,whatsapp,desconhecido,2018-2022,desconhecido,False,none,v1,False,False,False
338134256146712025,val_sel,1,-0.5851315259933472,0.6531587243080139,1.238290250301361,0.775266267377467,0.7784027241538335,1,1,FC_G1,agency_claim,g1,>=2023,pt-BR,False,false_pure,checker,False,False,False
2428,val_sel,1,-0.43091797828674316,0.536996603012085,0.9679145812988281,0.7247036345234207,0.6899836078937884,1,1,Fake.br,portal,desconhecido,sem_data,desconhecido,False,none,v1,False,False,False
37695105858869703,val_sel,1,-0.5130224823951721,0.4863560199737549,0.999378502368927,0.7309363672333435,0.7012269710474652,1,1,FC_BOATOS,agency_claim,boatos,>=2023,pt-BR,False,false_pure,checker,False,False,False
453729407311361893,val_sel,0,-0.1152944341301918,-0.012859928421676159,0.10243450570851564,0.5255862576553877,0.340579356871405,0,0,EXT_AVERITECBR,external_claim,ext_averitecbr,2018-2022,pt-BR,False,other,checker,False,False,False
366121578272242539,val_sel,1,-0.645219087600708,0.9165315628051758,1.5617506504058838,0.8266044164114021,0.8584309194691326,1,1,FC_G1,agency_claim,g1,2018-2022,pt-BR,False,false_pure,checker,False,False,False
15050,val_sel,0,-0.3283035457134247,0.39797455072402954,0.7262780964374542,0.6739879956808339,0.5968143390817883,1,1,FakeWhatsApp.BR_2018,whatsapp,desconhecido,2018-2022,desconhecido,False,none,v1,False,False,False
27026,val_sel,1,-0.2883358895778656,0.21182578802108765,0.5001616775989532,0.6224973252854634,0.5026424566497925,1,0,fakes,agency_claim,desconhecido,<=2017,desconhecido,False,none,v1,False,False,False
38829,val_sel,1,-0.2930929362773895,0.3629690110683441,0.6560619473457336,0.6583752055272968,0.5680005807568173,1,1,fakes,agency_claim,desconhecido,2018-2022,desconhecido,False,none,v1,False,False,False
47563,val_sel,0,-0.24000689387321472,0.2957718074321747,0.5357787013053894,0.6308298908352645,0.5176637190313693,1,0,true,press_true,desconhecido,2018-2022,desconhecido,False,none,v1,False,False,False
980283113231687061,val_sel,0,-0.4442329704761505,0.6315934658050537,1.0758264362812042,0.7457033629407968,0.7275397996134879,1,1,NEWS_PODER360,press_true,poder360,<=2017,pt-BR,False,none,llm_local,False,False,False
34740,val_sel,1,-0.5209546089172363,0.5607712268829346,1.081725835800171,0.7468204427809576,0.7295090542347485,1,1,fakes,agency_claim,desconhecido,sem_data,desconhecido,False,false_pure,v1,False,False,False
903483781133756018,val_sel,1,-0.24671517312526703,0.33067789673805237,0.5773930698633194,0.6404673314051632,0.5351720553340843,1,0,FC_BOATOS_VIRAL,social,boatos,>=2023,pt-BR,False,false_pure,checker,False,False,False
195355381360903365,val_sel,0,-0.2769435942173004,0.21403662860393524,0.49098022282123566,0.6203373205888841,0.4987683718882137,0,0,NEWS_PODER360,press_true,poder360,2018-2022,pt-BR,False,none,llm_local,False,False,False
44746,val_sel,1,-0.5173330903053284,0.5336508750915527,1.050983965396881,0.740963802776983,0.7191495607142215,1,1,fakes,agency_claim,desconhecido,2018-2022,desconhecido,False,none,v1,False,False,False
271348220866720122,val_sel,1,-0.19810332357883453,0.3471439480781555,0.54524727165699,0.6330322203761628,0.5216527820635743,1,0,FC_BOATOS,agency_claim,boatos.org,2018-2022,pt-BR,False,false_pure,checker_match,False,False,False
1067231922548342874,val_sel,1,-0.4026162326335907,0.44921794533729553,0.8518341779708862,0.7009517615619058,0.6465988592395499,1,1,FC_EFARSAS,agency_claim,efarsas,2018-2022,pt-BR,False,false_pure,checker,False,False,False
7903,val_sel,0,-0.2981617748737335,0.14391443133354187,0.4420762062072754,0.6087536377752155,0.47814726560705095,0,0,Fake.br,portal,desconhecido,sem_data,desconhecido,False,none,v1,False,False,False
7684,val_sel,1,-0.29147496819496155,0.37676331400871277,0.6682382822036743,0.661108568947635,0.5730361365170163,1,1,Fake.br,portal,desconhecido,sem_data,desconhecido,False,none,v1,False,False,False
687210156875076575,val_sel,1,-0.13277879357337952,0.10100028663873672,0.23377908021211624,0.5581800366266887,0.3919720593144419,0,0,FC_POLIGRAFO,agency_claim,poligrafo,>=2023,pt-BR,True,other,checker,False,False,False
1445,val_sel,0,-0.33888617157936096,0.40609827637672424,0.7449844479560852,0.6780848547709232,0.6043877693084418,1,1,COVID19.BR,covid,desconhecido,sem_data,desconhecido,False,none,v1,False,False,False
94312032338018696,val_sel,1,-0.6041997075080872,0.6214792728424072,1.2256789803504944,0.7730614000773242,0.7747094378722159,1,1,FC_AFP,agency_claim,afp,>=2023,pt-BR,False,hard,checker,False,False,False
12404,val_sel,0,-0.40752843022346497,0.4678950011730194,0.8754234313964844,0.7058729467723158,0.655642706688068,1,1,FakeWhatsApp.BR_2018,whatsapp,desconhecido,2018-2022,desconhecido,False,none,v1,False,False,False
128922610925098396,val_sel,0,-0.26907244324684143,0.4011729061603546,0.670245349407196,0.6615580948627282,0.5738647420713284,1,1,NEWS_BRASILDEFATO,press_true,brasildefato,<=2017,pt-BR,False,none,llm_local,False,False,False
108965246876227274,val_sel,1,-0.29312288761138916,0.47100141644477844,0.7641243040561676,0.6822484943263931,0.6120851861329221,1,1,FC_ESTADAO,agency_claim,estadao,sem_data,pt-BR,False,hard,checker,False,False,False
31319,val_sel,1,-0.4500860869884491,0.4995589852333069,0.949645072221756,0.7210437935780386,0.6833494163528532,1,1,fakes,agency_claim,desconhecido,sem_data,desconhecido,False,none,v1,False,False,False
319448579399417626,val_sel,1,-0.5238325595855713,0.5324385166168213,1.0562710762023926,0.7419772984765096,0.7209483572160584,1,1,FC_AFP,agency_claim,afp,>=2023,pt-BR,False,false_pure,checker,False,False,False
46025,val_sel,0,-0.2887215316295624,0.32884714007377625,0.6175686717033386,0.6496653791495582,0.5519936897182076,1,0,COVID19.BR_raw,covid,desconhecido,sem_data,desconhecido,False,none,v1,False,True,False
942361266248507553,val_sel,1,-0.1999632567167282,0.24285125732421875,0.44281451404094696,0.608929468379653,0.47845820771190783,0,0,FC_POLIGRAFO,agency_claim,poligrafo,2018-2022,pt-BR,True,other,checker,False,False,False
32187,val_sel,1,-0.4100688397884369,0.6271402835845947,1.0372091233730316,0.7383111457013171,0.7144300133921262,1,1,fakes,agency_claim,desconhecido,2018-2022,desconhecido,False,false_pure,v1,False,False,False
1089302057285629495,val_sel,1,-0.3061295747756958,0.387111097574234,0.6932406723499298,0.6666874422962563,0.5833275399249334,1,1,FC_AFP,agency_claim,afp,>=2023,pt-BR,False,hard,checker,False,False,False
99829315308616778,val_sel,1,-0.5884779691696167,0.7013044357299805,1.2897824048995972,0.7841103566720456,0.7930305849103247,1,1,FC_G1,agency_claim,g1,>=2023,pt-BR,False,false_pure,checker,False,False,False
551695573211560176,val_sel,1,-0.5722396373748779,0.7125370502471924,1.2847766876220703,0.783261777260227,0.7916404498236714,1,1,FC_EFARSAS,agency_claim,efarsas,2018-2022,pt-BR,False,false_pure,checker,False,False,False
138712634310493033,val_sel,1,-0.4199000895023346,0.6781744956970215,1.098074585199356,0.749899167047481,0.7349193316666234,1,1,FC_EFARSAS,agency_claim,efarsas,<=2017,pt-BR,False,false_pure,checker,False,False,False
38465,val_sel,1,-0.19356058537960052,0.14906160533428192,0.34262219071388245,0.5848273434586346,0.43651326813166563,0,0,fakes,agency_claim,desconhecido,2018-2022,desconhecido,True,none,v1,False,False,False
147477251531568070,val_sel,1,-0.3438113331794739,0.4708477556705475,0.8146590888500214,0.6931014382639599,0.6321329746416536,1,1,FC_BOATOS,agency_claim,boatos,<=2017,pt-BR,False,false_pure,checker,False,False,False
926692633087773082,val_sel,1,-0.26690176129341125,0.287797212600708,0.5546989738941193,0.6352251001476017,0.5256319866211641,1,0,FC_BOATOS_VIRAL,social,boatos,>=2023,pt-BR,False,false_pure,checker,False,False,False
490554965790996638,val_sel,1,-0.43893903493881226,0.5080978870391846,0.9470369219779968,0.7205188888553827,0.6823961235003843,1,1,FC_BOATOS,agency_claim,boatos,<=2017,pt-BR,False,false_pure,checker,False,False,False
47773,val_sel,0,-0.3239488899707794,0.4242520332336426,0.748200923204422,0.6787865630464837,0.6056850654567792,1,1,true,press_true,desconhecido,2018-2022,desconhecido,False,none,v1,False,False,False
60728917738645573,val_sel,0,-0.3253030478954315,0.36967581510543823,0.6949788630008698,0.6670735828717806,0.5840404239272116,1,1,NEWS_BRASILDEFATO,press_true,brasildefato,<=2017,pt-BR,False,none,llm_local,False,False,False
333938602246593953,val_sel,1,-0.5777984857559204,0.6273859739303589,1.2051844596862793,0.7694457858132064,0.7686148674105654,1,1,FC_BOATOS,agency_claim,boatos.org,>=2023,pt-BR,False,false_pure,checker_match,False,False,False
1006136796715948952,val_sel,1,-0.36929747462272644,0.6126381158828735,0.9819355905056,0.7274921109302093,0.6950227314935703,1,1,FC_G1,agency_claim,g1,2018-2022,pt-BR,False,false_pure,checker,False,False,False
505565715666845663,val_sel,1,-0.19192083179950714,0.18567191064357758,0.3775927424430847,0.5932923707308252,0.451081545040025,0,0,FC_POLIGRAFO,agency_claim,poligrafo,>=2023,pt-BR,True,other,checker,False,False,False
1100057380781654180,val_sel,1,-0.13990694284439087,0.38207191228866577,0.5219788551330566,0.6276103722812831,0.5118460150252893,1,0,FC_BOATOS,agency_claim,boatos,>=2023,pt-BR,False,false_pure,checker,False,False,False
337094918921861165,val_sel,1,-0.3363906443119049,0.38032734394073486,0.7167179882526398,0.6718838867023688,0.5929257029366465,1,1,FC_BOATOS,agency_claim,boatos,2018-2022,pt-BR,False,false_pure,checker,False,False,False
118205084143706368,val_sel,1,-0.4517711102962494,0.5035617351531982,0.9553328454494476,0.7221863906379542,0.6854229876503678,1,1,FC_GFC,agency_claim,BOL - UOL,sem_data,pt-BR,False,false_pure,checker,False,False,False
954691464824896314,val_sel,1,-0.44661709666252136,0.4077766537666321,0.8543937504291534,0.7014880189014292,0.6475854006611478,1,1,EXT_AVERITECBR,external_claim,ext_averitecbr,2018-2022,pt-BR,False,other,checker,False,False,False
7339,val_sel,0,-0.3351709842681885,0.48977240920066833,0.8249433934688568,0.6952846765999658,0.6361600436705327,1,1,Fake.br,portal,desconhecido,sem_data,desconhecido,False,none,v1,False,False,False
935738587195472537,val_sel,0,-0.04659372940659523,0.11168477684259415,0.15827850624918938,0.539487224517995,0.36205405124700907,0,0,NEWS_PODER360,press_true,poder360,<=2017,pt-BR,False,none,llm_local,False,False,False
2676,val_sel,1,-0.4955607056617737,0.46352100372314453,0.9590817093849182,0.7229379103790641,0.6867856720936134,1,1,Fake.br,portal,desconhecido,sem_data,desconhecido,False,none,v1,False,False,False
589750616830608660,val_sel,0,-0.15191109478473663,0.06734312325716019,0.21925421804189682,0.5545950200165193,0.38614511327032364,0,0,FC_POLIGRAFO,agency_claim,poligrafo,>=2023,pt-BR,True,true_rating,checker,False,False,False
865752229142358178,val_sel,1,-0.0989147201180458,-0.09205418825149536,0.0068605318665504456,0.5017151262395037,0.3053343793906473,0,0,EXT_LIARBR,external_claim,ext_liarbr,sem_data,pt-BR,False,false_pure,checker,False,False,False
43175,val_sel,1,-0.39329013228416443,0.645007848739624,1.0382979810237885,0.7385214668937978,0.7148048075168756,1,1,fakes,agency_claim,desconhecido,2018-2022,desconhecido,False,none,v1,False,False,False
161988089063319142,val_sel,1,-0.31670594215393066,0.373986154794693,0.6906920969486237,0.6661208694753405,0.5822816633523159,1,1,EXT_LIARBR,external_claim,ext_liarbr,sem_data,pt-BR,False,false_pure,checker,False,False,False
972998971263279884,val_sel,1,-0.39637497067451477,0.4171929359436035,0.8135679066181183,0.6928692819952468,0.6317046009270876,1,1,FC_BOATOS,agency_claim,boatos,>=2023,pt-BR,False,false_pure,checker,False,False,False
25082,val_sel,1,-0.015809107571840286,-0.0931537076830864,-0.07734460011124611,0.4806734835816027,0.2760491810264408,0,0,fakes,agency_claim,desconhecido,2018-2022,desconhecido,False,none,v1,False,False,False
28732,val_sel,1,-0.26613694429397583,0.31578466296195984,0.5819216072559357,0.6415094481761532,0.5370728946842404,1,0,fakes,agency_claim,desconhecido,<=2017,desconhecido,False,none,v1,False,False,False
349158658387489693,val_sel,1,-0.6298577785491943,0.6790307760238647,1.308888554573059,0.7873271114073388,0.7982734426558191,1,1,FC_G1,agency_claim,g1,>=2023,pt-BR,False,false_pure,checker,False,False,False
30558,val_sel,1,-0.24909639358520508,0.34914639592170715,0.5982427895069122,0.6452541813379066,0.5439143324331652,1,0,fakes,agency_claim,desconhecido,sem_data,desconhecido,False,none,v1,False,False,False
665328202362872267,val_sel,1,-0.3670711815357208,0.38453996181488037,0.7516111433506012,0.6795296578541506,0.6070588791981882,1,1,FC_BOATOS,agency_claim,boatos,<=2017,pt-BR,False,false_pure,checker,False,False,False
921805238275602335,val_sel,0,-0.3724536597728729,0.19483302533626556,0.5672866851091385,0.6381368564681,0.5309263267353098,1,0,NEWS_BRASILDEFATO,press_true,brasildefato,<=2017,pt-BR,False,none,llm_local,False,False,False
1139448899771595181,val_sel,1,-0.49122902750968933,0.7451056241989136,1.236334651708603,0.7749253629994619,0.7778328643882817,1,1,FC_AFP,agency_claim,afp,>=2023,pt-BR,False,false_pure,checker,False,False,False
26355,val_sel,1,-0.5146751403808594,0.5239393711090088,1.0386145114898682,0.7385825866888754,0.714913704534021,1,1,fakes,agency_claim,desconhecido,2018-2022,desconhecido,False,none,v1,False,False,False
359485295657496677,val_sel,1,-0.3461013436317444,0.4467248022556305,0.7928261458873749,0.6884378365468169,0.6235229851918552,1,1,FC_POLIGRAFO,agency_claim,poligrafo,>=2023,pt-BR,True,other,checker,False,False,False
841676719256808661,val_sel,1,-0.6413089036941528,0.7861101627349854,1.4274190664291382,0.806498857862844,0.8285795783922774,1,1,FC_ESTADAO,agency_claim,estadao,sem_data,pt-BR,False,hard,checker,False,False,False
39161,val_sel,1,-0.4533606469631195,0.6143458485603333,1.0677064955234528,0.7441605100688578,0.724814696535404,1,1,fakes,agency_claim,desconhecido,2018-2022,desconhecido,False,false_pure,v1,False,False,False
41121723229504971,val_sel,1,-0.11665776371955872,0.05195631459355354,0.16861407831311226,0.5420539315061955,0.3660928085781523,0,0,FC_POLIGRAFO,agency_claim,poligrafo,>=2023,pt-BR,True,false_pure,checker,False,False,False
213150473910007533,val_sel,1,-0.3896113336086273,0.5256158709526062,0.9152272045612335,0.7140686184399219,0.6706479247712415,1,1,EXT_LIARBR,external_claim,ext_liarbr,sem_data,pt-BR,False,false_pure,checker,False,False,False
31902,val_sel,1,-0.19467511773109436,0.18563342094421387,0.3803085386753082,0.593947516555097,0.4522167580300284,0,0,fakes,agency_claim,desconhecido,2018-2022,desconhecido,False,false_pure,v1,False,False,False
908185579247360773,val_sel,1,-0.5737408399581909,0.6121160984039307,1.1858569383621216,0.7659992622271656,0.7627625960478376,1,1,FC_BOATOS,agency_claim,boatos,>=2023,pt-BR,False,false_pure,checker,False,False,False
8587,val_sel,0,-0.11242872476577759,0.19499030709266663,0.3074190318584442,0.5762551513974039,0.42195797216516034,0,0,Fake.br,portal,desconhecido,sem_data,desconhecido,False,none,v1,False,False,False
396833432942826932,val_sel,1,-0.1475139856338501,0.17032381892204285,0.31783780455589294,0.578797218361443,0.42625285213906255,0,0,FC_POLIGRAFO,agency_claim,poligrafo,>=2023,pt-BR,True,false_pure,checker,False,False,False
27188,val_sel,1,-0.4703749716281891,0.6569160223007202,1.1272909939289093,0.7553386151950883,0.7444139209904489,1,1,fakes,agency_claim,desconhecido,2018-2022,desconhecido,False,none,v1,False,False,False
778163463732067925,val_sel,0,-0.12757129967212677,0.08219971507787704,0.20977101475000381,0.5522512891144163,0.3823581420389622,0,0,FC_POLIGRAFO,agency_claim,poligrafo,2018-2022,pt-BR,True,true_rating,checker,False,False,False
411755583455367978,val_sel,1,-0.4233788549900055,0.6383718252182007,1.0617506802082062,0.7430249603954596,0.7228051734577302,1,1,FC_BOATOS,agency_claim,boatos,<=2017,pt-BR,False,false_pure,checker,False,False,False
1344389834501079,val_sel,0,-0.07059245556592941,-0.07113443315029144,-0.00054197758436203,0.4998645056072262,0.30269081123447666,0,0,EXT_LIARBR,external_claim,ext_liarbr,sem_data,pt-BR,False,true_rating,checker,False,False,False
42600,val_sel,1,-0.07934711873531342,0.26936861872673035,0.34871573746204376,0.5863061139928913,0.43904461563204233,0,0,fakes,agency_claim,desconhecido,<=2017,desconhecido,False,hard,v1,False,False,False
704191974293895116,val_sel,0,-0.3160896897315979,0.2944255471229553,0.6105152368545532,0.6480583256119233,0.5490478893065839,1,0,EXT_LIARBR,external_claim,ext_liarbr,sem_data,pt-BR,False,true_rating,checker,False,False,False
38708,val_sel,1,-0.2675875723361969,0.3916770815849304,0.6592646539211273,0.6590951838150758,0.5693264755845358,1,1,fakes,agency_claim,desconhecido,2018-2022,desconhecido,False,other,v1,False,False,False
1065270104694620358,val_sel,1,-0.3898538053035736,0.605905294418335,0.9957590997219086,0.7302239504293989,0.6999455543286728,1,1,FC_ESTADAO,agency_claim,estadao,sem_data,pt-BR,False,hard,checker,False,False,False
4883,val_sel,0,-0.3308045268058777,0.21006152033805847,0.5408660471439362,0.6320138593660035,0.5198073056468043,1,0,Fake.br,portal,desconhecido,sem_data,desconhecido,False,none,v1,False,False,False
229526376844458039,val_sel,1,-0.6407570242881775,0.7087997198104858,1.3495567440986633,0.7940571518359346,0.809100776011624,1,1,FC_BOATOS,agency_claim,boatos,>=2023,pt-BR,False,false_pure,checker,False,False,False
1004451460816071023,val_sel,1,-0.510443389415741,0.4780012369155884,0.9884446263313293,0.7287805974839694,0.6973463773891665,1,1,FC_BOATOS,agency_claim,boatos.org,>=2023,pt-BR,False,false_pure,checker_match,False,False,False
125635082265304993,val_sel,0,-0.40394127368927,0.43873733282089233,0.8426786065101624,0.6990290614099022,0.6430598208634078,1,1,EXT_LIARBR,external_claim,ext_liarbr,sem_data,pt-BR,False,true_rating,checker,False,False,False
222032174013048741,val_sel,1,-0.19588541984558105,0.2055506408214569,0.40143606066703796,0.5990326401688781,0.46106422879525616,0,0,FC_POLIGRAFO,agency_claim,poligrafo,>=2023,pt-BR,True,false_pure,checker,False,False,False
1064151367202221836,val_sel,1,-0.37136110663414,0.49551111459732056,0.8668722212314606,0.7040944557727054,0.6523768744927504,1,1,FC_BOATOS_VIRAL,social,boatos,>=2023,pt-BR,False,false_pure,checker,False,False,False
8671,val_sel,0,-0.3827032744884491,0.46131351590156555,0.8440167903900146,0.6993105234749843,0.6435780749864963,1,1,Fake.br,portal,desconhecido,sem_data,desconhecido,False,none,v1,False,False,False
13095,val_sel,0,-0.31190261244773865,0.2766214609146118,0.5885240733623505,0.643026427979097,0.5398423145233021,1,0,FakeWhatsApp.BR_2018,whatsapp,desconhecido,2018-2022,desconhecido,False,none,v1,False,False,False
257160441309541346,val_sel,1,-0.4043075144290924,0.5614551901817322,0.9657627046108246,0.7242741097895851,0.6892061788674065,1,1,FC_POLIGRAFO,agency_claim,poligrafo,>=2023,pt-BR,True,false_pure,checker,False,False,False
394981632916856582,val_sel,1,-0.4789466857910156,0.6217824220657349,1.1007291078567505,0.7503966935176282,0.7357912327718139,1,1,FC_POLIGRAFO,agency_claim,poligrafo,>=2023,pt-BR,True,false_pure,checker,False,False,False
47205,val_sel,0,-0.2401045560836792,0.26979750394821167,0.5099020600318909,0.6247835147729702,0.506752021972454,1,0,true,press_true,desconhecido,2018-2022,desconhecido,False,none,v1,False,False,False
27399,val_sel,1,-0.4046037793159485,0.4852616488933563,0.8898654282093048,0.7088624008919149,0.6611249521161189,1,1,fakes,agency_claim,desconhecido,<=2017,desconhecido,False,none,v1,False,False,False
504359739847893741,val_sel,1,-0.21165189146995544,0.35631564259529114,0.5679675340652466,0.6382940620982509,0.5312125014520133,1,0,FC_BOATOS_VIRAL,social,boatos,<=2017,pt-BR,False,false_pure,checker,False,False,False
11608,val_sel,1,-0.38805460929870605,0.5158964395523071,0.9039510488510132,0.7117607671567372,0.6664306070041462,1,1,FakeWhatsApp.BR_2018,whatsapp,desconhecido,2018-2022,desconhecido,False,none,v1,False,False,False
17127,val_sel,0,-0.22024764120578766,0.3973616063594818,0.6176092475652695,0.6496746141707793,0.552010625494141,1,0,FakeWhatsApp.BR_2018,whatsapp,desconhecido,2018-2022,desconhecido,False,none,v1,False,False,False
188640456426359266,val_sel,1,-0.48643958568573,0.36974892020225525,0.8561885058879852,0.7018637093631395,0.6482764076270063,1,1,FC_AFP,agency_claim,afp,>=2023,pt-BR,False,false_pure,checker,False,False,False
8461,val_sel,0,-0.43520456552505493,0.5899271965026855,1.0251317620277405,0.7359709984157911,0.7102531304201504,1,1,Fake.br,portal,desconhecido,sem_data,desconhecido,False,none,v1,False,False,False
39510,val_sel,1,-0.4861942231655121,0.6061819791793823,1.0923762023448944,0.7488289118578899,0.733041446655436,1,1,fakes,agency_claim,desconhecido,2018-2022,desconhecido,False,false_pure,v1,False,False,False
837522980240025131,val_sel,1,-0.6098480224609375,0.571446418762207,1.1812944412231445,0.7651804679137225,0.7613663135145431,1,1,FC_BOATOS,agency_claim,boatos,2018-2022,pt-BR,False,false_pure,checker,False,False,False
33594,val_sel,1,-0.22551394999027252,0.42005547881126404,0.6455694288015366,0.6560113501852415,0.5636500295787076,1,1,fakes,agency_claim,desconhecido,2018-2022,desconhecido,False,false_pure,v1,False,False,False
611761363072469804,val_sel,0,-0.18483923375606537,0.11674612015485764,0.301585353910923,0.5748300239382804,0.41955828506462295,0,0,FC_POLIGRAFO,agency_claim,poligrafo,>=2023,pt-BR,True,true_rating,checker,False,False,False
8994505247724126,val_sel,0,-0.3057749271392822,0.35663217306137085,0.6624071002006531,0.6598009026515909,0.5706264577319368,1,1,FC_POLIGRAFO,agency_claim,poligrafo,>=2023,pt-BR,True,true_rating,checker,False,False,False
426870392760606329,val_sel,1,-0.5169277787208557,0.6007163524627686,1.1176441311836243,0.7535514655407559,0.7413037767173819,1,1,FC_G1,agency_claim,g1,>=2023,pt-BR,False,false_pure,checker,False,False,False
358481362563418865,val_sel,0,-0.22281686961650848,0.24254024028778076,0.46535710990428925,0.614284259531567,0.48795903373062044,0,0,FC_POLIGRAFO,agency_claim,poligrafo,>=2023,pt-BR,True,true_rating,checker,False,False,False
8350,val_sel,1,-0.1663404107093811,0.33270421624183655,0.49904462695121765,0.6222347887357338,0.5021711284487382,1,0,Fake.br,portal,desconhecido,sem_data,desconhecido,False,none,v1,False,False,False
349053926446644302,val_sel,1,-0.49673500657081604,0.5979161262512207,1.0946511328220367,0.7492565480186808,0.7337921566275276,1,1,FC_ESTADAO,agency_claim,estadao,sem_data,pt-BR,False,false_pure,checker,False,False,False
648321735900070190,val_sel,1,-0.7379821538925171,0.7350648641586304,1.4730470180511475,0.8135200760491675,0.8392427502452635,1,1,FC_BOATOS,agency_claim,boatos,>=2023,pt-BR,False,false_pure,checker,False,False,False
3943,val_sel,0,-0.003192861331626773,-0.10694570094347,-0.10375283961184323,0.47408503306012295,0.2672311655287398,0,0,Fake.br,portal,desconhecido,sem_data,desconhecido,False,none,v1,False,False,False
35522,val_sel,1,-0.12286219000816345,0.032711587846279144,0.1555737778544426,0.5388151883771882,0.36100032584931646,0,0,fakes,agency_claim,desconhecido,2018-2022,desconhecido,True,none,v1,False,False,False
143913593135215753,val_sel,1,-0.2934219241142273,0.32075345516204834,0.6141753792762756,0.6488926731786557,0.5505769556592219,1,0,FC_BOATOS,agency_claim,boatos,<=2017,pt-BR,False,false_pure,checker,False,False,False
247018910151527890,val_sel,1,-0.2549220621585846,0.3734532296657562,0.6283752918243408,0.6521209733342777,0.5564998339423385,1,0,FC_POLIGRAFO,agency_claim,poligrafo,>=2023,pt-BR,True,other,checker,False,False,False
13663,val_sel,0,-0.30581656098365784,0.4239773154258728,0.7297938764095306,0.6747600385495107,0.5982413784785059,1,1,FakeWhatsApp.BR_2018,whatsapp,desconhecido,2018-2022,desconhecido,False,none,v1,False,False,False
857367319583950130,val_sel,0,-0.44539883732795715,0.39205121994018555,0.8374500572681427,0.6979278969583232,0.6410316970298883,1,1,EXT_LIARBR,external_claim,ext_liarbr,sem_data,pt-BR,False,true_rating,checker,False,False,False
174997498599440883,val_sel,1,-0.11736258864402771,0.046523164957761765,0.16388575360178947,0.5408799812808425,0.3642427790596962,0,0,FC_POLIGRAFO,agency_claim,poligrafo,>=2023,pt-BR,True,other,checker,False,False,False
32864,val_sel,1,-0.5495131611824036,0.6538694500923157,1.2033826112747192,0.7691259845864695,0.7680735677994014,1,1,fakes,agency_claim,desconhecido,2018-2022,desconhecido,False,none,v1,False,False,False
483808574641763361,val_sel,1,-0.5413734316825867,0.5683279037475586,1.1097013354301453,0.7520734269389373,0.7387246006742357,1,1,EXT_AVERITECBR,external_claim,ext_averitecbr,2018-2022,pt-BR,False,other,checker,False,False,False
14299,val_sel,1,-0.3714892566204071,0.5112597346305847,0.8827489912509918,0.7073915555652998,0.6584288119692001,1,1,FakeWhatsApp.BR_2018,whatsapp,desconhecido,2018-2022,desconhecido,False,none,v1,False,False,False
973428117398335610,val_sel,1,-0.30873122811317444,0.45053133368492126,0.7592625617980957,0.6811936065662156,0.610135081153548,1,1,FC_BOATOS_VIRAL,social,boatos,<=2017,pt-BR,False,false_pure,checker,False,False,False
784651656445341651,val_sel,1,-0.16912953555583954,0.3017379939556122,0.4708675295114517,0.6155890684275294,0.4902830485681317,0,0,FC_BOATOS_VIRAL,social,boatos,>=2023,pt-BR,False,false_pure,checker,False,False,False
17173,val_sel,0,-0.26652196049690247,0.2789252996444702,0.5454472601413727,0.6330786769505974,0.5217370082696748,1,0,FakeWhatsApp.BR_2018,whatsapp,desconhecido,2018-2022,desconhecido,False,none,v1,False,False,False
25446,val_sel,1,-0.3826233148574829,0.43282851576805115,0.8154518306255341,0.6932700380033396,0.6324440566260106,1,1,fakes,agency_claim,desconhecido,2018-2022,desconhecido,False,none,v1,False,False,False
526736995612761921,val_sel,1,-0.4058956205844879,0.32697203755378723,0.7328676581382751,0.6754342446984637,0.5994876511229922,1,1,FC_EFARSAS,agency_claim,efarsas,>=2023,pt-BR,False,false_pure,checker,False,False,False
152712633448655428,val_sel,1,-0.3763846158981323,0.5694951415061951,0.9458797574043274,0.7202858095320134,0.6819726826814034,1,1,FC_BOATOS,agency_claim,boatos,<=2017,pt-BR,False,false_pure,checker,False,False,False
676208198430873830,val_sel,0,-0.5136624574661255,0.532861053943634,1.0465235114097595,0.7401067593561239,0.7176265285004539,1,1,EXT_LIARBR,external_claim,ext_liarbr,sem_data,pt-BR,False,true_rating,checker,False,False,False
877354945651724751,val_sel,0,-0.3710311949253082,0.4299990236759186,0.8010302186012268,0.6901948117344046,0.6267678153665386,1,1,NEWS_OECO,press_true,oeco,<=2017,pt-BR,False,none,llm_local,False,False,False
612597125610495151,val_sel,1,-0.394308477640152,0.6451508402824402,1.0394593179225922,0.7387456676407477,0.7152042236307891,1,1,FC_G1,agency_claim,g1,2018-2022,pt-BR,False,false_pure,checker,False,False,False
653676645334868007,val_sel,0,-0.4481859803199768,0.5210703611373901,0.9692563414573669,0.7249712460557107,0.690467815908742,1,1,EXT_LIARBR,external_claim,ext_liarbr,sem_data,pt-BR,False,true_rating,checker,False,False,False
99504539574338921,val_sel,1,-0.4097510278224945,0.46415242552757263,0.8739034533500671,0.705557275789228,0.6550632677343503,1,1,EXT_AVERITECBR,external_claim,ext_averitecbr,2018-2022,pt-BR,False,other,checker,False,False,False
41072,val_sel,1,-0.5342004299163818,0.5685051679611206,1.1027055978775024,0.7507667098111486,0.7364392331082362,1,1,fakes,agency_claim,desconhecido,2018-2022,desconhecido,True,false_pure,v1,False,False,False
930727422094797086,val_sel,0,-0.24165329337120056,0.2527215778827667,0.4943748712539673,0.6211364973195598,0.5002007401875086,1,0,NEWS_PODER360,press_true,poder360,<=2017,pt-BR,False,none,llm_local,False,False,False
350536054922493180,val_sel,1,-0.5610865950584412,0.6124041080474854,1.1734907031059265,0.7637753970381275,0.7589650485923249,1,1,FC_BOATOS,agency_claim,boatos,<=2017,pt-BR,False,false_pure,checker,False,False,False
8565,val_sel,0,-0.41749510169029236,0.3556520342826843,0.7731471359729767,0.6842012889125179,0.6156948162197694,1,1,Fake.br,portal,desconhecido,sem_data,desconhecido,False,none,v1,False,False,False
598193416173279337,val_sel,1,-0.32441434264183044,0.3736734688282013,0.6980878114700317,0.6677636790929455,0.5853146184533418,1,1,FC_LUPA,agency_claim,lupa,>=2023,pt-BR,False,false_pure,checker_match,False,False,False
40366353365390599,val_sel,0,-0.10947135835886002,0.19055967032909393,0.30003102868795395,0.5744501020148088,0.4189195488034785,0,0,FC_POLIGRAFO,agency_claim,poligrafo,>=2023,pt-BR,True,true_rating,checker,False,False,False
503666212194327185,val_sel,1,-0.5471729040145874,0.6366876363754272,1.1838605403900146,0.7656412290743284,0.7621523224313432,1,1,FC_BOATOS,agency_claim,boatos,>=2023,pt-BR,False,false_pure,checker,False,False,False
7116,val_sel,1,-0.3159724771976471,0.5046547651290894,0.8206272423267365,0.6943694700203573,0.6344722352939841,1,1,Fake.br,portal,desconhecido,sem_data,desconhecido,False,none,v1,False,False,False
294659042003198631,val_sel,1,-0.6317744255065918,0.7390396595001221,1.3708140850067139,0.7975116494075654,0.814581027626045,1,1,FC_EFARSAS,agency_claim,efarsas,<=2017,pt-BR,False,false_pure,checker,False,False,False
258718356921435905,val_sel,1,-0.4893997013568878,0.7250591516494751,1.214458853006363,0.771086940700401,0.7713870338628029,1,1,FC_AFP,agency_claim,afp,>=2023,pt-BR,False,false_pure,checker,False,False,False
938365925786383605,val_sel,1,-0.21763876080513,0.21348650753498077,0.4311252683401108,0.6061423400841325,0.47353734053930197,0,0,FC_POLIGRAFO,agency_claim,poligrafo,>=2023,pt-BR,True,other,checker,False,False,False
284402203722022464,val_sel,1,-0.20202380418777466,0.16142350435256958,0.36344730854034424,0.589874673350188,0.4451771924089489,0,0,FC_POLIGRAFO,agency_claim,poligrafo,>=2023,pt-BR,True,hard,checker,False,False,False
3392,val_sel,1,-0.41754817962646484,0.5462983250617981,0.9638465046882629,0.7238912781055389,0.6885129949764808,1,1,Fake.br,portal,desconhecido,sem_data,desconhecido,False,none,v1,False,False,False
16798,val_sel,0,-0.04730532690882683,0.2088453769683838,0.2561507038772106,0.5636898152362748,0.4010068918346509,0,0,FakeWhatsApp.BR_2018,whatsapp,desconhecido,2018-2022,desconhecido,False,none,v1,False,False,False
35394,val_sel,1,-0.6319618225097656,0.732297956943512,1.3642597794532776,0.7964511513004756,0.8129043663646318,1,1,fakes,agency_claim,desconhecido,2018-2022,desconhecido,True,none,v1,False,False,False
4502,val_sel,1,-0.3256050646305084,0.3791030943393707,0.7047081589698792,0.6692308037650369,0.5880241312397447,1,1,Fake.br,portal,desconhecido,sem_data,desconhecido,False,none,v1,False,False,False
48202,val_sel,0,-0.48678430914878845,0.5331498980522156,1.019934207201004,0.7349597836287258,0.7084444967523994,1,1,true,press_true,desconhecido,2018-2022,desconhecido,True,none,v1,False,False,False
984239915874440063,val_sel,1,-0.5833349227905273,0.7774298787117004,1.3607648015022278,0.7958839698826368,0.8120055534966764,1,1,FC_BOATOS,agency_claim,boatos,2018-2022,pt-BR,False,false_pure,checker,False,False,False
323062085295672306,val_sel,1,-0.5826948881149292,0.6695798635482788,1.252274751663208,0.7776933831780383,0.7824472898171789,1,1,FC_BOATOS,agency_claim,boatos,>=2023,pt-BR,False,false_pure,checker,False,False,False
20647208091197235,val_sel,0,-0.3456142842769623,0.24077218770980835,0.5863864719867706,0.6425356057301705,0.5389459535665598,1,0,FC_POLIGRAFO,agency_claim,poligrafo,2018-2022,pt-BR,True,true_rating,checker,False,False,False
47996,val_sel,0,-0.13296295702457428,0.3125823438167572,0.4455453008413315,0.6095795687915622,0.47960843566976424,0,0,true,press_true,desconhecido,2018-2022,desconhecido,False,none,v1,False,False,False
1025836036758804684,val_sel,0,-0.46679434180259705,0.46612855792045593,0.932922899723053,0.717667902048796,0.6772109382894442,1,1,NEWS_BRASILDEFATO,press_true,brasildefato,<=2017,pt-BR,False,none,llm_local,False,False,False
26881,val_sel,1,-0.22484292089939117,0.1440943330526352,0.36893725395202637,0.591202156581884,0.4474669707724287,0,0,fakes,agency_claim,desconhecido,2018-2022,desconhecido,False,none,v1,False,False,False
28484,val_sel,1,-0.4261208474636078,0.4480380117893219,0.8741588592529297,0.705610332610832,0.6551606646568158,1,1,fakes,agency_claim,desconhecido,<=2017,desconhecido,False,none,v1,False,False,False
30973175496123284,val_sel,1,-0.045103251934051514,-0.05046848580241203,-0.005365233868360519,0.4986586947504464,0.3009753291018647,0,0,FC_AOSFATOS,agency_claim,aosfatos,>=2023,pt-BR,False,false_pure,checker,False,False,False
8554,val_sel,1,-0.4667828679084778,0.6195051670074463,1.086288034915924,0.7476820901324546,0.7310257879355141,1,1,Fake.br,portal,desconhecido,sem_data,desconhecido,False,none,v1,False,False,False
42410,val_sel,1,-0.5331281423568726,0.6093716621398926,1.1424998044967651,0.7581383104267188,0.7492671149376775,1,1,fakes,agency_claim,desconhecido,2018-2022,desconhecido,False,false_pure,v1,False,False,False
697519996269392360,val_sel,0,-0.13080765306949615,0.28623688220977783,0.417044535279274,0.6027758172678898,0.46761662427409834,0,0,EXT_LIARBR,external_claim,ext_liarbr,sem_data,pt-BR,False,true_rating,checker,False,False,False
11532,val_sel,0,-0.33534562587738037,0.37657418847084045,0.7119198143482208,0.6708252297406154,0.590969584418219,1,1,FakeWhatsApp.BR_2018,whatsapp,desconhecido,2018-2022,desconhecido,False,none,v1,False,False,False
523046684462196405,val_sel,1,-0.5284683108329773,0.5063773393630981,1.0348456501960754,0.7378542471217728,0.7136154692117878,1,1,FC_EFARSAS,agency_claim,efarsas,<=2017,pt-BR,False,false_pure,checker,False,False,False
31617,val_sel,1,-0.5446159839630127,0.6175131797790527,1.1621291637420654,0.7617193796981837,0.7554396494859035,1,1,fakes,agency_claim,desconhecido,sem_data,desconhecido,False,false_pure,v1,False,False,False
640446574677467014,val_sel,1,-0.30725374817848206,0.3719432055950165,0.6791969537734985,0.6635594422464003,0.5775552478540897,1,1,FC_POLIGRAFO,agency_claim,poligrafo,2018-2022,pt-BR,True,false_pure,checker,False,False,False
1024658780439447511,val_sel,1,-0.1701602190732956,0.22057686746120453,0.3907370865345001,0.596460125274505,0.45658044987873025,0,0,EXT_LIARBR,external_claim,ext_liarbr,sem_data,pt-BR,False,false_pure,checker,False,False,False
64305748944214006,val_sel,1,-0.3274748623371124,0.32307595014572144,0.6505508124828339,0.6571345762707904,0.5657167428207488,1,1,EXT_AVERITECBR,external_claim,ext_averitecbr,2018-2022,pt-BR,False,other,checker,False,False,False
20300099193880795,val_sel,0,-0.15164144337177277,0.15635864436626434,0.3080000877380371,0.5763970303251813,0.4221971937513823,0,0,FC_POLIGRAFO,agency_claim,poligrafo,>=2023,pt-BR,True,true_rating,checker,False,False,False
47972,val_sel,0,-0.31905028223991394,0.3577793836593628,0.6768296658992767,0.6630307447712351,0.5765801028645767,1,1,true,press_true,desconhecido,2018-2022,desconhecido,False,none,v1,False,False,False
1133841220202244568,val_sel,0,-0.2935887277126312,0.16551397740840912,0.45910270512104034,0.612801291279105,0.4853218798425076,0,0,FC_POLIGRAFO,agency_claim,poligrafo,>=2023,pt-BR,True,true_rating,checker,False,False,False
33661,val_sel,1,-0.2979469895362854,0.5299903154373169,0.8279373049736023,0.6959186072422974,0.6373288343940882,1,1,fakes,agency_claim,desconhecido,2018-2022,desconhecido,False,none,v1,False,False,False
31126,val_sel,1,-0.4003307819366455,0.08880620449781418,0.4891369864344597,0.6199031073387136,0.49799062722126214,0,0,fakes,agency_claim,desconhecido,sem_data,desconhecido,False,none,v1,False,False,False
805890347478456847,val_sel,0,-0.290162056684494,0.34876498579978943,0.6389270424842834,0.6545108768374902,0.5608907562324636,1,1,FC_POLIGRAFO,agency_claim,poligrafo,>=2023,pt-BR,True,true_rating,checker,False,False,False
1015600320786686368,val_sel,1,-0.6402800679206848,0.7661535739898682,1.406433641910553,0.803202825891239,0.8234901005872859,1,1,FC_BOATOS,agency_claim,boatos,>=2023,pt-BR,False,false_pure,checker,False,False,False
1149308746971330317,val_sel,1,-0.5642457008361816,0.5230419635772705,1.0872876644134521,0.7478706271224295,0.7313574025809365,1,1,FC_BOATOS,agency_claim,boatos,2018-2022,pt-BR,False,false_pure,checker,False,False,False
3256,val_sel,1,-0.358160138130188,0.4395500421524048,0.7977101802825928,0.689484453535302,0.6254560474894421,1,1,Fake.br,portal,desconhecido,sem_data,desconhecido,False,none,v1,False,False,False
1064077678153489441,val_sel,1,-0.2898217737674713,0.47623953223228455,0.7660613059997559,0.6826682599196431,0.6128611463193141,1,1,FC_UOL,agency_claim,uol,2018-2022,pt-BR,False,false_pure,checker,False,False,False
1072148219705866759,val_sel,1,-0.6173843145370483,0.6608017683029175,1.2781860828399658,0.7821408494006179,0.789799703273492,1,1,FC_EFARSAS,agency_claim,efarsas,<=2017,pt-BR,False,false_pure,checker,False,False,False
560226973068089501,val_sel,0,-0.47749391198158264,0.6376409530639648,1.1151348650455475,0.7530851691489149,0.7404907644831626,1,1,NEWS_PODER360,press_true,poder360,<=2017,pt-BR,False,none,llm_local,False,False,False
325413184205086530,val_sel,1,-0.11807983368635178,0.014360208995640278,0.13244004268199205,0.5330616986040905,0.3520431909995812,0,0,FC_POLIGRAFO,agency_claim,poligrafo,>=2023,pt-BR,True,hard,checker,False,False,False
57789315181184414,val_sel,0,-0.3190273940563202,0.29092416167259216,0.6099515557289124,0.6479297512082951,0.5488123219957453,1,0,EXT_LIARBR,external_claim,ext_liarbr,sem_data,pt-BR,False,true_rating,checker,False,False,False
32315,val_sel,1,-0.37796303629875183,0.3528973162174225,0.7308603525161743,0.6749940426183497,0.598673928683983,1,1,fakes,agency_claim,desconhecido,2018-2022,desconhecido,False,none,v1,False,False,False
16925,val_sel,0,-0.38428977131843567,0.5160397291183472,0.9003295004367828,0.7110172103591936,0.6650704258591211,1,1,FakeWhatsApp.BR_2018,whatsapp,desconhecido,2018-2022,desconhecido,False,false_pure,v1,False,False,False
43300,val_sel,1,-0.2558698356151581,0.31069591641426086,0.566565752029419,0.6379703633191915,0.5306232816742891,1,0,fakes,agency_claim,desconhecido,2018-2022,desconhecido,False,none,v1,False,False,False
14674,val_sel,0,-0.08689600974321365,0.27326393127441406,0.3601599410176277,0.5890791507174176,0.44380718497930405,0,0,FakeWhatsApp.BR_2018,whatsapp,desconhecido,2018-2022,desconhecido,False,none,v1,False,False,False
25574,val_sel,1,-0.40449807047843933,0.46157050132751465,0.866068571805954,0.7039269916104717,0.6520692051610883,1,1,fakes,agency_claim,desconhecido,2018-2022,desconhecido,False,none,v1,False,False,False
1018511794690115527,val_sel,1,-0.4200907051563263,0.5900250673294067,1.010115772485733,0.7330428054894845,0.7050098445780923,1,1,FC_BOATOS,agency_claim,boatos,2018-2022,pt-BR,False,false_pure,checker,False,False,False
27053,val_sel,1,-0.35802724957466125,0.5547904968261719,0.9128177464008331,0.713576414584318,0.6697490567718821,1,1,fakes,agency_claim,desconhecido,2018-2022,desconhecido,False,none,v1,False,False,False
182841792187833964,val_sel,1,-0.23310548067092896,0.40116241574287415,0.6342678964138031,0.6534565638802221,0.5589530693524338,1,0,FC_LUPA,agency_claim,lupa,>=2023,pt-BR,False,false_pure,checker_match,False,False,False
605364068679176090,val_sel,1,-0.3285239636898041,0.3573855459690094,0.6859095096588135,0.6650563599064108,0.580317007921236,1,1,FC_BOATOS_VIRAL,social,boatos,>=2023,pt-BR,False,false_pure,checker,False,False,False
38226,val_sel,1,0.021804671734571457,-0.18926121294498444,-0.2110658846795559,0.4474285503598244,0.23328772663479574,0,0,fakes,agency_claim,desconhecido,2018-2022,desconhecido,True,none,v1,False,False,False
41453,val_sel,1,-0.41696494817733765,0.35428541898727417,0.7712503671646118,0.6837913111758318,0.6149370464081585,1,1,fakes,agency_claim,desconhecido,2018-2022,desconhecido,True,false_pure,v1,False,False,False
13492124622326257,val_sel,1,-0.1646794080734253,0.17529067397117615,0.33997008204460144,0.5841832554880417,0.43541256809645734,0,0,FC_COMPROVA,agency_claim,comprova,2018-2022,pt-BR,False,other,checker,False,False,False
16679,val_sel,1,-0.2677723467350006,0.4222742021083832,0.6900465488433838,0.6659772816938084,0.5820166273906399,1,1,FakeWhatsApp.BR_2018,whatsapp,desconhecido,2018-2022,desconhecido,False,none,v1,False,False,False
606351546920486569,val_sel,1,-0.44210168719291687,0.48439088463783264,0.9264925718307495,0.7163631628939845,0.6748339428613526,1,1,FC_SBT,agency_claim,sbt,>=2023,pt-BR,False,hard,checker_match,False,False,False
385522801626725795,val_sel,0,-0.26939770579338074,0.2890913188457489,0.5584890246391296,0.6361028577086879,0.5272267276638437,1,0,NEWS_BRASILDEFATO,press_true,brasildefato,<=2017,pt-BR,False,none,llm_local,False,False,False
31322,val_sel,1,-0.24228860437870026,0.3907819092273712,0.6330705136060715,0.6531853654473498,0.5584547985807402,1,0,fakes,agency_claim,desconhecido,sem_data,desconhecido,False,none,v1,False,False,False
4605,val_sel,0,-0.34838786721229553,0.3918757736682892,0.7402636408805847,0.6770535045498525,0.602481073785121,1,1,Fake.br,portal,desconhecido,sem_data,desconhecido,False,none,v1,False,False,False
945196651420607562,val_sel,0,-0.3156229853630066,0.33574414253234863,0.6513671278953552,0.6573184756562952,0.5660552059561093,1,1,NEWS_PODER360,press_true,poder360,2018-2022,pt-BR,False,none,llm_local,False,False,False
724699307418765984,val_sel,1,-0.5658605098724365,0.6678287386894226,1.2336892485618591,0.7744636266995704,0.7770603315107101,1,1,FC_EFARSAS,agency_claim,efarsas,>=2023,pt-BR,False,false_pure,checker,False,False,False
12825,val_sel,1,-0.40128010511398315,0.549193263053894,0.9504733681678772,0.7212103662202938,0.6836518415193052,1,1,FakeWhatsApp.BR_2018,whatsapp,desconhecido,2018-2022,desconhecido,False,none,v1,False,False,False
40951,val_sel,1,-0.13301093876361847,0.2174617350101471,0.35047267377376556,0.5867321963813777,0.43977506788354453,0,0,fakes,agency_claim,desconhecido,2018-2022,desconhecido,True,none,v1,False,False,False
114670388695453460,val_sel,0,-0.30161434412002563,0.24448437988758087,0.5460987240076065,0.6332299924111237,0.5220113671210765,1,0,NEWS_BRASILDEFATO,press_true,brasildefato,2018-2022,pt-BR,False,none,llm_local,False,False,False
36902,val_sel,1,-0.22791920602321625,0.07693403214216232,0.30485323816537857,0.5756285004111517,0.420902070284345,0,0,fakes,agency_claim,desconhecido,2018-2022,desconhecido,True,none,v1,False,False,False
166051431897863448,val_sel,1,-0.4287031590938568,0.42645418643951416,0.855157345533371,0.7016478930797307,0.647879471571039,1,1,EXT_AVERITECBR,external_claim,ext_averitecbr,2018-2022,pt-BR,False,other,checker,False,False,False
1062102115831699793,val_sel,1,-0.19976769387722015,0.12780331075191498,0.32757100462913513,0.581168247747587,0.4302752110688879,0,0,FC_POLIGRAFO,agency_claim,poligrafo,2018-2022,pt-BR,True,hard,checker,False,False,False
133598969709144309,val_sel,1,-0.4007837474346161,0.5089050531387329,0.909688800573349,0.7129364775030864,0.6685799252862222,1,1,FC_BOATOS_VIRAL,social,boatos,>=2023,pt-BR,False,false_pure,checker,False,False,False
972141546540868535,val_sel,0,-0.11251204460859299,0.05792998522520065,0.17044202983379364,0.5425076515885381,0.36680908608142104,0,0,FC_POLIGRAFO,agency_claim,poligrafo,>=2023,pt-BR,True,true_rating,checker,False,False,False
408569653049141017,val_sel,1,-0.3369397222995758,0.46999087929725647,0.8069306015968323,0.6914550487148062,0.6290944871116106,1,1,FC_BOATOS,agency_claim,boatos.org,>=2023,pt-BR,False,false_pure,checker_match,False,False,False
27525,val_sel,1,-0.12286318838596344,0.21348540484905243,0.33634859323501587,0.583303280811799,0.4339105775708438,0,0,fakes,agency_claim,desconhecido,<=2017,desconhecido,False,none,v1,False,False,False
30552,val_sel,1,-0.4200247824192047,0.6208857893943787,1.0409105718135834,0.7390256633141031,0.7157028767896895,1,1,fakes,agency_claim,desconhecido,sem_data,desconhecido,False,none,v1,False,False,False
28255,val_sel,1,-0.1691349893808365,0.055489834398031235,0.22462482377886772,0.5559212716804093,0.3882959410771854,0,0,fakes,agency_claim,desconhecido,2018-2022,desconhecido,False,none,v1,False,False,False
30290,val_sel,1,-0.35089871287345886,0.6045495271682739,0.9554482400417328,0.7222095420315622,0.685464980569796,1,1,fakes,agency_claim,desconhecido,sem_data,desconhecido,False,none,v1,False,False,False
700886888775888755,val_sel,1,-0.6298546195030212,0.7598639726638794,1.3897185921669006,0.8005473141936575,0.819351930364567,1,1,FC_BOATOS,agency_claim,boatos,<=2017,pt-BR,False,false_pure,checker,False,False,False
1336,val_sel,0,-0.4156944155693054,0.4011557400226593,0.8168501555919647,0.6935673067957526,0.6329925083330847,1,1,COVID19.BR,covid,desconhecido,sem_data,desconhecido,False,none,v1,False,False,False
972653094327957277,val_sel,1,-0.5035842657089233,0.5618139505386353,1.0653982162475586,0.7437207992076403,0.7240369443788713,1,1,FC_BOATOS_VIRAL,social,boatos,>=2023,pt-BR,False,false_pure,checker_match,False,False,False
632761828359977810,val_sel,1,-0.5134501457214355,0.7582628130912781,1.2717129588127136,0.7810358371947826,0.787980179395201,1,1,FC_EFARSAS,agency_claim,efarsas,2018-2022,pt-BR,False,false_pure,checker,False,False,False
452072383767981097,val_sel,1,-0.23975545167922974,0.027484510093927383,0.2672399617731571,0.56641519453711,0.4055107997075287,0,0,FC_BOATOS,agency_claim,boatos,>=2023,pt-BR,False,false_pure,checker,False,False,False
31570,val_sel,1,-0.44876834750175476,0.570429265499115,1.0191976130008698,0.7348162747411109,0.7081876414593137,1,1,fakes,agency_claim,desconhecido,sem_data,desconhecido,False,none,v1,False,False,False
351191684028658275,val_sel,0,-0.32194554805755615,0.22626741230487823,0.5482129603624344,0.6337208848591106,0.5229016686954407,1,0,EXT_LIARBR,external_claim,ext_liarbr,sem_data,pt-BR,False,true_rating,checker,False,False,False
16231,val_sel,0,-0.2730233669281006,0.4810973107814789,0.7541206777095795,0.6800759105047397,0.6080687703114509,1,1,FakeWhatsApp.BR_2018,whatsapp,desconhecido,2018-2022,desconhecido,False,none,v1,False,False,False
903420767420953267,val_sel,0,-0.29227444529533386,0.34948939085006714,0.641763836145401,0.6551520692696831,0.562069642291446,1,1,EXT_LIARBR,external_claim,ext_liarbr,sem_data,pt-BR,False,true_rating,checker,False,False,False
80904056281729746,val_sel,0,0.15946026146411896,-0.2758124768733978,-0.4352727383375168,0.3928679557363202,0.17246528843248216,0,0,EXT_AVERITECBR,external_claim,ext_averitecbr,2018-2022,pt-BR,False,other,checker,False,False,False
783155143178540604,val_sel,1,-0.5237746834754944,0.455079585313797,0.9788542687892914,0.7268808190804291,0.6939192529416965,1,1,FC_BOATOS,agency_claim,boatos,>=2023,pt-BR,False,false_pure,checker,False,False,False
50956,val_sel,0,-0.3355773687362671,0.341606080532074,0.6771834492683411,0.6631097828373882,0.5767258731831757,1,1,MuMiN-PT,social,desconhecido,sem_data,desconhecido,False,none,v1,False,False,False
2666,val_sel,1,-0.450188010931015,0.5543251037597656,1.0045131146907806,0.7319449849906429,0.7030394330079968,1,1,Fake.br,portal,desconhecido,sem_data,desconhecido,False,none,v1,False,False,False
866565984774383893,val_sel,0,0.03499019518494606,0.0011424687691032887,-0.03384772641584277,0.49153887618425984,0.2909591108419175,0,0,NEWS_OECO,press_true,oeco,<=2017,pt-BR,False,none,llm_local,False,False,False
7080,val_sel,1,-0.27743661403656006,0.3786606192588806,0.6560972332954407,0.6583831419032782,0.5680151942029175,1,1,Fake.br,portal,desconhecido,sem_data,desconhecido,False,none,v1,False,False,False
135967276690444694,val_sel,1,-0.32833150029182434,0.43407055735588074,0.7624020576477051,0.6818750191683007,0.6113947788190465,1,1,FC_AOSFATOS,agency_claim,aosfatos,>=2023,pt-BR,False,false_pure,checker,False,False,False
35578,val_sel,1,-0.322558730840683,0.34676429629325867,0.6693230271339417,0.6613515570834152,0.5734840181122468,1,1,fakes,agency_claim,desconhecido,2018-2022,desconhecido,True,none,v1,False,False,False
1078722019579065684,val_sel,1,-0.19583134353160858,0.34074705839157104,0.5365784019231796,0.6310161084529122,0.5180007232346187,1,0,FC_POLIGRAFO,agency_claim,poligrafo,2018-2022,pt-BR,True,hard,checker,False,False,False
989466015630684263,val_sel,0,-0.16532637178897858,0.052636221051216125,0.2179625928401947,0.5542759410992019,0.3856285001090213,0,0,FC_POLIGRAFO,agency_claim,poligrafo,2018-2022,pt-BR,True,true_rating,checker,False,False,False
689,val_sel,1,-0.19363515079021454,0.24208931624889374,0.4357244670391083,0.6072397866086037,0.4754729229360948,0,0,COVID19.BR,covid,desconhecido,sem_data,desconhecido,False,none,v1,False,False,False
215293088691386873,val_sel,1,-0.3353898525238037,0.4804254472255707,0.8158152997493744,0.6933473230803683,0.6325866497022958,1,1,FC_LUPA,agency_claim,lupa,>=2023,pt-BR,False,false_pure,checker_match,False,False,False
40126,val_sel,1,-0.5753365755081177,0.591444194316864,1.1667807698249817,0.7625626318915074,0.7568872112079899,1,1,fakes,agency_claim,desconhecido,2018-2022,desconhecido,False,none,v1,False,False,False
47911,val_sel,0,-0.36250656843185425,0.37888994812965393,0.7413965165615082,0.6773011604460656,0.6029389192287585,1,1,true,press_true,desconhecido,2018-2022,desconhecido,False,none,v1,False,False,False
164430034349853908,val_sel,1,-0.04788838326931,-0.0004653143114410341,0.047423068957868963,0.5118535458225734,0.3200457180198463,0,0,FC_POLIGRAFO,agency_claim,poligrafo,>=2023,pt-BR,True,other,checker,False,False,False
476114266907692368,val_sel,1,-0.26220017671585083,0.43159475922584534,0.6937949359416962,0.6668105967634407,0.5835548980045919,1,1,FC_AOSFATOS,agency_claim,aosfatos,>=2023,pt-BR,False,hard,checker,False,False,False
6127,val_sel,0,-0.10202348232269287,-0.16570474207401276,-0.06368125975131989,0.48408506302279114,0.2806815426027225,0,0,Fake.br,portal,desconhecido,sem_data,desconhecido,False,none,v1,False,False,False
547663643370104317,val_sel,1,-0.43260207772254944,0.5002754330635071,0.9328775107860565,0.7176587052204565,0.6771941919716499,1,1,FC_BOATOS,agency_claim,boatos,<=2017,pt-BR,False,false_pure,checker,False,False,False
163254602059947411,val_sel,1,-0.38026949763298035,0.5406385064125061,0.9209080040454865,0.7152270816529787,0.6727622499031619,1,1,FC_ESTADAO,agency_claim,estadao,sem_data,pt-BR,False,false_pure,checker,False,False,False
247106613625355677,val_sel,1,-0.34649085998535156,0.5597230195999146,0.9062138795852661,0.7122247810322936,0.6672790786898798,1,1,FC_ESTADAO,agency_claim,estadao,sem_data,pt-BR,False,false_pure,checker,False,False,False
47834,val_sel,0,-0.3794999420642853,0.5122494697570801,0.8917494118213654,0.7092510577822512,0.6618369817885446,1,1,true,press_true,desconhecido,2018-2022,desconhecido,False,none,v1,False,False,False
40025,val_sel,1,-0.32215777039527893,0.39511099457740784,0.7172687649726868,0.6720052971991717,0.5931500563265811,1,1,fakes,agency_claim,desconhecido,2018-2022,desconhecido,False,false_pure,v1,False,False,False
483346441467209405,val_sel,1,-0.515414834022522,0.5502867698669434,1.0657016038894653,0.7437786206685097,0.7241392454961896,1,1,FC_EFARSAS,agency_claim,efarsas,>=2023,pt-BR,False,false_pure,checker,False,False,False
133956329330192886,val_sel,1,-0.47032052278518677,0.4981817901134491,0.9685023128986359,0.724820876355053,0.6901957570191191,1,1,FC_BOATOS,agency_claim,boatos,2018-2022,pt-BR,False,false_pure,checker,False,False,False
24439,val_sel,1,-0.23602040112018585,0.29928165674209595,0.5353020578622818,0.6307188815027234,0.5174628476449504,1,0,fakes,agency_claim,desconhecido,2018-2022,desconhecido,False,none,v1,False,False,False
1040,val_sel,0,-0.3292944133281708,0.45192548632621765,0.7812198996543884,0.6859429706711612,0.6189136151683057,1,1,COVID19.BR,covid,desconhecido,sem_data,desconhecido,False,none,v1,False,False,False
723937118004795774,val_sel,1,-0.5358201265335083,0.6983743906021118,1.2341945171356201,0.7745518695794611,0.7772080321577121,1,1,FC_BOATOS,agency_claim,boatos,<=2017,pt-BR,False,false_pure,checker,False,False,False
179223509498867823,val_sel,1,-0.5043160915374756,0.7443486452102661,1.2486647367477417,0.777068635132508,0.7814083367553487,1,1,FC_EFARSAS,agency_claim,efarsas,<=2017,pt-BR,False,false_pure,checker,False,False,False
14481,val_sel,1,-0.3164490759372711,0.4844409227371216,0.8008899986743927,0.6901648282780588,0.6267124511465888,1,1,FakeWhatsApp.BR_2018,whatsapp,desconhecido,2018-2022,desconhecido,False,none,v1,False,False,False
924647637505963294,val_sel,1,-0.5621047616004944,0.6484483480453491,1.2105531096458435,0.7703968007937686,0.7702224423457402,1,1,FC_EFARSAS,agency_claim,efarsas,2018-2022,pt-BR,False,false_pure,checker,False,False,False
47453,val_sel,0,-0.41493117809295654,0.36613115668296814,0.7810623347759247,0.6859090262294314,0.6188508892154301,1,1,true,press_true,desconhecido,2018-2022,desconhecido,False,none,v1,False,False,False
25278,val_sel,1,-0.39946526288986206,0.4726860225200653,0.8721512854099274,0.705193138488254,0.6543947422727234,1,1,fakes,agency_claim,desconhecido,2018-2022,desconhecido,False,none,v1,False,False,False
744835426515646436,val_sel,0,-0.1910722404718399,0.3153356909751892,0.5064079314470291,0.6239640329746248,0.5052778899877225,1,0,NEWS_PODER360,press_true,poder360,<=2017,pt-BR,False,none,llm_local,False,False,False
44284954764447735,val_sel,1,-0.43978938460350037,0.45708510279655457,0.8968744874000549,0.7103067855887081,0.6637702308737992,1,1,FC_BOATOS,agency_claim,boatos,<=2017,pt-BR,False,false_pure,checker,False,False,False
26058,val_sel,1,-0.42244645953178406,0.46999260783195496,0.892439067363739,0.7093932538805731,0.66209744606521,1,1,fakes,agency_claim,desconhecido,2018-2022,desconhecido,False,none,v1,False,False,False
17150,val_sel,0,-0.19659020006656647,0.4001033902168274,0.5966935902833939,0.6448994879964012,0.5432656166434031,1,0,FakeWhatsApp.BR_2018,whatsapp,desconhecido,2018-2022,desconhecido,False,none,v1,False,False,False
47477,val_sel,0,-0.31615734100341797,0.300807923078537,0.616965264081955,0.6495280310097888,0.5517418219216826,1,0,true,press_true,desconhecido,2018-2022,desconhecido,False,none,v1,False,False,False
177963438610613506,val_sel,1,-0.3397896885871887,0.22286245226860046,0.5626521408557892,0.6370659721452957,0.5289778022872372,1,0,EXT_LIARBR,external_claim,ext_liarbr,sem_data,pt-BR,False,false_pure,checker,False,False,False
398694109751957204,val_sel,1,-0.4904075860977173,0.3570808470249176,0.8474884331226349,0.700040018749023,0.6449210096100667,1,1,FC_BOATOS,agency_claim,boatos,2018-2022,pt-BR,False,false_pure,checker,False,False,False
85424345033714985,val_sel,1,-0.2812497615814209,0.39231884479522705,0.673568606376648,0.6623017687528148,0.5752358149852401,1,1,FC_POLIGRAFO,agency_claim,poligrafo,>=2023,pt-BR,True,other,checker,False,False,False
47904,val_sel,0,-0.14110516011714935,0.20879457890987396,0.3498997390270233,0.5865932656814362,0.439536839490716,0,0,true,press_true,desconhecido,2018-2022,desconhecido,False,none,v1,False,False,False
108746828647242915,val_sel,0,-0.2702539563179016,0.07389136403799057,0.3441453203558922,0.5851971180708871,0.4371456935368699,0,0,EXT_LIARBR,external_claim,ext_liarbr,sem_data,pt-BR,False,true_rating,checker,False,False,False
982116362491230446,val_sel,1,-0.5471036434173584,0.5882669687271118,1.1353706121444702,0.7568286642141174,0.7469998187943391,1,1,FC_BOATOS,agency_claim,boatos,>=2023,pt-BR,False,false_pure,checker,False,False,False
470291228085732337,val_sel,1,-0.6330865025520325,0.686432421207428,1.3195189237594604,0.789101656837535,0.8011472271153115,1,1,FC_POLIGRAFO,agency_claim,poligrafo,2018-2022,pt-BR,True,other,checker,False,False,False
269774871249350165,val_sel,1,-0.28145894408226013,0.3566202223300934,0.6380791664123535,0.6543191245738529,0.5605382704051,1,1,FC_POLIGRAFO,agency_claim,poligrafo,>=2023,pt-BR,True,other,checker,False,False,False
1001410346763701300,val_sel,1,-0.35073617100715637,0.4401094317436218,0.7908456027507782,0.6880128690460313,0.6227379758172444,1,1,FC_OBSERVADOR,agency_claim,observador,>=2023,pt-PT,True,false_pure,checker,False,False,False
595950477904711903,val_sel,1,-0.39887362718582153,0.3948008716106415,0.793674498796463,0.6886197716694493,0.6238590408835729,1,1,FC_BOATOS,agency_claim,boatos,2018-2022,pt-BR,False,false_pure,checker,False,False,False
399957500646442571,val_sel,1,-0.511151909828186,0.5171498656272888,1.0283017754554749,0.7365865271455333,0.7113529573481909,1,1,EXT_AVERITECBR,external_claim,ext_averitecbr,2018-2022,pt-BR,False,other,checker,False,False,False
399204175730864340,val_sel,1,-0.5744062066078186,0.5610743761062622,1.1354805827140808,0.75684890252025,0.7470348954790946,1,1,FC_BOATOS,agency_claim,boatos,<=2017,pt-BR,False,false_pure,checker,False,False,False
877098334089426308,val_sel,1,-0.37449294328689575,0.3932689428329468,0.7677618861198425,0.683036546020095,0.6135419245101719,1,1,FC_ESTADAO,agency_claim,estadao,sem_data,pt-BR,False,hard,checker,False,False,False
52448708273752447,val_sel,1,-0.6421205997467041,0.8488732576370239,1.490993857383728,0.8162273982748908,0.8432875212151285,1,1,FC_BOATOS_VIRAL,social,boatos,2018-2022,pt-BR,False,false_pure,checker,False,False,False
41754,val_sel,1,-0.1753816157579422,0.2193918377161026,0.3947734534740448,0.5974312809716001,0.45827124373388767,0,0,fakes,agency_claim,desconhecido,2018-2022,desconhecido,True,false_pure,v1,False,False,False
4448,val_sel,1,-0.2885444164276123,0.3771151602268219,0.6656595766544342,0.660530585562935,0.5719709321928208,1,1,Fake.br,portal,desconhecido,sem_data,desconhecido,False,none,v1,False,False,False
48167,val_sel,0,-0.10963566601276398,0.0832710713148117,0.19290673732757568,0.548077683778832,0.3756590734981711,0,0,true,press_true,desconhecido,2018-2022,desconhecido,False,none,v1,False,False,False
35585,val_sel,1,0.1150403693318367,-0.37049034237861633,-0.48553071171045303,0.3809469814736967,0.16069305837393752,0,0,fakes,agency_claim,desconhecido,2018-2022,desconhecido,True,none,v1,False,False,False
415167429857985149,val_sel,1,-0.23724734783172607,0.3288763463497162,0.5661236941814423,0.6378682575654743,0.5304374509580119,1,0,FC_BOATOS,agency_claim,boatos,<=2017,pt-BR,False,false_pure,checker,False,False,False
1134758840609166537,val_sel,1,-0.3143733739852905,0.5012320280075073,0.8156054019927979,0.6933026934773342,0.6325043072504819,1,1,FC_COMPROVA,agency_claim,comprova,2018-2022,pt-BR,False,other,checker,False,False,False
15150,val_sel,0,-0.34616807103157043,0.4789261519908905,0.8250942230224609,0.6953166309954186,0.636218964495184,1,1,FakeWhatsApp.BR_2018,whatsapp,desconhecido,2018-2022,desconhecido,False,none,v1,False,False,False
165371094039097019,val_sel,1,-0.38540083169937134,0.5469648241996765,0.9323656558990479,0.7175549792298397,0.6770053108617643,1,1,FC_BOATOS_VIRAL,social,boatos,<=2017,pt-BR,False,false_pure,checker,False,False,False
218835204452664701,val_sel,1,-0.37023690342903137,0.3394099175930023,0.7096468210220337,0.6703231154692273,0.5900419206391228,1,1,FC_BOATOS,agency_claim,boatos.org,>=2023,pt-BR,False,false_pure,checker_match,False,False,False
866558821989215905,val_sel,1,-0.2987419366836548,0.42461803555488586,0.7233599722385406,0.6733464763132322,0.5956286385825792,1,1,EXT_LIARBR,external_claim,ext_liarbr,sem_data,pt-BR,False,false_pure,checker,False,False,False
905368558506256721,val_sel,0,-0.15732474625110626,0.18881045281887054,0.3461351990699768,0.5856800620836147,0.43797222755193455,0,0,EXT_LIARBR,external_claim,ext_liarbr,sem_data,pt-BR,False,true_rating,checker,False,False,False
48435,val_sel,0,-0.08082645386457443,0.04271330311894417,0.1235397569835186,0.5308457184244939,0.34862422906513496,0,0,true,press_true,desconhecido,2018-2022,desconhecido,True,none,v1,False,False,False
41923,val_sel,1,-0.3155052959918976,0.23374193906784058,0.5492472350597382,0.633960926162998,0.5233371474785965,1,0,fakes,agency_claim,desconhecido,2018-2022,desconhecido,True,false_pure,v1,False,False,False
100144311397855662,val_sel,1,-0.3378995656967163,0.4272141754627228,0.7651137411594391,0.6824629512409042,0.6124816245096129,1,1,FC_EFARSAS,agency_claim,efarsas,>=2023,pt-BR,False,false_pure,checker,False,False,False
905354043926081704,val_sel,1,-0.35149693489074707,0.38276973366737366,0.7342666685581207,0.6757408644109918,0.6000544585563583,1,1,EXT_AVERITECBR,external_claim,ext_averitecbr,2018-2022,pt-BR,False,other,checker,False,False,False
296454873156457824,val_sel,0,-0.23542381823062897,0.3529646694660187,0.5883884876966476,0.6429953045753473,0.5397854669427232,1,0,NEWS_PODER360,press_true,poder360,<=2017,pt-BR,False,none,llm_local,False,False,False
373147620497358502,val_sel,1,-0.24559415876865387,0.2732938826084137,0.5188880413770676,0.6268877164572696,0.5105425016157616,1,0,EXT_LIARBR,external_claim,ext_liarbr,sem_data,pt-BR,False,false_pure,checker,False,False,False
40787,val_sel,1,0.20290353894233704,-0.2872959077358246,-0.4901994466781616,0.37984658424204826,0.15963313142291746,0,0,fakes,agency_claim,desconhecido,2018-2022,desconhecido,True,false_pure,v1,False,False,False
572529957012067547,val_sel,1,-0.26061517000198364,0.2530045807361603,0.5136197507381439,0.6256546444382295,0.5083203427020653,1,0,EXT_LIARBR,external_claim,ext_liarbr,sem_data,pt-BR,False,false_pure,checker,False,False,False
532212870724946036,val_sel,1,-0.5454244613647461,0.4692383408546448,1.0146628022193909,0.7339316750916888,0.7066033966550286,1,1,FC_BOATOS,agency_claim,boatos,2018-2022,pt-BR,False,false_pure,checker,False,False,False
8138,val_sel,1,-0.3184129297733307,0.3689773976802826,0.6873903274536133,0.6653861408797567,0.5809255933416391,1,1,Fake.br,portal,desconhecido,sem_data,desconhecido,False,none,v1,False,False,False
906387857237170381,val_sel,0,-0.14765457808971405,0.2501046359539032,0.39775921404361725,0.5981491683518942,0.4595225699354052,0,0,FC_POLIGRAFO,agency_claim,poligrafo,>=2023,pt-BR,True,true_rating,checker,False,False,False
620933915724165918,val_sel,1,-0.5339736938476562,0.6724076271057129,1.2063813209533691,0.7696580392926374,0.7689739323090298,1,1,FC_BOATOS,agency_claim,boatos.org,>=2023,pt-BR,False,false_pure,checker_match,False,False,False
24472,val_sel,1,-0.3219531774520874,0.35922005772590637,0.6811732351779938,0.664000501016607,0.578368865107498,1,1,fakes,agency_claim,desconhecido,2018-2022,desconhecido,False,none,v1,False,False,False
131370678557082515,val_sel,1,-0.6113668084144592,0.5688941478729248,1.180260956287384,0.7649947211545893,0.7610492486355708,1,1,FC_BOATOS,agency_claim,boatos,>=2023,pt-BR,False,false_pure,checker,False,False,False
613387954372052560,val_sel,1,-0.38719093799591064,0.36046838760375977,0.7476593255996704,0.6786684641824462,0.6054667274195803,1,1,FC_BOATOS,agency_claim,boatos,2018-2022,pt-BR,False,false_pure,checker,False,False,False
539347323640602377,val_sel,1,-0.41285815834999084,0.4876462519168854,0.9005044102668762,0.7110531480592738,0.665136181775222,1,1,FC_G1,agency_claim,g1,2018-2022,pt-BR,False,false_pure,checker,False,False,False
743206852272586663,val_sel,1,-0.5652641654014587,0.7830491065979004,1.3483132719993591,0.7938537320021428,0.8087764026807854,1,1,FC_EFARSAS,agency_claim,efarsas,<=2017,pt-BR,False,false_pure,checker,False,False,False
829524650321352639,val_sel,1,-0.28717654943466187,0.4163588583469391,0.703535407781601,0.6689711509630136,0.58754454248739,1,1,FC_BOATOS,agency_claim,boatos,<=2017,pt-BR,False,false_pure,checker,False,False,False
148989097487637640,val_sel,1,-0.255710631608963,0.21063758432865143,0.46634821593761444,0.6145190646959701,0.4883769963910014,0,0,FC_POLIGRAFO,agency_claim,poligrafo,>=2023,pt-BR,True,other,checker,False,False,False
275758368928316150,val_sel,1,-0.7132675647735596,0.8389759063720703,1.5522434711456299,0.8252375226089036,0.8564696297242383,1,1,FC_BOATOS,agency_claim,boatos,>=2023,pt-BR,False,false_pure,checker,False,False,False
7097,val_sel,0,-0.13665813207626343,0.15068884193897247,0.2873469740152359,0.5713465045417835,0.4137174822887705,0,0,Fake.br,portal,desconhecido,sem_data,desconhecido,False,none,v1,False,False,False
977178121713225720,val_sel,1,-0.456024169921875,0.39834752678871155,0.8543716967105865,0.7014834007753807,0.6475769058094353,1,1,FC_BOATOS,agency_claim,boatos,2018-2022,pt-BR,False,false_pure,checker,False,False,False
3409,val_sel,0,-0.28423362970352173,0.3937854468822479,0.6780190765857697,0.6632964325170161,0.5770701258941192,1,1,Fake.br,portal,desconhecido,sem_data,desconhecido,False,none,v1,False,False,False
26583,val_sel,1,-0.27064117789268494,0.34901776909828186,0.6196589469909668,0.650140977418145,0.5528659824850711,1,0,fakes,agency_claim,desconhecido,2018-2022,desconhecido,False,none,v1,False,False,False
4886,val_sel,1,-0.27056190371513367,0.24416035413742065,0.5147222578525543,0.6259128278395163,0.5087854090651129,1,0,Fake.br,portal,desconhecido,sem_data,desconhecido,False,none,v1,False,False,False
1052058704276822421,val_sel,0,-0.1630208045244217,0.16712598502635956,0.33014678955078125,0.5817950925720277,0.4313412490214088,0,0,FC_POLIGRAFO,agency_claim,poligrafo,>=2023,pt-BR,True,true_rating,checker,False,False,False
32773,val_sel,1,-0.5466795563697815,0.8257932066917419,1.3724727630615234,0.7977793718734937,0.8150034905686814,1,1,fakes,agency_claim,desconhecido,2018-2022,desconhecido,False,hard,v1,False,False,False
793883889632005769,val_sel,1,-0.2779982388019562,0.34239447116851807,0.6203927099704742,0.6503078590557111,0.5531721122346418,1,0,FC_POLIGRAFO,agency_claim,poligrafo,2018-2022,pt-BR,True,hard,checker,False,False,False
41706,val_sel,1,-0.4596571624279022,0.6129249334335327,1.072582095861435,0.7450876488559603,0.7264530055501477,1,1,fakes,agency_claim,desconhecido,2018-2022,desconhecido,True,false_pure,v1,False,False,False
583551685076243054,val_sel,1,-0.5923832654953003,0.7307945489883423,1.3231778144836426,0.7897099261801056,0.8021292141992307,1,1,FC_BOATOS,agency_claim,boatos,2018-2022,pt-BR,False,false_pure,checker,False,False,False
41552,val_sel,1,-0.4224952757358551,0.5346547961235046,0.9571500718593597,0.7225508393507107,0.6860839368445159,1,1,fakes,agency_claim,desconhecido,2018-2022,desconhecido,True,hard,v1,False,False,False
47460,val_sel,0,-0.06209666281938553,0.21914727985858917,0.2812439426779747,0.5698511666390768,0.4112212361165806,0,0,true,press_true,desconhecido,2018-2022,desconhecido,False,none,v1,False,False,False
697579730311756138,val_sel,1,-0.30591991543769836,0.3730330765247345,0.6789529919624329,0.6635049760115997,0.5774547816918278,1,1,FC_LUPA,agency_claim,lupa,>=2023,pt-BR,False,false_pure,checker_match,False,False,False
561167593342383374,val_sel,1,-0.33390969038009644,0.3807043731212616,0.714614063501358,0.6714198963937282,0.592068334118703,1,1,FC_BOATOS,agency_claim,boatos,<=2017,pt-BR,False,false_pure,checker,False,False,False
421298728757216750,val_sel,1,-0.2712772786617279,0.40664440393447876,0.6779216825962067,0.6632746807550305,0.5770300064173862,1,1,EXT_LIARBR,external_claim,ext_liarbr,sem_data,pt-BR,False,false_pure,checker,False,False,False
38321,val_sel,1,-0.3577824532985687,0.32961341738700867,0.6873958706855774,0.6653873750649447,0.5809278710337643,1,1,fakes,agency_claim,desconhecido,2018-2022,desconhecido,True,none,v1,False,False,False
127793798091087929,val_sel,0,-0.5192244052886963,0.6885676383972168,1.207792043685913,0.7699080434797103,0.7693966560741917,1,1,NEWS_PODER360,press_true,poder360,2018-2022,pt-BR,False,none,llm_local,False,False,False
536128038238837915,val_sel,1,-0.2143128365278244,0.40022674202919006,0.6145395785570145,0.648975644554569,0.5507290522863091,1,0,FC_G1,agency_claim,g1,2018-2022,pt-BR,False,false_pure,checker,False,False,False
1138497217295387055,val_sel,0,-0.1529397964477539,0.09654276072978973,0.24948255717754364,0.5620491364764978,0.3983065963452224,0,0,EXT_LIARBR,external_claim,ext_liarbr,sem_data,pt-BR,False,true_rating,checker,False,False,False
846725210512350194,val_sel,1,-0.38626810908317566,0.49159756302833557,0.8778656721115112,0.706379740762522,0.6565727570865785,1,1,FC_AOSFATOS,agency_claim,aosfatos,<=2017,pt-BR,False,hard,checker,False,False,False
403855659975714938,val_sel,1,-0.48828959465026855,0.5629149675369263,1.0512045621871948,0.7410061410901596,0.7192247539413307,1,1,FC_BOATOS,agency_claim,boatos,2018-2022,pt-BR,False,false_pure,checker,False,False,False
741439386415202118,val_sel,1,-0.451536625623703,0.6009742021560669,1.05251082777977,0.7412567554762554,0.7196697596130198,1,1,FC_COMPROVA,agency_claim,comprova,2018-2022,pt-BR,False,false_pure,checker,False,False,False
33286,val_sel,1,-0.21024997532367706,0.19213740527629852,0.4023873805999756,0.5992611185737143,0.4614632286538875,0,0,fakes,agency_claim,desconhecido,2018-2022,desconhecido,False,none,v1,False,False,False
761009698759802776,val_sel,1,-0.5089612007141113,0.679203987121582,1.1881651878356934,0.7664127489403877,0.7634668528350437,1,1,FC_G1,agency_claim,g1,2018-2022,pt-BR,False,false_pure,checker,False,False,False
3588,val_sel,1,-0.425333172082901,0.5937716364860535,1.0191048085689545,0.7347981903531917,0.7081552705014856,1,1,Fake.br,portal,desconhecido,sem_data,desconhecido,False,none,v1,False,False,False
93938178435267116,val_sel,1,-0.38678333163261414,0.4301106929779053,0.8168940246105194,0.6935766302735714,0.6330097090991256,1,1,EXT_LIARBR,external_claim,ext_liarbr,sem_data,pt-BR,False,false_pure,checker,False,False,False
13780,val_sel,0,-0.2532669007778168,0.27878832817077637,0.5320552289485931,0.6299623337922843,0.5160943928401146,1,0,FakeWhatsApp.BR_2018,whatsapp,desconhecido,2018-2022,desconhecido,False,none,v1,False,False,False
12987,val_sel,0,-0.2212124615907669,0.41751566529273987,0.6387281268835068,0.6544658953886432,0.5608080669487754,1,1,FakeWhatsApp.BR_2018,whatsapp,desconhecido,2018-2022,desconhecido,False,none,v1,False,False,False
30024,val_sel,1,-0.3262730538845062,0.3801043629646301,0.7063774168491364,0.6696002078113695,0.5887064746978032,1,1,fakes,agency_claim,desconhecido,sem_data,desconhecido,False,none,v1,False,False,False
680075481692954660,val_sel,1,-0.2640085220336914,0.41531333327293396,0.6793218553066254,0.6635873257327807,0.5776066811989325,1,1,FC_BOATOS,agency_claim,boatos.org,2018-2022,pt-BR,False,false_pure,checker_match,False,False,False
658402748376196975,val_sel,1,-0.5281888842582703,0.580628514289856,1.1088173985481262,0.751908572241268,0.738436544221797,1,1,FC_G1,agency_claim,g1,>=2023,pt-BR,False,false_pure,checker,False,False,False
28534,val_sel,1,-0.2639303505420685,0.3573281466960907,0.6212584972381592,0.6505047199841961,0.5535332713413619,1,0,fakes,agency_claim,desconhecido,2018-2022,desconhecido,False,none,v1,False,False,False
1063191174851347521,val_sel,1,-0.2690873444080353,0.5016903877258301,0.7707777321338654,0.6836891087971162,0.6147481391049735,1,1,FC_BOATOS,agency_claim,boatos.org,>=2023,pt-BR,False,false_pure,checker_match,False,False,False
14953,val_sel,0,-0.3582846224308014,0.5845434069633484,0.9428280293941498,0.7196705520573429,0.6808545221349397,1,1,FakeWhatsApp.BR_2018,whatsapp,desconhecido,2018-2022,desconhecido,False,none,v1,False,False,False
42752,val_sel,1,-0.3078698217868805,0.34943416714668274,0.6573039889335632,0.6586545071836661,0.5685148927650145,1,1,fakes,agency_claim,desconhecido,2018-2022,desconhecido,False,false_pure,v1,False,False,False
721094808016367058,val_sel,0,-0.33878931403160095,0.06512890011072159,0.40391821414232254,0.5996286880842239,0.46210538988482175,0,0,EXT_LIARBR,external_claim,ext_liarbr,sem_data,pt-BR,False,true_rating,checker,False,False,False
432612939011432699,val_sel,0,-0.3223065733909607,0.3774101734161377,0.6997167468070984,0.6681249682973593,0.5859817791611746,1,1,FC_POLIGRAFO,agency_claim,poligrafo,>=2023,pt-BR,True,true_rating,checker,False,False,False
801000064154656139,val_sel,1,-0.1956547349691391,0.2668952941894531,0.4625500291585922,0.6136189393222632,0.48677534357199886,0,0,FC_BOATOS,agency_claim,boatos.org,>=2023,pt-BR,False,false_pure,checker_match,False,False,False
1065628108486691833,val_sel,1,-0.13296231627464294,0.21125827729701996,0.3442205935716629,0.5852153898833233,0.43717695337916135,0,0,FC_POLIGRAFO,agency_claim,poligrafo,2018-2022,pt-BR,True,false_pure,checker,False,False,False
937130751115520303,val_sel,0,-0.19043593108654022,0.18747463822364807,0.3779105693101883,0.5933690589776156,0.4512143717856535,0,0,EXT_LIARBR,external_claim,ext_liarbr,sem_data,pt-BR,False,true_rating,checker,False,False,False
447968456261152654,val_sel,1,-0.41685211658477783,0.36419835686683655,0.7810504734516144,0.6859064708457792,0.6188461671087802,1,1,FC_EFARSAS,agency_claim,efarsas,<=2017,pt-BR,False,false_pure,checker,False,False,False
989245911441875910,val_sel,1,-0.4480310082435608,0.5119761824607849,0.9600071907043457,0.7231232448208876,0.687121583205105,1,1,FC_POLIGRAFO,agency_claim,poligrafo,>=2023,pt-BR,True,false_pure,checker,False,False,False
351971322658772883,val_sel,1,-0.3495683968067169,0.49093765020370483,0.8405060470104218,0.6985717846465896,0.6422177153060494,1,1,FC_POLIGRAFO,agency_claim,poligrafo,2018-2022,pt-BR,True,false_pure,checker,False,False,False
447,val_sel,0,-0.28639456629753113,0.39427563548088074,0.6806702017784119,0.6638882630786838,0.5781618109669411,1,1,COVID19.BR,covid,desconhecido,sem_data,desconhecido,False,none,v1,False,False,False
248850956740915237,val_sel,1,-0.3730781376361847,0.24105970561504364,0.6141378432512283,0.6488841212617946,0.5505612793548738,1,0,EXT_LIARBR,external_claim,ext_liarbr,sem_data,pt-BR,False,false_pure,checker,False,False,False
48991,val_sel,0,-0.22842024266719818,0.08076555281877518,0.30918579548597336,0.5766865106151357,0.4226854645761822,0,0,true,press_true,desconhecido,2018-2022,desconhecido,True,none,v1,False,False,False
47291,val_sel,0,-0.3294774293899536,0.4983629882335663,0.8278404176235199,0.6958981039493972,0.6372910359369555,1,1,true,press_true,desconhecido,2018-2022,desconhecido,False,none,v1,False,False,False
969321821177084644,val_sel,0,-0.3074932396411896,0.2791689932346344,0.586662232875824,0.6425989409943695,0.5390616027289175,1,0,EXT_LIARBR,external_claim,ext_liarbr,sem_data,pt-BR,False,true_rating,checker,False,False,False
1071674668714008358,val_sel,0,-0.2328445166349411,0.0823991671204567,0.3152436837553978,0.5781646661166139,0.4251824233512827,0,0,EXT_AVERITECBR,external_claim,ext_averitecbr,2018-2022,pt-BR,False,other,checker,False,False,False
28048,val_sel,1,-0.33290496468544006,0.5332072973251343,0.8661122620105743,0.7039360971701286,0.6520859347941608,1,1,fakes,agency_claim,desconhecido,2018-2022,desconhecido,False,false_pure,v1,False,False,False
40532,val_sel,1,-0.4210096299648285,0.4656299352645874,0.8866395652294159,0.7081962103128846,0.6599040810872261,1,1,fakes,agency_claim,desconhecido,2018-2022,desconhecido,True,false_pure,v1,False,False,False
1069617583697473043,val_sel,0,-0.2719743549823761,0.3776182532310486,0.6495926082134247,0.6569186519940633,0.5653193711222595,1,1,NEWS_OECO,press_true,oeco,<=2017,pt-BR,False,none,llm_local,False,False,False
1117234011393703870,val_sel,0,-0.39333999156951904,0.4426157474517822,0.8359557390213013,0.6976127648428296,0.6404511283166406,1,1,NEWS_ECO,press_true,eco,2018-2022,pt-PT,True,none,llm_local,False,False,False
26563,val_sel,1,-0.020504508167505264,-0.0682227835059166,-0.04771827533841133,0.48807269431935996,0.2861531786762471,0,0,fakes,agency_claim,desconhecido,2018-2022,desconhecido,False,none,v1,False,False,False
464067013699263544,val_sel,1,-0.6033663749694824,0.7701563835144043,1.3735227584838867,0.7979487119903459,0.815270538100374,1,1,FC_AFP,agency_claim,afp,>=2023,pt-BR,False,false_pure,checker,False,False,False
37367,val_sel,1,-0.35087713599205017,0.5374261140823364,0.8883032500743866,0.7085398988795097,0.660533991374216,1,1,fakes,agency_claim,desconhecido,2018-2022,desconhecido,True,none,v1,False,False,False
500021412159044014,val_sel,0,-0.29985281825065613,0.2870948612689972,0.5869476795196533,0.6426644955837398,0.5391813094934987,1,0,EXT_LIARBR,external_claim,ext_liarbr,sem_data,pt-BR,False,true_rating,checker,False,False,False
683447340244757727,val_sel,1,-0.5049285292625427,0.7028827667236328,1.2078112959861755,0.7699114540002039,0.7694024212873238,1,1,FC_G1,agency_claim,g1,2018-2022,pt-BR,False,false_pure,checker,False,False,False
302806238027547035,val_sel,0,-0.6040307283401489,0.7005306482315063,1.3045613765716553,0.7866016543340903,0.797094791366065,1,1,NEWS_PODER360,press_true,poder360,<=2017,pt-BR,False,none,llm_local,False,False,False
6131,val_sel,0,-0.4086149036884308,0.3514421284198761,0.7600570321083069,0.6813661159489394,0.6104539956616122,1,1,Fake.br,portal,desconhecido,sem_data,desconhecido,False,none,v1,False,False,False
1017013022373182719,val_sel,1,-0.4168788492679596,0.6239720582962036,1.0408509075641632,0.7390141559011767,0.7156823864343316,1,1,FC_COMPROVA,agency_claim,comprova,>=2023,pt-BR,False,hard,checker,False,False,False
15919,val_sel,0,-0.25574377179145813,0.49078500270843506,0.7465287744998932,0.6784218665497117,0.6050108248519911,1,1,FakeWhatsApp.BR_2018,whatsapp,desconhecido,2018-2022,desconhecido,False,none,v1,False,False,False
73332503784731433,val_sel,1,-0.41387879848480225,0.4494534134864807,0.863332211971283,0.7033563784520063,0.6510206657404388,1,1,FC_UOL,agency_claim,uol,sem_data,pt-BR,False,false_pure,checker,False,False,False
16107,val_sel,1,-0.38263535499572754,0.5063543319702148,0.8889896869659424,0.708681635429246,0.6607937272341591,1,1,FakeWhatsApp.BR_2018,whatsapp,desconhecido,2018-2022,desconhecido,False,none,v1,False,False,False
2306,val_sel,1,-0.25858113169670105,0.40203019976615906,0.6606113314628601,0.6593977022112708,0.5698836936715714,1,1,Fake.br,portal,desconhecido,sem_data,desconhecido,False,none,v1,False,False,False
3831,val_sel,0,-0.27746596932411194,0.412412166595459,0.6898781359195709,0.6659398169320665,0.5819474760533836,1,1,Fake.br,portal,desconhecido,sem_data,desconhecido,False,none,v1,False,False,False
304547237475173332,val_sel,1,-0.23441767692565918,0.32486045360565186,0.559278130531311,0.6362854971688771,0.5275586912566916,1,0,FC_BOATOS,agency_claim,boatos.org,>=2023,pt-BR,False,false_pure,checker_match,False,False,False
43737,val_sel,1,-0.3217666447162628,0.3227650225162506,0.6445316672325134,0.655777130533898,0.5632191945310703,1,1,fakes,agency_claim,desconhecido,2018-2022,desconhecido,False,false_pure,v1,False,False,False
42019,val_sel,1,-0.39407673478126526,0.3839854896068573,0.7780622243881226,0.6852623287369071,0.6176558027556908,1,1,fakes,agency_claim,desconhecido,2018-2022,desconhecido,True,false_pure,v1,False,False,False
308437875600282013,val_sel,1,-0.224568173289299,0.2645539343357086,0.48912210762500763,0.6198996015390966,0.49798434921416795,0,0,EXT_LIARBR,external_claim,ext_liarbr,sem_data,pt-BR,False,false_pure,checker,False,False,False
841090297606209996,val_sel,1,-0.42004385590553284,0.44764649868011475,0.8676903545856476,0.7042648816704754,0.6526899582414046,1,1,FC_BOATOS,agency_claim,boatos,<=2017,pt-BR,False,false_pure,checker,False,False,False
784386248393113519,val_sel,1,-0.5301717519760132,0.40144291520118713,0.9316146671772003,0.717402751608493,0.676728081701533,1,1,FC_AFP,agency_claim,afp,>=2023,pt-BR,False,false_pure,checker,False,False,False
497759666293785474,val_sel,1,-0.4109886586666107,0.5174565315246582,0.9284451901912689,0.7167597418545786,0.6755566953303402,1,1,FC_POLIGRAFO,agency_claim,poligrafo,>=2023,pt-BR,True,false_pure,checker,False,False,False
358555033534303209,val_sel,1,-0.38097134232521057,0.5021483898162842,0.8831197321414948,0.7074682888552962,0.6585695262345488,1,1,FC_POLIGRAFO,agency_claim,poligrafo,>=2023,pt-BR,True,false_pure,checker,False,False,False
13063,val_sel,1,-0.407145619392395,0.49578216671943665,0.9029277861118317,0.7115507917760869,0.6660465694645357,1,1,FakeWhatsApp.BR_2018,whatsapp,desconhecido,2018-2022,desconhecido,False,none,v1,False,False,False
86040655513992289,val_sel,1,-0.3587619960308075,0.36332473158836365,0.7220867276191711,0.6730663631004034,0.595110939316202,1,1,FC_POLIGRAFO,agency_claim,poligrafo,>=2023,pt-BR,True,other,checker,False,False,False
970471933783258488,val_sel,1,-0.17053155601024628,0.1999390870332718,0.37047064304351807,0.5915726974876562,0.4481069281536717,0,0,EXT_LIARBR,external_claim,ext_liarbr,sem_data,pt-BR,False,false_pure,checker,False,False,False
143817538305256653,val_sel,1,-0.5944048166275024,0.7764610052108765,1.370865821838379,0.7975200040953087,0.8145942161747417,1,1,FC_BOATOS,agency_claim,boatos,>=2023,pt-BR,False,false_pure,checker,False,False,False
893485576311849960,val_sel,1,-0.4708249866962433,0.6403263807296753,1.1111513674259186,0.75234369960067,0.7391966913662418,1,1,FC_BOATOS,agency_claim,boatos,<=2017,pt-BR,False,false_pure,checker,False,False,False
668583083215202612,val_sel,0,-0.0760536789894104,0.23079055547714233,0.30684423446655273,0.5761147882605326,0.42172136323341974,0,0,EXT_LIARBR,external_claim,ext_liarbr,sem_data,pt-BR,False,true_rating,checker,False,False,False
6577,val_sel,0,-0.2938558757305145,0.3706580698490143,0.6645139455795288,0.6602736535619826,0.5714974834575157,1,1,Fake.br,portal,desconhecido,sem_data,desconhecido,False,none,v1,False,False,False
758964065788663465,val_sel,1,-0.24560070037841797,0.3118807375431061,0.557481437921524,0.6358695935843864,0.5268028178991022,1,0,FC_BOATOS_VIRAL,social,boatos,<=2017,pt-BR,False,false_pure,checker,False,False,False
590038855064548008,val_sel,0,-0.3042369782924652,0.3105754852294922,0.6148124635219574,0.6490378069296282,0.5508430080835528,1,0,EXT_LIARBR,external_claim,ext_liarbr,sem_data,pt-BR,False,true_rating,checker,False,False,False
11121,val_sel,1,-0.26559868454933167,0.41102224588394165,0.6766209304332733,0.6629841073027231,0.5764940907708308,1,1,FakeWhatsApp.BR_2018,whatsapp,desconhecido,2018-2022,desconhecido,False,none,v1,False,False,False
795210479608575555,val_sel,1,-0.39321333169937134,0.3977672755718231,0.7909806072711945,0.6880418471875046,0.622791506804314,1,1,FC_UOL,agency_claim,uol,sem_data,pt-BR,False,false_pure,checker,False,False,False
41957,val_sel,1,-0.11490348726511002,0.03635210916399956,0.15125559642910957,0.5377419706589233,0.35932079456109844,0,0,fakes,agency_claim,desconhecido,2018-2022,desconhecido,True,hard,v1,False,False,False
267504864972919638,val_sel,0,-0.18062883615493774,0.1508113145828247,0.33144015073776245,0.5821097463857374,0.4318767720031141,0,0,EXT_AVERITECBR,external_claim,ext_averitecbr,2018-2022,pt-BR,False,other,checker,False,False,False
26335,val_sel,1,0.25755494832992554,-0.2407187819480896,-0.49827373027801514,0.3779464342682499,0.1578134300593308,0,0,fakes,agency_claim,desconhecido,2018-2022,desconhecido,False,false_pure,v1,False,False,False
62512462236677868,val_sel,1,-0.46334108710289,0.569815456867218,1.033156543970108,0.7375273999100093,0.713032486482708,1,1,FC_AFP,agency_claim,afp,>=2023,pt-BR,False,false_pure,checker,False,False,False
855030434080385504,val_sel,1,-0.43844807147979736,0.5210533738136292,0.9595014452934265,0.7230219750633025,0.6869380430301311,1,1,FC_BOATOS,agency_claim,boatos,2018-2022,pt-BR,False,false_pure,checker,False,False,False
111229503660212211,val_sel,1,-0.4590340554714203,0.5848954916000366,1.043929547071457,0.7396075029022411,0.7167385134626695,1,1,FC_BOATOS,agency_claim,boatos,>=2023,pt-BR,False,false_pure,checker,False,False,False
160315801169272825,val_sel,1,-0.2737201154232025,0.3043361306190491,0.5780562460422516,0.6406200260436944,0.5354504866503395,1,0,FC_POLIGRAFO,agency_claim,poligrafo,>=2023,pt-BR,True,other,checker,False,False,False
42092,val_sel,1,-0.38562139868736267,0.40947094559669495,0.7950923442840576,0.6889237084255557,0.624420421923836,1,1,fakes,agency_claim,desconhecido,2018-2022,desconhecido,True,false_pure,v1,False,False,False
768718317191577471,val_sel,1,-0.49703100323677063,0.5275204181671143,1.0245514214038849,0.7358582125254296,0.7100515144439173,1,1,FC_ESTADAO,agency_claim,estadao,sem_data,pt-BR,False,hard,checker,False,False,False
11316,val_sel,1,-0.17529170215129852,0.3176391124725342,0.4929308146238327,0.6207966139265928,0.4995914210642436,0,0,FakeWhatsApp.BR_2018,whatsapp,desconhecido,2018-2022,desconhecido,False,none,v1,False,False,False
15672,val_sel,0,-0.2919362485408783,0.36933737993240356,0.6612736284732819,0.6595464333613817,0.5701576690971911,1,1,FakeWhatsApp.BR_2018,whatsapp,desconhecido,2018-2022,desconhecido,False,none,v1,False,False,False
32557,val_sel,1,-0.6078026294708252,0.6939401626586914,1.3017427921295166,0.786128145990474,0.7963242990985157,1,1,fakes,agency_claim,desconhecido,2018-2022,desconhecido,False,other,v1,False,False,False
15432,val_sel,0,-0.21443738043308258,0.4916817843914032,0.7061191648244858,0.6695430707237046,0.5886009311100612,1,1,FakeWhatsApp.BR_2018,whatsapp,desconhecido,2018-2022,desconhecido,False,none,v1,False,False,False
407704700987782872,val_sel,0,-0.17051877081394196,0.23063473403453827,0.4011535048484802,0.5989647704715108,0.4609457296358226,0,0,FC_POLIGRAFO,agency_claim,poligrafo,>=2023,pt-BR,True,true_rating,checker,False,False,False
921493280535512445,val_sel,1,-0.10283329337835312,0.04514564946293831,0.14797894284129143,0.5369273747018645,0.3580486534144515,0,0,EXT_LIARBR,external_claim,ext_liarbr,sem_data,pt-BR,False,false_pure,checker,False,False,False
1133118317491693622,val_sel,1,-0.15145039558410645,0.29860177636146545,0.4500521719455719,0.6106516382251341,0.48150723085286673,0,0,FC_UOL,agency_claim,uol,sem_data,pt-BR,False,hard,checker,False,False,False
2489,val_sel,0,-0.372892826795578,0.41709861159324646,0.7899914383888245,0.6878294922359444,0.6223992195688255,1,1,Fake.br,portal,desconhecido,sem_data,desconhecido,False,none,v1,False,False,False
14586,val_sel,0,-0.1588495522737503,0.37719008326530457,0.5360396355390549,0.6308906560484726,0.5177736818798617,1,0,FakeWhatsApp.BR_2018,whatsapp,desconhecido,2018-2022,desconhecido,False,none,v1,False,False,False
792890615200488237,val_sel,0,-0.1524440497159958,0.187368243932724,0.3398122936487198,0.5841449260980555,0.435347101403545,0,0,FC_POLIGRAFO,agency_claim,poligrafo,>=2023,pt-BR,True,true_rating,checker,False,False,False
795751654961378161,val_sel,1,-0.4713580310344696,0.5821946859359741,1.0535527169704437,0.7414565345638671,0.7200243913021982,1,1,FC_BOATOS_VIRAL,social,boatos,>=2023,pt-BR,False,false_pure,checker,False,False,False
1099135451954614759,val_sel,1,-0.1706024557352066,-0.06094875559210777,0.10965370014309883,0.5273859899220927,0.3433211159244722,0,0,EXT_LIARBR,external_claim,ext_liarbr,sem_data,pt-BR,False,false_pure,checker_match,False,False,False
3578,val_sel,1,-0.42455193400382996,0.6216346621513367,1.0461865961551666,0.7400419488877604,0.7175112847357443,1,1,Fake.br,portal,desconhecido,sem_data,desconhecido,False,none,v1,False,False,False
936442820583002251,val_sel,0,-0.3764706552028656,0.5335872769355774,0.910057932138443,0.7130120173134035,0.6687179600097755,1,1,NEWS_BRASILDEFATO,press_true,brasildefato,<=2017,pt-BR,False,none,llm_local,False,False,False
782709533243006734,val_sel,1,-0.09135935455560684,0.12339811772108078,0.21475747227668762,0.5534839657569949,0.38434765820593125,0,0,FC_POLIGRAFO,agency_claim,poligrafo,>=2023,pt-BR,True,other,checker,False,False,False
39325,val_sel,1,-0.5161174535751343,0.6378169655799866,1.1539344191551208,0.7602288207522933,0.7528753306231541,1,1,fakes,agency_claim,desconhecido,2018-2022,desconhecido,False,hard,v1,False,False,False
1033944341589654177,val_sel,1,-0.13738973438739777,0.3105210065841675,0.44791074097156525,0.6101423792264016,0.4806049520685718,0,0,FC_COMPROVA,agency_claim,comprova,>=2023,pt-BR,False,other,checker,False,False,False
845583549423887138,val_sel,1,-0.3202851116657257,0.567115306854248,0.8874004185199738,0.7083534190354583,0.6601922284010315,1,1,FC_EFARSAS,agency_claim,efarsas,2018-2022,pt-BR,False,false_pure,checker,False,False,False
26871,val_sel,1,-0.13893626630306244,0.3444998562335968,0.48343612253665924,0.6185589361191285,0.49558525346781745,0,0,fakes,agency_claim,desconhecido,2018-2022,desconhecido,False,none,v1,False,False,False
6974,val_sel,1,-0.47470399737358093,0.5235647559165955,0.9982687532901764,0.7307180587379553,0.7008344083456676,1,1,Fake.br,portal,desconhecido,sem_data,desconhecido,False,none,v1,False,False,False
38771,val_sel,1,-0.49981313943862915,0.5597861409187317,1.0595992803573608,0.7426139598113735,0.7220770597984832,1,1,fakes,agency_claim,desconhecido,2018-2022,desconhecido,False,hard,v1,False,False,False
25511,val_sel,1,-0.27393409609794617,0.2902620732784271,0.5641961693763733,0.6374228958789663,0.5296270669212975,1,0,fakes,agency_claim,desconhecido,2018-2022,desconhecido,False,hard,v1,False,False,False
24846,val_sel,1,-0.31549856066703796,0.3359784781932831,0.651477038860321,0.6573432327716668,0.5661007728700732,1,1,fakes,agency_claim,desconhecido,2018-2022,desconhecido,False,false_pure,v1,False,False,False
4898,val_sel,1,-0.4347384572029114,0.6125472784042358,1.0472857356071472,0.7402533453886564,0.7178871463301126,1,1,Fake.br,portal,desconhecido,sem_data,desconhecido,False,none,v1,False,False,False
1093608541335510526,val_sel,1,-0.19612208008766174,0.27674639225006104,0.4728684723377228,0.616062460224303,0.49112705376570015,0,0,FC_OBSERVADOR,agency_claim,observador,>=2023,pt-PT,True,false_pure,checker,False,False,False
42844,val_sel,1,0.059946458786726,-0.20540273189544678,-0.2653491906821728,0.43404921626628923,0.21730208721653668,0,0,fakes,agency_claim,desconhecido,<=2017,desconhecido,False,none,v1,False,False,False
25928,val_sel,1,-0.25102904438972473,0.30934858322143555,0.5603776276111603,0.636539911521056,0.5280211905136444,1,0,fakes,agency_claim,desconhecido,2018-2022,desconhecido,False,none,v1,False,False,False
40011,val_sel,1,-0.535018801689148,0.6498757600784302,1.1848945617675781,0.7658267174624559,0.7624685444430831,1,1,fakes,agency_claim,desconhecido,2018-2022,desconhecido,False,hard,v1,False,False,False
68925492942896723,val_sel,1,-0.5081232786178589,0.6662535667419434,1.1743768453598022,0.7639352397018124,0.7592385487834976,1,1,FC_EFARSAS,agency_claim,efarsas,<=2017,pt-BR,False,false_pure,checker,False,False,False
1091128995055470466,val_sel,1,-0.21217434108257294,0.34408727288246155,0.5562616139650345,0.6355871094290417,0.5262895644725546,1,0,FC_POLIGRAFO,agency_claim,poligrafo,2018-2022,pt-BR,True,other,checker,False,False,False
62265305154140079,val_sel,1,-0.22472916543483734,0.4610993564128876,0.6858285218477249,0.665038319112175,0.5802837165453352,1,1,FC_BOATOS,agency_claim,boatos,2018-2022,pt-BR,False,false_pure,checker,False,False,False
3892,val_sel,1,-0.3897286057472229,0.4755695164203644,0.8652981221675873,0.7037663940630117,0.6517741268494439,1,1,Fake.br,portal,desconhecido,sem_data,desconhecido,False,none,v1,False,False,False
6047,val_sel,0,-0.1619139164686203,0.25501614809036255,0.41693006455898285,0.6027484084045652,0.46756852630127915,0,0,Fake.br,portal,desconhecido,sem_data,desconhecido,False,none,v1,False,False,False
792479614220798492,val_sel,1,-0.44781163334846497,0.6545397043228149,1.10235133767128,0.750700416149505,0.7363231625464113,1,1,FC_BOATOS_VIRAL,social,boatos,<=2017,pt-BR,False,false_pure,checker,False,False,False
25435,val_sel,1,-0.1734815537929535,0.38932496309280396,0.5628065168857574,0.637101665122528,0.5290427219203119,1,0,fakes,agency_claim,desconhecido,2018-2022,desconhecido,False,none,v1,False,False,False
56501961578594444,val_sel,1,-0.35845503211021423,0.5200298428535461,0.8784848749637604,0.7065081516039482,0.6568083705478353,1,1,FC_BOATOS,agency_claim,boatos,>=2023,pt-BR,False,false_pure,checker,False,False,False
25576,val_sel,1,-0.3400525450706482,0.484419584274292,0.8244721293449402,0.6951848235593655,0.6359759203407439,1,1,fakes,agency_claim,desconhecido,2018-2022,desconhecido,False,none,v1,False,False,False
27669,val_sel,1,-0.252654105424881,0.39191216230392456,0.6445662677288055,0.6557849409824307,0.5632335607461524,1,1,fakes,agency_claim,desconhecido,<=2017,desconhecido,False,false_pure,v1,False,False,False
41980,val_sel,1,-0.07741586863994598,-0.014979264698922634,0.06243660394102335,0.5156040821600802,0.32558504387856363,0,0,fakes,agency_claim,desconhecido,2018-2022,desconhecido,True,false_pure,v1,False,False,False
235234194995428539,val_sel,1,-0.6809828281402588,0.774488091468811,1.4554709196090698,0.8108389861710785,0.8352001404032262,1,1,FC_G1,agency_claim,g1,>=2023,pt-BR,False,false_pure,checker,False,False,False
372647685500601940,val_sel,1,-0.3431476056575775,0.4379832148551941,0.7811308205127716,0.685923780460377,0.6188781536028083,1,1,FC_UOL,agency_claim,uol,sem_data,pt-BR,False,false_pure,checker,False,False,False
498352106476254762,val_sel,1,-0.21438199281692505,0.19555866718292236,0.4099406599998474,0.6010736501441596,0.46463291426979675,0,0,EXT_LIARBR,external_claim,ext_liarbr,sem_data,pt-BR,False,false_pure,checker,False,False,False
572821077719921823,val_sel,1,-0.1637660413980484,0.22236238420009613,0.38612842559814453,0.5953503501946489,0.4546511526816932,0,0,EXT_LIARBR,external_claim,ext_liarbr,sem_data,pt-BR,False,false_pure,checker,False,False,False
95504505879688101,val_sel,0,-0.1372540444135666,0.16637149453163147,0.30362553894519806,0.5753285698299992,0.4203970900593362,0,0,FC_POLIGRAFO,agency_claim,poligrafo,>=2023,pt-BR,True,true_rating,checker,False,False,False
432214866620634663,val_sel,1,-0.546043336391449,0.6524900794029236,1.1985334157943726,0.7682637835834029,0.7666124175305697,1,1,FC_BOATOS,agency_claim,boatos.org,>=2023,pt-BR,False,false_pure,checker_match,False,False,False
818728462821209895,val_sel,1,-0.5546823143959045,0.6280150413513184,1.182697355747223,0.7654324488559653,0.7617962540313873,1,1,FC_BOATOS,agency_claim,boatos,2018-2022,pt-BR,False,false_pure,checker,False,False,False
918348955043707582,val_sel,1,-0.41477063298225403,0.4099692702293396,0.8247399032115936,0.6952415626483139,0.6360805447277792,1,1,FC_G1,agency_claim,g1,>=2023,pt-BR,False,false_pure,checker,False,False,False
486694784368427228,val_sel,1,-0.6423702836036682,0.657230019569397,1.2996003031730652,0.7857677070358925,0.795737170054294,1,1,FC_BEREIA,agency_claim,bereia,>=2023,pt-BR,False,hard,checker,False,False,False
26976,val_sel,1,-0.25836145877838135,0.3232732117176056,0.5816346704959869,0.6414434571938923,0.5369524852622916,1,0,fakes,agency_claim,desconhecido,2018-2022,desconhecido,False,none,v1,False,False,False
589736017273318583,val_sel,1,-0.44590339064598083,0.4593965411186218,0.9052999317646027,0.7120374213722441,0.6669365147377689,1,1,FC_UOL,agency_claim,uol,>=2023,pt-BR,False,false_pure,checker,False,False,False
30410,val_sel,1,-0.5606685876846313,0.6448900699615479,1.2055586576461792,0.7695121614521414,0.7687271707338638,1,1,fakes,agency_claim,desconhecido,sem_data,desconhecido,False,none,v1,False,False,False
10920,val_sel,0,-0.35236939787864685,0.5405272245407104,0.8928966224193573,0.7094875718602257,0.6622701980353366,1,1,FakeWhatsApp.BR_2018,whatsapp,desconhecido,2018-2022,desconhecido,False,none,v1,False,False,False
40741,val_sel,1,-0.4281163513660431,0.5413510203361511,0.9694673717021942,0.7250133209434847,0.6905439335174725,1,1,fakes,agency_claim,desconhecido,2018-2022,desconhecido,True,none,v1,False,False,False
232227726997038378,val_sel,1,-0.4317398965358734,0.5432028770446777,0.9749427735805511,0.7261036003801551,0.692515265674954,1,1,FC_BOATOS,agency_claim,boatos,2018-2022,pt-BR,False,false_pure,checker,False,False,False
644729689145094488,val_sel,1,-0.364519864320755,0.4240589439868927,0.7885788083076477,0.6875260917374052,0.6218387170450436,1,1,EXT_AVERITECBR,external_claim,ext_averitecbr,2018-2022,pt-BR,False,other,checker,False,False,False
42045,val_sel,1,-0.2331678867340088,0.1879057139158249,0.4210736006498337,0.6037401245074293,0.46930992215195255,0,0,fakes,agency_claim,desconhecido,2018-2022,desconhecido,True,hard,v1,False,False,False
629229602120477764,val_sel,1,-0.5161883234977722,0.7117421627044678,1.22793048620224,0.7734561557094072,0.7753719928459948,1,1,FC_BOATOS,agency_claim,boatos,>=2023,pt-BR,False,false_pure,checker,False,False,False
30666,val_sel,1,-0.2356201559305191,0.3517746329307556,0.5873947888612747,0.6427671662812097,0.5393688030920601,1,0,fakes,agency_claim,desconhecido,sem_data,desconhecido,False,none,v1,False,False,False
556790363094171952,val_sel,1,-0.42301541566848755,0.7165998220443726,1.13961523771286,0.7576089891809358,0.748351367472292,1,1,FC_BOATOS,agency_claim,boatos,2018-2022,pt-BR,False,false_pure,checker,False,False,False
7197,val_sel,0,-0.43150171637535095,0.6270694732666016,1.0585711896419525,0.7424174031189449,0.7217287005806455,1,1,Fake.br,portal,desconhecido,sem_data,desconhecido,False,none,v1,False,False,False
48020677037704830,val_sel,0,-0.25931885838508606,0.3010774552822113,0.5603963136672974,0.6365442346571606,0.528029050318534,1,0,NEWS_PODER360,press_true,poder360,<=2017,pt-BR,False,none,llm_local,False,False,False
1142304027319071395,val_sel,1,-0.19234079122543335,0.30214723944664,0.49448803067207336,0.6211631263019645,0.5002484877574691,1,0,EXT_LIARBR,external_claim,ext_liarbr,sem_data,pt-BR,False,false_pure,checker,False,False,False
31349,val_sel,1,-0.6148914098739624,0.7661052942276001,1.3809967041015625,0.799151027593224,0.817162790222757,1,1,fakes,agency_claim,desconhecido,sem_data,desconhecido,False,none,v1,False,False,False
32656,val_sel,1,-0.46332427859306335,0.5766834020614624,1.0400076806545258,0.7388514880690022,0.7153927038029435,1,1,fakes,agency_claim,desconhecido,2018-2022,desconhecido,False,none,v1,False,False,False
1143900699207597387,val_sel,1,-0.3947920501232147,0.45791593194007874,0.8527079820632935,0.7011348948000463,0.6469357923086066,1,1,FC_AOSFATOS,agency_claim,aosfatos,>=2023,pt-BR,False,false_pure,checker,False,False,False
1096629853403489318,val_sel,1,-0.4645308554172516,0.5120270252227783,0.9765578806400299,0.726424690962155,0.6930954242961141,1,1,FC_BOATOS,agency_claim,boatos.org,>=2023,pt-BR,False,false_pure,checker_match,False,False,False
837768643058031979,val_sel,0,-0.3729764521121979,0.4512823522090912,0.8242588043212891,0.6951396174893751,0.635892560957445,1,1,EXT_LIARBR,external_claim,ext_liarbr,sem_data,pt-BR,False,true_rating,checker,False,False,False
164500389201782261,val_sel,1,-0.6384260058403015,0.732395589351654,1.3708215951919556,0.7975128622007763,0.8145829421377481,1,1,FC_BOATOS_VIRAL,social,boatos,>=2023,pt-BR,False,false_pure,checker,False,False,False
693377048541809327,val_sel,0,-0.136847585439682,0.10185878723859787,0.23870637267827988,0.5593948305660652,0.39395584828897934,0,0,NEWS_ECO,press_true,eco,<=2017,pt-PT,True,none,llm_local,False,False,False
42519,val_sel,1,-0.23594816029071808,0.2637430727481842,0.4996912330389023,0.622386767076617,0.5024439578590497,1,0,fakes,agency_claim,desconhecido,2018-2022,desconhecido,False,false_pure,v1,False,False,False
443205828820401809,val_sel,1,-0.32546207308769226,0.45245978236198425,0.7779218554496765,0.6852320534760511,0.6175998521495127,1,1,FC_AFP,agency_claim,afp,2018-2022,pt-BR,False,false_pure,checker,False,False,False
34410,val_sel,1,-0.25804296135902405,0.3006119728088379,0.5586549341678619,0.6361412609175104,0.5272965250241458,1,0,fakes,agency_claim,desconhecido,2018-2022,desconhecido,False,none,v1,False,False,False
25934,val_sel,1,-0.20427344739437103,0.326987087726593,0.531260535120964,0.6297770637545965,0.5157594122890895,1,0,fakes,agency_claim,desconhecido,2018-2022,desconhecido,False,none,v1,False,False,False
941690059100697397,val_sel,0,-0.18732509016990662,0.16505354642868042,0.35237863659858704,0.5871942730069969,0.44056777340337333,0,0,FC_POLIGRAFO,agency_claim,poligrafo,>=2023,pt-BR,True,true_rating,checker,False,False,False
6145,val_sel,0,-0.31622615456581116,0.3368447721004486,0.6530709266662598,0.6577021549242857,0.5667614412747158,1,1,Fake.br,portal,desconhecido,sem_data,desconhecido,False,none,v1,False,False,False
1151267907503381227,val_sel,1,-0.6985683441162109,0.8266881704330444,1.5252565145492554,0.8213112252874959,0.8507789599024075,1,1,FC_BOATOS,agency_claim,boatos,>=2023,pt-BR,False,false_pure,checker,False,False,False
28961,val_sel,1,-0.329219251871109,0.4200751483440399,0.7492944002151489,0.6790249330806448,0.6061257578680653,1,1,fakes,agency_claim,desconhecido,2018-2022,desconhecido,False,none,v1,False,False,False
906778028345115936,val_sel,1,-0.34728342294692993,0.3233497142791748,0.6706331372261047,0.661644914720233,0.5740247902775223,1,1,FC_BOATOS,agency_claim,boatos,<=2017,pt-BR,False,false_pure,checker,False,False,False
356669451675685449,val_sel,1,-0.4209676682949066,0.5861636400222778,1.0071313083171844,0.7324583665121114,0.7039611777841475,1,1,FC_BOATOS,agency_claim,boatos,>=2023,pt-BR,False,false_pure,checker,False,False,False
3715,val_sel,0,-0.2439359873533249,0.17671357095241547,0.42064955830574036,0.6036386730094572,0.4691316756480365,0,0,Fake.br,portal,desconhecido,sem_data,desconhecido,False,none,v1,False,False,False
30274,val_sel,1,-0.2738182544708252,-0.01517492812126875,0.25864332634955645,0.5643027621735502,0.4020178451074586,0,0,fakes,agency_claim,desconhecido,sem_data,desconhecido,False,none,v1,False,False,False
37842,val_sel,1,-0.39661601185798645,0.6542518138885498,1.0508678257465363,0.7409415107214568,0.7191099681031246,1,1,fakes,agency_claim,desconhecido,2018-2022,desconhecido,True,none,v1,False,False,False
320996903831567429,val_sel,1,-0.051683053374290466,-0.020134534686803818,0.03154851868748665,0.5078864755593598,0.3142434334026657,0,0,FC_POLIGRAFO,agency_claim,poligrafo,>=2023,pt-BR,True,false_pure,checker,False,False,False
42552,val_sel,1,-0.5056496262550354,0.5609728097915649,1.0666224360466003,0.7439540660834802,0.7244496026646686,1,1,fakes,agency_claim,desconhecido,2018-2022,desconhecido,False,false_pure,v1,False,False,False
43376,val_sel,1,-0.24844931066036224,0.1276371031999588,0.37608641386032104,0.5929288478486395,0.45045211275865343,0,0,fakes,agency_claim,desconhecido,<=2017,desconhecido,False,none,v1,False,False,False
7940,val_sel,1,-0.2848788797855377,0.2427835315465927,0.5276624113321304,0.6289377416994564,0.5142425528797825,1,0,Fake.br,portal,desconhecido,sem_data,desconhecido,False,none,v1,False,False,False
887389197632804030,val_sel,1,-0.6570031046867371,0.781428337097168,1.438431441783905,0.8082116336848301,0.8312034450050102,1,1,FC_EFARSAS,agency_claim,efarsas,2018-2022,pt-BR,False,false_pure,checker,False,False,False
823438591800063857,val_sel,1,-0.362964391708374,0.5109463930130005,0.8739107847213745,0.7055587988515094,0.655066063673542,1,1,FC_BOATOS,agency_claim,boatos.org,>=2023,pt-BR,False,false_pure,checker_match,False,False,False
6738,val_sel,1,-0.33642491698265076,0.3974805176258087,0.7339054346084595,0.6756617075561422,0.5999081306313739,1,1,Fake.br,portal,desconhecido,sem_data,desconhecido,False,none,v1,False,False,False
486465143507047801,val_sel,1,-0.43448731303215027,0.44657325744628906,0.8810605704784393,0.7070419491358684,0.6577876212681926,1,1,FC_OBSERVADOR,agency_claim,observador,>=2023,pt-PT,True,false_pure,checker,False,False,False
47782,val_sel,0,-0.2463112473487854,0.32552817463874817,0.5718394219875336,0.639187503745946,0.532839539141275,1,0,true,press_true,desconhecido,2018-2022,desconhecido,False,none,v1,False,False,False
337226781333956128,val_sel,1,-0.4591238498687744,0.7436995506286621,1.2028234004974365,0.7690266699111356,0.7679053936992073,1,1,FC_EFARSAS,agency_claim,efarsas,2018-2022,pt-BR,False,hard,checker,False,False,False
34362,val_sel,1,-0.5139085054397583,0.6248347759246826,1.138743281364441,0.7574488292366406,0.7480741157797584,1,1,fakes,agency_claim,desconhecido,2018-2022,desconhecido,False,false_pure,v1,False,False,False
925111270973045895,val_sel,1,-0.5745053291320801,0.6297706365585327,1.2042759656906128,0.76928458046513,0.7683420539655204,1,1,FC_EFARSAS,agency_claim,efarsas,<=2017,pt-BR,False,false_pure,checker,False,False,False
31916,val_sel,1,-0.24851728975772858,0.39069029688835144,0.63920758664608,0.6545743125255644,0.5610073727896062,1,1,fakes,agency_claim,desconhecido,2018-2022,desconhecido,False,other,v1,False,False,False
2227,val_sel,0,-0.22642825543880463,0.37380096316337585,0.6002292186021805,0.6457087460785478,0.54474591676703,1,0,Fake.br,portal,desconhecido,sem_data,desconhecido,False,none,v1,False,False,False
26565,val_sel,1,-0.14154569804668427,0.11958010494709015,0.2611258029937744,0.5649130189491556,0.40302551218396254,0,0,fakes,agency_claim,desconhecido,2018-2022,desconhecido,False,none,v1,False,False,False
867834660850903734,val_sel,1,-0.6494641304016113,0.7034347057342529,1.3528988361358643,0.7946031483599856,0.8099705133625081,1,1,FC_BOATOS,agency_claim,boatos,>=2023,pt-BR,False,false_pure,checker,False,False,False
449838869241137096,val_sel,0,-0.28063634037971497,0.3265957534313202,0.6072320938110352,0.647309147008604,0.5476755293313844,1,0,FC_POLIGRAFO,agency_claim,poligrafo,2018-2022,pt-BR,True,true_rating,checker,False,False,False
1001480219326690819,val_sel,1,-0.3593594431877136,0.5175633430480957,0.8769227862358093,0.7061841412043677,0.6562138305943125,1,1,FC_BOATOS_VIRAL,social,boatos,>=2023,pt-BR,False,false_pure,checker,False,False,False
834927809983803574,val_sel,1,-0.45520439743995667,0.37385573983192444,0.8290601372718811,0.6961561641252915,0.6377667586469111,1,1,FC_EFARSAS,agency_claim,efarsas,>=2023,pt-BR,False,false_pure,checker,False,False,False
514522135172662923,val_sel,0,-0.4057687222957611,0.6089243292808533,1.0146930515766144,0.7339375820225048,0.7066139809764417,1,1,NEWS_OECO,press_true,oeco,<=2017,pt-BR,False,none,llm_local,False,False,False
48369337460040568,val_sel,1,-0.5900319814682007,0.714240312576294,1.3042722940444946,0.7865531250676264,0.7970158674535038,1,1,FC_BOATOS,agency_claim,boatos.org,>=2023,pt-BR,False,false_pure,checker_match,False,False,False
1021281948615971056,val_sel,1,-0.04041488096117973,0.06269827485084534,0.10311315581202507,0.52575547295374,0.34083664911296574,0,0,FC_LUPA,agency_claim,lupa,>=2023,pt-BR,False,false_pure,checker_match,False,False,False
6136,val_sel,1,-0.5873079299926758,0.7484697103500366,1.3357776403427124,0.7917947183734267,0.8054828314405579,1,1,Fake.br,portal,desconhecido,sem_data,desconhecido,False,none,v1,False,False,False
33960951210553849,val_sel,1,-0.4996747672557831,0.7097891569137573,1.2094639241695404,0.7702040828610824,0.7698969341432924,1,1,FC_ESTADAO,agency_claim,estadao,sem_data,pt-BR,False,hard,checker,False,False,False
735178072893575499,val_sel,1,-0.5371570587158203,0.6696789860725403,1.2068360447883606,0.7697386449141446,0.769110249712618,1,1,FC_AFP,agency_claim,afp,>=2023,pt-BR,False,false_pure,checker,False,False,False
6778,val_sel,1,-0.4267691671848297,0.38399672508239746,0.8107658922672272,0.6922726872834339,0.6306036420027898,1,1,Fake.br,portal,desconhecido,sem_data,desconhecido,False,none,v1,False,False,False
35494,val_sel,1,-0.34865403175354004,0.4694570302963257,0.8181110620498657,0.6938352239598312,0.6334867666110724,1,1,fakes,agency_claim,desconhecido,2018-2022,desconhecido,True,none,v1,False,False,False
3643,val_sel,0,-0.207761749625206,0.24927875399589539,0.4570405036211014,0.6123118669508548,0.48445252976373404,0,0,Fake.br,portal,desconhecido,sem_data,desconhecido,False,none,v1,False,False,False
40086,val_sel,1,-0.26634863018989563,0.41165637969970703,0.6780050098896027,0.6632932909344079,0.5770643314670062,1,1,fakes,agency_claim,desconhecido,2018-2022,desconhecido,False,none,v1,False,False,False
30668,val_sel,1,-0.4622196555137634,0.551200270652771,1.0134199261665344,0.7336889007082181,0.7061683184043565,1,1,fakes,agency_claim,desconhecido,sem_data,desconhecido,False,none,v1,False,False,False
354066074145662703,val_sel,1,-0.6216287612915039,0.6894708871841431,1.311099648475647,0.7876971086807526,0.7988737296521622,1,1,FC_BOATOS,agency_claim,boatos,2018-2022,pt-BR,False,false_pure,checker,False,False,False
793089856170136737,val_sel,0,-0.18739278614521027,0.16879786550998688,0.35619065165519714,0.5881179864779583,0.44215412723214403,0,0,FC_POLIGRAFO,agency_claim,poligrafo,>=2023,pt-BR,True,true_rating,checker,False,False,False
511557957987487488,val_sel,1,-0.5005673170089722,0.7517825365066528,1.252349853515625,0.7777063669950176,0.7824688660359136,1,1,FC_BOATOS,agency_claim,boatos,2018-2022,pt-BR,False,false_pure,checker,False,False,False
981740448652077521,val_sel,0,-0.5098053812980652,0.5554932355880737,1.065298616886139,0.7437018150914062,0.724003354748188,1,1,FC_EFARSAS,agency_claim,efarsas,<=2017,pt-BR,False,true_rating,checker,False,False,False
819343110547161873,val_sel,1,-0.39438536763191223,0.6224162578582764,1.0168016254901886,0.7343491268571898,0.7073512252980887,1,1,FC_BOATOS,agency_claim,boatos,2018-2022,pt-BR,False,false_pure,checker,False,False,False
41339,val_sel,1,-0.313039094209671,0.3108413517475128,0.6238804459571838,0.651100580167761,0.5546266588038026,1,0,fakes,agency_claim,desconhecido,2018-2022,desconhecido,True,hard,v1,False,False,False
15952,val_sel,0,-0.1816980391740799,0.3385156989097595,0.5202137380838394,0.6271977440673773,0.5111016168009391,1,0,FakeWhatsApp.BR_2018,whatsapp,desconhecido,2018-2022,desconhecido,False,none,v1,False,False,False
1664,val_sel,0,-0.40274545550346375,0.4025256633758545,0.8052711188793182,0.6911008939941776,0.6284407105834009,1,1,COVID19.BR,covid,desconhecido,sem_data,desconhecido,False,none,v1,False,False,False
40658,val_sel,1,-0.566361129283905,0.6397823691368103,1.2061434984207153,0.7696158743300232,0.7689026152974632,1,1,fakes,agency_claim,desconhecido,2018-2022,desconhecido,True,false_pure,v1,False,False,False
282463296465122324,val_sel,1,-0.5349164009094238,0.7336392402648926,1.2685556411743164,0.7804953972433489,0.7870885248245024,1,1,FC_COMPROVA,agency_claim,comprova,>=2023,pt-BR,False,false_pure,checker,False,False,False
221445178379022167,val_sel,1,-0.37172791361808777,0.33281928300857544,0.7045471966266632,0.6691951720197094,0.58795831664016,1,1,FC_BOATOS,agency_claim,boatos,2018-2022,pt-BR,False,false_pure,checker_match,False,False,False
377559525371894482,val_sel,1,-0.34607094526290894,0.31652402877807617,0.6625949740409851,0.6598430722374162,0.57070414760557,1,1,EXT_AVERITECBR,external_claim,ext_averitecbr,2018-2022,pt-BR,False,other,checker,False,False,False
360192446863935070,val_sel,1,-0.6266213655471802,0.725093424320221,1.3517147898674011,0.7944098339602742,0.8096627276261902,1,1,FC_ESTADAO,agency_claim,estadao,sem_data,pt-BR,False,hard,checker,False,False,False
753805246781763766,val_sel,1,-0.5728234052658081,0.6356920599937439,1.208515465259552,0.7700361723332009,0.7696132195012247,1,1,FC_LUPA,agency_claim,lupa,>=2023,pt-BR,False,false_pure,checker_match,False,False,False
305960595413620133,val_sel,1,-0.3592905104160309,0.44009605050086975,0.7993865609169006,0.689843245269694,0.6261186276786319,1,1,FC_SBT,agency_claim,sbt,>=2023,pt-BR,False,false_pure,checker_match,False,False,False
29493,val_sel,1,-0.39617258310317993,0.5336571931838989,0.9298297762870789,0.7170407495159301,0.6760686870039738,1,1,fakes,agency_claim,desconhecido,sem_data,desconhecido,False,none,v1,False,False,False
839740608547114302,val_sel,1,-0.12242493778467178,0.17010070383548737,0.29252564162015915,0.5726143390757659,0.41583913542626366,0,0,FC_POLIGRAFO,agency_claim,poligrafo,2018-2022,pt-BR,True,false_pure,checker,False,False,False
374370498983741699,val_sel,0,-0.5596933364868164,0.6312357783317566,1.190929114818573,0.7669071944903523,0.7643082386321527,1,1,NEWS_PODER360,press_true,poder360,<=2017,pt-BR,False,none,llm_local,False,False,False
1020254202697978037,val_sel,1,-0.15719671547412872,0.018736932426691055,0.17593364790081978,0.5438703117799429,0.36896449210407206,0,0,EXT_AVERITECBR,external_claim,ext_averitecbr,2018-2022,pt-BR,False,other,checker,False,False,False
12437,val_sel,0,-0.3026263415813446,0.3931206166744232,0.6957469582557678,0.6672441444992611,0.5843553309817686,1,1,FakeWhatsApp.BR_2018,whatsapp,desconhecido,2018-2022,desconhecido,False,none,v1,False,False,False
928518767180775792,val_sel,1,-0.2886672914028168,0.31076204776763916,0.5994293391704559,0.6455257371719479,0.5444110907627415,1,0,FC_BOATOS,agency_claim,boatos,>=2023,pt-BR,False,false_pure,checker,False,False,False
4431,val_sel,0,-0.4691435396671295,0.3366331458091736,0.8057766854763031,0.6912088121492269,0.6286399355822034,1,1,Fake.br,portal,desconhecido,sem_data,desconhecido,False,none,v1,False,False,False
420823437095845664,val_sel,1,-0.4287232756614685,0.4662010371685028,0.8949243128299713,0.7099053315850815,0.6630352401681822,1,1,FC_BOATOS_VIRAL,social,boatos,>=2023,pt-BR,False,false_pure,checker,False,False,False
40733,val_sel,1,-0.33583393692970276,0.4463442265987396,0.7821781635284424,0.6861493680768679,0.6192950107171586,1,1,fakes,agency_claim,desconhecido,2018-2022,desconhecido,True,false_pure,v1,False,False,False
2933,val_sel,0,-0.35185861587524414,0.41126808524131775,0.7631267011165619,0.6820321891791276,0.6116853256665937,1,1,Fake.br,portal,desconhecido,sem_data,desconhecido,False,none,v1,False,False,False
326122501000849875,val_sel,0,-0.0886983796954155,0.09760919958353043,0.18630757927894592,0.5464426351589862,0.37305040234192577,0,0,FC_POLIGRAFO,agency_claim,poligrafo,2018-2022,pt-BR,True,true_rating,checker,False,False,False
29708,val_sel,1,-0.310939759016037,0.40477660298347473,0.7157163619995117,0.6716630342514841,0.5925176012095722,1,1,fakes,agency_claim,desconhecido,sem_data,desconhecido,False,none,v1,False,False,False
936989830151010825,val_sel,1,-0.24743729829788208,0.241448312997818,0.4888856112957001,0.6198438757278764,0.49788456136833437,0,0,FC_POLIGRAFO,agency_claim,poligrafo,2018-2022,pt-BR,True,other,checker,False,False,False
17087,val_sel,1,-0.2333189696073532,0.4564741551876068,0.68979312479496,0.6659209047524055,0.5819125687618231,1,1,FakeWhatsApp.BR_2018,whatsapp,desconhecido,2018-2022,desconhecido,False,none,v1,False,False,False
984325243951184861,val_sel,1,-0.3931388854980469,0.49551084637641907,0.8886497318744659,0.7086114460504617,0.660665106186806,1,1,FC_EFARSAS,agency_claim,efarsas,<=2017,pt-BR,False,false_pure,checker,False,False,False
41442,val_sel,1,-0.10829772800207138,0.2513866722583771,0.35968440026044846,0.5889640341149931,0.4436090740270324,0,0,fakes,agency_claim,desconhecido,2018-2022,desconhecido,True,none,v1,False,False,False
431682102154745045,val_sel,1,-0.6550108194351196,0.8769600987434387,1.5319709181785583,0.822294500073542,0.8522119634685117,1,1,FC_EFARSAS,agency_claim,efarsas,<=2017,pt-BR,False,false_pure,checker,False,False,False
1101613207720542029,val_sel,0,-0.2168198674917221,0.03216368332505226,0.24898355081677437,0.5619263023076135,0.39810476795444844,0,0,EXT_LIARBR,external_claim,ext_liarbr,sem_data,pt-BR,False,true_rating,checker,False,False,False
188909166762320872,val_sel,0,-0.3329586088657379,0.11705075949430466,0.45000936836004257,0.610641461358453,0.4814891946241191,0,0,EXT_LIARBR,external_claim,ext_liarbr,sem_data,pt-BR,False,true_rating,checker,False,False,False
47123,val_sel,0,-0.23358865082263947,0.22189170122146606,0.45548035204410553,0.6119414439074067,0.48379488812997345,0,0,true,press_true,desconhecido,sem_data,desconhecido,False,none,v1,False,False,False
491367376704987654,val_sel,0,-0.3726744055747986,0.40739020705223083,0.7800646126270294,0.6856940392716324,0.6184536080130268,1,1,NEWS_BRASILDEFATO,press_true,brasildefato,<=2017,pt-BR,False,none,llm_local,False,False,False
29871,val_sel,1,-0.4258483350276947,0.4490966498851776,0.8749449849128723,0.7057736036860704,0.6554603653662867,1,1,fakes,agency_claim,desconhecido,sem_data,desconhecido,False,none,v1,False,False,False
509145421578759677,val_sel,1,-0.3432820737361908,0.41604575514793396,0.7593278288841248,0.6812077803783655,0.6101612840774603,1,1,FC_OBSERVADOR,agency_claim,observador,>=2023,pt-PT,True,false_pure,checker,False,False,False
17005,val_sel,0,-0.23090879619121552,0.29485711455345154,0.525765910744667,0.6284950376414523,0.5134429386091163,1,0,FakeWhatsApp.BR_2018,whatsapp,desconhecido,2018-2022,desconhecido,False,none,v1,False,False,False
589352798985769292,val_sel,1,-0.5537300109863281,0.5728938579559326,1.1266238689422607,0.7552153080355811,0.7441996324109142,1,1,FC_EFARSAS,agency_claim,efarsas,2018-2022,pt-BR,False,hard,checker,False,False,False
503582948884419712,val_sel,0,-0.21149615943431854,0.20795251429080963,0.4194486737251282,0.603351314805496,0.46862692583528,0,0,FC_POLIGRAFO,agency_claim,poligrafo,>=2023,pt-BR,True,true_rating,checker,False,False,False
47644,val_sel,0,-0.35692211985588074,0.4821661412715912,0.8390882611274719,0.6982731585188725,0.6416676933508465,1,1,true,press_true,desconhecido,2018-2022,desconhecido,False,true_rating,v1,False,False,False
964305617415856216,val_sel,0,-0.0953892320394516,0.06245005503296852,0.15783928707242012,0.5393781026815019,0.3618828468922338,0,0,EXT_LIARBR,external_claim,ext_liarbr,sem_data,pt-BR,False,true_rating,checker,False,False,False
121531145945416607,val_sel,1,-0.4781605899333954,0.6494571566581726,1.127617746591568,0.7553989947650954,0.7445188348629334,1,1,FC_UOL,agency_claim,uol,sem_data,pt-BR,False,false_pure,checker,False,False,False
25010,val_sel,1,0.15197046101093292,-0.1909032016992569,-0.3428736627101898,0.41511159935662517,0.19587090552429418,0,0,fakes,agency_claim,desconhecido,2018-2022,desconhecido,False,none,v1,False,False,False
41272507393515964,val_sel,1,-0.37562641501426697,0.5273065567016602,0.9029329717159271,0.7115518561007786,0.6660485162131663,1,1,FC_AFP,agency_claim,afp,>=2023,pt-BR,False,false_pure,checker,False,False,False
13231,val_sel,0,-0.25875866413116455,0.26817676424980164,0.5269354283809662,0.628768066113347,0.513936046239769,1,0,FakeWhatsApp.BR_2018,whatsapp,desconhecido,2018-2022,desconhecido,False,none,v1,False,False,False
43005,val_sel,1,-0.3316357433795929,0.3358815312385559,0.6675172746181488,0.6609470127437752,0.5727383725383793,1,1,fakes,agency_claim,desconhecido,2018-2022,desconhecido,False,false_pure,v1,False,False,False
4807,val_sel,0,-0.2766786217689514,0.38352087140083313,0.6601994931697845,0.6593052004008568,0.5697133050497379,1,1,Fake.br,portal,desconhecido,sem_data,desconhecido,False,none,v1,False,False,False
38826,val_sel,1,-0.5575305223464966,0.5129547119140625,1.070485234260559,0.7446891830138013,0.7257491595752765,1,1,fakes,agency_claim,desconhecido,2018-2022,desconhecido,False,false_pure,v1,False,False,False
1105786806516705468,val_sel,0,-0.16553747653961182,0.09811992198228836,0.2636573985219002,0.5655351478781394,0.40405396081833117,0,0,EXT_LIARBR,external_claim,ext_liarbr,sem_data,pt-BR,False,true_rating,checker,False,False,False
108223862475328491,val_sel,1,-0.35514962673187256,0.475109338760376,0.8302589654922485,0.696409683930903,0.6382340702815793,1,1,FC_BOATOS,agency_claim,boatos,>=2023,pt-BR,False,false_pure,checker,False,False,False
975205280112414505,val_sel,1,-0.45931652188301086,0.532211422920227,0.9915279448032379,0.7293896143958524,0.6984435796393184,1,1,FC_BOATOS,agency_claim,boatos,>=2023,pt-BR,False,false_pure,checker,False,False,False
348224008296247659,val_sel,0,-0.17627692222595215,0.11753900349140167,0.2938159257173538,0.5729300770092975,0.41636824210437273,0,0,EXT_AVERITECBR,external_claim,ext_averitecbr,2018-2022,pt-BR,False,other,checker,False,False,False
259489408997250294,val_sel,1,-0.5063492655754089,0.4780561029911041,0.9844053685665131,0.7279814626663755,0.6959055908229165,1,1,FC_G1,agency_claim,g1,>=2023,pt-BR,False,false_pure,checker,False,False,False
78656717191588128,val_sel,1,-0.30533334612846375,0.4146263599395752,0.7199597060680389,0.6725981440075213,0.5942456240583737,1,1,FC_OBSERVADOR,agency_claim,observador,2018-2022,pt-PT,True,hard,checker,False,False,False
177691053865901836,val_sel,1,-0.47243985533714294,0.5943115949630737,1.0667514503002167,0.7439786407724734,0.7244930683303217,1,1,FC_ESTADAO,agency_claim,estadao,sem_data,pt-BR,False,false_pure,checker,False,False,False
1057245608301050687,val_sel,0,-0.17639009654521942,0.30926313996315,0.48565323650836945,0.619081912684193,0.49652070541631715,0,0,NEWS_BRASILDEFATO,press_true,brasildefato,<=2017,pt-BR,False,none,llm_local,False,False,False
954570461754657432,val_sel,1,-0.2923988997936249,0.3435078561306,0.6359067559242249,0.6538275919969492,0.5596348606160778,1,0,FC_EFARSAS,agency_claim,efarsas,<=2017,pt-BR,False,false_pure,checker_match,False,False,False
278633007932651741,val_sel,1,-0.42450401186943054,0.49882325530052185,0.9233272671699524,0.7157195739657064,0.6736605509529136,1,1,FC_G1,agency_claim,g1,2018-2022,pt-BR,False,false_pure,checker,False,False,False
907135661381309694,val_sel,1,-0.547193706035614,0.7515140771865845,1.2987077832221985,0.785617424747676,0.7954922124039184,1,1,FC_BOATOS,agency_claim,boatos,<=2017,pt-BR,False,false_pure,checker,False,False,False
40066,val_sel,1,-0.5198652148246765,0.7267611622810364,1.246626377105713,0.7767153246196192,0.7808201255039938,1,1,fakes,agency_claim,desconhecido,2018-2022,desconhecido,False,none,v1,False,False,False
47975,val_sel,0,-0.46345359086990356,0.5333213806152344,0.9967749714851379,0.7304240272399466,0.7003055314455484,1,1,true,press_true,desconhecido,2018-2022,desconhecido,False,none,v1,False,False,False
47907,val_sel,0,-0.30208349227905273,0.2886943519115448,0.5907778441905975,0.6435435993615284,0.5407871096941674,1,0,true,press_true,desconhecido,<=2017,desconhecido,False,none,v1,False,False,False
632739639598118333,val_sel,1,-0.2250748872756958,0.15535405278205872,0.3804289400577545,0.5939765538932603,0.4522670978584286,0,0,EXT_LIARBR,external_claim,ext_liarbr,sem_data,pt-BR,False,false_pure,checker,False,False,False
224196240724488458,val_sel,0,-0.2513127624988556,0.36951810121536255,0.6208308637142181,0.6504074919607935,0.5533548930565407,1,0,EXT_LIARBR,external_claim,ext_liarbr,sem_data,pt-BR,False,true_rating,checker,False,False,False
553895198985899057,val_sel,0,-0.1040472760796547,0.1857174187898636,0.2897646948695183,0.5719385253639993,0.4147076071255779,0,0,EXT_LIARBR,external_claim,ext_liarbr,sem_data,pt-BR,False,true_rating,checker,False,False,False
313496107454645346,val_sel,1,-0.23661208152770996,0.3729476034641266,0.6095596849918365,0.6478403537329962,0.5486485428616206,1,0,FC_BOATOS,agency_claim,boatos,2018-2022,pt-BR,False,false_pure,checker,False,False,False
29812,val_sel,1,-0.3854665458202362,0.43470609188079834,0.8201726377010345,0.6942729850713706,0.6342942712437436,1,1,fakes,agency_claim,desconhecido,sem_data,desconhecido,False,none,v1,False,False,False
1013114332393931782,val_sel,0,-0.07638753205537796,0.008873642422258854,0.08526117447763681,0.5213023904290794,0.33410012366455283,0,0,FC_POLIGRAFO,agency_claim,poligrafo,2018-2022,pt-BR,True,true_rating,checker,False,False,False
47761,val_sel,0,-0.2920260727405548,0.43472719192504883,0.7267532646656036,0.6740923948965242,0.5970073041185311,1,1,true,press_true,desconhecido,2018-2022,desconhecido,False,none,v1,False,False,False
965868381588767692,val_sel,1,-0.19145001471042633,0.15170122683048248,0.3431512415409088,0.5849557935183147,0.43673291437515677,0,0,FC_POLIGRAFO,agency_claim,poligrafo,>=2023,pt-BR,True,false_pure,checker,False,False,False
213676709492555977,val_sel,1,-0.33504506945610046,0.42943719029426575,0.7644822597503662,0.682326088862785,0.6122286256238243,1,1,FC_POLIGRAFO,agency_claim,poligrafo,2018-2022,pt-BR,True,other,checker,False,False,False
815221057483287498,val_sel,1,-0.33214056491851807,0.3657984137535095,0.6979389786720276,0.6677306589163428,0.5852536455751793,1,1,FC_UOL,agency_claim,uol,sem_data,pt-BR,False,false_pure,checker,False,False,False
40548721536238290,val_sel,1,-0.37475642561912537,0.2942899167537689,0.6690463423728943,0.6612895864279449,0.5733697888394573,1,1,EXT_AVERITECBR,external_claim,ext_averitecbr,2018-2022,pt-BR,False,other,checker,False,False,False
1121399499296473870,val_sel,1,-0.2523045241832733,0.2875007688999176,0.5398052930831909,0.6317671227825058,0.5193604074904202,1,0,EXT_AVERITECBR,external_claim,ext_averitecbr,2018-2022,pt-BR,False,other,checker,False,False,False
739373015591117168,val_sel,1,-0.3627413809299469,0.6685975193977356,1.0313389003276825,0.7371753872379329,0.712404348545572,1,1,FC_BOATOS,agency_claim,boatos,2018-2022,pt-BR,False,false_pure,checker,False,False,False
318159681740177338,val_sel,1,-0.36102238297462463,0.4709564447402954,0.83197882771492,0.6967731798899339,0.6389040280325737,1,1,FC_G1,agency_claim,g1,2018-2022,pt-BR,False,false_pure,checker,False,False,False
717850728429683965,val_sel,1,-0.630867600440979,0.7413297295570374,1.3721973299980164,0.7977349333164072,0.8149333897133956,1,1,FC_COMPROVA,agency_claim,comprova,>=2023,pt-BR,False,other,checker,False,False,False
919322566472509740,val_sel,1,-0.44706985354423523,0.6587499380111694,1.1058197915554047,0.7513489702748818,0.7374581612573741,1,1,FC_AFP,agency_claim,afp,>=2023,pt-BR,False,false_pure,checker,False,False,False
532573527121159102,val_sel,1,-0.26464545726776123,0.5003314018249512,0.7649768590927124,0.6824332871608758,0.6124267887517738,1,1,EXT_LIARBR,external_claim,ext_liarbr,sem_data,pt-BR,False,false_pure,checker,False,False,False
41795,val_sel,1,-0.5095449686050415,0.5121336579322815,1.021678626537323,0.7352994465713811,0.7090522563865975,1,1,fakes,agency_claim,desconhecido,2018-2022,desconhecido,True,false_pure,v1,False,False,False
901003451433458196,val_sel,1,-0.5619398355484009,0.6136616468429565,1.1756014823913574,0.7641560171382136,0.7596161735220538,1,1,FC_FOLHA,agency_claim,folha,2018-2022,pt-BR,False,false_pure,checker_match,False,False,False
529990285082016352,val_sel,1,-0.2994178235530853,0.3621668517589569,0.6615846753120422,0.6596162738872623,0.5702863264427389,1,1,EXT_AVERITECBR,external_claim,ext_averitecbr,2018-2022,pt-BR,False,other,checker,False,False,False
31579,val_sel,1,-0.5199552178382874,0.548179030418396,1.0681342482566833,0.7442419395432501,0.7249586742134435,1,1,fakes,agency_claim,desconhecido,sem_data,desconhecido,False,none,v1,False,False,False
11622,val_sel,0,-0.22812248766422272,0.5042526125907898,0.7323751002550125,0.6753262554380983,0.5992880284023043,1,1,FakeWhatsApp.BR_2018,whatsapp,desconhecido,2018-2022,desconhecido,False,none,v1,False,False,False
587400713475119815,val_sel,1,-0.6615519523620605,0.7592070698738098,1.4207590222358704,0.8054573795725137,0.8269770822605312,1,1,FC_BOATOS,agency_claim,boatos,<=2017,pt-BR,False,false_pure,checker,False,False,False
562748445590470786,val_sel,0,-0.2758682668209076,0.14882846176624298,0.4246967285871506,0.6046065877202793,0.4708332212354095,0,0,EXT_AVERITECBR,external_claim,ext_averitecbr,2018-2022,pt-BR,False,other,checker,False,False,False
1108892331745310401,val_sel,1,-0.3182479739189148,0.38640832901000977,0.7046563029289246,0.6692193247625897,0.5880029285832712,1,1,FC_POLIGRAFO,agency_claim,poligrafo,2018-2022,pt-BR,True,other,checker,False,False,False
38671,val_sel,1,-0.5651381015777588,0.6867390871047974,1.2518771886825562,0.7776246423634053,0.7823330471129509,1,1,fakes,agency_claim,desconhecido,2018-2022,desconhecido,False,false_pure,v1,False,False,False
14040,val_sel,1,-0.444722980260849,0.5292609333992004,0.9739839136600494,0.7259128637030925,0.6921705476769959,1,1,FakeWhatsApp.BR_2018,whatsapp,desconhecido,2018-2022,desconhecido,False,none,v1,False,False,False
114055582037359435,val_sel,1,-0.6525528430938721,0.5948539972305298,1.2474068403244019,0.7768506500531358,0.7810454788837596,1,1,FC_BOATOS,agency_claim,boatos,>=2023,pt-BR,False,false_pure,checker,False,False,False
334228584790364530,val_sel,1,-0.2977079153060913,0.46709391474723816,0.7648018300533295,0.6823953539896104,0.6123566669432631,1,1,FC_BOATOS_VIRAL,social,boatos,>=2023,pt-BR,False,false_pure,checker,False,False,False
523181066841091919,val_sel,0,-0.22659693658351898,0.19005028903484344,0.4166472256183624,0.6026806826989527,0.4674496864479547,0,0,EXT_LIARBR,external_claim,ext_liarbr,sem_data,pt-BR,False,true_rating,checker,False,False,False
17268,val_sel,0,-0.22883789241313934,0.4577229619026184,0.6865608543157578,0.6652014354940846,0.5805847272840194,1,1,Fake.br_raw,portal,desconhecido,sem_data,desconhecido,False,none,v1,False,False,False
47931,val_sel,0,-0.580164909362793,0.5556869506835938,1.1358518600463867,0.7569172216674029,0.7471532959279733,1,1,true,press_true,desconhecido,<=2017,desconhecido,False,none,v1,False,False,False
459913760021219836,val_sel,1,-0.2724382281303406,0.36504611372947693,0.6374843418598175,0.6541845714738695,0.560290948704951,1,1,FC_OBSERVADOR,agency_claim,observador,>=2023,pt-PT,True,false_pure,checker,False,False,False
1120473058836763224,val_sel,1,-0.4215504825115204,0.473416268825531,0.8949667513370514,0.7099140712828399,0.6630512429973571,1,1,FC_ESTADAO,agency_claim,estadao,sem_data,pt-BR,False,false_pure,checker,False,False,False
585118454883874150,val_sel,1,-0.29844915866851807,0.24370385706424713,0.5421530157327652,0.6323131217781197,0.52034946588884,1,0,FC_POLIGRAFO,agency_claim,poligrafo,>=2023,pt-BR,True,other,checker,False,False,False
891528392366470367,val_sel,1,-0.39385178685188293,0.15726087987422943,0.5511126667261124,0.6343936996467395,0.5241224926807198,1,0,EXT_LIARBR,external_claim,ext_liarbr,sem_data,pt-BR,False,false_pure,checker,False,False,False
604333209813228886,val_sel,0,-0.29633334279060364,0.08990981429815292,0.38624315708875656,0.595377989661841,0.45469916578662134,0,0,EXT_LIARBR,external_claim,ext_liarbr,sem_data,pt-BR,False,true_rating,checker,False,False,False
397552427252148026,val_sel,1,-0.2921009957790375,0.37153708934783936,0.6636380851268768,0.6600771596696124,0.571135433009551,1,1,FC_AFP,agency_claim,afp,>=2023,pt-BR,False,hard,checker,False,False,False
199616321444616193,val_sel,0,-0.28244999051094055,0.2639411985874176,0.5463911890983582,0.6332979147138421,0.5221345321700903,1,0,EXT_AVERITECBR,external_claim,ext_averitecbr,2018-2022,pt-BR,False,other,checker,False,False,False
33567,val_sel,1,-0.3735928237438202,0.4492358863353729,0.8228287100791931,0.6948364666120331,0.6353335235549824,1,1,fakes,agency_claim,desconhecido,2018-2022,desconhecido,False,false_pure,v1,False,False,False
34797,val_sel,1,-0.6525344252586365,0.7449015378952026,1.3974359631538391,0.8017766993630403,0.8212718583517625,1,1,fakes,agency_claim,desconhecido,sem_data,desconhecido,False,other,v1,False,False,False
51117,val_sel,1,-0.5824368000030518,0.5408689975738525,1.1233057975769043,0.7546013929724731,0.7431320775902538,1,1,MuMiN-PT,social,desconhecido,sem_data,desconhecido,False,none,v1,False,False,False
1006743636209122941,val_sel,1,-0.5116581320762634,0.5202058553695679,1.0318639874458313,0.7372771090600789,0.7125858913814634,1,1,FC_AOSFATOS,agency_claim,aosfatos,>=2023,pt-BR,False,false_pure,checker,False,False,False
27055,val_sel,1,-0.10833609104156494,-0.0836573988199234,0.02467869222164154,0.5061693599441125,0.3117501975894349,0,0,fakes,agency_claim,desconhecido,2018-2022,desconhecido,False,none,v1,False,False,False
8607,val_sel,0,-0.2780549228191376,0.40290459990501404,0.6809595227241516,0.6639528192774118,0.5782809020473302,1,1,Fake.br,portal,desconhecido,sem_data,desconhecido,False,none,v1,False,False,False
940593297494356564,val_sel,1,-0.4538227915763855,0.5198689699172974,0.9736917614936829,0.7258547322848639,0.692065473937173,1,1,FC_EFARSAS,agency_claim,efarsas,<=2017,pt-BR,False,false_pure,checker,False,False,False
12764,val_sel,1,-0.46476641297340393,0.6734990477561951,1.138265460729599,0.7573610331831649,0.7479220995912248,1,1,FakeWhatsApp.BR_2018,whatsapp,desconhecido,2018-2022,desconhecido,False,none,v1,False,False,False
476,val_sel,0,-0.3500806987285614,0.5065717101097107,0.8566524088382721,0.7019607724480348,0.6484549161923698,1,1,COVID19.BR,covid,desconhecido,sem_data,desconhecido,False,none,v1,False,False,False
25178,val_sel,1,-0.39721623063087463,0.46177443861961365,0.8589906692504883,0.7024497330981877,0.6493540398139889,1,1,fakes,agency_claim,desconhecido,2018-2022,desconhecido,False,none,v1,False,False,False
787965050131263721,val_sel,1,-0.2521917521953583,0.24138027429580688,0.49357202649116516,0.6209475487480219,0.4998619801154902,0,0,FC_POLIGRAFO,agency_claim,poligrafo,>=2023,pt-BR,True,false_pure,checker,False,False,False
1130446420133294791,val_sel,1,-0.20079129934310913,0.1193375289440155,0.32012882828712463,0.5793556482686487,0.42719878735638056,0,0,FC_POLIGRAFO,agency_claim,poligrafo,2018-2022,pt-BR,True,false_pure,checker,False,False,False
330519915112371081,val_sel,1,-0.34739986062049866,0.4359745681285858,0.7833744287490845,0.6864069245089636,0.6197709258705775,1,1,FC_POLIGRAFO,agency_claim,poligrafo,>=2023,pt-BR,True,false_pure,checker,False,False,False
32764,val_sel,1,-0.5495317578315735,0.6533743143081665,1.20290607213974,0.7690413541061395,0.767930261291791,1,1,fakes,agency_claim,desconhecido,2018-2022,desconhecido,False,none,v1,False,False,False
24701,val_sel,1,-0.298177033662796,0.46003490686416626,0.7582119405269623,0.6809654009030994,0.6097131984683539,1,1,fakes,agency_claim,desconhecido,sem_data,desconhecido,False,none,v1,False,False,False
41175,val_sel,1,-0.4056567847728729,0.4472047984600067,0.8528615832328796,0.7011670801249412,0.6469950048221009,1,1,fakes,agency_claim,desconhecido,2018-2022,desconhecido,True,false_pure,v1,False,False,False
7030,val_sel,1,-0.38934215903282166,0.5838783979415894,0.973220556974411,0.7257609574891205,0.6918959613377096,1,1,Fake.br,portal,desconhecido,sem_data,desconhecido,False,none,v1,False,False,False
966188406686940788,val_sel,1,-0.5652743577957153,0.6233921647071838,1.1886665225028992,0.7665024880141755,0.7636196213114446,1,1,FC_BOATOS,agency_claim,boatos,>=2023,pt-BR,False,false_pure,checker,False,False,False
29361,val_sel,1,-0.17282332479953766,0.3730953335762024,0.54591865837574,0.6331881712065123,0.521935535226309,1,0,fakes,agency_claim,desconhecido,2018-2022,desconhecido,False,none,v1,False,False,False
744813526537135458,val_sel,1,-0.6965388059616089,0.701352596282959,1.3978914022445679,0.8018490727245734,0.8213846621106987,1,1,FC_BOATOS,agency_claim,boatos,>=2023,pt-BR,False,false_pure,checker,False,False,False
789737090177610159,val_sel,1,-0.30531755089759827,0.24103707075119019,0.5463546216487885,0.6332894225527167,0.5221191327638214,1,0,FC_EFARSAS,agency_claim,efarsas,2018-2022,pt-BR,False,false_pure,checker,False,False,False
298985081909099732,val_sel,0,-0.11165664345026016,0.17806370556354523,0.2897203490138054,0.5719276683619557,0.41468944001766794,0,0,FC_POLIGRAFO,agency_claim,poligrafo,>=2023,pt-BR,True,true_rating,checker,False,False,False
44121,val_sel,1,-0.37244749069213867,0.6161237359046936,0.9885712265968323,0.7288056204965345,0.6973914726989864,1,1,fakes,agency_claim,desconhecido,2018-2022,desconhecido,False,none,v1,False,False,False
14395,val_sel,0,-0.4886815547943115,0.6238325834274292,1.1125141382217407,0.7525975273493495,0.739639868673271,1,1,FakeWhatsApp.BR_2018,whatsapp,desconhecido,2018-2022,desconhecido,False,none,v1,False,False,False
533744160086453242,val_sel,1,-0.168191060423851,0.09033998101949692,0.25853104144334793,0.5642751550284052,0.40197228680666813,0,0,FC_POLIGRAFO,agency_claim,poligrafo,>=2023,pt-BR,True,other,checker,False,False,False
39254,val_sel,1,-0.5087043046951294,0.5297995209693909,1.0385038256645203,0.7385612150880699,0.7148756277681204,1,1,fakes,agency_claim,desconhecido,2018-2022,desconhecido,False,false_pure,v1,False,False,False
883040556210741407,val_sel,1,-0.5527956485748291,0.5736665725708008,1.1264622211456299,0.7551854237591579,0.744147691449366,1,1,FC_BOATOS,agency_claim,boatos,2018-2022,pt-BR,False,false_pure,checker,False,False,False
917396393930084042,val_sel,0,-0.29423683881759644,0.38171055912971497,0.6759473979473114,0.6628335992600931,0.576216521586262,1,1,FC_POLIGRAFO,agency_claim,poligrafo,>=2023,pt-BR,True,true_rating,checker,False,False,False
146722185541495739,val_sel,1,-0.4785936772823334,0.4774545133113861,0.9560481905937195,0.7223298898150724,0.6856832579798714,1,1,FC_LUPA,agency_claim,lupa,>=2023,pt-BR,False,false_pure,checker_match,False,False,False
735125708498906166,val_sel,1,-0.4679934084415436,0.43877100944519043,0.906764417886734,0.7123376065310411,0.6674853449877922,1,1,FC_AFP,agency_claim,afp,>=2023,pt-BR,False,false_pure,checker,False,False,False
33843,val_sel,1,-0.2750912010669708,0.40386608242988586,0.6789572834968567,0.6635059341651792,0.5774565490483937,1,1,fakes,agency_claim,desconhecido,2018-2022,desconhecido,False,false_pure,v1,False,False,False
43715,val_sel,1,-0.3605102598667145,0.2675464153289795,0.628056675195694,0.6520486887148792,0.5563671063866898,1,0,fakes,agency_claim,desconhecido,2018-2022,desconhecido,False,false_pure,v1,False,False,False
922765261703314894,val_sel,1,-0.34498485922813416,0.41536688804626465,0.7603517472743988,0.6814300970572906,0.610572275564213,1,1,FC_LUPA,agency_claim,lupa,>=2023,pt-BR,False,false_pure,checker_match,False,False,False
34754,val_sel,1,-0.4430285096168518,0.5864782333374023,1.0295067429542542,0.7368202564920824,0.7117703660018229,1,1,fakes,agency_claim,desconhecido,2018-2022,desconhecido,False,none,v1,False,False,False
1075746693618211860,val_sel,1,-0.5265852212905884,0.5251965522766113,1.0517817735671997,0.7411169018012657,0.719421445715367,1,1,EXT_LIARBR,external_claim,ext_liarbr,sem_data,pt-BR,False,false_pure,checker,False,False,False
47483142337721225,val_sel,1,-0.20547114312648773,0.188293918967247,0.39376506209373474,0.5971887318295623,0.45784874703453315,0,0,FC_POLIGRAFO,agency_claim,poligrafo,>=2023,pt-BR,True,false_pure,checker,False,False,False
47736,val_sel,0,-0.27322661876678467,0.3103688061237335,0.5835954248905182,0.6418942932693571,0.5377752046968031,1,0,true,press_true,desconhecido,2018-2022,desconhecido,False,none,v1,False,False,False
29472,val_sel,1,-0.30604586005210876,0.5273338556289673,0.833379715681076,0.69706907832673,0.6394493330696148,1,1,fakes,agency_claim,desconhecido,sem_data,desconhecido,False,false_pure,v1,False,False,False
797753092459626474,val_sel,1,-0.5444874167442322,0.5570082664489746,1.1014956831932068,0.7505402466630888,0.7360426788067106,1,1,FC_COMPROVA,agency_claim,comprova,>=2023,pt-BR,False,false_pure,checker,False,False,False
721860541267488722,val_sel,0,-0.22118614614009857,0.2991243004798889,0.5203104466199875,0.6272203562501016,0.5111424027455329,1,0,FC_POLIGRAFO,agency_claim,poligrafo,>=2023,pt-BR,True,true_rating,checker,False,False,False
460333831266370389,val_sel,1,-0.570093035697937,0.8772637844085693,1.4473568201065063,0.8095913126820539,0.8333064900365642,1,1,FC_EFARSAS,agency_claim,efarsas,<=2017,pt-BR,False,false_pure,checker,False,False,False
48282,val_sel,0,-0.0925588458776474,0.22878210246562958,0.321340948343277,0.579651016728899,0.42769947256426233,0,0,true,press_true,desconhecido,2018-2022,desconhecido,True,none,v1,False,False,False
13950,val_sel,1,-0.15527690947055817,0.32288113236427307,0.47815804183483124,0.6173128289385279,0.4933584449596407,0,0,FakeWhatsApp.BR_2018,whatsapp,desconhecido,2018-2022,desconhecido,False,none,v1,False,False,False
606634736970881182,val_sel,1,-0.45222485065460205,0.6204255819320679,1.07265043258667,0.7451006279725046,0.7264759249340611,1,1,FC_UOL,agency_claim,uol,sem_data,pt-BR,False,false_pure,checker,False,False,False
42868,val_sel,1,-0.41570988297462463,0.20875507593154907,0.6244649589061737,0.6512333514344701,0.5548703367936143,1,0,fakes,agency_claim,desconhecido,2018-2022,desconhecido,False,false_pure,v1,False,False,False
218271025360146774,val_sel,0,-0.29282423853874207,0.3509580194950104,0.6437822580337524,0.655607944040268,0.5629080119131981,1,1,EXT_LIARBR,external_claim,ext_liarbr,sem_data,pt-BR,False,true_rating,checker,False,False,False
30700,val_sel,1,-0.24790717661380768,0.36732301115989685,0.6152301877737045,0.6491329534646857,0.5510174379136077,1,0,fakes,agency_claim,desconhecido,sem_data,desconhecido,False,none,v1,False,False,False
1037451272053070989,val_sel,1,-0.285986065864563,0.24342229962348938,0.5294083654880524,0.6293451120427507,0.5149786284783995,1,0,FC_POLIGRAFO,agency_claim,poligrafo,2018-2022,pt-BR,True,other,checker,False,False,False
45978256055866496,val_sel,1,-0.5313663482666016,0.6271902322769165,1.158556580543518,0.7610703390784218,0.7543239250565001,1,1,FC_AOSFATOS,agency_claim,aosfatos,>=2023,pt-BR,False,false_pure,checker,False,False,False
700340803327732529,val_sel,1,-0.09995028376579285,0.06868930906057358,0.16863959282636642,0.5420602650044503,0.3661028023013399,0,0,FC_POLIGRAFO,agency_claim,poligrafo,>=2023,pt-BR,True,other,checker,False,False,False
35752,val_sel,1,-0.2216462790966034,0.2455502599477768,0.4671965390443802,0.6147200005079232,0.4887347585147188,0,0,fakes,agency_claim,desconhecido,2018-2022,desconhecido,True,none,v1,False,False,False
44615,val_sel,1,-0.3537522554397583,0.4538634121417999,0.8076156675815582,0.6916011849200318,0.629364240774558,1,1,fakes,agency_claim,desconhecido,2018-2022,desconhecido,False,none,v1,False,False,False
1141794677364192208,val_sel,0,-0.3831759989261627,0.43048664927482605,0.8136626482009888,0.6928894427721077,0.6317418026000127,1,1,EXT_AVERITECBR,external_claim,ext_averitecbr,2018-2022,pt-BR,False,other,checker,False,False,False
31030,val_sel,1,-0.36522701382637024,0.4925970733165741,0.8578240871429443,0.7022058434096057,0.6489055899081311,1,1,fakes,agency_claim,desconhecido,sem_data,desconhecido,False,none,v1,False,False,False
1060109789540394393,val_sel,1,-0.31768473982810974,0.5049654841423035,0.8226502239704132,0.6947986193243453,0.6352637259719279,1,1,FC_G1,agency_claim,g1,2018-2022,pt-BR,False,false_pure,checker,False,False,False
30239,val_sel,1,-0.33022162318229675,0.5600401163101196,0.8902617394924164,0.7089441834558572,0.6612747940622851,1,1,fakes,agency_claim,desconhecido,sem_data,desconhecido,False,none,v1,False,False,False
867729859764102974,val_sel,1,-0.5413897633552551,0.7025279998779297,1.2439177632331848,0.7762452213668783,0.7800367381351352,1,1,FC_EFARSAS,agency_claim,efarsas,2018-2022,pt-BR,False,false_pure,checker,False,False,False
11145,val_sel,0,-0.29288730025291443,0.34357950091362,0.6364668011665344,0.6539543400745358,0.5598677967903071,1,0,FakeWhatsApp.BR_2018,whatsapp,desconhecido,2018-2022,desconhecido,False,none,v1,False,False,False
44350,val_sel,1,-0.060219813138246536,0.17788787186145782,0.23810768499970436,0.559247265421569,0.39371462112361655,0,0,fakes,agency_claim,desconhecido,<=2017,desconhecido,False,true_rating,v1,False,False,False
13259,val_sel,0,-0.4286887049674988,0.6366814374923706,1.0653701424598694,0.7437154483022658,0.7240274768216027,1,1,FakeWhatsApp.BR_2018,whatsapp,desconhecido,2018-2022,desconhecido,False,none,v1,False,False,False
39419,val_sel,1,-0.2888726592063904,0.4010424315929413,0.6899150907993317,0.6659480380111785,0.5819626502204001,1,1,fakes,agency_claim,desconhecido,2018-2022,desconhecido,False,none,v1,False,False,False
11241,val_sel,1,-0.5058589577674866,0.68719881772995,1.1930577754974365,0.7672874988277109,0.7649548262058662,1,1,FakeWhatsApp.BR_2018,whatsapp,desconhecido,2018-2022,desconhecido,False,none,v1,False,False,False
5174,val_sel,1,-0.3791590631008148,0.305697500705719,0.6848565638065338,0.6648217687318155,0.5798841202333359,1,1,Fake.br,portal,desconhecido,sem_data,desconhecido,False,none,v1,False,False,False
12021,val_sel,1,-0.45082056522369385,0.4665957987308502,0.9174163639545441,0.7145153796973208,0.671463527709493,1,1,FakeWhatsApp.BR_2018,whatsapp,desconhecido,2018-2022,desconhecido,False,none,v1,False,False,False
492434034507579415,val_sel,1,-0.6503615379333496,0.6858159303665161,1.3361774682998657,0.7918606246580785,0.8055885420304401,1,1,FC_G1,agency_claim,g1,>=2023,pt-BR,False,false_pure,checker,False,False,False
38844,val_sel,1,-0.19119535386562347,0.22536006569862366,0.41655541956424713,0.6026586989190498,0.46741111328115675,0,0,fakes,agency_claim,desconhecido,2018-2022,desconhecido,False,false_pure,v1,False,False,False
948035568837156721,val_sel,1,-0.08247692883014679,0.04490945115685463,0.12738637998700142,0.5318035994383453,0.3500999863582435,0,0,FC_POLIGRAFO,agency_claim,poligrafo,>=2023,pt-BR,True,false_pure,checker,False,False,False
206756552041509832,val_sel,1,-0.24182330071926117,0.25297996401786804,0.4948032647371292,0.6212373041897156,0.500381500615024,1,0,FC_BOATOS,agency_claim,boatos.org,>=2023,pt-BR,False,false_pure,checker_match,False,False,False
1859,val_sel,0,-0.4327312409877777,0.47946080565452576,0.9121920466423035,0.7134485137793176,0.6695154310629051,1,1,COVID19.BR,covid,desconhecido,sem_data,desconhecido,False,none,v1,False,False,False
913474574065254759,val_sel,0,-0.26550063490867615,0.3862777650356293,0.6517783999443054,0.6574111090595707,0.566225705485108,1,1,NEWS_OECO,press_true,oeco,<=2017,pt-BR,False,none,llm_local,False,False,False
10595,val_sel,0,-0.41365495324134827,0.48395273089408875,0.897607684135437,0.7104576329882952,0.6640463567081909,1,1,LLM4BR_300,llm,desconhecido,sem_data,desconhecido,False,none,v1,False,False,False
161619218838042224,val_sel,0,-0.3334844410419464,0.4647888243198395,0.7982732653617859,0.6896049947323257,0.6256786563473759,1,1,EXT_AVERITECBR,external_claim,ext_averitecbr,2018-2022,pt-BR,False,other,checker,False,False,False
203909515122393675,val_sel,1,-0.3262748122215271,0.44227948784828186,0.768554300069809,0.6832080768686208,0.6138589932171105,1,1,FC_LUPA,agency_claim,lupa,>=2023,pt-BR,False,false_pure,checker_match,False,False,False
1115459954882929498,val_sel,1,-0.3230021297931671,0.3282128572463989,0.651214987039566,0.6572842049718375,0.5659921295213486,1,1,FC_G1,agency_claim,g1,2018-2022,pt-BR,False,false_pure,checker,False,False,False
14027,val_sel,0,-0.17238888144493103,0.3073471486568451,0.4797360301017761,0.6176855401846013,0.49402417049743413,0,0,FakeWhatsApp.BR_2018,whatsapp,desconhecido,2018-2022,desconhecido,False,none,v1,False,False,False
1103035394454054425,val_sel,1,-0.4832215905189514,0.5927236080169678,1.0759451985359192,0.7457258831530549,0.727579531492143,1,1,FC_EFARSAS,agency_claim,efarsas,2018-2022,pt-BR,False,false_pure,checker,False,False,False
38480,val_sel,1,-0.5432189106941223,0.635371208190918,1.1785901188850403,0.7646942087000688,0.7605360381255393,1,1,fakes,agency_claim,desconhecido,2018-2022,desconhecido,True,none,v1,False,False,False
64601351634673421,val_sel,0,-0.1865224987268448,0.13803496956825256,0.32455746829509735,0.580434538786129,0.4290288221004685,0,0,FC_POLIGRAFO,agency_claim,poligrafo,>=2023,pt-BR,True,true_rating,checker,False,False,False
642066528914208488,val_sel,1,-0.3254084289073944,0.41722598671913147,0.7426344156265259,0.6775716615824436,0.6034390032384194,1,1,FC_AFP,agency_claim,afp,>=2023,pt-BR,False,false_pure,checker,False,False,False
468291861152851607,val_sel,1,-0.07192494720220566,0.0782802626490593,0.15020520985126495,0.5374808599169139,0.35891277181292447,0,0,FC_POLIGRAFO,agency_claim,poligrafo,>=2023,pt-BR,True,false_pure,checker,False,False,False
780040915714040425,val_sel,1,-0.3581843078136444,0.4484204053878784,0.8066047132015228,0.6913855177291061,0.6289661360281998,1,1,FC_ESTADAO,agency_claim,estadao,sem_data,pt-BR,False,false_pure,checker,False,False,False
876007578500886888,val_sel,1,-0.6358295679092407,0.7145470380783081,1.3503766059875488,0.79419119184885,0.8093144158989088,1,1,FC_BOATOS,agency_claim,boatos,>=2023,pt-BR,False,false_pure,checker,False,False,False
48097,val_sel,0,-0.13196372985839844,0.3420696556568146,0.474033385515213,0.6163379592825549,0.49161844212341616,0,0,true,press_true,desconhecido,2018-2022,desconhecido,False,none,v1,False,False,False
156956294184015708,val_sel,1,-0.4848644733428955,0.524182915687561,1.0090473890304565,0.7328336803605643,0.7046346893817689,1,1,FC_ESTADAO,agency_claim,estadao,sem_data,pt-BR,False,false_pure,checker,False,False,False
460337840670072170,val_sel,1,-0.6269663572311401,0.6644388437271118,1.291405200958252,0.7843849390496461,0.793479776903363,1,1,FC_BOATOS,agency_claim,boatos,2018-2022,pt-BR,False,false_pure,checker,False,False,False
33149,val_sel,1,-0.1709883064031601,0.12361571937799454,0.29460402578115463,0.5731228991890103,0.4166915131244761,0,0,fakes,agency_claim,desconhecido,2018-2022,desconhecido,False,none,v1,False,False,False
41724,val_sel,1,-0.09305161237716675,0.14861801266670227,0.24166962504386902,0.5601250609998237,0.3951505805595799,0,0,fakes,agency_claim,desconhecido,2018-2022,desconhecido,True,false_pure,v1,False,False,False
531190422375852065,val_sel,1,-0.3660806715488434,0.38404783606529236,0.7501285076141357,0.6792066996963997,0.6064618032947977,1,1,FC_BOATOS,agency_claim,boatos,<=2017,pt-BR,False,false_pure,checker,False,False,False
34736,val_sel,1,-0.6022503972053528,0.7875985503196716,1.3898489475250244,0.8005681273892585,0.8193844932458587,1,1,fakes,agency_claim,desconhecido,sem_data,desconhecido,False,none,v1,False,False,False
13384,val_sel,0,-0.24522185325622559,0.15246586501598358,0.39768771827220917,0.598131983025757,0.4594926001735497,0,0,FakeWhatsApp.BR_2018,whatsapp,desconhecido,2018-2022,desconhecido,False,none,v1,False,False,False
88752318558110459,val_sel,1,-0.5130661725997925,0.5524258613586426,1.065492033958435,0.7437386804705991,0.7240685818487135,1,1,FC_POLIGRAFO,agency_claim,poligrafo,>=2023,pt-BR,True,false_pure,checker,False,False,False
447624726074938205,val_sel,1,-0.4771765470504761,0.26479941606521606,0.7419759631156921,0.6774277937622889,0.6031730297416175,1,1,EXT_AVERITECBR,external_claim,ext_averitecbr,2018-2022,pt-BR,False,other,checker,False,False,False
380730562900234899,val_sel,0,-0.44046834111213684,0.5189368724822998,0.9594052135944366,0.7230027031743214,0.6869031129283886,1,1,NEWS_ECO,press_true,eco,>=2023,pt-PT,True,none,checker_match,False,False,False
697384008260683303,val_sel,1,-0.4254688322544098,0.4042007625102997,0.8296695947647095,0.6962850628421533,0.6380043620577799,1,1,FC_BOATOS,agency_claim,boatos,>=2023,pt-BR,False,false_pure,checker,False,False,False
555287178378100532,val_sel,1,-0.4369622766971588,0.5409461855888367,0.9779084622859955,0.7266930124689714,0.6935800947885062,1,1,FC_UOL,agency_claim,uol,sem_data,pt-BR,False,false_pure,checker,False,False,False
775,val_sel,1,-0.3146931827068329,0.40057873725891113,0.715271919965744,0.6715650131717613,0.5923364772079617,1,1,COVID19.BR,covid,desconhecido,sem_data,desconhecido,False,none,v1,False,False,False
24554580455736855,val_sel,0,-0.31891363859176636,0.3616108000278473,0.6805244386196136,0.6638557366175828,0.5781018080914061,1,1,FC_POLIGRAFO,agency_claim,poligrafo,>=2023,pt-BR,True,true_rating,checker,False,False,False
880445220755033387,val_sel,0,-0.44196945428848267,0.6081134080886841,1.0500828623771667,0.7407908107155072,0.7188422808442132,1,1,FC_POLIGRAFO,agency_claim,poligrafo,2018-2022,pt-BR,True,true_rating,checker,False,False,False
46182,val_sel,0,-0.399781733751297,0.4373774826526642,0.8371592164039612,0.6978665770352259,0.6409187325937741,1,1,COVID19.BR_raw,covid,desconhecido,sem_data,desconhecido,False,none,v1,False,False,False
712149717509790283,val_sel,1,-0.31931012868881226,0.5993391275405884,0.9186492562294006,0.714766802422756,0.6719224051565746,1,1,FC_BOATOS,agency_claim,boatos,>=2023,pt-BR,False,false_pure,checker,False,False,False
752732516782145909,val_sel,0,-0.3395339846611023,0.5214252471923828,0.8609592318534851,0.702861026402321,0.6501101836335498,1,1,NEWS_BRASILDEFATO,press_true,brasildefato,<=2017,pt-BR,False,none,llm_local,False,False,False
13965612954934935,val_sel,1,-0.5464776754379272,0.6513221859931946,1.1977998614311218,0.7681331598689332,0.7663908276762516,1,1,FC_BOATOS,agency_claim,boatos,2018-2022,pt-BR,False,false_pure,checker,False,False,False
15655,val_sel,0,-0.24351820349693298,0.49449482560157776,0.7380130290985107,0.6765612076932466,0.6015709697737286,1,1,FakeWhatsApp.BR_2018,whatsapp,desconhecido,2018-2022,desconhecido,False,none,v1,False,False,False
14944,val_sel,0,-0.18895135819911957,0.34441909193992615,0.5333704501390457,0.6302688722895828,0.5166487549589989,1,0,FakeWhatsApp.BR_2018,whatsapp,desconhecido,2018-2022,desconhecido,False,none,v1,False,False,False
918915391959801015,val_sel,0,-0.16926968097686768,0.1222715824842453,0.291541263461113,0.5723734178051502,0.41543560190947737,0,0,EXT_LIARBR,external_claim,ext_liarbr,sem_data,pt-BR,False,true_rating,checker,False,False,False
652407749066016710,val_sel,1,-0.46743902564048767,0.5671182870864868,1.0345573127269745,0.737798471519007,0.7135160018308423,1,1,FC_POLIGRAFO,agency_claim,poligrafo,>=2023,pt-BR,True,false_pure,checker,False,False,False
27839,val_sel,1,-0.31558412313461304,0.3654467463493347,0.6810308694839478,0.663968737942646,0.5783102685971901,1,1,fakes,agency_claim,desconhecido,2018-2022,desconhecido,False,none,v1,False,False,False
833,val_sel,0,-0.23191572725772858,0.3021252453327179,0.5340409725904465,0.6304251104974744,0.5169313626464666,1,0,COVID19.BR,covid,desconhecido,sem_data,desconhecido,False,none,v1,False,False,False
111771047518287385,val_sel,1,-0.5150430202484131,0.7668466567993164,1.2818896770477295,0.7827712695744147,0.7908355772047969,1,1,FC_G1,agency_claim,g1,2018-2022,pt-BR,False,false_pure,checker,False,False,False
47043,val_sel,0,-0.3365239202976227,0.42479416728019714,0.7613180875778198,0.681639836436721,0.6109600116993809,1,1,COVID19.BR_raw,covid,desconhecido,sem_data,desconhecido,False,none,v1,False,False,False
520665961744038359,val_sel,1,-0.16085714101791382,0.00019180453091394156,0.16104894554882776,0.540175438831895,0.3631347533893549,0,0,EXT_LIARBR,external_claim,ext_liarbr,sem_data,pt-BR,False,false_pure,checker,False,False,False
462706252643852355,val_sel,1,-0.544231653213501,0.6364495158195496,1.1806811690330505,0.7650702576641799,0.7611782013867843,1,1,FC_OBSERVADOR,agency_claim,observador,>=2023,pt-PT,True,false_pure,checker,False,False,False
10845,val_sel,1,-0.35432568192481995,0.44499728083610535,0.7993229627609253,0.6898296376730659,0.6260934994715334,1,1,FakeWhatsApp.BR_2018,whatsapp,desconhecido,2018-2022,desconhecido,False,none,v1,False,False,False
173381703333248026,val_sel,0,-0.12570850551128387,0.03626365587115288,0.16197216138243675,0.5404047441377569,0.3634951924074048,0,0,FC_POLIGRAFO,agency_claim,poligrafo,>=2023,pt-BR,True,true_rating,checker,False,False,False
25369,val_sel,1,-0.3157978653907776,0.41305628418922424,0.7288541495800018,0.674553773246929,0.5978601094634167,1,1,fakes,agency_claim,desconhecido,2018-2022,desconhecido,False,none,v1,False,False,False
1048682319750758281,val_sel,1,-0.22674493491649628,0.23962272703647614,0.4663676619529724,0.6145236711625235,0.48838519720005724,0,0,FC_POLIGRAFO,agency_claim,poligrafo,>=2023,pt-BR,True,false_pure,checker,False,False,False
8411,val_sel,0,-0.18489353358745575,0.27839821577072144,0.4632917493581772,0.6137947794840334,0.4870880983635212,0,0,Fake.br,portal,desconhecido,sem_data,desconhecido,False,none,v1,False,False,False
13004,val_sel,0,-0.4321296513080597,0.6486248970031738,1.0807545483112335,0.7466367480406594,0.7291854492560428,1,1,FakeWhatsApp.BR_2018,whatsapp,desconhecido,2018-2022,desconhecido,False,none,v1,False,False,False
154097580639558745,val_sel,1,-0.4633994996547699,0.6755637526512146,1.1389632523059845,0.7574892400314122,0.7481440779669738,1,1,FC_BOATOS,agency_claim,boatos,<=2017,pt-BR,False,false_pure,checker,False,False,False
184484717089452679,val_sel,1,-0.2135382443666458,0.24135816097259521,0.45489640533924103,0.6118027655401195,0.48354875477905196,0,0,FC_BOATOS,agency_claim,boatos.org,2018-2022,pt-BR,False,false_pure,checker_match,False,False,False
1077660042313632720,val_sel,1,-0.16369502246379852,0.09405495971441269,0.2577499821782112,0.5640831073672417,0.40165542793108167,0,0,EXT_AVERITECBR,external_claim,ext_averitecbr,2018-2022,pt-BR,False,other,checker,False,False,False
735240251196461588,val_sel,1,-0.3574622571468353,0.6016732454299927,0.959135502576828,0.7229486849556159,0.6868052021475902,1,1,FC_ESTADAO,agency_claim,estadao,sem_data,pt-BR,False,hard,checker,False,False,False
500657926347006715,val_sel,0,-0.2889955937862396,0.371595561504364,0.6605911552906036,0.6593931707823022,0.5698753466296216,1,1,EXT_AVERITECBR,external_claim,ext_averitecbr,2018-2022,pt-BR,False,other,checker,False,False,False
647160152221360975,val_sel,1,-0.4344358444213867,0.5392348766326904,0.9736707210540771,0.7258505454354672,0.6920579058872554,1,1,FC_BOATOS,agency_claim,boatos,<=2017,pt-BR,False,false_pure,checker,False,False,False
44720,val_sel,1,-0.30066531896591187,0.34139782190322876,0.6420631408691406,0.6552196873975047,0.562193983697303,1,1,fakes,agency_claim,desconhecido,2018-2022,desconhecido,False,none,v1,False,False,False
964936668230786224,val_sel,1,-0.5928103923797607,0.758701741695404,1.3515121340751648,0.7943767336640064,0.8096100102660069,1,1,FC_EFARSAS,agency_claim,efarsas,<=2017,pt-BR,False,false_pure,checker,False,False,False
33940,val_sel,1,-0.4301072061061859,0.5295044779777527,0.9596116840839386,0.7230440510728509,0.6869780548076125,1,1,fakes,agency_claim,desconhecido,2018-2022,desconhecido,False,none,v1,False,False,False
667136688161936139,val_sel,1,-0.5532687902450562,0.6173009872436523,1.1705697774887085,0.7632479902441134,0.7580620296244984,1,1,EXT_LIARBR,external_claim,ext_liarbr,sem_data,pt-BR,False,false_pure,checker,False,False,False
24859,val_sel,1,-0.5045135021209717,0.5916349291801453,1.096148431301117,0.7495377422432422,0.7342855191956169,1,1,fakes,agency_claim,desconhecido,2018-2022,desconhecido,False,none,v1,False,False,False
467931533197726336,val_sel,1,-0.15236510336399078,-0.07236433774232864,0.08000076562166214,0.5199895312550721,0.3321277751882571,0,0,FC_POLIGRAFO,agency_claim,poligrafo,>=2023,pt-BR,True,hard,checker,False,False,False
13510,val_sel,0,-0.27745360136032104,0.22275657951831818,0.5002101808786392,0.6225087232171049,0.5026629220168077,1,0,FakeWhatsApp.BR_2018,whatsapp,desconhecido,2018-2022,desconhecido,False,none,v1,False,False,False
660472109108772295,val_sel,1,-0.1448417454957962,0.0708175078034401,0.2156592532992363,0.5537068206732428,0.38470786996319273,0,0,FC_UOL,agency_claim,uol,2018-2022,pt-BR,False,false_pure,checker,False,False,False
247687244741110320,val_sel,1,-0.6348676085472107,0.7750073671340942,1.409874975681305,0.8037462232681714,0.824332772340077,1,1,FC_BOATOS_VIRAL,social,boatos,2018-2022,pt-BR,False,false_pure,checker,False,False,False
1000893153681596051,val_sel,1,-0.17694267630577087,0.06749943643808365,0.24444211274385452,0.5608080460297696,0.39626953526386344,0,0,FC_POLIGRAFO,agency_claim,poligrafo,>=2023,pt-BR,True,false_pure,checker,False,False,False
1104275796581848573,val_sel,1,-0.2460661679506302,0.40874379873275757,0.6548099666833878,0.6580935576151207,0.5674820047031428,1,1,FC_ESTADAO,agency_claim,estadao,sem_data,pt-BR,False,hard,checker,False,False,False
438183581383852622,val_sel,0,-0.4621172249317169,0.6036339998245239,1.0657512247562408,0.7437880769011548,0.7241559752228779,1,1,NEWS_ECO,press_true,eco,<=2017,pt-PT,True,none,llm_local,False,False,False
36595,val_sel,1,-0.36495712399482727,0.3133586347103119,0.6783157587051392,0.6633626885926859,0.5771923318032792,1,1,fakes,agency_claim,desconhecido,2018-2022,desconhecido,True,false_pure,v1,False,False,False
2128,val_sel,1,-0.34519681334495544,0.4454042613506317,0.7906010746955872,0.6879603784021043,0.6226410097512013,1,1,Fake.br,portal,desconhecido,sem_data,desconhecido,False,none,v1,False,False,False
1902,val_sel,0,-0.23776476085186005,0.3463400900363922,0.5841048508882523,0.6420113845241793,0.5379889229584699,1,0,COVID19.BR,covid,desconhecido,sem_data,desconhecido,False,none,v1,False,False,False
3376,val_sel,1,-0.34079864621162415,0.4938759207725525,0.8346745669841766,0.6973424342284895,0.6399530429615978,1,1,Fake.br,portal,desconhecido,sem_data,desconhecido,False,none,v1,False,False,False
268394553683856934,val_sel,1,-0.08497841656208038,0.013716381974518299,0.09869479853659868,0.5246536909404292,0.3391632341925222,0,0,FC_POLIGRAFO,agency_claim,poligrafo,>=2023,pt-BR,True,hard,checker,False,False,False
411848752212169011,val_sel,1,-0.14741036295890808,-0.07277583330869675,0.07463452965021133,0.5186499760324796,0.33012179697885813,0,0,EXT_LIARBR,external_claim,ext_liarbr,sem_data,pt-BR,False,false_pure,checker,False,False,False
248688934464138900,val_sel,1,-0.5031185746192932,0.6197494864463806,1.1228680610656738,0.7545203247099581,0.7429910229752098,1,1,FC_AFP,agency_claim,afp,>=2023,pt-BR,False,false_pure,checker,False,False,False
4658,val_sel,1,-0.5864830017089844,0.8112189769744873,1.3977019786834717,0.801818974036342,0.8213377522001319,1,1,Fake.br,portal,desconhecido,sem_data,desconhecido,False,none,v1,False,False,False
45741,val_sel,0,-0.5127332210540771,0.4862132668495178,0.998946487903595,0.730851395165978,0.7010741853695546,1,1,COVID19.BR_raw,covid,desconhecido,sem_data,desconhecido,False,none,v1,False,False,False
2807,val_sel,0,-0.31835076212882996,0.3506322205066681,0.668982982635498,0.6612753946097316,0.5733436296769828,1,1,Fake.br,portal,desconhecido,sem_data,desconhecido,False,none,v1,False,False,False
905055243730728258,val_sel,1,-0.33744463324546814,0.3672596216201782,0.7047042548656464,0.6692299395483022,0.5880225349591629,1,1,FC_POLIGRAFO,agency_claim,poligrafo,>=2023,pt-BR,True,false_pure,checker,False,False,False
104875606372773067,val_sel,1,-0.43269750475883484,0.4871716797351837,0.9198691844940186,0.7150154503901658,0.6723761344047833,1,1,FC_OBSERVADOR,agency_claim,observador,>=2023,pt-PT,True,false_pure,checker,False,False,False
395134818407709202,val_sel,1,-0.4143155515193939,0.5670545101165771,0.9813700616359711,0.7273799819136291,0.6948203724002335,1,1,FC_OBSERVADOR,agency_claim,observador,>=2023,pt-PT,True,false_pure,checker,False,False,False
607661771286872675,val_sel,0,-0.22418402135372162,0.1969521939754486,0.4211362153291702,0.6037551042199354,0.46933624294196963,0,0,EXT_LIARBR,external_claim,ext_liarbr,sem_data,pt-BR,False,true_rating,checker,False,False,False
833694304001764787,val_sel,1,-0.5611882209777832,0.7823024392127991,1.3434906601905823,0.7930633931649318,0.8075143909334304,1,1,FC_BOATOS,agency_claim,boatos,<=2017,pt-BR,False,false_pure,checker,False,False,False
4164,val_sel,1,-0.09492915123701096,0.2634979486465454,0.35842709988355637,0.5886596260402196,0.44308536745615323,0,0,Fake.br,portal,desconhecido,sem_data,desconhecido,False,none,v1,False,False,False
338890201332002061,val_sel,1,-0.03462645038962364,0.12352287024259567,0.15814932063221931,0.5394551293815718,0.36200369202150023,0,0,EXT_LIARBR,external_claim,ext_liarbr,sem_data,pt-BR,False,false_pure,checker,False,False,False
30720,val_sel,1,-0.4073069989681244,0.4287710189819336,0.836078017950058,0.6976385588611217,0.640498651290313,1,1,fakes,agency_claim,desconhecido,sem_data,desconhecido,False,false_pure,v1,False,False,False
829197252933886350,val_sel,1,-0.3992888629436493,0.5452091693878174,0.9444980323314667,0.7200073429168672,0.6814666741539225,1,1,FC_UOL,agency_claim,uol,sem_data,pt-BR,False,false_pure,checker,False,False,False
29391,val_sel,1,-0.34130433201789856,0.4455515444278717,0.7868558764457703,0.6871558279155584,0.6211546523702843,1,1,fakes,agency_claim,desconhecido,sem_data,desconhecido,False,none,v1,False,False,False
33177,val_sel,1,-0.6540800333023071,0.7901078462600708,1.444187879562378,0.8091023309767643,0.8325622173781173,1,1,fakes,agency_claim,desconhecido,2018-2022,desconhecido,False,none,v1,False,False,False
6194,val_sel,1,-0.49417176842689514,0.6239132881164551,1.1180850565433502,0.7536333413639231,0.7414464668772082,1,1,Fake.br,portal,desconhecido,sem_data,desconhecido,False,none,v1,False,False,False
205033743830807929,val_sel,1,-0.515844464302063,0.4012189209461212,0.9170633852481842,0.7144433725366648,0.6713320901384395,1,1,FC_BOATOS_VIRAL,social,boatos,<=2017,pt-BR,False,false_pure,checker,False,False,False
1014537092190949177,val_sel,0,-0.14604181051254272,0.05680282786488533,0.20284463837742805,0.550537992181436,0.37960117232114365,0,0,EXT_LIARBR,external_claim,ext_liarbr,sem_data,pt-BR,False,true_rating,checker,False,False,False
25308,val_sel,1,-0.07366552203893661,0.190108060836792,0.2637735828757286,0.5655636947541803,0.40410118046904725,0,0,fakes,agency_claim,desconhecido,2018-2022,desconhecido,False,none,v1,False,False,False
1004304750638508052,val_sel,1,-0.2604624032974243,0.4203910827636719,0.6808534860610962,0.6639291600217325,0.5782372560017764,1,1,FC_POLIGRAFO,agency_claim,poligrafo,>=2023,pt-BR,True,false_pure,checker,False,False,False
14570,val_sel,0,-0.33250728249549866,0.4415261447429657,0.7740334272384644,0.6843927584933827,0.6160487024141665,1,1,FakeWhatsApp.BR_2018,whatsapp,desconhecido,2018-2022,desconhecido,False,none,v1,False,False,False
6443,val_sel,0,-0.02954014018177986,0.11964061111211777,0.14918075129389763,0.5372261746951535,0.358515017371413,0,0,Fake.br,portal,desconhecido,sem_data,desconhecido,False,none,v1,False,False,False
6254,val_sel,1,-0.5422801375389099,0.6832174062728882,1.225497543811798,0.7730295677326927,0.7746559858946177,1,1,Fake.br,portal,desconhecido,sem_data,desconhecido,False,none,v1,False,False,False
684962199773047041,val_sel,0,-0.40842077136039734,0.4624658524990082,0.8708866238594055,0.7049301524841518,0.65391184129247,1,1,NEWS_PODER360,press_true,poder360,<=2017,pt-BR,False,none,llm_local,False,False,False
945927128026193646,val_sel,1,-0.3967331647872925,0.5121626257896423,0.9088957905769348,0.7127741542168706,0.6682832855060595,1,1,FC_POLIGRAFO,agency_claim,poligrafo,>=2023,pt-BR,True,other,checker,False,False,False
2252,val_sel,1,-0.3137940466403961,0.4588679373264313,0.7726619839668274,0.6840964528075748,0.6155010485397473,1,1,Fake.br,portal,desconhecido,sem_data,desconhecido,False,none,v1,False,False,False
969518359172575416,val_sel,1,-0.34291598200798035,0.49410343170166016,0.8370194137096405,0.6978370989870362,0.6408644267779495,1,1,EXT_LIARBR,external_claim,ext_liarbr,sem_data,pt-BR,False,false_pure,checker,False,False,False
33896,val_sel,1,-0.44167599081993103,0.5006039142608643,0.9422799050807953,0.7195599574871876,0.6806534669054586,1,1,fakes,agency_claim,desconhecido,2018-2022,desconhecido,False,false_pure,v1,False,False,False
4441,val_sel,0,-0.2651410400867462,0.22989927232265472,0.49504031240940094,0.6212930802631716,0.5004815227283406,1,0,Fake.br,portal,desconhecido,sem_data,desconhecido,False,none,v1,False,False,False
150036686476444588,val_sel,1,-0.3054659962654114,0.20978747308254242,0.5152534693479538,0.6260372005431959,0.5090094826017197,1,0,EXT_LIARBR,external_claim,ext_liarbr,sem_data,pt-BR,False,false_pure,checker,False,False,False
13241,val_sel,0,-0.2962356209754944,0.3860575556755066,0.682293176651001,0.6642503183446561,0.578829746415976,1,1,FakeWhatsApp.BR_2018,whatsapp,desconhecido,2018-2022,desconhecido,False,none,v1,False,False,False
804580032694087550,val_sel,1,-0.35726916790008545,0.3864889144897461,0.7437580823898315,0.6778170981574895,0.6038927528206627,1,1,FC_AOSFATOS,agency_claim,aosfatos,>=2023,pt-BR,False,false_pure,checker,False,False,False
33975,val_sel,1,-0.4962638318538666,0.6413229703903198,1.1375868022441864,0.7572362975223724,0.7477060833670337,1,1,fakes,agency_claim,desconhecido,2018-2022,desconhecido,False,none,v1,False,False,False
1030329027269929200,val_sel,0,-0.21897421777248383,0.46123191714286804,0.6802061349153519,0.6637847030287328,0.5779707715129531,1,1,NEWS_OECO,press_true,oeco,<=2017,pt-BR,False,none,llm_local,False,False,False
493437345813052450,val_sel,1,-0.25573399662971497,0.15429846942424774,0.4100324660539627,0.6010956635735216,0.46467145819919475,0,0,FC_POLIGRAFO,agency_claim,poligrafo,2018-2022,pt-BR,True,other,checker,False,False,False
49126228647948052,val_sel,1,-0.3014029860496521,0.3053792715072632,0.6067822575569153,0.6472064425809709,0.547487439974568,1,0,FC_BOATOS,agency_claim,boatos,<=2017,pt-BR,False,false_pure,checker,False,False,False
9090,val_sel,1,-0.28983283042907715,0.45337215065956116,0.7432049810886383,0.6776962994206241,0.6036694264413902,1,1,Fake.br,portal,desconhecido,sem_data,desconhecido,False,none,v1,False,False,False
44754,val_sel,1,-0.5072829723358154,0.6071459650993347,1.1144289374351501,0.7529538799435644,0.7402617422273773,1,1,fakes,agency_claim,desconhecido,2018-2022,desconhecido,False,false_pure,v1,False,False,False
13025,val_sel,1,-0.45589733123779297,0.6341122388839722,1.0900095701217651,0.7483835237191097,0.7322590487671773,1,1,FakeWhatsApp.BR_2018,whatsapp,desconhecido,2018-2022,desconhecido,False,none,v1,False,False,False
11868,val_sel,0,-0.23536548018455505,0.3633255660533905,0.5986910462379456,0.6453567811696577,0.5441020089546151,1,0,FakeWhatsApp.BR_2018,whatsapp,desconhecido,2018-2022,desconhecido,False,none,v1,False,False,False
35240,val_sel,1,-0.4331521689891815,0.4504412114620209,0.8835933804512024,0.7075663040119947,0.6587492582640234,1,1,fakes,agency_claim,desconhecido,sem_data,desconhecido,False,false_pure,v1,False,False,False
55896680188362778,val_sel,1,-0.22860778868198395,0.2820478677749634,0.5106556564569473,0.6249601630656668,0.5070699409789904,1,0,FC_POLIGRAFO,agency_claim,poligrafo,>=2023,pt-BR,True,hard,checker,False,False,False
120237168608679044,val_sel,1,-0.5652902126312256,0.7588596343994141,1.3241498470306396,0.7898713043773419,0.8023894770336846,1,1,FC_BOATOS,agency_claim,boatos,2018-2022,pt-BR,False,false_pure,checker,False,False,False
25476,val_sel,1,-0.37039515376091003,0.5657203793525696,0.9361155331134796,0.718314345826725,0.678387722711209,1,1,fakes,agency_claim,desconhecido,2018-2022,desconhecido,False,none,v1,False,False,False
558212867675680205,val_sel,1,-0.3736545741558075,0.36776039004325867,0.7414149641990662,0.6773051924278396,0.6029463732504362,1,1,FC_BOATOS,agency_claim,boatos,2018-2022,pt-BR,False,false_pure,checker,False,False,False
672369658515406300,val_sel,1,-0.41020467877388,0.575545072555542,0.985749751329422,0.7282476017169945,0.6963855553584796,1,1,FC_UOL,agency_claim,uol,>=2023,pt-BR,False,false_pure,checker,False,False,False
440596684131661415,val_sel,1,-0.10225317627191544,0.22604210674762726,0.3282952830195427,0.5813445352217711,0.4305749026768821,0,0,FC_POLIGRAFO,agency_claim,poligrafo,>=2023,pt-BR,True,false_pure,checker,False,False,False
7022,val_sel,1,-0.49304959177970886,0.4362447261810303,0.9292943179607391,0.7169320959773854,0.6758707353394404,1,1,Fake.br,portal,desconhecido,sem_data,desconhecido,False,none,v1,False,False,False
866562627085567810,val_sel,1,-0.6668229103088379,0.7016493082046509,1.3684722185134888,0.7971332053369528,0.8139832894168986,1,1,FC_TATU,agency_claim,tatu,>=2023,pt-BR,False,false_pure,checker,False,False,False
34699,val_sel,1,-0.4336383640766144,0.48888829350471497,0.9225266575813293,0.7155566497539155,0.673363415833864,1,1,fakes,agency_claim,desconhecido,2018-2022,desconhecido,False,true_rating,v1,False,False,False
487624799855349120,val_sel,1,-0.29210391640663147,0.22999431192874908,0.5220982283353806,0.6276382712350139,0.5118963561158194,1,0,FC_ESTADAO,agency_claim,estadao,sem_data,pt-BR,False,false_pure,checker,False,False,False
14902,val_sel,1,-0.30514246225357056,0.5052810311317444,0.8104234933853149,0.6921997408324015,0.6304690141754258,1,1,FakeWhatsApp.BR_2018,whatsapp,desconhecido,2018-2022,desconhecido,False,none,v1,False,False,False
1098367242839208560,val_sel,1,-0.5414507389068604,0.5626428723335266,1.104093611240387,0.7510263389888492,0.7368936885261715,1,1,FC_BOATOS,agency_claim,boatos,2018-2022,pt-BR,False,false_pure,checker,False,False,False
190538566990015495,val_sel,1,-0.06993140280246735,0.1084086075425148,0.17834001034498215,0.5444672077945104,0.3699106217535733,0,0,EXT_LIARBR,external_claim,ext_liarbr,sem_data,pt-BR,False,false_pure,checker,False,False,False
11127,val_sel,1,-0.18976745009422302,0.3576808571815491,0.5474483072757721,0.633543376417999,0.5225796909945688,1,0,FakeWhatsApp.BR_2018,whatsapp,desconhecido,2018-2022,desconhecido,False,none,v1,False,False,False
14894,val_sel,0,-0.11505085229873657,0.08435267955064774,0.1994035318493843,0.5496863571759696,0.3782343486915241,0,0,FakeWhatsApp.BR_2018,whatsapp,desconhecido,2018-2022,desconhecido,False,none,v1,False,False,False
176129746012882075,val_sel,1,-0.28418031334877014,0.3693607747554779,0.653541088104248,0.6578079945336036,0.5669562785384548,1,1,FC_COMPROVA,agency_claim,comprova,>=2023,pt-BR,False,other,checker,False,False,False
16347796640908091,val_sel,0,-0.012283110059797764,0.18991786241531372,0.20220097247511148,0.5503787145098977,0.37934535919784956,0,0,NEWS_PODER360,press_true,poder360,<=2017,pt-BR,False,none,llm_local,False,False,False
5521,val_sel,0,-0.17959676682949066,0.14951762557029724,0.3291143923997879,0.5815438792811527,0.4309138947008263,0,0,Fake.br,portal,desconhecido,sem_data,desconhecido,False,none,v1,False,False,False
661555057948012775,val_sel,1,-0.4315759837627411,0.5040069222450256,0.9355829060077667,0.7182065621420368,0.6781915565324323,1,1,FC_BOATOS,agency_claim,boatos,<=2017,pt-BR,False,false_pure,checker,False,False,False
27375,val_sel,1,-0.39051321148872375,0.45771440863609314,0.8482276201248169,0.7001952132305557,0.6452066554474509,1,1,fakes,agency_claim,desconhecido,2018-2022,desconhecido,False,none,v1,False,False,False
7919,val_sel,0,-0.1214277520775795,0.18094728887081146,0.30237504094839096,0.5750230124052687,0.41988290342221135,0,0,Fake.br,portal,desconhecido,sem_data,desconhecido,False,none,v1,False,False,False
1108585056424476056,val_sel,1,-0.6818065643310547,0.7452191710472107,1.4270257353782654,0.8064374678285413,0.8284852656458255,1,1,FC_BOATOS,agency_claim,boatos,>=2023,pt-BR,False,false_pure,checker,False,False,False
286686295230255755,val_sel,1,-0.587597131729126,0.5812209248542786,1.1688180565834045,0.7629313074551406,0.7575193725082622,1,1,FC_G1,agency_claim,g1,2018-2022,pt-BR,False,false_pure,checker,False,False,False
17034,val_sel,0,-0.33535459637641907,0.4488219618797302,0.7841765582561493,0.6865795590353894,0.620089911545294,1,1,FakeWhatsApp.BR_2018,whatsapp,desconhecido,2018-2022,desconhecido,False,none,v1,False,False,False
820127686645454244,val_sel,1,-0.5829013586044312,0.7583799362182617,1.3412812948226929,0.7927005709396435,0.8069341150549348,1,1,FC_POLIGRAFO,agency_claim,poligrafo,>=2023,pt-BR,True,other,checker,False,False,False
360500065362463372,val_sel,1,-0.6193444728851318,0.693057656288147,1.3124021291732788,0.7879148413949295,0.799226712385347,1,1,FC_BOATOS,agency_claim,boatos,<=2017,pt-BR,False,false_pure,checker,False,False,False
12576,val_sel,0,-0.38935136795043945,0.45760461688041687,0.8469559848308563,0.6999282012246171,0.6447151902980761,1,1,FakeWhatsApp.BR_2018,whatsapp,desconhecido,2018-2022,desconhecido,False,none,v1,False,False,False
17132,val_sel,0,-0.3731253445148468,0.5705768465995789,0.9437021911144257,0.7198468758109624,0.6811750306009556,1,1,FakeWhatsApp.BR_2018,whatsapp,desconhecido,2018-2022,desconhecido,False,none,v1,False,False,False
25449,val_sel,1,-0.25459206104278564,0.4891924560070038,0.7437845170497894,0.6778228709599344,0.6039034252913009,1,1,fakes,agency_claim,desconhecido,<=2017,desconhecido,False,none,v1,False,False,False
16917,val_sel,0,-0.3424483835697174,0.4161154329776764,0.7585638165473938,0.6810418416363485,0.6098545145121177,1,1,FakeWhatsApp.BR_2018,whatsapp,desconhecido,2018-2022,desconhecido,False,none,v1,False,False,False
168940639536206023,val_calib,1,-0.40169650316238403,0.3505270183086395,0.7522235214710236,0.6796630002236577,0.6073053982656971,1,1,EXT_LIARBR,external_claim,ext_liarbr,sem_data,pt-BR,False,false_pure,checker,False,False,False
1138658960744770473,val_calib,1,-0.5536521673202515,0.6180477738380432,1.1716999411582947,0.7634521506171934,0.7584116984429671,1,1,FC_EFARSAS,agency_claim,efarsas,2018-2022,pt-BR,False,false_pure,checker,False,False,False
1086938330227795100,val_calib,1,-0.4620926082134247,0.6263459920883179,1.0884386003017426,0.7480875858500796,0.7317388907243851,1,1,FC_EFARSAS,agency_claim,efarsas,2018-2022,pt-BR,False,false_pure,checker,False,False,False
715897795638841402,val_calib,0,-0.1865338236093521,0.07249444723129272,0.25902827084064484,0.5643974042665882,0.4021740447171345,0,0,FC_POLIGRAFO,agency_claim,poligrafo,>=2023,pt-BR,True,true_rating,checker,False,False,False
992685691117175390,val_calib,1,-0.4990779459476471,0.6203839778900146,1.1194619238376617,0.7538888952061562,0.7418917120322442,1,1,FC_EFARSAS,agency_claim,efarsas,2018-2022,pt-BR,False,false_pure,checker,False,False,False
34956,val_calib,1,-0.2219052016735077,0.36291515827178955,0.5848203599452972,0.6421758152354435,0.5382890751568749,1,0,fakes,agency_claim,desconhecido,2018-2022,desconhecido,False,none,v1,False,False,False
31744,val_calib,1,-0.30003759264945984,0.41419264674186707,0.7142302393913269,0.6713352133829034,0.5919118616118145,1,1,fakes,agency_claim,desconhecido,2018-2022,desconhecido,False,none,v1,False,False,False
868791690920447284,val_calib,1,-0.08105898648500443,0.07747942954301834,0.15853841602802277,0.5395517960376773,0.3621553786325117,0,0,FC_POLIGRAFO,agency_claim,poligrafo,>=2023,pt-BR,True,other,checker,False,False,False
33147,val_calib,1,-0.2612651586532593,0.33039137721061707,0.5916565358638763,0.6437451416108797,0.5411553838230294,1,0,fakes,agency_claim,desconhecido,2018-2022,desconhecido,False,none,v1,False,False,False
414412068013673769,val_calib,1,-0.3385932743549347,0.29716894030570984,0.6357622146606445,0.6537948762232161,0.5595747381893332,1,0,FC_POLIGRAFO,agency_claim,poligrafo,>=2023,pt-BR,True,false_pure,checker,False,False,False
373810070225520474,val_calib,0,-0.19376471638679504,0.29365742206573486,0.4874221384525299,0.61949896629412,0.4972670640727543,0,0,EXT_LIARBR,external_claim,ext_liarbr,sem_data,pt-BR,False,true_rating,checker,False,False,False
29181,val_calib,1,-0.07605352252721786,0.22812946140766144,0.3041829839348793,0.575464762192778,0.42062635910217855,0,0,fakes,agency_claim,desconhecido,2018-2022,desconhecido,False,none,v1,False,False,False
43555,val_calib,1,-0.22879037261009216,0.41304102540016174,0.6418313980102539,0.655167333215557,0.5620977104798502,1,1,fakes,agency_claim,desconhecido,2018-2022,desconhecido,False,false_pure,v1,False,False,False
334892475004278519,val_calib,1,-0.3131483197212219,0.3797512948513031,0.692899614572525,0.6666116497330229,0.5831876209217208,1,1,EXT_LIARBR,external_claim,ext_liarbr,sem_data,pt-BR,False,false_pure,checker,False,False,False
750407585612611877,val_calib,0,0.010087336413562298,-0.12817783653736115,-0.13826517295092344,0.4654886694201034,0.2559804795139474,0,0,EXT_LIARBR,external_claim,ext_liarbr,sem_data,pt-BR,False,true_rating,checker,False,False,False
401394008837100697,val_calib,1,-0.3724702298641205,0.5043996572494507,0.8768698871135712,0.7061731651462944,0.6561936882993862,1,1,FC_ESTADAO,agency_claim,estadao,sem_data,pt-BR,False,false_pure,checker,False,False,False
846957072574785052,val_calib,1,-0.3536384403705597,0.5214203000068665,0.8750587403774261,0.7057972252771009,0.6555037230004397,1,1,FC_EFARSAS,agency_claim,efarsas,2018-2022,pt-BR,False,false_pure,checker,False,False,False
373400015019793571,val_calib,1,-0.23590098321437836,0.30608782172203064,0.541988804936409,0.6322749430489595,0.5202802915770777,1,0,FC_POLIGRAFO,agency_claim,poligrafo,>=2023,pt-BR,True,false_pure,checker,False,False,False
25037,val_calib,1,-0.4171719253063202,0.4694695472717285,0.8866414725780487,0.7081966044745972,0.6599048035787244,1,1,fakes,agency_claim,desconhecido,2018-2022,desconhecido,False,false_pure,v1,False,False,False
647540529867857342,val_calib,0,-0.4621936082839966,0.6524202823638916,1.1146138906478882,0.7529882822827692,0.7403217587986144,1,1,NEWS_PODER360,press_true,poder360,<=2017,pt-BR,False,none,llm_local,False,False,False
584221296446541923,val_calib,0,-0.03789561986923218,-0.0006492020911537111,0.03724641777807847,0.5093105280981552,0.31631951659847474,0,0,FC_POLIGRAFO,agency_claim,poligrafo,>=2023,pt-BR,True,true_rating,checker,False,False,False
134381284319887114,val_calib,0,-0.3853423595428467,0.3619667589664459,0.7473091185092926,0.6785920870895029,0.6053255235621858,1,1,EXT_AVERITECBR,external_claim,ext_averitecbr,2018-2022,pt-BR,False,other,checker,False,False,False
27848,val_calib,1,-0.1891404539346695,-0.09281421452760696,0.09632623940706253,0.5240629565598792,0.3382678114569491,0,0,fakes,agency_claim,desconhecido,2018-2022,desconhecido,False,none,v1,False,False,False
83494449494432696,val_calib,1,-0.6015987396240234,0.6966755986213684,1.2982743382453918,0.7855444137425757,0.7953731720312012,1,1,FC_BOATOS,agency_claim,boatos,2018-2022,pt-BR,False,false_pure,checker,False,False,False
31599,val_calib,1,-0.33875274658203125,0.424377977848053,0.7631307244300842,0.6820330616914873,0.6116869385985991,1,1,fakes,agency_claim,desconhecido,sem_data,desconhecido,False,none,v1,False,False,False
628788837189680295,val_calib,0,0.019748505204916,-0.18494156002998352,-0.20469006523489952,0.449005407202054,0.23521802760546992,0,0,EXT_AVERITECBR,external_claim,ext_averitecbr,2018-2022,pt-BR,False,other,checker,False,False,False
819784488240220305,val_calib,1,-0.15246470272541046,0.07010377943515778,0.22256848216056824,0.5554135586392954,0.38747189527576564,0,0,FC_POLIGRAFO,agency_claim,poligrafo,>=2023,pt-BR,True,other,checker,False,False,False
5390,val_calib,1,-0.5294455289840698,0.5992670059204102,1.12871253490448,0.7556012237184402,0.7448701437013427,1,1,Fake.br,portal,desconhecido,sem_data,desconhecido,False,none,v1,False,False,False
968816244623133186,val_calib,0,-0.2931184470653534,0.32381319999694824,0.6169316470623016,0.649520378346982,0.5517277890919193,1,0,EXT_LIARBR,external_claim,ext_liarbr,sem_data,pt-BR,False,true_rating,checker,False,False,False
14194,val_calib,1,-0.16188964247703552,0.11005028337240219,0.2719399258494377,0.5675690918057209,0.4074245485736573,0,0,FakeWhatsApp.BR_2018,whatsapp,desconhecido,2018-2022,desconhecido,False,none,v1,False,False,False
1000526392939474560,val_calib,0,-0.40821218490600586,0.632686197757721,1.0408983826637268,0.7390233124257517,0.7156986907704594,1,1,FC_G1,agency_claim,g1,>=2023,pt-BR,False,other,checker,False,False,False
431959322401053780,val_calib,1,-0.3951086103916168,0.414580374956131,0.8096889853477478,0.6920432250050742,0.6301801444679106,1,1,FC_ESTADAO,agency_claim,estadao,sem_data,pt-BR,False,false_pure,checker,False,False,False
32710,val_calib,1,-0.5271549820899963,0.6229726076126099,1.1501275897026062,0.7595342209577176,0.7516779618157967,1,1,fakes,agency_claim,desconhecido,2018-2022,desconhecido,False,none,v1,False,False,False
1537,val_calib,0,-0.33836469054222107,0.43400976061820984,0.7723744511604309,0.6840343112362561,0.6153861918374242,1,1,COVID19.BR,covid,desconhecido,sem_data,desconhecido,False,none,v1,False,False,False
624032389334361951,val_calib,0,-0.23224394023418427,0.23813803493976593,0.4703819751739502,0.6154741608065368,0.49007824809400785,0,0,FC_POLIGRAFO,agency_claim,poligrafo,>=2023,pt-BR,True,true_rating,checker,False,False,False
34615,val_calib,1,-0.41431179642677307,0.6588913798332214,1.0732031762599945,0.7452055939684876,0.7266612650503994,1,1,fakes,agency_claim,desconhecido,2018-2022,desconhecido,False,hard,v1,False,False,False
5645,val_calib,0,-0.24580691754817963,0.2755189836025238,0.5213259011507034,0.627457754042876,0.5115706523872536,1,0,Fake.br,portal,desconhecido,sem_data,desconhecido,False,none,v1,False,False,False
48746,val_calib,0,0.06428934633731842,-0.2639743983745575,-0.3282637447118759,0.4186631406879556,0.19978391754787145,0,0,true,press_true,desconhecido,2018-2022,desconhecido,True,none,v1,False,False,False
142671879641561503,val_calib,1,-0.17605271935462952,0.07058218866586685,0.24663490802049637,0.5613480645064032,0.39715530079445166,0,0,EXT_LIARBR,external_claim,ext_liarbr,sem_data,pt-BR,False,false_pure,checker,False,False,False
8583,val_calib,0,-0.23940028250217438,0.41933518648147583,0.6587354689836502,0.6589762719190051,0.5691074652847503,1,1,Fake.br,portal,desconhecido,sem_data,desconhecido,False,none,v1,False,False,False
516842832242542368,val_calib,1,-0.11397463828325272,0.06785819679498672,0.18183283507823944,0.5453333720918189,0.3712857029128654,0,0,EXT_LIARBR,external_claim,ext_liarbr,sem_data,pt-BR,False,false_pure,checker,False,False,False
25742,val_calib,1,-0.3479379117488861,0.36166515946388245,0.7096030712127686,0.6703134471252449,0.5900240589709633,1,1,fakes,agency_claim,desconhecido,2018-2022,desconhecido,False,none,v1,False,False,False
28605,val_calib,1,-0.3036328852176666,0.4466067850589752,0.7502396702766418,0.6792309198860206,0.6065065809405228,1,1,fakes,agency_claim,desconhecido,2018-2022,desconhecido,False,none,v1,False,False,False
1130130075614044923,val_calib,1,-0.3755885660648346,0.40717846155166626,0.7827670276165009,0.6862761651208305,0.6195293096668435,1,1,FC_BOATOS,agency_claim,boatos,>=2023,pt-BR,False,false_pure,checker,False,False,False
4193,val_calib,0,-0.5606729388237,0.5744820833206177,1.1351550221443176,0.7567889850411814,0.7469310439495709,1,1,Fake.br,portal,desconhecido,sem_data,desconhecido,False,none,v1,False,False,False
912282088987249671,val_calib,1,-0.27992045879364014,0.3386644423007965,0.6185849010944366,0.6498966380446325,0.552417812702144,1,0,FC_BOATOS_VIRAL,social,boatos,<=2017,pt-BR,False,false_pure,checker,False,False,False
2669,val_calib,0,-0.36222097277641296,0.4415239691734314,0.8037449419498444,0.6907749900712149,0.62783903631951,1,1,Fake.br,portal,desconhecido,sem_data,desconhecido,False,none,v1,False,False,False
41335,val_calib,1,-0.24327346682548523,0.16647745668888092,0.40975092351436615,0.6010281534761095,0.46455325648666596,0,0,fakes,agency_claim,desconhecido,2018-2022,desconhecido,True,false_pure,v1,False,False,False
203091939659234370,val_calib,1,-0.37418773770332336,0.4233132600784302,0.7975009977817535,0.6894396666984722,0.6253733361953513,1,1,FC_POLIGRAFO,agency_claim,poligrafo,>=2023,pt-BR,True,other,checker,False,False,False
35108,val_calib,1,-0.6714202761650085,0.7739610075950623,1.4453812837600708,0.8092865911234682,0.8328428172102892,1,1,fakes,agency_claim,desconhecido,2018-2022,desconhecido,False,none,v1,False,False,False
79693632044824771,val_calib,1,-0.2966306507587433,0.39058244228363037,0.6872130930423737,0.6653466789379685,0.5808527666043424,1,1,FC_POLIGRAFO,agency_claim,poligrafo,>=2023,pt-BR,True,false_pure,checker,False,False,False
11448,val_calib,1,-0.39376720786094666,0.4899752736091614,0.883742481470108,0.7075971544778041,0.6588058271531243,1,1,FakeWhatsApp.BR_2018,whatsapp,desconhecido,2018-2022,desconhecido,False,none,v1,False,False,False
942009093637803948,val_calib,0,-0.1915682703256607,0.33748164772987366,0.5290499180555344,0.6292614931908443,0.5148275160706741,1,0,NEWS_PODER360,press_true,poder360,<=2017,pt-BR,False,none,llm_local,False,False,False
1122240616756842106,val_calib,1,-0.11262678354978561,0.02292497083544731,0.13555175438523293,0.5338361448940345,0.35324213421084844,0,0,FC_POLIGRAFO,agency_claim,poligrafo,>=2023,pt-BR,True,other,checker,False,False,False
177110386578020032,val_calib,0,-0.2598939538002014,0.11142546683549881,0.3713194206357002,0.5917777584605431,0.4484612381180922,0,0,EXT_LIARBR,external_claim,ext_liarbr,sem_data,pt-BR,False,true_rating,checker,False,False,False
43948,val_calib,1,-0.546406090259552,0.47039756178855896,1.016803652048111,0.7343495221989079,0.7073519333436113,1,1,fakes,agency_claim,desconhecido,2018-2022,desconhecido,False,false_pure,v1,False,False,False
35214,val_calib,1,-0.48972129821777344,0.6152814030647278,1.1050027012825012,0.7511962871020523,0.7371910644040593,1,1,fakes,agency_claim,desconhecido,sem_data,desconhecido,False,false_pure,v1,False,False,False
28166,val_calib,1,-0.5005437731742859,0.45638421177864075,0.9569279849529266,0.7225063151385196,0.6860032013181042,1,1,fakes,agency_claim,desconhecido,2018-2022,desconhecido,False,false_pure,v1,False,False,False
2136,val_calib,1,-0.3529759347438812,0.4478949308395386,0.8008708655834198,0.6901607368939295,0.6267048964089244,1,1,Fake.br,portal,desconhecido,sem_data,desconhecido,False,none,v1,False,False,False
1010600212439013128,val_calib,0,-0.00495927082374692,0.05199970677495003,0.05695897759869695,0.5142358957849029,0.3235582859942346,0,0,NEWS_PODER360,press_true,poder360,<=2017,pt-BR,False,none,llm_local,False,False,False
1051927484115174462,val_calib,1,-0.2954230010509491,0.27501046657562256,0.5704334676265717,0.6388631895241372,0.5322488104922056,1,0,EXT_LIARBR,external_claim,ext_liarbr,sem_data,pt-BR,False,false_pure,checker,False,False,False
267339172121521707,val_calib,1,-0.5823594927787781,0.5801680088043213,1.1625275015830994,0.7617916716603267,0.755563838575166,1,1,FC_FOLHA,agency_claim,folha,>=2023,pt-BR,False,hard,checker_match,False,False,False
3251,val_calib,0,-0.3535977900028229,0.30387547612190247,0.6574732661247253,0.6586925645403284,0.5685849766622049,1,1,Fake.br,portal,desconhecido,sem_data,desconhecido,False,none,v1,False,False,False
11951,val_calib,1,-0.4765634536743164,0.5295066833496094,1.0060701370239258,0.7322503647975771,0.7035877883027412,1,1,FakeWhatsApp.BR_2018,whatsapp,desconhecido,2018-2022,desconhecido,False,none,v1,False,False,False
1501,val_calib,0,-0.3231753706932068,0.5165749788284302,0.839750349521637,0.698412634121328,0.6419245932708807,1,1,COVID19.BR,covid,desconhecido,sem_data,desconhecido,False,none,v1,False,False,False
5564,val_calib,1,-0.21008458733558655,0.2977030575275421,0.5077876448631287,0.624287703749853,0.5058599873292255,1,0,Fake.br,portal,desconhecido,sem_data,desconhecido,False,none,v1,False,False,False
980132434144698639,val_calib,1,-0.36004188656806946,0.39212873578071594,0.7521706223487854,0.6796514828534905,0.6072841053396122,1,1,FC_BOATOS,agency_claim,boatos,<=2017,pt-BR,False,false_pure,checker,False,False,False
36519,val_calib,1,-0.36388319730758667,0.49012112617492676,0.8540043234825134,0.7014064654967208,0.6474353839284295,1,1,fakes,agency_claim,desconhecido,2018-2022,desconhecido,True,none,v1,False,False,False
462374390255507379,val_calib,1,-0.5262464880943298,0.5640057325363159,1.0902522206306458,0.7484292134209158,0.732339334816634,1,1,FC_G1,agency_claim,g1,>=2023,pt-BR,False,false_pure,checker,False,False,False
32709,val_calib,1,-0.4192034900188446,0.5464986562728882,0.9657021462917328,0.7242620160609652,0.6891842849035745,1,1,fakes,agency_claim,desconhecido,2018-2022,desconhecido,False,other,v1,False,False,False
11122,val_calib,1,-0.28403690457344055,0.35363736748695374,0.6376742720603943,0.65422753757739,0.5603699229147776,1,1,FakeWhatsApp.BR_2018,whatsapp,desconhecido,2018-2022,desconhecido,False,none,v1,False,False,False
641502303845740354,val_calib,1,-0.2757185995578766,0.29615187644958496,0.5718704760074615,0.6391946656054375,0.5328525858284551,1,0,EXT_LIARBR,external_claim,ext_liarbr,sem_data,pt-BR,False,false_pure,checker,False,False,False
15051,val_calib,0,-0.2636314034461975,0.31480491161346436,0.5784363150596619,0.6407075231390789,0.5356100468428713,1,0,FakeWhatsApp.BR_2018,whatsapp,desconhecido,2018-2022,desconhecido,False,none,v1,False,False,False
7132,val_calib,1,-0.5006476044654846,0.5538411736488342,1.0544887781143188,0.7416359357464944,0.7203427679760667,1,1,Fake.br,portal,desconhecido,sem_data,desconhecido,False,none,v1,False,False,False
28142,val_calib,1,-0.3093271255493164,0.4629308879375458,0.7722580134868622,0.6840091448628317,0.6153396764510086,1,1,fakes,agency_claim,desconhecido,2018-2022,desconhecido,False,none,v1,False,False,False
30482,val_calib,1,-0.2996320128440857,0.3628036677837372,0.6624356806278229,0.6598073178899068,0.5706382765777702,1,1,fakes,agency_claim,desconhecido,sem_data,desconhecido,False,false_pure,v1,False,False,False
841650743098777675,val_calib,1,-0.6432761549949646,0.6359325647354126,1.2792087197303772,0.782315052911835,0.790086104654704,1,1,FC_ESTADAO,agency_claim,estadao,sem_data,pt-BR,False,hard,checker,False,False,False
30740,val_calib,1,-0.31753161549568176,0.4991917908191681,0.8167234063148499,0.6935403678958034,0.63294280883616,1,1,fakes,agency_claim,desconhecido,sem_data,desconhecido,False,none,v1,False,False,False
214410072874544349,val_calib,1,-0.4198279082775116,0.5709660053253174,0.990793913602829,0.7292447066274362,0.6981825788588859,1,1,FC_BOATOS,agency_claim,boatos,2018-2022,pt-BR,False,false_pure,checker,False,False,False
356056398330635805,val_calib,1,-0.26645225286483765,0.45064958930015564,0.7171018421649933,0.6719685039894617,0.5930820660889036,1,1,FC_ESTADAO,agency_claim,estadao,sem_data,pt-BR,False,false_pure,checker,False,False,False
1473,val_calib,1,-0.319604754447937,0.5746268033981323,0.8942315578460693,0.7097626450528924,0.662773961382809,1,1,COVID19.BR,covid,desconhecido,sem_data,desconhecido,False,none,v1,False,False,False
843239886571096028,val_calib,0,-0.24179165065288544,0.1865713745355606,0.42836302518844604,0.6054827062907097,0.47237522316511754,0,0,FC_POLIGRAFO,agency_claim,poligrafo,>=2023,pt-BR,True,true_rating,checker,False,False,False
1132832730258082386,val_calib,0,-0.2562974691390991,-0.06369543820619583,0.1926020309329033,0.5480022103928582,0.3755384616080528,0,0,EXT_LIARBR,external_claim,ext_liarbr,sem_data,pt-BR,False,true_rating,checker,False,False,False
362139662732145282,val_calib,1,-0.5362208485603333,0.4724467396736145,1.0086675882339478,0.7327593131655142,0.7045012583069078,1,1,EXT_AVERITECBR,external_claim,ext_averitecbr,2018-2022,pt-BR,False,other,checker,False,False,False
36685944014084529,val_calib,0,-0.07505828887224197,-0.013485784642398357,0.061572504229843616,0.5153882647331182,0.325264884954228,0,0,EXT_LIARBR,external_claim,ext_liarbr,sem_data,pt-BR,False,true_rating,checker,False,False,False
1062281436485522415,val_calib,1,-0.551376461982727,0.6830376386642456,1.2344141006469727,0.7745902112196255,0.7772721992798819,1,1,FC_EFARSAS,agency_claim,efarsas,2018-2022,pt-BR,False,false_pure,checker,False,False,False
622792159147939023,val_calib,1,-0.4841625988483429,0.6859590411186218,1.1701216399669647,0.7631670020188918,0.7579232820212535,1,1,FC_EFARSAS,agency_claim,efarsas,>=2023,pt-BR,False,false_pure,checker,False,False,False
16361,val_calib,1,-0.29762402176856995,0.41221094131469727,0.7098349630832672,0.6703646916577466,0.5901187304051195,1,1,FakeWhatsApp.BR_2018,whatsapp,desconhecido,2018-2022,desconhecido,False,none,v1,False,False,False
5965,val_calib,0,-0.36472028493881226,0.5902918577194214,0.9550121426582336,0.7221220424235659,0.6853062656783282,1,1,Fake.br,portal,desconhecido,sem_data,desconhecido,False,none,v1,False,False,False
11781,val_calib,0,-0.22691676020622253,0.13653843104839325,0.3634551912546158,0.5898765803551199,0.4451804785330522,0,0,FakeWhatsApp.BR_2018,whatsapp,desconhecido,2018-2022,desconhecido,False,none,v1,False,False,False
2779,val_calib,0,-0.3210812211036682,0.4518795609474182,0.7729607820510864,0.6841610220599065,0.6156203915828514,1,1,Fake.br,portal,desconhecido,sem_data,desconhecido,False,none,v1,False,False,False
14660,val_calib,0,-0.3929896354675293,0.5547308921813965,0.9477205276489258,0.7206565267458324,0.6826461334056582,1,1,FakeWhatsApp.BR_2018,whatsapp,desconhecido,2018-2022,desconhecido,False,none,v1,False,False,False
963587449295945756,val_calib,1,-0.5282515287399292,0.577739417552948,1.1059909462928772,0.7513809446597752,0.7375140875058903,1,1,FC_BEREIA,agency_claim,bereia,>=2023,pt-BR,False,hard,checker,False,False,False
996671812859600171,val_calib,1,-0.249258354306221,0.23200376331806183,0.48126211762428284,0.6180458611434423,0.49466802020435396,0,0,FC_POLIGRAFO,agency_claim,poligrafo,>=2023,pt-BR,True,false_pure,checker,False,False,False
24502,val_calib,1,-0.3192243278026581,0.29628923535346985,0.6155135631561279,0.6491974921331719,0.5511357603158814,1,0,fakes,agency_claim,desconhecido,2018-2022,desconhecido,False,none,v1,False,False,False
34567,val_calib,1,-0.3257727324962616,0.47952908277511597,0.8053018152713776,0.6911074470352747,0.6284528081361707,1,1,fakes,agency_claim,desconhecido,2018-2022,desconhecido,False,false_pure,v1,False,False,False
40052,val_calib,1,-0.5340577363967896,0.6224874258041382,1.1565451622009277,0.7607043861384492,0.7536942470650679,1,1,fakes,agency_claim,desconhecido,2018-2022,desconhecido,False,none,v1,False,False,False
526487195811684637,val_calib,1,-0.39405831694602966,0.30264991521835327,0.6967082321643829,0.6674575412410284,0.5847493412118174,1,1,FC_POLIGRAFO,agency_claim,poligrafo,>=2023,pt-BR,True,false_pure,checker,False,False,False
763014490771214928,val_calib,1,-0.5104861855506897,0.7359662652015686,1.2464524507522583,0.7766851593588513,0.7807698827413648,1,1,FC_BOATOS,agency_claim,boatos,<=2017,pt-BR,False,false_pure,checker,False,False,False
967247090885256858,val_calib,1,-0.23266156017780304,0.2601582407951355,0.49281980097293854,0.6207704800548653,0.49954457892538945,0,0,EXT_AVERITECBR,external_claim,ext_averitecbr,2018-2022,pt-BR,False,other,checker,False,False,False
810398262346152565,val_calib,1,-0.4172660708427429,0.5506148338317871,0.96788090467453,0.7246969157073018,0.689971449468793,1,1,FC_COMPROVA,agency_claim,comprova,2018-2022,pt-BR,False,other,checker_match,False,False,False
554161903384362254,val_calib,1,-0.4751988649368286,0.5332813262939453,1.008480191230774,0.73272261490241,0.7044354093672597,1,1,FC_BOATOS,agency_claim,boatos,<=2017,pt-BR,False,false_pure,checker,False,False,False
369417928344257048,val_calib,1,-0.2631976902484894,0.12497466802597046,0.38817235827445984,0.5958426544465046,0.4555066279265355,0,0,EXT_AVERITECBR,external_claim,ext_averitecbr,2018-2022,pt-BR,False,other,checker,False,False,False
65135200468873268,val_calib,0,-0.23708240687847137,0.3549092411994934,0.5919916480779648,0.6438219916500943,0.5412958230426952,1,0,NEWS_PODER360,press_true,poder360,<=2017,pt-BR,False,none,llm_local,False,False,False
28441,val_calib,1,-0.38640084862709045,0.5331563949584961,0.9195572435855865,0.7149518824409349,0.6722601444961365,1,1,fakes,agency_claim,desconhecido,2018-2022,desconhecido,False,none,v1,False,False,False
674316263919659492,val_calib,1,-0.3117624819278717,0.46867087483406067,0.7804333567619324,0.6857735047260584,0.6186004560744763,1,1,FC_COMPROVA,agency_claim,comprova,>=2023,pt-BR,False,hard,checker,False,False,False
25089,val_calib,1,-0.0589376799762249,0.1071292981505394,0.1660669781267643,0.5414215936993777,0.36509572182487976,0,0,fakes,agency_claim,desconhecido,2018-2022,desconhecido,False,none,v1,False,False,False
713198349861908676,val_calib,1,-0.4444645643234253,0.4568142592906952,0.9012788236141205,0.7112122303596103,0.6654272390672127,1,1,FC_ESTADAO,agency_claim,estadao,sem_data,pt-BR,False,hard,checker,False,False,False
360055124476537396,val_calib,0,-0.11177732795476913,0.06677746772766113,0.17855479568243027,0.5445204789178373,0.3699951194200045,0,0,FC_POLIGRAFO,agency_claim,poligrafo,>=2023,pt-BR,True,true_rating,checker,False,False,False
42474,val_calib,1,-0.4608757793903351,0.8347402811050415,1.2956160604953766,0.785096248690246,0.7946419829335841,1,1,fakes,agency_claim,desconhecido,2018-2022,desconhecido,False,none,v1,False,False,False
42803,val_calib,1,-0.2654282748699188,0.4287874400615692,0.694215714931488,0.6669040764465579,0.5837274771772969,1,1,fakes,agency_claim,desconhecido,2018-2022,desconhecido,False,false_pure,v1,False,False,False
34406,val_calib,1,-0.2400137335062027,0.4092267155647278,0.6492404490709305,0.656839279200829,0.5651733079872926,1,1,fakes,agency_claim,desconhecido,2018-2022,desconhecido,False,false_pure,v1,False,False,False
35116,val_calib,1,-0.35212793946266174,0.4223480522632599,0.7744759917259216,0.6844883443156694,0.616225367501132,1,1,fakes,agency_claim,desconhecido,sem_data,desconhecido,False,false_pure,v1,False,False,False
658779555402614172,val_calib,0,-0.17123502492904663,0.17691510915756226,0.3481501340866089,0.586168919491028,0.43880952013391133,0,0,FC_POLIGRAFO,agency_claim,poligrafo,>=2023,pt-BR,True,true_rating,checker,False,False,False
26767,val_calib,1,-0.4012632668018341,0.4824508726596832,0.8837141394615173,0.7075912903847535,0.6587950745501799,1,1,fakes,agency_claim,desconhecido,2018-2022,desconhecido,False,none,v1,False,False,False
27524,val_calib,1,-0.4900949001312256,0.4767976403236389,0.9668925404548645,0.724499682094789,0.6896144989457164,1,1,fakes,agency_claim,desconhecido,2018-2022,desconhecido,False,none,v1,False,False,False
14833,val_calib,1,-0.2774210572242737,0.4289714992046356,0.7063925564289093,0.6696035572193505,0.5887126617555399,1,1,FakeWhatsApp.BR_2018,whatsapp,desconhecido,2018-2022,desconhecido,False,none,v1,False,False,False
549198889175574753,val_calib,0,0.021629441529512405,-0.18019266426563263,-0.20182210579514503,0.4497150423792232,0.23608991025677747,0,0,EXT_LIARBR,external_claim,ext_liarbr,sem_data,pt-BR,False,true_rating,checker,False,False,False
664533313673285184,val_calib,0,-0.09492705762386322,0.058258991688489914,0.15318604931235313,0.5382217989250013,0.36007120965215345,0,0,FC_POLIGRAFO,agency_claim,poligrafo,>=2023,pt-BR,True,true_rating,checker,False,False,False
28375,val_calib,1,-0.06114698201417923,-0.2329791635274887,-0.17183218151330948,0.4571473427999305,0.24534034765658064,0,0,fakes,agency_claim,desconhecido,2018-2022,desconhecido,False,false_pure,v1,False,False,False
813653367837251757,val_calib,1,-0.1512460857629776,0.30451250076293945,0.45575858652591705,0.6120075139448046,0.48391216664872033,0,0,EXT_LIARBR,external_claim,ext_liarbr,sem_data,pt-BR,False,false_pure,checker,False,False,False
511008044077183499,val_calib,1,-0.5969027280807495,0.5543912649154663,1.1512939929962158,0.7597471906795754,0.7520452451320636,1,1,FC_BOATOS,agency_claim,boatos,>=2023,pt-BR,False,false_pure,checker,False,False,False
767267583851272953,val_calib,0,-0.1123470738530159,-0.07035641372203827,0.04199066013097763,0.5104961228341582,0.31805373418735106,0,0,EXT_LIARBR,external_claim,ext_liarbr,sem_data,pt-BR,False,true_rating,checker,False,False,False
25815,val_calib,1,-0.3664197027683258,0.4649818241596222,0.831401526927948,0.696651193743512,0.6386792055103809,1,1,fakes,agency_claim,desconhecido,2018-2022,desconhecido,False,none,v1,False,False,False
810580089435872958,val_calib,0,-0.10901129245758057,0.16405560076236725,0.2730668932199478,0.567845667296231,0.4078838514741269,0,0,EXT_LIARBR,external_claim,ext_liarbr,sem_data,pt-BR,False,true_rating,checker,False,False,False
937260586426221495,val_calib,1,-0.3791157901287079,0.34371238946914673,0.7228281795978546,0.6732294972096834,0.5954124383381484,1,1,FC_BOATOS_VIRAL,social,boatos,>=2023,pt-BR,False,false_pure,checker,False,False,False
554654847571370426,val_calib,1,-0.5899567604064941,0.8157315254211426,1.4056882858276367,0.8030849822848607,0.8233071690371967,1,1,FC_G1,agency_claim,g1,2018-2022,pt-BR,False,false_pure,checker,False,False,False
525413876865030764,val_calib,0,-0.2586320638656616,0.27045533061027527,0.5290873944759369,0.6292702360775608,0.5148433153128131,1,0,FC_POLIGRAFO,agency_claim,poligrafo,>=2023,pt-BR,True,true_rating,checker,False,False,False
11856,val_calib,1,-0.3953092098236084,0.458972692489624,0.8542819023132324,0.7014645970897733,0.6475423170239841,1,1,FakeWhatsApp.BR_2018,whatsapp,desconhecido,2018-2022,desconhecido,False,none,v1,False,False,False
45952616953433085,val_calib,1,-0.36555206775665283,0.531355619430542,0.8969076871871948,0.7103136170962655,0.663782736512997,1,1,FC_BOATOS,agency_claim,boatos,2018-2022,pt-BR,False,false_pure,checker,False,False,False
538708747951211106,val_calib,1,-0.5181832313537598,0.5754773020744324,1.0936605334281921,0.749070397000363,0.7334654316709877,1,1,FC_OBSERVADOR,agency_claim,observador,>=2023,pt-PT,True,false_pure,checker,False,False,False
25899,val_calib,1,-0.17059019207954407,0.20046408474445343,0.3710542768239975,0.5917137042972189,0.4483505520218734,0,0,fakes,agency_claim,desconhecido,2018-2022,desconhecido,False,none,v1,False,False,False
14799,val_calib,0,-0.2230617254972458,0.39614105224609375,0.6192027777433395,0.6500372111111214,0.5526756460686747,1,0,FakeWhatsApp.BR_2018,whatsapp,desconhecido,2018-2022,desconhecido,False,none,v1,False,False,False
34327,val_calib,1,-0.48370710015296936,0.573011040687561,1.0567181408405304,0.7420628783950677,0.7211001346786103,1,1,fakes,agency_claim,desconhecido,2018-2022,desconhecido,False,false_pure,v1,False,False,False
6535,val_calib,0,-0.05971798673272133,-0.1716303527355194,-0.11191236600279808,0.4720510726555778,0.26454308112234604,0,0,Fake.br,portal,desconhecido,sem_data,desconhecido,False,none,v1,False,False,False
1074886905255931189,val_calib,1,-0.5906155109405518,0.7638821601867676,1.3544976711273193,0.7948639696879877,0.8103855162466409,1,1,FC_BOATOS,agency_claim,boatos,2018-2022,pt-BR,False,false_pure,checker,False,False,False
288,val_calib,1,-0.34675589203834534,0.4350178837776184,0.7817737758159637,0.6860622772701382,0.6191340795749832,1,1,COVID19.BR,covid,desconhecido,sem_data,desconhecido,False,none,v1,False,False,False
1930,val_calib,1,-0.3424544036388397,0.3532711863517761,0.6957255899906158,0.667239400099298,0.5843465712570596,1,1,COVID19.BR,covid,desconhecido,sem_data,desconhecido,False,none,v1,False,False,False
241868873821357523,val_calib,1,-0.4927961528301239,0.6339396238327026,1.1267357766628265,0.7552359952818819,0.7442355867475594,1,1,FC_G1,agency_claim,g1,2018-2022,pt-BR,False,false_pure,checker,False,False,False
174,val_calib,0,-0.33332279324531555,0.39794689416885376,0.7312696874141693,0.6750838348819018,0.5988399093551335,1,1,COVID19.BR,covid,desconhecido,sem_data,desconhecido,False,none,v1,False,False,False
13475,val_calib,0,-0.3012407720088959,0.4489128887653351,0.750153660774231,0.6792121801669463,0.6064719354441716,1,1,FakeWhatsApp.BR_2018,whatsapp,desconhecido,2018-2022,desconhecido,False,none,v1,False,False,False
1071078164546343242,val_calib,1,-0.1733960658311844,0.18585531413555145,0.35925137996673584,0.5888592021868804,0.443428692757287,0,0,FC_POLIGRAFO,agency_claim,poligrafo,>=2023,pt-BR,True,false_pure,checker,False,False,False
373282041062969203,val_calib,1,-0.2064594328403473,0.28655174374580383,0.4930111765861511,0.6208155316060752,0.49962532974726787,0,0,FC_POLIGRAFO,agency_claim,poligrafo,>=2023,pt-BR,True,false_pure,checker_match,False,False,False
40045,val_calib,1,-0.3099164664745331,0.3394143879413605,0.6493308544158936,0.656859656406868,0.5652108060018951,1,1,fakes,agency_claim,desconhecido,2018-2022,desconhecido,False,hard,v1,False,False,False
16357,val_calib,1,-0.37834683060646057,0.5167942643165588,0.8951410949230194,0.7099499736039598,0.6631169810348122,1,1,FakeWhatsApp.BR_2018,whatsapp,desconhecido,2018-2022,desconhecido,False,none,v1,False,False,False
1086217783251189964,val_calib,0,-0.230742409825325,0.323837012052536,0.554579421877861,0.6351973978032938,0.5255816739958082,1,0,FC_POLIGRAFO,agency_claim,poligrafo,>=2023,pt-BR,True,true_rating,checker,False,False,False
294,val_calib,0,-0.08525543659925461,0.2803645133972168,0.3656199499964714,0.5904001814761853,0.44608309760671755,0,0,COVID19.BR,covid,desconhecido,sem_data,desconhecido,False,none,v1,False,False,False
697401175253557547,val_calib,1,-0.23801802098751068,0.2746811807155609,0.5126992017030716,0.6254390168840367,0.5079320199543341,1,0,EXT_AVERITECBR,external_claim,ext_averitecbr,2018-2022,pt-BR,False,other,checker,False,False,False
47336,val_calib,0,-0.3033570945262909,0.44276630878448486,0.7461234033107758,0.6783334220900801,0.6048473115637963,1,1,true,press_true,desconhecido,2018-2022,desconhecido,False,none,v1,False,False,False
1035994440508574033,val_calib,1,-0.09696964174509048,0.026301976293325424,0.12327161803841591,0.5307789382593207,0.34852146531315453,0,0,EXT_LIARBR,external_claim,ext_liarbr,sem_data,pt-BR,False,false_pure,checker,False,False,False
118441259611017855,val_calib,1,-0.38667699694633484,0.4037798345088959,0.7904568314552307,0.6879294127369454,0.6225838063956377,1,1,FC_POLIGRAFO,agency_claim,poligrafo,>=2023,pt-BR,True,other,checker,False,False,False
1112716859819342136,val_calib,1,-0.5011811852455139,0.6373376846313477,1.1385188698768616,0.7574075979536857,0.7480027279868725,1,1,FC_AOSFATOS,agency_claim,aosfatos,>=2023,pt-BR,False,false_pure,checker,False,False,False
39704,val_calib,1,-0.6596577167510986,0.8970433473587036,1.5567010641098022,0.8258794673957786,0.8573920134004489,1,1,fakes,agency_claim,desconhecido,2018-2022,desconhecido,False,none,v1,False,False,False
837205146248843256,val_calib,1,-0.49210214614868164,0.6215681433677673,1.113670289516449,0.7528127334761036,0.7400154698432659,1,1,FC_EFARSAS,agency_claim,efarsas,2018-2022,pt-BR,False,false_pure,checker,False,False,False
26909,val_calib,1,-0.13664844632148743,0.17173029482364655,0.30837874114513397,0.5764894809884642,0.42235310558736316,0,0,fakes,agency_claim,desconhecido,2018-2022,desconhecido,False,none,v1,False,False,False
510879863475782140,val_calib,1,-0.6799918413162231,0.7936902046203613,1.4736820459365845,0.8136163938778099,0.8393872987779726,1,1,FC_BOATOS,agency_claim,boatos,<=2017,pt-BR,False,false_pure,checker,False,False,False
47763,val_calib,0,-0.1323821097612381,0.14705026149749756,0.27943237125873566,0.5694070567008505,0.41048114435603994,0,0,true,press_true,desconhecido,2018-2022,desconhecido,False,none,v1,False,False,False
34683,val_calib,1,-0.4190731644630432,0.465839147567749,0.8849123120307922,0.7078391376292792,0.6592495035789657,1,1,fakes,agency_claim,desconhecido,2018-2022,desconhecido,False,hard,v1,False,False,False
344264978141337644,val_calib,0,-0.44173675775527954,0.5621510744094849,1.0038878321647644,0.7318222858149425,0.7028190549063273,1,1,NEWS_ECO,press_true,eco,<=2017,pt-PT,True,none,llm_local,False,False,False
26601,val_calib,1,-0.14254306256771088,0.3157007694244385,0.45824383199214935,0.6125974816784038,0.4849597986862878,0,0,fakes,agency_claim,desconhecido,2018-2022,desconhecido,False,none,v1,False,False,False
383405654231280685,val_calib,1,-0.7050458192825317,0.7813491821289062,1.486395001411438,0.8155365653595721,0.8422590165174407,1,1,FC_G1,agency_claim,g1,>=2023,pt-BR,False,false_pure,checker,False,False,False
4260,val_calib,1,-0.563665509223938,0.6928491592407227,1.2565146684646606,0.7784255439257016,0.7836629684925349,1,1,Fake.br,portal,desconhecido,sem_data,desconhecido,False,none,v1,False,False,False
4645,val_calib,0,-0.5127291679382324,0.6126846671104431,1.1254138350486755,0.7549915458677746,0.7438106541809927,1,1,Fake.br,portal,desconhecido,sem_data,desconhecido,False,none,v1,False,False,False
439130119278652509,val_calib,0,-0.10989715903997421,0.044904980808496475,0.1548021398484707,0.5386234357063372,0.3606999508284095,0,0,FC_POLIGRAFO,agency_claim,poligrafo,>=2023,pt-BR,True,true_rating,checker,False,False,False
443320388287978458,val_calib,0,-0.18652519583702087,0.18779781460762024,0.3743230104446411,0.5925031556940704,0.4497154611600737,0,0,NEWS_ECO,press_true,eco,2018-2022,pt-PT,True,none,llm_local,False,False,False
151701025300962822,val_calib,1,-0.5428544878959656,0.6748497486114502,1.2177042365074158,0.771659285372558,0.7723515592534701,1,1,FC_BOATOS,agency_claim,boatos,2018-2022,pt-BR,False,false_pure,checker,False,False,False
14373,val_calib,0,-0.3889114558696747,0.5365298390388489,0.9254412949085236,0.7161495085315506,0.6744444723922095,1,1,FakeWhatsApp.BR_2018,whatsapp,desconhecido,2018-2022,desconhecido,False,none,v1,False,False,False
712370850761807207,val_calib,1,-0.5695645809173584,0.6258594393730164,1.1954240202903748,0.7677097420768556,0.7656721373174882,1,1,FC_G1,agency_claim,g1,>=2023,pt-BR,False,false_pure,checker,False,False,False
30751,val_calib,1,-0.274513840675354,0.3355092406272888,0.6100230813026428,0.647946067219842,0.5488422143776434,1,0,fakes,agency_claim,desconhecido,sem_data,desconhecido,False,none,v1,False,False,False
920363153959078415,val_calib,1,-0.046245913952589035,0.06671018153429031,0.11295609548687935,0.5282090368026455,0.3445788290250046,0,0,FC_OBSERVADOR,agency_claim,observador,>=2023,pt-PT,True,hard,checker,False,False,False
398161944708326296,val_calib,1,-0.35173383355140686,0.49421870708465576,0.8459525406360626,0.6997174068592554,0.6443271607788449,1,1,FC_BOATOS_VIRAL,social,boatos,<=2017,pt-BR,False,false_pure,checker,False,False,False
11723,val_calib,0,-0.24166883528232574,0.24116608500480652,0.48283492028713226,0.6184170760814197,0.49533159730905824,0,0,FakeWhatsApp.BR_2018,whatsapp,desconhecido,2018-2022,desconhecido,False,none,v1,False,False,False
14192,val_calib,1,-0.5150421857833862,0.5437239408493042,1.0587661266326904,0.7424546798992898,0.7217947738218666,1,1,FakeWhatsApp.BR_2018,whatsapp,desconhecido,2018-2022,desconhecido,False,none,v1,False,False,False
225673975743141289,val_calib,0,-0.4530854821205139,0.648809552192688,1.101895034313202,0.750615009526194,0.7361736100094034,1,1,FC_G1,agency_claim,g1,>=2023,pt-BR,False,other,checker,False,False,False
775532889776013884,val_calib,1,-0.12794426083564758,0.11809634417295456,0.24604060500860214,0.5612017201320298,0.39691516906271546,0,0,FC_POLIGRAFO,agency_claim,poligrafo,2018-2022,pt-BR,True,false_pure,checker,False,False,False
231734116286798546,val_calib,1,-0.002157603157684207,0.03690417483448982,0.03906177799217403,0.5097642029928967,0.31698250629164193,0,0,FC_LUPA,agency_claim,lupa,>=2023,pt-BR,False,false_pure,checker_match,False,False,False
7788,val_calib,1,-0.2980426847934723,0.3220733404159546,0.6201160252094269,0.6502449362363428,0.5530566826289965,1,0,Fake.br,portal,desconhecido,sem_data,desconhecido,False,none,v1,False,False,False
893897551417988884,val_calib,1,-0.3388172686100006,0.41798099875450134,0.756798267364502,0.6806581997157065,0.6091452713347525,1,1,FC_POLIGRAFO,agency_claim,poligrafo,>=2023,pt-BR,True,other,checker,False,False,False
32342,val_calib,1,-0.5407314300537109,0.5675565004348755,1.1082879304885864,0.751809790999899,0.7382639035251236,1,1,fakes,agency_claim,desconhecido,2018-2022,desconhecido,False,none,v1,False,False,False
289817782988241507,val_calib,0,-0.23919303715229034,-0.03922254219651222,0.19997049495577812,0.549826694314317,0.37845941667135796,0,0,EXT_LIARBR,external_claim,ext_liarbr,sem_data,pt-BR,False,true_rating,checker,False,False,False
15141,val_calib,1,-0.3438057601451874,0.42770203948020935,0.7715077996253967,0.6838469707828128,0.6150399249159006,1,1,FakeWhatsApp.BR_2018,whatsapp,desconhecido,2018-2022,desconhecido,False,none,v1,False,False,False
6078,val_calib,1,-0.1661224067211151,0.13169676065444946,0.2978191673755646,0.5739093077968316,0.418011072733287,0,0,Fake.br,portal,desconhecido,sem_data,desconhecido,False,none,v1,False,False,False
6966,val_calib,1,-0.39151352643966675,0.46597516536712646,0.8574886918067932,0.7021357031966247,0.6487766107034333,1,1,Fake.br,portal,desconhecido,sem_data,desconhecido,False,none,v1,False,False,False
437877383898028556,val_calib,1,-0.1311386674642563,0.18688306212425232,0.3180217295885086,0.5788420569788085,0.42632877267511193,0,0,EXT_LIARBR,external_claim,ext_liarbr,sem_data,pt-BR,False,false_pure,checker,False,False,False
26488,val_calib,1,-0.49243539571762085,0.5442015528678894,1.0366369485855103,0.7382005819976767,0.7142329474720418,1,1,fakes,agency_claim,desconhecido,2018-2022,desconhecido,False,none,v1,False,False,False
2821,val_calib,0,-0.2653955817222595,0.24235905706882477,0.5077546387910843,0.6242799620591807,0.5058460623362976,1,0,Fake.br,portal,desconhecido,sem_data,desconhecido,False,none,v1,False,False,False
297720046454746441,val_calib,1,-0.6427364349365234,0.7022984027862549,1.3450348377227783,0.7933166993990775,0.8079191701783789,1,1,FC_LUPA,agency_claim,lupa,2018-2022,pt-BR,False,false_pure,checker_match,False,False,False
814169983832217218,val_calib,1,-0.24990622699260712,0.31919342279434204,0.5690996497869492,0.6385553980912225,0.531688307266342,1,0,FC_POLIGRAFO,agency_claim,poligrafo,>=2023,pt-BR,True,false_pure,checker,False,False,False
4979,val_calib,0,-0.11679380387067795,0.1726474016904831,0.28944120556116104,0.5718593253006659,0.41457508901791823,0,0,Fake.br,portal,desconhecido,sem_data,desconhecido,False,none,v1,False,False,False
413821436605633249,val_calib,1,-0.216970756649971,0.37247973680496216,0.5894504934549332,0.6432390534462418,0.5402307108132072,1,0,FC_OBSERVADOR,agency_claim,observador,2018-2022,pt-PT,True,false_pure,checker,False,False,False
43076,val_calib,1,-0.4518994390964508,0.5302441120147705,0.9821435511112213,0.7275333366164761,0.6950971255891716,1,1,fakes,agency_claim,desconhecido,2018-2022,desconhecido,False,none,v1,False,False,False
3624,val_calib,1,-0.4311814606189728,0.6098159551620483,1.0409974157810211,0.7390424122786363,0.7157326998220522,1,1,Fake.br,portal,desconhecido,sem_data,desconhecido,False,none,v1,False,False,False
24964,val_calib,1,-0.12461886554956436,0.11981099098920822,0.24442985653877258,0.5608050272950196,0.39626458635436607,0,0,fakes,agency_claim,desconhecido,2018-2022,desconhecido,False,none,v1,False,False,False
463451393384437958,val_calib,0,-0.32945939898490906,0.5497329235076904,0.8791923224925995,0.706654822516212,0.6570774675678982,1,1,FC_EFARSAS,agency_claim,efarsas,<=2017,pt-BR,False,true_rating,checker,False,False,False
7922,val_calib,1,-0.3208726644515991,0.6004024744033813,0.9212751388549805,0.7153018527718766,0.672898653153726,1,1,Fake.br,portal,desconhecido,sem_data,desconhecido,False,none,v1,False,False,False
431497217826175740,val_calib,1,-0.4511203169822693,0.6942065954208374,1.1453269124031067,0.7586563235898152,0.7501624672025131,1,1,FC_G1,agency_claim,g1,>=2023,pt-BR,False,false_pure,checker,False,False,False
597418338056619707,val_calib,1,-0.48752811551094055,0.4990687668323517,0.9865968823432922,0.7284152190936175,0.6966877741126108,1,1,FC_BOATOS,agency_claim,boatos,>=2023,pt-BR,False,false_pure,checker,False,False,False
943641346278996858,val_calib,1,-0.32901641726493835,0.2100801020860672,0.5390965193510056,0.6316022200924258,0.5190617821556126,1,0,EXT_LIARBR,external_claim,ext_liarbr,sem_data,pt-BR,False,false_pure,checker,False,False,False
67878711853338746,val_calib,1,-0.3638356029987335,0.6306933164596558,0.9945289194583893,0.7299815400667256,0.6995093058706295,1,1,FC_G1,agency_claim,g1,>=2023,pt-BR,False,false_pure,checker,False,False,False
597598715676644425,val_calib,0,-0.06434794515371323,-0.04311935231089592,0.021228592842817307,0.5053069489127624,0.3105021588969378,0,0,FC_POLIGRAFO,agency_claim,poligrafo,>=2023,pt-BR,True,true_rating,checker,False,False,False
123877045794645539,val_calib,1,-0.1748143881559372,0.09897782653570175,0.27379221469163895,0.5680236502180163,0.4081795461614949,0,0,FC_POLIGRAFO,agency_claim,poligrafo,>=2023,pt-BR,True,other,checker,False,False,False
8145,val_calib,0,-0.3286563456058502,0.4418451189994812,0.7705014646053314,0.6836293606162448,0.6146377018285197,1,1,Fake.br,portal,desconhecido,sem_data,desconhecido,False,none,v1,False,False,False
1138287208679968381,val_calib,0,-0.015510656870901585,0.004739188123494387,0.02024984499439597,0.5050622882645477,0.310148607160196,0,0,FC_POLIGRAFO,agency_claim,poligrafo,2018-2022,pt-BR,True,true_rating,checker,False,False,False
35337,val_calib,1,0.11597558110952377,-0.39940857887268066,-0.5153841599822044,0.37393220337211447,0.15401299496372392,0,0,fakes,agency_claim,desconhecido,2018-2022,desconhecido,True,none,v1,False,False,False
3475,val_calib,0,-0.2791496217250824,0.34603312611579895,0.6251827478408813,0.6513963640368358,0.5551695401971499,1,0,Fake.br,portal,desconhecido,sem_data,desconhecido,False,none,v1,False,False,False
848798214253842375,val_calib,0,-0.06503631919622421,-0.021944519132375717,0.043091800063848495,0.5107712832983122,0.3184569713684266,0,0,FC_POLIGRAFO,agency_claim,poligrafo,2018-2022,pt-BR,True,true_rating,checker,False,False,False
605958861254626580,val_calib,1,-0.30470508337020874,0.42277273535728455,0.7274778187274933,0.6742515534270227,0.5973014865212396,1,1,FC_POLIGRAFO,agency_claim,poligrafo,>=2023,pt-BR,True,false_pure,checker,False,False,False
46024,val_calib,0,-0.3503892719745636,0.4554300904273987,0.8058193624019623,0.6912179210033466,0.6286567509710643,1,1,COVID19.BR_raw,covid,desconhecido,sem_data,desconhecido,False,false_pure,v1,False,False,False
574296042947570249,val_calib,0,-0.11612341552972794,0.23163829743862152,0.34776171296834946,0.5860746951178943,0.4386480871103582,0,0,FC_POLIGRAFO,agency_claim,poligrafo,>=2023,pt-BR,True,true_rating,checker,False,False,False
413741583868807818,val_calib,1,-0.1993393450975418,-0.11299926787614822,0.08634007722139359,0.5215716203038775,0.33450537048427015,0,0,EXT_LIARBR,external_claim,ext_liarbr,sem_data,pt-BR,False,false_pure,checker,False,False,False
28447,val_calib,1,-0.5835236310958862,0.44124412536621094,1.0247677564620972,0.7359002596205795,0.7101266810502336,1,1,fakes,agency_claim,desconhecido,2018-2022,desconhecido,False,none,v1,False,False,False
3948,val_calib,1,-0.42479702830314636,0.430759996175766,0.8555570244789124,0.7017315543779311,0.6480333487248443,1,1,Fake.br,portal,desconhecido,sem_data,desconhecido,False,none,v1,False,False,False
258481481242011525,val_calib,1,-0.36484670639038086,0.21555069088935852,0.5803973972797394,0.6411588423165808,0.5364332298521833,1,0,EXT_AVERITECBR,external_claim,ext_averitecbr,2018-2022,pt-BR,False,other,checker,False,False,False
393775003111935170,val_calib,1,-0.5289751291275024,0.4432210624217987,0.9721961915493011,0.7255570288569444,0.6915272744020681,1,1,FC_BOATOS,agency_claim,boatos,>=2023,pt-BR,False,false_pure,checker,False,False,False
16434,val_calib,1,-0.4818064868450165,0.5067112445831299,0.9885177314281464,0.7287950471546594,0.6973724180591879,1,1,FakeWhatsApp.BR_2018,whatsapp,desconhecido,2018-2022,desconhecido,False,none,v1,False,False,False
876407640491423942,val_calib,0,-0.3132040798664093,0.4980171024799347,0.811221182346344,0.692369669790076,0.6307826260454406,1,1,NEWS_PODER360,press_true,poder360,<=2017,pt-BR,False,none,llm_local,False,False,False
424157354972063136,val_calib,1,-0.26550617814064026,0.4049193263053894,0.6704255044460297,0.6615984302184325,0.5739390977796591,1,1,FC_OBSERVADOR,agency_claim,observador,2018-2022,pt-PT,True,false_pure,checker,False,False,False
309246557012857034,val_calib,0,-0.279631644487381,0.4867810606956482,0.7664127051830292,0.6827443794484734,0.6130018550878292,1,1,FC_POLIGRAFO,agency_claim,poligrafo,2018-2022,pt-BR,True,true_rating,checker,False,False,False
887998777512408937,val_calib,0,-0.29320409893989563,0.42255815863609314,0.7157622575759888,0.6716731556059556,0.5925363036583576,1,1,FC_POLIGRAFO,agency_claim,poligrafo,>=2023,pt-BR,True,true_rating,checker,False,False,False
29868,val_calib,1,-0.3594565689563751,0.4948279559612274,0.8542845249176025,0.7014651462943517,0.6475433272726399,1,1,fakes,agency_claim,desconhecido,sem_data,desconhecido,False,none,v1,False,False,False
1886,val_calib,1,-0.26771214604377747,0.23884950578212738,0.5065616518259048,0.6240001001483978,0.5053427449351304,1,0,COVID19.BR,covid,desconhecido,sem_data,desconhecido,False,none,v1,False,False,False
958994422944678653,val_calib,1,-0.26208505034446716,0.3984803855419159,0.6605654358863831,0.6593873943394543,0.5698647062511978,1,1,EXT_AVERITECBR,external_claim,ext_averitecbr,2018-2022,pt-BR,False,other,checker,False,False,False
520895337013677494,val_calib,1,-0.5725318789482117,0.4958137571811676,1.0683456361293793,0.7442821742753758,0.7250298081853558,1,1,FC_BOATOS,agency_claim,boatos,>=2023,pt-BR,False,false_pure,checker,False,False,False
42774,val_calib,1,-0.6844063997268677,0.7838735580444336,1.4682799577713013,0.8127958072994397,0.8381542860891777,1,1,fakes,agency_claim,desconhecido,2018-2022,desconhecido,False,none,v1,False,False,False
15016,val_calib,0,-0.3647798001766205,0.433766633272171,0.7985464334487915,0.6896634633179033,0.6257866308887914,1,1,FakeWhatsApp.BR_2018,whatsapp,desconhecido,2018-2022,desconhecido,False,none,v1,False,False,False
428625933123216044,val_calib,1,-0.3262147605419159,0.429912805557251,0.7561275660991669,0.6805123966737219,0.6088757211483985,1,1,EXT_LIARBR,external_claim,ext_liarbr,sem_data,pt-BR,False,false_pure,checker,False,False,False
506170572475829555,val_calib,1,-0.14237777888774872,0.06929914653301239,0.2116769254207611,0.5527225161997008,0.3831181082066996,0,0,FC_POLIGRAFO,agency_claim,poligrafo,>=2023,pt-BR,True,other,checker,False,False,False
601492744801266308,val_calib,1,-0.48489540815353394,0.5839742422103882,1.0688696503639221,0.7443818951562258,0.7252060945639767,1,1,FC_BOATOS,agency_claim,boatos.org,>=2023,pt-BR,False,false_pure,checker_match,False,False,False
928017650709986016,val_calib,1,-0.5314430594444275,0.7273433208465576,1.258786380290985,0.7788171191608424,0.7843122924936695,1,1,FC_G1,agency_claim,g1,2018-2022,pt-BR,False,false_pure,checker,False,False,False
872153491010681515,val_calib,0,-0.16143184900283813,0.1916874200105667,0.35311926901340485,0.5873737885989042,0.4408758904877173,0,0,FC_POLIGRAFO,agency_claim,poligrafo,>=2023,pt-BR,True,true_rating,checker,False,False,False
30604,val_calib,1,-0.33267462253570557,0.38184383511543274,0.7145184576511383,0.6713988039424701,0.5920293604921206,1,1,fakes,agency_claim,desconhecido,sem_data,desconhecido,False,false_pure,v1,False,False,False
29954,val_calib,1,-0.3763457238674164,0.41272976994514465,0.789075493812561,0.6876327867138201,0.6220358288222232,1,1,fakes,agency_claim,desconhecido,sem_data,desconhecido,False,none,v1,False,False,False
79334355518779845,val_calib,1,-0.38670751452445984,0.498165100812912,0.8848726153373718,0.7078309281705112,0.6592344525593058,1,1,FC_LUPA,agency_claim,lupa,>=2023,pt-BR,False,false_pure,checker_match,False,False,False
57661574407382063,val_calib,1,-0.7434106469154358,0.8447936773300171,1.5882043242454529,0.8303633140630277,0.8637705873374764,1,1,FC_BOATOS,agency_claim,boatos,2018-2022,pt-BR,False,false_pure,checker,False,False,False
4237,val_calib,0,-0.1313769370317459,-0.04235955700278282,0.08901738002896309,0.522239661182684,0.3355120470307424,0,0,Fake.br,portal,desconhecido,sem_data,desconhecido,False,none,v1,False,False,False
1087444557685576991,val_calib,1,-0.44591793417930603,0.43002283573150635,0.8759407699108124,0.7059803432551527,0.6558398186289438,1,1,EXT_AVERITECBR,external_claim,ext_averitecbr,2018-2022,pt-BR,False,other,checker,False,False,False
19260975496038759,val_calib,1,-0.7653096914291382,0.8008680939674377,1.566177785396576,0.8272380384974393,0.8593365552477612,1,1,FC_G1,agency_claim,g1,>=2023,pt-BR,False,false_pure,checker,False,False,False
34393,val_calib,1,-0.18926148116588593,0.11053923517465591,0.29980071634054184,0.5743937995421522,0.4188249270333573,0,0,fakes,agency_claim,desconhecido,<=2017,desconhecido,False,false_pure,v1,False,False,False
551635561653417081,val_calib,1,-0.5806338787078857,0.6810030937194824,1.2616369724273682,0.7793077747506213,0.7851250774344616,1,1,FC_BOATOS,agency_claim,boatos,>=2023,pt-BR,False,false_pure,checker,False,False,False
28336,val_calib,1,-0.40858420729637146,0.18220794200897217,0.5907921493053436,0.64354688087995,0.5407931055608403,1,0,fakes,agency_claim,desconhecido,2018-2022,desconhecido,False,none,v1,False,False,False
768970749177335438,val_calib,1,-0.3238183259963989,0.054891981184482574,0.3787103071808815,0.593562007087667,0.4515486303138453,0,0,EXT_AVERITECBR,external_claim,ext_averitecbr,<=2017,pt-BR,False,other,checker,False,False,False
636526598113824738,val_calib,1,-0.31839969754219055,0.366475909948349,0.6848756074905396,0.6648260122946744,0.5798919505768081,1,1,EXT_AVERITECBR,external_claim,ext_averitecbr,2018-2022,pt-BR,False,other,checker,False,False,False
914098217349045209,val_calib,1,-0.543950080871582,0.500257134437561,1.044207215309143,0.7396609749827895,0.7168336508025882,1,1,FC_BOATOS,agency_claim,boatos,2018-2022,pt-BR,False,false_pure,checker,False,False,False
317478491048057864,val_calib,0,-0.47456470131874084,0.2843018174171448,0.7588665187358856,0.6811075921678664,0.6099760672243814,1,1,EXT_LIARBR,external_claim,ext_liarbr,sem_data,pt-BR,False,true_rating,checker,False,False,False
1015796213893805149,val_calib,1,-0.4668591320514679,0.5531132221221924,1.0199723541736603,0.734967214359703,0.7084577952313837,1,1,FC_BOATOS,agency_claim,boatos,>=2023,pt-BR,False,false_pure,checker,False,False,False
204390409136684582,val_calib,0,-0.21646909415721893,0.27387332916259766,0.4903424233198166,0.6201870952083506,0.49849925461192185,0,0,NEWS_ECO,press_true,eco,<=2017,pt-PT,True,none,llm_local,False,False,False
47269,val_calib,0,-0.210947647690773,0.27374956011772156,0.48469720780849457,0.618856436823757,0.4961173313029696,0,0,true,press_true,desconhecido,2018-2022,desconhecido,False,none,v1,False,False,False
1090104483014139453,val_calib,1,-0.3628738820552826,0.4907650649547577,0.8536389470100403,0.7013299370852178,0.6472946055834832,1,1,FC_COMPROVA,agency_claim,comprova,>=2023,pt-BR,False,other,checker,False,False,False
551452288670684859,val_calib,0,-0.1890074461698532,-0.08335965126752853,0.10564779490232468,0.5263874097960228,0.34179841919309834,0,0,EXT_LIARBR,external_claim,ext_liarbr,sem_data,pt-BR,False,true_rating,checker,False,False,False
915406488141730468,val_calib,0,-0.3243502676486969,0.28886130452156067,0.6132115721702576,0.6486730565701719,0.5501744057104354,1,0,EXT_LIARBR,external_claim,ext_liarbr,sem_data,pt-BR,False,true_rating,checker,False,False,False
10668,val_calib,1,-0.610419511795044,0.7454975247383118,1.3559170365333557,0.795095307795639,0.8107533529232791,1,1,LLM4BR_300,llm,desconhecido,sem_data,desconhecido,False,false_pure,v1,False,False,False
396001816326534970,val_calib,1,-0.6269782781600952,0.6947532892227173,1.3217315673828125,0.7894696499551159,0.8017415021025042,1,1,FC_BOATOS,agency_claim,boatos,>=2023,pt-BR,False,false_pure,checker,False,False,False
974403608784731185,val_calib,1,-0.37116575241088867,0.4912755787372589,0.8624413311481476,0.7031704658996529,0.6506789749360966,1,1,FC_BOATOS,agency_claim,boatos,>=2023,pt-BR,False,false_pure,checker,False,False,False
889409647662664457,val_calib,0,-0.13063876330852509,0.019272636622190475,0.14991139993071556,0.5374078193815038,0.3587986778281829,0,0,FC_POLIGRAFO,agency_claim,poligrafo,2018-2022,pt-BR,True,true_rating,checker,False,False,False
649737787115568883,val_calib,1,-0.6273230910301208,0.6740249395370483,1.3013480305671692,0.7860617669621431,0.7962162128530654,1,1,FC_BOATOS,agency_claim,boatos,>=2023,pt-BR,False,false_pure,checker,False,False,False
39480,val_calib,1,-0.4029217064380646,0.45824092626571655,0.8611626327037811,0.7029035043889924,0.6501882689363971,1,1,fakes,agency_claim,desconhecido,2018-2022,desconhecido,False,false_pure,v1,False,False,False
286091353032998728,val_calib,1,-0.39005911350250244,0.46756190061569214,0.8576210141181946,0.7021633764977734,0.6488274989993849,1,1,FC_BOATOS,agency_claim,boatos,>=2023,pt-BR,False,false_pure,checker,False,False,False
679675064463802053,val_calib,1,-0.3058529794216156,0.37821924686431885,0.6840722262859344,0.6646469692453348,0.5795615830284075,1,1,FC_BOATOS,agency_claim,boatos,<=2017,pt-BR,False,false_pure,checker,False,False,False
39834,val_calib,1,-0.5256177186965942,0.5832154750823975,1.1088331937789917,0.7519115187046252,0.7384416933548335,1,1,fakes,agency_claim,desconhecido,2018-2022,desconhecido,False,none,v1,False,False,False
1091457625539898798,val_calib,1,-0.4297754764556885,0.5337496399879456,0.963525116443634,0.7238270367487548,0.6883966501407537,1,1,FC_ESTADAO,agency_claim,estadao,sem_data,pt-BR,False,hard,checker,False,False,False
47653,val_calib,0,-0.3885817527770996,0.4060073792934418,0.7945891320705414,0.6888158558557128,0.624221218518441,1,1,true,press_true,desconhecido,2018-2022,desconhecido,False,none,v1,False,False,False
25054,val_calib,1,-0.36055007576942444,0.370854914188385,0.7314049899578094,0.6751135122033065,0.5988947680234585,1,1,fakes,agency_claim,desconhecido,<=2017,desconhecido,False,none,v1,False,False,False
43546,val_calib,1,-0.5293999910354614,0.7401150465011597,1.269515037536621,0.7806597190329446,0.7873597558867658,1,1,fakes,agency_claim,desconhecido,2018-2022,desconhecido,False,false_pure,v1,False,False,False
47760,val_calib,0,-0.38330212235450745,0.45851191878318787,0.8418140411376953,0.6988471364276142,0.6427248123138632,1,1,true,press_true,desconhecido,<=2017,desconhecido,False,none,v1,False,False,False
48326,val_calib,0,-0.42782238125801086,0.6592516899108887,1.0870740711688995,0.7478303498154576,0.7312865674144677,1,1,true,press_true,desconhecido,2018-2022,desconhecido,True,none,v1,False,False,False
35863,val_calib,1,-0.5089595317840576,0.5685132741928101,1.0774728059768677,0.7460154374810405,0.7280902688502057,1,1,fakes,agency_claim,desconhecido,2018-2022,desconhecido,True,none,v1,False,False,False
98403246765521028,val_calib,1,-0.1895870417356491,0.3200370669364929,0.509624108672142,0.624718352633317,0.5066347615047716,1,0,FC_POLIGRAFO,agency_claim,poligrafo,2018-2022,pt-BR,True,false_pure,checker,False,False,False
1022670013958700832,val_calib,1,-0.5903564691543579,0.7011525630950928,1.2915090322494507,0.7844024990196776,0.7935084929740328,1,1,FC_BOATOS,agency_claim,boatos,<=2017,pt-BR,False,false_pure,checker,False,False,False
48476,val_calib,0,-0.12264177948236465,0.023968461900949478,0.14661024138331413,0.5365870485932903,0.35751785336777,0,0,true,press_true,desconhecido,2018-2022,desconhecido,True,none,v1,False,False,False
16145,val_calib,0,-0.28556904196739197,0.3070421516895294,0.5926111936569214,0.6439640502273801,0.5415554456383687,1,0,FakeWhatsApp.BR_2018,whatsapp,desconhecido,2018-2022,desconhecido,False,none,v1,False,False,False
35383,val_calib,1,-0.33450940251350403,0.314662903547287,0.649172306060791,0.6568239195040327,0.5651450433735515,1,1,fakes,agency_claim,desconhecido,2018-2022,desconhecido,True,hard,v1,False,False,False
1803,val_calib,1,-0.31901317834854126,0.4795331656932831,0.7985463440418243,0.689663444182329,0.6257865955511469,1,1,COVID19.BR,covid,desconhecido,sem_data,desconhecido,False,none,v1,False,False,False
1115399638416295123,val_calib,1,-0.21659213304519653,0.38885462284088135,0.6054467558860779,0.6469014472178167,0.546928948964337,1,0,FC_COMPROVA,agency_claim,comprova,>=2023,pt-BR,False,other,checker,False,False,False
33936,val_calib,1,-0.4765052795410156,0.5105066895484924,0.9870119690895081,0.7284973264607534,0.6968357966217881,1,1,fakes,agency_claim,desconhecido,2018-2022,desconhecido,False,none,v1,False,False,False
1022926864567059095,val_calib,1,-0.09626177698373795,0.07653138786554337,0.1727931648492813,0.5430911284933289,0.3677312370057582,0,0,FC_POLIGRAFO,agency_claim,poligrafo,>=2023,pt-BR,True,other,checker,False,False,False
813219016373024459,val_calib,1,-0.16703173518180847,0.4352419674396515,0.60227370262146,0.6461763211109679,0.5456015442360319,1,0,FC_BOATOS_VIRAL,social,boatos,>=2023,pt-BR,False,false_pure,checker,False,False,False
29658,val_calib,1,-0.37792643904685974,0.4851914346218109,0.8631178736686707,0.7033116556340571,0.6509384720193958,1,1,fakes,agency_claim,desconhecido,sem_data,desconhecido,False,none,v1,False,False,False
33324074790802956,val_calib,1,-0.4152577519416809,0.5440210700035095,0.9592788219451904,0.7229773900312814,0.6868572321711618,1,1,FC_BOATOS_VIRAL,social,boatos,2018-2022,pt-BR,False,false_pure,checker,False,False,False
31571,val_calib,1,-0.2052183747291565,0.34572306275367737,0.5509414374828339,0.6343539841075658,0.5240504102230868,1,0,fakes,agency_claim,desconhecido,sem_data,desconhecido,False,none,v1,False,False,False
418722270290065550,val_calib,1,-0.18965817987918854,0.37513411045074463,0.5647922903299332,0.6375606570523973,0.5298777093254278,1,0,EXT_LIARBR,external_claim,ext_liarbr,sem_data,pt-BR,False,false_pure,checker,False,False,False
441573204364721062,val_calib,1,-0.10727676004171371,0.012287278659641743,0.11956403870135546,0.5298554514483764,0.3471019899653124,0,0,FC_POLIGRAFO,agency_claim,poligrafo,>=2023,pt-BR,True,other,checker,False,False,False
7175304422809248,val_calib,1,-0.38092851638793945,0.654356837272644,1.0352853536605835,0.7379392880260233,0.7137671132995748,1,1,FC_BOATOS_VIRAL,social,boatos,<=2017,pt-BR,False,false_pure,checker,False,False,False
1071381448934258320,val_calib,0,-0.4299217164516449,0.5299475193023682,0.9598692357540131,0.7230956231799442,0.6870715237575127,1,1,NEWS_PODER360,press_true,poder360,2018-2022,pt-BR,False,none,llm_local,False,False,False
851250057129881203,val_calib,1,-0.3863075375556946,0.5487955212593079,0.9351030588150024,0.7181094376702393,0.6780147753334701,1,1,FC_BOATOS_VIRAL,social,boatos,>=2023,pt-BR,False,false_pure,checker,False,False,False
752364886565063012,val_calib,0,-0.20916181802749634,0.06510737538337708,0.2742691934108734,0.5681406840143141,0.4083740342197072,0,0,EXT_LIARBR,external_claim,ext_liarbr,sem_data,pt-BR,False,true_rating,checker,False,False,False
534388289520668174,val_calib,0,-0.19285447895526886,0.2520439922809601,0.44489847123622894,0.6094256174078257,0.47933596617495877,0,0,EXT_LIARBR,external_claim,ext_liarbr,sem_data,pt-BR,False,true_rating,checker,False,False,False
117604954076485947,val_calib,1,-0.10146402567625046,0.2037157118320465,0.30517973750829697,0.5757082558082792,0.4210363946977925,0,0,FC_POLIGRAFO,agency_claim,poligrafo,>=2023,pt-BR,True,false_pure,checker,False,False,False
189963858540699180,val_calib,1,-0.5258874893188477,0.5819936990737915,1.1078811883926392,0.7517338884752064,0.7381312294554996,1,1,FC_BOATOS,agency_claim,boatos,>=2023,pt-BR,False,false_pure,checker,False,False,False
450189037876551465,val_calib,0,-0.2192322462797165,0.2368706315755844,0.4561028778553009,0.6120892642538481,0.48405729121776814,0,0,FC_POLIGRAFO,agency_claim,poligrafo,2018-2022,pt-BR,True,true_rating,checker,False,False,False
28800,val_calib,1,-0.6234118938446045,0.7928794622421265,1.416291356086731,0.8047563595960758,0.8258954776950291,1,1,fakes,agency_claim,desconhecido,2018-2022,desconhecido,False,false_pure,v1,False,False,False
7597,val_calib,0,-0.12174884229898453,0.11440920829772949,0.23615805059671402,0.5587666451380325,0.39292942127112923,0,0,Fake.br,portal,desconhecido,sem_data,desconhecido,False,none,v1,False,False,False
1101203969767480625,val_calib,1,-0.41547268629074097,0.2927996814250946,0.7082723677158356,0.6700193039083338,0.5894806614229624,1,1,EXT_AVERITECBR,external_claim,ext_averitecbr,2018-2022,pt-BR,False,other,checker,False,False,False
601216727921703183,val_calib,1,-0.5214141607284546,0.8055126070976257,1.3269267678260803,0.7903318317729864,0.8031315789688921,1,1,FC_G1,agency_claim,g1,2018-2022,pt-BR,False,false_pure,checker,False,False,False
41209721809832923,val_calib,1,-0.1104804053902626,-0.004940550308674574,0.10553985508158803,0.5263604999222189,0.3417574347731587,0,0,EXT_AVERITECBR,external_claim,ext_averitecbr,2018-2022,pt-BR,False,other,checker,False,False,False
26282,val_calib,1,-0.44666099548339844,0.490247517824173,0.9369085133075714,0.7184747687437669,0.6786796601847235,1,1,fakes,agency_claim,desconhecido,2018-2022,desconhecido,False,none,v1,False,False,False
564,val_calib,0,-0.3422934114933014,0.3913978040218353,0.7336912155151367,0.6756147611825625,0.5998213467676494,1,1,COVID19.BR,covid,desconhecido,sem_data,desconhecido,False,none,v1,False,False,False
15643,val_calib,1,-0.30002307891845703,0.4642167389392853,0.7642398178577423,0.6822735355148433,0.6121314767815504,1,1,FakeWhatsApp.BR_2018,whatsapp,desconhecido,2018-2022,desconhecido,False,none,v1,False,False,False
509123058190048943,val_calib,1,-0.2723541557788849,0.3620571196079254,0.6344112753868103,0.653489031489517,0.559012726167582,1,0,FC_POLIGRAFO,agency_claim,poligrafo,2018-2022,pt-BR,True,false_pure,checker,False,False,False
2270,val_calib,1,-0.37221845984458923,0.34440430998802185,0.7166227698326111,0.6718628948935296,0.5928869127327873,1,1,Fake.br,portal,desconhecido,sem_data,desconhecido,False,none,v1,False,False,False
26534,val_calib,1,-0.5666840672492981,0.6904744505882263,1.2571585178375244,0.7785365746534102,0.7838471437225337,1,1,fakes,agency_claim,desconhecido,2018-2022,desconhecido,False,false_pure,v1,False,False,False
812559963990795636,val_calib,1,-0.2712303400039673,0.4045048654079437,0.675735205411911,0.6627861757264557,0.5761290650390558,1,1,FC_COMPROVA,agency_claim,comprova,2018-2022,pt-BR,False,other,checker,False,False,False
3386,val_calib,1,-0.0770760104060173,-0.10982639342546463,-0.03275038301944733,0.49181313599278365,0.2913413494008668,0,0,Fake.br,portal,desconhecido,sem_data,desconhecido,False,none,v1,False,False,False
1111524075307257954,val_calib,1,-0.27161234617233276,0.3662671148777008,0.6378794610500336,0.6542739527031248,0.560455238393153,1,1,FC_ESTADAO,agency_claim,estadao,sem_data,pt-BR,False,hard,checker,False,False,False
987831766857854707,val_calib,1,-0.32976430654525757,0.5338296294212341,0.8635939359664917,0.7034109832581392,0.6511210185867276,1,1,FC_BOATOS_VIRAL,social,boatos,>=2023,pt-BR,False,false_pure,checker,False,False,False
1769,val_calib,1,-0.44980373978614807,0.5573285222053528,1.0071322619915009,0.7324585533970528,0.7039615132265565,1,1,COVID19.BR,covid,desconhecido,sem_data,desconhecido,False,none,v1,False,False,False
385590923648714112,val_calib,1,-0.5300478935241699,0.6246157884597778,1.1546636819839478,0.7603617262533848,0.7531042637736506,1,1,FC_BOATOS,agency_claim,boatos,<=2017,pt-BR,False,false_pure,checker,False,False,False
900032458369376684,val_calib,0,0.149595245718956,-0.2819462716579437,-0.4315415173768997,0.3937582915917437,0.17336593588729615,0,0,EXT_LIARBR,external_claim,ext_liarbr,sem_data,pt-BR,False,true_rating,checker,False,False,False
42671,val_calib,1,-0.005852256435900927,-0.15682518482208252,-0.1509729283861816,0.46232829445267215,0.2519170096304023,0,0,fakes,agency_claim,desconhecido,<=2017,desconhecido,False,hard,v1,False,False,False
1147059698156702519,val_calib,1,-0.33184656500816345,0.445894330739975,0.7777408957481384,0.685193021135118,0.6175277175957614,1,1,FC_UOL,agency_claim,uol,>=2023,pt-BR,False,false_pure,checker,False,False,False
7819,val_calib,0,-0.12753383815288544,0.1777956634759903,0.30532950162887573,0.5757448380145723,0.4210980127543619,0,0,Fake.br,portal,desconhecido,sem_data,desconhecido,False,none,v1,False,False,False
384850151439742599,val_calib,1,-0.32126322388648987,0.37879934906959534,0.7000625729560852,0.6682016452520453,0.5861233781771826,1,1,FC_COMPROVA,agency_claim,comprova,>=2023,pt-BR,False,other,checker,False,False,False
44060,val_calib,1,-0.5319135189056396,0.7133934497833252,1.2453069686889648,0.7764864178858903,0.7804387761062952,1,1,fakes,agency_claim,desconhecido,2018-2022,desconhecido,False,none,v1,False,False,False
902154524517226422,val_calib,1,-0.15208233892917633,0.19629013538360596,0.3483724743127823,0.5862228526194904,0.4389019335436101,0,0,EXT_LIARBR,external_claim,ext_liarbr,sem_data,pt-BR,False,false_pure,checker,False,False,False
883153339242335722,val_calib,1,-0.6181403398513794,0.6899060010910034,1.3080463409423828,0.787186054393842,0.7980444393378638,1,1,FC_BOATOS,agency_claim,boatos,<=2017,pt-BR,False,false_pure,checker,False,False,False
112825483538113420,val_calib,0,-0.23276294767856598,0.24272897839546204,0.475491926074028,0.6166827952006284,0.4922337122843073,0,0,EXT_LIARBR,external_claim,ext_liarbr,sem_data,pt-BR,False,true_rating,checker,False,False,False
404431941536246305,val_calib,1,-0.545846164226532,0.6699486970901489,1.215794861316681,0.7713226766137895,0.7717844423420708,1,1,FC_AOSFATOS,agency_claim,aosfatos,>=2023,pt-BR,False,false_pure,checker,False,False,False
31257,val_calib,1,-0.3078721761703491,0.4049895703792572,0.7128617465496063,0.6710331925455292,0.5913538204857297,1,1,fakes,agency_claim,desconhecido,sem_data,desconhecido,False,none,v1,False,False,False
24790,val_calib,1,-0.1846398264169693,0.3907403349876404,0.5753801614046097,0.6400036901935667,0.5343268118915164,1,0,fakes,agency_claim,desconhecido,2018-2022,desconhecido,False,none,v1,False,False,False
286472691762557203,val_calib,1,-0.6308317184448242,0.8129885196685791,1.4438202381134033,0.8090455401884062,0.8324756996924549,1,1,FC_G1,agency_claim,g1,>=2023,pt-BR,False,false_pure,checker,False,False,False
6990,val_calib,1,-0.2674269378185272,0.4415823519229889,0.7090092897415161,0.6701822121129762,0.589781613246913,1,1,Fake.br,portal,desconhecido,sem_data,desconhecido,False,none,v1,False,False,False
773075288258939021,val_calib,1,-0.2816442549228668,0.41344159841537476,0.6950858533382416,0.6670973435478071,0.5840842924132927,1,1,FC_BOATOS,agency_claim,boatos,>=2023,pt-BR,False,false_pure,checker,False,False,False
879954276505868108,val_calib,1,-0.13965560495853424,0.10256507247686386,0.2422206774353981,0.5602608275289982,0.3953728940172069,0,0,FC_POLIGRAFO,agency_claim,poligrafo,>=2023,pt-BR,True,false_pure,checker,False,False,False
44608,val_calib,1,-0.5813007354736328,0.7530884742736816,1.3343892097473145,0.7915657347452169,0.8051154054624292,1,1,fakes,agency_claim,desconhecido,2018-2022,desconhecido,False,false_pure,v1,False,False,False
146621236652387221,val_calib,1,-0.5837034583091736,0.5813170671463013,1.1650205254554749,0.7622437732385512,0.7563401148264065,1,1,FC_G1,agency_claim,g1,>=2023,pt-BR,False,false_pure,checker,False,False,False
660892346720529172,val_calib,1,-0.39073389768600464,0.49828165769577026,0.8890155553817749,0.7086869759859556,0.660803513504722,1,1,FC_POLIGRAFO,agency_claim,poligrafo,2018-2022,pt-BR,True,other,checker,False,False,False
35033,val_calib,1,-0.3819146454334259,0.38702499866485596,0.7689396440982819,0.6832914728379421,0.6140131461009036,1,1,fakes,agency_claim,desconhecido,2018-2022,desconhecido,False,false_pure,v1,False,False,False
542012357234855342,val_calib,1,-0.44602200388908386,0.5696943998336792,1.015716403722763,0.73413736743254,0.7069719227017804,1,1,FC_G1,agency_claim,g1,>=2023,pt-BR,False,false_pure,checker,False,False,False
2273,val_calib,0,-0.19848552346229553,0.41109499335289,0.6095805168151855,0.6478451063578206,0.5486572496154924,1,0,Fake.br,portal,desconhecido,sem_data,desconhecido,False,none,v1,False,False,False
647741846712880292,val_calib,0,-0.2360052913427353,0.2780679166316986,0.5140732079744339,0.6257608430174278,0.5085116246245448,1,0,EXT_LIARBR,external_claim,ext_liarbr,sem_data,pt-BR,False,true_rating,checker,False,False,False
13235,val_calib,0,-0.4179113805294037,0.5523858070373535,0.9702971875667572,0.72517872961253,0.6908431439563084,1,1,FakeWhatsApp.BR_2018,whatsapp,desconhecido,2018-2022,desconhecido,False,none,v1,False,False,False
25534,val_calib,1,-0.5501266717910767,0.6827862858772278,1.2329129576683044,0.7743280032988019,0.7768332693066501,1,1,fakes,agency_claim,desconhecido,2018-2022,desconhecido,False,none,v1,False,False,False
5383498239626806,val_calib,0,-0.232657790184021,0.2638903856277466,0.4965481758117676,0.6216477974676762,0.501117763486926,1,0,EXT_LIARBR,external_claim,ext_liarbr,sem_data,pt-BR,False,true_rating,checker,False,False,False
505130948793933481,val_calib,1,-0.2842561602592468,0.5081474781036377,0.7924036383628845,0.6883472051941935,0.6233555740851766,1,1,FC_EFARSAS,agency_claim,efarsas,<=2017,pt-BR,False,false_pure,checker,False,False,False
723010433506971770,val_calib,1,-0.37418413162231445,0.48543667793273926,0.8596208095550537,0.70258142450587,0.6495961646119408,1,1,FC_POLIGRAFO,agency_claim,poligrafo,>=2023,pt-BR,True,false_pure,checker,False,False,False
91680728316749754,val_calib,0,-0.26539477705955505,0.15869225561618805,0.4240870326757431,0.6044608260713235,0.47057684337030536,0,0,EXT_LIARBR,external_claim,ext_liarbr,sem_data,pt-BR,False,true_rating,checker,False,False,False
101531857690423408,val_calib,1,-0.4607957899570465,0.5413702726364136,1.00216606259346,0.7314842391798819,0.7022117372570099,1,1,FC_BOATOS,agency_claim,boatos,>=2023,pt-BR,False,false_pure,checker,False,False,False
7437,val_calib,0,0.034797850996255875,-0.055497195571660995,-0.09029504656791687,0.477441563221012,0.2717024476941474,0,0,Fake.br,portal,desconhecido,sem_data,desconhecido,False,none,v1,False,False,False
28380,val_calib,1,-0.3002026081085205,0.48650243878364563,0.7867050468921661,0.6871234027645159,0.6210947447337241,1,1,fakes,agency_claim,desconhecido,2018-2022,desconhecido,False,none,v1,False,False,False
600617972315605771,val_calib,1,-0.5162286758422852,0.7329845428466797,1.2492132186889648,0.7771636358495905,0.7815664184060707,1,1,FC_BOATOS,agency_claim,boatos,2018-2022,pt-BR,False,false_pure,checker,False,False,False
1078142061370201389,val_calib,1,-0.2459677904844284,0.2661803960800171,0.5121481865644455,0.625309924373906,0.5076995761109483,1,0,FC_BOATOS,agency_claim,boatos,>=2023,pt-BR,False,false_pure,checker,False,False,False
14988,val_calib,0,-0.2831173539161682,0.43560847640037537,0.7187258303165436,0.6723263745326886,0.5937433897557403,1,1,FakeWhatsApp.BR_2018,whatsapp,desconhecido,2018-2022,desconhecido,False,none,v1,False,False,False
256407807030443081,val_calib,1,-0.30614030361175537,0.3675316274166107,0.6736719310283661,0.6623248777642529,0.5752784251003462,1,1,FC_BOATOS,agency_claim,boatos,>=2023,pt-BR,False,false_pure,checker,False,False,False
28765,val_calib,1,-0.30432581901550293,0.3716689348220825,0.6759947538375854,0.6628441825199889,0.5762360389760225,1,1,fakes,agency_claim,desconhecido,2018-2022,desconhecido,False,false_pure,v1,False,False,False
33410,val_calib,1,-0.550164520740509,0.5163657665252686,1.0665302872657776,0.7439365125981087,0.7244185545937889,1,1,fakes,agency_claim,desconhecido,2018-2022,desconhecido,False,false_pure,v1,False,False,False
868123820704029526,val_calib,1,-0.11377786844968796,0.07340409606695175,0.1871819645166397,0.5466593366770509,0.3733956294570092,0,0,FC_POLIGRAFO,agency_claim,poligrafo,>=2023,pt-BR,True,false_pure,checker,False,False,False
1144586038191010021,val_calib,1,-0.3966922461986542,0.4628531038761139,0.8595453500747681,0.702565656193996,0.6495671741567544,1,1,FC_COMPROVA,agency_claim,comprova,>=2023,pt-BR,False,other,checker,False,False,False
28849,val_calib,1,-0.5656743049621582,0.5631741285324097,1.1288484334945679,0.7556263189694926,0.7449137303077019,1,1,fakes,agency_claim,desconhecido,2018-2022,desconhecido,False,none,v1,False,False,False
744982749134323518,val_calib,1,-0.5046431422233582,0.5657321214675903,1.0703752636909485,0.7446682740543002,0.7257122150723894,1,1,FC_BOATOS,agency_claim,boatos.org,>=2023,pt-BR,False,false_pure,checker_match,False,False,False
154678631066520317,val_calib,1,-0.32501205801963806,0.1915062963962555,0.5165183544158936,0.6263332813939332,0.5095430166905236,1,0,FC_BOATOS,agency_claim,boatos,<=2017,pt-BR,False,false_pure,checker,False,False,False
995265226163059660,val_calib,1,-0.2920086979866028,0.3810199499130249,0.6730286478996277,0.6621809920649253,0.5750131230092604,1,1,FC_POLIGRAFO,agency_claim,poligrafo,>=2023,pt-BR,True,other,checker,False,False,False
11969,val_calib,1,-0.6214971542358398,0.6494157314300537,1.2709128856658936,0.780898978833531,0.7877544901042086,1,1,FakeWhatsApp.BR_2018,whatsapp,desconhecido,2018-2022,desconhecido,False,none,v1,False,False,False
248828014456408909,val_calib,1,-0.5113255381584167,0.6094903945922852,1.120815932750702,0.7541400322294067,0.7423290774517717,1,1,FC_UOL,agency_claim,uol,sem_data,pt-BR,False,false_pure,checker,False,False,False
48029,val_calib,0,-0.11929934471845627,0.19144202768802643,0.3107413724064827,0.5770662114042362,0.4233262754324781,0,0,true,press_true,desconhecido,2018-2022,desconhecido,False,none,v1,False,False,False
1590,val_calib,1,-0.31397250294685364,0.3311042785644531,0.6450767815113068,0.6559001706289406,0.563445515038026,1,1,COVID19.BR,covid,desconhecido,sem_data,desconhecido,False,none,v1,False,False,False
25486,val_calib,1,-0.22049054503440857,0.2003885805606842,0.4208791255950928,0.6036935977483711,0.46922817344817597,0,0,fakes,agency_claim,desconhecido,2018-2022,desconhecido,False,none,v1,False,False,False
635864316297479023,val_calib,1,-0.2493232935667038,0.2267986685037613,0.4761219620704651,0.6168317153858939,0.49249949380016994,0,0,FC_POLIGRAFO,agency_claim,poligrafo,2018-2022,pt-BR,True,other,checker,False,False,False
32613,val_calib,1,-0.36054185032844543,0.39575058221817017,0.7562924325466156,0.680548240090877,0.6089419859954273,1,1,fakes,agency_claim,desconhecido,2018-2022,desconhecido,False,false_pure,v1,False,False,False
29780535354344242,val_calib,1,-0.5033182501792908,0.7733632326126099,1.2766814827919006,0.7818843619237992,0.7893778013488151,1,1,FC_BOATOS,agency_claim,boatos,>=2023,pt-BR,False,false_pure,checker,False,False,False
256,val_calib,0,-0.44096580147743225,0.5600578784942627,1.001023679971695,0.7312597987160936,0.7018083918462574,1,1,COVID19.BR,covid,desconhecido,sem_data,desconhecido,False,none,v1,False,False,False
465458320322619780,val_calib,1,-0.31214702129364014,0.43913689255714417,0.7512839138507843,0.6794583931938661,0.6069271272456327,1,1,FC_POLIGRAFO,agency_claim,poligrafo,>=2023,pt-BR,True,false_pure,checker,False,False,False
29426,val_calib,1,-0.21358981728553772,0.37537238001823425,0.588962197303772,0.6431269901529849,0.5400260015234201,1,0,fakes,agency_claim,desconhecido,sem_data,desconhecido,True,false_pure,v1,False,False,False
36785,val_calib,1,-0.4638971984386444,0.6129988431930542,1.0768960416316986,0.7459061387409731,0.7278975050695291,1,1,fakes,agency_claim,desconhecido,2018-2022,desconhecido,True,none,v1,False,False,False
31595,val_calib,1,-0.34322306513786316,0.4212692975997925,0.7644923627376556,0.6823282787539605,0.6122326737962347,1,1,fakes,agency_claim,desconhecido,sem_data,desconhecido,False,false_pure,v1,False,False,False
14350,val_calib,1,-0.25734010338783264,0.37168073654174805,0.6290208399295807,0.652267407481984,0.5567687280632491,1,0,FakeWhatsApp.BR_2018,whatsapp,desconhecido,2018-2022,desconhecido,False,none,v1,False,False,False
33121,val_calib,1,-0.3890381455421448,0.5478819608688354,0.9369201064109802,0.7184771136606575,0.6786839271773277,1,1,fakes,agency_claim,desconhecido,2018-2022,desconhecido,False,other,v1,False,False,False
30851,val_calib,1,-0.5862791538238525,0.6130565404891968,1.1993356943130493,0.7684065861304189,0.7668545999320278,1,1,fakes,agency_claim,desconhecido,sem_data,desconhecido,False,none,v1,False,False,False
3589,val_calib,0,-0.37241077423095703,0.5624700784683228,0.9348808526992798,0.7180644546900129,0.677932894784264,1,1,Fake.br,portal,desconhecido,sem_data,desconhecido,False,none,v1,False,False,False
1139691258214412405,val_calib,1,-0.5238561630249023,0.5854948163032532,1.1093509793281555,0.7520080941256906,0.7386104515157156,1,1,FC_AFP,agency_claim,afp,>=2023,pt-BR,False,false_pure,checker,False,False,False
465,val_calib,0,-0.16383911669254303,0.39357849955558777,0.5574176162481308,0.6358548162208691,0.5267759656710351,1,0,COVID19.BR,covid,desconhecido,sem_data,desconhecido,False,none,v1,False,False,False
14454,val_calib,0,-0.1394885629415512,0.3304692804813385,0.4699578434228897,0.615373778446219,0.4898993575869311,0,0,FakeWhatsApp.BR_2018,whatsapp,desconhecido,2018-2022,desconhecido,False,none,v1,False,False,False
29999,val_calib,1,-0.6061471700668335,0.5907269716262817,1.1968741416931152,0.7679682439943343,0.7661109804090892,1,1,fakes,agency_claim,desconhecido,sem_data,desconhecido,False,none,v1,False,False,False
44383,val_calib,1,-0.23780567944049835,0.4352947771549225,0.6731004565954208,0.662197055291065,0.5750427404149213,1,1,fakes,agency_claim,desconhecido,2018-2022,desconhecido,False,false_pure,v1,False,False,False
312563224846093473,val_calib,1,-0.3922783434391022,0.5120843052864075,0.9043626487255096,0.7118452025469252,0.6665850210432291,1,1,FC_POLIGRAFO,agency_claim,poligrafo,>=2023,pt-BR,True,false_pure,checker,False,False,False
13452,val_calib,0,-0.25480028986930847,0.3357941210269928,0.5905944108963013,0.643501519529989,0.5407102241494919,1,0,FakeWhatsApp.BR_2018,whatsapp,desconhecido,2018-2022,desconhecido,False,none,v1,False,False,False
501331802415481150,val_calib,1,-0.5104936361312866,0.7051842212677002,1.2156778573989868,0.7713020383390125,0.7717496578531443,1,1,FC_G1,agency_claim,g1,2018-2022,pt-BR,False,false_pure,checker,False,False,False
12426,val_calib,0,-0.28168031573295593,0.3128644824028015,0.5945447981357574,0.6444072526296242,0.5423655831786144,1,0,FakeWhatsApp.BR_2018,whatsapp,desconhecido,2018-2022,desconhecido,False,none,v1,False,False,False
834958212532007507,val_calib,1,-0.5116661787033081,0.6068633794784546,1.1185295581817627,0.7537158627352354,0.741590262481072,1,1,FC_BOATOS,agency_claim,boatos,2018-2022,pt-BR,False,false_pure,checker,False,False,False
541746843803539993,val_calib,1,-0.06555134057998657,0.10043036192655563,0.1659817025065422,0.5414004210310589,0.3650623598233036,0,0,FC_POLIGRAFO,agency_claim,poligrafo,>=2023,pt-BR,True,other,checker,False,False,False
168068528976629501,val_calib,1,-0.3899989426136017,0.4029081463813782,0.7929070889949799,0.688455197864805,0.6235550540964774,1,1,EXT_AVERITECBR,external_claim,ext_averitecbr,2018-2022,pt-BR,False,other,checker,False,False,False
788632821003304976,val_calib,1,-0.551357090473175,0.6416463851928711,1.1930034756660461,0.7672778030506601,0.7649383477390694,1,1,FC_AOSFATOS,agency_claim,aosfatos,>=2023,pt-BR,False,false_pure,checker,False,False,False
40334,val_calib,1,-0.35537663102149963,0.5072526931762695,0.8626293241977692,0.7032097026414249,0.6507510911924201,1,1,fakes,agency_claim,desconhecido,2018-2022,desconhecido,True,false_pure,v1,False,False,False
182831001811505931,val_calib,1,-0.3006077706813812,0.2285347878932953,0.5291425585746765,0.6292831051745853,0.514866571240698,1,0,EXT_LIARBR,external_claim,ext_liarbr,sem_data,pt-BR,False,false_pure,checker,False,False,False
254942811574971852,val_calib,1,-0.4559163749217987,0.3878959119319916,0.8438122868537903,0.6992675196767663,0.643498896236673,1,1,FC_BOATOS,agency_claim,boatos,>=2023,pt-BR,False,false_pure,checker,False,False,False
14428,val_calib,1,-0.28985267877578735,0.4514218866825104,0.7412745654582977,0.677274505712443,0.6028896420063933,1,1,FakeWhatsApp.BR_2018,whatsapp,desconhecido,2018-2022,desconhecido,False,none,v1,False,False,False
481943610821300107,val_calib,1,-0.15463247895240784,0.16842807829380035,0.3230605572462082,0.5800699517824002,0.4284100379228506,0,0,FC_OBSERVADOR,agency_claim,observador,>=2023,pt-PT,True,false_pure,checker,False,False,False
368528929749684488,val_calib,0,-0.07667109370231628,-0.051639605313539505,0.02503148838877678,0.506257545365268,0.311877972624795,0,0,EXT_LIARBR,external_claim,ext_liarbr,sem_data,pt-BR,False,true_rating,checker,False,False,False
988315553821573991,val_calib,1,-0.5494278073310852,0.7068508863449097,1.2562786936759949,0.778384840504958,0.783595438685828,1,1,FC_BOATOS,agency_claim,boatos,>=2023,pt-BR,False,false_pure,checker,False,False,False
227,val_calib,0,-0.4260224997997284,0.47180798649787903,0.8978304862976074,0.7105034629337702,0.6641302430018986,1,1,COVID19.BR,covid,desconhecido,sem_data,desconhecido,False,none,v1,False,False,False
619301008267586880,val_calib,1,-0.5066314935684204,0.6866331100463867,1.1932646036148071,0.7673244274754992,0.7650175853745778,1,1,FC_G1,agency_claim,g1,>=2023,pt-BR,False,false_pure,checker,False,False,False
760764579333389959,val_calib,0,-0.08442333340644836,0.06261728703975677,0.14704062044620514,0.5366940655616081,0.3576847223099751,0,0,EXT_LIARBR,external_claim,ext_liarbr,sem_data,pt-BR,False,true_rating,checker,False,False,False
971164046023322012,val_calib,1,-0.2801825702190399,0.37185630202293396,0.6520388722419739,0.6574697706788578,0.566333680415103,1,1,FC_BOATOS,agency_claim,boatos,<=2017,pt-BR,False,false_pure,checker,False,False,False
25993,val_calib,1,-0.40857407450675964,0.6591403484344482,1.0677144229412079,0.7441620193324816,0.7248173652572641,1,1,fakes,agency_claim,desconhecido,2018-2022,desconhecido,False,none,v1,False,False,False
3245,val_calib,0,-0.33063507080078125,0.33446386456489563,0.6650989353656769,0.6604048616935213,0.5717392554212056,1,1,Fake.br,portal,desconhecido,sem_data,desconhecido,False,none,v1,False,False,False
335792693389871871,val_calib,1,-0.23656459152698517,0.13246040046215057,0.36902499198913574,0.5912233611310985,0.4475035834227277,0,0,EXT_AVERITECBR,external_claim,ext_averitecbr,2018-2022,pt-BR,False,other,checker,False,False,False
865919119310998409,val_calib,1,-0.4879690110683441,0.6348116993904114,1.1227807104587555,0.7545041453228807,0.7429628693716025,1,1,FC_ESTADAO,agency_claim,estadao,sem_data,pt-BR,False,hard,checker,False,False,False
84239499328791608,val_calib,1,-0.27938759326934814,0.36762696504592896,0.6470145583152771,0.6563373852105765,0.5642498265518394,1,1,FC_BOATOS,agency_claim,boatos,>=2023,pt-BR,False,false_pure,checker,False,False,False
1041132417042606285,val_calib,0,-0.5030390024185181,0.4753235876560211,0.9783625900745392,0.7267831976294507,0.6937429673269183,1,1,FC_EFARSAS,agency_claim,efarsas,>=2023,pt-BR,False,true_rating,checker,False,False,False
102726412468265119,val_calib,1,-0.2901492118835449,0.2879587411880493,0.5781079530715942,0.6406319302601011,0.5354721946705976,1,0,FC_POLIGRAFO,agency_claim,poligrafo,>=2023,pt-BR,True,false_pure,checker,False,False,False
609559998980280669,val_calib,1,-0.5963186025619507,0.788042426109314,1.3843610286712646,0.799690487387394,0.8180096453085627,1,1,FC_G1,agency_claim,g1,2018-2022,pt-BR,False,false_pure,checker,False,False,False
549444365371884391,val_calib,0,-0.23753882944583893,0.553921639919281,0.7914604693651199,0.6881448356188372,0.6229817538949679,1,1,NEWS_OECO,press_true,oeco,<=2017,pt-BR,False,none,llm_local,False,False,False
36140,val_calib,1,-0.2471754550933838,0.21222685277462006,0.45940230786800385,0.612872377378224,0.48544818911386456,0,0,fakes,agency_claim,desconhecido,2018-2022,desconhecido,True,hard,v1,False,False,False
1113025449340892589,val_calib,1,-0.5622996091842651,0.5741322040557861,1.1364318132400513,0.7570239134091857,0.747338169791299,1,1,FC_BOATOS,agency_claim,boatos.org,>=2023,pt-BR,False,false_pure,checker_match,False,False,False
521949198823117335,val_calib,1,-0.3122185468673706,0.2287224680185318,0.5409410148859024,0.6320312946166862,0.5198388885403133,1,0,FC_POLIGRAFO,agency_claim,poligrafo,>=2023,pt-BR,True,false_pure,checker,False,False,False
367660103613894895,val_calib,1,-0.4775157868862152,0.683628261089325,1.1611440479755402,0.761540532167718,0.7551323384683662,1,1,FC_EFARSAS,agency_claim,efarsas,<=2017,pt-BR,False,false_pure,checker,False,False,False
63385794677773270,val_calib,0,-0.45320752263069153,0.6085665225982666,1.0617740452289581,0.7430294216607548,0.7228130745907876,1,1,NEWS_PODER360,press_true,poder360,<=2017,pt-BR,False,none,llm_local,False,False,False
998683950350231657,val_calib,1,-0.4231474995613098,0.5766081809997559,0.9997556805610657,0.7310105398011336,0.7013603267461477,1,1,FC_EFARSAS,agency_claim,efarsas,<=2017,pt-BR,False,false_pure,checker,False,False,False
179323400612733859,val_calib,0,-0.14559148252010345,0.14492805302143097,0.2905195355415344,0.5721233190737534,0.41501687724180575,0,0,FC_POLIGRAFO,agency_claim,poligrafo,2018-2022,pt-BR,True,true_rating,checker,False,False,False
0,val_calib,0,-0.3556492328643799,0.29534366726875305,0.6509929001331329,0.65723417555508,0.5659000501517402,1,1,COVID19.BR,covid,desconhecido,sem_data,desconhecido,False,none,v1,False,False,False
4966,val_calib,1,-0.2768436372280121,0.1822940856218338,0.4591377228498459,0.6128096001083057,0.4853366428410304,0,0,Fake.br,portal,desconhecido,sem_data,desconhecido,False,none,v1,False,False,False
6880,val_calib,1,-0.4850793778896332,0.5968914031982422,1.0819707810878754,0.7468667541547845,0.7295906245129875,1,1,Fake.br,portal,desconhecido,sem_data,desconhecido,False,none,v1,False,False,False
112438189071840109,val_calib,1,-0.2455540895462036,0.33418008685112,0.5797341763973236,0.6410062380339387,0.5361548585403955,1,0,EXT_AVERITECBR,external_claim,ext_averitecbr,2018-2022,pt-BR,False,other,checker,False,False,False
1542,val_calib,0,-0.2548893988132477,0.3463822305202484,0.6012716293334961,0.6459471810617263,0.5451822045520238,1,0,COVID19.BR,covid,desconhecido,sem_data,desconhecido,False,none,v1,False,False,False
1781,val_calib,0,-0.26610830426216125,0.39607810974121094,0.6621864140033722,0.6597513648707062,0.5705351947987324,1,1,COVID19.BR,covid,desconhecido,sem_data,desconhecido,False,none,v1,False,False,False
12843,val_calib,0,-0.14418712258338928,0.18189890682697296,0.32608602941036224,0.5808067438753688,0.4296609186143455,0,0,FakeWhatsApp.BR_2018,whatsapp,desconhecido,2018-2022,desconhecido,False,none,v1,False,False,False
1028278491353708991,val_calib,1,-0.25737008452415466,0.3690338432788849,0.6264039278030396,0.6516736172399568,0.5556784852890121,1,0,FC_LUPA,agency_claim,lupa,>=2023,pt-BR,False,false_pure,checker_match,False,False,False
35316,val_calib,1,-0.2720126807689667,0.3489641845226288,0.6209768652915955,0.6504406887180119,0.5534157960751095,1,0,fakes,agency_claim,desconhecido,2018-2022,desconhecido,True,false_pure,v1,False,False,False
155468602435486896,val_calib,1,-0.16680388152599335,0.13223114609718323,0.2990350276231766,0.5742066043651347,0.4185103936273425,0,0,FC_POLIGRAFO,agency_claim,poligrafo,>=2023,pt-BR,True,false_pure,checker,False,False,False
13868,val_calib,0,-0.2683044373989105,0.3981536030769348,0.6664580404758453,0.6607096020951271,0.5723008311369625,1,1,FakeWhatsApp.BR_2018,whatsapp,desconhecido,2018-2022,desconhecido,False,none,v1,False,False,False
209732912639238431,val_calib,1,-0.45665425062179565,0.6546920537948608,1.1113463044166565,0.7523800189920783,0.739260115396382,1,1,FC_BOATOS,agency_claim,boatos,<=2017,pt-BR,False,false_pure,checker,False,False,False
1122627369422172668,val_calib,1,-0.30343005061149597,0.28989818692207336,0.5933282375335693,0.6441284330216887,0.54185589703747,1,0,FC_ESTADAO,agency_claim,estadao,sem_data,pt-BR,False,hard,checker,False,False,False
160829207422613244,val_calib,1,-0.5824277997016907,0.6915408372879028,1.2739686369895935,0.7814213561469809,0.7886155295315207,1,1,FC_BOATOS,agency_claim,boatos,<=2017,pt-BR,False,false_pure,checker,False,False,False
787610200107223102,val_calib,0,-0.46116897463798523,0.6161253452301025,1.0772943198680878,0.7459816170899168,0.7280306251079222,1,1,FC_POLIGRAFO,agency_claim,poligrafo,2018-2022,pt-BR,True,true_rating,checker,False,False,False
485949868164181621,val_calib,1,-0.5296659469604492,0.6462657451629639,1.175931692123413,0.7642155228729602,0.7597179264976005,1,1,FC_BOATOS,agency_claim,boatos.org,>=2023,pt-BR,False,false_pure,checker_match,False,False,False
47283,val_calib,0,-0.21419928967952728,0.3601627051830292,0.5743619948625565,0.6397690722504837,0.5338991966442631,1,0,true,press_true,desconhecido,2018-2022,desconhecido,False,none,v1,False,False,False
840019413440466733,val_calib,1,-0.323690801858902,0.34593456983566284,0.6696253716945648,0.6614192685832881,0.5736088320661941,1,1,FC_POLIGRAFO,agency_claim,poligrafo,>=2023,pt-BR,True,false_pure,checker,False,False,False
19039680634229111,val_calib,0,-0.1608407348394394,0.10922276228666306,0.27006349712610245,0.5671084933509253,0.4066601569946632,0,0,EXT_LIARBR,external_claim,ext_liarbr,sem_data,pt-BR,False,true_rating,checker,False,False,False
181540053679975951,val_calib,0,0.007312824483960867,0.09665688127279282,0.08934405678883195,0.5223211682046113,0.33563498145043386,0,0,EXT_LIARBR,external_claim,ext_liarbr,sem_data,pt-BR,False,true_rating,checker,False,False,False
736308548645447217,val_calib,1,-0.48768338561058044,0.5126622915267944,1.0003456771373749,0.7311265374516004,0.7015688582750833,1,1,FC_BOATOS,agency_claim,boatos,2018-2022,pt-BR,False,false_pure,checker,False,False,False
1036538747447634236,val_calib,1,-0.5443881750106812,0.5503678321838379,1.094756007194519,0.749276250375035,0.7338267319279284,1,1,FC_ESTADAO,agency_claim,estadao,sem_data,pt-BR,False,false_pure,checker,False,False,False
825907938677982666,val_calib,1,-0.3874647915363312,0.4865940511226654,0.8740588426589966,0.705589556297519,0.6551225257099619,1,1,FC_BOATOS,agency_claim,boatos,>=2023,pt-BR,False,false_pure,checker,False,False,False
423518273949937237,val_calib,1,-0.4900294840335846,0.44568344950675964,0.9357129335403442,0.7182328771340845,0.6782394513802014,1,1,FC_BOATOS,agency_claim,boatos,2018-2022,pt-BR,False,false_pure,checker,False,False,False
40439,val_calib,1,-0.39223068952560425,0.5842748284339905,0.9765055179595947,0.7264142847059366,0.6930766247950322,1,1,fakes,agency_claim,desconhecido,2018-2022,desconhecido,True,false_pure,v1,False,False,False
32234,val_calib,1,-0.3987392485141754,0.5760316252708435,0.9747708737850189,0.7260694121079725,0.6924534820801923,1,1,fakes,agency_claim,desconhecido,2018-2022,desconhecido,False,other,v1,False,False,False
529501239259863757,val_calib,0,-0.13862766325473785,0.2788839340209961,0.41751159727573395,0.6028876438824912,0.4678128792475193,0,0,EXT_LIARBR,external_claim,ext_liarbr,sem_data,pt-BR,False,true_rating,checker,False,False,False
901994476984454117,val_calib,1,-0.4364602267742157,0.31951284408569336,0.7559730708599091,0.68047880611213,0.6088136211615085,1,1,EXT_AVERITECBR,external_claim,ext_averitecbr,<=2017,pt-BR,False,other,checker,False,False,False
12936947647322383,val_calib,0,-0.04871302843093872,-0.02713805064558983,0.021574977785348892,0.5053935352328786,0.3106273361137073,0,0,EXT_LIARBR,external_claim,ext_liarbr,sem_data,pt-BR,False,true_rating,checker,False,False,False
32171,val_calib,1,-0.5051470994949341,0.6671029925346375,1.1722500920295715,0.763551489593328,0.758581788587556,1,1,fakes,agency_claim,desconhecido,2018-2022,desconhecido,False,none,v1,False,False,False
34211,val_calib,1,-0.3685215413570404,0.4986688196659088,0.8671903610229492,0.7041607344476485,0.6524986360838512,1,1,fakes,agency_claim,desconhecido,2018-2022,desconhecido,False,hard,v1,False,False,False
729350561767105441,val_calib,1,-0.09977594763040543,0.012787737883627415,0.11256368551403284,0.5281112454883278,0.34442926573100185,0,0,FC_POLIGRAFO,agency_claim,poligrafo,>=2023,pt-BR,True,false_pure,checker,False,False,False
433809072353346006,val_calib,1,-0.2195674031972885,0.4176692068576813,0.6372366100549698,0.6541285256811797,0.5601879356259158,1,1,FC_BOATOS,agency_claim,boatos,<=2017,pt-BR,False,false_pure,checker,False,False,False
34823,val_calib,1,-0.5409938097000122,0.6518380641937256,1.1928318738937378,0.7672471599907719,0.7648862661822432,1,1,fakes,agency_claim,desconhecido,2018-2022,desconhecido,False,none,v1,False,False,False
33909524968241164,val_calib,0,-0.4005486071109772,0.5423736572265625,0.9429222643375397,0.7196895630781717,0.6808890812926977,1,1,NEWS_PODER360,press_true,poder360,<=2017,pt-BR,False,none,llm_local,False,False,False
42551,val_calib,1,-0.31835371255874634,0.5241679549217224,0.8425216674804688,0.6989960423790564,0.6429990192815962,1,1,fakes,agency_claim,desconhecido,2018-2022,desconhecido,False,none,v1,False,False,False
705052219730007340,val_calib,1,-0.15741927921772003,0.19558680057525635,0.3530060797929764,0.5873463551292778,0.44082879867816677,0,0,FC_BOATOS,agency_claim,boatos.org,>=2023,pt-BR,False,false_pure,checker_match,False,False,False
682063709089794444,val_calib,1,-0.3146906793117523,0.38926538825035095,0.7039560675621033,0.6690642989233693,0.5877165876547877,1,1,FC_BOATOS,agency_claim,boatos.org,2018-2022,pt-BR,False,false_pure,checker_match,False,False,False
15238,val_calib,1,-0.3536544442176819,0.5022004842758179,0.8558549284934998,0.7017939032455757,0.6481480223500683,1,1,FakeWhatsApp.BR_2018,whatsapp,desconhecido,2018-2022,desconhecido,False,none,v1,False,False,False
628505023415136616,val_calib,1,-0.5962433815002441,0.6133914589881897,1.2096348404884338,0.7702343319012069,0.769948034667887,1,1,FC_BOATOS,agency_claim,boatos,>=2023,pt-BR,False,false_pure,checker,False,False,False
2871,val_calib,0,-0.5605790019035339,0.6060788631439209,1.1666578650474548,0.7625403779281458,0.756849038626858,1,1,Fake.br,portal,desconhecido,sem_data,desconhecido,False,none,v1,False,False,False
215881776624794714,val_calib,1,-0.18245825171470642,0.29315754771232605,0.47561579942703247,0.6167120765954327,0.4922859680796387,0,0,FC_POLIGRAFO,agency_claim,poligrafo,>=2023,pt-BR,True,other,checker,False,False,False
63461401315336485,val_calib,1,-0.3185340464115143,0.32256007194519043,0.6410941183567047,0.6550007456612604,0.5617913904235063,1,1,EXT_LIARBR,external_claim,ext_liarbr,sem_data,pt-BR,False,false_pure,checker,False,False,False
351398392254523066,val_calib,0,-0.5526657104492188,0.6169953346252441,1.169661045074463,0.7630837425661099,0.7577806210744344,1,1,FC_EFARSAS,agency_claim,efarsas,2018-2022,pt-BR,False,true_rating,checker,False,False,False
592772103657414155,val_calib,1,-0.544355034828186,0.5888333320617676,1.1331883668899536,0.7564268208395334,0.7463030955166704,1,1,FC_ESTADAO,agency_claim,estadao,sem_data,pt-BR,False,false_pure,checker,False,False,False
158216267754028583,val_calib,1,-0.6005719900131226,0.7458178997039795,1.346389889717102,0.7935387926175987,0.8082738386796386,1,1,FC_G1,agency_claim,g1,2018-2022,pt-BR,False,false_pure,checker,False,False,False
311974211537523428,val_calib,1,-0.3936973214149475,0.39716872572898865,0.7908660471439362,0.6880172574418918,0.6227460824681873,1,1,FC_OBSERVADOR,agency_claim,observador,>=2023,pt-PT,True,false_pure,checker,False,False,False
12314,val_calib,0,-0.6195128560066223,0.7795538902282715,1.3990667462348938,0.8020357535150867,0.821675515440822,1,1,FakeWhatsApp.BR_2018,whatsapp,desconhecido,2018-2022,desconhecido,False,none,v1,False,False,False
28645,val_calib,1,-0.21263925731182098,0.5432331562042236,0.7558724135160446,0.6804569200499327,0.6087731596385214,1,1,fakes,agency_claim,desconhecido,2018-2022,desconhecido,False,none,v1,False,False,False
184889072109323722,val_calib,1,-0.4251110851764679,0.5570342540740967,0.9821453392505646,0.727533691076656,0.6950977652190786,1,1,FC_BOATOS_VIRAL,social,boatos,<=2017,pt-BR,False,false_pure,checker,False,False,False
24936,val_calib,1,-0.3847082257270813,0.5023502707481384,0.8870584964752197,0.7082827767205792,0.6600627517066698,1,1,fakes,agency_claim,desconhecido,2018-2022,desconhecido,False,none,v1,False,False,False
882600648089991749,val_calib,0,-0.21589051187038422,0.22695685923099518,0.4428473711013794,0.6089372927470643,0.47847204602004983,0,0,NEWS_OECO,press_true,oeco,<=2017,pt-BR,False,none,llm_local,False,False,False
894324984515478681,val_calib,1,-0.6399289965629578,0.7779725193977356,1.4179015159606934,0.8050092295101784,0.8262859048824391,1,1,FC_BOATOS,agency_claim,boatos,>=2023,pt-BR,False,false_pure,checker,False,False,False
143720965676050937,val_calib,1,-0.6037501096725464,0.7711101174354553,1.3748602271080017,0.7981642615344484,0.8156102674036425,1,1,FC_G1,agency_claim,g1,2018-2022,pt-BR,False,false_pure,checker,False,False,False
10930,val_calib,0,-0.39052921533584595,0.43450459837913513,0.8250338137149811,0.6953038330472326,0.6361953663862632,1,1,FakeWhatsApp.BR_2018,whatsapp,desconhecido,2018-2022,desconhecido,False,none,v1,False,False,False
175767429455581579,val_calib,1,-0.18963679671287537,0.25961193442344666,0.449248731136322,0.6104605982058129,0.48116869155053354,0,0,FC_POLIGRAFO,agency_claim,poligrafo,2018-2022,pt-BR,True,false_pure,checker,False,False,False
1107662734765182682,val_calib,1,-0.4963601529598236,0.655372142791748,1.1517322957515717,0.7598271855852571,0.7521831660917571,1,1,FC_FOLHA,agency_claim,folha,2018-2022,pt-BR,False,false_pure,checker_match,False,False,False
740051271485002569,val_calib,1,-0.46418991684913635,0.5308724641799927,0.995062381029129,0.73008667697071,0.699698527280551,1,1,FC_ESTADAO,agency_claim,estadao,sem_data,pt-BR,False,false_pure,checker,False,False,False
704306186263322312,val_calib,1,-0.3859803080558777,0.5156565308570862,0.9016368389129639,0.711285757344101,0.6655617538344167,1,1,FC_BOATOS,agency_claim,boatos.org,>=2023,pt-BR,False,false_pure,checker_match,False,False,False
1074285594564584415,val_calib,1,-0.6366735696792603,0.7035694718360901,1.3402430415153503,0.7925299066874344,0.8066609651028727,1,1,FC_G1,agency_claim,g1,2018-2022,pt-BR,False,false_pure,checker,False,False,False
911986977416948701,val_calib,1,-0.18877433240413666,0.2065954953432083,0.39536982774734497,0.5975747049077424,0.458521141428119,0,0,EXT_AVERITECBR,external_claim,ext_averitecbr,2018-2022,pt-BR,False,other,checker,False,False,False
27994,val_calib,1,-0.49953314661979675,0.6716172695159912,1.171150416135788,0.7633528958974424,0.7582417202866091,1,1,fakes,agency_claim,desconhecido,2018-2022,desconhecido,False,none,v1,False,False,False
34863,val_calib,1,-0.3311534523963928,0.46388816833496094,0.7950416207313538,0.6889128378667554,0.6244003442217654,1,1,fakes,agency_claim,desconhecido,2018-2022,desconhecido,False,false_pure,v1,False,False,False
443233878141384752,val_calib,0,-0.1420665979385376,0.07406589388847351,0.2161324918270111,0.5538237623109009,0.3848969532508425,0,0,FC_POLIGRAFO,agency_claim,poligrafo,>=2023,pt-BR,True,true_rating,checker,False,False,False
65278943237619524,val_calib,1,-0.21658827364444733,0.3777185082435608,0.5943067818880081,0.6443527101542694,0.5422658716351745,1,0,FC_BOATOS_VIRAL,social,boatos,<=2017,pt-BR,False,false_pure,checker,False,False,False
834295069287819035,val_calib,1,-0.37716081738471985,0.5974793434143066,0.9746401607990265,0.726043413491374,0.6924064970793332,1,1,FC_AFP,agency_claim,afp,>=2023,pt-BR,False,false_pure,checker,False,False,False
434734051731435856,val_calib,1,-0.47396236658096313,0.43696942925453186,0.910931795835495,0.7131907991513838,0.6690446208599484,1,1,FC_BOATOS,agency_claim,boatos,2018-2022,pt-BR,False,false_pure,checker,False,False,False
325573980181337146,val_calib,1,-0.3338790237903595,0.3424514830112457,0.6763305068016052,0.6629192130843836,0.5763744103219061,1,1,FC_POLIGRAFO,agency_claim,poligrafo,2018-2022,pt-BR,True,hard,checker,False,False,False
985507295952870206,val_calib,1,-0.3835045397281647,0.43246811628341675,0.8159726560115814,0.6933807786493554,0.6326483751627338,1,1,FC_BOATOS,agency_claim,boatos.org,>=2023,pt-BR,False,false_pure,checker_match,False,False,False
13187,val_calib,1,-0.32225915789604187,0.38005346059799194,0.7023126184940338,0.6687003098772093,0.5870443139735699,1,1,FakeWhatsApp.BR_2018,whatsapp,desconhecido,2018-2022,desconhecido,False,none,v1,False,False,False
34298,val_calib,1,-0.30050942301750183,0.4618300199508667,0.7623394429683685,0.6818614365448769,0.6113696696536439,1,1,fakes,agency_claim,desconhecido,2018-2022,desconhecido,False,none,v1,False,False,False
2835,val_calib,0,-0.262988418340683,0.4533943831920624,0.7163828015327454,0.6718099885456639,0.5927891489983622,1,1,Fake.br,portal,desconhecido,sem_data,desconhecido,False,none,v1,False,False,False
34477,val_calib,1,-0.2599903643131256,0.45444825291633606,0.7144386172294617,0.6713811891119884,0.5919968127392959,1,1,fakes,agency_claim,desconhecido,sem_data,desconhecido,False,false_pure,v1,False,False,False
4418,val_calib,1,-0.5426138639450073,0.48096415400505066,1.023578017950058,0.7356689677837083,0.7097131583253311,1,1,Fake.br,portal,desconhecido,sem_data,desconhecido,False,none,v1,False,False,False
120742606581371548,val_calib,1,-0.3645232617855072,0.3561420142650604,0.7206652760505676,0.6727534985636553,0.5945327293236958,1,1,FC_BOATOS,agency_claim,boatos,<=2017,pt-BR,False,false_pure,checker,False,False,False
34831421993928601,val_calib,1,-0.48987844586372375,0.7815039157867432,1.271382361650467,0.7809792935926357,0.7878869438949869,1,1,FC_G1,agency_claim,g1,2018-2022,pt-BR,False,false_pure,checker,False,False,False
863033208274671053,val_calib,1,-0.402300089597702,0.618780255317688,1.02108034491539,0.7351829841326398,0.7088438978984434,1,1,FC_POLIGRAFO,agency_claim,poligrafo,2018-2022,pt-BR,True,other,checker,False,False,False
14892,val_calib,0,-0.4743823707103729,0.38639599084854126,0.8607783615589142,0.7028232507249005,0.6500407410190925,1,1,FakeWhatsApp.BR_2018,whatsapp,desconhecido,2018-2022,desconhecido,False,none,v1,False,False,False
707448824067158440,val_calib,1,-0.3949657082557678,0.4739273190498352,0.868893027305603,0.704515307812434,0.6531499580437369,1,1,EXT_AVERITECBR,external_claim,ext_averitecbr,2018-2022,pt-BR,False,other,checker,False,False,False
1019629300014839418,val_calib,1,-0.23436389863491058,0.1863928586244583,0.4207567572593689,0.6036643210416592,0.4691767360631463,0,0,FC_POLIGRAFO,agency_claim,poligrafo,>=2023,pt-BR,True,false_pure,checker,False,False,False
24552,val_calib,1,-0.3396460711956024,0.4205237329006195,0.7601698040962219,0.6813905989608089,0.6104992566930597,1,1,fakes,agency_claim,desconhecido,2018-2022,desconhecido,False,none,v1,False,False,False
179305964139710416,val_calib,1,-0.6052185297012329,0.6852880120277405,1.2905065417289734,0.7842329142799718,0.7932311160528176,1,1,FC_G1,agency_claim,g1,2018-2022,pt-BR,False,false_pure,checker,False,False,False
895932920092905126,val_calib,1,-0.24197685718536377,0.46491095423698425,0.706887811422348,0.6697131155714396,0.5889150410128949,1,1,FC_BOATOS,agency_claim,boatos.org,>=2023,pt-BR,False,false_pure,checker_match,False,False,False
991448570916934696,val_calib,1,-0.22003746032714844,0.36244744062423706,0.5824849009513855,0.6416389813579242,0.5373092612489802,1,0,FC_EFARSAS,agency_claim,efarsas,2018-2022,pt-BR,False,hard,checker,False,False,False
40638,val_calib,1,-0.37403354048728943,0.4486093819141388,0.8226429224014282,0.6947970709988995,0.6352608705481023,1,1,fakes,agency_claim,desconhecido,2018-2022,desconhecido,True,false_pure,v1,False,False,False
293402408410427427,val_calib,0,-0.21621102094650269,0.09772506356239319,0.3139360845088959,0.5778457228106253,0.4246431253999043,0,0,EXT_LIARBR,external_claim,ext_liarbr,sem_data,pt-BR,False,true_rating,checker,False,False,False
26711,val_calib,1,-0.2163500040769577,0.22858400642871857,0.44493401050567627,0.6094340766462946,0.4793509363637484,0,0,fakes,agency_claim,desconhecido,<=2017,desconhecido,False,none,v1,False,False,False
48339,val_calib,0,-0.4768066704273224,0.4539715349674225,0.9307782053947449,0.7172331398222411,0.6764191537336763,1,1,true,press_true,desconhecido,2018-2022,desconhecido,True,none,v1,False,False,False
506559801373904016,val_calib,1,-0.5868209004402161,0.7784428596496582,1.3652637600898743,0.7966138649007822,0.8131619503020736,1,1,FC_EFARSAS,agency_claim,efarsas,<=2017,pt-BR,False,false_pure,checker,False,False,False
284417066033154970,val_calib,1,-0.45099008083343506,0.6806767582893372,1.1316668391227722,0.7561463771576388,0.7458165701522018,1,1,FC_EFARSAS,agency_claim,efarsas,<=2017,pt-BR,False,false_pure,checker,False,False,False
612571319027953947,val_calib,1,-0.4060669243335724,0.5261731743812561,0.9322400987148285,0.7175295318814556,0.676958969802018,1,1,FC_FOLHA,agency_claim,folha,>=2023,pt-BR,False,hard,checker_match,False,False,False
1121232686582560600,val_calib,1,-0.49518918991088867,0.7120590209960938,1.2072482109069824,0.7698116895533956,0.7692337604959398,1,1,FC_EFARSAS,agency_claim,efarsas,<=2017,pt-BR,False,false_pure,checker,False,False,False
291384993578476910,val_calib,1,-0.19710329174995422,0.26391395926475525,0.4610172510147095,0.6132554685948236,0.4861290632525218,0,0,FC_POLIGRAFO,agency_claim,poligrafo,>=2023,pt-BR,True,false_pure,checker,False,False,False
894275202871245667,val_calib,0,-0.3305044174194336,0.2963884174823761,0.6268928349018097,0.6517845885312863,0.5558822119831719,1,0,EXT_LIARBR,external_claim,ext_liarbr,sem_data,pt-BR,False,true_rating,checker,False,False,False
37631,val_calib,1,-0.2984097898006439,0.2605639696121216,0.5589737594127655,0.6362150547767643,0.5274306503110715,1,0,fakes,agency_claim,desconhecido,2018-2022,desconhecido,True,none,v1,False,False,False
542574881489493794,val_calib,1,-0.3477761447429657,0.3640435039997101,0.7118196487426758,0.6708031109192666,0.5909287179901881,1,1,FC_UOL,agency_claim,uol,sem_data,pt-BR,False,hard,checker,False,False,False
16112,val_calib,0,-0.21166743338108063,0.45315447449684143,0.6648219078779221,0.6603427299006538,0.5716247662661074,1,1,FakeWhatsApp.BR_2018,whatsapp,desconhecido,2018-2022,desconhecido,False,none,v1,False,False,False
391651699260043498,val_calib,1,-0.375137060880661,0.4174949824810028,0.7926320433616638,0.6883962017439804,0.6234460791714282,1,1,EXT_LIARBR,external_claim,ext_liarbr,sem_data,pt-BR,False,false_pure,checker,False,False,False
887406233909457916,val_calib,1,-0.25092175602912903,0.2895847260951996,0.5405064821243286,0.6319302305189182,0.519655823581827,1,0,FC_POLIGRAFO,agency_claim,poligrafo,>=2023,pt-BR,True,other,checker,False,False,False
48072,val_calib,0,-0.47022685408592224,0.6219272017478943,1.0921540558338165,0.7487871273056216,0.7329680678801914,1,1,true,press_true,desconhecido,2018-2022,desconhecido,False,false_pure,v1,False,False,False
709644299416538849,val_calib,0,-0.2785692512989044,0.29862532019615173,0.5771945714950562,0.6404216221241925,0.5350887124818178,1,0,NEWS_BRASILDEFATO,press_true,brasildefato,<=2017,pt-BR,False,none,llm_local,False,False,False
140862826054576887,val_calib,1,-0.6208878755569458,0.7765709161758423,1.397458791732788,0.8017803275029021,0.8212775138911438,1,1,FC_BOATOS,agency_claim,boatos,>=2023,pt-BR,False,false_pure,checker,False,False,False
1976,val_calib,1,-0.31931617856025696,0.1670631468296051,0.48637932538986206,0.6192531237886539,0.4968270648162424,0,0,Fake.br,portal,desconhecido,sem_data,desconhecido,False,none,v1,False,False,False
891809408290429914,val_calib,1,-0.290680855512619,0.31794029474258423,0.6086211502552032,0.647626203688586,0.5482562472447685,1,0,FC_POLIGRAFO,agency_claim,poligrafo,2018-2022,pt-BR,True,other,checker,False,False,False
316844625175172228,val_calib,1,-0.3182184100151062,0.39285632967948914,0.7110747396945953,0.6706385944880775,0.5906247641885081,1,1,FC_BOATOS_VIRAL,social,boatos,>=2023,pt-BR,False,false_pure,checker,False,False,False
8989,val_calib,0,-0.3040594458580017,0.4670122563838959,0.7710717022418976,0.6837526788430711,0.6148656399671282,1,1,Fake.br,portal,desconhecido,sem_data,desconhecido,False,none,v1,False,False,False
90501912485833624,val_calib,0,-0.3479442298412323,0.1667373925447464,0.5146816223859787,0.6259033131605128,0.5087682682264831,1,0,EXT_LIARBR,external_claim,ext_liarbr,sem_data,pt-BR,False,true_rating,checker,False,False,False
41118,val_calib,1,-0.2340325117111206,0.35276418924331665,0.5867967009544373,0.6426298230863188,0.5391179947007332,1,0,fakes,agency_claim,desconhecido,<=2017,desconhecido,True,false_pure,v1,False,False,False
218055402496689938,val_calib,0,-0.27769896388053894,0.36287131905555725,0.6405702829360962,0.6548823624637733,0.5615737221200088,1,1,NEWS_BRASILDEFATO,press_true,brasildefato,<=2017,pt-BR,False,none,llm_local,False,False,False
560335233138374113,val_calib,1,-0.3619078993797302,0.16835404932498932,0.5302619487047195,0.6295442052714906,0.5153384665822669,1,0,EXT_AVERITECBR,external_claim,ext_averitecbr,2018-2022,pt-BR,False,other,checker,False,False,False
931743340306331750,val_calib,1,-0.1482039839029312,0.10817033797502518,0.2563743218779564,0.563744811870564,0.4010975521637757,0,0,FC_POLIGRAFO,agency_claim,poligrafo,>=2023,pt-BR,True,hard,checker,False,False,False
47538,val_calib,0,-0.2552664577960968,0.1957116574048996,0.4509781152009964,0.6108717644195825,0.48189740905278083,0,0,true,press_true,desconhecido,2018-2022,desconhecido,False,none,v1,False,False,False
1041343396955423750,val_calib,1,-0.4799472391605377,0.5655003786087036,1.0454476177692413,0.7398997591113048,0.7172584131671996,1,1,FC_BOATOS_VIRAL,social,boatos,>=2023,pt-BR,False,false_pure,checker,False,False,False
14703,val_calib,1,-0.4453667104244232,0.4815526008605957,0.9269193112850189,0.7164498627893103,0.6749919697047209,1,1,FakeWhatsApp.BR_2018,whatsapp,desconhecido,2018-2022,desconhecido,False,none,v1,False,False,False
838285658506617118,val_calib,0,-0.22554445266723633,0.14682689309120178,0.3723713457584381,0.5920318546560975,0.4489004216567187,0,0,EXT_LIARBR,external_claim,ext_liarbr,sem_data,pt-BR,False,true_rating,checker,False,False,False
667351251102095211,val_calib,1,-0.2860667407512665,0.36901432275772095,0.6550810635089874,0.658154553528654,0.5675943068188964,1,1,FC_POLIGRAFO,agency_claim,poligrafo,2018-2022,pt-BR,True,false_pure,checker,False,False,False
577651701956992274,val_calib,0,-0.12689179182052612,0.11779958009719849,0.2446913719177246,0.5608694382270769,0.3963701877535739,0,0,FC_POLIGRAFO,agency_claim,poligrafo,2018-2022,pt-BR,True,true_rating,checker,False,False,False
706210257022041572,val_calib,1,-0.18254925310611725,0.34139734506607056,0.5239465981721878,0.6280701489120214,0.5126758041002754,1,0,FC_BOATOS_VIRAL,social,boatos,>=2023,pt-BR,False,false_pure,checker,False,False,False
327577790740998986,val_calib,1,-0.6807686686515808,0.6440847516059875,1.3248534202575684,0.7899880558653982,0.8025776985522338,1,1,FC_BOATOS,agency_claim,boatos,2018-2022,pt-BR,False,false_pure,checker,False,False,False
1114688561000770625,val_calib,1,-0.5057361125946045,0.704822301864624,1.2105584144592285,0.7703977391373625,0.770224026923241,1,1,FC_G1,agency_claim,g1,2018-2022,pt-BR,False,false_pure,checker,False,False,False
86661423271531491,val_calib,1,-0.264811247587204,0.3166322410106659,0.5814434885978699,0.6413994853635878,0.5368722557770587,1,0,FC_LUPA,agency_claim,lupa,>=2023,pt-BR,False,false_pure,checker_match,False,False,False
16824,val_calib,1,-0.44225671887397766,0.5002959966659546,0.9425527155399323,0.7196150055465074,0.6807535437950845,1,1,FakeWhatsApp.BR_2018,whatsapp,desconhecido,2018-2022,desconhecido,False,none,v1,False,False,False
720387291172810140,val_calib,0,-0.20335258543491364,-0.00033622555201873183,0.2030163598828949,0.5505804835969895,0.37966943117634955,0,0,EXT_LIARBR,external_claim,ext_liarbr,sem_data,pt-BR,False,true_rating,checker,False,False,False
579277161451478364,val_calib,0,-0.17675267159938812,0.13323089480400085,0.309983566403389,0.5768812498724579,0.42301406929900837,0,0,EXT_AVERITECBR,external_claim,ext_averitecbr,2018-2022,pt-BR,False,other,checker,False,False,False
8175,val_calib,0,-0.4410323202610016,0.42619603872299194,0.8672283589839935,0.70416865006048,0.6525131777046292,1,1,Fake.br,portal,desconhecido,sem_data,desconhecido,False,none,v1,False,False,False
804071266234875975,val_calib,1,-0.49181488156318665,0.6418980360031128,1.1337129175662994,0.7565234538284752,0.7464706838528306,1,1,FC_BOATOS,agency_claim,boatos,<=2017,pt-BR,False,false_pure,checker,False,False,False
43625,val_calib,1,-0.21684561669826508,0.4376896023750305,0.6545352190732956,0.6580317349521062,0.5673681831705115,1,1,fakes,agency_claim,desconhecido,2018-2022,desconhecido,False,false_pure,v1,False,False,False
31021,val_calib,1,-0.2723539471626282,0.32386839389801025,0.5962223410606384,0.6447915626066274,0.5430682552770744,1,0,fakes,agency_claim,desconhecido,sem_data,desconhecido,False,none,v1,False,False,False
617912932532946308,val_calib,0,-0.3058672249317169,0.495470255613327,0.801337480545044,0.6902605084665883,0.6268891225824359,1,1,NEWS_PODER360,press_true,poder360,2018-2022,pt-BR,False,none,llm_local,False,False,False
41021,val_calib,1,-0.0635087862610817,-0.033677246421575546,0.02983153983950615,0.5074573319318649,0.3136192851569909,0,0,fakes,agency_claim,desconhecido,2018-2022,desconhecido,True,false_pure,v1,False,False,False
299899052519893953,val_calib,1,-0.5482633709907532,0.6253082752227783,1.1735716462135315,0.7637900006873828,0.7589900397834035,1,1,FC_BOATOS,agency_claim,boatos.org,2018-2022,pt-BR,False,false_pure,checker_match,False,False,False
762270809529846174,val_calib,1,-0.18118713796138763,0.27987992763519287,0.4610670655965805,0.6132672832118967,0.486150066346953,0,0,FC_UOL,agency_claim,uol,sem_data,pt-BR,False,hard,checker,False,False,False
37088,val_calib,1,-0.395853728055954,0.554111123085022,0.949964851140976,0.7211081092484418,0.6834661915511105,1,1,fakes,agency_claim,desconhecido,2018-2022,desconhecido,True,none,v1,False,False,False
30111,val_calib,1,-0.19042165577411652,0.2557451128959656,0.4461667686700821,0.6097274632843521,0.4798702332388434,0,0,fakes,agency_claim,desconhecido,sem_data,desconhecido,False,none,v1,False,False,False
855824553690001425,val_calib,1,-0.24136465787887573,0.2287379950284958,0.4701026529073715,0.6154080526698563,0.4899604351168848,0,0,FC_EFARSAS,agency_claim,efarsas,>=2023,pt-BR,False,false_pure,checker,False,False,False
398856686582705201,val_calib,1,-0.18599791824817657,0.06295458972454071,0.24895250797271729,0.5619186606270855,0.3980922134922286,0,0,EXT_LIARBR,external_claim,ext_liarbr,sem_data,pt-BR,False,false_pure,checker,False,False,False
31202,val_calib,1,-0.5131775140762329,0.5725539922714233,1.0857315063476562,0.7475770845529532,0.7308410544289449,1,1,fakes,agency_claim,desconhecido,sem_data,desconhecido,False,hard,v1,False,False,False
789715101355430966,val_calib,1,-0.4195356070995331,0.45091935992240906,0.8704549670219421,0.7048403583521716,0.6537469438589969,1,1,FC_BOATOS,agency_claim,boatos,2018-2022,pt-BR,False,false_pure,checker,False,False,False
671763519316347878,val_calib,0,-0.273830771446228,0.3425326645374298,0.6163634359836578,0.6493910177125118,0.5514905869904339,1,0,EXT_LIARBR,external_claim,ext_liarbr,sem_data,pt-BR,False,true_rating,checker,False,False,False
754365726209709314,val_calib,0,-0.2914082109928131,0.47560396790504456,0.7670121788978577,0.6828742139204961,0.6132418553830167,1,1,NEWS_ECO,press_true,eco,<=2017,pt-PT,True,none,llm_local,False,False,False
677321487550814994,val_calib,1,-0.5317928791046143,0.7091236114501953,1.2409164905548096,0.7757235024252719,0.7791663621858652,1,1,FC_EFARSAS,agency_claim,efarsas,<=2017,pt-BR,False,false_pure,checker,False,False,False
27803166701207901,val_calib,0,-0.06860329210758209,-0.14913688600063324,-0.08053359389305115,0.47987747600497627,0.2749748314393645,0,0,EXT_LIARBR,external_claim,ext_liarbr,sem_data,pt-BR,False,true_rating,checker,False,False,False
47233,val_calib,0,-0.4980221688747406,0.4805654287338257,0.9785875976085663,0.7268278749562842,0.6938236481672909,1,1,true,press_true,desconhecido,2018-2022,desconhecido,False,none,v1,False,False,False
951735731793400767,val_calib,1,-0.49671298265457153,0.6584210395812988,1.1551340222358704,0.7604474172887126,0.7532518392578977,1,1,FC_AOSFATOS,agency_claim,aosfatos,>=2023,pt-BR,False,false_pure,checker,False,False,False
15374,val_calib,0,-0.3951146602630615,0.3439921438694,0.7391068041324615,0.6768005080247703,0.6020133594148285,1,1,FakeWhatsApp.BR_2018,whatsapp,desconhecido,2018-2022,desconhecido,False,none,v1,False,False,False
103539347410346335,val_calib,1,-0.4418737292289734,0.4397869408130646,0.881660670042038,0.7071662344919557,0.6580155798422136,1,1,FC_OBSERVADOR,agency_claim,observador,>=2023,pt-PT,True,false_pure,checker,False,False,False
7636,val_calib,1,-0.3422335684299469,0.48757678270339966,0.8298103511333466,0.6963148280750341,0.6380592278237184,1,1,Fake.br,portal,desconhecido,sem_data,desconhecido,False,none,v1,False,False,False
914523659815082169,val_calib,1,-0.30493780970573425,0.32974064350128174,0.634678453207016,0.6535495290523224,0.5591238883941202,1,0,FC_POLIGRAFO,agency_claim,poligrafo,2018-2022,pt-BR,True,false_pure,checker,False,False,False
612119056918557590,val_calib,1,-0.34494104981422424,0.48592880368232727,0.8308698534965515,0.6965388243508003,0.6384720982333583,1,1,FC_EFARSAS,agency_claim,efarsas,<=2017,pt-BR,False,false_pure,checker,False,False,False
77222817403287092,val_calib,1,-0.6149657368659973,0.759415864944458,1.3743816018104553,0.7980871449174959,0.8154887477752806,1,1,FC_EFARSAS,agency_claim,efarsas,2018-2022,pt-BR,False,false_pure,checker,False,False,False
349749595655954551,val_calib,1,-0.3772338926792145,0.532306432723999,0.9095403254032135,0.7129060899026489,0.6685243956322214,1,1,FC_COMPROVA,agency_claim,comprova,2018-2022,pt-BR,False,false_pure,checker,False,False,False
744946850429190899,val_calib,1,-0.3511788845062256,0.4929179847240448,0.8440968692302704,0.6993273618096043,0.6436090774100931,1,1,FC_EFARSAS,agency_claim,efarsas,<=2017,pt-BR,False,false_pure,checker,False,False,False
31486,val_calib,1,-0.30544960498809814,0.4750344455242157,0.7804840505123138,0.685784428528452,0.6186206425763991,1,1,fakes,agency_claim,desconhecido,sem_data,desconhecido,False,none,v1,False,False,False
30695,val_calib,1,-0.34415775537490845,0.29244670271873474,0.6366044580936432,0.6539854909100223,0.5599250475572698,1,0,fakes,agency_claim,desconhecido,sem_data,desconhecido,False,none,v1,False,False,False
42375,val_calib,1,-0.3537196218967438,0.42727047204971313,0.7809900939464569,0.685893462612591,0.6188221291020002,1,1,fakes,agency_claim,desconhecido,2018-2022,desconhecido,False,false_pure,v1,False,False,False
26579,val_calib,1,-0.5923646688461304,0.5751113891601562,1.1674760580062866,0.7626884983877338,0.7571030818161962,1,1,fakes,agency_claim,desconhecido,2018-2022,desconhecido,False,false_pure,v1,False,False,False
437834961542982389,val_calib,1,-0.3757987916469574,0.45059818029403687,0.8263969719409943,0.6955925499492542,0.6367277067386881,1,1,FC_BOATOS,agency_claim,boatos,>=2023,pt-BR,False,false_pure,checker,False,False,False
227414129567528651,val_calib,1,-0.3407447040081024,0.5889724493026733,0.9297171533107758,0.7170178985086018,0.6760270570496336,1,1,FC_BOATOS,agency_claim,boatos,<=2017,pt-BR,False,false_pure,checker,False,False,False
835234585212748716,val_calib,1,-0.3647818863391876,0.5048360824584961,0.8696179687976837,0.7046661990340802,0.6534270965243184,1,1,FC_LUPA,agency_claim,lupa,2018-2022,pt-BR,False,false_pure,checker_match,False,False,False
25291,val_calib,1,-0.32206282019615173,0.5031204223632812,0.825183242559433,0.6953354895822627,0.6362537376228157,1,1,fakes,agency_claim,desconhecido,<=2017,desconhecido,False,none,v1,False,False,False
410448057353252345,val_calib,1,-0.2956446707248688,0.17972594499588013,0.4753706157207489,0.6166541188316937,0.4921825378511735,0,0,EXT_LIARBR,external_claim,ext_liarbr,sem_data,pt-BR,False,false_pure,checker,False,False,False
5113,val_calib,0,-0.1586272418498993,0.14584727585315704,0.30447451770305634,0.5755359838029055,0.42074627635877937,0,0,Fake.br,portal,desconhecido,sem_data,desconhecido,False,none,v1,False,False,False
814923932303860731,val_calib,0,-0.1641853302717209,0.30158406496047974,0.4657693952322006,0.6143819414454804,0.4881328979518768,0,0,NEWS_BRASILDEFATO,press_true,brasildefato,<=2017,pt-BR,False,none,llm_local,False,False,False
147101634174805901,val_calib,1,-0.5939316153526306,0.7514903545379639,1.3454219698905945,0.7933801684386262,0.8080205483510696,1,1,FC_EFARSAS,agency_claim,efarsas,<=2017,pt-BR,False,false_pure,checker,False,False,False
97301090666235668,val_calib,1,-0.5653784871101379,0.7094330787658691,1.274811565876007,0.7815652959500908,0.7888525968158776,1,1,FC_AFP,agency_claim,afp,>=2023,pt-BR,False,false_pure,checker,False,False,False
11002,val_calib,0,-0.3952924311161041,0.5324299335479736,0.9277223646640778,0.7166129742861911,0.6752892421788453,1,1,FakeWhatsApp.BR_2018,whatsapp,desconhecido,2018-2022,desconhecido,False,none,v1,False,False,False
14966,val_calib,1,-0.3543110191822052,0.5497905611991882,0.9041015803813934,0.7117916488262769,0.6664870839090064,1,1,FakeWhatsApp.BR_2018,whatsapp,desconhecido,2018-2022,desconhecido,False,none,v1,False,False,False
28870,val_calib,1,-0.05476852133870125,0.2035772204399109,0.25834574177861214,0.5642295950974063,0.40189710731485473,0,0,fakes,agency_claim,desconhecido,2018-2022,desconhecido,False,none,v1,False,False,False
326443825969105392,val_calib,0,-0.1496962159872055,-0.0011173184029757977,0.1485788975842297,0.5370765419614734,0.358281433428685,0,0,FC_POLIGRAFO,agency_claim,poligrafo,2018-2022,pt-BR,True,true_rating,checker,False,False,False
904783132958150856,val_calib,1,-0.6521283984184265,0.663267970085144,1.3153963685035706,0.7884147625417824,0.8000364156961731,1,1,FC_BOATOS,agency_claim,boatos,>=2023,pt-BR,False,false_pure,checker,False,False,False
709613037878054789,val_calib,1,-0.45192691683769226,0.5680078268051147,1.019934743642807,0.7349598881243035,0.7084446837647347,1,1,FC_POLIGRAFO,agency_claim,poligrafo,>=2023,pt-BR,True,other,checker,False,False,False
14126,val_calib,0,-0.26511165499687195,0.5008456110954285,0.7659572660923004,0.6826457210861644,0.6128194825978102,1,1,FakeWhatsApp.BR_2018,whatsapp,desconhecido,2018-2022,desconhecido,False,none,v1,False,False,False
14358,val_calib,0,-0.41278019547462463,0.44727084040641785,0.8600510358810425,0.7026713170926411,0.6497614303166429,1,1,FakeWhatsApp.BR_2018,whatsapp,desconhecido,2018-2022,desconhecido,False,none,v1,False,False,False
49303607618096350,val_calib,1,-0.6547046899795532,0.6916587948799133,1.3463634848594666,0.7935344665448187,0.808266932301652,1,1,FC_ESTADAO,agency_claim,estadao,sem_data,pt-BR,False,hard,checker,False,False,False
544026212880991478,val_calib,1,-0.12779144942760468,0.08433898538351059,0.21213043481111526,0.5528346302611066,0.38329902566084406,0,0,EXT_LIARBR,external_claim,ext_liarbr,sem_data,pt-BR,False,false_pure,checker,False,False,False
1006801958709340009,val_calib,0,-0.25321710109710693,0.2821303904056549,0.5353474915027618,0.630729463506026,0.517481994944599,1,0,FC_POLIGRAFO,agency_claim,poligrafo,2018-2022,pt-BR,True,true_rating,checker,False,False,False
1000554221691894927,val_calib,0,-0.24220126867294312,0.2469564527273178,0.4891577214002609,0.6199079929664907,0.4979993761926454,0,0,FC_POLIGRAFO,agency_claim,poligrafo,>=2023,pt-BR,True,true_rating,checker,False,False,False
10802,val_calib,0,-0.3184076249599457,0.4617447555065155,0.7801523804664612,0.685712954488316,0.6184885624983841,1,1,LLM4BR_300,llm,desconhecido,sem_data,desconhecido,False,none,v1,False,False,False
673232373183660240,val_calib,0,0.028148483484983444,-0.22485123574733734,-0.2529997192323208,0.43708530420826863,0.2208680587983927,0,0,EXT_LIARBR,external_claim,ext_liarbr,sem_data,pt-BR,False,true_rating,checker,False,False,False
29352,val_calib,1,-0.2663085460662842,0.4346003830432892,0.7009089291095734,0.668389262636796,0.5864698598307919,1,1,fakes,agency_claim,desconhecido,2018-2022,desconhecido,False,none,v1,False,False,False
587658273754578086,val_calib,1,-0.4802859127521515,0.6643489599227905,1.144634872674942,0.7585295905763656,0.7499434937043877,1,1,FC_POLIGRAFO,agency_claim,poligrafo,>=2023,pt-BR,True,false_pure,checker,False,False,False
852188391327601479,val_calib,0,-0.26500821113586426,0.23458772897720337,0.4995959401130676,0.6223643709310457,0.5024037499849549,1,0,EXT_LIARBR,external_claim,ext_liarbr,sem_data,pt-BR,False,true_rating,checker,False,False,False
3378,val_calib,1,-0.49095645546913147,0.648280680179596,1.1392371356487274,0.7575395486591839,0.7482311690829228,1,1,Fake.br,portal,desconhecido,sem_data,desconhecido,False,none,v1,False,False,False
784102149195224729,val_calib,1,-0.42692676186561584,0.3506426513195038,0.7775694131851196,0.6851560305637496,0.6174593560606421,1,1,FC_OBSERVADOR,agency_claim,observador,>=2023,pt-PT,True,false_pure,checker,False,False,False
824354803551174765,val_calib,1,-0.6383182406425476,0.7002031803131104,1.338521420955658,0.792246684500562,0.8062073833932778,1,1,FC_BOATOS,agency_claim,boatos,2018-2022,pt-BR,False,false_pure,checker,False,False,False
1082,val_calib,1,-0.4671420156955719,0.5372769236564636,1.0044189393520355,0.7319265072420587,0.7030062473584543,1,1,COVID19.BR,covid,desconhecido,sem_data,desconhecido,False,none,v1,False,False,False
904614907793760633,val_calib,1,-0.16785554587841034,0.16976980865001678,0.3376253545284271,0.5836135780862357,0.43443996950494956,0,0,FC_POLIGRAFO,agency_claim,poligrafo,2018-2022,pt-BR,True,false_pure,checker,False,False,False
43260,val_calib,1,-0.6524572372436523,0.7127415537834167,1.365198791027069,0.7966033383963989,0.8131452899361102,1,1,fakes,agency_claim,desconhecido,2018-2022,desconhecido,False,none,v1,False,False,False
1143714504116706409,val_calib,1,-0.39735928177833557,0.5164090394973755,0.9137683212757111,0.7137706584894661,0.6701038250681108,1,1,FC_ESTADAO,agency_claim,estadao,sem_data,pt-BR,False,false_pure,checker,False,False,False
48302,val_calib,0,-0.22504723072052002,0.2545320391654968,0.47957926988601685,0.6176485205589595,0.4939580351286598,0,0,true,press_true,desconhecido,2018-2022,desconhecido,True,none,v1,False,False,False
397446042795045473,val_calib,1,-0.23498713970184326,0.3902762830257416,0.6252634227275848,0.6514146833970446,0.5552031662504245,1,0,FC_UOL,agency_claim,uol,sem_data,pt-BR,False,hard,checker,False,False,False
718984694550347116,val_calib,0,-0.3325102925300598,0.37229177355766296,0.7048020660877228,0.6692515908020887,0.5880625267131182,1,1,NEWS_OECO,press_true,oeco,<=2017,pt-BR,False,none,llm_local,False,False,False
44488,val_calib,1,-0.5870653390884399,0.7105002403259277,1.2975655794143677,0.7854249889555803,0.7951784092045999,1,1,fakes,agency_claim,desconhecido,2018-2022,desconhecido,False,none,v1,False,False,False
257944328781714936,val_calib,1,-0.545806884765625,0.7567138671875,1.302520751953125,0.7862589157923413,0.7965371806354371,1,1,FC_G1,agency_claim,g1,2018-2022,pt-BR,False,false_pure,checker,False,False,False
25233,val_calib,1,-0.2352815419435501,0.391776978969574,0.6270585209131241,0.6518221919210261,0.5559512487821018,1,0,fakes,agency_claim,desconhecido,2018-2022,desconhecido,False,none,v1,False,False,False
785363530756958947,val_calib,0,-0.057130228728055954,0.0271933414041996,0.08432357013225555,0.5210684101637365,0.3337481487301657,0,0,FC_POLIGRAFO,agency_claim,poligrafo,>=2023,pt-BR,True,true_rating,checker,False,False,False
1125565050885070215,val_calib,1,-0.4248897135257721,0.49496662616729736,0.9198563396930695,0.7150128330189633,0.6723713587000355,1,1,FC_POLIGRAFO,agency_claim,poligrafo,>=2023,pt-BR,True,false_pure,checker,False,False,False
671804433507266731,val_calib,0,-0.18630532920360565,0.20355306565761566,0.3898583948612213,0.5962486102777333,0.4562125059135759,0,0,EXT_LIARBR,external_claim,ext_liarbr,sem_data,pt-BR,False,true_rating,checker,False,False,False
276071545805610997,val_calib,1,-0.5872009992599487,0.7513576149940491,1.3385586142539978,0.7922528061487473,0.8062171909536671,1,1,FC_BOATOS,agency_claim,boatos,>=2023,pt-BR,False,false_pure,checker,False,False,False
26443,val_calib,1,-0.4337184727191925,0.35672852396965027,0.7904469966888428,0.6879273013804557,0.6225799060424975,1,1,fakes,agency_claim,desconhecido,2018-2022,desconhecido,False,none,v1,False,False,False
44534,val_calib,1,-0.30176976323127747,0.2758919894695282,0.5776617527008057,0.6405291983790367,0.5352848631774609,1,0,fakes,agency_claim,desconhecido,2018-2022,desconhecido,False,none,v1,False,False,False
306499599026207291,val_calib,1,-0.23571939766407013,0.21029938757419586,0.446018785238266,0.6096922485923661,0.4798078931988735,0,0,FC_POLIGRAFO,agency_claim,poligrafo,>=2023,pt-BR,True,other,checker,False,False,False
455924597713880073,val_calib,1,-0.2297326624393463,0.3039039373397827,0.533636599779129,0.6303308909951598,0.5167609313604979,1,0,FC_POLIGRAFO,agency_claim,poligrafo,>=2023,pt-BR,True,false_pure,checker,False,False,False
11236,val_calib,1,-0.4519418478012085,0.570757269859314,1.0226991176605225,0.7354980213153912,0.7094074512370856,1,1,FakeWhatsApp.BR_2018,whatsapp,desconhecido,2018-2022,desconhecido,False,none,v1,False,False,False
30023,val_calib,1,-0.28957822918891907,0.5243165493011475,0.8138947784900665,0.6929388364147371,0.6318329453392527,1,1,fakes,agency_claim,desconhecido,2018-2022,desconhecido,False,none,v1,False,False,False
707796053469926475,val_calib,1,-0.37403604388237,0.5319344401359558,0.9059704840183258,0.7121748919438035,0.6671878669439123,1,1,FC_POLIGRAFO,agency_claim,poligrafo,>=2023,pt-BR,True,false_pure,checker,False,False,False
864540859637964338,val_calib,1,-0.3564123809337616,0.37361830472946167,0.7300306856632233,0.6748120063037683,0.5983374387726278,1,1,FC_AOSFATOS,agency_claim,aosfatos,>=2023,pt-BR,False,false_pure,checker,False,False,False
745073552471715708,val_calib,1,-0.3146473467350006,0.40652480721473694,0.7211721539497375,0.6728650811172576,0.5947389444063287,1,1,FC_POLIGRAFO,agency_claim,poligrafo,>=2023,pt-BR,True,false_pure,checker,False,False,False
1151165788926293039,val_calib,1,-0.3849356472492218,0.4645688533782959,0.8495045006275177,0.700463189843847,0.6456998396446838,1,1,FC_ESTADAO,agency_claim,estadao,sem_data,pt-BR,False,hard,checker,False,False,False
28723,val_calib,1,-0.3004505932331085,0.5496494174003601,0.8501000106334686,0.7005881215658877,0.6459297444806842,1,1,fakes,agency_claim,desconhecido,2018-2022,desconhecido,False,none,v1,False,False,False
786188922754632917,val_calib,0,-0.17563030123710632,0.1640213131904602,0.33965161442756653,0.5841058934332264,0.43528043761868396,0,0,NEWS_ECO,press_true,eco,2018-2022,pt-PT,True,none,checker_match,False,False,False
12150,val_calib,0,-0.42834702134132385,0.46718576550483704,0.8955327868461609,0.710030624566407,0.6632646494750457,1,1,FakeWhatsApp.BR_2018,whatsapp,desconhecido,2018-2022,desconhecido,False,none,v1,False,False,False
791085209268719619,val_calib,1,-0.34866586327552795,0.5786961913108826,0.9273620545864105,0.7165397972304917,0.6751558808698813,1,1,FC_BOATOS_VIRAL,social,boatos,>=2023,pt-BR,False,false_pure,checker,False,False,False
16803,val_calib,0,-0.12624232470989227,0.2849913239479065,0.41123364865779877,0.6013836477322473,0.4651758024050337,0,0,FakeWhatsApp.BR_2018,whatsapp,desconhecido,2018-2022,desconhecido,False,none,v1,False,False,False
42387,val_calib,1,-0.4972372353076935,0.632110595703125,1.1293478310108185,0.7557185235375965,0.745073859465071,1,1,fakes,agency_claim,desconhecido,2018-2022,desconhecido,False,false_pure,v1,False,False,False
32515,val_calib,1,-0.467815637588501,0.6317504644393921,1.099566102027893,0.7501787973565773,0.7354094597039773,1,1,fakes,agency_claim,desconhecido,2018-2022,desconhecido,False,none,v1,False,False,False
47136,val_calib,0,-0.23792670667171478,0.2616446614265442,0.49957136809825897,0.6223585958277222,0.5023933820699027,1,0,true,press_true,desconhecido,2018-2022,desconhecido,False,none,v1,False,False,False
797770499588760253,val_calib,1,-0.2946736216545105,0.3333990275859833,0.6280726492404938,0.6520523129164698,0.5563737609578129,1,0,FC_POLIGRAFO,agency_claim,poligrafo,>=2023,pt-BR,True,other,checker,False,False,False
1117050747916968255,val_calib,1,-0.6066179871559143,0.6449415683746338,1.251559555530548,0.7775697109474595,0.7822417417316746,1,1,FC_BOATOS,agency_claim,boatos,>=2023,pt-BR,False,false_pure,checker,False,False,False
7027,val_calib,0,-0.17100033164024353,0.3999684154987335,0.570968747138977,0.6389866784332575,0.5324737253710421,1,0,Fake.br,portal,desconhecido,sem_data,desconhecido,False,none,v1,False,False,False
29054,val_calib,1,-0.41948726773262024,0.458867609500885,0.8783548772335052,0.7064811952811376,0.6567589113892952,1,1,fakes,agency_claim,desconhecido,2018-2022,desconhecido,False,none,v1,False,False,False
674998716774993475,val_calib,1,-0.37730714678764343,0.5481629371643066,0.9254700839519501,0.716155360714319,0.6744551411897649,1,1,FC_BOATOS,agency_claim,boatos,2018-2022,pt-BR,False,false_pure,checker,False,False,False
39368,val_calib,1,-0.4932897090911865,0.5618993043899536,1.0551890134811401,0.7417700865937317,0.7205807898185094,1,1,fakes,agency_claim,desconhecido,2018-2022,desconhecido,False,false_pure,v1,False,False,False
180236686910446703,val_calib,1,-0.5011451840400696,0.5157520771026611,1.0168972611427307,0.7343677830886973,0.7073846377046307,1,1,FC_BOATOS,agency_claim,boatos,<=2017,pt-BR,False,false_pure,checker,False,False,False
615358432548084682,val_calib,1,-0.6107707619667053,0.7427363395690918,1.3535071015357971,0.7947024049489714,0.8101284801350701,1,1,FC_G1,agency_claim,g1,2018-2022,pt-BR,False,false_pure,checker,False,False,False
10786,val_calib,0,-0.24741092324256897,0.4148142337799072,0.6622251570224762,0.6597600618304895,0.5705512169978258,1,1,LLM4BR_300,llm,desconhecido,sem_data,desconhecido,False,none,v1,False,False,False
4425,val_calib,0,-0.468880832195282,0.5337240099906921,1.0026048421859741,0.7315704133400328,0.7023665753011545,1,1,Fake.br,portal,desconhecido,sem_data,desconhecido,False,none,v1,False,False,False
321002911408700272,val_calib,0,-0.08764999359846115,0.09674599021673203,0.18439598381519318,0.5459688175273799,0.37229611198220935,0,0,FC_POLIGRAFO,agency_claim,poligrafo,>=2023,pt-BR,True,true_rating,checker,False,False,False
24513,val_calib,1,-0.35002338886260986,0.39022913575172424,0.7402525246143341,0.6770510739505922,0.6024765803172375,1,1,fakes,agency_claim,desconhecido,2018-2022,desconhecido,False,none,v1,False,False,False
595335030948156170,val_calib,0,-0.2222709357738495,0.18875859677791595,0.41102953255176544,0.6013347157301024,0.4650900945016782,0,0,EXT_LIARBR,external_claim,ext_liarbr,sem_data,pt-BR,False,true_rating,checker,False,False,False
108291547343250880,val_calib,0,-0.10685368627309799,0.06596339493989944,0.17281708121299744,0.5430970631691525,0.3677406223534133,0,0,EXT_LIARBR,external_claim,ext_liarbr,sem_data,pt-BR,False,true_rating,checker,False,False,False
8344,val_calib,1,-0.5610091090202332,0.6962928771972656,1.2573019862174988,0.778561310106607,0.7838881678496813,1,1,Fake.br,portal,desconhecido,sem_data,desconhecido,False,none,v1,False,False,False
778379658131441359,val_calib,1,-0.27993568778038025,0.35306352376937866,0.6329992115497589,0.6531692129135227,0.5584251237019787,1,0,FC_COMPROVA,agency_claim,comprova,>=2023,pt-BR,False,false_pure,checker,False,False,False
723798120704375920,val_calib,1,-0.17986901104450226,0.08492635935544968,0.26479537039995193,0.5658147325419505,0.4045165318045892,0,0,FC_POLIGRAFO,agency_claim,poligrafo,>=2023,pt-BR,True,false_pure,checker,False,False,False
341004845638697174,val_calib,1,-0.3051227033138275,0.33974841237068176,0.6448711156845093,0.655853751363834,0.5633601298135924,1,1,FC_EFARSAS,agency_claim,efarsas,2018-2022,pt-BR,False,false_pure,checker,False,False,False
568400474182945654,val_calib,1,-0.09691096097230911,-0.004520806949585676,0.09239015402272344,0.5230811225834242,0.33678235432017906,0,0,FC_POLIGRAFO,agency_claim,poligrafo,>=2023,pt-BR,True,false_pure,checker,False,False,False
26857,val_calib,1,-0.30907297134399414,0.44147059321403503,0.7505435645580292,0.6792971276340957,0.6066289840448907,1,1,fakes,agency_claim,desconhecido,2018-2022,desconhecido,False,none,v1,False,False,False
29435,val_calib,1,-0.43790769577026367,0.49456387758255005,0.9324715733528137,0.7175764450076425,0.677044400521784,1,1,fakes,agency_claim,desconhecido,sem_data,desconhecido,False,none,v1,False,False,False
8759,val_calib,0,-0.2746238708496094,0.24863524734973907,0.5232591181993484,0.627909540805397,0.5123859043550313,1,0,Fake.br,portal,desconhecido,sem_data,desconhecido,False,none,v1,False,False,False
207879579070795886,val_calib,0,-0.3215540945529938,0.3404797315597534,0.6620338261127472,0.6597171111821899,0.570472090546798,1,1,NEWS_BRASILDEFATO,press_true,brasildefato,<=2017,pt-BR,False,none,llm_local,False,False,False
315239948924837507,val_calib,1,-0.45614054799079895,0.6180006265640259,1.0741411745548248,0.7453836546925175,0.726975605291845,1,1,FC_OBSERVADOR,agency_claim,observador,>=2023,pt-PT,True,false_pure,checker,False,False,False
690,val_calib,1,-0.2769950330257416,0.37684592604637146,0.653840959072113,0.6578754912853728,0.5670805357655865,1,1,COVID19.BR,covid,desconhecido,sem_data,desconhecido,False,none,v1,False,False,False
740745232623316592,val_calib,1,-0.4367760419845581,0.4623521864414215,0.8991282284259796,0.7107703203583792,0.6646186444403744,1,1,FC_POLIGRAFO,agency_claim,poligrafo,2018-2022,pt-BR,True,false_pure,checker,False,False,False
32126,val_calib,1,-0.44799238443374634,0.7978614568710327,1.245853841304779,0.7765813161540573,0.7805968968593793,1,1,fakes,agency_claim,desconhecido,2018-2022,desconhecido,False,none,v1,False,False,False
41735,val_calib,1,-0.36955276131629944,0.34632408618927,0.7158768475055695,0.6716984254343549,0.5925829978875607,1,1,fakes,agency_claim,desconhecido,2018-2022,desconhecido,True,false_pure,v1,False,False,False
24464,val_calib,1,-0.17451733350753784,0.16871291399002075,0.3432302474975586,0.5849749746542697,0.43676571744168335,0,0,fakes,agency_claim,desconhecido,sem_data,desconhecido,False,none,v1,False,False,False
800768836348624204,val_calib,1,-0.221481591463089,0.11283459514379501,0.334316186606884,0.582809199430758,0.43306817893390365,0,0,EXT_LIARBR,external_claim,ext_liarbr,sem_data,pt-BR,False,false_pure,checker,False,False,False
819631139747698678,val_calib,0,-0.1641358882188797,0.14615504443645477,0.3102909326553345,0.576956272904131,0.42314069276581384,0,0,EXT_LIARBR,external_claim,ext_liarbr,sem_data,pt-BR,False,true_rating,checker,False,False,False
12134,val_calib,0,-0.31420454382896423,0.3105594217777252,0.6247639656066895,0.6513012612985234,0.5549949797029873,1,0,FakeWhatsApp.BR_2018,whatsapp,desconhecido,2018-2022,desconhecido,False,none,v1,False,False,False
6177,val_calib,0,-0.20361360907554626,0.17437930405139923,0.3779929131269455,0.5933889269236661,0.45124878618850317,0,0,Fake.br,portal,desconhecido,sem_data,desconhecido,False,none,v1,False,False,False
373502983416678502,val_calib,0,-0.11459974199533463,0.12480087578296661,0.23940061777830124,0.5595659356584495,0.3942356428094914,0,0,EXT_AVERITECBR,external_claim,ext_averitecbr,2018-2022,pt-BR,False,other,checker,False,False,False
773592755387811461,val_calib,1,-0.2973339259624481,0.13613644242286682,0.43347036838531494,0.6067020551601855,0.4745241850966961,0,0,FC_COMPROVA,agency_claim,comprova,2018-2022,pt-BR,False,false_pure,checker,False,False,False
765675238661527266,val_calib,0,-0.09860434383153915,0.005376417655497789,0.10398076148703694,0.5259717940037464,0.34116571550269204,0,0,EXT_LIARBR,external_claim,ext_liarbr,sem_data,pt-BR,False,true_rating,checker,False,False,False
1051604574254917066,val_calib,0,-0.04540063440799713,-0.2478431910276413,-0.20244255661964417,0.4495615033260031,0.2359010991057959,0,0,EXT_LIARBR,external_claim,ext_liarbr,sem_data,pt-BR,False,true_rating,checker,False,False,False
997792448110840164,val_calib,1,-0.42916372418403625,0.41652148962020874,0.845685213804245,0.6996612350293611,0.6442237540942309,1,1,FC_COMPROVA,agency_claim,comprova,2018-2022,pt-BR,False,other,checker_match,False,False,False
15220,val_calib,1,-0.3299608528614044,0.5056442618370056,0.83560511469841,0.6975387957997108,0.6403148449985986,1,1,FakeWhatsApp.BR_2018,whatsapp,desconhecido,2018-2022,desconhecido,False,none,v1,False,False,False
545546968761648869,val_calib,1,-0.2695617377758026,0.24754971265792847,0.5171114504337311,0.6264720791239592,0.5097931797888576,1,0,FC_UOL,agency_claim,uol,sem_data,pt-BR,False,false_pure,checker,False,False,False
26946,val_calib,1,-0.41449710726737976,0.6031161546707153,1.017613261938095,0.7345074311713373,0.7076347171619368,1,1,fakes,agency_claim,desconhecido,<=2017,desconhecido,False,none,v1,False,False,False
39003,val_calib,1,-0.2953599989414215,0.41436201333999634,0.7097220122814178,0.6703397317755612,0.5900726183054378,1,1,fakes,agency_claim,desconhecido,2018-2022,desconhecido,False,false_pure,v1,False,False,False
633258956254798496,val_calib,0,-0.4661817252635956,0.7082169055938721,1.1743986308574677,0.763939168436423,0.7592452700202873,1,1,FC_EFARSAS,agency_claim,efarsas,<=2017,pt-BR,False,true_rating,checker,False,False,False
40201,val_calib,1,-0.6245136260986328,0.7709651589393616,1.3954787850379944,0.8014654597045572,0.8207864674510607,1,1,fakes,agency_claim,desconhecido,2018-2022,desconhecido,False,none,v1,False,False,False
94817510292075467,val_calib,1,-0.45749327540397644,0.5301719903945923,0.9876652657985687,0.7286265220546513,0.6970686835959415,1,1,FC_COMPROVA,agency_claim,comprova,>=2023,pt-BR,False,other,checker,False,False,False
395928680767210894,val_calib,0,-0.21881002187728882,0.11825933307409286,0.3370693549513817,0.5834784590350581,0.43420941328531937,0,0,FC_POLIGRAFO,agency_claim,poligrafo,>=2023,pt-BR,True,true_rating,checker,False,False,False
116430506448087566,val_calib,1,-0.4187608063220978,0.5702587962150574,0.9890196025371552,0.7288942320067978,0.6975511546580361,1,1,FC_G1,agency_claim,g1,2018-2022,pt-BR,False,false_pure,checker,False,False,False
388346809093900942,val_calib,0,-0.19934992492198944,0.4727085828781128,0.6720585078001022,0.661963940185451,0.5746129372512032,1,1,NEWS_OECO,press_true,oeco,<=2017,pt-BR,False,none,llm_local,False,False,False
32246,val_calib,1,-0.6149682998657227,0.656208872795105,1.2711771726608276,0.7809441938618286,0.787829061125458,1,1,fakes,agency_claim,desconhecido,2018-2022,desconhecido,False,none,v1,False,False,False
38871,val_calib,1,-0.3065600097179413,0.46165862679481506,0.7682186365127563,0.6831354231263391,0.6137246958833085,1,1,fakes,agency_claim,desconhecido,2018-2022,desconhecido,False,hard,v1,False,False,False
295683929074342406,val_calib,1,-0.09804145246744156,0.023232784122228622,0.12127423658967018,0.5302814546840053,0.34775641645759875,0,0,FC_POLIGRAFO,agency_claim,poligrafo,>=2023,pt-BR,True,false_pure,checker,False,False,False
149977017505617139,val_calib,1,-0.6613482236862183,0.7221547365188599,1.3835029602050781,0.799553001818538,0.8177939456921577,1,1,FC_G1,agency_claim,g1,>=2023,pt-BR,False,false_pure,checker,False,False,False
31466,val_calib,1,-0.2549070119857788,0.2826875150203705,0.5375945270061493,0.6312526661993809,0.5184289078495576,1,0,fakes,agency_claim,desconhecido,sem_data,desconhecido,False,none,v1,False,False,False
31075,val_calib,1,-0.13714280724525452,0.2543732523918152,0.3915160596370697,0.5966476064546861,0.4569066772600703,0,0,fakes,agency_claim,desconhecido,sem_data,desconhecido,False,none,v1,False,False,False
996348033786485363,val_calib,1,-0.5491849184036255,0.7220567464828491,1.2712416648864746,0.7809552263701843,0.7878472552976503,1,1,FC_BOATOS,agency_claim,boatos,2018-2022,pt-BR,False,false_pure,checker,False,False,False
25886,val_calib,1,-0.22046659886837006,0.42862117290496826,0.6490877717733383,0.6568048646940041,0.5651099793356297,1,1,fakes,agency_claim,desconhecido,2018-2022,desconhecido,False,none,v1,False,False,False
31838,val_calib,1,-0.335652619600296,0.4853302538394928,0.8209828734397888,0.6944449370188661,0.6346114285915125,1,1,fakes,agency_claim,desconhecido,sem_data,desconhecido,False,none,v1,False,False,False
295149536647949809,val_calib,1,-0.5988796949386597,0.7077054381370544,1.3065851330757141,0.78694116403669,0.7976466669216118,1,1,FC_BOATOS,agency_claim,boatos,2018-2022,pt-BR,False,false_pure,checker,False,False,False
737415311613826482,val_calib,1,-0.33866479992866516,0.3653060495853424,0.7039708495140076,0.6690675718945198,0.5877226329190763,1,1,FC_POLIGRAFO,agency_claim,poligrafo,>=2023,pt-BR,True,false_pure,checker,False,False,False
461077503925823323,val_calib,1,-0.06494877487421036,-0.15079809725284576,-0.0858493223786354,0.47855084133547154,0.2731897803719876,0,0,FC_POLIGRAFO,agency_claim,poligrafo,>=2023,pt-BR,True,hard,checker,False,False,False
178696158194617219,val_calib,1,-0.57637619972229,0.5674657225608826,1.1438419222831726,0.7583843220666507,0.7496924330818722,1,1,FC_UOL,agency_claim,uol,sem_data,pt-BR,False,hard,checker,False,False,False
937391506306028970,val_calib,1,-0.6186129450798035,0.6364306211471558,1.2550435662269592,0.7781717054398203,0.7832417286334972,1,1,FC_BOATOS,agency_claim,boatos,>=2023,pt-BR,False,false_pure,checker,False,False,False
8097,val_calib,0,-0.25629568099975586,0.22279803454875946,0.4790937155485153,0.6175338460683466,0.4937531865765708,0,0,Fake.br,portal,desconhecido,sem_data,desconhecido,False,none,v1,False,False,False
11536,val_calib,0,-0.09106013923883438,0.19448848068714142,0.2855486199259758,0.5709060138249192,0.4129814572042505,0,0,FakeWhatsApp.BR_2018,whatsapp,desconhecido,2018-2022,desconhecido,False,none,v1,False,False,False
961253166377942303,val_calib,1,-0.49579837918281555,0.6450859308242798,1.1408843100070953,0.7578419623864074,0.7487545261506342,1,1,FC_BOATOS,agency_claim,boatos,2018-2022,pt-BR,False,false_pure,checker,False,False,False
516181577364341152,val_calib,0,-0.12165461480617523,0.2648777663707733,0.38653238117694855,0.5954476627012047,0.4548202047018818,0,0,FC_POLIGRAFO,agency_claim,poligrafo,2018-2022,pt-BR,True,true_rating,checker,False,False,False
903354698748867017,val_calib,0,-0.3592940866947174,0.5468581318855286,0.906152218580246,0.7122121427877187,0.6672559726017573,1,1,NEWS_PODER360,press_true,poder360,<=2017,pt-BR,False,none,llm_local,False,False,False
29562,val_calib,1,-0.27830031514167786,0.3842065632343292,0.6625068783760071,0.6598232988700493,0.5706677185869339,1,1,fakes,agency_claim,desconhecido,sem_data,desconhecido,False,none,v1,False,False,False
957381679958035286,val_calib,1,-0.5859748125076294,0.7419697046279907,1.3279445171356201,0.7905004305598995,0.803403034088587,1,1,FC_BOATOS,agency_claim,boatos,<=2017,pt-BR,False,false_pure,checker,False,False,False
494474496722026704,val_calib,1,-0.1827978789806366,0.2644931375980377,0.4472910165786743,0.6099949561597159,0.4803438583435829,0,0,FC_BOATOS,agency_claim,boatos.org,>=2023,pt-BR,False,false_pure,checker_match,False,False,False
49801,val_calib,0,-0.4841596186161041,0.5679898262023926,1.0521494448184967,0.7411874379241232,0.7195466903207774,1,1,true,press_true,desconhecido,2018-2022,desconhecido,False,true_rating,v1,False,False,False
25515,val_calib,1,-0.24255670607089996,0.4026598036289215,0.6452165096998215,0.6559317059145571,0.563503523126799,1,1,fakes,agency_claim,desconhecido,2018-2022,desconhecido,False,none,v1,False,False,False
635819546099124328,val_calib,1,-0.3106955289840698,0.4552028477191925,0.7658983767032623,0.6826329631198698,0.6127958990778936,1,1,FC_ESTADAO,agency_claim,estadao,sem_data,pt-BR,False,hard,checker,False,False,False
599012617631774013,val_calib,1,-0.5705950856208801,0.724225640296936,1.2948207259178162,0.7849620293109819,0.7944228410352507,1,1,FC_BOATOS,agency_claim,boatos,>=2023,pt-BR,False,false_pure,checker,False,False,False
2742,val_calib,1,-0.33413007855415344,0.46442079544067383,0.7985508739948273,0.6896644137172715,0.6257883859901188,1,1,Fake.br,portal,desconhecido,sem_data,desconhecido,False,none,v1,False,False,False
785053542652572846,val_calib,0,-0.5525617599487305,0.7637096643447876,1.316271424293518,0.7885606998168274,0.8002725856113552,1,1,FC_G1,agency_claim,g1,>=2023,pt-BR,False,other,checker,False,False,False
4786,val_calib,1,-0.501430869102478,0.4632572829723358,0.9646881520748138,0.724059468734072,0.6888175645706621,1,1,Fake.br,portal,desconhecido,sem_data,desconhecido,False,none,v1,False,False,False
987342088571468243,val_calib,1,-0.6683528423309326,0.6749083399772644,1.343261182308197,0.7930257301339849,0.8074541818880693,1,1,FC_BOATOS,agency_claim,boatos,>=2023,pt-BR,False,false_pure,checker,False,False,False
14664,val_calib,1,-0.4367770254611969,0.527275800704956,0.964052826166153,0.723932514230492,0.688587672283631,1,1,FakeWhatsApp.BR_2018,whatsapp,desconhecido,2018-2022,desconhecido,False,none,v1,False,False,False
339401168392552491,val_calib,1,-0.30791187286376953,0.3432679772377014,0.651179850101471,0.6572762899224304,0.5659775617117072,1,1,EXT_LIARBR,external_claim,ext_liarbr,sem_data,pt-BR,False,false_pure,checker,False,False,False
36681,val_calib,1,-0.3523149788379669,0.34074386954307556,0.6930588483810425,0.6666470370046014,0.5832529482840846,1,1,fakes,agency_claim,desconhecido,2018-2022,desconhecido,True,none,v1,False,False,False
7347,val_calib,0,-0.2171998918056488,0.2983844578266144,0.5155843496322632,0.6261146612255053,0.5091490513935365,1,0,Fake.br,portal,desconhecido,sem_data,desconhecido,False,none,v1,False,False,False
33161,val_calib,1,-0.4656967520713806,0.35062751173973083,0.8163242638111115,0.6934555267466156,0.6327862831153799,1,1,fakes,agency_claim,desconhecido,2018-2022,desconhecido,False,none,v1,False,False,False
35559,val_calib,1,-0.48056671023368835,0.5008204579353333,0.9813871681690216,0.7273833740976069,0.6948264946111549,1,1,fakes,agency_claim,desconhecido,2018-2022,desconhecido,True,none,v1,False,False,False
49433,val_calib,0,-0.03305094316601753,-0.10734005272388458,-0.07428910955786705,0.481436259400713,0.27708098696696476,0,0,true,press_true,desconhecido,2018-2022,desconhecido,True,none,v1,False,False,False
218970210369092112,val_calib,0,-0.17740510404109955,0.007627163548022509,0.18503226758912206,0.5461265393005819,0.3725471123386947,0,0,EXT_LIARBR,external_claim,ext_liarbr,sem_data,pt-BR,False,true_rating,checker,False,False,False
470950639808540727,val_calib,1,-0.38331788778305054,0.6049890518188477,0.9883069396018982,0.7287533815451199,0.6972973287375543,1,1,FC_BOATOS,agency_claim,boatos,<=2017,pt-BR,False,false_pure,checker,False,False,False
314273002534970343,val_calib,0,-0.1531648188829422,0.11053688824176788,0.2637017071247101,0.565546034698176,0.40407196851328037,0,0,FC_POLIGRAFO,agency_claim,poligrafo,>=2023,pt-BR,True,true_rating,checker,False,False,False
894366025866750024,val_calib,1,-0.4495254456996918,0.5398043394088745,0.9893297851085663,0.7289555220357148,0.6976615933129565,1,1,FC_BOATOS,agency_claim,boatos,>=2023,pt-BR,False,false_pure,checker,False,False,False
5459,val_calib,0,-0.1456560641527176,0.3059900403022766,0.4516461044549942,0.6110305386781087,0.4821789031528167,0,0,Fake.br,portal,desconhecido,sem_data,desconhecido,False,none,v1,False,False,False
16734,val_calib,0,-0.266013503074646,0.30834969878196716,0.5743632018566132,0.639769350419847,0.5338997035939603,1,0,FakeWhatsApp.BR_2018,whatsapp,desconhecido,2018-2022,desconhecido,False,none,v1,False,False,False
5092,val_calib,1,-0.45923376083374023,0.564429759979248,1.0236635208129883,0.7356855943471594,0.7097428885620807,1,1,Fake.br,portal,desconhecido,sem_data,desconhecido,False,none,v1,False,False,False
47614,val_calib,0,-0.17811627686023712,0.3244074881076813,0.5025237649679184,0.623052241779238,0.5036390989891113,1,0,true,press_true,desconhecido,2018-2022,desconhecido,False,none,v1,False,False,False
1007441320824507793,val_calib,1,-0.5388823747634888,0.7463319301605225,1.2852143049240112,0.7833360591744636,0.7917622542187862,1,1,FC_G1,agency_claim,g1,2018-2022,pt-BR,False,false_pure,checker,False,False,False
205232862928982141,val_calib,1,-0.5914294719696045,0.7313822507858276,1.3228117227554321,0.789649123552824,0.8020311258004647,1,1,FC_G1,agency_claim,g1,2018-2022,pt-BR,False,false_pure,checker,False,False,False
26566,val_calib,1,-0.45673471689224243,0.47300225496292114,0.9297369718551636,0.7170219197380108,0.6760343829779254,1,1,fakes,agency_claim,desconhecido,2018-2022,desconhecido,False,false_pure,v1,False,False,False
126829577583163256,val_calib,1,-0.4308020770549774,0.7289183735847473,1.1597204506397247,0.7612819155562633,0.75468778047847,1,1,FC_BOATOS,agency_claim,boatos,<=2017,pt-BR,False,false_pure,checker,False,False,False
26012,val_calib,1,-0.4850316345691681,0.5752612352371216,1.0602928698062897,0.7427465091250446,0.7223119247050138,1,1,fakes,agency_claim,desconhecido,2018-2022,desconhecido,False,none,v1,False,False,False
4924,val_calib,1,-0.6286754608154297,0.747628927230835,1.3763043880462646,0.7983968129025311,0.8159765543802897,1,1,Fake.br,portal,desconhecido,sem_data,desconhecido,False,none,v1,False,False,False
375971260881156318,val_calib,1,-0.08377841114997864,0.06970469653606415,0.15348310768604279,0.5382956287052751,0.3601867444887461,0,0,FC_POLIGRAFO,agency_claim,poligrafo,>=2023,pt-BR,True,false_pure,checker,False,False,False
25551,val_calib,1,-0.2940845787525177,0.24864719808101654,0.5427317768335342,0.6324476695132429,0.5205932645743104,1,0,fakes,agency_claim,desconhecido,2018-2022,desconhecido,False,none,v1,False,False,False
11104,val_calib,0,-0.1946425437927246,0.27210184931755066,0.46674439311027527,0.6146129090186477,0.48854407417924134,0,0,FakeWhatsApp.BR_2018,whatsapp,desconhecido,2018-2022,desconhecido,False,none,v1,False,False,False
318,val_calib,1,-0.463091105222702,0.4931347668170929,0.9562258720397949,0.7223655258718166,0.6857478873020793,1,1,COVID19.BR,covid,desconhecido,sem_data,desconhecido,False,none,v1,False,False,False
39860,val_calib,1,-0.3796166479587555,0.5323504209518433,0.9119670689105988,0.7134025171835338,0.669431407729156,1,1,fakes,agency_claim,desconhecido,2018-2022,desconhecido,False,false_pure,v1,False,False,False
613411835060271270,val_calib,1,-0.32449594140052795,0.4172964096069336,0.7417923510074615,0.6773876696515587,0.603098851088619,1,1,FC_LUPA,agency_claim,lupa,>=2023,pt-BR,False,false_pure,checker_match,False,False,False
499054128467406614,val_calib,0,-0.18529251217842102,0.13272280991077423,0.31801532208919525,0.578840494932655,0.42632612773049944,0,0,FC_POLIGRAFO,agency_claim,poligrafo,>=2023,pt-BR,True,true_rating,checker,False,False,False
41036,val_calib,1,-0.20834596455097198,-0.06075732037425041,0.14758864417672157,0.5368303308616489,0.35789725502783143,0,0,fakes,agency_claim,desconhecido,2018-2022,desconhecido,True,false_pure,v1,False,False,False
26135,val_calib,1,-0.24829243123531342,0.44005563855171204,0.6883480697870255,0.6655993459561268,0.58131907462388,1,1,fakes,agency_claim,desconhecido,2018-2022,desconhecido,False,none,v1,False,False,False
406,val_calib,0,-0.32055896520614624,0.46267738938331604,0.7832363545894623,0.6863772029417243,0.6197160069873471,1,1,COVID19.BR,covid,desconhecido,sem_data,desconhecido,False,none,v1,False,False,False
499915258372567731,val_calib,1,-0.3703930079936981,0.36394599080085754,0.7343389987945557,0.6757567128600321,0.6000837557993887,1,1,FC_ESTADAO,agency_claim,estadao,sem_data,pt-BR,False,hard,checker,False,False,False
16445,val_calib,0,-0.1604427695274353,0.33171483874320984,0.49215760827064514,0.6206145778344906,0.4992651673333397,0,0,FakeWhatsApp.BR_2018,whatsapp,desconhecido,2018-2022,desconhecido,False,none,v1,False,False,False
168389519059383710,val_calib,1,-0.32419493794441223,0.4443807601928711,0.7685756981372833,0.6832127081369311,0.6138675538911622,1,1,FC_BOATOS,agency_claim,boatos,<=2017,pt-BR,False,false_pure,checker,False,False,False
28819,val_calib,1,-0.27329137921333313,0.43598833680152893,0.7092797160148621,0.6702419838483904,0.5898920358747582,1,1,fakes,agency_claim,desconhecido,<=2017,desconhecido,False,none,v1,False,False,False
30729,val_calib,1,-0.4760342836380005,0.6619960069656372,1.1380302906036377,0.7573178144591913,0.7478472590927715,1,1,fakes,agency_claim,desconhecido,sem_data,desconhecido,False,none,v1,False,False,False
1015464588847463463,val_calib,1,-0.4648185074329376,0.48656830191612244,0.9513868093490601,0.7213939910444798,0.6839851746643915,1,1,FC_EFARSAS,agency_claim,efarsas,2018-2022,pt-BR,False,false_pure,checker,False,False,False
535709679331470959,val_calib,0,-0.10820019245147705,0.199126735329628,0.30732692778110504,0.5762326607913447,0.42192005613617256,0,0,EXT_LIARBR,external_claim,ext_liarbr,sem_data,pt-BR,False,true_rating,checker,False,False,False
48508,val_calib,0,-0.09291412681341171,-0.0168687142431736,0.07604541257023811,0.5190021967005373,0.330648610830415,0,0,true,press_true,desconhecido,2018-2022,desconhecido,True,none,v1,False,False,False
133361675090691574,val_calib,0,-0.09960436075925827,0.1586439162492752,0.2582482770085335,0.564205630840034,0.40185756591104227,0,0,EXT_LIARBR,external_claim,ext_liarbr,sem_data,pt-BR,False,true_rating,checker,False,False,False
41590,val_calib,1,-0.43590235710144043,0.5904523134231567,1.0263546705245972,0.7362085625837002,0.7106777088593855,1,1,fakes,agency_claim,desconhecido,2018-2022,desconhecido,True,false_pure,v1,False,False,False
8560,val_calib,1,-0.42579665780067444,0.4903540313243866,0.916150689125061,0.7142571332751926,0.6709921079890527,1,1,Fake.br,portal,desconhecido,sem_data,desconhecido,False,none,v1,False,False,False
936541205135183966,val_calib,1,-0.6541862487792969,0.7890496850013733,1.4432359337806702,0.8089552542120236,0.8323381208921052,1,1,FC_BOATOS,agency_claim,boatos,>=2023,pt-BR,False,false_pure,checker,False,False,False
834621629427194352,val_calib,1,-0.22260424494743347,0.030466321855783463,0.25307056680321693,0.5629321271737189,0.39975881899444565,0,0,EXT_LIARBR,external_claim,ext_liarbr,sem_data,pt-BR,False,false_pure,checker,False,False,False
344736643174169753,val_calib,1,-0.29809126257896423,0.49902135133743286,0.7971126139163971,0.6893565026965657,0.6252197488088466,1,1,FC_COMPROVA,agency_claim,comprova,2018-2022,pt-BR,False,false_pure,checker,False,False,False
549246628503311908,val_calib,1,-0.15762652456760406,0.018202979117631912,0.17582950368523598,0.5438444760444316,0.3689235675300861,0,0,FC_POLIGRAFO,agency_claim,poligrafo,>=2023,pt-BR,True,false_pure,checker,False,False,False
46258,val_calib,0,-0.36058637499809265,0.3719816207885742,0.7325679957866669,0.675368548417732,0.5993662085870678,1,1,COVID19.BR_raw,covid,desconhecido,sem_data,desconhecido,False,none,v1,False,False,False
731746694134909645,val_calib,1,-0.4536672532558441,0.5950872898101807,1.0487545430660248,0.7405356655564199,0.7183889453671787,1,1,EXT_AVERITECBR,external_claim,ext_averitecbr,2018-2022,pt-BR,False,other,checker,False,False,False
6755,val_calib,0,-0.35996416211128235,0.4332452416419983,0.7932094037532806,0.6885200360419159,0.6236748188107777,1,1,Fake.br,portal,desconhecido,sem_data,desconhecido,False,none,v1,False,False,False
33582,val_calib,1,-0.22296230494976044,0.26112252473831177,0.4840848296880722,0.6187119827594919,0.49585895519547946,0,0,fakes,agency_claim,desconhecido,2018-2022,desconhecido,False,other,v1,False,False,False
24976,val_calib,1,-0.4789649546146393,0.6151807904243469,1.0941457450389862,0.7491615882627484,0.7336254987333765,1,1,fakes,agency_claim,desconhecido,2018-2022,desconhecido,False,none,v1,False,False,False
1053744912731187406,val_calib,1,-0.480574369430542,0.8073587417602539,1.287933111190796,0.7837971413440984,0.792517818354624,1,1,FC_EFARSAS,agency_claim,efarsas,>=2023,pt-BR,False,false_pure,checker,False,False,False
274625024007130055,val_calib,1,-0.36706089973449707,0.30650490522384644,0.6735658049583435,0.6623011421925342,0.5752346596910932,1,1,FC_COMPROVA,agency_claim,comprova,>=2023,pt-BR,False,false_pure,checker,False,False,False
501051839277883630,val_calib,1,-0.47636982798576355,0.5671449899673462,1.0435148179531097,0.7395276230126774,0.7165963790226858,1,1,FC_BOATOS_VIRAL,social,boatos,<=2017,pt-BR,False,false_pure,checker,False,False,False
414344388580683738,val_calib,1,-0.2976292371749878,0.35791724920272827,0.6555464863777161,0.6582592599782753,0.5677870924752285,1,1,FC_G1,agency_claim,g1,2018-2022,pt-BR,False,false_pure,checker,False,False,False
35941,val_calib,1,-0.37471577525138855,0.41578999161720276,0.7905057668685913,0.6879399182189627,0.6226032133713363,1,1,fakes,agency_claim,desconhecido,2018-2022,desconhecido,True,none,v1,False,False,False
28850,val_calib,1,-0.3938446640968323,0.3462913930416107,0.740136057138443,0.6770256074721205,0.6024295002637662,1,1,fakes,agency_claim,desconhecido,2018-2022,desconhecido,False,none,v1,False,False,False
174123029689863077,val_calib,1,-0.5367861986160278,0.5209646224975586,1.0577508211135864,0.7422604897288608,0.7214505337679623,1,1,FC_EFARSAS,agency_claim,efarsas,>=2023,pt-BR,False,false_pure,checker,False,False,False
17160420019096462,val_calib,1,-0.3841760754585266,0.5877368450164795,0.9719129204750061,0.7255006191761231,0.6914252770908047,1,1,FC_BOATOS,agency_claim,boatos,<=2017,pt-BR,False,false_pure,checker,False,False,False
14713990696174356,val_calib,1,-0.47112521529197693,0.5341020822525024,1.0052272975444794,0.732085085541139,0.7032910281234906,1,1,FC_BOATOS,agency_claim,boatos,>=2023,pt-BR,False,false_pure,checker,False,False,False
1507,val_calib,0,-0.17951194941997528,0.27209970355033875,0.451611652970314,0.6110223504859601,0.4821643848421667,0,0,COVID19.BR,covid,desconhecido,sem_data,desconhecido,False,none,v1,False,False,False
345622029799061787,val_calib,1,-0.5916763544082642,0.8071078062057495,1.3987841606140137,0.8019908823221651,0.8216056200306966,1,1,FC_G1,agency_claim,g1,>=2023,pt-BR,False,false_pure,checker,False,False,False
28613,val_calib,1,-0.2972269058227539,0.3554787337779999,0.6527056396007538,0.6576199130993945,0.5666100502241332,1,1,fakes,agency_claim,desconhecido,2018-2022,desconhecido,False,none,v1,False,False,False
28940,val_calib,1,-0.23495899140834808,0.3733192980289459,0.608278289437294,0.6475479566602521,0.5481129207880745,1,0,fakes,agency_claim,desconhecido,2018-2022,desconhecido,False,none,v1,False,False,False
925312834832981896,val_calib,0,-0.5343652367591858,0.7226079702377319,1.2569732069969177,0.7785046221952593,0.7837941465882626,1,1,FC_G1,agency_claim,g1,>=2023,pt-BR,False,other,checker,False,False,False
42152,val_calib,1,0.011603924445807934,-0.2489350587129593,-0.2605389831587672,0.43523121881704185,0.2186860934643403,0,0,fakes,agency_claim,desconhecido,2018-2022,desconhecido,True,false_pure,v1,False,False,False
459961580247262906,val_calib,1,-0.3127277195453644,0.4780886173248291,0.7908163368701935,0.6880065870562188,0.6227263711332739,1,1,FC_COMPROVA,agency_claim,comprova,>=2023,pt-BR,False,other,checker,False,False,False
875145005651300209,val_calib,1,-0.17334268987178802,0.1475449949502945,0.3208876848220825,0.5795405724958506,0.4275122275620172,0,0,EXT_LIARBR,external_claim,ext_liarbr,sem_data,pt-BR,False,false_pure,checker,False,False,False
12499,val_calib,1,-0.2607537508010864,0.48123809695243835,0.7419918477535248,0.6774312648536849,0.6031794468571613,1,1,FakeWhatsApp.BR_2018,whatsapp,desconhecido,2018-2022,desconhecido,False,none,v1,False,False,False
388025088194172832,val_calib,1,-0.18210484087467194,0.11619951575994492,0.29830435663461685,0.5740279504667942,0.41821030674007603,0,0,FC_POLIGRAFO,agency_claim,poligrafo,>=2023,pt-BR,True,other,checker,False,False,False
548860618462968226,val_calib,0,-0.30358457565307617,0.3260153532028198,0.629599928855896,0.6523987417421275,0.5570099112368488,1,0,FC_POLIGRAFO,agency_claim,poligrafo,>=2023,pt-BR,True,true_rating,checker,False,False,False
544992622122825083,val_calib,1,-0.5897536873817444,0.6608967781066895,1.2506504654884338,0.7774124395543315,0.7819802661121684,1,1,FC_G1,agency_claim,g1,2018-2022,pt-BR,False,false_pure,checker_match,False,False,False
271264365182407625,val_calib,1,-0.24570824205875397,0.3145037889480591,0.560212031006813,0.6365015987456941,0.5279515359901633,1,0,FC_POLIGRAFO,agency_claim,poligrafo,>=2023,pt-BR,True,false_pure,checker,False,False,False
27619,val_calib,1,-0.12425500899553299,0.27989688515663147,0.40415189415216446,0.5996847873016881,0.4622034261869668,0,0,fakes,agency_claim,desconhecido,2018-2022,desconhecido,False,none,v1,False,False,False
44507,val_calib,1,-0.3827545642852783,0.34968453645706177,0.7324391007423401,0.6753402880725513,0.5993139682361438,1,1,fakes,agency_claim,desconhecido,2018-2022,desconhecido,False,false_pure,v1,False,False,False
224067864531868828,val_calib,1,-0.13272707164287567,0.06406953930854797,0.19679661095142365,0.549040979516732,0.37720015263813383,0,0,FC_POLIGRAFO,agency_claim,poligrafo,>=2023,pt-BR,True,other,checker,False,False,False
5320017070734280,val_calib,0,-0.21610766649246216,0.44063514471054077,0.6567428112030029,0.658528327066533,0.5682825351639411,1,1,NEWS_ECO,press_true,eco,<=2017,pt-PT,True,none,llm_local,False,False,False
43221,val_calib,1,-0.46003270149230957,0.5070759057998657,0.9671086072921753,0.7245428069203198,0.6896925513953779,1,1,fakes,agency_claim,desconhecido,2018-2022,desconhecido,False,false_pure,v1,False,False,False
42856,val_calib,1,-0.24256305396556854,0.08549828827381134,0.3280613422393799,0.5812875969140295,0.43047809718684216,0,0,fakes,agency_claim,desconhecido,2018-2022,desconhecido,False,none,v1,False,False,False
33505,val_calib,1,-0.2752512991428375,0.4971897602081299,0.7724410593509674,0.6840487071794087,0.615412800023471,1,1,fakes,agency_claim,desconhecido,2018-2022,desconhecido,False,none,v1,False,False,False
29249,val_calib,1,-0.2328086942434311,0.2633240520954132,0.4961327463388443,0.621550082765604,0.5009424739018922,1,0,fakes,agency_claim,desconhecido,2018-2022,desconhecido,False,none,v1,False,False,False
329817352457790517,val_calib,0,-0.1868121325969696,0.27180221676826477,0.4586143493652344,0.6126854098616433,0.4851159983743589,0,0,EXT_LIARBR,external_claim,ext_liarbr,sem_data,pt-BR,False,true_rating,checker,False,False,False
32267,val_calib,1,-0.4166601598262787,0.5828388929367065,0.9994990527629852,0.7309600750257327,0.7012695967452415,1,1,fakes,agency_claim,desconhecido,2018-2022,desconhecido,False,none,v1,False,False,False
31055,val_calib,1,-0.32498595118522644,0.44138631224632263,0.7663722634315491,0.6827356195187083,0.6129856621881519,1,1,fakes,agency_claim,desconhecido,sem_data,desconhecido,False,none,v1,False,False,False
47360,val_calib,0,-0.1915498971939087,0.21368683874607086,0.40523673593997955,0.5999451894281529,0.4626585904747877,0,0,true,press_true,desconhecido,<=2017,desconhecido,False,none,v1,False,False,False
27664,val_calib,1,-0.34010446071624756,0.3840126097202301,0.7241170704364777,0.6735129789585118,0.5959363727341207,1,1,fakes,agency_claim,desconhecido,2018-2022,desconhecido,False,none,v1,False,False,False
204265858799710497,val_calib,0,0.0079728988930583,0.13039933145046234,0.12242643255740404,0.5305684371062233,0.3481976417778934,0,0,NEWS_PODER360,press_true,poder360,<=2017,pt-BR,False,none,llm_local,False,False,False
646159020345757731,val_calib,1,-0.07511314004659653,-0.02511865273118019,0.049994487315416336,0.5124960191739677,0.32099091812104225,0,0,FC_POLIGRAFO,agency_claim,poligrafo,2018-2022,pt-BR,True,hard,checker,False,False,False
24692,val_calib,1,-0.1642199605703354,0.3090202212333679,0.4732401818037033,0.6161503766865549,0.49128384792915586,0,0,fakes,agency_claim,desconhecido,sem_data,desconhecido,False,none,v1,False,False,False
857843394792885814,val_calib,1,-0.6111326813697815,0.7431943416595459,1.3543270230293274,0.7948361432214158,0.8103412549531717,1,1,FC_G1,agency_claim,g1,2018-2022,pt-BR,False,false_pure,checker,False,False,False
763422688519316498,val_calib,1,-0.6352560520172119,0.6663421988487244,1.3015982508659363,0.7861038431638941,0.796284728458349,1,1,FC_BOATOS,agency_claim,boatos,>=2023,pt-BR,False,false_pure,checker,False,False,False
871118734621897987,val_calib,1,-0.4227391481399536,0.530708372592926,0.9534475207328796,0.7218079734879024,0.6847364752103545,1,1,FC_LUPA,agency_claim,lupa,>=2023,pt-BR,False,false_pure,checker_match,False,False,False
1039571847936100430,val_calib,1,-0.6534719467163086,0.7612371444702148,1.4147090911865234,0.8045076286125542,0.8255111401052275,1,1,FC_BOATOS,agency_claim,boatos,<=2017,pt-BR,False,false_pure,checker,False,False,False
496553547564056940,val_calib,1,-0.5253031253814697,0.6692114472389221,1.1945145726203918,0.767547519430313,0.7653966242565082,1,1,FC_G1,agency_claim,g1,2018-2022,pt-BR,False,false_pure,checker,False,False,False
925583837070215255,val_calib,1,-0.5455541014671326,0.6143345832824707,1.1598886847496033,0.7613124876933279,0.7547403446463119,1,1,FC_G1,agency_claim,g1,>=2023,pt-BR,False,false_pure,checker,False,False,False
11498,val_calib,0,-0.31726282835006714,0.374125212430954,0.6913880407810211,0.6662756321692451,0.5825673365326469,1,1,FakeWhatsApp.BR_2018,whatsapp,desconhecido,2018-2022,desconhecido,False,none,v1,False,False,False
423370710448013330,val_calib,1,-0.45968201756477356,0.48348814249038696,0.9431701600551605,0.7197395699679503,0.6809799835843656,1,1,FC_AFP,agency_claim,afp,>=2023,pt-BR,False,false_pure,checker,False,False,False
938974975084297680,val_calib,1,-0.3907913863658905,0.5545134544372559,0.9453048408031464,0.7201699640233263,0.6817621916674447,1,1,EXT_LIARBR,external_claim,ext_liarbr,sem_data,pt-BR,False,false_pure,checker,False,False,False
636653323327993296,val_calib,0,-0.12867972254753113,0.20693109929561615,0.3356108218431473,0.5831239466681039,0.4336047392218637,0,0,NEWS_PODER360,press_true,poder360,<=2017,pt-BR,False,none,llm_local,False,False,False
556416577503621925,val_calib,1,-0.2560628354549408,0.3176657259464264,0.5737285614013672,0.6396230753362747,0.5336331385559789,1,0,FC_POLIGRAFO,agency_claim,poligrafo,2018-2022,pt-BR,True,false_pure,checker,False,False,False
25970,val_calib,1,-0.32429423928260803,0.46361520886421204,0.7879094481468201,0.6873822723929035,0.6215730148964687,1,1,fakes,agency_claim,desconhecido,2018-2022,desconhecido,False,false_pure,v1,False,False,False
39891,val_calib,1,-0.4149670898914337,0.39713600277900696,0.8121030926704407,0.6925574794437965,0.6311292210594447,1,1,fakes,agency_claim,desconhecido,2018-2022,desconhecido,False,false_pure,v1,False,False,False
789000392917468631,val_calib,1,-0.18600119650363922,0.204987034201622,0.39098823070526123,0.596520573067563,0.4566856228895362,0,0,EXT_AVERITECBR,external_claim,ext_averitecbr,2018-2022,pt-BR,False,other,checker,False,False,False
43861,val_calib,1,-0.5009288191795349,0.5928552150726318,1.0937840342521667,0.7490936099874316,0.7335061793203312,1,1,fakes,agency_claim,desconhecido,2018-2022,desconhecido,False,false_pure,v1,False,False,False
86887969155030910,val_calib,1,-0.36084967851638794,0.5177110433578491,0.8785607218742371,0.7065238785469583,0.6568372258209861,1,1,EXT_LIARBR,external_claim,ext_liarbr,sem_data,pt-BR,False,false_pure,checker,False,False,False
24967,val_calib,1,-0.48819538950920105,0.5259851217269897,1.0141805112361908,0.7338374846264142,0.7064346117463429,1,1,fakes,agency_claim,desconhecido,2018-2022,desconhecido,False,none,v1,False,False,False
243899218648086218,val_calib,0,-0.2503378391265869,0.21304301917552948,0.4633808583021164,0.6138159026116569,0.48712567285237685,0,0,NEWS_PODER360,press_true,poder360,<=2017,pt-BR,False,none,llm_local,False,False,False
970142834122650054,val_calib,1,-0.27601805329322815,0.29585686326026917,0.5718749165534973,0.6391956897050459,0.5328544514259256,1,0,FC_BOATOS_VIRAL,social,boatos,<=2017,pt-BR,False,false_pure,checker,False,False,False
40230,val_calib,1,-0.3219950497150421,0.4384554624557495,0.7604505121707916,0.6814515368649386,0.6106119105951358,1,1,fakes,agency_claim,desconhecido,2018-2022,desconhecido,False,none,v1,False,False,False
384474096975732206,val_calib,1,-0.622779130935669,0.7557179927825928,1.3784971237182617,0.7987495232719858,0.8165316268742678,1,1,FC_BOATOS,agency_claim,boatos,2018-2022,pt-BR,False,false_pure,checker,False,False,False
2620,val_calib,1,-0.5305819511413574,0.7060832977294922,1.2366652488708496,0.7749830192080446,0.7779292736019024,1,1,Fake.br,portal,desconhecido,sem_data,desconhecido,False,none,v1,False,False,False
45639,val_calib,0,-0.1810411661863327,0.28520920872688293,0.46625037491321564,0.6144958873276759,0.48833573479080905,0,0,COVID19.BR_raw,covid,desconhecido,sem_data,desconhecido,False,none,v1,False,False,False
1060425075392270100,val_calib,1,-0.2873975932598114,0.22226838767528534,0.5096659809350967,0.6247281693386622,0.5066524263732206,1,0,FC_EFARSAS,agency_claim,efarsas,2018-2022,pt-BR,False,false_pure,checker,False,False,False
168300317740167347,val_calib,0,-0.12683649361133575,0.2931542992591858,0.41999079287052155,0.6034810466774092,0.4688547787620181,0,0,NEWS_PODER360,press_true,poder360,<=2017,pt-BR,False,none,llm_local,False,False,False
43814,val_calib,1,-0.2199389487504959,0.42152222990989685,0.6414611786603928,0.6550836873086735,0.5619439001047649,1,1,fakes,agency_claim,desconhecido,2018-2022,desconhecido,False,none,v1,False,False,False
978224003721821452,val_calib,1,-0.15724629163742065,0.2851462960243225,0.44239258766174316,0.6088289885901852,0.4782805092086407,0,0,FC_BOATOS,agency_claim,boatos,2018-2022,pt-BR,False,false_pure,checker,False,False,False
11808,val_calib,0,-0.30302950739860535,0.3556849956512451,0.6587145030498505,0.6589715603014362,0.5690987876938424,1,1,FakeWhatsApp.BR_2018,whatsapp,desconhecido,2018-2022,desconhecido,False,none,v1,False,False,False
740709616778465218,val_calib,1,-0.5994042754173279,0.7161448001861572,1.315549075603485,0.7884402355486206,0.8000776450909497,1,1,FC_UOL,agency_claim,uol,sem_data,pt-BR,False,false_pure,checker,False,False,False
288504050396954564,val_calib,1,-0.47417470812797546,0.5146746039390564,0.9888493120670319,0.7288605800329266,0.6974905140368565,1,1,FC_BOATOS_VIRAL,social,boatos,>=2023,pt-BR,False,false_pure,checker,False,False,False
1042519343953533095,val_calib,1,-0.17638413608074188,0.18368270993232727,0.36006684601306915,0.5890566154971274,0.44376840005994256,0,0,FC_APUBLICA,agency_claim,apublica,2018-2022,pt-BR,False,hard,checker,False,False,False
58743203621312758,val_calib,1,-0.2171764224767685,0.248048797249794,0.4652252197265625,0.6142530091195081,0.48790341513659347,0,0,FC_POLIGRAFO,agency_claim,poligrafo,>=2023,pt-BR,True,hard,checker,False,False,False
858707248669825061,val_calib,1,-0.6004297137260437,0.7566432356834412,1.3570729494094849,0.7952835634514903,0.8110525100416932,1,1,FC_BOATOS,agency_claim,boatos,2018-2022,pt-BR,False,false_pure,checker_match,False,False,False
971253834159353563,val_calib,1,-0.29713135957717896,0.3779103457927704,0.6750417053699493,0.6626311605148805,0.5758432012053338,1,1,FC_POLIGRAFO,agency_claim,poligrafo,>=2023,pt-BR,True,other,checker,False,False,False
823997702406617725,val_calib,1,-0.3923061788082123,0.5267891883850098,0.919095367193222,0.7148577446792371,0.6720883649952646,1,1,FC_POLIGRAFO,agency_claim,poligrafo,>=2023,pt-BR,True,false_pure,checker,False,False,False
8468,val_calib,1,-0.4183810353279114,0.5850369930267334,1.0034180283546448,0.731730072816481,0.7026534125132425,1,1,Fake.br,portal,desconhecido,sem_data,desconhecido,False,none,v1,False,False,False
42624,val_calib,1,-0.555942714214325,0.5662862062454224,1.1222289204597473,0.7544019242109736,0.7427849776673778,1,1,fakes,agency_claim,desconhecido,2018-2022,desconhecido,False,none,v1,False,False,False
1030809509262930742,val_calib,1,-0.20983318984508514,0.21914151310920715,0.4289747029542923,0.605628810406129,0.47263253986977694,0,0,FC_POLIGRAFO,agency_claim,poligrafo,>=2023,pt-BR,True,false_pure,checker,False,False,False
39627,val_calib,1,-0.5429630279541016,0.5405296087265015,1.083492636680603,0.7471543632029225,0.7300970771130836,1,1,fakes,agency_claim,desconhecido,sem_data,desconhecido,False,hard,v1,False,False,False
44130,val_calib,1,-0.4467330873012543,0.47991514205932617,0.9266482293605804,0.716394789412457,0.6748915893627987,1,1,fakes,agency_claim,desconhecido,2018-2022,desconhecido,False,false_pure,v1,False,False,False
1147190530430333374,val_calib,1,-0.5530698895454407,0.6776777505874634,1.230747640132904,0.7739494019899561,0.7761990512076025,1,1,FC_COMPROVA,agency_claim,comprova,2018-2022,pt-BR,False,other,checker,False,False,False
26132,val_calib,1,-0.39748823642730713,0.3417013883590698,0.739189624786377,0.6768186240802155,0.6020468503852785,1,1,fakes,agency_claim,desconhecido,2018-2022,desconhecido,False,none,v1,False,False,False
8338,val_calib,1,-0.5402159690856934,0.5831358432769775,1.123351812362671,0.754609913804659,0.7431469022840731,1,1,Fake.br,portal,desconhecido,sem_data,desconhecido,False,none,v1,False,False,False
6585,val_calib,0,-0.3155869245529175,0.35110947489738464,0.6666963994503021,0.660763033557135,0.5723993007657515,1,1,Fake.br,portal,desconhecido,sem_data,desconhecido,False,none,v1,False,False,False
291275106031854086,val_calib,1,-0.5257226228713989,0.5145516395568848,1.0402742624282837,0.7389029217380938,0.7154843046611776,1,1,FC_BOATOS,agency_claim,boatos,2018-2022,pt-BR,False,false_pure,checker,False,False,False
27129,val_calib,1,-0.25532883405685425,0.4109427034854889,0.6662715375423431,0.6606677920274351,0.5722237800130133,1,1,fakes,agency_claim,desconhecido,2018-2022,desconhecido,False,none,v1,False,False,False
816708992241607127,val_calib,0,-0.2906084656715393,0.40689340233802795,0.6975018680095673,0.6676336716266109,0.5850745577553588,1,1,NEWS_OECO,press_true,oeco,<=2017,pt-BR,False,none,llm_local,False,False,False
12104,val_calib,0,-0.33283403515815735,0.39229723811149597,0.7251312732696533,0.6737359560537036,0.5963484927404593,1,1,FakeWhatsApp.BR_2018,whatsapp,desconhecido,2018-2022,desconhecido,False,none,v1,False,False,False
626003247336318772,val_calib,1,-0.40833714604377747,0.5285021066665649,0.9368392527103424,0.7184607592755989,0.6786541672988492,1,1,FC_EFARSAS,agency_claim,efarsas,2018-2022,pt-BR,False,false_pure,checker,False,False,False
11910,val_calib,1,-0.23245854675769806,0.30833905935287476,0.5407976061105728,0.6319979417308459,0.5197784722289198,1,0,FakeWhatsApp.BR_2018,whatsapp,desconhecido,2018-2022,desconhecido,False,none,v1,False,False,False
3214,val_calib,1,-0.4170280396938324,0.5256175994873047,0.9426456391811371,0.7196337542972118,0.6807876277945815,1,1,Fake.br,portal,desconhecido,sem_data,desconhecido,False,none,v1,False,False,False
31868,val_calib,1,-0.31912854313850403,0.33156877756118774,0.6506973206996918,0.657167585090352,0.5657774930175558,1,1,fakes,agency_claim,desconhecido,sem_data,desconhecido,False,none,v1,False,False,False
32453,val_calib,1,-0.2563517391681671,0.47170737385749817,0.7280591130256653,0.6743792138772582,0.5975374522006495,1,1,fakes,agency_claim,desconhecido,2018-2022,desconhecido,False,none,v1,False,False,False
6307,val_calib,0,-0.35696592926979065,0.3867073059082031,0.7436732351779938,0.6777985688522212,0.6038584967701882,1,1,Fake.br,portal,desconhecido,sem_data,desconhecido,False,none,v1,False,False,False
902216615907578652,val_calib,0,-0.2552323043346405,0.12910793721675873,0.38434024155139923,0.5949194884478648,0.45390293874506715,0,0,EXT_LIARBR,external_claim,ext_liarbr,sem_data,pt-BR,False,true_rating,checker,False,False,False
573990422419398682,val_calib,0,-0.26564228534698486,0.3555808663368225,0.6212231516838074,0.6504966841887203,0.5535185282124772,1,0,EXT_AVERITECBR,external_claim,ext_averitecbr,2018-2022,pt-BR,False,other,checker,False,False,False
169048126569839091,val_calib,0,-0.15598122775554657,0.45567673444747925,0.6116579622030258,0.6483189128435644,0.5495253767363087,1,0,NEWS_PODER360,press_true,poder360,<=2017,pt-BR,False,none,llm_local,False,False,False
819826130342265993,val_calib,1,-0.13610368967056274,0.12951453030109406,0.2656182199716568,0.5660168697386643,0.40485111536935664,0,0,FC_POLIGRAFO,agency_claim,poligrafo,>=2023,pt-BR,True,other,checker,False,False,False
710659636113652824,val_calib,0,-0.30182936787605286,0.27199915051460266,0.5738285183906555,0.6396461156401804,0.5336751242970882,1,0,FC_POLIGRAFO,agency_claim,poligrafo,>=2023,pt-BR,True,true_rating,checker,False,False,False
572240783913179128,val_calib,1,-0.18797986209392548,0.19451384246349335,0.3824937045574188,0.5944744130779334,0.453130527203893,0,0,EXT_LIARBR,external_claim,ext_liarbr,sem_data,pt-BR,False,false_pure,checker,False,False,False
172340344995876663,val_calib,0,-0.15384472906589508,0.15946127474308014,0.3133060038089752,0.5776920133630928,0.4243833228642259,0,0,EXT_LIARBR,external_claim,ext_liarbr,sem_data,pt-BR,False,true_rating,checker,False,False,False
978204558079848390,val_calib,1,-0.452401727437973,0.5568863749504089,1.009288102388382,0.7328808066209014,0.704719238335103,1,1,FC_EFARSAS,agency_claim,efarsas,<=2017,pt-BR,False,false_pure,checker,False,False,False
25110,val_calib,1,-0.35499244928359985,0.5099761486053467,0.8649685978889465,0.7036976904738046,0.6516478851395774,1,1,fakes,agency_claim,desconhecido,2018-2022,desconhecido,False,none,v1,False,False,False
224585899937722795,val_calib,0,-0.3787009119987488,0.35863548517227173,0.7373363971710205,0.6764131252550876,0.601297215246141,1,1,FC_POLIGRAFO,agency_claim,poligrafo,>=2023,pt-BR,True,true_rating,checker,False,False,False
578095209088795507,val_calib,1,-0.3931100070476532,0.40490201115608215,0.7980120182037354,0.6895490720225153,0.625575382058318,1,1,FC_BOATOS,agency_claim,boatos,2018-2022,pt-BR,False,false_pure,checker,False,False,False
463816695091221406,val_calib,1,-0.33801886439323425,0.4411267638206482,0.7791456282138824,0.6854959480524115,0.618087538986689,1,1,EXT_LIARBR,external_claim,ext_liarbr,sem_data,pt-BR,False,false_pure,checker,False,False,False
566083606821431041,val_calib,1,-0.21476146578788757,0.1809791475534439,0.3957406133413315,0.5976638678953383,0.45867652161117517,0,0,EXT_LIARBR,external_claim,ext_liarbr,sem_data,pt-BR,False,false_pure,checker,False,False,False
16287,val_calib,0,-0.220464825630188,0.3790050148963928,0.5994698405265808,0.645535004729158,0.5444280454194683,1,0,FakeWhatsApp.BR_2018,whatsapp,desconhecido,2018-2022,desconhecido,False,none,v1,False,False,False
740660438079703179,val_calib,1,-0.3968398869037628,0.6260836720466614,1.0229235589504242,0.7355416819690999,0.7094855365165047,1,1,FC_POLIGRAFO,agency_claim,poligrafo,2018-2022,pt-BR,True,false_pure,checker,False,False,False
332132409506829898,val_calib,1,-0.4272436797618866,0.36289170384407043,0.790135383605957,0.6878603993290551,0.6224563157277712,1,1,FC_EFARSAS,agency_claim,efarsas,2018-2022,pt-BR,False,hard,checker,False,False,False
289819330649529354,val_calib,1,-0.47813931107521057,0.41047078371047974,0.8886100947856903,0.7086032616665736,0.660650108062292,1,1,EXT_AVERITECBR,external_claim,ext_averitecbr,2018-2022,pt-BR,False,other,checker,False,False,False
520570265827605944,val_calib,1,-0.5078233480453491,0.5887852907180786,1.0966086387634277,0.7496241274893906,0.7344370411082911,1,1,FC_EFARSAS,agency_claim,efarsas,2018-2022,pt-BR,False,false_pure,checker,False,False,False
14225,val_calib,1,-0.18541522324085236,0.24891076982021332,0.4343259930610657,0.6069062011107033,0.47488429157581913,0,0,FakeWhatsApp.BR_2018,whatsapp,desconhecido,2018-2022,desconhecido,False,none,v1,False,False,False
918493131819248632,val_calib,0,-0.2646055817604065,0.5341637134552002,0.7987692952156067,0.6897111599087531,0.6258747116873931,1,1,EXT_LIARBR,external_claim,ext_liarbr,sem_data,pt-BR,False,true_rating,checker,False,False,False
462208067732630489,val_calib,0,-0.1879478543996811,0.23504415154457092,0.422992005944252,0.604198988465669,0.4701164223803288,0,0,EXT_LIARBR,external_claim,ext_liarbr,sem_data,pt-BR,False,true_rating,checker,False,False,False
36218,val_calib,1,-0.4454539120197296,0.4262377619743347,0.8716916739940643,0.7050975782058098,0.6542192800635273,1,1,fakes,agency_claim,desconhecido,2018-2022,desconhecido,True,none,v1,False,False,False
196820624399924717,val_calib,0,0.08263766020536423,-0.12170631438493729,-0.2043439745903015,0.44909103138261297,0.23532312354023704,0,0,EXT_LIARBR,external_claim,ext_liarbr,sem_data,pt-BR,False,true_rating,checker,False,False,False
2694,val_calib,1,-0.31154000759124756,0.3572114408016205,0.668751448392868,0.6612235312611284,0.5732480332753095,1,1,Fake.br,portal,desconhecido,sem_data,desconhecido,False,none,v1,False,False,False
13351,val_calib,1,-0.32040366530418396,0.5027159452438354,0.8231196105480194,0.6948981452879291,0.635447268948097,1,1,FakeWhatsApp.BR_2018,whatsapp,desconhecido,2018-2022,desconhecido,False,none,v1,False,False,False
418286156845551169,val_calib,0,-0.24954329431056976,0.2722109854221344,0.5217542797327042,0.6275578840044458,0.5117513082737911,1,0,EXT_LIARBR,external_claim,ext_liarbr,sem_data,pt-BR,False,true_rating,checker,False,False,False
4395,val_calib,0,-0.3741104304790497,0.4317370355129242,0.8058474659919739,0.6912239192807065,0.6286678240632322,1,1,Fake.br,portal,desconhecido,sem_data,desconhecido,False,none,v1,False,False,False
928037278217799638,val_calib,1,-0.3854278028011322,0.4513428509235382,0.8367706537246704,0.6977846427553291,0.6407677879977127,1,1,FC_ESTADAO,agency_claim,estadao,sem_data,pt-BR,False,hard,checker,False,False,False
994932124730652113,val_calib,1,-0.5679318308830261,0.6985573172569275,1.2664891481399536,0.780141155630203,0.7865034493609194,1,1,FC_EFARSAS,agency_claim,efarsas,<=2017,pt-BR,False,false_pure,checker,False,False,False
30716,val_calib,1,-0.3003639280796051,0.5018606185913086,0.8022245466709137,0.6904501320212875,0.62723924724894,1,1,fakes,agency_claim,desconhecido,sem_data,desconhecido,False,none,v1,False,False,False
1735,val_calib,1,-0.22009970247745514,0.43916985392570496,0.6592695564031601,0.6590962853466416,0.5693285044159642,1,1,COVID19.BR,covid,desconhecido,sem_data,desconhecido,False,none,v1,False,False,False
263492014959535792,val_calib,1,-0.4241330623626709,0.5396618843078613,0.9637949466705322,0.7238809729466016,0.6884943322084679,1,1,FC_UOL,agency_claim,uol,sem_data,pt-BR,False,hard,checker,False,False,False
477148317713539850,val_calib,1,-0.534670889377594,0.627640962600708,1.162311851978302,0.7617525365695436,0.7554966111732278,1,1,FC_BOATOS,agency_claim,boatos,2018-2022,pt-BR,False,false_pure,checker,False,False,False
15309,val_calib,1,-0.3303186595439911,0.37113627791404724,0.7014549374580383,0.6685102715590912,0.5866933395721198,1,1,FakeWhatsApp.BR_2018,whatsapp,desconhecido,2018-2022,desconhecido,False,none,v1,False,False,False
7930,val_calib,1,-0.3717290163040161,0.5895828604698181,0.9613118767738342,0.7233843878126857,0.6875947963268668,1,1,Fake.br,portal,desconhecido,sem_data,desconhecido,False,none,v1,False,False,False
97784955757780539,val_calib,1,-0.407184898853302,0.5142364501953125,0.9214213490486145,0.7153316268258427,0.6729529671501535,1,1,FC_EFARSAS,agency_claim,efarsas,<=2017,pt-BR,False,false_pure,checker,False,False,False
68046976362843602,val_calib,0,-0.34347549080848694,0.41308391094207764,0.7565594017505646,0.6806062770208825,0.6090492805294824,1,1,FC_POLIGRAFO,agency_claim,poligrafo,>=2023,pt-BR,True,true_rating,checker,False,False,False
40072,val_calib,1,-0.38405463099479675,0.45202282071113586,0.8360774517059326,0.6976384394181387,0.6404984312292742,1,1,fakes,agency_claim,desconhecido,2018-2022,desconhecido,False,false_pure,v1,False,False,False
3234,val_calib,1,-0.3916821777820587,0.42990025877952576,0.8215824365615845,0.6945721441831729,0.6348460454503247,1,1,Fake.br,portal,desconhecido,sem_data,desconhecido,False,none,v1,False,False,False
25429,val_calib,1,-0.4009759724140167,0.579546332359314,0.9805223047733307,0.7272118407304825,0.6945168847315506,1,1,fakes,agency_claim,desconhecido,2018-2022,desconhecido,False,none,v1,False,False,False
1459,val_calib,0,-0.2105586677789688,0.32288938760757446,0.5334480553865433,0.6302869564591982,0.516681464090805,1,0,COVID19.BR,covid,desconhecido,sem_data,desconhecido,False,none,v1,False,False,False
16203,val_calib,1,-0.41743847727775574,0.4738667905330658,0.8913052678108215,0.7091594605602424,0.6616691886222299,1,1,FakeWhatsApp.BR_2018,whatsapp,desconhecido,2018-2022,desconhecido,False,none,v1,False,False,False
168,val_calib,1,-0.31148046255111694,0.45287588238716125,0.7643563449382782,0.6822987952944582,0.6121781714378577,1,1,COVID19.BR,covid,desconhecido,sem_data,desconhecido,False,none,v1,False,False,False
576641173801487375,val_calib,0,-0.3018414080142975,0.3027724325656891,0.6046138405799866,0.6467111694622006,0.5465805737119354,1,0,EXT_LIARBR,external_claim,ext_liarbr,sem_data,pt-BR,False,true_rating,checker,False,False,False
24569,val_calib,1,-0.1397130936384201,0.21843259036540985,0.35814568400382996,0.5885914824483048,0.4429681658573247,0,0,fakes,agency_claim,desconhecido,2018-2022,desconhecido,False,false_pure,v1,False,False,False
292064247933667795,val_calib,1,-0.47376999258995056,0.4249439835548401,0.8987139761447906,0.7106851526494701,0.664462780029115,1,1,FC_EFARSAS,agency_claim,efarsas,2018-2022,pt-BR,False,false_pure,checker,False,False,False
764748815772501164,val_calib,1,-0.5619639754295349,0.6673617362976074,1.2293257117271423,0.7737005362619918,0.7757818734253404,1,1,FC_BOATOS,agency_claim,boatos,<=2017,pt-BR,False,false_pure,checker,False,False,False
910572694584201550,val_calib,1,-0.421840101480484,0.5612505078315735,0.9830906093120575,0.7277210301598889,0.6954357894233837,1,1,FC_UOL,agency_claim,uol,>=2023,pt-BR,False,false_pure,checker,False,False,False
14641,val_calib,0,-0.23406082391738892,0.4400096833705902,0.6740705072879791,0.6624140138292559,0.5754427837162597,1,1,FakeWhatsApp.BR_2018,whatsapp,desconhecido,2018-2022,desconhecido,False,none,v1,False,False,False
39615,val_calib,1,-0.2861921489238739,0.33358344435691833,0.6197755932807922,0.6501675090487254,0.5529146506124871,1,0,fakes,agency_claim,desconhecido,sem_data,desconhecido,False,false_pure,v1,False,False,False
903464421811525572,val_calib,1,-0.557602047920227,0.6043496131896973,1.1619516611099243,0.7616871609472599,0.7553842960604645,1,1,FC_AFP,agency_claim,afp,2018-2022,pt-BR,False,false_pure,checker,False,False,False
795214345915175773,val_calib,1,-0.531172513961792,0.5407392382621765,1.0719117522239685,0.7449603082020577,0.726228116220448,1,1,FC_BOATOS,agency_claim,boatos,>=2023,pt-BR,False,false_pure,checker,False,False,False
187708128060046370,val_calib,1,-0.23645924031734467,0.31552714109420776,0.5519863814115524,0.6345963237694621,0.5244902850643551,1,0,EXT_LIARBR,external_claim,ext_liarbr,sem_data,pt-BR,False,false_pure,checker,False,False,False
28134,val_calib,1,-0.24778525531291962,0.18904529511928558,0.4368305504322052,0.6075035557724066,0.47593853259534824,0,0,fakes,agency_claim,desconhecido,2018-2022,desconhecido,False,false_pure,v1,False,False,False
48025,val_calib,0,-0.36134403944015503,0.539435863494873,0.9007799029350281,0.7111097465463753,0.6652397379827195,1,1,true,press_true,desconhecido,<=2017,desconhecido,False,none,v1,False,False,False
30237,val_calib,1,-0.22062835097312927,0.4372708201408386,0.6578991711139679,0.6587883086091361,0.5687612970736232,1,1,fakes,agency_claim,desconhecido,sem_data,desconhecido,False,none,v1,False,False,False
831876194901693604,val_calib,1,-0.41951578855514526,0.6913557052612305,1.1108714938163757,0.752291549123287,0.7391056151933563,1,1,FC_G1,agency_claim,g1,2018-2022,pt-BR,False,false_pure,checker,False,False,False
358350624796172212,val_calib,1,-0.3433533012866974,0.45898497104644775,0.8023382723331451,0.6904744379381325,0.6272841250861567,1,1,FC_G1,agency_claim,g1,2018-2022,pt-BR,False,false_pure,checker,False,False,False
589359050963725246,val_calib,0,-0.027349675074219704,-0.028143156319856644,-0.00079348124563694,0.49980162969899883,0.3026012225405659,0,0,FC_POLIGRAFO,agency_claim,poligrafo,>=2023,pt-BR,True,true_rating,checker,False,False,False
31068,val_calib,1,-0.23202012479305267,0.39840590953826904,0.6304260343313217,0.6525860579070237,0.5573539271166961,1,0,fakes,agency_claim,desconhecido,sem_data,desconhecido,False,none,v1,False,False,False
856247513519128924,val_calib,1,-0.3561832010746002,0.40989962220191956,0.7660828232765198,0.6826729212386232,0.6128697629012535,1,1,FC_POLIGRAFO,agency_claim,poligrafo,>=2023,pt-BR,True,other,checker,False,False,False
602679992800550755,val_calib,1,-0.08491653949022293,0.10991901159286499,0.19483555108308792,0.5485553843881117,0.3764229129359998,0,0,FC_POLIGRAFO,agency_claim,poligrafo,>=2023,pt-BR,True,false_pure,checker,False,False,False
25850,val_calib,1,-0.4833889603614807,0.577919602394104,1.0613085627555847,0.7429405339193806,0.7226556405183506,1,1,fakes,agency_claim,desconhecido,2018-2022,desconhecido,False,none,v1,False,False,False
93992655995723159,val_calib,0,-0.28319478034973145,0.1362517774105072,0.41944655776023865,0.6033508084158297,0.46862603651982837,0,0,EXT_LIARBR,external_claim,ext_liarbr,sem_data,pt-BR,False,true_rating,checker,False,False,False
12719,val_calib,1,-0.2924467623233795,0.3958544135093689,0.6883011758327484,0.6655889083661372,0.5812998109974741,1,1,FakeWhatsApp.BR_2018,whatsapp,desconhecido,2018-2022,desconhecido,False,none,v1,False,False,False
13109,val_calib,0,-0.2964775264263153,0.4949621856212616,0.7914397120475769,0.6881403810495276,0.6229735251909053,1,1,FakeWhatsApp.BR_2018,whatsapp,desconhecido,2018-2022,desconhecido,False,none,v1,False,False,False
1034299615879057858,val_calib,0,-0.12285948544740677,0.12791560590267181,0.2507750913500786,0.5623672680811951,0.39882953604881877,0,0,FC_POLIGRAFO,agency_claim,poligrafo,>=2023,pt-BR,True,true_rating,checker,False,False,False
1064596772855005040,val_calib,1,-0.6747053861618042,0.6541242599487305,1.3288296461105347,0.7906469786352076,0.8036388866512636,1,1,FC_G1,agency_claim,g1,>=2023,pt-BR,False,false_pure,checker,False,False,False
33870355692383547,val_calib,1,-0.4779585897922516,0.5164706707000732,0.9944292604923248,0.7299618959880667,0.699473948812588,1,1,FC_BOATOS,agency_claim,boatos,2018-2022,pt-BR,False,false_pure,checker,False,False,False
976750678652496014,val_calib,1,-0.4638091027736664,0.6004348397254944,1.0642439424991608,0.7435007325477883,0.7236475133103902,1,1,FC_BOATOS,agency_claim,boatos,2018-2022,pt-BR,False,false_pure,checker,False,False,False
36209,val_calib,1,-0.3467850983142853,0.39645713567733765,0.7432422339916229,0.6777044362957787,0.6036844694496771,1,1,fakes,agency_claim,desconhecido,2018-2022,desconhecido,True,none,v1,False,False,False
5980,val_calib,1,-0.42470309138298035,0.5356065034866333,0.9603095948696136,0.7231837868931288,0.687231300761541,1,1,Fake.br,portal,desconhecido,sem_data,desconhecido,False,none,v1,False,False,False
17044,val_calib,1,-0.30631253123283386,0.3700399398803711,0.676352471113205,0.662924121153246,0.5763834618914266,1,1,FakeWhatsApp.BR_2018,whatsapp,desconhecido,2018-2022,desconhecido,False,none,v1,False,False,False
310518248932462770,val_calib,0,-0.2324497550725937,0.28654593229293823,0.5189956873655319,0.6269128944570169,0.5105879025252326,1,0,FC_POLIGRAFO,agency_claim,poligrafo,2018-2022,pt-BR,True,true_rating,checker,False,False,False
6927,val_calib,0,-0.18623416125774384,0.2440984696149826,0.43033263087272644,0.6059530948148855,0.4732038361075482,0,0,Fake.br,portal,desconhecido,sem_data,desconhecido,False,none,v1,False,False,False
33491722761891465,val_calib,1,-0.14136071503162384,0.14043329656124115,0.281794011592865,0.5699859947956404,0.4114460386432898,0,0,FC_POLIGRAFO,agency_claim,poligrafo,>=2023,pt-BR,True,other,checker,False,False,False
879213359127077167,val_calib,1,-0.2754383683204651,0.28590136766433716,0.5613397359848022,0.6367624726320317,0.5284258583041755,1,0,EXT_LIARBR,external_claim,ext_liarbr,sem_data,pt-BR,False,false_pure,checker,False,False,False
4323,val_calib,0,-0.32415369153022766,0.48195141553878784,0.8061051070690155,0.6912789057856981,0.6287693308929366,1,1,Fake.br,portal,desconhecido,sem_data,desconhecido,False,none,v1,False,False,False
897827260103255479,val_calib,0,-0.11329863220453262,0.15454478561878204,0.26784341782331467,0.5665633907742461,0.40575635791137754,0,0,FC_POLIGRAFO,agency_claim,poligrafo,>=2023,pt-BR,True,true_rating,checker,False,False,False
145454209319896750,val_calib,1,-0.2986806631088257,0.3461097180843353,0.644790381193161,0.6558355285841415,0.5633266106628319,1,1,EXT_LIARBR,external_claim,ext_liarbr,sem_data,pt-BR,False,false_pure,checker,False,False,False
418442627947673294,val_calib,1,-0.37169918417930603,0.46786877512931824,0.8395679593086243,0.6983742154379603,0.64185383134281,1,1,EXT_AVERITECBR,external_claim,ext_averitecbr,2018-2022,pt-BR,False,other,checker,False,False,False
182102705954573505,val_calib,1,-0.1854700744152069,0.3445054292678833,0.5299755036830902,0.6294773985722644,0.5152177140488406,1,0,EXT_LIARBR,external_claim,ext_liarbr,sem_data,pt-BR,False,false_pure,checker,False,False,False
136334293663514239,val_calib,1,-0.23553898930549622,0.28187575936317444,0.5174147486686707,0.6265430496478855,0.5099211066411591,1,0,FC_G1,agency_claim,g1,2018-2022,pt-BR,False,false_pure,checker,False,False,False
5026,val_calib,1,-0.30713072419166565,0.36798295378685,0.6751136779785156,0.6626472498827677,0.5758728710016979,1,1,Fake.br,portal,desconhecido,sem_data,desconhecido,False,none,v1,False,False,False
347390602633034143,val_calib,1,-0.3566283583641052,0.30913957953453064,0.6657679378986359,0.6605548829745718,0.5720157072484735,1,1,FC_COMPROVA,agency_claim,comprova,2018-2022,pt-BR,False,other,checker,False,False,False
925108789609329060,val_calib,1,-0.6877421736717224,0.6661703586578369,1.3539125323295593,0.7947685432794471,0.810233714827107,1,1,FC_G1,agency_claim,g1,>=2023,pt-BR,False,false_pure,checker,False,False,False
6722,val_calib,1,-0.33564791083335876,0.19306208193302155,0.5287099927663803,0.6291821880378332,0.514684209626952,1,0,Fake.br,portal,desconhecido,sem_data,desconhecido,False,none,v1,False,False,False
986621093216985374,val_calib,1,-0.4756103456020355,0.5509358644485474,1.0265462100505829,0.7362457589329814,0.7107441755511588,1,1,FC_UOL,agency_claim,uol,>=2023,pt-BR,False,false_pure,checker,False,False,False
147986607110150845,val_calib,1,-0.3102850615978241,0.5076243877410889,0.817909449338913,0.6937923941202003,0.6334077559879214,1,1,FC_LUPA,agency_claim,lupa,>=2023,pt-BR,False,false_pure,checker_match,False,False,False
283125031285685805,val_calib,1,-0.5523122549057007,0.737324595451355,1.2896368503570557,0.7840857159901655,0.7929902599653458,1,1,FC_BOATOS,agency_claim,boatos,>=2023,pt-BR,False,false_pure,checker,False,False,False
36533,val_calib,1,-0.25794702768325806,0.3798682987689972,0.6378153264522552,0.654259445342592,0.5604285722684434,1,1,fakes,agency_claim,desconhecido,2018-2022,desconhecido,True,false_pure,v1,False,False,False
326725509824902262,val_calib,1,-0.48946717381477356,0.690638542175293,1.1801057159900665,0.7649668112477161,0.7610015972010903,1,1,FC_G1,agency_claim,g1,>=2023,pt-BR,False,false_pure,checker,False,False,False
743700930459877826,val_calib,1,-0.442961186170578,0.7262135744094849,1.1691747605800629,0.762995817431418,0.7576299411752517,1,1,FC_EFARSAS,agency_claim,efarsas,<=2017,pt-BR,False,false_pure,checker,False,False,False
420131248619091185,val_calib,0,-0.37539562582969666,0.35557126998901367,0.7309668958187103,0.675017415341698,0.5987171329681846,1,1,EXT_LIARBR,external_claim,ext_liarbr,sem_data,pt-BR,False,true_rating,checker,False,False,False
632509455785538460,val_calib,1,-0.22109811007976532,0.2938666045665741,0.5149647146463394,0.6259695963848715,0.5088876816763478,1,0,EXT_AVERITECBR,external_claim,ext_averitecbr,2018-2022,pt-BR,False,other,checker,False,False,False
39672,val_calib,1,-0.49257534742355347,0.6640229225158691,1.1565982699394226,0.7607140533774069,0.7537108864908767,1,1,fakes,agency_claim,desconhecido,2018-2022,desconhecido,False,none,v1,False,False,False
1147062496557070622,val_calib,1,-0.3788507282733917,0.45003047585487366,0.8288812041282654,0.6961183143646463,0.6376969868854601,1,1,FC_BOATOS,agency_claim,boatos,2018-2022,pt-BR,False,false_pure,checker,False,False,False
649256611881344922,val_calib,1,-0.31506800651550293,0.3547154664993286,0.6697834730148315,0.6614546734932246,0.5736740957586227,1,1,FC_BOATOS,agency_claim,boatos,>=2023,pt-BR,False,false_pure,checker,False,False,False
746041952592226069,val_calib,0,-0.3993246853351593,0.38934221863746643,0.7886669039726257,0.6875450173657365,0.6218736811277282,1,1,FC_POLIGRAFO,agency_claim,poligrafo,>=2023,pt-BR,True,true_rating,checker,False,False,False
903988742310870389,val_calib,0,-0.24387405812740326,0.29553890228271484,0.5394129604101181,0.6316758468020777,0.5191951089349749,1,0,FC_POLIGRAFO,agency_claim,poligrafo,>=2023,pt-BR,True,true_rating,checker,False,False,False
567246642432500222,val_calib,1,-0.387434720993042,0.5271337032318115,0.9145684242248535,0.7139340932442881,0.6704022850300188,1,1,FC_LUPA,agency_claim,lupa,>=2023,pt-BR,False,false_pure,checker_match,False,False,False
16605,val_calib,1,-0.3201391398906708,0.46351587772369385,0.7836550176143646,0.6864673187928003,0.6198825204142074,1,1,FakeWhatsApp.BR_2018,whatsapp,desconhecido,2018-2022,desconhecido,False,none,v1,False,False,False
14316,val_calib,0,-0.2551627457141876,0.24219711124897003,0.49735985696315765,0.6218386874875496,0.501460249794901,1,0,FakeWhatsApp.BR_2018,whatsapp,desconhecido,2018-2022,desconhecido,False,none,v1,False,False,False
32900,val_calib,1,-0.2425488829612732,0.32273760437965393,0.5652864873409271,0.6376748468823571,0.5300854858164203,1,0,fakes,agency_claim,desconhecido,2018-2022,desconhecido,False,none,v1,False,False,False
624259302830629803,val_calib,1,-0.23684069514274597,0.25271832942962646,0.48955902457237244,0.6200025443008667,0.4981687034474883,0,0,EXT_LIARBR,external_claim,ext_liarbr,sem_data,pt-BR,False,false_pure,checker,False,False,False
98651038194944708,val_calib,1,-0.5738524198532104,0.7501221299171448,1.3239745497703552,0.7898422080015514,0.8023425600674733,1,1,FC_BOATOS_VIRAL,social,boatos,2018-2022,pt-BR,False,false_pure,checker,False,False,False
219109441098806470,val_calib,1,-0.5229663848876953,0.6739301085472107,1.196896493434906,0.767972226894855,0.7661177401364465,1,1,FC_BOATOS,agency_claim,boatos,2018-2022,pt-BR,False,false_pure,checker,False,False,False
12516,val_calib,1,-0.40027984976768494,0.4183405637741089,0.8186204135417938,0.6939434137467104,0.6336863459478738,1,1,FakeWhatsApp.BR_2018,whatsapp,desconhecido,2018-2022,desconhecido,False,none,v1,False,False,False
10661,val_calib,1,-0.602614164352417,0.6537295579910278,1.2563437223434448,0.7783960578693128,0.7836140497108829,1,1,LLM4BR_300,llm,desconhecido,sem_data,desconhecido,False,false_pure,v1,False,False,False
11759,val_calib,0,-0.44061073660850525,0.6370284557342529,1.0776391923427582,0.7460469624809059,0.7281458619052299,1,1,FakeWhatsApp.BR_2018,whatsapp,desconhecido,2018-2022,desconhecido,False,none,v1,False,False,False
30798,val_calib,1,-0.442695677280426,0.45308029651641846,0.8957759737968445,0.7100806910738976,0.6633563152825552,1,1,fakes,agency_claim,desconhecido,sem_data,desconhecido,False,none,v1,False,False,False
59588434449199647,val_calib,0,-0.19336195290088654,0.18514858186244965,0.3785105347633362,0.5935138118602303,0.45146512930387,0,0,EXT_LIARBR,external_claim,ext_liarbr,sem_data,pt-BR,False,true_rating,checker,False,False,False
11601,val_calib,1,-0.3667120039463043,0.5856654047966003,0.9523774087429047,0.7215930426963513,0.684346450718601,1,1,FakeWhatsApp.BR_2018,whatsapp,desconhecido,2018-2022,desconhecido,False,none,v1,False,False,False
17404680462342370,val_calib,0,-0.24512635171413422,0.23310287296772003,0.47822922468185425,0.6173296448701687,0.4933884752631875,0,0,FC_POLIGRAFO,agency_claim,poligrafo,>=2023,pt-BR,True,true_rating,checker,False,False,False
722068837123669727,val_calib,1,-0.47655346989631653,0.5599929094314575,1.036546379327774,0.7381830781615959,0.7142017465295216,1,1,FC_G1,agency_claim,g1,2018-2022,pt-BR,False,false_pure,checker,False,False,False
711080982027511737,val_calib,0,-0.20749132335186005,0.24969089031219482,0.45718221366405487,0.612345506401971,0.48451226667705155,0,0,FC_POLIGRAFO,agency_claim,poligrafo,>=2023,pt-BR,True,true_rating,checker,False,False,False
632675833967727194,val_calib,1,-0.4790377914905548,0.4677344262599945,0.9467722177505493,0.7204655818779736,0.682299286962378,1,1,FC_EFARSAS,agency_claim,efarsas,2018-2022,pt-BR,False,false_pure,checker,False,False,False
27844,val_calib,1,-0.12468308955430984,0.15963897109031677,0.2843220606446266,0.5706055146341786,0.412479677398363,0,0,fakes,agency_claim,desconhecido,<=2017,desconhecido,False,none,v1,False,False,False
42207,val_calib,1,-0.3977385461330414,0.5278071165084839,0.9255456626415253,0.7161707238620303,0.6744831486836976,1,1,fakes,agency_claim,desconhecido,2018-2022,desconhecido,False,false_pure,v1,False,False,False
694449160310993234,val_calib,1,-0.2822330892086029,0.2671033442020416,0.5493364334106445,0.6339816247917223,0.5233747025694183,1,0,FC_ESTADAO,agency_claim,estadao,sem_data,pt-BR,False,false_pure,checker,False,False,False
26840,val_calib,1,-0.3300412595272064,0.3683464229106903,0.6983876824378967,0.667830203723686,0.5854374597534454,1,1,fakes,agency_claim,desconhecido,2018-2022,desconhecido,False,none,v1,False,False,False
158861201634257468,val_calib,0,-0.1751113384962082,0.1913369745016098,0.366448312997818,0.5906004876731412,0.4464285867417719,0,0,EXT_LIARBR,external_claim,ext_liarbr,sem_data,pt-BR,False,true_rating,checker,False,False,False
15950,val_calib,0,-0.44287240505218506,0.5776200294494629,1.020492434501648,0.735068508638447,0.7086390656770922,1,1,FakeWhatsApp.BR_2018,whatsapp,desconhecido,2018-2022,desconhecido,False,none,v1,False,False,False
14551,val_calib,1,-0.4062451720237732,0.5600088834762573,0.9662540555000305,0.7243722223005737,0.6893837881941307,1,1,FakeWhatsApp.BR_2018,whatsapp,desconhecido,2018-2022,desconhecido,False,none,v1,False,False,False
912,val_calib,0,-0.14610359072685242,0.34269338846206665,0.48879697918891907,0.6198229904628196,0.4978471637610769,0,0,COVID19.BR,covid,desconhecido,sem_data,desconhecido,False,none,v1,False,False,False
195876264879243918,val_calib,1,-0.5924370288848877,0.6444374322891235,1.2368744611740112,0.7750195004583796,0.7779902689440583,1,1,FC_UOL,agency_claim,uol,sem_data,pt-BR,False,false_pure,checker,False,False,False
40653,val_calib,1,-0.5045068264007568,0.5954070091247559,1.0999138355255127,0.750243960619779,0.7355236451334747,1,1,fakes,agency_claim,desconhecido,2018-2022,desconhecido,True,false_pure,v1,False,False,False
10850,val_calib,0,-0.27038559317588806,0.3716922700405121,0.6420778632164001,0.6552230132689784,0.5622000996617573,1,1,FakeWhatsApp.BR_2018,whatsapp,desconhecido,2018-2022,desconhecido,False,none,v1,False,False,False
320248618443835470,val_calib,1,-0.4942941963672638,0.591772735118866,1.0860669314861298,0.7476403758941391,0.7309524046913722,1,1,FC_G1,agency_claim,g1,2018-2022,pt-BR,False,false_pure,checker,False,False,False
134596347809791209,val_calib,0,-0.19753094017505646,0.45534271001815796,0.6528736501932144,0.6576577406843012,0.56667968276043,1,1,NEWS_BRASILDEFATO,press_true,brasildefato,<=2017,pt-BR,False,none,llm_local,False,False,False
42681,val_calib,1,-0.37323349714279175,0.3881355822086334,0.7613690793514252,0.6816509019045046,0.6109804678374936,1,1,fakes,agency_claim,desconhecido,2018-2022,desconhecido,False,false_pure,v1,False,False,False
623517361292427333,val_calib,1,-0.3899225890636444,0.44939228892326355,0.839314877986908,0.698320901770738,0.6417556331493411,1,1,FC_EFARSAS,agency_claim,efarsas,<=2017,pt-BR,False,false_pure,checker,False,False,False
1119972052216164692,val_calib,1,-0.4436596930027008,0.4082917273044586,0.8519514203071594,0.7009763371325894,0.6466440755781978,1,1,FC_EFARSAS,agency_claim,efarsas,2018-2022,pt-BR,False,false_pure,checker,False,False,False
15500960183612013,val_calib,1,-0.36816224455833435,0.33609601855278015,0.7042582631111145,0.6691312068158053,0.587840169046611,1,1,FC_POLIGRAFO,agency_claim,poligrafo,>=2023,pt-BR,True,false_pure,checker,False,False,False
267214674157301376,val_calib,1,-0.5925108790397644,0.5871319770812988,1.1796428561210632,0.7648835822676283,0.7608594824099071,1,1,FC_ESTADAO,agency_claim,estadao,sem_data,pt-BR,False,false_pure,checker,False,False,False
997269183127307576,val_calib,1,-0.35608622431755066,0.5753955841064453,0.931481808423996,0.7173758155725347,0.6766790236598214,1,1,EXT_AVERITECBR,external_claim,ext_averitecbr,2018-2022,pt-BR,False,other,checker,False,False,False
841900255312367583,val_calib,0,-0.2894434332847595,0.4199652075767517,0.7094086408615112,0.6702704778917681,0.5899446763147161,1,1,NEWS_BRASILDEFATO,press_true,brasildefato,<=2017,pt-BR,False,none,llm_local,False,False,False
1079133652675877991,val_calib,0,-0.3445564806461334,0.3022748827934265,0.6468313634395599,0.6562960628434893,0.5641738023978141,1,1,EXT_LIARBR,external_claim,ext_liarbr,sem_data,pt-BR,False,true_rating,checker,False,False,False
33726,val_calib,1,-0.6175422668457031,0.6879474520683289,1.305489718914032,0.7867574439465697,0.7973480882026683,1,1,fakes,agency_claim,desconhecido,2018-2022,desconhecido,False,none,v1,False,False,False
15468,val_calib,1,-0.3864058554172516,0.4399873614311218,0.8263932168483734,0.6955917548320116,0.63672624075985,1,1,FakeWhatsApp.BR_2018,whatsapp,desconhecido,2018-2022,desconhecido,False,none,v1,False,False,False
29193,val_calib,1,-0.220683753490448,0.36406075954437256,0.5847445130348206,0.6421583864864875,0.5382572590975939,1,0,fakes,agency_claim,desconhecido,<=2017,desconhecido,False,none,v1,False,False,False
917762773605226379,val_calib,1,-0.3187648355960846,0.368562251329422,0.6873270869255066,0.6653720603917911,0.5808996078142522,1,1,FC_LUPA,agency_claim,lupa,2018-2022,pt-BR,False,false_pure,checker_match,False,False,False
591906395612911646,val_calib,1,-0.1553674340248108,0.12240161746740341,0.2777690514922142,0.5689991925429614,0.40980197529357626,0,0,EXT_LIARBR,external_claim,ext_liarbr,sem_data,pt-BR,False,false_pure,checker,False,False,False
881553462979029585,val_calib,1,-0.2608010172843933,0.3218291103839874,0.5826301276683807,0.6416723738697815,0.5373701978640909,1,0,FC_POLIGRAFO,agency_claim,poligrafo,>=2023,pt-BR,True,false_pure,checker,False,False,False
917349424905251378,val_calib,1,-0.13077616691589355,0.1574021577835083,0.28817832469940186,0.5715500982810477,0.41405786558074115,0,0,FC_POLIGRAFO,agency_claim,poligrafo,>=2023,pt-PT,True,other,checker_match,False,False,False
38098,val_calib,1,-0.4033884108066559,0.5566795468330383,0.9600679576396942,0.7231354111697248,0.6871436322023048,1,1,fakes,agency_claim,desconhecido,2018-2022,desconhecido,True,none,v1,False,False,False
42938,val_calib,1,-0.6506316661834717,0.6082691550254822,1.2589008212089539,0.7788368322403939,0.7843449657594931,1,1,fakes,agency_claim,desconhecido,2018-2022,desconhecido,False,false_pure,v1,False,False,False
260390843798532547,val_calib,1,-0.3541884124279022,0.37027740478515625,0.7244658172130585,0.6735896613783018,0.5960781008340456,1,1,FC_POLIGRAFO,agency_claim,poligrafo,>=2023,pt-BR,True,other,checker,False,False,False
1859416100703412,val_calib,1,-0.409857839345932,0.22338227927684784,0.6332401186227798,0.6532237857932655,0.5585253840437441,1,0,EXT_AVERITECBR,external_claim,ext_averitecbr,2018-2022,pt-BR,False,other,checker,False,False,False
11863,val_calib,1,-0.2375435084104538,0.4653629958629608,0.7029065042734146,0.6688318662704529,0.5872872880741378,1,1,FakeWhatsApp.BR_2018,whatsapp,desconhecido,2018-2022,desconhecido,False,none,v1,False,False,False
702595607899966907,val_calib,1,-0.09144089370965958,0.03674357011914253,0.1281844638288021,0.5320023081076218,0.3504065322072777,0,0,FC_POLIGRAFO,agency_claim,poligrafo,>=2023,pt-BR,True,false_pure,checker,False,False,False
838874677654399428,val_calib,1,-0.4622451066970825,0.5560975074768066,1.0183426141738892,0.7346496350978557,0.7078893309116472,1,1,FC_EFARSAS,agency_claim,efarsas,2018-2022,pt-BR,False,false_pure,checker,False,False,False
42773,val_calib,1,-0.2731333076953888,0.2765461802482605,0.5496794879436493,0.6340612265675368,0.5235191360031867,1,0,fakes,agency_claim,desconhecido,2018-2022,desconhecido,False,none,v1,False,False,False
12068,val_calib,1,-0.2875298261642456,0.22857975959777832,0.5161095857620239,0.6262376082789045,0.5093705985921133,1,0,FakeWhatsApp.BR_2018,whatsapp,desconhecido,2018-2022,desconhecido,False,none,v1,False,False,False
12623,val_calib,0,-0.4353336989879608,0.45925307273864746,0.8945867717266083,0.7098358135292312,0.6629079459326995,1,1,FakeWhatsApp.BR_2018,whatsapp,desconhecido,2018-2022,desconhecido,False,none,v1,False,False,False
2165,val_calib,0,-0.18677012622356415,0.20376941561698914,0.3905395418405533,0.5964125762607392,0.4564977257321214,0,0,Fake.br,portal,desconhecido,sem_data,desconhecido,False,none,v1,False,False,False
25972613004999513,val_calib,0,-0.22969453036785126,0.18628786504268646,0.4159823954105377,0.6025214738037855,0.46717036067997814,0,0,FC_POLIGRAFO,agency_claim,poligrafo,>=2023,pt-BR,True,true_rating,checker,False,False,False
433797824692881899,val_calib,1,-0.22521571815013885,0.11648476123809814,0.341700479388237,0.5846035304820456,0.4361306604046177,0,0,FC_POLIGRAFO,agency_claim,poligrafo,>=2023,pt-BR,True,false_pure,checker,False,False,False
33292,val_calib,1,-0.17252804338932037,0.2479150891304016,0.420443132519722,0.6035892827205999,0.4690449072679396,0,0,fakes,agency_claim,desconhecido,2018-2022,desconhecido,False,none,v1,False,False,False
112311430300125402,val_calib,1,-0.2741008996963501,0.3065051734447479,0.580606073141098,0.6412068518301628,0.5365208119321047,1,0,FC_BOATOS,agency_claim,boatos,2018-2022,pt-BR,False,false_pure,checker,False,False,False
7832,val_calib,1,-0.3399364650249481,0.5266886949539185,0.8666251599788666,0.7040429790886947,0.6522823030327672,1,1,Fake.br,portal,desconhecido,sem_data,desconhecido,False,none,v1,False,False,False
568204091320371702,val_calib,1,-0.4723604619503021,0.3581172525882721,0.8304777145385742,0.6964559305750165,0.6383193120192161,1,1,FC_UOL,agency_claim,uol,sem_data,pt-BR,False,false_pure,checker,False,False,False
33066,val_calib,1,-0.2647704780101776,0.3698749542236328,0.6346454322338104,0.6535420523217167,0.5591101499812846,1,0,fakes,agency_claim,desconhecido,2018-2022,desconhecido,False,false_pure,v1,False,False,False
14214,val_calib,1,-0.4593122601509094,0.5551468133926392,1.0144590735435486,0.7338918898806444,0.7065321056951784,1,1,FakeWhatsApp.BR_2018,whatsapp,desconhecido,2018-2022,desconhecido,False,none,v1,False,False,False
29119,val_calib,1,-0.31687068939208984,0.3625049889087677,0.6793756783008575,0.6635993410284527,0.5776288445123532,1,1,fakes,agency_claim,desconhecido,<=2017,desconhecido,False,none,v1,False,False,False
93032354353586888,val_calib,1,-0.3652847111225128,0.5450327396392822,0.910317450761795,0.7130651186044393,0.6688149882053436,1,1,FC_LUPA,agency_claim,lupa,>=2023,pt-BR,False,false_pure,checker_match,False,False,False
808460344950005707,val_calib,1,-0.39604803919792175,0.5688678026199341,0.9649158418178558,0.7241049582214818,0.6888999313122152,1,1,FC_ESTADAO,agency_claim,estadao,sem_data,pt-BR,False,hard,checker,False,False,False
12609,val_calib,1,-0.29018956422805786,0.36780446767807007,0.6579940319061279,0.6588096316918632,0.5688005661222291,1,1,FakeWhatsApp.BR_2018,whatsapp,desconhecido,2018-2022,desconhecido,False,none,v1,False,False,False
25527,val_calib,1,-0.3631810247898102,0.4359610676765442,0.7991420924663544,0.6897909364845005,0.6260220322632105,1,1,fakes,agency_claim,desconhecido,2018-2022,desconhecido,False,false_pure,v1,False,False,False
29571,val_calib,1,-0.39503416419029236,0.4521885812282562,0.8472227454185486,0.6999842256196115,0.6448183140135489,1,1,fakes,agency_claim,desconhecido,sem_data,desconhecido,False,none,v1,False,False,False
43128,val_calib,1,-0.44784921407699585,0.44408291578292847,0.8919321298599243,0.7092887353582406,0.6619059990202556,1,1,fakes,agency_claim,desconhecido,2018-2022,desconhecido,False,none,v1,False,False,False
551628340506504729,val_calib,1,-0.2777220904827118,0.5225963592529297,0.8003184497356415,0.6900425964925475,0.6264867473041607,1,1,FC_EFARSAS,agency_claim,efarsas,<=2017,pt-BR,False,false_pure,checker,False,False,False
47322,val_calib,0,-0.3191617429256439,0.37726351618766785,0.6964252591133118,0.6673947301405697,0.5846333664826303,1,1,true,press_true,desconhecido,2018-2022,desconhecido,False,none,v1,False,False,False
35304,val_calib,1,-0.37122464179992676,0.5890341401100159,0.9602587819099426,0.7231736145823258,0.6872128663903425,1,1,fakes,agency_claim,desconhecido,2018-2022,desconhecido,True,none,v1,False,False,False
14818,val_calib,1,-0.39365914463996887,0.45508837699890137,0.8487475216388702,0.7003043405714051,0.6454075002843129,1,1,FakeWhatsApp.BR_2018,whatsapp,desconhecido,2018-2022,desconhecido,False,none,v1,False,False,False
548651918555983203,val_calib,0,-0.14906045794487,0.304776668548584,0.453837126493454,0.6115511568896704,0.4831022895352005,0,0,NEWS_PODER360,press_true,poder360,<=2017,pt-BR,False,none,llm_local,False,False,False
389927228384452687,val_calib,1,-0.29322680830955505,0.30664029717445374,0.5998671054840088,0.6456259014663956,0.5445943428051302,1,0,FC_ESTADAO,agency_claim,estadao,sem_data,pt-BR,False,false_pure,checker,False,False,False
271173491955000594,val_calib,1,-0.30789080262184143,0.4213045537471771,0.7291953563690186,0.674628674246038,0.5979985586974326,1,1,FC_SBT,agency_claim,sbt,>=2023,pt-BR,False,false_pure,checker_match,False,False,False
278820467859247162,val_calib,0,-0.1457452028989792,0.05139018967747688,0.19713539257645607,0.5491248587528078,0.37733448830495636,0,0,FC_POLIGRAFO,agency_claim,poligrafo,2018-2022,pt-BR,True,true_rating,checker,False,False,False
122269156783343114,test,1,-0.3727020025253296,0.2978569567203522,0.6705589592456818,0.661628308228285,0.5739941766600769,1,1,FC_OBSERVADOR,agency_claim,observador,>=2023,pt-PT,True,false_pure,checker,False,False,False
48719,test,0,-0.11354569345712662,-0.12599726021289825,-0.012451566755771637,0.49688714852938703,0.29846501613061044,0,0,true,press_true,desconhecido,2018-2022,desconhecido,True,none,v1,False,False,False
11901,test,1,-0.36683791875839233,0.4918154776096344,0.8586533963680267,0.7023792334952262,0.6492244146342371,1,1,FakeWhatsApp.BR_2018,whatsapp,desconhecido,2018-2022,desconhecido,False,none,v1,False,False,False
30327,test,1,-0.4023444652557373,0.43041977286338806,0.8327642381191254,0.6969390959975872,0.6392097985043385,1,1,fakes,agency_claim,desconhecido,sem_data,desconhecido,False,none,v1,False,False,False
42807,test,1,-0.30344733595848083,0.28955525159835815,0.593002587556839,0.6440537817530387,0.541719448908671,1,0,fakes,agency_claim,desconhecido,2018-2022,desconhecido,False,false_pure,v1,False,False,False
10900,test,0,-0.23826764523983002,0.2420479655265808,0.4803156107664108,0.617822398885688,0.4942686908474823,0,0,FakeWhatsApp.BR_2018,whatsapp,desconhecido,2018-2022,desconhecido,False,none,v1,False,False,False
14672,test,0,-0.5840452313423157,0.6108053922653198,1.1948506236076355,0.7676074716936713,0.765498455545631,1,1,FakeWhatsApp.BR_2018,whatsapp,desconhecido,2018-2022,desconhecido,False,none,v1,False,False,False
1031254249520021655,test,0,-0.5049161911010742,0.8036006689071655,1.3085168600082397,0.7872648670587604,0.7981724004368819,1,1,FC_G1,agency_claim,g1,>=2023,pt-BR,False,other,checker,False,False,False
2249,test,0,-0.11396168172359467,0.036333393305540085,0.15029507502913475,0.537503199892183,0.3589476719727941,0,0,Fake.br,portal,desconhecido,sem_data,desconhecido,False,none,v1,False,False,False
1569805054861244,test,1,-0.23295322060585022,0.2440749555826187,0.47702817618846893,0.6170458767212216,0.49288178881706296,0,0,FC_POLIGRAFO,agency_claim,poligrafo,>=2023,pt-BR,True,false_pure,checker,False,False,False
42065046624503758,test,1,-0.25602439045906067,0.3248154819011688,0.5808398723602295,0.6412606380486938,0.5366189357075882,1,0,FC_BOATOS,agency_claim,boatos,2018-2022,pt-BR,False,false_pure,checker,False,False,False
836766297799272492,test,1,-0.4103366732597351,0.419399619102478,0.8297362923622131,0.6962991673434473,0.6380303607244557,1,1,FC_BOATOS,agency_claim,boatos,2018-2022,pt-BR,False,false_pure,checker,False,False,False
1147252693120567102,test,1,-0.5042109489440918,0.6227715611457825,1.1269825100898743,0.7552816022152274,0.7443148469199796,1,1,FC_LUPA,agency_claim,lupa,2018-2022,pt-BR,False,false_pure,checker_match,False,False,False
1015057432237167964,test,1,-0.2757661044597626,0.33562713861465454,0.6113932430744171,0.6482585541156348,0.5494147720169269,1,0,FC_BOATOS_VIRAL,social,boatos,<=2017,pt-BR,False,false_pure,checker,False,False,False
273605565785345364,test,1,-0.36883193254470825,0.43287599086761475,0.801707923412323,0.6903397039167757,0.6270353524415287,1,1,FC_POLIGRAFO,agency_claim,poligrafo,>=2023,pt-BR,True,false_pure,checker,False,False,False
1006854633889147979,test,0,-0.16023971140384674,0.13331420719623566,0.2935539186000824,0.5728659675677724,0.4162607852358038,0,0,FC_POLIGRAFO,agency_claim,poligrafo,>=2023,pt-BR,True,true_rating,checker,False,False,False
1106090741943572555,test,0,-0.30484479665756226,0.3644964396953583,0.6693412363529205,0.6613556353114531,0.5734915355114554,1,1,FC_POLIGRAFO,agency_claim,poligrafo,>=2023,pt-BR,True,true_rating,checker,False,False,False
16163,test,1,-0.24286404252052307,0.47406110167503357,0.7169251441955566,0.6719295538320921,0.5930100903914858,1,1,FakeWhatsApp.BR_2018,whatsapp,desconhecido,2018-2022,desconhecido,False,none,v1,False,False,False
735315940184294175,test,0,-0.26378610730171204,0.4016064703464508,0.6653925776481628,0.6604707138283183,0.5718606027074378,1,1,NEWS_BRASILDEFATO,press_true,brasildefato,2018-2022,pt-BR,False,none,llm_local,False,False,False
289738113750035171,test,1,-0.504557192325592,0.6272871494293213,1.1318443417549133,0.7561791052082966,0.7458733602639709,1,1,FC_COMPROVA,agency_claim,comprova,2018-2022,pt-BR,False,other,checker,False,False,False
31969,test,1,-0.5364874601364136,0.653627872467041,1.1901153326034546,0.7667616907383659,0.7640607248389442,1,1,fakes,agency_claim,desconhecido,2018-2022,desconhecido,True,hard,v1,False,False,False
370702096242776759,test,1,-0.2892285883426666,0.3464331030845642,0.6356616914272308,0.6537721227254777,0.5595329241804556,1,0,FC_G1,agency_claim,g1,>=2023,pt-BR,False,false_pure,checker,False,False,False
25550,test,1,-0.3605533242225647,0.37980833649635315,0.7403616607189178,0.6770749364171225,0.6025206950635573,1,1,fakes,agency_claim,desconhecido,2018-2022,desconhecido,False,none,v1,False,False,False
725945250992246996,test,1,-0.1753193587064743,0.19835534691810608,0.3736747056245804,0.5923466175435129,0.44944469082070415,0,0,FC_BOATOS,agency_claim,boatos,<=2017,pt-BR,False,false_pure,checker,False,False,False
49529,test,0,-0.2473159283399582,0.3186875879764557,0.5660035163164139,0.6378404969388634,0.5303869295503533,1,0,true,press_true,desconhecido,2018-2022,desconhecido,True,none,v1,False,False,False
2657,test,0,-0.3649108111858368,0.5833218693733215,0.9482326805591583,0.720759616952801,0.6828333701721767,1,1,Fake.br,portal,desconhecido,sem_data,desconhecido,False,none,v1,False,False,False
35048,test,1,-0.5799869298934937,0.3597632348537445,0.9397501647472382,0.7190491890972146,0.6797246730906101,1,1,fakes,agency_claim,desconhecido,sem_data,desconhecido,False,none,v1,False,False,False
762425503385805928,test,0,-0.45949098467826843,0.47251787781715393,0.9320088624954224,0.7174826623583944,0.6768736152807409,1,1,NEWS_BRASILDEFATO,press_true,brasildefato,<=2017,pt-BR,False,none,llm_local,False,False,False
55921052763088661,test,1,-0.47047027945518494,0.5420109033584595,1.0124811828136444,0.7335054398829967,0.7058394545298158,1,1,FC_EFARSAS,agency_claim,efarsas,2018-2022,pt-BR,False,hard,checker,False,False,False
2495,test,0,-0.09115026891231537,0.3230634927749634,0.41421376168727875,0.6020978281613574,0.46642737691425956,0,0,Fake.br,portal,desconhecido,sem_data,desconhecido,False,none,v1,False,False,False
535323650270604070,test,1,-0.2518121600151062,0.2521447241306305,0.5039568841457367,0.6233887620895834,0.5042437655098974,1,0,FC_ESTADAO,agency_claim,estadao,sem_data,pt-BR,False,hard,checker,False,False,False
40594,test,1,-0.38988184928894043,0.3682088255882263,0.7580906748771667,0.6809390551777901,0.6096644930074291,1,1,fakes,agency_claim,desconhecido,2018-2022,desconhecido,True,false_pure,v1,False,False,False
25080,test,1,-0.28844568133354187,0.3875655233860016,0.6760112047195435,0.6628478589823943,0.5762428190331029,1,1,fakes,agency_claim,desconhecido,2018-2022,desconhecido,False,none,v1,False,False,False
2117,test,0,-0.28614693880081177,0.373220294713974,0.6593672335147858,0.6591182319167647,0.5693689263927308,1,1,Fake.br,portal,desconhecido,sem_data,desconhecido,False,none,v1,False,False,False
1022190831666181514,test,1,-0.6737771034240723,0.7086056470870972,1.3823827505111694,0.799373407806144,0.8175120505685893,1,1,FC_G1,agency_claim,g1,>=2023,pt-BR,False,false_pure,checker,False,False,False
34681,test,1,-0.5154355764389038,0.4407701790332794,0.9562057554721832,0.7223614914042605,0.6857405705228359,1,1,fakes,agency_claim,desconhecido,2018-2022,desconhecido,False,false_pure,v1,False,False,False
11225,test,1,-0.15623731911182404,0.33018723130226135,0.4864245504140854,0.619263786828222,0.49684614673664235,0,0,FakeWhatsApp.BR_2018,whatsapp,desconhecido,2018-2022,desconhecido,False,none,v1,False,False,False
29598,test,1,-0.47282135486602783,0.49324697256088257,0.9660683274269104,0.7243351388257736,0.6893166593506151,1,1,fakes,agency_claim,desconhecido,sem_data,desconhecido,False,other,v1,False,False,False
30242,test,1,-0.28563955426216125,0.2740723788738251,0.5597119331359863,0.6363858845480932,0.5277411743636161,1,0,fakes,agency_claim,desconhecido,sem_data,desconhecido,False,none,v1,False,False,False
44171,test,1,-0.14638741314411163,-0.06123730167746544,0.0851501114666462,0.521274675010276,0.3340584211584533,0,0,fakes,agency_claim,desconhecido,2018-2022,desconhecido,False,false_pure,v1,False,False,False
134754057893377672,test,0,-0.1268235743045807,-0.009245730005204678,0.11757784429937601,0.5293606440594686,0.3463426751070337,0,0,FC_POLIGRAFO,agency_claim,poligrafo,>=2023,pt-BR,True,true_rating,checker,False,False,False
494313349259137997,test,1,-0.6209547519683838,0.7037013173103333,1.324656069278717,0.789955312097066,0.8025249164116548,1,1,FC_EFARSAS,agency_claim,efarsas,<=2017,pt-BR,False,false_pure,checker,False,False,False
539611823261223257,test,1,-0.2831970155239105,0.3662157952785492,0.6494128108024597,0.6568781287330836,0.5652447989420536,1,1,FC_LUPA,agency_claim,lupa,>=2023,pt-BR,False,false_pure,checker_match,False,False,False
28022,test,1,-0.3175017535686493,0.30388933420181274,0.621391087770462,0.6505348636186157,0.5535885758817466,1,0,fakes,agency_claim,desconhecido,<=2017,desconhecido,False,none,v1,False,False,False
133264882786083881,test,1,-0.5269092321395874,0.7861669063568115,1.313076138496399,0.7880274498958331,0.7994091921104709,1,1,FC_EFARSAS,agency_claim,efarsas,2018-2022,pt-BR,False,false_pure,checker,False,False,False
559652153268773935,test,0,-0.19819845259189606,0.2154441624879837,0.41364261507987976,0.6019609871467518,0.46618747609445443,0,0,FC_POLIGRAFO,agency_claim,poligrafo,>=2023,pt-BR,True,true_rating,checker,False,False,False
38969,test,1,-0.22178973257541656,0.23990455269813538,0.46169428527355194,0.613416030658029,0.48641452227288173,0,0,fakes,agency_claim,desconhecido,2018-2022,desconhecido,False,false_pure,v1,False,False,False
32288,test,1,-0.41252216696739197,0.492669939994812,0.905192106962204,0.7120153124550818,0.6668960884345283,1,1,fakes,agency_claim,desconhecido,2018-2022,desconhecido,False,false_pure,v1,False,False,False
335287467520931126,test,0,-0.4115137755870819,0.3626589775085449,0.7741727530956268,0.684422852009309,0.6161043225063686,1,1,NEWS_ECO,press_true,eco,2018-2022,pt-PT,True,none,llm_local,False,False,False
1041741808392466843,test,1,-0.3928540050983429,0.5286083817481995,0.9214623868465424,0.7153399833727856,0.6729682109914648,1,1,EXT_LIARBR,external_claim,ext_liarbr,sem_data,pt-BR,False,false_pure,checker,False,False,False
50822260814683294,test,1,-0.26608777046203613,0.46220865845680237,0.7282964289188385,0.6744313243659812,0.5976337732271824,1,1,FC_BOATOS,agency_claim,boatos,>=2023,pt-BR,False,false_pure,checker,False,False,False
274573342319610164,test,0,-0.16331489384174347,0.3572694659233093,0.5205843597650528,0.6272843990147788,0.5112579223135287,1,0,EXT_LIARBR,external_claim,ext_liarbr,sem_data,pt-BR,False,true_rating,checker,False,False,False
557342336016722732,test,1,-0.5349174737930298,0.5780161619186401,1.11293363571167,0.7526756271932784,0.739776192293098,1,1,FC_BOATOS_VIRAL,social,boatos,>=2023,pt-BR,False,false_pure,checker,False,False,False
976383472354677352,test,1,-0.6329959034919739,0.6017580032348633,1.2347539067268372,0.774649535898531,0.7773714720834348,1,1,FC_UOL,agency_claim,uol,sem_data,pt-BR,False,false_pure,checker,False,False,False
5869,test,0,-0.31686604022979736,0.15987226366996765,0.476738303899765,0.6169773774996528,0.49275950251709155,0,0,Fake.br,portal,desconhecido,sem_data,desconhecido,False,none,v1,False,False,False
818333909902087713,test,1,-0.4854436218738556,0.6037203669548035,1.089163988828659,0.7482242625652148,0.7319791509766254,1,1,FC_G1,agency_claim,g1,2018-2022,pt-BR,False,false_pure,checker,False,False,False
6750,test,1,-0.2361648976802826,0.4241684675216675,0.6603333652019501,0.6593352703434715,0.5697686933375448,1,1,Fake.br,portal,desconhecido,sem_data,desconhecido,False,none,v1,False,False,False
236322495958200973,test,1,-0.24813193082809448,0.18581503629684448,0.43394696712493896,0.6068157728266841,0.47472476780825434,0,0,FC_G1,agency_claim,g1,2018-2022,pt-BR,False,false_pure,checker,False,False,False
914382845270207003,test,1,-0.437030553817749,0.6206196546554565,1.0576502084732056,0.7422412410700471,0.7214164067442231,1,1,FC_ESTADAO,agency_claim,estadao,sem_data,pt-BR,False,hard,checker,False,False,False
13573,test,0,-0.1614048033952713,0.39434149861335754,0.5557463020086288,0.635467746527786,0.5260727249310163,1,0,FakeWhatsApp.BR_2018,whatsapp,desconhecido,2018-2022,desconhecido,False,none,v1,False,False,False
862830265705924075,test,1,-0.08720651268959045,-0.011247421614825726,0.07595909107476473,0.518980647460601,0.3306163667676037,0,0,FC_POLIGRAFO,agency_claim,poligrafo,>=2023,pt-BR,True,false_pure,checker,False,False,False
86812692956553734,test,1,-0.4168787896633148,0.29801130294799805,0.7148900926113129,0.6714807897346349,0.5921808506020377,1,1,FC_BOATOS_VIRAL,social,boatos,>=2023,pt-BR,False,false_pure,checker,False,False,False
116890847434793758,test,0,-0.22414828836917877,0.1526462733745575,0.37679456174373627,0.5930997581624063,0.4507479987797546,0,0,FC_POLIGRAFO,agency_claim,poligrafo,>=2023,pt-BR,True,true_rating,checker,False,False,False
793052646068538358,test,1,-0.279553085565567,0.36132776737213135,0.6408808529376984,0.6549525514645589,0.5617027755283647,1,1,FC_BOATOS,agency_claim,boatos,2018-2022,pt-BR,False,false_pure,checker,False,False,False
735937467145226719,test,1,-0.5493181347846985,0.6387597918510437,1.1880779266357422,0.7663971267065885,0.7634402553314451,1,1,FC_AFP,agency_claim,afp,2018-2022,pt-BR,False,false_pure,checker,False,False,False
48001,test,0,-0.27827924489974976,0.36521267890930176,0.6434919238090515,0.6555423876270381,0.5627874410038398,1,1,true,press_true,desconhecido,2018-2022,desconhecido,False,none,v1,False,False,False
173478119319707691,test,1,-0.4387436509132385,0.5963592529296875,1.035102903842926,0.7379040034554786,0.7137041961945285,1,1,FC_G1,agency_claim,g1,2018-2022,pt-BR,False,false_pure,checker_match,False,False,False
86381709494020269,test,1,-0.6001022458076477,0.7259997725486755,1.3261020183563232,0.790195131934887,0.8029113934881802,1,1,FC_G1,agency_claim,g1,>=2023,pt-BR,False,false_pure,checker,False,False,False
41896,test,1,-0.23525051772594452,0.2988293468952179,0.5340798646211624,0.6304341718781541,0.5169477542903056,1,0,fakes,agency_claim,desconhecido,2018-2022,desconhecido,True,false_pure,v1,False,False,False
353200048822384483,test,1,-0.6387814283370972,0.8138632774353027,1.4526447057724,0.8104051231078601,0.8345425322336437,1,1,FC_BOATOS,agency_claim,boatos.org,>=2023,pt-BR,False,false_pure,checker_match,False,False,False
800838949357489795,test,1,-0.3630966246128082,0.4734243154525757,0.8365209400653839,0.6977319802297365,0.6406707672425616,1,1,FC_COMPROVA,agency_claim,comprova,>=2023,pt-BR,False,other,checker,False,False,False
11592,test,1,-0.4392220675945282,0.5645021796226501,1.0037242472171783,0.7317901796728395,0.7027613845292091,1,1,FakeWhatsApp.BR_2018,whatsapp,desconhecido,2018-2022,desconhecido,False,none,v1,False,False,False
34825,test,1,-0.6977778673171997,0.8030465841293335,1.5008244514465332,0.8176974080082451,0.8454677551763068,1,1,fakes,agency_claim,desconhecido,2018-2022,desconhecido,False,other,v1,False,False,False
36476,test,1,-0.30223870277404785,0.18307122588157654,0.4853099286556244,0.6190009506896013,0.49637585409002644,0,0,fakes,agency_claim,desconhecido,2018-2022,desconhecido,True,none,v1,False,False,False
30080,test,1,-0.27507492899894714,0.3371719717979431,0.6122469007968903,0.6484531799942133,0.5497714289807949,1,0,fakes,agency_claim,desconhecido,sem_data,desconhecido,False,none,v1,False,False,False
1131459240286721654,test,1,-0.2808516025543213,0.19203749299049377,0.47288909554481506,0.6160673382095988,0.4911357529835138,0,0,FC_ESTADAO,agency_claim,estadao,sem_data,pt-BR,False,false_pure,checker,False,False,False
184846006299713464,test,1,-0.221610888838768,0.5156188607215881,0.7372297495603561,0.6763897819565567,0.6012540615343659,1,1,FC_BOATOS,agency_claim,boatos,>=2023,pt-BR,False,false_pure,checker,False,False,False
24740,test,1,0.061700161546468735,-0.25709787011146545,-0.3187980316579342,0.42096870464368613,0.20235029497513568,0,0,fakes,agency_claim,desconhecido,2018-2022,desconhecido,False,none,v1,False,False,False
270758189617369981,test,1,-0.42906782031059265,0.4551716148853302,0.8842394351959229,0.7076999652952638,0.6589943386171346,1,1,FC_BOATOS,agency_claim,boatos,<=2017,pt-BR,False,false_pure,checker,False,False,False
28881,test,1,-0.46769121289253235,0.45873627066612244,0.9264274835586548,0.7163499376181878,0.674809836378322,1,1,fakes,agency_claim,desconhecido,2018-2022,desconhecido,False,none,v1,False,False,False
874362052662996959,test,1,-0.3195851147174835,0.3705316483974457,0.6901167631149292,0.6659929007847505,0.5820454568314198,1,1,FC_BOATOS,agency_claim,boatos,2018-2022,pt-BR,False,false_pure,checker,False,False,False
33146,test,1,-0.35928672552108765,0.49834856390953064,0.8576352894306183,0.7021663618848052,0.6488329887733176,1,1,fakes,agency_claim,desconhecido,2018-2022,desconhecido,False,none,v1,False,False,False
195002263531552917,test,1,-0.4493415355682373,0.5290836095809937,0.978425145149231,0.7267956189757089,0.6937653988609271,1,1,FC_BOATOS_VIRAL,social,boatos,<=2017,pt-BR,False,false_pure,checker,False,False,False
34635,test,1,-0.5822159051895142,0.6488680243492126,1.2310839295387268,0.7740082309814035,0.7762976339226265,1,1,fakes,agency_claim,desconhecido,2018-2022,desconhecido,False,none,v1,False,False,False
198762970100969345,test,1,-0.2622906267642975,0.39262428879737854,0.654914915561676,0.6581171713954307,0.5675254806983225,1,1,FC_BOATOS,agency_claim,boatos.org,>=2023,pt-BR,False,false_pure,checker_match,False,False,False
519752700545467462,test,1,-0.6382088661193848,0.7347129583358765,1.3729218244552612,0.7978518081136223,0.8151177377974577,1,1,FC_BOATOS,agency_claim,boatos,2018-2022,pt-BR,False,false_pure,checker,False,False,False
34499,test,1,-0.4128192961215973,0.42352548241615295,0.8363447785377502,0.6976948261058772,0.6406023166305994,1,1,fakes,agency_claim,desconhecido,2018-2022,desconhecido,False,false_pure,v1,False,False,False
42723,test,1,-0.37553706765174866,0.3466399013996124,0.7221769690513611,0.6730862202400013,0.5951476383230313,1,1,fakes,agency_claim,desconhecido,2018-2022,desconhecido,False,false_pure,v1,False,False,False
15357,test,0,-0.332317590713501,0.30801087617874146,0.6403284668922424,0.6548277072214117,0.5614732327736279,1,1,FakeWhatsApp.BR_2018,whatsapp,desconhecido,2018-2022,desconhecido,False,none,v1,False,False,False
452826529872886069,test,1,-0.23248419165611267,0.25357428193092346,0.48605847358703613,0.6191774708760814,0.4966916871903055,0,0,FC_POLIGRAFO,agency_claim,poligrafo,>=2023,pt-BR,True,hard,checker,False,False,False
76997326615110573,test,1,-0.43576475977897644,0.45177653431892395,0.8875412940979004,0.7083825215052253,0.6602455672364873,1,1,FC_BOATOS,agency_claim,boatos.org,>=2023,pt-BR,False,false_pure,checker_match,False,False,False
41344,test,1,-0.07163053005933762,0.021048281341791153,0.09267881140112877,0.5231531326689379,0.33689118296949666,0,0,fakes,agency_claim,desconhecido,2018-2022,desconhecido,True,true_rating,v1,False,False,False
1104020618450879530,test,1,-0.2402266412973404,0.3758745491504669,0.6161011904478073,0.6493313067005325,0.5513811035821715,1,0,FC_BOATOS,agency_claim,boatos.org,2018-2022,pt-BR,False,false_pure,checker_match,False,False,False
121185441330015810,test,1,-0.5082979202270508,0.4496666491031647,0.9579645693302155,0.7227140929725752,0.686379935696515,1,1,FC_AFP,agency_claim,afp,>=2023,pt-BR,False,hard,checker,False,False,False
436664455623506320,test,1,-0.07951482385396957,-0.010689261369407177,0.0688255624845624,0.5171996016744691,0.32795726799040725,0,0,FC_POLIGRAFO,agency_claim,poligrafo,>=2023,pt-BR,True,other,checker,False,False,False
988727617480169594,test,1,-0.4104372262954712,0.4246531128883362,0.8350903391838074,0.6974301782301273,0.640114717146402,1,1,FC_BOATOS,agency_claim,boatos,2018-2022,pt-BR,False,false_pure,checker,False,False,False
354281317124980973,test,1,-0.6586748957633972,0.8018472790718079,1.460522174835205,0.8116125270739282,0.8363702469209596,1,1,FC_BOATOS,agency_claim,boatos,2018-2022,pt-BR,False,false_pure,checker,False,False,False
413825412739435129,test,1,-0.39282938838005066,0.49687352776527405,0.8897029161453247,0.7088288610829936,0.6610634983383933,1,1,FC_G1,agency_claim,g1,2018-2022,pt-BR,False,false_pure,checker,False,False,False
31524,test,1,-0.4176722764968872,0.5607670545578003,0.9784393310546875,0.7267984357731915,0.6937704856366425,1,1,fakes,agency_claim,desconhecido,sem_data,desconhecido,False,false_pure,v1,False,False,False
29022,test,1,-0.3891882300376892,0.6074605584144592,0.9966487884521484,0.7303991804767502,0.70026083155919,1,1,fakes,agency_claim,desconhecido,2018-2022,desconhecido,False,false_pure,v1,False,False,False
1055018536007902887,test,1,-0.3977246582508087,0.6949753761291504,1.092700034379959,0.7488898146302712,0.7331483909212229,1,1,FC_AOSFATOS,agency_claim,aosfatos,2018-2022,pt-BR,False,false_pure,checker,False,False,False
32042,test,1,-0.19306346774101257,0.30645716190338135,0.4995206296443939,0.6223466707773783,0.5023719734819851,1,0,fakes,agency_claim,desconhecido,2018-2022,desconhecido,False,none,v1,False,False,False
431193023397396094,test,1,-0.24916972219944,0.33949244022369385,0.5886621624231339,0.6430581247911853,0.5399002106475087,1,0,FC_POLIGRAFO,agency_claim,poligrafo,>=2023,pt-BR,True,false_pure,checker,False,False,False
900262039866013597,test,1,-0.5861121416091919,0.7026254534721375,1.2887375950813293,0.7839334374014401,0.7927409983755476,1,1,FC_BOATOS,agency_claim,boatos,<=2017,pt-BR,False,false_pure,checker,False,False,False
69043629770528716,test,1,-0.5190661549568176,0.5356460809707642,1.0547122359275818,0.7416787506496819,0.7204187385403908,1,1,FC_G1,agency_claim,g1,>=2023,pt-BR,False,false_pure,checker,False,False,False
90352520762704691,test,1,-0.5097979307174683,0.6067197322845459,1.1165176630020142,0.7533422075255514,0.7409390017411107,1,1,FC_LUPA,agency_claim,lupa,>=2023,pt-BR,False,false_pure,checker_match,False,False,False
242114180629803494,test,1,-0.4997026026248932,0.5620669722557068,1.0617695748806,0.7430285681062633,0.7228115629051532,1,1,FC_BOATOS,agency_claim,boatos,>=2023,pt-BR,False,false_pure,checker,False,False,False
499670305084708414,test,0,-0.5103474855422974,0.5864036083221436,1.096751093864441,0.7496508636223945,0.7344839328368545,1,1,EXT_AVERITECBR,external_claim,ext_averitecbr,2018-2022,pt-BR,False,other,checker,False,False,False
495754950951022000,test,1,-0.6853182315826416,0.7232198715209961,1.4085381031036377,0.8035352617178246,0.8240057919321484,1,1,FC_BOATOS,agency_claim,boatos,>=2023,pt-BR,False,false_pure,checker,False,False,False
783150770056609412,test,1,-0.3479948341846466,0.255217969417572,0.6032128036022186,0.6463910006143625,0.5459944730696461,1,0,FC_POLIGRAFO,agency_claim,poligrafo,>=2023,pt-BR,True,false_pure,checker,False,False,False
47935,test,0,-0.15827956795692444,0.29433050751686096,0.4526100754737854,0.6112596232729457,0.4825851453817836,0,0,true,press_true,desconhecido,2018-2022,desconhecido,False,none,v1,False,False,False
31542,test,1,-0.2833165228366852,0.3739033043384552,0.6572198271751404,0.6586355849482944,0.5684800472144533,1,1,fakes,agency_claim,desconhecido,sem_data,desconhecido,False,none,v1,False,False,False
31235,test,1,-0.526179313659668,0.7258248329162598,1.2520041465759277,0.7776465957271834,0.7823695341211051,1,1,fakes,agency_claim,desconhecido,sem_data,desconhecido,False,none,v1,False,False,False
38773,test,1,-0.3610844910144806,0.47403404116630554,0.8351185321807861,0.6974361275205827,0.6401256789217166,1,1,fakes,agency_claim,desconhecido,2018-2022,desconhecido,False,false_pure,v1,False,False,False
25442,test,1,-0.3735998570919037,0.4118330478668213,0.785432904958725,0.6868498464619905,0.6205893188655084,1,1,fakes,agency_claim,desconhecido,2018-2022,desconhecido,False,none,v1,False,False,False
510248002384152893,test,1,-0.4097907841205597,0.4741155207157135,0.8839063048362732,0.7076310489399761,0.6588679764840966,1,1,FC_BOATOS,agency_claim,boatos,>=2023,pt-BR,False,false_pure,checker,False,False,False
29162,test,1,-0.1312182992696762,0.046604473143815994,0.1778227724134922,0.5443389181152272,0.36970717037925105,0,0,fakes,agency_claim,desconhecido,2018-2022,desconhecido,False,none,v1,False,False,False
43173,test,1,-0.46453478932380676,0.5552505254745483,1.019785314798355,0.7349307792822953,0.7083925877111564,1,1,fakes,agency_claim,desconhecido,2018-2022,desconhecido,False,false_pure,v1,False,False,False
560751530620988427,test,1,-0.4773288667201996,0.48624497652053833,0.9635738432407379,0.7238367772002859,0.6884142911184115,1,1,FC_G1,agency_claim,g1,2018-2022,pt-BR,False,false_pure,checker,False,False,False
1011983947074520614,test,0,-0.15016445517539978,0.09737831354141235,0.24754276871681213,0.5615716004042701,0.39752222303092727,0,0,EXT_LIARBR,external_claim,ext_liarbr,sem_data,pt-BR,False,true_rating,checker,False,False,False
762739579704193904,test,1,-0.1869213581085205,0.09107477962970734,0.27799613773822784,0.5690548820993254,0.40989467925362966,0,0,EXT_AVERITECBR,external_claim,ext_averitecbr,2018-2022,pt-BR,False,other,checker,False,False,False
7136,test,1,-0.39470386505126953,0.35407525300979614,0.7487791180610657,0.67891261693888,0.6059181106446261,1,1,Fake.br,portal,desconhecido,sem_data,desconhecido,False,none,v1,False,False,False
748691079506944646,test,1,-0.15979048609733582,0.16572305560112,0.3255135416984558,0.5806673536929928,0.42942415429642977,0,0,FC_POLIGRAFO,agency_claim,poligrafo,>=2023,pt-BR,True,other,checker,False,False,False
47892,test,0,-0.05379675701260567,0.1717732548713684,0.22557001188397408,0.5561546005749627,0.3886749246748197,0,0,true,press_true,desconhecido,2018-2022,desconhecido,False,none,v1,False,False,False
424919718222797606,test,1,-0.26824691891670227,0.3822842538356781,0.6505311727523804,0.657130151254508,0.5657085989807012,1,1,FC_LUPA,agency_claim,lupa,>=2023,pt-BR,False,false_pure,checker_match,False,False,False
26729,test,1,-0.3360314667224884,0.3449625074863434,0.6809939742088318,0.6639605060311008,0.5782950824554979,1,1,fakes,agency_claim,desconhecido,2018-2022,desconhecido,False,none,v1,False,False,False
36129,test,1,-0.17519859969615936,0.14068612456321716,0.3158847242593765,0.5783210018289842,0.42544687518062696,0,0,fakes,agency_claim,desconhecido,2018-2022,desconhecido,True,none,v1,False,False,False
172702851411599987,test,1,-0.3588041663169861,0.5235597491264343,0.8823639154434204,0.7073118428430637,0.6582826273621346,1,1,FC_BOATOS,agency_claim,boatos.org,>=2023,pt-BR,False,false_pure,checker_match,False,False,False
201142213589711728,test,1,-0.23304645717144012,0.2900225520133972,0.5230690091848373,0.6278651228169911,0.5123057368245459,1,0,FC_POLIGRAFO,agency_claim,poligrafo,>=2023,pt-BR,True,false_pure,checker,False,False,False
670307184777041180,test,1,-0.4628841280937195,0.4425196349620819,0.9054037630558014,0.7120587104851681,0.6669754414490536,1,1,EXT_LIARBR,external_claim,ext_liarbr,sem_data,pt-BR,False,false_pure,checker,False,False,False
35567,test,1,-0.5534877181053162,0.5440927147865295,1.0975804328918457,0.7498064771372003,0.734756820099674,1,1,fakes,agency_claim,desconhecido,2018-2022,desconhecido,True,none,v1,False,False,False
437232372194471314,test,1,-0.42971062660217285,0.5423053503036499,0.9720159769058228,0.725521142332816,0.6914623867429738,1,1,FC_BEREIA,agency_claim,bereia,>=2023,pt-BR,False,hard,checker,False,False,False
725375932461632117,test,1,-0.5269762277603149,0.7787930369377136,1.3057692646980286,0.7868043396302604,0.7974243156407861,1,1,FC_EFARSAS,agency_claim,efarsas,<=2017,pt-BR,False,false_pure,checker,False,False,False
26923,test,1,-0.30937254428863525,0.3949611485004425,0.7043336927890778,0.669147906328765,0.5878710139181978,1,1,fakes,agency_claim,desconhecido,2018-2022,desconhecido,False,false_pure,v1,False,False,False
90128152540425105,test,0,-0.6126720905303955,0.7875586748123169,1.4002307653427124,0.8022205049797794,0.8219632006704234,1,1,FC_EFARSAS,agency_claim,efarsas,>=2023,pt-BR,False,true_rating,checker,False,False,False
77147862529692086,test,0,-0.2892421782016754,0.27053889632225037,0.5597810745239258,0.6364018836376735,0.5277702586489263,1,0,EXT_AVERITECBR,external_claim,ext_averitecbr,2018-2022,pt-BR,False,other,checker,False,False,False
306922229848857157,test,1,-0.5498355031013489,0.5778342485427856,1.1276697516441345,0.7554086036814175,0.7445355300559019,1,1,FC_BOATOS,agency_claim,boatos,2018-2022,pt-BR,False,false_pure,checker,False,False,False
764977391401171482,test,1,-0.5364562273025513,0.6316193342208862,1.1680755615234375,0.7627969882901025,0.7572891089944257,1,1,FC_G1,agency_claim,g1,2018-2022,pt-BR,False,false_pure,checker_match,False,False,False
686831464021020418,test,1,-0.2255919724702835,0.16085368394851685,0.38644565641880035,0.5954267714235252,0.4547839102390075,0,0,FC_POLIGRAFO,agency_claim,poligrafo,>=2023,pt-BR,True,other,checker,False,False,False
121344475474357289,test,1,-0.6571884155273438,0.7901825904846191,1.447371006011963,0.809593499475442,0.8333098158485829,1,1,FC_G1,agency_claim,g1,>=2023,pt-BR,False,false_pure,checker,False,False,False
683026797895294628,test,1,-0.11868750303983688,0.21798911690711975,0.33667661994695663,0.5833830089898723,0.4340465750991769,0,0,EXT_LIARBR,external_claim,ext_liarbr,sem_data,pt-BR,False,false_pure,checker,False,False,False
47959,test,0,-0.41998258233070374,0.5925751328468323,1.012557715177536,0.7335203997955136,0.7058662736533274,1,1,true,press_true,desconhecido,<=2017,desconhecido,False,none,v1,False,False,False
2245,test,0,-0.6078187227249146,0.6831837296485901,1.2910024523735046,0.7843168163105465,0.7933683629075688,1,1,Fake.br,portal,desconhecido,sem_data,desconhecido,False,none,v1,False,False,False
250944563530900413,test,1,-0.2595807611942291,0.4660608768463135,0.7256416380405426,0.6738481323541148,0.5965558274302659,1,1,FC_LUPA,agency_claim,lupa,>=2023,pt-BR,False,false_pure,checker_match,False,False,False
43151,test,1,-0.5118889808654785,0.621327817440033,1.1332167983055115,0.7564320591556208,0.7463121809241189,1,1,fakes,agency_claim,desconhecido,2018-2022,desconhecido,False,hard,v1,False,False,False
33541,test,1,-0.44128677248954773,0.4628426134586334,0.9041293859481812,0.7117973529461499,0.6664975155684743,1,1,fakes,agency_claim,desconhecido,2018-2022,desconhecido,False,false_pure,v1,False,False,False
748146212696803689,test,1,-0.6132969260215759,0.6301862597465515,1.2434831857681274,0.7761697311636774,0.7799108623324781,1,1,FC_BOATOS,agency_claim,boatos,<=2017,pt-BR,False,false_pure,checker,False,False,False
683497692487049802,test,0,-0.2787632942199707,0.36372023820877075,0.6424835324287415,0.6553146505318983,0.5623686155138776,1,1,NEWS_BRASILDEFATO,press_true,brasildefato,<=2017,pt-BR,False,none,llm_local,False,False,False
311309167171828001,test,0,-0.24682974815368652,0.22953905165195465,0.4763687998056412,0.6168900538883754,0.49260362378844125,0,0,FC_POLIGRAFO,agency_claim,poligrafo,2018-2022,pt-BR,True,true_rating,checker,False,False,False
658665937877187736,test,1,-0.5124277472496033,0.5492994785308838,1.061727225780487,0.74302048200804,0.7227972419511008,1,1,FC_ESTADAO,agency_claim,estadao,sem_data,pt-BR,False,hard,checker,False,False,False
40882,test,1,-0.3357219696044922,0.3118818998336792,0.6476038694381714,0.6564702971661714,0.5644943646329362,1,1,fakes,agency_claim,desconhecido,2018-2022,desconhecido,True,false_pure,v1,False,False,False
3822,test,1,-0.3374256193637848,0.3753199875354767,0.7127456068992615,0.6710075544817476,0.5913064504418187,1,1,Fake.br,portal,desconhecido,sem_data,desconhecido,False,none,v1,False,False,False
1131520744451893500,test,0,-0.27744898200035095,0.28645363450050354,0.5639026165008545,0.6373550486849684,0.5295036354666008,1,0,FC_POLIGRAFO,agency_claim,poligrafo,>=2023,pt-BR,True,true_rating,checker,False,False,False
1075832381328231256,test,1,-0.22872565686702728,0.2956618666648865,0.5243875235319138,0.6281731423928519,0.5128617310757971,1,0,FC_BOATOS_VIRAL,social,boatos,>=2023,pt-BR,False,false_pure,checker,False,False,False
1085987034940484945,test,1,-0.5817431211471558,0.820475697517395,1.4022188186645508,0.8025357455095659,0.8224537034753127,1,1,FC_EFARSAS,agency_claim,efarsas,2018-2022,pt-BR,False,false_pure,checker,False,False,False
32049,test,1,-0.5998004078865051,0.8593766093254089,1.459177017211914,0.8114067694413719,0.8360592999886732,1,1,fakes,agency_claim,desconhecido,2018-2022,desconhecido,False,none,v1,False,False,False
5562,test,1,-0.204888254404068,0.31369903683662415,0.5185872912406921,0.6268173684644628,0.5104156559350398,1,0,Fake.br,portal,desconhecido,sem_data,desconhecido,False,none,v1,False,False,False
1094274609181303558,test,1,-0.3794771134853363,0.5014302730560303,0.8809073865413666,0.7070102185844377,0.6577294199258426,1,1,FC_BOATOS,agency_claim,boatos,2018-2022,pt-BR,False,false_pure,checker,False,False,False
7629,test,0,-0.2853672504425049,0.28690895438194275,0.5722762048244476,0.6392882314655517,0.5330230400422257,1,0,Fake.br,portal,desconhecido,sem_data,desconhecido,False,none,v1,False,False,False
788370095280628629,test,1,-0.13616226613521576,0.03728609159588814,0.1734483577311039,0.543253705526072,0.3679883864264538,0,0,FC_POLIGRAFO,agency_claim,poligrafo,>=2023,pt-BR,True,other,checker,False,False,False
47169,test,0,-0.33081382513046265,0.3756917417049408,0.7065055668354034,0.6696285585559728,0.5887588445758243,1,1,true,press_true,desconhecido,2018-2022,desconhecido,False,none,v1,False,False,False
1030442025660329176,test,1,-0.36900052428245544,0.35211801528930664,0.7211185395717621,0.6728532795362604,0.5947171338425804,1,1,EXT_LIARBR,external_claim,ext_liarbr,sem_data,pt-BR,False,false_pure,checker,False,False,False
1059397571560360388,test,1,-0.45689302682876587,0.5461899042129517,1.0030829310417175,0.7316642877130286,0.7025352321066833,1,1,FC_COMPROVA,agency_claim,comprova,>=2023,pt-BR,False,other,checker,False,False,False
48006,test,0,-0.3932042419910431,0.2362196147441864,0.6294238567352295,0.6523588119819129,0.5569365822761491,1,0,true,press_true,desconhecido,2018-2022,desconhecido,False,none,v1,False,False,False
804053302089936510,test,1,-0.360185831785202,0.38688692450523376,0.7470727562904358,0.6785405331633542,0.6052302121342068,1,1,FC_BOATOS,agency_claim,boatos,>=2023,pt-BR,False,false_pure,checker,False,False,False
47555,test,0,-0.20032908022403717,0.23450486361980438,0.43483394384384155,0.6070273768866687,0.47509808503800044,0,0,true,press_true,desconhecido,2018-2022,desconhecido,False,none,v1,False,False,False
55347813114140083,test,0,-0.6163929104804993,0.5581170320510864,1.1745099425315857,0.7639592413615748,0.7592796097705392,1,1,FC_BEREIA,agency_claim,bereia,>=2023,pt-BR,False,true_rating,checker,False,False,False
637587782080442735,test,1,-0.3132845461368561,0.3775673508644104,0.6908518970012665,0.6661564086798494,0.5823472634640323,1,1,EXT_LIARBR,external_claim,ext_liarbr,sem_data,pt-BR,False,false_pure,checker,False,False,False
882852850668086615,test,1,-0.3441945016384125,0.5584157109260559,0.9026102125644684,0.7114856066136392,0.665927337111013,1,1,FC_G1,agency_claim,g1,>=2023,pt-BR,False,false_pure,checker,False,False,False
771367421220157574,test,1,-0.3328695297241211,0.358888179063797,0.6917577087879181,0.6663578236900272,0.5827190564811863,1,1,FC_BOATOS,agency_claim,boatos,2018-2022,pt-BR,False,false_pure,checker,False,False,False
2171,test,0,-0.23271723091602325,0.2516745626926422,0.48439179360866547,0.618784395200592,0.4959884699124214,0,0,Fake.br,portal,desconhecido,sem_data,desconhecido,False,none,v1,False,False,False
35185,test,1,-0.5049138069152832,0.5854606032371521,1.0903744101524353,0.7484522189232241,0.7323797580190418,1,1,fakes,agency_claim,desconhecido,2018-2022,desconhecido,True,false_pure,v1,False,False,False
912209988183387818,test,1,-0.4788331389427185,0.7662168741226196,1.2450500130653381,0.7764418187173463,0.7803644526199339,1,1,FC_G1,agency_claim,g1,2018-2022,pt-BR,False,false_pure,checker,False,False,False
920655134123787203,test,1,-0.16370029747486115,0.01842029020190239,0.18212058767676353,0.5454047179456919,0.3713990808642209,0,0,FC_POLIGRAFO,agency_claim,poligrafo,>=2023,pt-BR,True,other,checker,False,False,False
427725507610341348,test,1,-0.6576535105705261,0.6814262866973877,1.3390797972679138,0.7923385737077727,0.8063545828779319,1,1,FC_BOATOS,agency_claim,boatos,2018-2022,pt-BR,False,false_pure,checker,False,False,False
385958539018554950,test,0,-0.3098571300506592,0.4347343444824219,0.744591474533081,0.6779990682565339,0.6042291707417239,1,1,FC_POLIGRAFO,agency_claim,poligrafo,2018-2022,pt-BR,True,true_rating,checker,False,False,False
44191,test,1,-0.2731460630893707,0.3968096077442169,0.6699556708335876,0.6614932330899225,0.5737451755186387,1,1,fakes,agency_claim,desconhecido,2018-2022,desconhecido,False,none,v1,False,False,False
14050,test,0,-0.3302602171897888,0.3850788176059723,0.7153390347957611,0.6715798162137384,0.5923638302057481,1,1,FakeWhatsApp.BR_2018,whatsapp,desconhecido,2018-2022,desconhecido,False,none,v1,False,False,False
14432,test,0,-0.34340980648994446,0.3729889988899231,0.7163988053798676,0.6718135170854256,0.5927956692377436,1,1,FakeWhatsApp.BR_2018,whatsapp,desconhecido,2018-2022,desconhecido,False,none,v1,False,False,False
31674,test,1,-0.5276591181755066,0.5417513847351074,1.069410502910614,0.7444847936178344,0.725387971975675,1,1,fakes,agency_claim,desconhecido,sem_data,desconhecido,False,false_pure,v1,False,False,False
3500,test,1,-0.2806236147880554,0.25958624482154846,0.5402098596096039,0.6318612350793192,0.5195308560037855,1,0,Fake.br,portal,desconhecido,sem_data,desconhecido,False,none,v1,False,False,False
509265653920244632,test,1,-0.6487128734588623,0.844633162021637,1.4933460354804993,0.8165799631280194,0.8438114569940509,1,1,FC_BOATOS,agency_claim,boatos,>=2023,pt-BR,False,false_pure,checker,False,False,False
660689047697145725,test,1,-0.34702128171920776,0.4274856150150299,0.7745068967342377,0.6844950186484007,0.6162377031703797,1,1,EXT_AVERITECBR,external_claim,ext_averitecbr,2018-2022,pt-BR,False,other,checker,False,False,False
730616457498913094,test,0,-0.30344077944755554,0.27582576870918274,0.5792665481567383,0.6408986216193747,0.5359585690684918,1,0,EXT_LIARBR,external_claim,ext_liarbr,sem_data,pt-BR,False,true_rating,checker,False,False,False
51033,test,1,-0.18198813498020172,0.1764063984155655,0.3583945333957672,0.5886517403853355,0.4430718041286274,0,0,MuMiN-PT,social,desconhecido,sem_data,desconhecido,False,none,v1,False,False,False
659877787816848694,test,1,-0.0398043729364872,-0.24822334945201874,-0.20841897651553154,0.4480830526820729,0.23408774670933832,0,0,EXT_LIARBR,external_claim,ext_liarbr,sem_data,pt-BR,False,false_pure,checker,False,False,False
123651946264114385,test,1,-0.17991209030151367,0.3031763732433319,0.4830884635448456,0.6184769047625638,0.49543857068988756,0,0,FC_BOATOS,agency_claim,boatos.org,>=2023,pt-BR,False,false_pure,checker_match,False,False,False
11334,test,0,-0.3421366512775421,0.424258291721344,0.7663949429988861,0.6827405320671159,0.6129947431302281,1,1,FakeWhatsApp.BR_2018,whatsapp,desconhecido,2018-2022,desconhecido,False,none,v1,False,False,False
26300,test,1,-0.26057329773902893,0.2148554027080536,0.4754287004470825,0.6166678494926258,0.4922070407100956,0,0,fakes,agency_claim,desconhecido,2018-2022,desconhecido,False,none,v1,False,False,False
552059261970538054,test,1,-0.39176908135414124,0.3454505503177643,0.7372196316719055,0.6763875672819487,0.6012499673671061,1,1,FC_BOATOS,agency_claim,boatos.org,>=2023,pt-BR,False,false_pure,checker_match,False,False,False
30648,test,1,-0.28890088200569153,0.4041728675365448,0.6930737495422363,0.6666503484630283,0.583259061494294,1,1,fakes,agency_claim,desconhecido,sem_data,desconhecido,False,none,v1,False,False,False
25454,test,1,-0.5459405183792114,0.6249997019767761,1.1709402203559875,0.7633149229259047,0.7581766813459927,1,1,fakes,agency_claim,desconhecido,2018-2022,desconhecido,False,none,v1,False,False,False
15834,test,0,-0.2606753706932068,0.19080673158168793,0.4514821022748947,0.6109915592062652,0.4821097907378521,0,0,FakeWhatsApp.BR_2018,whatsapp,desconhecido,2018-2022,desconhecido,False,none,v1,False,False,False
413972165018871732,test,1,-0.5583144426345825,0.5999370813369751,1.1582515239715576,0.7610148624786474,0.7542284964365362,1,1,FC_G1,agency_claim,g1,2018-2022,pt-BR,False,false_pure,checker,False,False,False
9032,test,1,-0.24458549916744232,0.2716319262981415,0.5162174254655838,0.6262628493347819,0.5094160854601129,1,0,Fake.br,portal,desconhecido,sem_data,desconhecido,False,none,v1,False,False,False
1047782411215842435,test,0,-0.20520727336406708,0.2640562653541565,0.46926353871822357,0.6152094310771129,0.48960651899776153,0,0,FC_POLIGRAFO,agency_claim,poligrafo,2018-2022,pt-BR,True,true_rating,checker,False,False,False
822622174054370243,test,0,-0.36438795924186707,0.3524239957332611,0.7168119549751282,0.6719046018889224,0.5929639820865079,1,1,EXT_AVERITECBR,external_claim,ext_averitecbr,2018-2022,pt-BR,False,other,checker,False,False,False
38825,test,1,-0.4602305293083191,0.5341711044311523,0.9944016337394714,0.7299564502362847,0.6994641469592818,1,1,fakes,agency_claim,desconhecido,2018-2022,desconhecido,False,none,v1,False,False,False
292442821535784259,test,1,-0.20901678502559662,0.2715545892715454,0.48057137429714203,0.6178827874088216,0.4943765962716082,0,0,FC_BOATOS,agency_claim,boatos.org,2018-2022,pt-BR,False,false_pure,checker_match,False,False,False
39698,test,1,-0.3444801867008209,0.423949271440506,0.7684294581413269,0.683181056112742,0.6138090465997087,1,1,fakes,agency_claim,desconhecido,sem_data,desconhecido,False,false_pure,v1,False,False,False
8802,test,1,-0.20572757720947266,0.3524237871170044,0.558151364326477,0.6360246938546656,0.5270846722702741,1,0,Fake.br,portal,desconhecido,sem_data,desconhecido,False,none,v1,False,False,False
216219902123088294,test,1,-0.3721384108066559,0.4600190222263336,0.8321574330329895,0.696810914351649,0.6389735713038386,1,1,EXT_AVERITECBR,external_claim,ext_averitecbr,2018-2022,pt-BR,False,other,checker,False,False,False
304871305359864953,test,0,-0.42848971486091614,0.5631095767021179,0.9915992915630341,0.7294036966177041,0.6984689416938709,1,1,FC_EFARSAS,agency_claim,efarsas,<=2017,pt-BR,False,true_rating,checker,False,False,False
11032,test,0,-0.15146686136722565,0.2950609028339386,0.44652776420116425,0.6098133623354904,0.48002231015817104,0,0,FakeWhatsApp.BR_2018,whatsapp,desconhecido,2018-2022,desconhecido,False,none,v1,False,False,False
32522,test,1,-0.31058070063591003,0.47251972556114197,0.783100426197052,0.686347941773773,0.6196619385878901,1,1,fakes,agency_claim,desconhecido,2018-2022,desconhecido,False,false_pure,v1,False,False,False
884928467811529523,test,1,-0.40354523062705994,0.47068849205970764,0.8742337226867676,0.7056258833326685,0.65518921073758,1,1,FC_BOATOS_VIRAL,social,boatos,<=2017,pt-BR,False,false_pure,checker,False,False,False
337411188416100804,test,1,-0.45946377515792847,0.4765395224094391,0.9360032975673676,0.718291635659364,0.6783463916701012,1,1,FC_BOATOS,agency_claim,boatos,2018-2022,pt-BR,False,false_pure,checker,False,False,False
12699,test,0,-0.31675729155540466,0.43517550826072693,0.7519327998161316,0.6795997006484295,0.6071883721040098,1,1,FakeWhatsApp.BR_2018,whatsapp,desconhecido,2018-2022,desconhecido,False,none,v1,False,False,False
459385847778957959,test,1,-0.4515931308269501,0.6731094121932983,1.1247025430202484,0.7548599476951884,0.743581820928974,1,1,FC_LUPA,agency_claim,lupa,>=2023,pt-BR,False,false_pure,checker_match,False,False,False
105972353477392044,test,1,-0.49539223313331604,0.5634934902191162,1.0588857233524323,0.742477548010016,0.7218353059576007,1,1,FC_OBSERVADOR,agency_claim,observador,>=2023,pt-PT,True,false_pure,checker,False,False,False
186304363485957355,test,1,-0.4732491075992584,0.5399293899536133,1.0131784975528717,0.7336417254313059,0.7060837607905646,1,1,FC_GFC,agency_claim,BOL - UOL,sem_data,pt-BR,False,false_pure,checker,False,False,False
1548,test,0,-0.4295467734336853,0.5660973787307739,0.9956441521644592,0.7302013055139231,0.6999048067726324,1,1,COVID19.BR,covid,desconhecido,sem_data,desconhecido,False,none,v1,False,False,False
44087,test,1,-0.45445507764816284,0.5827727317810059,1.0372278094291687,0.7383147559769965,0.7144364477855515,1,1,fakes,agency_claim,desconhecido,2018-2022,desconhecido,False,false_pure,v1,False,False,False
1006545021922339662,test,1,-0.1944543570280075,0.15959616005420685,0.35405051708221436,0.5875994729222251,0.441263371899086,0,0,EXT_AVERITECBR,external_claim,ext_averitecbr,2018-2022,pt-BR,False,other,checker,False,False,False
33917,test,1,-0.37458911538124084,0.41124722361564636,0.7858363389968872,0.686936613391565,0.6207496328316304,1,1,fakes,agency_claim,desconhecido,2018-2022,desconhecido,False,none,v1,False,False,False
443914664980699369,test,1,-0.4553227722644806,0.5769131183624268,1.0322358906269073,0.7373491401904894,0.712714431258625,1,1,FC_G1,agency_claim,g1,2018-2022,pt-BR,False,false_pure,checker,False,False,False
902798107319996859,test,1,-0.43172428011894226,0.41497185826301575,0.846696138381958,0.6998736231739681,0.6446147265137397,1,1,FC_AOSFATOS,agency_claim,aosfatos,>=2023,pt-BR,False,false_pure,checker,False,False,False
14936,test,1,-0.2704527974128723,0.3646758794784546,0.6351286768913269,0.6536514627948822,0.5593111954201193,1,0,FakeWhatsApp.BR_2018,whatsapp,desconhecido,2018-2022,desconhecido,False,none,v1,False,False,False
947582809132780478,test,0,-0.4703437387943268,0.6211906671524048,1.0915344059467316,0.7486705501172054,0.7327633192222818,1,1,NEWS_PODER360,press_true,poder360,2018-2022,pt-BR,False,none,llm_local,False,False,False
43810,test,1,-0.5054141879081726,0.7414581775665283,1.246872365474701,0.7767579831413051,0.7808911709516502,1,1,fakes,agency_claim,desconhecido,2018-2022,desconhecido,False,false_pure,v1,False,False,False
846136013208939491,test,1,-0.5564528107643127,0.5817568302154541,1.1382096409797668,0.757350775302809,0.7479043368570758,1,1,FC_BOATOS,agency_claim,boatos,>=2023,pt-BR,False,false_pure,checker,False,False,False
39356,test,1,-0.4742271900177002,0.6115338802337646,1.0857610702514648,0.7475826633859477,0.7308508698555367,1,1,fakes,agency_claim,desconhecido,2018-2022,desconhecido,False,hard,v1,False,False,False
44655,test,1,-0.48741307854652405,0.44715309143066406,0.9345661699771881,0.7180007434643633,0.6778169189094384,1,1,fakes,agency_claim,desconhecido,2018-2022,desconhecido,False,none,v1,False,False,False
642371044579553697,test,1,-0.32533761858940125,0.6281189918518066,0.9534566104412079,0.7218097987087705,0.6847397870290552,1,1,FC_EFARSAS,agency_claim,efarsas,<=2017,pt-BR,False,false_pure,checker,False,False,False
49709,test,0,0.26620250940322876,-0.32567712664604187,-0.5918796360492706,0.35620369482833386,0.13793168627647587,0,0,true,press_true,desconhecido,2018-2022,desconhecido,True,none,v1,False,False,False
34930,test,1,-0.49462008476257324,0.6477718353271484,1.1423919200897217,0.7581185276932938,0.749232905415557,1,1,fakes,agency_claim,desconhecido,sem_data,desconhecido,False,none,v1,False,False,False
520663694714413603,test,1,-0.4261198341846466,0.6813955307006836,1.1075153648853302,0.7516656085288174,0.7380118654478771,1,1,FC_EFARSAS,agency_claim,efarsas,2018-2022,pt-BR,False,false_pure,checker,False,False,False
39266,test,1,-0.5060428977012634,0.48394346237182617,0.9899863600730896,0.7290852281999315,0.6978952875157919,1,1,fakes,agency_claim,desconhecido,2018-2022,desconhecido,False,none,v1,False,False,False
628612301388603390,test,1,-0.34857288002967834,0.3200976550579071,0.6686705350875854,0.6612054058801011,0.5732146243090305,1,1,FC_COMPROVA,agency_claim,comprova,>=2023,pt-BR,False,false_pure,checker,False,False,False
12731,test,0,-0.24799084663391113,0.0437617264688015,0.29175257310271263,0.5724251376031725,0.4155222161154585,0,0,FakeWhatsApp.BR_2018,whatsapp,desconhecido,2018-2022,desconhecido,False,none,v1,False,False,False
652715727778808943,test,1,-0.1957918256521225,0.23976372182369232,0.4355555474758148,0.6071994986258509,0.47540181939012427,0,0,EXT_LIARBR,external_claim,ext_liarbr,sem_data,pt-BR,False,false_pure,checker,False,False,False
42126,test,1,-0.28097617626190186,0.16233861446380615,0.443314790725708,0.6090485949589913,0.47866891128899,0,0,fakes,agency_claim,desconhecido,2018-2022,desconhecido,True,false_pure,v1,False,False,False
502248878212693967,test,1,-0.4828512966632843,0.49246203899383545,0.9753133356571198,0.726177290539245,0.6926484282629498,1,1,FC_BOATOS,agency_claim,boatos,2018-2022,pt-BR,False,false_pure,checker,False,False,False
1003824224003184859,test,1,-0.3365928530693054,0.32057538628578186,0.6571682393550873,0.6586239861186901,0.5684586879387894,1,1,FC_LUPA,agency_claim,lupa,2018-2022,pt-BR,False,false_pure,checker_match,False,False,False
748666855435372174,test,1,-0.4508177638053894,0.620878279209137,1.0716960430145264,0.7449193224844751,0.7261557248156383,1,1,FC_BOATOS,agency_claim,boatos,<=2017,pt-BR,False,false_pure,checker,False,False,False
630994044493731047,test,0,-0.17818565666675568,0.19361497461795807,0.37180063128471375,0.5918940026738716,0.4486621358270978,0,0,FC_POLIGRAFO,agency_claim,poligrafo,>=2023,pt-BR,True,true_rating,checker,False,False,False
970633644184526111,test,0,-0.13966067135334015,0.23726600408554077,0.3769266754388809,0.5931316410899578,0.450803203817372,0,0,EXT_LIARBR,external_claim,ext_liarbr,sem_data,pt-BR,False,true_rating,checker,False,False,False
44327993524183484,test,1,-0.626092255115509,0.7376198768615723,1.3637121319770813,0.796362354076641,0.8127637452804709,1,1,FC_BOATOS,agency_claim,boatos,<=2017,pt-BR,False,false_pure,checker,False,False,False
121074504677683594,test,1,-0.3513937294483185,0.354438453912735,0.7058321833610535,0.6694795715086138,0.588483636684573,1,1,FC_BOATOS,agency_claim,boatos,<=2017,pt-BR,False,false_pure,checker,False,False,False
12850,test,0,-0.2778851091861725,0.4634448289871216,0.7413299381732941,0.6772866086155793,0.6029120169179196,1,1,FakeWhatsApp.BR_2018,whatsapp,desconhecido,2018-2022,desconhecido,False,none,v1,False,False,False
1041893944946637411,test,0,-0.17973963916301727,0.1832556277513504,0.3629952669143677,0.5897653098491903,0.44498875457577225,0,0,FC_POLIGRAFO,agency_claim,poligrafo,>=2023,pt-BR,True,true_rating,checker,False,False,False
78624255572877304,test,1,-0.3559192717075348,0.388577938079834,0.7444972097873688,0.6779784883777461,0.604191123549041,1,1,FC_EFARSAS,agency_claim,efarsas,<=2017,pt-BR,False,false_pure,checker,False,False,False
123627084582819772,test,1,-0.45801469683647156,0.5342971086502075,0.9923118054866791,0.7295443053120455,0.6987221567116119,1,1,FC_G1,agency_claim,g1,>=2023,pt-BR,False,false_pure,checker,False,False,False
357733661627208463,test,1,-0.5553030967712402,0.6709797382354736,1.2262828350067139,0.7731673213430261,0.7748872712583936,1,1,FC_EFARSAS,agency_claim,efarsas,2018-2022,pt-BR,False,false_pure,checker,False,False,False
6556,test,1,-0.18561217188835144,0.3409880995750427,0.5266002714633942,0.6286898308171048,0.5137947356394028,1,0,Fake.br,portal,desconhecido,sem_data,desconhecido,False,none,v1,False,False,False
6081,test,0,-0.15141580998897552,0.25264298915863037,0.4040587991476059,0.5996624384335134,0.46216436947881456,0,0,Fake.br,portal,desconhecido,sem_data,desconhecido,False,none,v1,False,False,False
284110122105118683,test,1,-0.20316798985004425,0.5077493786811829,0.7109173685312271,0.6706038330233962,0.5905605413532928,1,1,FC_BOATOS,agency_claim,boatos,>=2023,pt-BR,False,false_pure,checker,False,False,False
32784,test,1,-0.40996047854423523,0.5486303567886353,0.9585908353328705,0.7228395781914558,0.6866074256974967,1,1,fakes,agency_claim,desconhecido,2018-2022,desconhecido,False,none,v1,False,False,False
25536,test,1,-0.37588798999786377,0.2044377475976944,0.5803257375955582,0.6411423551066475,0.5364031534820953,1,0,fakes,agency_claim,desconhecido,2018-2022,desconhecido,False,none,v1,False,False,False
380379785614441938,test,1,-0.6153662800788879,0.7741360664367676,1.3895023465156555,0.8005127837227524,0.8192979019212842,1,1,FC_G1,agency_claim,g1,>=2023,pt-BR,False,false_pure,checker,False,False,False
11164,test,1,-0.4139654338359833,0.4901559352874756,0.9041213691234589,0.711795708356852,0.666494507957764,1,1,FakeWhatsApp.BR_2018,whatsapp,desconhecido,2018-2022,desconhecido,False,none,v1,False,False,False
44647,test,1,-0.5000734329223633,0.6899999380111694,1.1900733709335327,0.7667541863048313,0.7640479572277289,1,1,fakes,agency_claim,desconhecido,2018-2022,desconhecido,False,none,v1,False,False,False
34537,test,1,-0.456505686044693,0.6238015294075012,1.0803072154521942,0.746552116607155,0.729036329023648,1,1,fakes,agency_claim,desconhecido,2018-2022,desconhecido,False,false_pure,v1,False,False,False
25965,test,1,-0.6156247854232788,0.5206204056739807,1.1362451910972595,0.7569895847268463,0.747278689312856,1,1,fakes,agency_claim,desconhecido,2018-2022,desconhecido,False,none,v1,False,False,False
958033543750138208,test,1,-0.3667853772640228,0.596228301525116,0.9630136787891388,0.7237247879135784,0.6882114570332362,1,1,FC_AFP,agency_claim,afp,>=2023,pt-BR,False,hard,checker,False,False,False
348531255744040430,test,1,-0.6015153527259827,0.6201860308647156,1.2217013835906982,0.7723628227345157,0.7735355589891725,1,1,FC_OBSERVADOR,agency_claim,observador,>=2023,pt-PT,True,false_pure,checker,False,False,False
35476,test,1,-0.27542737126350403,0.24366769194602966,0.5190950632095337,0.6269361374897848,0.5106298152529799,1,0,fakes,agency_claim,desconhecido,2018-2022,desconhecido,True,none,v1,False,False,False
643101877699946486,test,0,-0.05701964721083641,-0.08973264694213867,-0.03271299973130226,0.49182247931207324,0.29135437636098666,0,0,FC_POLIGRAFO,agency_claim,poligrafo,>=2023,pt-BR,True,true_rating,checker,False,False,False
922625637455513559,test,1,-0.44102415442466736,0.6646488904953003,1.1056730449199677,0.7513215535149924,0.7374102044514769,1,1,FC_POLIGRAFO,agency_claim,poligrafo,>=2023,pt-BR,True,false_pure,checker,False,False,False
40090,test,1,-0.5596052408218384,0.6837739944458008,1.2433792352676392,0.776151671295718,0.7798807453027586,1,1,fakes,agency_claim,desconhecido,2018-2022,desconhecido,False,none,v1,False,False,False
104866144042642250,test,1,-0.24928687512874603,0.22600261867046356,0.4752894937992096,0.6166349420918353,0.49214831688686833,0,0,FC_BOATOS,agency_claim,boatos,<=2017,pt-BR,False,false_pure,checker,False,False,False
15274,test,1,-0.3469667136669159,0.46703335642814636,0.8140000700950623,0.6929612393393096,0.6318742835245936,1,1,FakeWhatsApp.BR_2018,whatsapp,desconhecido,2018-2022,desconhecido,False,none,v1,False,False,False
30340,test,1,-0.6592533588409424,0.7166631817817688,1.3759165406227112,0.798334378011461,0.8158782388286652,1,1,fakes,agency_claim,desconhecido,sem_data,desconhecido,False,none,v1,False,False,False
696635113234626250,test,1,-0.14811110496520996,-0.09883438795804977,0.04927671700716019,0.5123166870763137,0.3207269325193316,0,0,EXT_AVERITECBR,external_claim,ext_averitecbr,2018-2022,pt-BR,False,other,checker,False,False,False
1952,test,1,-0.25179046392440796,0.3196481764316559,0.5714386403560638,0.6390950675900283,0.5326711552237066,1,0,Fake.br,portal,desconhecido,sem_data,desconhecido,False,none,v1,False,False,False
315049970916506045,test,1,-0.18752312660217285,0.08287177979946136,0.2703949064016342,0.5671898513414282,0.4067951288155383,0,0,EXT_AVERITECBR,external_claim,ext_averitecbr,2018-2022,pt-BR,False,other,checker,False,False,False
912960973806217846,test,1,-0.3086588680744171,0.3082748353481293,0.6169337034225464,0.6495208464642032,0.5517286474854671,1,0,FC_BOATOS,agency_claim,boatos,<=2017,pt-BR,False,false_pure,checker,False,False,False
30789,test,1,-0.5915796756744385,0.6879956126213074,1.2795752882957458,0.782377472422331,0.7901886966620425,1,1,fakes,agency_claim,desconhecido,sem_data,desconhecido,False,none,v1,False,False,False
31044,test,1,-0.3934507369995117,0.3373541831970215,0.7308049201965332,0.6749818819196898,0.5986514497646654,1,1,fakes,agency_claim,desconhecido,sem_data,desconhecido,False,none,v1,False,False,False
926114999510838687,test,0,-0.2746938467025757,0.26725852489471436,0.54195237159729,0.6322664721351251,0.5202649438134789,1,0,EXT_LIARBR,external_claim,ext_liarbr,sem_data,pt-BR,False,true_rating,checker,False,False,False
271696333009155868,test,1,-0.19894587993621826,0.2582976818084717,0.45724356174468994,0.6123600690161716,0.4845381276842557,0,0,FC_POLIGRAFO,agency_claim,poligrafo,>=2023,pt-BR,True,other,checker,False,False,False
908283562986386081,test,1,-0.6099741458892822,0.702229380607605,1.3122035264968872,0.7878816519882488,0.7991729194523941,1,1,FC_BOATOS,agency_claim,boatos,<=2017,pt-BR,False,false_pure,checker,False,False,False
157008083936529236,test,0,-0.23575840890407562,0.17317399382591248,0.4089324027299881,0.6008318614449707,0.4642096346032712,0,0,EXT_LIARBR,external_claim,ext_liarbr,sem_data,pt-BR,False,true_rating,checker,False,False,False
16903,test,0,-0.38753190636634827,0.6021159291267395,0.9896478354930878,0.7290183576537951,0.6977748095246221,1,1,FakeWhatsApp.BR_2018,whatsapp,desconhecido,2018-2022,desconhecido,False,none,v1,False,False,False
43345,test,1,-0.50911545753479,0.5533595681190491,1.0624750256538391,0.7431632417470735,0.7230500540790984,1,1,fakes,agency_claim,desconhecido,2018-2022,desconhecido,False,hard,v1,False,False,False
41853,test,1,-0.266699880361557,0.06232205405831337,0.3290219344198704,0.5815213794070387,0.43087562731059625,0,0,fakes,agency_claim,desconhecido,2018-2022,desconhecido,True,false_pure,v1,False,False,False
39424,test,1,-0.5776184797286987,0.5710447430610657,1.1486632227897644,0.7592666644354379,0.7512163385953288,1,1,fakes,agency_claim,desconhecido,2018-2022,desconhecido,False,false_pure,v1,False,False,False
32716,test,1,-0.5606251955032349,0.630517840385437,1.1911430358886719,0.7669454329549488,0.7643732734166317,1,1,fakes,agency_claim,desconhecido,2018-2022,desconhecido,False,none,v1,False,False,False
917788147977559695,test,0,-0.13549797236919403,0.10088226944208145,0.23638024181127548,0.5588214248846767,0.3930188791709372,0,0,FC_POLIGRAFO,agency_claim,poligrafo,>=2023,pt-BR,True,true_rating,checker,False,False,False
791725420718391540,test,0,-0.4180305302143097,0.5363309383392334,0.9543614685535431,0.7219914581190117,0.6850693764487578,1,1,NEWS_BRASILDEFATO,press_true,brasildefato,<=2017,pt-BR,False,none,llm_local,False,False,False
30815,test,1,-0.37081843614578247,0.5032587051391602,0.8740771412849426,0.7055933575104808,0.6551295036046084,1,1,fakes,agency_claim,desconhecido,sem_data,desconhecido,False,none,v1,False,False,False
210414851241663595,test,0,-0.22050894796848297,0.2903618812561035,0.5108708292245865,0.6250105949694879,0.5071607146715541,1,0,EXT_LIARBR,external_claim,ext_liarbr,sem_data,pt-BR,False,true_rating,checker,False,False,False
40159,test,1,-0.4649167060852051,0.4427874684333801,0.9077041745185852,0.7125301362055753,0.6678372886312148,1,1,fakes,agency_claim,desconhecido,2018-2022,desconhecido,False,none,v1,False,False,False
852451073535442119,test,1,-0.38980212807655334,0.5686089396476746,0.9584110677242279,0.7228035616525944,0.686542134614373,1,1,FC_FOLHA,agency_claim,folha,>=2023,pt-BR,False,false_pure,checker_match,False,False,False
1071969414059238248,test,1,-0.5559543371200562,0.6131835579872131,1.1691378951072693,0.762989150865368,0.7576185154568844,1,1,FC_BOATOS,agency_claim,boatos,>=2023,pt-BR,False,false_pure,checker,False,False,False
370974607079346869,test,1,-0.2578805685043335,0.22161364555358887,0.47949421405792236,0.6176284336734942,0.4939221511214716,0,0,FC_POLIGRAFO,agency_claim,poligrafo,>=2023,pt-BR,True,other,checker,False,False,False
807594365685153,test,1,-0.21029359102249146,0.3911038041114807,0.6013973951339722,0.6459759430994241,0.5452348375563217,1,0,FC_BOATOS_VIRAL,social,boatos,>=2023,pt-BR,False,false_pure,checker,False,False,False
31165,test,1,-0.4552833139896393,0.5662350058555603,1.0215183198451996,0.7352682442344555,0.7089964363522001,1,1,fakes,agency_claim,desconhecido,sem_data,desconhecido,False,none,v1,False,False,False
156560352629862837,test,1,-0.2864323556423187,0.35744526982307434,0.6438776254653931,0.6556294763676319,0.5629476147787801,1,1,FC_COMPROVA,agency_claim,comprova,>=2023,pt-BR,False,other,checker,False,False,False
15804,test,1,-0.2579018175601959,0.3203619420528412,0.5782637596130371,0.6406677996705266,0.5355376056904056,1,0,FakeWhatsApp.BR_2018,whatsapp,desconhecido,2018-2022,desconhecido,False,none,v1,False,False,False
39332,test,1,-0.3638235032558441,0.356692373752594,0.7205158770084381,0.6727206065851089,0.5944719423696471,1,1,fakes,agency_claim,desconhecido,2018-2022,desconhecido,False,false_pure,v1,False,False,False
3944,test,1,-0.6029596924781799,0.6641613245010376,1.2671210169792175,0.7802495151784018,0.7866824713434765,1,1,Fake.br,portal,desconhecido,sem_data,desconhecido,False,none,v1,False,False,False
43168,test,1,-0.5595191121101379,0.6247252225875854,1.1842443346977234,0.7657100880840231,0.7622697273010919,1,1,fakes,agency_claim,desconhecido,2018-2022,desconhecido,False,other,v1,False,False,False
43501,test,1,-0.5271099209785461,0.6461009979248047,1.1732109189033508,0.763724913936337,0.7588786515769416,1,1,fakes,agency_claim,desconhecido,2018-2022,desconhecido,False,none,v1,False,False,False
455455348261862934,test,1,-0.4186260998249054,0.5265212059020996,0.945147305727005,0.720138215636546,0.6817045012622625,1,1,FC_ESTADAO,agency_claim,estadao,sem_data,pt-BR,False,hard,checker,False,False,False
1018242455230434552,test,1,-0.41964900493621826,0.5470672249794006,0.9667162299156189,0.7244644891371622,0.689550800148263,1,1,FC_BOATOS,agency_claim,boatos,>=2023,pt-BR,False,false_pure,checker,False,False,False
598546423851014386,test,1,-0.30586400628089905,0.5102682113647461,0.8161322176456451,0.6934147010241849,0.6327109612740276,1,1,FC_BOATOS_VIRAL,social,boatos,<=2017,pt-BR,False,false_pure,checker,False,False,False
31576,test,1,-0.3922140300273895,0.6245097517967224,1.016723781824112,0.7343339407998964,0.7073240272598735,1,1,fakes,agency_claim,desconhecido,sem_data,desconhecido,False,none,v1,False,False,False
76727905501166845,test,1,-0.2677837014198303,0.30961906909942627,0.5774027705192566,0.6404695651617709,0.5351761282660533,1,0,EXT_LIARBR,external_claim,ext_liarbr,sem_data,pt-BR,False,false_pure,checker,False,False,False
30244,test,1,-0.37439635396003723,0.38587871193885803,0.7602750658988953,0.681413450593477,0.6105415017942039,1,1,fakes,agency_claim,desconhecido,sem_data,desconhecido,False,none,v1,False,False,False
711838029875217572,test,1,-0.5295721888542175,0.6530634164810181,1.1826356053352356,0.765421361658541,0.7617773410595393,1,1,FC_BOATOS,agency_claim,boatos.org,2018-2022,pt-BR,False,false_pure,checker_match,False,False,False
3374,test,1,-0.38550230860710144,0.5045884251594543,0.8900907337665558,0.7089088964755068,0.6612101422062678,1,1,Fake.br,portal,desconhecido,sem_data,desconhecido,False,none,v1,False,False,False
31866,test,1,-0.46898698806762695,0.6741293668746948,1.1431163549423218,0.7582513459665873,0.7494625599342302,1,1,fakes,agency_claim,desconhecido,sem_data,desconhecido,False,none,v1,False,False,False
11028,test,0,-0.23544560372829437,0.41724273562431335,0.6526883393526077,0.6576160178347413,0.5666028799306142,1,1,FakeWhatsApp.BR_2018,whatsapp,desconhecido,2018-2022,desconhecido,False,none,v1,False,False,False
14553,test,1,-0.24589908123016357,0.33222123980522156,0.5781203210353851,0.6406347776406734,0.5354773870589856,1,0,FakeWhatsApp.BR_2018,whatsapp,desconhecido,2018-2022,desconhecido,False,none,v1,False,False,False
715355835527835843,test,1,-0.697396993637085,0.6962317228317261,1.393628716468811,0.8011709152344105,0.8203266935184679,1,1,FC_G1,agency_claim,g1,>=2023,pt-BR,False,false_pure,checker,False,False,False
40568,test,1,0.20939968526363373,-0.4507356584072113,-0.660135343670845,0.3407092091257231,0.12479586033604453,0,0,fakes,agency_claim,desconhecido,2018-2022,desconhecido,True,false_pure,v1,False,False,False
574784677243133395,test,1,-0.21551547944545746,0.34891512989997864,0.5644306093454361,0.6374770767143374,0.529725640313195,1,0,EXT_LIARBR,external_claim,ext_liarbr,sem_data,pt-BR,False,false_pure,checker,False,False,False
579223121599788096,test,0,-0.43295130133628845,0.5799955129623413,1.0129468142986298,0.733596449398215,0.7060026030231643,1,1,NEWS_BRASILDEFATO,press_true,brasildefato,2018-2022,pt-BR,False,none,llm_local,False,False,False
39606,test,1,-0.4555610120296478,0.5814595222473145,1.0370205342769623,0.7382747071798257,0.714365069379567,1,1,fakes,agency_claim,desconhecido,2018-2022,desconhecido,False,other,v1,False,False,False
7425,test,0,-0.2606514096260071,0.07974448055028915,0.34039589017629623,0.584286686186036,0.4355892478993375,0,0,Fake.br,portal,desconhecido,sem_data,desconhecido,False,none,v1,False,False,False
532039261177288181,test,1,-0.24678651988506317,0.20687240362167358,0.45365892350673676,0.6115088227990396,0.48302718310511433,0,0,EXT_LIARBR,external_claim,ext_liarbr,sem_data,pt-BR,False,false_pure,checker,False,False,False
39594,test,1,-0.3685661554336548,0.32253530621528625,0.691101461648941,0.6662119075712702,0.5824497073426097,1,1,fakes,agency_claim,desconhecido,2018-2022,desconhecido,False,false_pure,v1,False,False,False
164230148391372023,test,0,-0.18943800032138824,0.24831192195415497,0.4377499222755432,0.6077227518596658,0.47632557724689334,0,0,EXT_LIARBR,external_claim,ext_liarbr,sem_data,pt-BR,False,true_rating,checker,False,False,False
154989001790829688,test,1,-0.5273364782333374,0.5840842723846436,1.111420750617981,0.7523938883808455,0.7392843343222604,1,1,FC_EFARSAS,agency_claim,efarsas,2018-2022,pt-BR,False,false_pure,checker,False,False,False
1079690022676188144,test,0,-0.18916745483875275,0.18162235617637634,0.3707898110151291,0.5916498108242744,0.4482401540595463,0,0,EXT_LIARBR,external_claim,ext_liarbr,sem_data,pt-BR,False,true_rating,checker,False,False,False
82,test,1,-0.308175653219223,0.4207196533679962,0.7288953065872192,0.6745628084201564,0.5978768102995472,1,1,COVID19.BR,covid,desconhecido,sem_data,desconhecido,False,none,v1,False,False,False
999387872651843553,test,0,-0.06216718256473541,0.23642079532146454,0.29858797788619995,0.5740973000397259,0.4183267829330574,0,0,EXT_AVERITECBR,external_claim,ext_averitecbr,2018-2022,pt-BR,False,other,checker,False,False,False
456273554647149395,test,1,-0.2603145241737366,0.39756524562835693,0.6578797698020935,0.6587839474471122,0.5687532655028742,1,1,FC_BOATOS,agency_claim,boatos.org,>=2023,pt-BR,False,false_pure,checker_match,False,False,False
4828,test,1,-0.34707361459732056,0.5173639059066772,0.8644375205039978,0.7035869450104993,0.6514443830346407,1,1,Fake.br,portal,desconhecido,sem_data,desconhecido,False,none,v1,False,False,False
487974289960743974,test,1,-0.23700456321239471,0.22017253935337067,0.4571771025657654,0.6123442931364945,0.4845101121203188,0,0,FC_POLIGRAFO,agency_claim,poligrafo,>=2023,pt-BR,True,other,checker,False,False,False
861352807818800737,test,1,-0.48237016797065735,0.5190070271492004,1.0013771951198578,0.7313292654461919,0.7019332423635073,1,1,FC_BOATOS_VIRAL,social,boatos,2018-2022,pt-BR,False,false_pure,checker,False,False,False
30216,test,1,-0.3330524265766144,0.5092877149581909,0.8423401415348053,0.6989578478360956,0.6429286864504946,1,1,fakes,agency_claim,desconhecido,sem_data,desconhecido,False,none,v1,False,False,False
155147660033289749,test,1,-0.2616063952445984,0.3974902331829071,0.6590966284275055,0.659057429372404,0.5692569389099399,1,1,FC_UOL,agency_claim,uol,sem_data,pt-BR,False,false_pure,checker,False,False,False
49499,test,0,-0.2298801988363266,-0.07748409360647202,0.15239610522985458,0.5380254610205208,0.35976405580094556,0,0,true,press_true,desconhecido,2018-2022,desconhecido,True,none,v1,False,False,False
459957518279950111,test,1,-0.4282606542110443,0.5469268560409546,0.9751875102519989,0.7261522702213549,0.6926032161251044,1,1,FC_ESTADAO,agency_claim,estadao,sem_data,pt-BR,False,false_pure,checker,False,False,False
522260051022958645,test,1,-0.4518592059612274,0.4894859492778778,0.9413451552391052,0.7193712924083684,0.6803104401300016,1,1,EXT_AVERITECBR,external_claim,ext_averitecbr,2018-2022,pt-BR,False,other,checker,False,False,False
512587608431423315,test,1,-0.049354348331689835,-0.0664450004696846,-0.017090652137994766,0.49572744096278154,0.2968281664657344,0,0,EXT_AVERITECBR,external_claim,ext_averitecbr,2018-2022,pt-BR,False,other,checker,False,False,False
14455,test,0,-0.12739962339401245,0.263213187456131,0.39061281085014343,0.5964302123249041,0.45652840770546305,0,0,FakeWhatsApp.BR_2018,whatsapp,desconhecido,2018-2022,desconhecido,False,none,v1,False,False,False
312428150646024375,test,1,-0.2917827069759369,0.343355655670166,0.6351383626461029,0.6536536555615365,0.559315224809392,1,0,EXT_LIARBR,external_claim,ext_liarbr,sem_data,pt-BR,False,false_pure,checker,False,False,False
651799628327696999,test,0,-0.12346338480710983,0.20305028557777405,0.3265136703848839,0.5809108581395724,0.4298377995279646,0,0,EXT_AVERITECBR,external_claim,ext_averitecbr,2018-2022,pt-BR,False,other,checker,False,False,False
620183088793633686,test,0,-0.13308311998844147,0.1504368931055069,0.28352001309394836,0.5704089899463329,0.4121516616482864,0,0,EXT_LIARBR,external_claim,ext_liarbr,sem_data,pt-BR,False,true_rating,checker,False,False,False
284466165413410829,test,1,-0.23985731601715088,0.4630073606967926,0.7028646767139435,0.6688226015762425,0.587270176723324,1,1,FC_UOL,agency_claim,uol,sem_data,pt-BR,False,hard,checker,False,False,False
1021045628721179039,test,1,-0.30772557854652405,0.4201281666755676,0.7278537452220917,0.6743341151582628,0.5974540920889915,1,1,EXT_LIARBR,external_claim,ext_liarbr,sem_data,pt-BR,False,false_pure,checker,False,False,False
341936129936880285,test,1,-0.4936680197715759,0.6860590577125549,1.1797270774841309,0.7648987280207148,0.7608853457393218,1,1,FC_ESTADAO,agency_claim,estadao,sem_data,pt-BR,False,false_pure,checker,False,False,False
1002399755379898113,test,1,-0.30920031666755676,0.32410985231399536,0.6333101689815521,0.65323965360334,0.5585545366011424,1,0,FC_BOATOS,agency_claim,boatos,<=2017,pt-BR,False,false_pure,checker,False,False,False
210627331971019186,test,1,-0.3022218346595764,0.25743621587753296,0.5596580505371094,0.6363734160828706,0.5277185085486334,1,0,FC_POLIGRAFO,agency_claim,poligrafo,2018-2022,pt-BR,True,false_pure,checker,False,False,False
39072,test,1,-0.5684565305709839,0.6827709078788757,1.2512274384498596,0.7775122643240894,0.7821462433121739,1,1,fakes,agency_claim,desconhecido,2018-2022,desconhecido,False,none,v1,False,False,False
482804270731831817,test,0,-0.28425851464271545,0.5200276374816895,0.8042861521244049,0.6908905832803959,0.6280524464299024,1,1,NEWS_BRASILDEFATO,press_true,brasildefato,<=2017,pt-BR,False,none,llm_local,False,False,False
529305084035224936,test,1,-0.33298376202583313,0.5050574541091919,0.838041216135025,0.6980525131744191,0.6412612586696972,1,1,FC_UOL,agency_claim,uol,sem_data,pt-BR,False,false_pure,checker,False,False,False
80586284395009726,test,1,-0.6575347185134888,0.7053340673446655,1.3628687858581543,0.7962255549975081,0.8125470377123349,1,1,FC_BOATOS,agency_claim,boatos,>=2023,pt-BR,False,false_pure,checker,False,False,False
905416217411386334,test,1,-0.5091390609741211,0.7234319448471069,1.232571005821228,0.7742682436098114,0.7767331973822283,1,1,FC_BOATOS,agency_claim,boatos,>=2023,pt-BR,False,false_pure,checker,False,False,False
42485,test,1,-0.3390260636806488,0.47271066904067993,0.8117367327213287,0.6924794679885145,0.6309852562389718,1,1,fakes,agency_claim,desconhecido,2018-2022,desconhecido,False,false_pure,v1,False,False,False
112597072218687725,test,1,-0.3544754087924957,0.4718181788921356,0.8262935876846313,0.695570658556692,0.6366873448537588,1,1,FC_BOATOS,agency_claim,boatos.org,>=2023,pt-BR,False,false_pure,checker_match,False,False,False
1037616850914524822,test,1,-0.21348363161087036,0.2891417145729065,0.5026253461837769,0.6230760986570153,0.5036819588527269,1,0,FC_LUPA,agency_claim,lupa,>=2023,pt-BR,False,false_pure,checker_match,False,False,False
935253804639507489,test,1,-0.19153942167758942,0.1289602518081665,0.3204996734857559,0.5794460215772225,0.4273519549974365,0,0,FC_POLIGRAFO,agency_claim,poligrafo,>=2023,pt-BR,True,false_pure,checker,False,False,False
133394164448876760,test,0,-0.09842830151319504,0.007187825161963701,0.10561612667515874,0.5263795147830753,0.3417863946191503,0,0,EXT_LIARBR,external_claim,ext_liarbr,sem_data,pt-BR,False,true_rating,checker,False,False,False
356971595043416437,test,1,-0.4827663004398346,0.5928372740745544,1.075603574514389,0.7456610993816386,0.7274652314904685,1,1,FC_POLIGRAFO,agency_claim,poligrafo,>=2023,pt-BR,True,other,checker,False,False,False
683284368907269789,test,0,-0.335983008146286,0.31874552369117737,0.6547285318374634,0.6580752340155088,0.5674482688863413,1,1,FC_POLIGRAFO,agency_claim,poligrafo,2018-2022,pt-BR,True,true_rating,checker,False,False,False
903552374355000150,test,1,-0.3972049057483673,0.5291457772254944,0.9263506829738617,0.7163343320403656,0.6747813908620853,1,1,FC_BOATOS_VIRAL,social,boatos,>=2023,pt-BR,False,false_pure,checker,False,False,False
432258935356888583,test,0,-0.4490576684474945,0.5111342072486877,0.9601918756961823,0.7231602201906994,0.6871885926643936,1,1,EXT_LIARBR,external_claim,ext_liarbr,sem_data,pt-BR,False,true_rating,checker,False,False,False
671182171895561338,test,1,-0.10979145020246506,0.15787574648857117,0.2676671966910362,0.566520115764004,0.40568464516815733,0,0,FC_POLIGRAFO,agency_claim,poligrafo,>=2023,pt-BR,True,other,checker,False,False,False
884630186853938248,test,1,-0.31537267565727234,0.2761174738407135,0.5914901494979858,0.6437069820926866,0.5410856519992322,1,0,FC_AOSFATOS,agency_claim,aosfatos,>=2023,pt-BR,False,false_pure,checker,False,False,False
962186506328069871,test,1,-0.3517206013202667,0.46724388003349304,0.8189644813537598,0.6940164840399197,0.6338211361804489,1,1,FC_BOATOS_VIRAL,social,boatos,>=2023,pt-BR,False,false_pure,checker,False,False,False
1064911236170655374,test,1,-0.3207152187824249,0.2728615403175354,0.5935767590999603,0.6441853988327412,0.5419600239529787,1,0,FC_BOATOS,agency_claim,boatos,2018-2022,pt-BR,False,false_pure,checker,False,False,False
255531568355886336,test,1,-0.5873913168907166,0.720234751701355,1.3076260685920715,0.7871156401194043,0.7979300919719292,1,1,FC_EFARSAS,agency_claim,efarsas,2018-2022,pt-BR,False,false_pure,checker,False,False,False
734334076225523812,test,1,-0.3009823262691498,0.46276310086250305,0.7637454271316528,0.682166353637247,0.6119333419528326,1,1,FC_G1,agency_claim,g1,2018-2022,pt-BR,False,false_pure,checker,False,False,False
39710,test,1,-0.5209262371063232,0.5264066457748413,1.0473328828811646,0.740262410685083,0.7179032620146055,1,1,fakes,agency_claim,desconhecido,2018-2022,desconhecido,False,none,v1,False,False,False
1086179675267062175,test,1,-0.3463169038295746,0.4331309199333191,0.7794478237628937,0.6855610951171683,0.6182079306352669,1,1,FC_BOATOS,agency_claim,boatos,2018-2022,pt-BR,False,false_pure,checker,False,False,False
1895,test,1,-0.33420756459236145,0.4521012008190155,0.786308765411377,0.6870382019400615,0.6209373290252768,1,1,COVID19.BR,covid,desconhecido,sem_data,desconhecido,False,none,v1,False,False,False
279,test,1,-0.4620421230792999,0.501885175704956,0.963927298784256,0.7239074263471768,0.6885422392733068,1,1,COVID19.BR,covid,desconhecido,sem_data,desconhecido,False,none,v1,False,False,False
13480,test,0,-0.40245234966278076,0.5233354568481445,0.9257878065109253,0.7162199419226546,0.6745728724986423,1,1,FakeWhatsApp.BR_2018,whatsapp,desconhecido,2018-2022,desconhecido,False,none,v1,False,False,False
983601878960745853,test,1,-0.5187378525733948,0.5840797424316406,1.1028175950050354,0.7507876656835052,0.7364759212571517,1,1,FC_POLIGRAFO,agency_claim,poligrafo,2018-2022,pt-BR,True,false_pure,checker,False,False,False
29524,test,1,-0.3842933773994446,0.43256285786628723,0.8168562352657318,0.6935685989176195,0.6329948921551215,1,1,fakes,agency_claim,desconhecido,sem_data,desconhecido,False,none,v1,False,False,False
388641002601433910,test,0,-0.0453404076397419,-0.16982892155647278,-0.12448851391673088,0.4689180019773719,0.2604340390310294,0,0,EXT_AVERITECBR,external_claim,ext_averitecbr,2018-2022,pt-BR,False,other,checker,False,False,False
12990,test,0,-0.3089196979999542,0.44482478499412537,0.7537444829940796,0.6799940552731787,0.6079174400808384,1,1,FakeWhatsApp.BR_2018,whatsapp,desconhecido,2018-2022,desconhecido,False,none,v1,False,False,False
912026597159623029,test,1,-0.2430790364742279,0.3473740518093109,0.5904530882835388,0.6434690984315566,0.5406509878554749,1,0,FC_POLIGRAFO,agency_claim,poligrafo,2018-2022,pt-BR,True,false_pure,checker,False,False,False
1089058932213488862,test,1,-0.45655813813209534,0.5294314622879028,0.9859896004199982,0.7282950659806587,0.6964711401064999,1,1,FC_BOATOS,agency_claim,boatos,<=2017,pt-BR,False,false_pure,checker,False,False,False
37779037577803666,test,1,-0.5398386120796204,0.6750856637954712,1.2149242758750916,0.7711690829961904,0.771525533603888,1,1,FC_EFARSAS,agency_claim,efarsas,2018-2022,pt-BR,False,false_pure,checker,False,False,False
29349,test,1,-0.2791629731655121,0.34638291597366333,0.6255458891391754,0.6514788213166331,0.5553208969280556,1,0,fakes,agency_claim,desconhecido,2018-2022,desconhecido,False,false_pure,v1,False,False,False
309388462886703127,test,1,-0.4731266498565674,0.7894399166107178,1.2625665664672852,0.779467611483999,0.7853896496489329,1,1,FC_G1,agency_claim,g1,2018-2022,pt-BR,False,false_pure,checker,False,False,False
41671,test,1,-0.5365896224975586,0.5379960536956787,1.0745856761932373,0.7454680060617475,0.7271244869979407,1,1,fakes,agency_claim,desconhecido,2018-2022,desconhecido,True,none,v1,False,False,False
287618147532079553,test,1,-0.13877569139003754,0.22154930233955383,0.36032499372959137,0.5891191035989355,0.44387595035355376,0,0,EXT_AVERITECBR,external_claim,ext_averitecbr,2018-2022,pt-BR,False,other,checker,False,False,False
61699400972199057,test,1,-0.1600818783044815,0.27139589190483093,0.43147777020931244,0.6062264910467468,0.4736856642905264,0,0,FC_BOATOS_VIRAL,social,boatos,>=2023,pt-BR,False,false_pure,checker,False,False,False
39204,test,1,-0.5492521524429321,0.4224295914173126,0.9716817438602448,0.7254545780757041,0.6913420235754183,1,1,fakes,agency_claim,desconhecido,2018-2022,desconhecido,False,none,v1,False,False,False
1095600862820973998,test,1,-0.38145604729652405,0.37046512961387634,0.7519211769104004,0.6795971698257708,0.6071836932008422,1,1,FC_POLIGRAFO,agency_claim,poligrafo,>=2023,pt-BR,True,false_pure,checker,False,False,False
34829,test,1,-0.43658947944641113,0.4571760594844818,0.8937655389308929,0.7096666359440406,0.6625981421768516,1,1,fakes,agency_claim,desconhecido,2018-2022,desconhecido,False,hard,v1,False,False,False
6844,test,1,-0.5679267048835754,0.6476137638092041,1.2155404686927795,0.7712778027268385,0.7717088083357648,1,1,Fake.br,portal,desconhecido,sem_data,desconhecido,False,none,v1,False,False,False
184718712609462648,test,1,-0.11879407614469528,-0.11608369648456573,0.002710379660129547,0.5006775945002228,0.3038506912378022,0,0,EXT_LIARBR,external_claim,ext_liarbr,sem_data,pt-BR,False,false_pure,checker,False,False,False
16325,test,1,-0.48443838953971863,0.6285048723220825,1.1129432618618011,0.7526774191451615,0.7397793199489817,1,1,FakeWhatsApp.BR_2018,whatsapp,desconhecido,2018-2022,desconhecido,False,none,v1,False,False,False
25016,test,1,-0.2531403601169586,0.3906025290489197,0.6437428891658783,0.655599055040008,0.562891663121341,1,1,fakes,agency_claim,desconhecido,2018-2022,desconhecido,False,none,v1,False,False,False
440015222069815910,test,1,-0.7200731039047241,0.8153459429740906,1.5354190468788147,0.8227978023830068,0.8529434401710272,1,1,FC_G1,agency_claim,g1,2018-2022,pt-BR,False,false_pure,checker,False,False,False
1086741798755433804,test,1,-0.2309465855360031,0.06878604739904404,0.29973263293504715,0.574377155409829,0.41879695671773404,0,0,EXT_AVERITECBR,external_claim,ext_averitecbr,2018-2022,pt-BR,False,other,checker,False,False,False
741775352318931176,test,0,-0.2299819141626358,0.33932867646217346,0.5693105906248093,0.6386040823201348,0.5317769551804024,1,0,NEWS_BRASILDEFATO,press_true,brasildefato,2018-2022,pt-BR,False,none,llm_local,False,False,False
47170,test,0,-0.20758800208568573,0.21471776068210602,0.42230576276779175,0.6040348667790354,0.4698279066551827,0,0,true,press_true,desconhecido,2018-2022,desconhecido,False,none,v1,False,False,False
626,test,0,-0.2696700394153595,0.4223569631576538,0.6920270025730133,0.6664176917684607,0.5828295707654725,1,1,COVID19.BR,covid,desconhecido,sem_data,desconhecido,False,none,v1,False,False,False
956992355679374825,test,1,-0.7182767391204834,0.7380815744400024,1.4563583135604858,0.8109750563365236,0.8354061874748184,1,1,FC_G1,agency_claim,g1,>=2023,pt-BR,False,false_pure,checker,False,False,False
563592887199723744,test,0,-0.12333177775144577,0.15380534529685974,0.2771371230483055,0.5688442122205106,0.4095440353911449,0,0,FC_POLIGRAFO,agency_claim,poligrafo,>=2023,pt-BR,True,true_rating,checker,False,False,False
1107988489547862650,test,1,-0.2822919189929962,0.31109902262687683,0.593390941619873,0.6441428063610505,0.5418821694813022,1,0,FC_POLIGRAFO,agency_claim,poligrafo,>=2023,pt-BR,True,false_pure,checker,False,False,False
755313336616980185,test,1,-0.34283730387687683,0.13576360046863556,0.4786009043455124,0.6174174443227008,0.4935452785998853,0,0,EXT_AVERITECBR,external_claim,ext_averitecbr,2018-2022,pt-BR,False,other,checker,False,False,False
612491892827012629,test,1,-0.5636559128761292,0.5833938121795654,1.1470497250556946,0.7589716246752646,0.750707039583768,1,1,FC_LUPA,agency_claim,lupa,>=2023,pt-BR,False,false_pure,checker_match,False,False,False
15962,test,0,-0.21158169209957123,0.5240224003791809,0.7356040924787521,0.6760338453461492,0.6005960639749189,1,1,FakeWhatsApp.BR_2018,whatsapp,desconhecido,2018-2022,desconhecido,False,none,v1,False,False,False
42122,test,1,-0.32807573676109314,0.5444226861000061,0.8724984228610992,0.705265301757085,0.6545272383325133,1,1,fakes,agency_claim,desconhecido,2018-2022,desconhecido,True,false_pure,v1,False,False,False
450203826903959847,test,1,-0.6060186624526978,0.6375555396080017,1.2435742020606995,0.7761855430521754,0.7799372295736636,1,1,FC_G1,agency_claim,g1,2018-2022,pt-BR,False,false_pure,checker,False,False,False
40581,test,1,-0.2384309619665146,-0.013265135698020458,0.22516582626849413,0.5560548264422208,0.3885128454927859,0,0,fakes,agency_claim,desconhecido,2018-2022,desconhecido,True,hard,v1,False,False,False
14747,test,1,-0.2094501107931137,0.43387898802757263,0.6433290988206863,0.655505619744504,0.5627198192827225,1,1,FakeWhatsApp.BR_2018,whatsapp,desconhecido,2018-2022,desconhecido,False,none,v1,False,False,False
35507,test,1,-0.3152330219745636,0.33368048071861267,0.6489135026931763,0.6567655812378868,0.5650376920829957,1,1,fakes,agency_claim,desconhecido,2018-2022,desconhecido,True,none,v1,False,False,False
1148296985697226562,test,0,-0.12230134755373001,0.1207558885216713,0.2430572360754013,0.5604669189358398,0.3957104731793847,0,0,FC_POLIGRAFO,agency_claim,poligrafo,>=2023,pt-BR,True,true_rating,checker,False,False,False
32975,test,1,-0.5205786228179932,0.49277037382125854,1.0133489966392517,0.733675041593796,0.7061434776213235,1,1,fakes,agency_claim,desconhecido,2018-2022,desconhecido,False,false_pure,v1,False,False,False
7103,test,0,-0.1786794811487198,0.257667601108551,0.4363470822572708,0.6073882701877122,0.47573500978847383,0,0,Fake.br,portal,desconhecido,sem_data,desconhecido,False,none,v1,False,False,False
42916,test,1,-0.3419143259525299,0.35355278849601746,0.6954671144485474,0.6671820080400132,0.5842406073547224,1,1,fakes,agency_claim,desconhecido,2018-2022,desconhecido,False,false_pure,v1,False,False,False
878678902903988412,test,1,-0.6412168741226196,0.7965837121009827,1.4378005862236023,0.8081138285335201,0.831054002328725,1,1,FC_BOATOS,agency_claim,boatos,2018-2022,pt-BR,False,false_pure,checker,False,False,False
1072726420470339687,test,1,-0.32410815358161926,0.364211767911911,0.6883199214935303,0.6655930807682379,0.5813075115807693,1,1,FC_OBSERVADOR,agency_claim,observador,>=2023,pt-PT,True,false_pure,checker,False,False,False
263249759208355752,test,0,-0.041650522500276566,0.029675718396902084,0.07132624089717865,0.5178240043298221,0.3288881774962125,0,0,FC_POLIGRAFO,agency_claim,poligrafo,2018-2022,pt-BR,True,true_rating,checker,False,False,False
830106667252808476,test,1,-0.2852923572063446,0.5575281381607056,0.8428204953670502,0.6990589121991969,0.6431147877158956,1,1,FC_FOLHA,agency_claim,folha,>=2023,pt-BR,False,false_pure,checker_match,False,False,False
13237,test,0,-0.26686468720436096,0.2561762034893036,0.5230408906936646,0.627858552893557,0.5122938794160999,1,0,FakeWhatsApp.BR_2018,whatsapp,desconhecido,2018-2022,desconhecido,False,none,v1,False,False,False
51106,test,1,-0.31366920471191406,0.3660586476325989,0.6797278523445129,0.6636779541609663,0.5777738555510921,1,1,MuMiN-PT,social,desconhecido,sem_data,desconhecido,False,none,v1,False,False,False
306798986317261323,test,0,-0.18670614063739777,0.26364627480506897,0.45035241544246674,0.6107230206104888,0.4816337463817024,0,0,FC_POLIGRAFO,agency_claim,poligrafo,>=2023,pt-BR,True,true_rating,checker,False,False,False
1131919305494001082,test,1,-0.5932905673980713,0.6943161487579346,1.2876067161560059,0.7837418255849031,0.7924272192279718,1,1,FC_BOATOS,agency_claim,boatos,>=2023,pt-BR,False,false_pure,checker,False,False,False
400521517417775046,test,0,-0.29168701171875,0.293504923582077,0.585191935300827,0.6422611935526105,0.5384449380822648,1,0,NEWS_ECO,press_true,eco,2018-2022,pt-PT,True,none,llm_local,False,False,False
13500,test,0,-0.3987865746021271,0.4534451365470886,0.8522317111492157,0.7010350851691268,0.6467521634834632,1,1,FakeWhatsApp.BR_2018,whatsapp,desconhecido,2018-2022,desconhecido,False,none,v1,False,False,False
13779,test,1,-0.37136948108673096,0.42190858721733093,0.7932780683040619,0.6885347616643117,0.6237020187851248,1,1,FakeWhatsApp.BR_2018,whatsapp,desconhecido,2018-2022,desconhecido,False,none,v1,False,False,False
5909,test,0,-0.2978724539279938,0.3407369554042816,0.6386094093322754,0.6544390480752272,0.5607587144127574,1,1,Fake.br,portal,desconhecido,sem_data,desconhecido,False,none,v1,False,False,False
39315,test,1,-0.36367669701576233,0.5334774851799011,0.8971541821956635,0.7103643352965925,0.6638755786527653,1,1,fakes,agency_claim,desconhecido,2018-2022,desconhecido,False,false_pure,v1,False,False,False
259165237891189368,test,1,-0.17718030512332916,0.17208485305309296,0.3492651581764221,0.5864393703543639,0.4392730109364844,0,0,FC_OBSERVADOR,agency_claim,observador,>=2023,pt-PT,True,false_pure,checker,False,False,False
40985,test,1,-0.5730221271514893,0.6805434226989746,1.2535655498504639,0.7779164646166697,0.782817911867106,1,1,fakes,agency_claim,desconhecido,2018-2022,desconhecido,True,false_pure,v1,False,False,False
59834506901349749,test,1,-0.16488061845302582,0.12601551413536072,0.29089613258838654,0.5722155068580167,0.41517120004294183,0,0,FC_POLIGRAFO,agency_claim,poligrafo,>=2023,pt-BR,True,other,checker,False,False,False
8001,test,0,-0.18832899630069733,0.2623350918292999,0.45066408812999725,0.6107971152462948,0.481765080392902,0,0,Fake.br,portal,desconhecido,sem_data,desconhecido,False,none,v1,False,False,False
368856516718596470,test,1,-0.313413143157959,0.3842636048793793,0.6976767480373383,0.6676724761838382,0.5851462102361108,1,1,FC_OBSERVADOR,agency_claim,observador,>=2023,pt-PT,True,false_pure,checker,False,False,False
842936477808180059,test,1,-0.22663462162017822,0.3097279667854309,0.5363625884056091,0.6309658581395382,0.5179097782222465,1,0,FC_POLIGRAFO,agency_claim,poligrafo,>=2023,pt-BR,True,hard,checker,False,False,False
30574,test,1,-0.3640255630016327,0.44339486956596375,0.8074204325675964,0.6915595418842648,0.6292873726568698,1,1,fakes,agency_claim,desconhecido,sem_data,desconhecido,True,false_pure,v1,False,False,False
47858,test,0,-0.2750310003757477,0.3722444474697113,0.647275447845459,0.6563962286931244,0.5643580880437319,1,1,true,press_true,desconhecido,2018-2022,desconhecido,False,none,v1,False,False,False
590228980821572666,test,1,-0.505661129951477,0.548572301864624,1.054233431816101,0.7415870052937786,0.7202559405942628,1,1,FC_ESTADAO,agency_claim,estadao,sem_data,pt-BR,False,hard,checker,False,False,False
359473742155487800,test,1,-0.5308661460876465,0.6407943964004517,1.1716605424880981,0.7634450354206993,0.758399514423124,1,1,FC_POLIGRAFO,agency_claim,poligrafo,>=2023,pt-BR,True,false_pure,checker,False,False,False
210333868291429889,test,1,-0.3731957972049713,0.5416914224624634,0.9148872196674347,0.713999197099358,0.6705211660717052,1,1,FC_EFARSAS,agency_claim,efarsas,<=2017,pt-BR,False,false_pure,checker,False,False,False
257060950491225108,test,1,-0.6766352653503418,0.6124098300933838,1.2890450954437256,0.7839855178197517,0.7928262583135421,1,1,FC_BOATOS,agency_claim,boatos,>=2023,pt-BR,False,false_pure,checker,False,False,False
488067985149761318,test,1,-0.2323196530342102,0.15716370940208435,0.38948336243629456,0.5961583231370191,0.4560554791008019,0,0,EXT_LIARBR,external_claim,ext_liarbr,sem_data,pt-BR,False,false_pure,checker,False,False,False
635776679591657988,test,1,-0.445231169462204,0.5232921242713928,0.9685232937335968,0.7248250610797847,0.6902033288365966,1,1,FC_BOATOS,agency_claim,boatos,>=2023,pt-BR,False,false_pure,checker,False,False,False
538067557170932474,test,1,-0.22882255911827087,0.43316349387168884,0.6619860529899597,0.6597063864907959,0.5704523330219801,1,1,FC_COMPROVA,agency_claim,comprova,>=2023,pt-BR,False,false_pure,checker,False,False,False
11357,test,1,-0.4146454334259033,0.42040249705314636,0.8350479304790497,0.6974212290141412,0.6400982278581251,1,1,FakeWhatsApp.BR_2018,whatsapp,desconhecido,2018-2022,desconhecido,False,none,v1,False,False,False
431785944950384988,test,1,-0.3170813024044037,0.4177199602127075,0.7348012626171112,0.6758579910608145,0.6002709780822189,1,1,EXT_LIARBR,external_claim,ext_liarbr,sem_data,pt-BR,False,false_pure,checker,False,False,False
262603208288712197,test,1,-0.4261544644832611,0.40784314274787903,0.8339976072311401,0.6971995387510962,0.6396897373256641,1,1,FC_G1,agency_claim,g1,2018-2022,pt-BR,False,false_pure,checker,False,False,False
1074376314593797512,test,1,-0.6784619092941284,0.7199549674987793,1.3984168767929077,0.8019325506285953,0.8215147431121397,1,1,FC_BOATOS,agency_claim,boatos,>=2023,pt-BR,False,false_pure,checker,False,False,False
552578386713924328,test,1,-0.3296489417552948,0.5161142349243164,0.8457631766796112,0.6996776175336563,0.6442539128857788,1,1,FC_COMPROVA,agency_claim,comprova,2018-2022,pt-BR,False,other,checker,False,False,False
735427171965649597,test,1,-0.39637503027915955,0.5683778524398804,0.9647528827190399,0.7240724015579657,0.6888409820909882,1,1,FC_BOATOS,agency_claim,boatos,2018-2022,pt-BR,False,false_pure,checker,False,False,False
47905,test,0,0.08471671491861343,-0.1324434131383896,-0.21716012805700302,0.4459223197579398,0.23145300098359334,0,0,true,press_true,desconhecido,2018-2022,desconhecido,False,none,v1,False,False,False
34302,test,1,-0.46178707480430603,0.5383362770080566,1.0001233518123627,0.7310828303770606,0.7014902882536544,1,1,fakes,agency_claim,desconhecido,sem_data,desconhecido,False,none,v1,False,False,False
288316282801746845,test,1,-0.5008848309516907,0.6117438077926636,1.1126286387443542,0.752618846099052,0.7396770823685838,1,1,FC_POLIGRAFO,agency_claim,poligrafo,>=2023,pt-BR,True,false_pure,checker,False,False,False
322401522843757693,test,1,-0.4323568046092987,0.5473331809043884,0.9796899855136871,0.7270466983599329,0.6942187591600539,1,1,FC_BOATOS,agency_claim,boatos,>=2023,pt-BR,False,false_pure,checker,False,False,False
16512,test,0,-0.2995586693286896,0.5051169991493225,0.8046756684780121,0.6909737625128825,0.6282060097122918,1,1,FakeWhatsApp.BR_2018,whatsapp,desconhecido,2018-2022,desconhecido,False,none,v1,False,False,False
503743898034956988,test,1,-0.6369109153747559,0.7655782699584961,1.402489185333252,0.8025785875849057,0.822520327822894,1,1,FC_BOATOS,agency_claim,boatos,2018-2022,pt-BR,False,false_pure,checker,False,False,False
88852094889953644,test,1,-0.11655645072460175,0.07844223827123642,0.19499868899583817,0.5485957839281168,0.3764875462648082,0,0,FC_POLIGRAFO,agency_claim,poligrafo,>=2023,pt-BR,True,false_pure,checker,False,False,False
47191,test,0,-0.18303582072257996,0.3043464124202728,0.4873822331428528,0.6194895597697854,0.4972502265464812,0,0,true,press_true,desconhecido,2018-2022,desconhecido,False,none,v1,False,False,False
11888,test,0,-0.1872742474079132,0.41153836250305176,0.598812609910965,0.6453846031267894,0.5441529031834057,1,0,FakeWhatsApp.BR_2018,whatsapp,desconhecido,2018-2022,desconhecido,False,none,v1,False,False,False
116273452956783431,test,1,-0.4218302071094513,0.5354517698287964,0.9572819769382477,0.722577281733854,0.6861318831295449,1,1,FC_COMPROVA,agency_claim,comprova,2018-2022,pt-BR,False,other,checker,False,False,False
29719,test,1,-0.4317511022090912,0.45573690533638,0.8874880075454712,0.7083715136215234,0.6602253921616235,1,1,fakes,agency_claim,desconhecido,sem_data,desconhecido,False,none,v1,False,False,False
125654812735529687,test,1,-0.22957347333431244,0.309224396944046,0.5387978702783585,0.6315327274399134,0.5189359492210581,1,0,FC_POLIGRAFO,agency_claim,poligrafo,>=2023,pt-BR,True,false_pure,checker,False,False,False
699698702646004951,test,0,-0.45934373140335083,0.5927081108093262,1.052051842212677,0.741168714510217,0.7195134460113451,1,1,NEWS_OECO,press_true,oeco,<=2017,pt-BR,False,none,llm_local,False,False,False
25147,test,1,-0.26007503271102905,0.5544002056121826,0.8144752383232117,0.6930623296928065,0.632060813626255,1,1,fakes,agency_claim,desconhecido,2018-2022,desconhecido,False,none,v1,False,False,False
7485,test,0,-0.420316606760025,0.48423656821250916,0.9045531749725342,0.7118842820200455,0.6666564859530302,1,1,Fake.br,portal,desconhecido,sem_data,desconhecido,False,none,v1,False,False,False
371404053319372337,test,1,-0.24781827628612518,0.4084674119949341,0.6562856882810593,0.6584255269497383,0.5680932396017802,1,1,FC_BOATOS,agency_claim,boatos.org,>=2023,pt-BR,False,false_pure,checker_match,False,False,False
1052991252183824026,test,1,-0.4983420968055725,0.7489910125732422,1.2473331093788147,0.7768378682587166,0.7810241967151311,1,1,FC_BOATOS,agency_claim,boatos,2018-2022,pt-BR,False,false_pure,checker,False,False,False
163,test,0,-0.3417651951313019,0.18511559069156647,0.5268807858228683,0.6287553114240768,0.513913007712027,1,0,COVID19.BR,covid,desconhecido,sem_data,desconhecido,False,none,v1,False,False,False
11827,test,0,-0.12655062973499298,0.27349725365638733,0.4000478833913803,0.5986991645574072,0.4604820931370955,0,0,FakeWhatsApp.BR_2018,whatsapp,desconhecido,2018-2022,desconhecido,False,none,v1,False,False,False
774344917153278785,test,1,-0.38079121708869934,0.34383049607276917,0.7246217131614685,0.6736239367673981,0.5961414506067305,1,1,FC_BOATOS_VIRAL,social,boatos,<=2017,pt-BR,False,false_pure,checker,False,False,False
6461,test,0,-0.3440103232860565,0.3084627687931061,0.6524730920791626,0.6575675517192042,0.5665136658079731,1,1,Fake.br,portal,desconhecido,sem_data,desconhecido,False,none,v1,False,False,False
29052,test,1,-0.47248101234436035,0.4750732183456421,0.9475542306900024,0.7206230481606853,0.6825853245759789,1,1,fakes,agency_claim,desconhecido,2018-2022,desconhecido,False,none,v1,False,False,False
8651,test,0,-0.32318931818008423,0.3160918056964874,0.6392811238765717,0.6545909396030942,0.5610379396211436,1,1,Fake.br,portal,desconhecido,sem_data,desconhecido,False,none,v1,False,False,False
379329874838365944,test,1,-0.3963380455970764,0.43715789914131165,0.8334959447383881,0.6970936211314438,0.6394945598761326,1,1,FC_LUPA,agency_claim,lupa,>=2023,pt-BR,False,false_pure,checker_match,False,False,False
220714775028779281,test,0,-0.16272546350955963,0.2770228087902069,0.43974827229976654,0.6081990474402318,0.4771669563868435,0,0,EXT_LIARBR,external_claim,ext_liarbr,sem_data,pt-BR,False,true_rating,checker,False,False,False
35109,test,1,-0.35476094484329224,0.3858494162559509,0.7406103610992432,0.6771293109843345,0.6026212179363919,1,1,fakes,agency_claim,desconhecido,2018-2022,desconhecido,False,none,v1,False,False,False
48106,test,0,-0.44492971897125244,0.5629369020462036,1.007866621017456,0.7326024360418528,0.7042197489643212,1,1,true,press_true,desconhecido,2018-2022,desconhecido,False,true_rating,v1,False,False,False
6698,test,1,-0.2405361384153366,0.3756716251373291,0.6162077635526657,0.6493555730274355,0.5514255967873171,1,0,Fake.br,portal,desconhecido,sem_data,desconhecido,False,none,v1,False,False,False
64483869079724143,test,1,-0.5723033547401428,0.7281044721603394,1.3004078269004822,0.7859036116410116,0.7959586119779802,1,1,FC_BOATOS,agency_claim,boatos,>=2023,pt-BR,False,false_pure,checker,False,False,False
40972,test,1,-0.2932957708835602,0.30817899107933044,0.6014747619628906,0.6459936359989288,0.5452672150824978,1,0,fakes,agency_claim,desconhecido,2018-2022,desconhecido,True,hard,v1,False,False,False
68689408934517291,test,1,-0.4069569408893585,0.6263222098350525,1.033279150724411,0.7375511335243253,0.7130748271744078,1,1,FC_BOATOS,agency_claim,boatos,<=2017,pt-BR,False,false_pure,checker,False,False,False
31519,test,1,-0.4697847068309784,0.4917850196361542,0.9615697264671326,0.7234359804135464,0.6876882728704847,1,1,fakes,agency_claim,desconhecido,sem_data,desconhecido,False,none,v1,False,False,False
293013860334789864,test,1,-0.632712721824646,0.7940868139266968,1.4267995357513428,0.8064021565063728,0.8284310089654654,1,1,FC_BOATOS,agency_claim,boatos,2018-2022,pt-BR,False,false_pure,checker,False,False,False
26925510818215436,test,1,-0.2809218466281891,0.3226333260536194,0.6035551726818085,0.6464692518808951,0.5461377093434419,1,0,FC_POLIGRAFO,agency_claim,poligrafo,>=2023,pt-BR,True,false_pure,checker,False,False,False
346821994683019781,test,0,-0.23266589641571045,0.4026067554950714,0.6352726519107819,0.6536840567552362,0.559371089936433,1,0,EXT_LIARBR,external_claim,ext_liarbr,sem_data,pt-BR,False,true_rating,checker,False,False,False
242835123018500100,test,1,-0.09286849945783615,0.010637489147484303,0.10350598860532045,0.5258534195763915,0.340985624162845,0,0,FC_POLIGRAFO,agency_claim,poligrafo,>=2023,pt-BR,True,false_pure,checker,False,False,False
176811306140305103,test,1,-0.3523159623146057,0.48288777470588684,0.8352037370204926,0.6974541070560974,0.6401588066966553,1,1,FC_BOATOS_VIRAL,social,boatos,>=2023,pt-BR,False,false_pure,checker,False,False,False
10741,test,0,-0.20719793438911438,0.19272209703922272,0.3999200314283371,0.5986684466521677,0.46042848348942167,0,0,LLM4BR_300,llm,desconhecido,sem_data,desconhecido,False,none,v1,False,False,False
43112,test,1,-0.2932595908641815,0.3274237811565399,0.6206833720207214,0.6503739549115974,0.5532933668256493,1,0,fakes,agency_claim,desconhecido,2018-2022,desconhecido,False,false_pure,v1,False,False,False
35022,test,1,-0.3716977834701538,0.47926434874534607,0.8509621322154999,0.7007689327078861,0.6462624588884126,1,1,fakes,agency_claim,desconhecido,2018-2022,desconhecido,False,false_pure,v1,False,False,False
41003,test,1,-0.5762491822242737,0.5911214351654053,1.167370617389679,0.7626694136608024,0.7570703533635175,1,1,fakes,agency_claim,desconhecido,2018-2022,desconhecido,True,false_pure,v1,False,False,False
6076,test,1,-0.26523664593696594,0.27446448802948,0.5397011339664459,0.6317428911412077,0.5193165233299277,1,0,Fake.br,portal,desconhecido,sem_data,desconhecido,False,none,v1,False,False,False
980920448022865332,test,1,-0.18519383668899536,0.22939322888851166,0.414587065577507,0.6021872594170845,0.46658418552505415,0,0,EXT_AVERITECBR,external_claim,ext_averitecbr,2018-2022,pt-BR,False,other,checker,False,False,False
1115132938333391514,test,1,-0.36877673864364624,0.49228090047836304,0.8610576391220093,0.7028815780945938,0.6501479630519293,1,1,FC_LUPA,agency_claim,lupa,>=2023,pt-BR,False,false_pure,checker_match,False,False,False
391634367137680063,test,1,-0.38219329714775085,0.27020028233528137,0.6523935794830322,0.6575496474474981,0.5664807089152374,1,1,FC_POLIGRAFO,agency_claim,poligrafo,>=2023,pt-BR,True,other,checker,False,False,False
1116079537682371790,test,1,-0.25464221835136414,0.3651027977466583,0.6197450160980225,0.6501605542451558,0.552901893046046,1,0,EXT_AVERITECBR,external_claim,ext_averitecbr,2018-2022,pt-BR,False,other,checker,False,False,False
50800428183811015,test,1,-0.6181286573410034,0.7725249528884888,1.3906536102294922,0.8006965678006909,0.8195853973874748,1,1,FC_BOATOS_VIRAL,social,boatos,2018-2022,pt-BR,False,false_pure,checker,False,False,False
1641,test,1,-0.4344518482685089,0.5162862539291382,0.9507381021976471,0.7212635921084872,0.6837484677577337,1,1,COVID19.BR,covid,desconhecido,sem_data,desconhecido,False,none,v1,False,False,False
3990,test,1,-0.3896254599094391,0.3685826063156128,0.7582080662250519,0.680964559204516,0.6097116424171608,1,1,Fake.br,portal,desconhecido,sem_data,desconhecido,False,none,v1,False,False,False
279785616370434484,test,0,-0.4023120105266571,0.3608012795448303,0.7631132900714874,0.6820292807953653,0.6116799492089072,1,1,FC_POLIGRAFO,agency_claim,poligrafo,>=2023,pt-BR,True,true_rating,checker,False,False,False
29355,test,1,-0.44414037466049194,0.4544898271560669,0.8986302018165588,0.7106679273578425,0.6644312551767889,1,1,fakes,agency_claim,desconhecido,2018-2022,desconhecido,False,none,v1,False,False,False
710102454103508634,test,1,-0.18570610880851746,-0.056053485721349716,0.12965262308716774,0.5323678270708737,0.35097077816029293,0,0,EXT_AVERITECBR,external_claim,ext_averitecbr,2018-2022,pt-BR,False,other,checker,False,False,False
1091340659389138178,test,0,-0.3487195670604706,0.37604713439941406,0.7247667014598846,0.6736558123279205,0.5962003650776545,1,1,NEWS_BRASILDEFATO,press_true,brasildefato,<=2017,pt-BR,False,none,llm_local,False,False,False
744500439663307509,test,0,-0.1785237342119217,0.18443748354911804,0.36296121776103973,0.5897570718973175,0.4449745615036315,0,0,EXT_LIARBR,external_claim,ext_liarbr,sem_data,pt-BR,False,true_rating,checker,False,False,False
7677,test,0,-0.32399001717567444,0.46670660376548767,0.7906966209411621,0.6879808890319016,0.622678899184238,1,1,Fake.br,portal,desconhecido,sem_data,desconhecido,False,none,v1,False,False,False
6581,test,0,-0.27022042870521545,0.04960959777235985,0.3198300264775753,0.5792828277403974,0.4270753854534869,0,0,Fake.br,portal,desconhecido,sem_data,desconhecido,False,none,v1,False,False,False
32019,test,1,-0.3666951358318329,0.5128606557846069,0.8795557916164398,0.7067301617466217,0.6572156837548874,1,1,fakes,agency_claim,desconhecido,2018-2022,desconhecido,True,false_pure,v1,False,False,False
162442370101724151,test,1,-0.4584898054599762,0.5556851625442505,1.0141749680042267,0.7338364019207728,0.7064326714799625,1,1,FC_G1,agency_claim,g1,2018-2022,pt-BR,False,false_pure,checker,False,False,False
49606,test,0,-0.20841999351978302,0.02005700394511223,0.22847699746489525,0.5568720626345126,0.38984135463357805,0,0,true,press_true,desconhecido,2018-2022,desconhecido,True,none,v1,False,False,False
39404,test,1,-0.5432621240615845,0.5497897863388062,1.0930519104003906,0.7489559804788366,0.7332645657088362,1,1,fakes,agency_claim,desconhecido,2018-2022,desconhecido,False,none,v1,False,False,False
258384203621374339,test,1,-0.34843263030052185,0.31635037064552307,0.6647830009460449,0.6603340034023341,0.5716086863023424,1,1,FC_G1,agency_claim,g1,>=2023,pt-BR,False,false_pure,checker,False,False,False
692503167352353082,test,1,-0.23573249578475952,0.18003875017166138,0.4157712459564209,0.6024709046643131,0.46708165137406266,0,0,FC_LUPA,agency_claim,lupa,>=2023,pt-BR,False,false_pure,checker_match,False,False,False
579394399472762973,test,1,-0.2073458582162857,0.2645066976547241,0.4718525558710098,0.6158221376892741,0.4906985297618521,0,0,FC_POLIGRAFO,agency_claim,poligrafo,>=2023,pt-BR,True,false_pure,checker,False,False,False
48078,test,0,-0.3341104984283447,0.4742676615715027,0.8083781599998474,0.691763792390786,0.6296643872183882,1,1,true,press_true,desconhecido,2018-2022,desconhecido,False,none,v1,False,False,False
188705411818228995,test,1,-0.0350068099796772,0.03574863448739052,0.07075544446706772,0.517681485115437,0.32867557251891916,0,0,FC_POLIGRAFO,agency_claim,poligrafo,>=2023,pt-BR,True,false_pure,checker,False,False,False
443722371038665963,test,1,-0.428496390581131,0.40730759501457214,0.8358039855957031,0.697580751619871,0.6403921464249571,1,1,FC_LUPA,agency_claim,lupa,2018-2022,pt-BR,False,false_pure,checker_match,False,False,False
47296,test,0,-0.2511046826839447,0.3130285441875458,0.5641332268714905,0.6374083487994193,0.529600601517108,1,0,true,press_true,desconhecido,2018-2022,desconhecido,False,none,v1,False,False,False
41973,test,1,-0.49734732508659363,0.5847631096839905,1.082110434770584,0.7468931557236812,0.7296371242531505,1,1,fakes,agency_claim,desconhecido,2018-2022,desconhecido,True,false_pure,v1,False,False,False
376478433237560543,test,0,-0.2037198692560196,0.3398093581199646,0.5435292273759842,0.6326330233773101,0.5209291684221103,1,0,NEWS_ECO,press_true,eco,<=2017,pt-PT,True,none,llm_local,False,False,False
46140,test,0,-0.31578508019447327,0.5254156589508057,0.8412007391452789,0.6987180452638797,0.64248708062627,1,1,COVID19.BR_raw,covid,desconhecido,sem_data,desconhecido,False,none,v1,False,False,False
940,test,0,-0.3320620357990265,0.4516068994998932,0.7836689352989197,0.6864703142874244,0.6198880553634754,1,1,COVID19.BR,covid,desconhecido,sem_data,desconhecido,False,none,v1,False,False,False
32182,test,1,-0.44518786668777466,0.5669183731079102,1.0121062397956848,0.7334321414014797,0.7057080431934319,1,1,fakes,agency_claim,desconhecido,2018-2022,desconhecido,False,false_pure,v1,False,False,False
28308,test,1,-0.23058398067951202,0.2712568938732147,0.5018408745527267,0.6228918459305244,0.503350967687783,1,0,fakes,agency_claim,desconhecido,2018-2022,desconhecido,False,none,v1,False,False,False
48466,test,0,-0.22309555113315582,-0.07575841248035431,0.1473371386528015,0.5367677950622483,0.3577997100607183,0,0,true,press_true,desconhecido,2018-2022,desconhecido,True,none,v1,False,False,False
48613,test,0,-0.2544526755809784,0.1676676720380783,0.4221203476190567,0.6039905189316832,0.4697499564198872,0,0,true,press_true,desconhecido,2018-2022,desconhecido,True,none,v1,False,False,False
132584308249050317,test,1,-0.056441329419612885,0.0841793343424797,0.1406206637620926,0.5350973499087807,0.3551991411501181,0,0,FC_POLIGRAFO,agency_claim,poligrafo,>=2023,pt-BR,True,false_pure,checker,False,False,False
42806,test,1,-0.39216148853302,0.43087807297706604,0.8230395615100861,0.6948811734493533,0.6354159703716655,1,1,fakes,agency_claim,desconhecido,2018-2022,desconhecido,False,false_pure,v1,False,False,False
4673,test,0,-0.5816543102264404,0.6777994632720947,1.2594537734985352,0.7789320635983513,0.7845027849301515,1,1,Fake.br,portal,desconhecido,sem_data,desconhecido,False,none,v1,False,False,False
244581937368139101,test,1,-0.20250588655471802,0.11584027856588364,0.31834616512060165,0.5789211471241169,0.42646270156867805,0,0,FC_OBSERVADOR,agency_claim,observador,>=2023,pt-PT,True,false_pure,checker,False,False,False
222073113482957360,test,1,-0.10305754095315933,0.23714126646518707,0.3401988074183464,0.5842388148257808,0.4355074706686663,0,0,EXT_LIARBR,external_claim,ext_liarbr,sem_data,pt-BR,False,false_pure,checker,False,False,False
1026339412815661595,test,1,-0.2073962539434433,0.12999911606311798,0.3373953700065613,0.5835576887560634,0.43434459842893547,0,0,FC_POLIGRAFO,agency_claim,poligrafo,>=2023,pt-BR,True,false_pure,checker,False,False,False
5124058800305000,test,1,-0.37937507033348083,0.4428658187389374,0.8222408890724182,0.6947118115067504,0.6351036327282696,1,1,FC_ESTADAO,agency_claim,estadao,sem_data,pt-BR,False,false_pure,checker,False,False,False
33094,test,1,-0.5489140748977661,0.7457339763641357,1.2946480512619019,0.7849328809747383,0.7943752403622626,1,1,fakes,agency_claim,desconhecido,2018-2022,desconhecido,False,none,v1,False,False,False
742325529991333979,test,1,-0.4127459228038788,0.5704939961433411,0.9832399189472198,0.7277506138327731,0.6954891625931471,1,1,FC_UOL,agency_claim,uol,sem_data,pt-BR,False,false_pure,checker,False,False,False
30943,test,1,-0.3523951768875122,0.5675675272941589,0.9199627041816711,0.7150345063599864,0.6724109040050845,1,1,fakes,agency_claim,desconhecido,sem_data,desconhecido,False,none,v1,False,False,False
15979248974487240,test,1,-0.49919113516807556,0.5358268022537231,1.0350179374217987,0.7378875704742883,0.7136748930305667,1,1,FC_BOATOS_VIRAL,social,boatos,>=2023,pt-BR,False,false_pure,checker,False,False,False
188184313855632380,test,0,-0.29296889901161194,0.4298602342605591,0.722829133272171,0.6732297070099316,0.5954128260875154,1,1,NEWS_BRASILDEFATO,press_true,brasildefato,<=2017,pt-BR,False,none,llm_local,False,False,False
396502559452899370,test,1,-0.6473694443702698,0.6998452544212341,1.347214698791504,0.7936738924763679,0.808489477808564,1,1,FC_EFARSAS,agency_claim,efarsas,<=2017,pt-BR,False,false_pure,checker,False,False,False
27633,test,1,-0.15000583231449127,0.1451362818479538,0.29514211416244507,0.5732545389653987,0.4169122729501329,0,0,fakes,agency_claim,desconhecido,2018-2022,desconhecido,False,none,v1,False,False,False
1051741265674689241,test,0,-0.1082482784986496,0.12401824444532394,0.23226652294397354,0.5578069844322445,0.3913637966904532,0,0,EXT_LIARBR,external_claim,ext_liarbr,sem_data,pt-BR,False,true_rating,checker,False,False,False
44370,test,1,-0.42206111550331116,0.7367283701896667,1.158789485692978,0.7611126885061374,0.7543967662518634,1,1,fakes,agency_claim,desconhecido,2018-2022,desconhecido,False,none,v1,False,False,False
30020,test,1,-0.3210606873035431,0.5047205686569214,0.8257812559604645,0.695462160360405,0.6364872988190883,1,1,fakes,agency_claim,desconhecido,sem_data,desconhecido,False,none,v1,False,False,False
6519,test,0,-0.2240505814552307,0.48446378111839294,0.7085143625736237,0.670072805181502,0.5895794971792264,1,1,Fake.br,portal,desconhecido,sem_data,desconhecido,False,none,v1,False,False,False
1081754661550533957,test,1,-0.2845166027545929,0.23753796517848969,0.5220545679330826,0.6276280673722565,0.5118779440359973,1,0,FC_POLIGRAFO,agency_claim,poligrafo,>=2023,pt-BR,True,other,checker,False,False,False
11692,test,1,-0.4218991696834564,0.5466057062149048,0.9685048758983612,0.7248213875593388,0.6901966819909275,1,1,FakeWhatsApp.BR_2018,whatsapp,desconhecido,2018-2022,desconhecido,False,none,v1,False,False,False
139577314627405437,test,1,-0.3544582426548004,0.36765947937965393,0.7221177220344543,0.6730731833239655,0.5951235441148032,1,1,FC_G1,agency_claim,g1,>=2023,pt-BR,False,false_pure,checker,False,False,False
27576,test,1,-0.3929176926612854,0.5134780406951904,0.9063957333564758,0.7122620524594967,0.6673472196544117,1,1,fakes,agency_claim,desconhecido,2018-2022,desconhecido,False,none,v1,False,False,False
43504,test,1,-0.2919805347919464,0.36102092266082764,0.653001457452774,0.6576865151468121,0.5667326511313919,1,1,fakes,agency_claim,desconhecido,2018-2022,desconhecido,False,false_pure,v1,False,False,False
937205414478552418,test,1,-0.30761227011680603,0.28296199440956116,0.5905742645263672,0.6434968977920162,0.540701779737528,1,0,EXT_LIARBR,external_claim,ext_liarbr,sem_data,pt-BR,False,false_pure,checker,False,False,False
210578557600931061,test,1,-0.5241195559501648,0.7268719673156738,1.2509915232658386,0.7774714514057567,0.7820783888604042,1,1,FC_BOATOS,agency_claim,boatos,2018-2022,pt-BR,False,false_pure,checker,False,False,False
110003746697010075,test,1,-0.6238348484039307,0.7047525644302368,1.3285874128341675,0.790606880310609,0.8035743621300572,1,1,FC_COMPROVA,agency_claim,comprova,2018-2022,pt-BR,False,other,checker_match,False,False,False
909525886322381875,test,1,-0.6865738034248352,0.7180530428886414,1.4046268463134766,0.8029170727759014,0.8230464046817695,1,1,FC_BOATOS,agency_claim,boatos,2018-2022,pt-BR,False,false_pure,checker,False,False,False
272864609096714278,test,1,-0.61556077003479,0.8022909164428711,1.4178516864776611,0.8050014076887457,0.8262738327400456,1,1,FC_G1,agency_claim,g1,2018-2022,pt-BR,False,false_pure,checker,False,False,False
1075694947024098828,test,1,-0.43540099263191223,0.5651583671569824,1.0005593597888947,0.7311685412245078,0.7016443627653144,1,1,FC_BOATOS_VIRAL,social,boatos,>=2023,pt-BR,False,false_pure,checker,False,False,False
54986236000912814,test,1,-0.4280398488044739,0.5041537284851074,0.9321935772895813,0.7175201027815702,0.6769417986383875,1,1,FC_BOATOS_VIRAL,social,boatos,>=2023,pt-BR,False,false_pure,checker,False,False,False
423491801133761923,test,1,-0.5853656530380249,0.7788652181625366,1.3642308712005615,0.7964464647493492,0.8128969455389663,1,1,FC_BOATOS,agency_claim,boatos,>=2023,pt-BR,False,false_pure,checker,False,False,False
37010694695658622,test,1,-0.46771225333213806,0.5936145186424255,1.0613267719745636,0.7429440114987612,0.7226618002207321,1,1,FC_EFARSAS,agency_claim,efarsas,>=2023,pt-BR,False,false_pure,checker,False,False,False
617872881448748215,test,0,-0.10316856950521469,-0.09911645203828812,0.004052117466926575,0.5010130279806011,0.30432992090860844,0,0,EXT_LIARBR,external_claim,ext_liarbr,sem_data,pt-BR,False,true_rating,checker,False,False,False
13561,test,1,-0.4233376681804657,0.5932191014289856,1.0165567696094513,0.7343013575119436,0.7072656693481856,1,1,FakeWhatsApp.BR_2018,whatsapp,desconhecido,2018-2022,desconhecido,False,none,v1,False,False,False
549526519889031635,test,1,-0.5692042112350464,0.681657612323761,1.2508618235588074,0.777449011304604,0.7820410778469905,1,1,FC_BEREIA,agency_claim,bereia,>=2023,pt-BR,False,false_pure,checker,False,False,False
232967106763865983,test,1,-0.4708961844444275,0.5630255937576294,1.0339217782020569,0.7376755075866497,0.7132966893650264,1,1,FC_BOATOS,agency_claim,boatos,>=2023,pt-BR,False,false_pure,checker,False,False,False
377297607269852151,test,1,-0.55522620677948,0.7385087013244629,1.2937349081039429,0.7847786902001413,0.7941233812789806,1,1,FC_AOSFATOS,agency_claim,aosfatos,>=2023,pt-BR,False,false_pure,checker,False,False,False
562049783941725941,test,1,-0.5131456851959229,0.6293957233428955,1.1425414085388184,0.7581459390538468,0.7492803065093786,1,1,FC_EFARSAS,agency_claim,efarsas,<=2017,pt-BR,False,false_pure,checker,False,False,False
32803,test,1,-0.5618736743927002,0.7593482732772827,1.321221947669983,0.7893849349322537,0.8016047463047967,1,1,fakes,agency_claim,desconhecido,2018-2022,desconhecido,False,false_pure,v1,False,False,False
571480137957286403,test,1,-0.5622355937957764,0.5649151802062988,1.1271507740020752,0.755312701317538,0.744368890447326,1,1,FC_AFP,agency_claim,afp,2018-2022,pt-BR,False,false_pure,checker,False,False,False
633176766426703959,test,0,-0.1375957727432251,0.13081368803977966,0.26840946078300476,0.5667023883152983,0.4059867348429102,0,0,EXT_LIARBR,external_claim,ext_liarbr,sem_data,pt-BR,False,true_rating,checker,False,False,False
661945288002026689,test,1,-0.46804848313331604,0.515603244304657,0.983651727437973,0.7278321976552958,0.6956363430144448,1,1,FC_AFP,agency_claim,afp,>=2023,pt-BR,False,false_pure,checker,False,False,False
833385110087757522,test,1,-0.4759860932826996,0.5859297513961792,1.0619158446788788,0.743056495446767,0.7228610226214132,1,1,FC_POLIGRAFO,agency_claim,poligrafo,2018-2022,pt-BR,True,other,checker,False,False,False
39691,test,1,-0.5972622632980347,0.7352141737937927,1.3324764370918274,0.7912499714851841,0.8046083595643253,1,1,fakes,agency_claim,desconhecido,2018-2022,desconhecido,False,none,v1,False,False,False
7026,test,1,-0.40576520562171936,0.5454004406929016,0.951165646314621,0.7213495384817891,0.6839044851399879,1,1,Fake.br,portal,desconhecido,sem_data,desconhecido,False,none,v1,False,False,False
14731,test,0,-0.24655920267105103,0.39748942852020264,0.6440486311912537,0.6556680849215102,0.563018625657141,1,1,FakeWhatsApp.BR_2018,whatsapp,desconhecido,2018-2022,desconhecido,False,none,v1,False,False,False
1036123901881694619,test,1,-0.4725853204727173,0.6032310128211975,1.0758163332939148,0.7457014471080016,0.7275364194946694,1,1,FC_GFC,agency_claim,BOL - UOL,sem_data,pt-BR,False,false_pure,checker,False,False,False
403116598675535177,test,1,-0.4493037462234497,0.6817152500152588,1.1310189962387085,0.7560269022126012,0.7456092286182238,1,1,FC_BOATOS,agency_claim,boatos.org,>=2023,pt-BR,False,false_pure,checker_match,False,False,False
407476458814244338,test,1,-0.5388456583023071,0.7492114901542664,1.2880571484565735,0.7838181598578562,0.7925522403527515,1,1,FC_G1,agency_claim,g1,2018-2022,pt-BR,False,false_pure,checker,False,False,False
168184330143521380,test,1,-0.2691992521286011,0.492191880941391,0.7613911330699921,0.6816556876073164,0.6109893149065145,1,1,FC_G1,agency_claim,g1,2018-2022,pt-BR,False,false_pure,checker,False,False,False
189470719507255548,test,1,-0.20713932812213898,0.21022051572799683,0.4173598438501358,0.6028513114005024,0.46774911281767034,0,0,FC_POLIGRAFO,agency_claim,poligrafo,>=2023,pt-BR,True,hard,checker,False,False,False
12877,test,0,-0.3980672061443329,0.3633716404438019,0.7614388465881348,0.6816660414087993,0.6110084554097336,1,1,FakeWhatsApp.BR_2018,whatsapp,desconhecido,2018-2022,desconhecido,False,none,v1,False,False,False
976289606856043477,test,1,-0.6339372396469116,0.8188930749893188,1.4528303146362305,0.8104336400179345,0.8345857844824179,1,1,FC_EFARSAS,agency_claim,efarsas,<=2017,pt-BR,False,false_pure,checker,False,False,False
919879510002559762,test,1,-0.37378284335136414,0.41335585713386536,0.7871387004852295,0.687216624143355,0.6212669766247872,1,1,EXT_AVERITECBR,external_claim,ext_averitecbr,2018-2022,pt-BR,False,other,checker,False,False,False
42953,test,1,-0.4819282591342926,0.5779579877853394,1.059886246919632,0.7426688063411175,0.7221742479152476,1,1,fakes,agency_claim,desconhecido,2018-2022,desconhecido,False,false_pure,v1,False,False,False
472256560802500879,test,0,-0.10899502784013748,0.19882091879844666,0.30781594663858414,0.5763520691586154,0.4221213786249424,0,0,EXT_LIARBR,external_claim,ext_liarbr,sem_data,pt-BR,False,true_rating,checker,False,False,False
97146856214852291,test,1,-0.2781379818916321,0.5548560619354248,0.8329940438270569,0.6969876322116046,0.6392992435237298,1,1,FC_BOATOS,agency_claim,boatos,2018-2022,pt-BR,False,false_pure,checker,False,False,False
306783154297604239,test,0,-0.0913393422961235,-0.008167828433215618,0.08317151386290789,0.520780900522092,0.33331592249275466,0,0,FC_POLIGRAFO,agency_claim,poligrafo,>=2023,pt-BR,True,true_rating,checker,False,False,False
54999119782775977,test,1,-0.5587477684020996,0.695952296257019,1.2547000646591187,0.7781124043608629,0.7831432839702753,1,1,FC_BOATOS,agency_claim,boatos,>=2023,pt-BR,False,false_pure,checker,False,False,False
291977289303403853,test,1,-0.3765498101711273,0.5141226649284363,0.8906724750995636,0.7090289283232455,0.6614300556118391,1,1,FC_BOATOS_VIRAL,social,boatos,>=2023,pt-BR,False,false_pure,checker,False,False,False
808478226103930306,test,1,-0.21321462094783783,0.13446664810180664,0.34768126904964447,0.5860551800002819,0.4386146551614574,0,0,FC_OBSERVADOR,agency_claim,observador,>=2023,pt-PT,True,false_pure,checker,False,False,False
655409153316829387,test,1,-0.3898755609989166,0.48597344756126404,0.8758490085601807,0.7059612957990659,0.6558048604075222,1,1,FC_BOATOS_VIRAL,social,boatos,>=2023,pt-BR,False,false_pure,checker,False,False,False
962416246757613961,test,1,-0.37668588757514954,0.30709579586982727,0.6837816834449768,0.6645822066542745,0.5794420880254808,1,1,FC_POLIGRAFO,agency_claim,poligrafo,>=2023,pt-BR,True,false_pure,checker,False,False,False
1102611831463391378,test,0,-0.11877498030662537,0.05378022789955139,0.17255520820617676,0.543032080576052,0.3676378626423265,0,0,FC_POLIGRAFO,agency_claim,poligrafo,>=2023,pt-BR,True,true_rating,checker,False,False,False
522854868227385572,test,1,-0.1830187439918518,0.2889026701450348,0.4719214141368866,0.6158384284081806,0.4907275744611374,0,0,EXT_LIARBR,external_claim,ext_liarbr,sem_data,pt-BR,False,false_pure,checker,False,False,False
12357,test,1,-0.23947714269161224,0.29694974422454834,0.5364268869161606,0.6309808297894425,0.5179368740953156,1,0,FakeWhatsApp.BR_2018,whatsapp,desconhecido,2018-2022,desconhecido,False,none,v1,False,False,False
244839705433589281,test,0,-0.1826711744070053,-0.1183503195643425,0.06432085484266281,0.516074672118654,0.32628374527996423,0,0,EXT_LIARBR,external_claim,ext_liarbr,sem_data,pt-BR,False,true_rating,checker,False,False,False
946875181170675715,test,1,-0.4165770709514618,0.4750957190990448,0.8916727900505066,0.709235257047464,0.6618080377543057,1,1,FC_COMPROVA,agency_claim,comprova,2018-2022,pt-BR,False,other,checker_match,False,False,False
744630977158333357,test,1,-0.3416922986507416,0.26019397377967834,0.6018862724304199,0.6460877369686562,0.5454394231587995,1,0,FC_BOATOS,agency_claim,boatos.org,2018-2022,pt-BR,False,false_pure,checker_match,False,False,False
147778233960682092,test,1,-0.5204232335090637,0.725981593132019,1.2464048266410828,0.7766768990706822,0.7807561239400016,1,1,FC_G1,agency_claim,g1,2018-2022,pt-BR,False,false_pure,checker,False,False,False
14146,test,1,-0.2715286910533905,0.2906548082828522,0.5621834993362427,0.636957609212777,0.5287807188335693,1,0,FakeWhatsApp.BR_2018,whatsapp,desconhecido,2018-2022,desconhecido,False,none,v1,False,False,False
709867624216104845,test,0,-0.34142956137657166,0.3366582691669464,0.6780878305435181,0.6633117874599317,0.5770984470791259,1,1,FC_POLIGRAFO,agency_claim,poligrafo,2018-2022,pt-BR,True,true_rating,checker,False,False,False
758258312578537010,test,1,-0.4607217013835907,0.47229433059692383,0.9330160319805145,0.717686772187997,0.6772452981547747,1,1,EXT_LIARBR,external_claim,ext_liarbr,sem_data,pt-BR,False,false_pure,checker,False,False,False
43074,test,1,-0.11897643655538559,0.10098311305046082,0.2199595496058464,0.5547692438686496,0.3864273340868395,0,0,fakes,agency_claim,desconhecido,2018-2022,desconhecido,False,none,v1,False,False,False
995532349625133290,test,0,-0.3322129547595978,0.43427854776382446,0.7664915025234222,0.6827614470605643,0.6130334048689983,1,1,EXT_LIARBR,external_claim,ext_liarbr,sem_data,pt-BR,False,true_rating,checker,False,False,False
15500,test,1,-0.23943406343460083,0.39701220393180847,0.6364462673664093,0.6539496933006894,0.5598592567580214,1,0,FakeWhatsApp.BR_2018,whatsapp,desconhecido,2018-2022,desconhecido,False,none,v1,False,False,False
40465,test,1,-0.32557213306427,0.4244872033596039,0.7500593364238739,0.6791916281476406,0.6064339394117908,1,1,fakes,agency_claim,desconhecido,2018-2022,desconhecido,True,false_pure,v1,False,False,False
839241921092926988,test,0,-0.23186825215816498,0.1502809226512909,0.38214917480945587,0.5943913530091078,0.45298643432189145,0,0,FC_POLIGRAFO,agency_claim,poligrafo,>=2023,pt-BR,True,true_rating,checker,False,False,False
967797567606595747,test,0,-0.4557042717933655,0.5455073118209839,1.0012115836143494,0.7312967237296183,0.7018747572930246,1,1,NEWS_BRASILDEFATO,press_true,brasildefato,<=2017,pt-BR,False,none,llm_local,False,False,False
7198,test,1,-0.4267110526561737,0.48836952447891235,0.9150805771350861,0.7140386799002718,0.6705932597920579,1,1,Fake.br,portal,desconhecido,sem_data,desconhecido,False,none,v1,False,False,False
4054,test,1,-0.17603780329227448,0.229386106133461,0.4054239094257355,0.5999901122754823,0.46273712869151457,0,0,Fake.br,portal,desconhecido,sem_data,desconhecido,False,none,v1,False,False,False
285453704912744082,test,1,-0.3079946041107178,0.6026422381401062,0.910636842250824,0.7131304626954904,0.6689343818272171,1,1,FC_BOATOS,agency_claim,boatos.org,>=2023,pt-BR,False,false_pure,checker_match,False,False,False
525015211715780313,test,1,-0.36101600527763367,0.4222929775714874,0.7833089828491211,0.6863928369462409,0.619744895199883,1,1,FC_LUPA,agency_claim,lupa,>=2023,pt-BR,False,false_pure,checker_match,False,False,False
130382370272738644,test,1,-0.5605410933494568,0.5196107625961304,1.0801518559455872,0.7465227195898625,0.7289845272297839,1,1,FC_BOATOS,agency_claim,boatos,>=2023,pt-BR,False,false_pure,checker,False,False,False
17052,test,0,-0.3174292743206024,0.33505064249038696,0.6524799168109894,0.6575690884592513,0.5665164945393443,1,1,FakeWhatsApp.BR_2018,whatsapp,desconhecido,2018-2022,desconhecido,False,none,v1,False,False,False
306045747552709457,test,1,-0.1671278029680252,0.19325488805770874,0.36038269102573395,0.5891330696068457,0.4438999890976315,0,0,EXT_LIARBR,external_claim,ext_liarbr,sem_data,pt-BR,False,false_pure,checker,False,False,False
577930779804722503,test,1,-0.4109528362751007,0.633143961429596,1.0440967977046967,0.7396397121172535,0.7167958207850091,1,1,FC_AOSFATOS,agency_claim,aosfatos,>=2023,pt-BR,False,false_pure,checker,False,False,False
692514603735863042,test,1,-0.37592145800590515,0.4551073908805847,0.8310288488864899,0.69657243055213,0.6385340384589655,1,1,FC_BOATOS,agency_claim,boatos.org,>=2023,pt-BR,False,false_pure,checker_match,False,False,False
41714162618147629,test,0,-0.39120233058929443,0.5112837553024292,0.9024860858917236,0.7114601259862433,0.6658807282339582,1,1,NEWS_PODER360,press_true,poder360,<=2017,pt-BR,False,none,llm_local,False,False,False
464434280070246202,test,0,-0.11777342110872269,0.34634047746658325,0.46411389857530594,0.6139896523284979,0.4874347787733178,0,0,NEWS_PODER360,press_true,poder360,<=2017,pt-BR,False,none,llm_local,False,False,False
919482259451082255,test,1,-0.6181424856185913,0.907954216003418,1.5260967016220093,0.8214344970972889,0.8509588997702802,1,1,FC_BOATOS,agency_claim,boatos,<=2017,pt-BR,False,false_pure,checker,False,False,False
477692819466921050,test,1,-0.4278925955295563,0.48123255372047424,0.9091251492500305,0.7128211078748544,0.6683690950261137,1,1,FC_BOATOS,agency_claim,boatos,2018-2022,pt-BR,False,false_pure,checker,False,False,False
48343,test,0,-0.009629295207560062,-0.09643581509590149,-0.08680651988834143,0.4783119872546342,0.27286911764596833,0,0,true,press_true,desconhecido,2018-2022,desconhecido,True,none,v1,False,False,False
807976192399739552,test,1,-0.5397571325302124,0.8104807734489441,1.3502379059791565,0.7941685201934491,0.8092782862518597,1,1,FC_BOATOS,agency_claim,boatos,<=2017,pt-BR,False,false_pure,checker,False,False,False
43784,test,1,-0.5203790664672852,0.4596509635448456,0.9800300300121307,0.7271141749112962,0.6943405781979195,1,1,fakes,agency_claim,desconhecido,2018-2022,desconhecido,False,false_pure,v1,False,False,False
294435500600463395,test,1,-0.5576668977737427,0.6408135294914246,1.1984804272651672,0.7682543496607523,0.7665964158180852,1,1,FC_BOATOS,agency_claim,boatos,>=2023,pt-BR,False,false_pure,checker,False,False,False
1131600829180647966,test,1,-0.2543615400791168,0.18375061452388763,0.43811215460300446,0.6078091031578906,0.4764780805995659,0,0,FC_POLIGRAFO,agency_claim,poligrafo,>=2023,pt-BR,True,other,checker,False,False,False
821457492191582647,test,1,-0.3537552058696747,0.4320738613605499,0.7858290672302246,0.6869350495618224,0.6207467434579854,1,1,EXT_AVERITECBR,external_claim,ext_averitecbr,2018-2022,pt-BR,False,other,checker,False,False,False
6283,test,0,-0.5032146573066711,0.4703487753868103,0.9735634326934814,0.7258291954430063,0.6920193136591825,1,1,Fake.br,portal,desconhecido,sem_data,desconhecido,False,none,v1,False,False,False
1094530663322836651,test,1,-0.6271601915359497,0.6892915964126587,1.3164517879486084,0.788590770774934,0.8003212381599636,1,1,EXT_AVERITECBR,external_claim,ext_averitecbr,2018-2022,pt-BR,False,other,checker,False,False,False
8040,test,1,-0.43921229243278503,0.5399793386459351,0.9791916310787201,0.7269477888340582,0.6940401774053643,1,1,Fake.br,portal,desconhecido,sem_data,desconhecido,False,none,v1,False,False,False
1034332970644870884,test,1,-0.4137173593044281,0.46360012888908386,0.877317488193512,0.7062660304982854,0.6563641027440619,1,1,FC_POLIGRAFO,agency_claim,poligrafo,>=2023,pt-BR,True,false_pure,checker,False,False,False
482569867484824932,test,1,-0.18162356317043304,0.4257042706012726,0.6073278337717056,0.6473310041348052,0.5477155591816725,1,0,FC_BOATOS,agency_claim,boatos,>=2023,pt-BR,False,false_pure,checker,False,False,False
1043892173789331755,test,1,-0.46928247809410095,0.47704842686653137,0.9463309049606323,0.7203766950740376,0.6821378067829719,1,1,FC_BOATOS,agency_claim,boatos,2018-2022,pt-BR,False,false_pure,checker,False,False,False
1054583396757591925,test,1,-0.6585463881492615,0.7197250127792358,1.3782714009284973,0.7987132361750762,0.8164745470473777,1,1,FC_BOATOS,agency_claim,boatos,>=2023,pt-BR,False,false_pure,checker,False,False,False
32307,test,1,-0.306795209646225,0.5137037038803101,0.820498913526535,0.6943422353377604,0.6344220021429365,1,1,fakes,agency_claim,desconhecido,2018-2022,desconhecido,False,none,v1,False,False,False
402210612592209762,test,1,-0.39457300305366516,0.719713568687439,1.1142865717411041,0.7529273969300532,0.7402155390017633,1,1,FC_BOATOS_VIRAL,social,boatos,<=2017,pt-BR,False,false_pure,checker,False,False,False
4890,test,1,-0.4021417200565338,0.45738962292671204,0.8595313429832458,0.7025627291636269,0.6495617927105904,1,1,Fake.br,portal,desconhecido,sem_data,desconhecido,False,none,v1,False,False,False
854516337996054157,test,1,-0.27180856466293335,0.2900238335132599,0.5618323981761932,0.6368764157595697,0.5286330601577209,1,0,FC_POLIGRAFO,agency_claim,poligrafo,>=2023,pt-BR,True,false_pure,checker,False,False,False
818480311099396324,test,1,-0.4787124693393707,0.5485104918479919,1.0272229611873627,0.7363771548305268,0.7109789444090377,1,1,FC_AFP,agency_claim,afp,>=2023,pt-BR,False,false_pure,checker,False,False,False
1021769439229503035,test,1,-0.18206575512886047,0.19120590388774872,0.3732716590166092,0.5922492894105555,0.44927636987003455,0,0,FC_EFARSAS,agency_claim,efarsas,<=2017,pt-BR,False,false_pure,checker,False,False,False
162348670942401013,test,1,-0.251963347196579,0.3024691641330719,0.5544325113296509,0.6351633547705592,0.5255198470134574,1,0,FC_BOATOS,agency_claim,boatos,2018-2022,pt-BR,False,false_pure,checker,False,False,False
16223,test,0,-0.35709163546562195,0.34990498423576355,0.7069966197013855,0.6697371832417539,0.5889595000169235,1,1,FakeWhatsApp.BR_2018,whatsapp,desconhecido,2018-2022,desconhecido,False,none,v1,False,False,False
173240788698497422,test,1,-0.4240652024745941,0.6187589168548584,1.0428241193294525,0.7393945541321318,0.7163595696616357,1,1,FC_BOATOS,agency_claim,boatos.org,>=2023,pt-BR,False,false_pure,checker_match,False,False,False
24726725357979349,test,1,-0.3109825551509857,0.4967399537563324,0.8077225089073181,0.6916239725315542,0.6294063036700788,1,1,FC_BOATOS,agency_claim,boatos,>=2023,pt-BR,False,false_pure,checker,False,False,False
29927,test,1,-0.3357214629650116,0.4514418840408325,0.7871633470058441,0.6872219218869298,0.621276764434527,1,1,fakes,agency_claim,desconhecido,sem_data,desconhecido,False,none,v1,False,False,False
4487,test,0,-0.3921383321285248,0.6163550615310669,1.0084933936595917,0.7327252004605614,0.7044400488128433,1,1,Fake.br,portal,desconhecido,sem_data,desconhecido,False,none,v1,False,False,False
64498450263548589,test,0,-0.36233749985694885,0.6247239112854004,0.9870614111423492,0.7285071054430697,0.6968534252443949,1,1,NEWS_PODER360,press_true,poder360,2018-2022,pt-BR,False,none,llm_local,False,False,False
25401,test,1,-0.36511707305908203,0.1538570374250412,0.5189741104841232,0.6269078477591448,0.5105788022461665,1,0,fakes,agency_claim,desconhecido,2018-2022,desconhecido,False,none,v1,False,False,False
286896959231706445,test,1,-0.30137133598327637,0.3513849973678589,0.6527563333511353,0.6576313270083759,0.5666310606910344,1,1,FC_POLIGRAFO,agency_claim,poligrafo,>=2023,pt-BR,True,false_pure,checker,False,False,False
706,test,1,-0.37673917412757874,0.4833235442638397,0.8600627183914185,0.7026737578475994,0.6497659174961051,1,1,COVID19.BR,covid,desconhecido,sem_data,desconhecido,False,none,v1,False,False,False
283434771146795036,test,1,-0.3348363935947418,0.5018218755722046,0.8366582691669464,0.6977609424342069,0.6407241248715244,1,1,FC_BOATOS,agency_claim,boatos,<=2017,pt-BR,False,false_pure,checker,False,False,False
198306271355213888,test,1,-0.3561438322067261,0.48897987604141235,0.8451237082481384,0.6995432296130606,0.6440065101296931,1,1,FC_BOATOS_VIRAL,social,boatos,2018-2022,pt-BR,False,false_pure,checker,False,False,False
1112716796099369876,test,1,-0.17066030204296112,0.24532358348369598,0.4159838855266571,0.602521830670668,0.4671709867233942,0,0,FC_POLIGRAFO,agency_claim,poligrafo,>=2023,pt-BR,True,other,checker,False,False,False
595844642651362682,test,0,-0.3005693256855011,0.35187166929244995,0.652440994977951,0.6575603242992005,0.566500362065625,1,1,EXT_LIARBR,external_claim,ext_liarbr,sem_data,pt-BR,False,true_rating,checker,False,False,False
502489305417938262,test,1,-0.0886479914188385,0.017037760466337204,0.1056857518851757,0.5263968726029842,0.3418128319049287,0,0,FC_POLIGRAFO,agency_claim,poligrafo,>=2023,pt-BR,True,false_pure,checker,False,False,False
34312,test,1,-0.29930469393730164,0.3262891173362732,0.6255938112735748,0.6514897021579372,0.5553408700334755,1,0,fakes,agency_claim,desconhecido,2018-2022,desconhecido,False,none,v1,False,False,False
7795,test,0,-0.34978047013282776,0.42232051491737366,0.7721009850502014,0.6839752036562303,0.6152769422256981,1,1,Fake.br,portal,desconhecido,sem_data,desconhecido,False,none,v1,False,False,False
501742753176992051,test,1,-0.526031494140625,0.7328614592552185,1.2588929533958435,0.7788354770064473,0.7843427195873505,1,1,FC_BOATOS,agency_claim,boatos,<=2017,pt-BR,False,false_pure,checker,False,False,False
480723393097896222,test,1,-0.6068085432052612,0.6623551845550537,1.269163727760315,0.7805995582859075,0.7872604663350129,1,1,FC_BOATOS,agency_claim,boatos,2018-2022,pt-BR,False,false_pure,checker,False,False,False
686594568607277153,test,0,-0.32453566789627075,0.3043244183063507,0.6288600862026215,0.6522309452913918,0.5567017714292194,1,0,NEWS_ECO,press_true,eco,<=2017,pt-PT,True,none,llm_local,False,False,False
1053683686078489689,test,1,-0.3934643566608429,0.38663917779922485,0.7801035344600677,0.6857024275558663,0.6184691092027533,1,1,EXT_AVERITECBR,external_claim,ext_averitecbr,2018-2022,pt-BR,False,other,checker,False,False,False
42193,test,1,-0.46514585614204407,0.5702217817306519,1.035367637872696,0.7379552002382117,0.7137954859778375,1,1,fakes,agency_claim,desconhecido,2018-2022,desconhecido,False,none,v1,False,False,False
41107,test,1,-0.27021944522857666,0.19482359290122986,0.4650430381298065,0.6142098409749379,0.4878265889511076,0,0,fakes,agency_claim,desconhecido,2018-2022,desconhecido,True,false_pure,v1,False,False,False
1518,test,1,-0.47597694396972656,0.4919579327106476,0.9679348766803741,0.7247076836015508,0.689990935100983,1,1,COVID19.BR,covid,desconhecido,sem_data,desconhecido,False,none,v1,False,False,False
673421778115472980,test,1,-0.4118325412273407,0.4896661639213562,0.9014987051486969,0.7112573895972407,0.6655098569183516,1,1,FC_ESTADAO,agency_claim,estadao,sem_data,pt-BR,False,false_pure,checker,False,False,False
409030182195969411,test,0,-0.43779417872428894,0.4513912796974182,0.8891854584217072,0.7087220511816735,0.6608677860437352,1,1,NEWS_PODER360,press_true,poder360,<=2017,pt-BR,False,none,llm_local,False,False,False
3018,test,1,-0.5458180904388428,0.7123085260391235,1.2581266164779663,0.7787034466710471,0.7841238577298036,1,1,Fake.br,portal,desconhecido,sem_data,desconhecido,False,none,v1,False,False,False
829,test,0,-0.2975115478038788,0.35755854845046997,0.6550700962543488,0.6581520860331501,0.5675897637580657,1,1,COVID19.BR,covid,desconhecido,sem_data,desconhecido,False,none,v1,False,False,False
472424080337611351,test,0,-0.2124844342470169,0.1973317414522171,0.409816175699234,0.6010438004104927,0.46458065135331905,0,0,NEWS_ECO,press_true,eco,2018-2022,pt-PT,True,none,llm_local,False,False,False
1129499570393349892,test,1,-0.507988691329956,0.60550856590271,1.113497257232666,0.7527805332301706,0.7399592788727961,1,1,FC_BOATOS,agency_claim,boatos,2018-2022,pt-BR,False,false_pure,checker,False,False,False
778023835056275588,test,1,-0.33966225385665894,0.3178721070289612,0.6575343608856201,0.658706299527856,0.5686102703521293,1,1,FC_BOATOS,agency_claim,boatos,2018-2022,pt-BR,False,false_pure,checker,False,False,False
1075582967304039602,test,1,-0.5237733125686646,0.6694665551185608,1.1932398676872253,0.7673200111519037,0.7650100802063057,1,1,FC_BOATOS,agency_claim,boatos,<=2017,pt-BR,False,false_pure,checker,False,False,False
737861693510565790,test,1,-0.27520182728767395,0.31351032853126526,0.5887121558189392,0.6430695999118702,0.5399211709407208,1,0,FC_POLIGRAFO,agency_claim,poligrafo,>=2023,pt-BR,True,other,checker,False,False,False
12176,test,1,-0.2352614849805832,0.37030115723609924,0.6055626422166824,0.6469279175187183,0.5469774159596258,1,0,FakeWhatsApp.BR_2018,whatsapp,desconhecido,2018-2022,desconhecido,False,none,v1,False,False,False
433350064039367239,test,1,-0.12124317139387131,0.13977940380573273,0.26102257519960403,0.5648876468015804,0.4029835944047211,0,0,FC_POLIGRAFO,agency_claim,poligrafo,>=2023,pt-BR,True,other,checker,False,False,False
25608,test,1,-0.27541878819465637,0.2621712386608124,0.5375900268554688,0.6312516186863686,0.518427011591745,1,0,fakes,agency_claim,desconhecido,<=2017,desconhecido,False,none,v1,False,False,False
645815000575554897,test,1,-0.2993370592594147,0.38318291306495667,0.6825199723243713,0.6643008968471005,0.5789230612815338,1,1,FC_POLIGRAFO,agency_claim,poligrafo,>=2023,pt-BR,True,false_pure,checker,False,False,False
324640137183532892,test,1,-0.25704118609428406,0.19587324559688568,0.45291443169116974,0.611331942342369,0.4827134137422219,0,0,EXT_LIARBR,external_claim,ext_liarbr,sem_data,pt-BR,False,false_pure,checker,False,False,False
7342,test,1,-0.34698641300201416,0.43148764967918396,0.7784740626811981,0.6853511463646836,0.6178199421657748,1,1,Fake.br,portal,desconhecido,sem_data,desconhecido,False,none,v1,False,False,False
124054324149355023,test,0,-0.2070511281490326,0.20823925733566284,0.41529038548469543,0.6023557330462355,0.46687963732215293,0,0,FC_POLIGRAFO,agency_claim,poligrafo,>=2023,pt-BR,True,true_rating,checker,False,False,False
280583007659983866,test,1,-0.5953075885772705,0.639026403427124,1.2343339920043945,0.7745762239256639,0.7772487913038245,1,1,FC_OBSERVADOR,agency_claim,observador,>=2023,pt-PT,True,false_pure,checker,False,False,False
33081,test,1,-0.6105976104736328,0.7950623631477356,1.4056599736213684,0.8030805049684817,0.823300217483259,1,1,fakes,agency_claim,desconhecido,2018-2022,desconhecido,False,false_pure,v1,False,False,False
376623107235072744,test,1,-0.13741299510002136,0.37398621439933777,0.5113992094993591,0.6251344245145748,0.5073836173905095,1,0,FC_ESTADAO,agency_claim,estadao,sem_data,pt-BR,False,hard,checker,False,False,False
13592,test,0,-0.23273512721061707,0.14240144193172455,0.3751365691423416,0.5926995690896553,0.4500552934085454,0,0,FakeWhatsApp.BR_2018,whatsapp,desconhecido,2018-2022,desconhecido,False,none,v1,False,False,False
423333687869439812,test,0,-0.29662078619003296,0.4077148139476776,0.7043356001377106,0.6691483285946082,0.5878717938664959,1,1,NEWS_BRASILDEFATO,press_true,brasildefato,<=2017,pt-BR,False,none,llm_local,False,False,False
1075043897619053982,test,0,-0.10848169773817062,0.1862248182296753,0.2947065159678459,0.5731479735369812,0.41673355887795854,0,0,EXT_LIARBR,external_claim,ext_liarbr,sem_data,pt-BR,False,true_rating,checker,False,False,False
14069,test,0,-0.2680390179157257,0.37428563833236694,0.6423246562480927,0.6552787631142778,0.5623026197234953,1,1,FakeWhatsApp.BR_2018,whatsapp,desconhecido,2018-2022,desconhecido,False,none,v1,False,False,False
44731,test,1,-0.5218237638473511,0.6389562487602234,1.1607800126075745,0.7614744183068345,0.7550187100920074,1,1,fakes,agency_claim,desconhecido,2018-2022,desconhecido,False,none,v1,False,False,False
1008650070272219133,test,1,-0.668597400188446,0.7032191753387451,1.3718165755271912,0.797673490129289,0.8148364495535452,1,1,FC_EFARSAS,agency_claim,efarsas,<=2017,pt-BR,False,false_pure,checker,False,False,False
16665,test,1,-0.2938179671764374,0.3566526472568512,0.6504706144332886,0.6571165067228039,0.5656834875540723,1,1,FakeWhatsApp.BR_2018,whatsapp,desconhecido,2018-2022,desconhecido,False,none,v1,False,False,False
735,test,0,-0.4060160219669342,0.35282447934150696,0.7588405013084412,0.6811019411549563,0.6099656202350892,1,1,COVID19.BR,covid,desconhecido,sem_data,desconhecido,False,none,v1,False,False,False
1058521619883284615,test,1,-0.5434905290603638,0.7438147664070129,1.2873052954673767,0.7836907332493258,0.7923435264278679,1,1,FC_BOATOS,agency_claim,boatos,>=2023,pt-BR,False,false_pure,checker,False,False,False
29065,test,1,-0.23555012047290802,0.11573770642280579,0.3512878268957138,0.5869298387095286,0.4401140593756356,0,0,fakes,agency_claim,desconhecido,2018-2022,desconhecido,False,none,v1,False,False,False
203277943377861383,test,0,-0.13613802194595337,0.12240805476903915,0.2585460767149925,0.5642788517275928,0.40197838709593925,0,0,FC_POLIGRAFO,agency_claim,poligrafo,>=2023,pt-BR,True,true_rating,checker,False,False,False
556891978221116788,test,1,-0.5230003595352173,0.49623820185661316,1.0192385613918304,0.7348242539217835,0.7082019239274576,1,1,FC_BOATOS,agency_claim,boatos,2018-2022,pt-BR,False,false_pure,checker,False,False,False
198003790011472438,test,1,-0.30118757486343384,0.2899496555328369,0.5911372303962708,0.6436260365910389,0.5409377397700289,1,0,FC_BOATOS,agency_claim,boatos.org,>=2023,pt-BR,False,false_pure,checker_match,False,False,False
288127487021068241,test,0,-0.1597319394350052,0.253481388092041,0.4132133275270462,0.6018581236495436,0.46600717114598855,0,0,FC_POLIGRAFO,agency_claim,poligrafo,>=2023,pt-BR,True,true_rating,checker,False,False,False
39089,test,1,-0.4175921380519867,0.6888841390609741,1.1064762771129608,0.7514715970938679,0.7376726316945302,1,1,fakes,agency_claim,desconhecido,2018-2022,desconhecido,False,hard,v1,False,False,False
12830,test,0,-0.22307418286800385,0.3960144519805908,0.6190886348485947,0.6500112444322713,0.5526280175793638,1,0,FakeWhatsApp.BR_2018,whatsapp,desconhecido,2018-2022,desconhecido,False,none,v1,False,False,False
591241968632023609,test,0,-0.1369391530752182,0.11601749807596207,0.25295665115118027,0.5629040992173527,0.39971268516372394,0,0,FC_POLIGRAFO,agency_claim,poligrafo,>=2023,pt-BR,True,true_rating,checker,False,False,False
378567650022897894,test,1,-0.6400339603424072,0.7283493280410767,1.3683832883834839,0.797118823900365,0.8139605616120797,1,1,EXT_AVERITECBR,external_claim,ext_averitecbr,2018-2022,pt-BR,False,other,checker,False,False,False
14838,test,1,-0.25479522347450256,0.49711498618125916,0.7519102096557617,0.6795947817577787,0.6071792782177595,1,1,FakeWhatsApp.BR_2018,whatsapp,desconhecido,2018-2022,desconhecido,False,none,v1,False,False,False
27231,test,1,-0.3110901415348053,0.3005409240722656,0.6116310656070709,0.6483127803548754,0.5495141390468616,1,0,fakes,agency_claim,desconhecido,<=2017,desconhecido,False,none,v1,False,False,False
6653,test,0,-0.3005560636520386,0.4670267403125763,0.7675828039646149,0.6829977738884067,0.6134702549907555,1,1,Fake.br,portal,desconhecido,sem_data,desconhecido,False,none,v1,False,False,False
33649,test,1,-0.33104169368743896,0.5167125463485718,0.8477542400360107,0.7000958309775246,0.645023737928468,1,1,fakes,agency_claim,desconhecido,2018-2022,desconhecido,False,none,v1,False,False,False
6987,test,0,-0.32901909947395325,0.41854986548423767,0.7475689649581909,0.6786487582343024,0.6054302956006675,1,1,Fake.br,portal,desconhecido,sem_data,desconhecido,False,none,v1,False,False,False
5687,test,0,-0.4814482629299164,0.4615974426269531,0.9430457055568695,0.719714465001865,0.6809343483763739,1,1,Fake.br,portal,desconhecido,sem_data,desconhecido,False,none,v1,False,False,False
823543897918282143,test,1,-0.5428255200386047,0.5870983600616455,1.1299238801002502,0.7558248511633683,0.7452584843920501,1,1,FC_BOATOS,agency_claim,boatos.org,2018-2022,pt-BR,False,false_pure,checker_match,False,False,False
468459276787821542,test,1,-0.4129246175289154,0.4011160433292389,0.8140406608581543,0.6929698756043464,0.6318902192110997,1,1,EXT_AVERITECBR,external_claim,ext_averitecbr,2018-2022,pt-BR,False,other,checker,False,False,False
41539,test,1,-0.03312917798757553,-0.10879769921302795,-0.07566852122545242,0.48109189071913916,0.2766148802279573,0,0,fakes,agency_claim,desconhecido,2018-2022,desconhecido,True,true_rating,v1,False,False,False
28502,test,1,-0.3874277174472809,0.41825008392333984,0.8056778013706207,0.6911877060067433,0.6286009724711621,1,1,fakes,agency_claim,desconhecido,2018-2022,desconhecido,False,none,v1,False,False,False
11508,test,0,-0.1681445986032486,0.33233317732810974,0.5004777759313583,0.6225716037483329,0.5027758303217814,1,0,FakeWhatsApp.BR_2018,whatsapp,desconhecido,2018-2022,desconhecido,False,none,v1,False,False,False
41183,test,1,-0.15324169397354126,0.06732019037008286,0.22056188434362411,0.554918015835208,0.38666840372163785,0,0,fakes,agency_claim,desconhecido,2018-2022,desconhecido,True,false_pure,v1,False,False,False
13327,test,0,-0.12207547575235367,0.3187818229198456,0.44085729867219925,0.6084632888891447,0.4776339536605199,0,0,FakeWhatsApp.BR_2018,whatsapp,desconhecido,2018-2022,desconhecido,False,none,v1,False,False,False
369069004533328542,test,0,-0.19719643890857697,0.21979939937591553,0.4169958382844925,0.602764157340798,0.4675961628394922,0,0,EXT_LIARBR,external_claim,ext_liarbr,sem_data,pt-BR,False,true_rating,checker,False,False,False
1022143010642987948,test,1,-0.49997183680534363,0.8341652750968933,1.334137111902237,0.791524138210135,0.8050486353963174,1,1,FC_EFARSAS,agency_claim,efarsas,2018-2022,pt-BR,False,false_pure,checker,False,False,False
5028,test,1,-0.5597314238548279,0.6108288764953613,1.1705603003501892,0.7632462777162132,0.7580590959735086,1,1,Fake.br,portal,desconhecido,sem_data,desconhecido,False,none,v1,False,False,False
905579585433529594,test,1,-0.06714684516191483,0.05833686515688896,0.1254837103188038,0.5313298279867534,0.3493696661801874,0,0,EXT_LIARBR,external_claim,ext_liarbr,sem_data,pt-BR,False,false_pure,checker,False,False,False
28705,test,1,-0.10278241336345673,0.29582223296165466,0.3986046463251114,0.598352365280849,0.459876982324592,0,0,fakes,agency_claim,desconhecido,2018-2022,desconhecido,False,none,v1,False,False,False
21954240140722702,test,1,-0.2846533954143524,0.3133542239665985,0.5980076193809509,0.6452003487698647,0.543815866207483,1,0,FC_POLIGRAFO,agency_claim,poligrafo,2018-2022,pt-BR,True,false_pure,checker,False,False,False
535405758667726200,test,1,-0.7197188138961792,0.7709680795669556,1.4906868934631348,0.8161813491457621,0.8432190411013825,1,1,FC_BEREIA,agency_claim,bereia,2018-2022,pt-BR,False,hard,checker,False,False,False
92736912176925079,test,1,-0.4266059100627899,0.4913918077945709,0.9179977178573608,0.7146339513084429,0.6716799460996441,1,1,FC_BOATOS,agency_claim,boatos,2018-2022,pt-BR,False,false_pure,checker,False,False,False
1022165413063150668,test,1,-0.5193959474563599,0.6030545234680176,1.1224504709243774,0.7544429706922802,0.7428564130414298,1,1,FC_BOATOS,agency_claim,boatos,2018-2022,pt-BR,False,false_pure,checker,False,False,False
890239223674324138,test,1,-0.5784755945205688,0.6212186813354492,1.199694275856018,0.7684703924086455,0.7669627877370235,1,1,FC_BOATOS,agency_claim,boatos,<=2017,pt-BR,False,false_pure,checker,False,False,False
41933,test,1,-0.29597923159599304,0.32709285616874695,0.62307208776474,0.6509169241346537,0.554289618566649,1,0,fakes,agency_claim,desconhecido,2018-2022,desconhecido,True,hard,v1,False,False,False
15297,test,1,-0.2527189552783966,0.3275253176689148,0.5802442729473114,0.6411236115997322,0.5363689615373711,1,0,FakeWhatsApp.BR_2018,whatsapp,desconhecido,2018-2022,desconhecido,False,none,v1,False,False,False
43153,test,1,-0.5907096266746521,0.8098370432853699,1.400546669960022,0.8022706224949917,0.822041213174202,1,1,fakes,agency_claim,desconhecido,2018-2022,desconhecido,False,none,v1,False,False,False
918578015989103974,test,1,-0.34258440136909485,0.42828652262687683,0.7708709239959717,0.6837092619668398,0.6147853896615263,1,1,FC_UOL,agency_claim,uol,sem_data,pt-BR,False,false_pure,checker,False,False,False
27698,test,1,-0.4052079916000366,0.4933222234249115,0.8985302150249481,0.7106473677382494,0.6643936275447915,1,1,fakes,agency_claim,desconhecido,2018-2022,desconhecido,False,none,v1,False,False,False
839865881821727099,test,1,-0.3741941452026367,0.34204670786857605,0.7162408530712128,0.6717786907971388,0.5927313153516797,1,1,FC_POLIGRAFO,agency_claim,poligrafo,>=2023,pt-BR,True,other,checker,False,False,False
417716011845314935,test,1,-0.45495620369911194,0.5676097869873047,1.0225659906864166,0.7354721218911237,0.7093611292307792,1,1,FC_POLIGRAFO,agency_claim,poligrafo,>=2023,pt-BR,True,false_pure,checker,False,False,False
5938,test,1,-0.4857740104198456,0.6238486766815186,1.1096226871013641,0.7520587619604618,0.738698979148373,1,1,Fake.br,portal,desconhecido,sem_data,desconhecido,False,none,v1,False,False,False
34737,test,1,-0.5118824243545532,0.6921474933624268,1.20402991771698,0.7692409075466557,0.7682681290837314,1,1,fakes,agency_claim,desconhecido,2018-2022,desconhecido,False,none,v1,False,False,False
45772,test,0,-0.22863006591796875,0.22275015711784363,0.4513802230358124,0.6109673441859036,0.4820668579930376,0,0,COVID19.BR_raw,covid,desconhecido,sem_data,desconhecido,False,none,v1,False,False,False
1023183625000366446,test,1,-0.5158426761627197,0.6180254220962524,1.1338680982589722,0.7565520363096712,0.7465202484108544,1,1,FC_BOATOS,agency_claim,boatos,2018-2022,pt-BR,False,false_pure,checker,False,False,False
34741,test,1,-0.5349048376083374,0.5228325128555298,1.0577373504638672,0.7422579126524047,0.7214459647773372,1,1,fakes,agency_claim,desconhecido,2018-2022,desconhecido,False,none,v1,False,False,False
764794399354209789,test,1,-0.48464325070381165,0.6568902730941772,1.141533523797989,0.7579610845482557,0.7489606022798689,1,1,FC_BOATOS,agency_claim,boatos.org,2018-2022,pt-BR,False,false_pure,checker_match,False,False,False
32243,test,1,-0.24494339525699615,0.4288256764411926,0.6737690716981888,0.6623466029940637,0.5753184839791441,1,1,fakes,agency_claim,desconhecido,2018-2022,desconhecido,False,none,v1,False,False,False
317043279326673128,test,1,-0.45279788970947266,0.6647383570671082,1.1175362467765808,0.7535314296009996,0.7412688558751978,1,1,FC_AFP,agency_claim,afp,>=2023,pt-BR,False,false_pure,checker,False,False,False
97327538138248493,test,0,-0.42928346991539,0.13519378006458282,0.5644772499799728,0.6374878552983541,0.5297452507097843,1,0,EXT_LIARBR,external_claim,ext_liarbr,sem_data,pt-BR,False,true_rating,checker,False,False,False
13797,test,1,-0.3959929645061493,0.47162631154060364,0.8676192760467529,0.7042500775118604,0.6526627630972438,1,1,FakeWhatsApp.BR_2018,whatsapp,desconhecido,2018-2022,desconhecido,False,none,v1,False,False,False
14547,test,0,-0.293544739484787,0.3971586525440216,0.6907033920288086,0.6661233815400222,0.5822863002331893,1,1,FakeWhatsApp.BR_2018,whatsapp,desconhecido,2018-2022,desconhecido,False,none,v1,False,False,False
31986,test,1,-0.5734836459159851,0.6478521823883057,1.2213358283042908,0.7722985449560117,0.7734274585880067,1,1,fakes,agency_claim,desconhecido,2018-2022,desconhecido,False,other,v1,False,False,False
3817,test,0,-0.45141923427581787,0.49254170060157776,0.9439609348773956,0.7198990530119398,0.6812698652883284,1,1,Fake.br,portal,desconhecido,sem_data,desconhecido,False,none,v1,False,False,False
65058542368669269,test,1,-0.2542637586593628,0.17121276259422302,0.4254765212535858,0.6047929877614848,0.4711611474023678,0,0,FC_LUPA,agency_claim,lupa,>=2023,pt-BR,False,false_pure,checker_match,False,False,False
1871,test,1,-0.32076457142829895,0.4412328600883484,0.7619974315166473,0.681787240611608,0.6112325089244732,1,1,COVID19.BR,covid,desconhecido,sem_data,desconhecido,False,none,v1,False,False,False
671536123780882609,test,1,-0.28860265016555786,0.4298260807991028,0.7184287309646606,0.6722609191190706,0.5936224296977813,1,1,FC_POLIGRAFO,agency_claim,poligrafo,>=2023,pt-BR,True,false_pure,checker,False,False,False
136004613417610013,test,1,-0.650048017501831,0.7135657072067261,1.3636137247085571,0.7963463949679468,0.8127384683314132,1,1,FC_BOATOS,agency_claim,boatos,>=2023,pt-BR,False,false_pure,checker,False,False,False
807163059903130060,test,1,-0.30921971797943115,0.3623771667480469,0.671596884727478,0.6618606361386694,0.5744224819533412,1,1,FC_POLIGRAFO,agency_claim,poligrafo,2018-2022,pt-BR,True,false_pure,checker,False,False,False
633622200257089317,test,1,-0.4530166983604431,0.5858232378959656,1.0388399362564087,0.7386261089897779,0.7149912429141098,1,1,FC_ESTADAO,agency_claim,estadao,sem_data,pt-BR,False,hard,checker,False,False,False
3974,test,1,-0.3990151286125183,0.5120142102241516,0.9110293388366699,0.7132107511264457,0.6690810735179764,1,1,Fake.br,portal,desconhecido,sem_data,desconhecido,False,none,v1,False,False,False
396546701129858392,test,1,-0.3732263743877411,0.3936014473438263,0.7668278217315674,0.6828342887356699,0.6131680535364548,1,1,FC_BOATOS,agency_claim,boatos,<=2017,pt-BR,False,false_pure,checker,False,False,False
549124966120770099,test,0,-0.12276381999254227,0.2599433958530426,0.38270721584558487,0.5945258841847418,0.45321982810088973,0,0,NEWS_BRASILDEFATO,press_true,brasildefato,2018-2022,pt-BR,False,none,llm_local,False,False,False
1152687209332653273,test,1,-0.5961833000183105,0.6559704542160034,1.252153754234314,0.7776724636670959,0.7824125248816892,1,1,FC_ESTADAO,agency_claim,estadao,sem_data,pt-BR,False,false_pure,checker,False,False,False
47448,test,0,-0.1553696095943451,0.22857977449893951,0.3839493840932846,0.5948252921019223,0.45373942334454226,0,0,true,press_true,desconhecido,2018-2022,desconhecido,False,none,v1,False,False,False
589559910261532267,test,0,-0.18360693752765656,0.35993897914886475,0.5435459166765213,0.6326369021037128,0.520936198124384,1,0,NEWS_PODER360,press_true,poder360,<=2017,pt-BR,False,none,llm_local,False,False,False
47595,test,0,-0.2652895748615265,0.2625415027141571,0.5278310775756836,0.628977103337849,0.5143136635112,1,0,true,press_true,desconhecido,2018-2022,desconhecido,False,none,v1,False,False,False
1138559962524645097,test,1,-0.04710032790899277,0.17111743986606598,0.21821776777505875,0.5543389822452937,0.3857305424070582,0,0,EXT_AVERITECBR,external_claim,ext_averitecbr,2018-2022,pt-BR,False,other,checker,False,False,False
514148385975991622,test,1,-0.5414488315582275,0.5638495683670044,1.105298399925232,0.7512515491989702,0.7372877448737821,1,1,FC_AFP,agency_claim,afp,>=2023,pt-BR,False,false_pure,checker,False,False,False
147872437817582110,test,1,-0.3309350311756134,0.47531723976135254,0.8062522709369659,0.6913103114929303,0.6288273062119842,1,1,FC_POLIGRAFO,agency_claim,poligrafo,>=2023,pt-BR,True,other,checker,False,False,False
14939,test,0,-0.22937153279781342,0.24250873923301697,0.4718802720308304,0.615828694902337,0.49071022054432967,0,0,FakeWhatsApp.BR_2018,whatsapp,desconhecido,2018-2022,desconhecido,False,none,v1,False,False,False
512406388348776256,test,0,-0.32593533396720886,0.426950603723526,0.7528859376907349,0.6798072051147792,0.6075719991180867,1,1,FC_EFARSAS,agency_claim,efarsas,2018-2022,pt-BR,False,true_rating,checker,False,False,False
410031929891146537,test,0,-0.3226330578327179,0.5517556667327881,0.874388724565506,0.7056580789860952,0.655248310748236,1,1,NEWS_BRASILDEFATO,press_true,brasildefato,<=2017,pt-BR,False,none,llm_local,False,False,False
47526,test,0,-0.28984418511390686,0.39095351099967957,0.6807976961135864,0.6639167116514106,0.5782142916556804,1,1,true,press_true,desconhecido,2018-2022,desconhecido,False,false_pure,v1,False,False,False
107058128408038008,test,1,-0.38840803503990173,0.634911060333252,1.0233190953731537,0.7356186145914984,0.7096231172708991,1,1,FC_BOATOS_VIRAL,social,boatos,>=2023,pt-BR,False,false_pure,checker,False,False,False
371940860519250688,test,0,-0.5870916843414307,0.7027697563171387,1.2898614406585693,0.7841237356480542,0.7930524788243596,1,1,FC_POLIGRAFO,agency_claim,poligrafo,>=2023,pt-BR,True,true_rating,checker,False,False,False
346044693685127800,test,0,-0.15626119077205658,0.32083314657211304,0.4770943373441696,0.617061510498625,0.4929096998592968,0,0,EXT_LIARBR,external_claim,ext_liarbr,sem_data,pt-BR,False,true_rating,checker,False,False,False
981002247401820561,test,0,-0.3030274212360382,0.4453275501728058,0.748354971408844,0.6788201500778309,0.6057471602869302,1,1,NEWS_PODER360,press_true,poder360,2018-2022,pt-BR,False,none,llm_local,False,False,False
8787,test,0,-0.17223916947841644,0.3237285912036896,0.495967760682106,0.6215112731410375,0.5008728584872663,1,0,Fake.br,portal,desconhecido,sem_data,desconhecido,False,none,v1,False,False,False
569246446244566504,test,1,-0.11815760284662247,0.11522206664085388,0.23337966948747635,0.5580815336298689,0.3918114068565349,0,0,FC_POLIGRAFO,agency_claim,poligrafo,>=2023,pt-BR,True,hard,checker,False,False,False
1044601222618655239,test,1,-0.5274012088775635,0.7755458354949951,1.3029470443725586,0.7863305479776852,0.7966537613463505,1,1,FC_EFARSAS,agency_claim,efarsas,2018-2022,pt-BR,False,false_pure,checker,False,False,False
47352,test,0,-0.17779329419136047,0.12996914982795715,0.3077624440193176,0.576339005351363,0.4220993510537935,0,0,true,press_true,desconhecido,2018-2022,desconhecido,False,none,v1,False,False,False
8637614459534833,test,1,-0.38291653990745544,0.43098777532577515,0.8139043152332306,0.6929408655877668,0.6318366896079155,1,1,FC_BOATOS,agency_claim,boatos.org,>=2023,pt-BR,False,false_pure,checker_match,False,False,False
11340,test,0,-0.19221006333827972,0.3294239938259125,0.5216340571641922,0.6275297840744977,0.5117006083001324,1,0,FakeWhatsApp.BR_2018,whatsapp,desconhecido,2018-2022,desconhecido,False,none,v1,False,False,False
25900,test,1,-0.3760247528553009,0.4767366051673889,0.8527613580226898,0.7011460793322554,0.646956368996245,1,1,fakes,agency_claim,desconhecido,2018-2022,desconhecido,False,none,v1,False,False,False
776097627486353603,test,1,-0.6154153347015381,0.6675307750701904,1.2829461097717285,0.782950852163796,0.791130366180379,1,1,FC_BOATOS,agency_claim,boatos,>=2023,pt-BR,False,false_pure,checker,False,False,False
365987738718715205,test,1,-0.2770518660545349,0.4660815894603729,0.7431334555149078,0.6776806763183468,0.6036405433157671,1,1,FC_POLIGRAFO,agency_claim,poligrafo,>=2023,pt-BR,True,other,checker,False,False,False
640615853713244453,test,1,-0.2939884066581726,0.33926624059677124,0.6332546472549438,0.6532270768476038,0.5585314303954525,1,0,EXT_AVERITECBR,external_claim,ext_averitecbr,2018-2022,pt-BR,False,other,checker,False,False,False
32834,test,1,-0.625732421875,0.8129795789718628,1.4387120008468628,0.8082551181471394,0.8312698724805746,1,1,fakes,agency_claim,desconhecido,2018-2022,desconhecido,False,none,v1,False,False,False
216912638145990976,test,1,-0.1735304445028305,0.3734782040119171,0.5470086485147476,0.6334412965370089,0.5223945523612886,1,0,FC_BOATOS,agency_claim,boatos,2018-2022,pt-BR,False,false_pure,checker,False,False,False
47248,test,0,-0.13935309648513794,0.2447618991136551,0.38411499559879303,0.5948652051999055,0.4538087057789414,0,0,true,press_true,desconhecido,2018-2022,desconhecido,False,none,v1,False,False,False
35437,test,1,-0.1960110068321228,0.09766586124897003,0.29367686808109283,0.5728960518744396,0.416311209464208,0,0,fakes,agency_claim,desconhecido,2018-2022,desconhecido,True,false_pure,v1,False,False,False
921898934899971353,test,0,-0.16456542909145355,0.17033706605434418,0.33490249514579773,0.5829517491095872,0.4333111545572253,0,0,EXT_LIARBR,external_claim,ext_liarbr,sem_data,pt-BR,False,true_rating,checker,False,False,False
28811068147148102,test,0,-0.16001683473587036,0.11564692109823227,0.27566375583410263,0.5684828168865597,0.4089428313862951,0,0,FC_POLIGRAFO,agency_claim,poligrafo,>=2023,pt-BR,True,true_rating,checker,False,False,False
657511197236238147,test,1,-0.20458237826824188,0.2548709809780121,0.45945335924625397,0.6128844897495687,0.485469712007501,0,0,FC_POLIGRAFO,agency_claim,poligrafo,>=2023,pt-BR,True,false_pure,checker,False,False,False
1090758112103753071,test,1,-0.26423436403274536,0.33851316571235657,0.6027475297451019,0.6462846458779785,0.5457998051673271,1,0,FC_BOATOS,agency_claim,boatos.org,>=2023,pt-BR,False,false_pure,checker_match,False,False,False
15144921674269357,test,1,0.017925206571817398,0.10646239668130875,0.08853719010949135,0.5221198499287714,0.33533138328917184,0,0,EXT_LIARBR,external_claim,ext_liarbr,sem_data,pt-BR,False,false_pure,checker,False,False,False
255454300952968657,test,1,-0.3929312527179718,0.49054017663002014,0.8834714293479919,0.7075410697108195,0.6587029866857016,1,1,FC_EFARSAS,agency_claim,efarsas,<=2017,pt-BR,False,false_pure,checker,False,False,False
802249970171531243,test,1,-0.5288840532302856,0.6961661577224731,1.2250502109527588,0.7729510714248637,0.7745241613126839,1,1,FC_BOATOS,agency_claim,boatos,>=2023,pt-BR,False,false_pure,checker,False,False,False
41937,test,1,-0.26544755697250366,0.186162069439888,0.45160962641239166,0.6110218688256477,0.48216353082483066,0,0,fakes,agency_claim,desconhecido,2018-2022,desconhecido,True,false_pure,v1,False,False,False
38434,test,1,-0.2747548222541809,0.3375275731086731,0.612282395362854,0.6484612713515188,0.5497862574541109,1,0,fakes,agency_claim,desconhecido,2018-2022,desconhecido,True,none,v1,False,False,False
24695,test,1,-0.39417335391044617,0.4950113594532013,0.8891847133636475,0.7087218973755106,0.6608675042090241,1,1,fakes,agency_claim,desconhecido,sem_data,desconhecido,False,none,v1,False,False,False
2389,test,0,-0.25374066829681396,0.4652404189109802,0.7189810872077942,0.6723826060762346,0.5938473051297792,1,1,Fake.br,portal,desconhecido,sem_data,desconhecido,False,none,v1,False,False,False
1140367825521832859,test,0,-0.21406398713588715,0.3106015622615814,0.5246655493974686,0.6282380790373157,0.5129789656640016,1,0,FC_POLIGRAFO,agency_claim,poligrafo,>=2023,pt-BR,True,true_rating,checker,False,False,False
11072,test,1,-0.23336640000343323,0.35794374346733093,0.5913101434707642,0.6436656969479021,0.5410102104208186,1,0,FakeWhatsApp.BR_2018,whatsapp,desconhecido,2018-2022,desconhecido,False,none,v1,False,False,False
25743,test,1,-0.4027179479598999,0.5067211985588074,0.9094391465187073,0.7128853810734099,0.6684865520827724,1,1,fakes,agency_claim,desconhecido,2018-2022,desconhecido,False,none,v1,False,False,False
346382386376315906,test,1,-0.47556421160697937,0.5988041162490845,1.0743683278560638,0.745426763001725,0.7270516945228699,1,1,FC_BOATOS,agency_claim,boatos,<=2017,pt-BR,False,false_pure,checker,False,False,False
508335151241052471,test,1,-0.5989722013473511,0.7833752632141113,1.3823474645614624,0.7993677487423245,0.8175031655360051,1,1,FC_BOATOS,agency_claim,boatos,<=2017,pt-BR,False,false_pure,checker,False,False,False
28006,test,1,-0.42915770411491394,0.5036412477493286,0.9327989518642426,0.7176427869712525,0.6771652064627579,1,1,fakes,agency_claim,desconhecido,2018-2022,desconhecido,False,none,v1,False,False,False
1064143873115923520,test,0,-0.2183920294046402,0.3666461110115051,0.5850381404161453,0.6422258565972638,0.5383804273923338,1,0,NEWS_BRASILDEFATO,press_true,brasildefato,<=2017,pt-BR,False,none,llm_local,False,False,False
13787,test,0,-0.3264821469783783,0.5707639455795288,0.8972460925579071,0.710383245198149,0.6639101933745011,1,1,FakeWhatsApp.BR_2018,whatsapp,desconhecido,2018-2022,desconhecido,False,none,v1,False,False,False
15806,test,0,-0.40786316990852356,0.4982753098011017,0.9061384797096252,0.7122093267780643,0.6672508241564407,1,1,FakeWhatsApp.BR_2018,whatsapp,desconhecido,2018-2022,desconhecido,False,none,v1,False,False,False
30252,test,1,-0.3449009954929352,0.4419565200805664,0.7868575155735016,0.6871561802831581,0.6211553033912883,1,1,fakes,agency_claim,desconhecido,sem_data,desconhecido,False,none,v1,False,False,False
460580219227997491,test,1,-0.1082758903503418,0.04998183995485306,0.15825773030519485,0.5394820629224637,0.36204595214987007,0,0,FC_POLIGRAFO,agency_claim,poligrafo,>=2023,pt-BR,True,false_pure,checker,False,False,False
754,test,0,-0.32465001940727234,0.4968225955963135,0.8214726150035858,0.6945488459554631,0.6348030756308642,1,1,COVID19.BR,covid,desconhecido,sem_data,desconhecido,False,none,v1,False,False,False
241483410237422768,test,1,-0.26720312237739563,0.32528576254844666,0.5924888849258423,0.643936007478545,0.5415041935486641,1,0,FC_AFP,agency_claim,afp,>=2023,pt-BR,False,false_pure,checker,False,False,False
410386529996154933,test,1,-0.2998872399330139,0.2950459420681,0.5949331820011139,0.6444962444583899,0.5425282805559514,1,0,FC_BOATOS,agency_claim,boatos,>=2023,pt-BR,False,false_pure,checker,False,False,False
194792452384477279,test,1,-0.616777241230011,0.6566972732543945,1.2734745144844055,0.7813369472889232,0.7884764708179941,1,1,FC_G1,agency_claim,g1,2018-2022,pt-BR,False,false_pure,checker,False,False,False
2077,test,0,-0.48482298851013184,0.5398545265197754,1.0246775150299072,0.7358827207285441,0.710095327653433,1,1,Fake.br,portal,desconhecido,sem_data,desconhecido,False,none,v1,False,False,False
939898197110478617,test,0,-0.36513981223106384,0.4179594814777374,0.7830992937088013,0.6863476979779424,0.6196614881042105,1,1,NEWS_BRASILDEFATO,press_true,brasildefato,<=2017,pt-BR,False,none,llm_local,False,False,False
15321,test,0,-0.27732837200164795,0.42674434185028076,0.7040727138519287,0.6690901259162254,0.5877642908957692,1,1,FakeWhatsApp.BR_2018,whatsapp,desconhecido,2018-2022,desconhecido,False,none,v1,False,False,False
441191151072284383,test,1,-0.4818773865699768,0.6286725997924805,1.1105499863624573,0.7522316316794342,0.7390009651845304,1,1,FC_EFARSAS,agency_claim,efarsas,2018-2022,pt-BR,False,hard,checker,False,False,False
44729,test,1,-0.5478664636611938,0.6297881603240967,1.1776546239852905,0.7645258368968956,0.7602483641108982,1,1,fakes,agency_claim,desconhecido,2018-2022,desconhecido,False,none,v1,False,False,False
345190772342829438,test,1,-0.3844618499279022,0.4693392217159271,0.8538010716438293,0.701363895616834,0.6473570748258477,1,1,FC_G1,agency_claim,g1,2018-2022,pt-BR,False,false_pure,checker,False,False,False
13903,test,0,-0.36606356501579285,0.39429864287376404,0.7603622078895569,0.6814323678759554,0.6105764735500756,1,1,FakeWhatsApp.BR_2018,whatsapp,desconhecido,2018-2022,desconhecido,False,none,v1,False,False,False
380591099437180379,test,1,-0.28601953387260437,0.24541720747947693,0.5314367413520813,0.6298181466922573,0.5158336882401297,1,0,FC_POLIGRAFO,agency_claim,poligrafo,>=2023,pt-BR,True,false_pure,checker,False,False,False
753772049601401210,test,1,-0.36927875876426697,0.3191991150379181,0.6884778738021851,0.6656282367047371,0.5813723956850559,1,1,FC_POLIGRAFO,agency_claim,poligrafo,>=2023,pt-BR,True,other,checker,False,False,False
7634,test,1,-0.31834837794303894,0.33847373723983765,0.6568221151828766,0.6585461598307034,0.5683153730799623,1,1,Fake.br,portal,desconhecido,sem_data,desconhecido,False,none,v1,False,False,False
490006284906700596,test,1,-0.4459210932254791,0.603989839553833,1.0499109327793121,0.7407577954642911,0.7187836288886001,1,1,FC_G1,agency_claim,g1,>=2023,pt-BR,False,false_pure,checker,False,False,False
652422782814184849,test,1,-0.21901772916316986,0.05666884779930115,0.275686576962471,0.5684884151311789,0.4089521414225695,0,0,EXT_AVERITECBR,external_claim,ext_averitecbr,2018-2022,pt-BR,False,other,checker,False,False,False
378422700766598269,test,1,-0.40287986397743225,0.5690881013870239,0.9719679653644562,0.7255115812006541,0.6914450985456547,1,1,EXT_AVERITECBR,external_claim,ext_averitecbr,2018-2022,pt-BR,False,other,checker,False,False,False
13415,test,0,-0.3877374827861786,0.4564748704433441,0.8442123532295227,0.6993516439097971,0.6436537847777489,1,1,FakeWhatsApp.BR_2018,whatsapp,desconhecido,2018-2022,desconhecido,False,none,v1,False,False,False
33209,test,1,-0.4629066586494446,0.5788836479187012,1.0417903065681458,0.7391952991996503,0.716004898715206,1,1,fakes,agency_claim,desconhecido,2018-2022,desconhecido,False,none,v1,False,False,False
47285,test,0,-0.17226046323776245,0.4626210629940033,0.6348815262317657,0.6535955079289634,0.5592083751619126,1,0,true,press_true,desconhecido,2018-2022,desconhecido,False,none,v1,False,False,False
1000220828658839922,test,1,-0.4834626615047455,0.544824481010437,1.0282871425151825,0.7365836879529026,0.7113478861945498,1,1,FC_G1,agency_claim,g1,2018-2022,pt-BR,False,false_pure,checker,False,False,False
9051,test,0,-0.3819812834262848,0.41844794154167175,0.8004292249679565,0.6900662890226572,0.6265304965881235,1,1,Fake.br,portal,desconhecido,sem_data,desconhecido,False,none,v1,False,False,False
7928,test,1,-0.2891214191913605,0.44629380106925964,0.7354152202606201,0.6759924786725702,0.6005195928508944,1,1,Fake.br,portal,desconhecido,sem_data,desconhecido,False,none,v1,False,False,False
27595,test,1,-0.4689171612262726,0.6608593463897705,1.129776507616043,0.7557976520087566,0.7452112595839772,1,1,fakes,agency_claim,desconhecido,2018-2022,desconhecido,False,none,v1,False,False,False
74495662116873649,test,1,-0.4006938636302948,0.375131219625473,0.7758250832557678,0.6847796270453487,0.616763715116936,1,1,EXT_LIARBR,external_claim,ext_liarbr,sem_data,pt-BR,False,false_pure,checker,False,False,False
106278797795949274,test,1,-0.2853691577911377,0.0853705182671547,0.3707396760582924,0.5916376981473982,0.44821922642026846,0,0,EXT_LIARBR,external_claim,ext_liarbr,sem_data,pt-BR,False,false_pure,checker,False,False,False
2414,test,1,-0.23199690878391266,0.22781406342983246,0.4598109722137451,0.6129693325363688,0.48562048056727725,0,0,Fake.br,portal,desconhecido,sem_data,desconhecido,False,none,v1,False,False,False
1075570610669279098,test,1,-0.3707190155982971,0.4121532738208771,0.7828722894191742,0.6862988276678572,0.6195711856764827,1,1,FC_UOL,agency_claim,uol,sem_data,pt-BR,False,false_pure,checker,False,False,False
15768,test,1,-0.4805314540863037,0.4895074963569641,0.9700389504432678,0.725127261371296,0.6907500473658125,1,1,FakeWhatsApp.BR_2018,whatsapp,desconhecido,2018-2022,desconhecido,False,none,v1,False,False,False
696373680834884396,test,1,-0.4312513768672943,0.48011019825935364,0.911361575126648,0.7132787023137372,0.6692052178460026,1,1,FC_BOATOS,agency_claim,boatos,2018-2022,pt-BR,False,false_pure,checker,False,False,False
41837,test,1,-0.3277865946292877,0.44411519169807434,0.7719017863273621,0.6839321446520364,0.6151973550888634,1,1,fakes,agency_claim,desconhecido,2018-2022,desconhecido,True,false_pure,v1,False,False,False
242358639948861014,test,0,-0.20087116956710815,0.35628631711006165,0.5571574866771698,0.6357945827893418,0.5266665175736557,1,0,NEWS_PODER360,press_true,poder360,<=2017,pt-BR,False,none,llm_local,False,False,False
760661154216377805,test,0,-0.25450655817985535,0.47197088599205017,0.7264774441719055,0.6740317964758488,0.5968952975213003,1,1,NEWS_PODER360,press_true,poder360,2018-2022,pt-BR,False,none,llm_local,False,False,False
24880,test,1,-0.23816950619220734,0.4940645098686218,0.7322340160608292,0.6752953204531875,0.599230844051495,1,1,fakes,agency_claim,desconhecido,2018-2022,desconhecido,False,false_pure,v1,False,False,False
435278967827958603,test,1,-0.5998334884643555,0.5830478668212891,1.1828813552856445,0.7654654835527788,0.7618526034565009,1,1,FC_BOATOS,agency_claim,boatos,>=2023,pt-BR,False,false_pure,checker,False,False,False
1122260930542469844,test,1,-0.2958061993122101,0.3575754761695862,0.6533816754817963,0.6577721103857699,0.566890219463103,1,1,FC_BOATOS,agency_claim,boatos,<=2017,pt-BR,False,false_pure,checker,False,False,False
47496,test,0,-0.2642954885959625,0.3708564341068268,0.6351519227027893,0.6536567254238876,0.5593208659412456,1,0,true,press_true,desconhecido,2018-2022,desconhecido,False,none,v1,False,False,False
13474,test,0,-0.388492614030838,0.47867026925086975,0.8671628832817078,0.7041550102965968,0.6524881203189019,1,1,FakeWhatsApp.BR_2018,whatsapp,desconhecido,2018-2022,desconhecido,False,none,v1,False,False,False
878127039664306434,test,1,-0.5730509161949158,0.6683940887451172,1.241445004940033,0.775815438135385,0.7793198114170655,1,1,FC_ESTADAO,agency_claim,estadao,sem_data,pt-BR,False,hard,checker,False,False,False
6906,test,1,-0.347651869058609,0.5995694398880005,0.9472213089466095,0.7205560176112283,0.6824635683146152,1,1,Fake.br,portal,desconhecido,sem_data,desconhecido,False,none,v1,False,False,False
861122884711584697,test,0,-0.6362403631210327,0.7874791622161865,1.4237195253372192,0.8059208584766256,0.8276908770815437,1,1,FC_G1,agency_claim,g1,>=2023,pt-BR,False,other,checker,False,False,False
47542,test,0,-0.1565970927476883,0.24040493369102478,0.3970020264387131,0.5979671521169009,0.4592051852047158,0,0,true,press_true,desconhecido,2018-2022,desconhecido,False,none,v1,False,False,False
16718772194730817,test,1,-0.35768455266952515,0.4210582375526428,0.778742790222168,0.6854090932158816,0.6179270298569246,1,1,EXT_AVERITECBR,external_claim,ext_averitecbr,2018-2022,pt-BR,False,other,checker,False,False,False
601960286762830315,test,1,-0.47421425580978394,0.5626232624053955,1.0368375182151794,0.7382393423291929,0.7143020360663819,1,1,FC_BOATOS,agency_claim,boatos,2018-2022,pt-BR,False,false_pure,checker,False,False,False
995982958744232771,test,1,-0.5878498554229736,0.7773491144180298,1.3651989698410034,0.7966033673689861,0.8131453357918987,1,1,FC_BOATOS,agency_claim,boatos,2018-2022,pt-BR,False,false_pure,checker,False,False,False
15620,test,0,-0.13295871019363403,0.25049975514411926,0.3834584653377533,0.594706971168347,0.45353406139686503,0,0,FakeWhatsApp.BR_2018,whatsapp,desconhecido,2018-2022,desconhecido,False,none,v1,False,False,False
827823510955741321,test,1,-0.3342127799987793,0.31371238827705383,0.6479251682758331,0.6565427518877658,0.5646276762486713,1,1,FC_BOATOS,agency_claim,boatos,<=2017,pt-BR,False,false_pure,checker,False,False,False
40298,test,1,-0.30436286330223083,0.3213713467121124,0.6257342100143433,0.6515215791361526,0.55539938473756,1,0,fakes,agency_claim,desconhecido,2018-2022,desconhecido,False,hard,v1,False,False,False
898852586429946339,test,1,-0.3578413128852844,0.5077319145202637,0.8655732274055481,0.7038237445832509,0.6518795041446435,1,1,FC_BOATOS,agency_claim,boatos,<=2017,pt-BR,False,false_pure,checker,False,False,False
1089331775354872401,test,1,-0.22692477703094482,0.4885697662830353,0.7154945433139801,0.6716141143143215,0.5924272063107731,1,1,FC_BOATOS_VIRAL,social,boatos,<=2017,pt-BR,False,false_pure,checker,False,False,False
749557934653087787,test,1,-0.2619134485721588,0.2417151927947998,0.5036286413669586,0.6233116957005419,0.5041052732316104,1,0,EXT_AVERITECBR,external_claim,ext_averitecbr,2018-2022,pt-BR,False,other,checker,False,False,False
28610,test,1,-0.23337537050247192,0.331898957490921,0.5652743279933929,0.6376720375134631,0.5300803737562213,1,0,fakes,agency_claim,desconhecido,2018-2022,desconhecido,False,none,v1,False,False,False
1108184037517422963,test,0,-0.12852631509304047,0.1092592254281044,0.23778554052114487,0.5591678585909812,0.3935848419900644,0,0,FC_POLIGRAFO,agency_claim,poligrafo,>=2023,pt-BR,True,true_rating,checker,False,False,False
207501519708892319,test,1,-0.4710135757923126,0.49437543749809265,0.9653890132904053,0.7241994769589328,0.6890710627951706,1,1,FC_POLIGRAFO,agency_claim,poligrafo,>=2023,pt-BR,True,false_pure,checker,False,False,False
30617,test,1,-0.30501657724380493,0.2925582528114319,0.5975748300552368,0.645101269772243,0.5436346474619322,1,0,fakes,agency_claim,desconhecido,sem_data,desconhecido,False,none,v1,False,False,False
8930,test,1,-0.16143696010112762,-0.009380589239299297,0.15205637086182833,0.5379410175724855,0.3596319922346696,0,0,Fake.br,portal,desconhecido,sem_data,desconhecido,False,none,v1,False,False,False
319311295757764379,test,0,-0.2965420186519623,0.4068215787410736,0.7033635973930359,0.668933102662718,0.5874742677970173,1,1,EXT_LIARBR,external_claim,ext_liarbr,sem_data,pt-BR,False,true_rating,checker,False,False,False
372283953342464237,test,1,-0.3867558240890503,0.46644479036331177,0.8532006144523621,0.7012381131033409,0.6471256837544851,1,1,FC_BOATOS_VIRAL,social,boatos,<=2017,pt-BR,False,false_pure,checker,False,False,False
385731205607463441,test,0,-0.4024693965911865,0.5304245948791504,0.9328939914703369,0.7176620446019885,0.6772002725979189,1,1,FC_POLIGRAFO,agency_claim,poligrafo,2018-2022,pt-BR,True,true_rating,checker,False,False,False
47487,test,0,-0.2789779007434845,0.2541857659816742,0.5331636667251587,0.6302206842484295,0.5165615989979006,1,0,true,press_true,desconhecido,2018-2022,desconhecido,False,none,v1,False,False,False
141982342774942156,test,1,-0.6121378540992737,0.7025761604309082,1.3147140145301819,0.7883009119488638,0.7998521090116696,1,1,FC_BOATOS,agency_claim,boatos,>=2023,pt-BR,False,false_pure,checker,False,False,False
367523316269830053,test,1,-0.34478580951690674,0.5604033470153809,0.9051891565322876,0.7120147074705028,0.6668949822076304,1,1,FC_AOSFATOS,agency_claim,aosfatos,>=2023,pt-BR,False,false_pure,checker,False,False,False
406962643894844925,test,1,-0.6458933353424072,0.7084953784942627,1.35438871383667,0.7948462030600975,0.8103572567182379,1,1,FC_BOATOS,agency_claim,boatos,2018-2022,pt-BR,False,false_pure,checker,False,False,False
578810411754477084,test,0,-0.06781617552042007,0.25645264983177185,0.3242688253521919,0.580364243856449,0.4289094872695236,0,0,NEWS_PODER360,press_true,poder360,2018-2022,pt-BR,False,none,llm_local,False,False,False
300441741178190309,test,0,-0.1335509568452835,0.13119079172611237,0.2647417485713959,0.5658015593055126,0.4044947314027843,0,0,EXT_AVERITECBR,external_claim,ext_averitecbr,2018-2022,pt-BR,False,other,checker,False,False,False
46237,test,0,-0.31122931838035583,0.32085809111595154,0.6320874094963074,0.6529626251751421,0.5580456082323827,1,0,COVID19.BR_raw,covid,desconhecido,sem_data,desconhecido,False,false_pure,v1,False,False,False
86093095980243796,test,1,-0.4788784682750702,0.5881223678588867,1.067000836133957,0.7440261395049234,0.7245770758476607,1,1,FC_BOATOS,agency_claim,boatos,>=2023,pt-BR,False,false_pure,checker,False,False,False
33548,test,1,-0.5040448307991028,0.7549178600311279,1.2589626908302307,0.7788474891001067,0.7843626282492843,1,1,fakes,agency_claim,desconhecido,2018-2022,desconhecido,False,false_pure,v1,False,False,False
597462190195894542,test,1,-0.23024499416351318,0.33084067702293396,0.5610856711864471,0.6367037064121993,0.5283190009356241,1,0,FC_BOATOS,agency_claim,boatos.org,>=2023,pt-BR,False,false_pure,checker_match,False,False,False
31003,test,1,-0.6189776659011841,0.7173405885696411,1.3363182544708252,0.7918838277118708,0.8056257541361552,1,1,fakes,agency_claim,desconhecido,sem_data,desconhecido,False,none,v1,False,False,False
249702384006881292,test,1,-0.3710443079471588,0.487337201833725,0.8583815097808838,0.7023223944765075,0.6491199035471612,1,1,FC_POLIGRAFO,agency_claim,poligrafo,2018-2022,pt-BR,True,other,checker,False,False,False
613996227248053434,test,1,-0.2399917095899582,0.4458829462528229,0.6858746558427811,0.665048595951229,0.5803026807747137,1,1,FC_G1,agency_claim,g1,2018-2022,pt-BR,False,false_pure,checker,False,False,False
425367489764576586,test,1,-0.0680123046040535,0.049135033041238785,0.11714733764529228,0.5292533871590324,0.34617819698054575,0,0,FC_POLIGRAFO,agency_claim,poligrafo,>=2023,pt-BR,True,false_pure,checker,False,False,False
466164483672640805,test,1,-0.41547754406929016,0.46675950288772583,0.882237046957016,0.7072855776098926,0.6582344582571933,1,1,FC_BOATOS,agency_claim,boatos,2018-2022,pt-BR,False,false_pure,checker,False,False,False
30759,test,1,-0.6430662870407104,0.6501864194869995,1.29325270652771,0.7846972346406886,0.793990290419145,1,1,fakes,agency_claim,desconhecido,sem_data,desconhecido,False,none,v1,False,False,False
47944,test,0,-0.48215141892433167,0.4793606102466583,0.96151202917099,0.7234244363995809,0.6876673575772996,1,1,true,press_true,desconhecido,2018-2022,desconhecido,False,none,v1,False,False,False
7828,test,1,-0.3313765227794647,0.34525641798973083,0.6766329407691956,0.6629867908410582,0.5764990399076841,1,1,Fake.br,portal,desconhecido,sem_data,desconhecido,False,none,v1,False,False,False
7483,test,0,-0.24206337332725525,0.11135415732860565,0.3534175306558609,0.5874460751424293,0.4409999858465122,0,0,Fake.br,portal,desconhecido,sem_data,desconhecido,False,none,v1,False,False,False
307563233025509175,test,1,-0.5570310354232788,0.6466934680938721,1.2037245035171509,0.7691866892175889,0.7681763447606433,1,1,FC_G1,agency_claim,g1,2018-2022,pt-BR,False,false_pure,checker,False,False,False
47497,test,0,-0.25983235239982605,0.4343384802341461,0.6941708326339722,0.6668941060823407,0.5837090700352385,1,1,true,press_true,desconhecido,2018-2022,desconhecido,False,none,v1,False,False,False
38762,test,1,-0.4826664626598358,0.6400997638702393,1.122766226530075,0.7545014624890635,0.7429582009230314,1,1,fakes,agency_claim,desconhecido,2018-2022,desconhecido,True,hard,v1,False,False,False
277536808272040257,test,1,-0.3208540976047516,0.3725687563419342,0.6934228539466858,0.6667279246043573,0.5834022744533417,1,1,FC_BOATOS,agency_claim,boatos,2018-2022,pt-BR,False,false_pure,checker,False,False,False
1077461462420911476,test,0,0.0028644383419305086,-0.14332814514636993,-0.14619258348830044,0.46351680838405607,0.25344055343369976,0,0,EXT_LIARBR,external_claim,ext_liarbr,sem_data,pt-BR,False,true_rating,checker,False,False,False
938885423606732151,test,1,-0.2542223334312439,0.43355536460876465,0.6877776980400085,0.6654723824169025,0.5810847540797079,1,1,FC_COMPROVA,agency_claim,comprova,2018-2022,pt-BR,False,other,checker_match,False,False,False
14442,test,0,-0.2644592821598053,0.392711877822876,0.6571711599826813,0.6586246427877118,0.56845989719401,1,1,FakeWhatsApp.BR_2018,whatsapp,desconhecido,2018-2022,desconhecido,False,none,v1,False,False,False
63780464719554273,test,1,-0.4401915371417999,0.3509880602359772,0.7911795973777771,0.6880845568781844,0.6228704034177783,1,1,EXT_AVERITECBR,external_claim,ext_averitecbr,2018-2022,pt-BR,False,other,checker,False,False,False
255159527423779932,test,1,-0.6825374364852905,0.6889222860336304,1.371459722518921,0.7976158913283972,0.8147455590928413,1,1,FC_BOATOS,agency_claim,boatos,>=2023,pt-BR,False,false_pure,checker,False,False,False
1092363815821122647,test,0,-0.10049270838499069,0.28084850311279297,0.38134121149778366,0.5941965460678401,0.45264855028717293,0,0,NEWS_PODER360,press_true,poder360,2018-2022,pt-BR,False,none,checker_match,False,False,False
381354305453255056,test,1,-0.14282022416591644,0.06916361302137375,0.2119838371872902,0.5527983898015136,0.3832405402714163,0,0,FC_POLIGRAFO,agency_claim,poligrafo,>=2023,pt-BR,True,false_pure,checker,False,False,False
47315,test,0,-0.34092023968696594,0.4671315848827362,0.8080518245697021,0.6916942046267787,0.6295359412463026,1,1,true,press_true,desconhecido,<=2017,desconhecido,False,none,v1,False,False,False
7338,test,1,-0.3788650333881378,0.5066288113594055,0.8854938447475433,0.7079593857401938,0.6594699551494835,1,1,Fake.br,portal,desconhecido,sem_data,desconhecido,False,none,v1,False,False,False
746263411356384844,test,1,-0.5606163144111633,0.568334698677063,1.1289510130882263,0.7556452603266443,0.7449466273056715,1,1,FC_G1,agency_claim,g1,2018-2022,pt-BR,False,false_pure,checker,False,False,False
518576225862902569,test,1,-0.5437319278717041,0.48932990431785583,1.03306183218956,0.7375090651215273,0.7129997764115009,1,1,FC_COMPROVA,agency_claim,comprova,2018-2022,pt-BR,False,other,checker,False,False,False
14948,test,0,-0.16381938755512238,0.3533562421798706,0.517175629734993,0.6264870972674565,0.5098202498066448,1,0,FakeWhatsApp.BR_2018,whatsapp,desconhecido,2018-2022,desconhecido,False,none,v1,False,False,False
1072760742002184381,test,1,-0.44383278489112854,0.4440798759460449,0.8879126608371735,0.7084592312927273,0.6603861560108544,1,1,FC_FOLHA,agency_claim,folha,>=2023,pt-BR,False,false_pure,checker_match,False,False,False
515846828104750386,test,0,-0.3904184401035309,0.38299089670181274,0.7734093368053436,0.6842579398798193,0.6157995228567394,1,1,NEWS_PODER360,press_true,poder360,2018-2022,pt-BR,False,none,llm_local,False,False,False
989049030612347501,test,1,-0.17027103900909424,0.2907736897468567,0.4610447287559509,0.6132619855583293,0.4861406485608956,0,0,FC_BOATOS,agency_claim,boatos.org,>=2023,pt-BR,False,false_pure,checker_match,False,False,False
12035,test,0,-0.2769528329372406,0.36255428194999695,0.6395071148872375,0.6546420347562597,0.561131873209324,1,1,FakeWhatsApp.BR_2018,whatsapp,desconhecido,2018-2022,desconhecido,False,none,v1,False,False,False
100544955967156021,test,1,-0.5443388223648071,0.6830979585647583,1.2274367809295654,0.773369636138004,0.7752268277964357,1,1,FC_EFARSAS,agency_claim,efarsas,2018-2022,pt-BR,False,hard,checker,False,False,False
40746,test,1,-0.18581168353557587,0.17102716863155365,0.3568388521671295,0.588274994498367,0.4424239914890118,0,0,fakes,agency_claim,desconhecido,2018-2022,desconhecido,True,false_pure,v1,False,False,False
4634,test,1,-0.3214709758758545,0.24092218279838562,0.5623931586742401,0.6370060899937177,0.5288688905090289,1,0,Fake.br,portal,desconhecido,sem_data,desconhecido,False,none,v1,False,False,False
1086274305038445176,test,0,-0.2927633821964264,0.28367695212364197,0.5764403343200684,0.6402479166648947,0.5347720155887603,1,0,FC_POLIGRAFO,agency_claim,poligrafo,>=2023,pt-BR,True,true_rating,checker,False,False,False
27879,test,1,-0.4900624752044678,0.5214471817016602,1.011509656906128,0.7333154875756555,0.7054988802095613,1,1,fakes,agency_claim,desconhecido,2018-2022,desconhecido,False,none,v1,False,False,False
924209308080941650,test,1,-0.44984349608421326,0.5773890018463135,1.0272324979305267,0.7363790061546375,0.710982251951905,1,1,FC_ESTADAO,agency_claim,estadao,sem_data,pt-BR,False,false_pure,checker,False,False,False
941606555902800421,test,1,-0.23636408150196075,0.1563725769519806,0.39273665845394135,0.5969413201532324,0.457417928017016,0,0,FC_POLIGRAFO,agency_claim,poligrafo,>=2023,pt-BR,True,other,checker,False,False,False
107722982775423417,test,1,-0.559410572052002,0.5571383237838745,1.1165488958358765,0.7533480110937908,0.7409491201217532,1,1,FC_BOATOS,agency_claim,boatos,2018-2022,pt-BR,False,false_pure,checker,False,False,False
727672352378608906,test,1,-0.4969737231731415,0.5554147958755493,1.0523885190486908,0.7412332965592228,0.7196281109557666,1,1,FC_EFARSAS,agency_claim,efarsas,<=2017,pt-BR,False,false_pure,checker,False,False,False
929660513982523892,test,1,-0.23034696280956268,0.26390424370765686,0.49425120651721954,0.6211073953621054,0.5001485598985091,1,0,EXT_LIARBR,external_claim,ext_liarbr,sem_data,pt-BR,False,false_pure,checker,False,False,False
28708,test,1,-0.35094520449638367,0.426725834608078,0.7776710391044617,0.6851779526145058,0.6174998698013632,1,1,fakes,agency_claim,desconhecido,2018-2022,desconhecido,False,none,v1,False,False,False
919838761082272149,test,1,-0.24728937447071075,0.22187530994415283,0.4691646844148636,0.6151860293489961,0.48956482555250197,0,0,FC_POLIGRAFO,agency_claim,poligrafo,>=2023,pt-BR,True,false_pure,checker,False,False,False
124903666509230564,test,0,-0.17976553738117218,0.1339690238237381,0.3137345612049103,0.5777965624360486,0.4245600263246253,0,0,FC_POLIGRAFO,agency_claim,poligrafo,>=2023,pt-BR,True,true_rating,checker,False,False,False
30998,test,1,-0.3996434509754181,0.4683898091316223,0.8680332601070404,0.7043362956094102,0.652821142283297,1,1,fakes,agency_claim,desconhecido,sem_data,desconhecido,False,none,v1,False,False,False
30657,test,1,-0.5192493796348572,0.5587670803070068,1.078016459941864,0.7461184333016851,0.7282718882640056,1,1,fakes,agency_claim,desconhecido,sem_data,desconhecido,False,none,v1,False,False,False
962589399502762406,test,0,-0.4902471601963043,0.6406681537628174,1.1309153139591217,0.7560077774851098,0.7455760348561266,1,1,NEWS_BRASILDEFATO,press_true,brasildefato,<=2017,pt-BR,False,none,llm_local,False,False,False
51358349464316717,test,0,-0.28475257754325867,0.49507394433021545,0.7798265218734741,0.6856427242258732,0.6183587796348666,1,1,NEWS_PODER360,press_true,poder360,<=2017,pt-BR,False,none,llm_local,False,False,False
14523,test,1,-0.24299131333827972,0.41672226786613464,0.6597135812044144,0.6591960455073922,0.5695122489160437,1,1,FakeWhatsApp.BR_2018,whatsapp,desconhecido,2018-2022,desconhecido,False,none,v1,False,False,False
354787747201011568,test,1,-0.4086555242538452,0.27651599049568176,0.685171514749527,0.6648919467988132,0.580013615955589,1,1,EXT_AVERITECBR,external_claim,ext_averitecbr,2018-2022,pt-BR,False,other,checker,False,False,False
150020899038576435,test,0,-0.26509466767311096,0.3459636867046356,0.6110583543777466,0.6481821892047614,0.5492748421126239,1,0,FC_POLIGRAFO,agency_claim,poligrafo,>=2023,pt-BR,True,true_rating,checker,False,False,False
307949020788558388,test,1,-0.6260669827461243,0.6388188600540161,1.2648858428001404,0.7798660316890788,0.7860487074814898,1,1,FC_EFARSAS,agency_claim,efarsas,2018-2022,pt-BR,False,false_pure,checker,False,False,False
11609,test,1,-0.3698648512363434,0.49813851714134216,0.8680033683776855,0.7043300707180427,0.6528097076427161,1,1,FakeWhatsApp.BR_2018,whatsapp,desconhecido,2018-2022,desconhecido,False,none,v1,False,False,False
16208,test,0,-0.3585369288921356,0.5848298668861389,0.9433667957782745,0.7197792325348328,0.6810520792669802,1,1,FakeWhatsApp.BR_2018,whatsapp,desconhecido,2018-2022,desconhecido,False,none,v1,False,False,False
1129231250174688115,test,1,-0.5915873646736145,0.6701574325561523,1.2617447972297668,0.7793263186744218,0.7851557776458008,1,1,FC_ESTADAO,agency_claim,estadao,sem_data,pt-BR,False,false_pure,checker,False,False,False
42343,test,1,-0.47426488995552063,0.5417236089706421,1.0159884989261627,0.7341904715073894,0.7070670514210127,1,1,fakes,agency_claim,desconhecido,2018-2022,desconhecido,False,other,v1,False,False,False
1131962034337349575,test,1,-0.31181374192237854,0.3085155189037323,0.6203292608261108,0.6502934301037974,0.5531456425091122,1,0,FC_POLIGRAFO,agency_claim,poligrafo,2018-2022,pt-BR,True,false_pure,checker,False,False,False
140241223632872814,test,1,-0.3848889470100403,0.4461591839790344,0.8310481309890747,0.696576505987993,0.6385415499220762,1,1,FC_ESTADAO,agency_claim,estadao,sem_data,pt-BR,False,false_pure,checker,False,False,False
32413,test,1,-0.4007302522659302,0.4498354494571686,0.8505657017230988,0.700685797854532,0.6461094839566517,1,1,fakes,agency_claim,desconhecido,2018-2022,desconhecido,False,none,v1,False,False,False
2538,test,1,-0.3135753870010376,0.42170122265815735,0.735276609659195,0.6759621185166689,0.6004634686756748,1,1,Fake.br,portal,desconhecido,sem_data,desconhecido,False,none,v1,False,False,False
31601,test,1,-0.5069893002510071,0.6132080554962158,1.120197355747223,0.7540253220785752,0.742129327743577,1,1,fakes,agency_claim,desconhecido,sem_data,desconhecido,False,none,v1,False,False,False
27985,test,1,-0.21314655244350433,0.15676330029964447,0.3699098527431488,0.5914371954977788,0.4478728632073044,0,0,fakes,agency_claim,desconhecido,2018-2022,desconhecido,False,false_pure,v1,False,False,False
7,test,0,-0.33563706278800964,0.3779413104057312,0.7135783731937408,0.6711913667973298,0.5916460744502408,1,1,COVID19.BR,covid,desconhecido,sem_data,desconhecido,False,none,v1,False,False,False
237874200100353751,test,1,-0.509181022644043,0.5030620098114014,1.0122430324554443,0.733458884803144,0.705755990727209,1,1,FC_LUPA,agency_claim,lupa,>=2023,pt-BR,False,false_pure,checker_match,False,False,False
42101,test,1,-0.37345367670059204,0.4677019417285919,0.841155618429184,0.6987085467654005,0.6424695879006955,1,1,fakes,agency_claim,desconhecido,2018-2022,desconhecido,True,false_pure,v1,False,False,False
36151,test,1,-0.31112581491470337,0.3068453371524811,0.6179711520671844,0.6497569782718362,0.5521616738399214,1,0,fakes,agency_claim,desconhecido,2018-2022,desconhecido,True,none,v1,False,False,False
10711,test,1,-0.627155065536499,0.8101898431777954,1.4373449087142944,0.8080431585838311,0.830945991832013,1,1,LLM4BR_300,llm,desconhecido,sem_data,desconhecido,False,none,v1,False,False,False
29837,test,1,-0.4743385910987854,0.6367241144180298,1.1110627055168152,0.7523271795085693,0.7391678413287639,1,1,fakes,agency_claim,desconhecido,sem_data,desconhecido,False,none,v1,False,False,False
42940,test,1,-0.5666885375976562,0.6976286768913269,1.2643172144889832,0.7797683968863647,0.7858872594670077,1,1,fakes,agency_claim,desconhecido,2018-2022,desconhecido,False,none,v1,False,False,False
40646,test,1,-0.3722321689128876,0.3617541790008545,0.7339863479137421,0.6756794388856976,0.5999409083812968,1,1,fakes,agency_claim,desconhecido,2018-2022,desconhecido,True,hard,v1,False,False,False
44164,test,1,-0.3857990801334381,0.4164150059223175,0.8022140860557556,0.6904478962826606,0.6272351192245654,1,1,fakes,agency_claim,desconhecido,2018-2022,desconhecido,False,false_pure,v1,False,False,False
320721770117213234,test,0,-0.20728161931037903,0.27605992555618286,0.4833415448665619,0.6185366208560632,0.4955453495900629,0,0,EXT_LIARBR,external_claim,ext_liarbr,sem_data,pt-BR,False,true_rating,checker,False,False,False
260295928260211979,test,1,-0.609897255897522,0.7296483516693115,1.3395456075668335,0.7924152068396344,0.8064773150455112,1,1,FC_BOATOS,agency_claim,boatos,<=2017,pt-BR,False,false_pure,checker,False,False,False
645335710282034989,test,0,-0.13875672221183777,0.11342725902795792,0.2521839812397957,0.5627139799058151,0.39939981446799894,0,0,FC_POLIGRAFO,agency_claim,poligrafo,>=2023,pt-BR,True,true_rating,checker,False,False,False
25098,test,1,-0.3431573212146759,0.39122307300567627,0.7343803942203522,0.6757657829283139,0.6001005226262744,1,1,fakes,agency_claim,desconhecido,<=2017,desconhecido,False,none,v1,False,False,False
747640278743967902,test,1,-0.6268937587738037,0.7671431303024292,1.394036889076233,0.8012359275378147,0.8204282105854184,1,1,FC_BOATOS,agency_claim,boatos,<=2017,pt-BR,False,false_pure,checker,False,False,False
382969585947161594,test,1,-0.10993162542581558,0.20409272611141205,0.31402435153722763,0.5778672545253879,0.4246795240629593,0,0,EXT_LIARBR,external_claim,ext_liarbr,sem_data,pt-BR,False,false_pure,checker,False,False,False
30588,test,1,-0.37149617075920105,0.49256476759910583,0.8640609383583069,0.7035084018961021,0.6513000480553984,1,1,fakes,agency_claim,desconhecido,sem_data,desconhecido,False,none,v1,False,False,False
1064417608535326364,test,1,-0.03339139372110367,0.09735570102930069,0.13074709475040436,0.5326402886554059,0.3513916790369798,0,0,FC_POLIGRAFO,agency_claim,poligrafo,>=2023,pt-BR,True,other,checker,False,False,False
398833824912823341,test,1,-0.146098330616951,0.15913784503936768,0.30523617565631866,0.5757220417975853,0.421059614984101,0,0,FC_POLIGRAFO,agency_claim,poligrafo,>=2023,pt-BR,True,false_pure,checker,False,False,False
31859,test,1,-0.4410271942615509,0.387165367603302,0.8281925618648529,0.695972620957405,0.6374284090967222,1,1,fakes,agency_claim,desconhecido,sem_data,desconhecido,False,none,v1,False,False,False
197724385049693809,test,1,-0.2767914831638336,0.3213288187980652,0.5981203019618988,0.6452261432902617,0.5438630470686455,1,0,FC_POLIGRAFO,agency_claim,poligrafo,2018-2022,pt-BR,True,other,checker,False,False,False
9039,test,0,-0.26862531900405884,0.4750964939594269,0.7437218129634857,0.6778091775499258,0.6038781095967897,1,1,Fake.br,portal,desconhecido,sem_data,desconhecido,False,none,v1,False,False,False
651471317693926405,test,0,-0.13359534740447998,0.20892281830310822,0.3425181657075882,0.5848020855146735,0.43647008295510065,0,0,EXT_AVERITECBR,external_claim,ext_averitecbr,2018-2022,pt-BR,False,other,checker,False,False,False
1127133478298562940,test,1,-0.4690800607204437,0.6137793064117432,1.082859367132187,0.7470347105395464,0.7298864063686407,1,1,FC_POLIGRAFO,agency_claim,poligrafo,>=2023,pt-BR,True,false_pure,checker,False,False,False
1107955777002054878,test,1,-0.5723487138748169,0.6510454416275024,1.2233941555023193,0.7726603061154635,0.7740356624122638,1,1,FC_BOATOS,agency_claim,boatos,2018-2022,pt-BR,False,false_pure,checker,False,False,False
830026881969932075,test,0,-0.21633733808994293,0.22787407040596008,0.444211408495903,0.6092620662987526,0.47904656240454746,0,0,EXT_LIARBR,external_claim,ext_liarbr,sem_data,pt-BR,False,true_rating,checker,False,False,False
80395280156097084,test,1,-0.46229854226112366,0.5101616382598877,0.9724601805210114,0.7256095922738334,0.6916223119996465,1,1,FC_COMPROVA,agency_claim,comprova,>=2023,pt-BR,False,other,checker,False,False,False
13667,test,0,-0.36995527148246765,0.4406612813472748,0.8106165528297424,0.6922408724083396,0.6305449257222048,1,1,FakeWhatsApp.BR_2018,whatsapp,desconhecido,2018-2022,desconhecido,False,none,v1,False,False,False
5420,test,1,-0.49537232518196106,0.53497314453125,1.030345469713211,0.736982866861176,0.7120606943428371,1,1,Fake.br,portal,desconhecido,sem_data,desconhecido,False,none,v1,False,False,False
13545,test,0,-0.4101264178752899,0.44270434975624084,0.8528307676315308,0.7011606232363151,0.6469831259175302,1,1,FakeWhatsApp.BR_2018,whatsapp,desconhecido,2018-2022,desconhecido,False,none,v1,False,False,False
425346536808603264,test,1,-0.43342652916908264,0.5922277569770813,1.025654286146164,0.7360725215741886,0.7104345893510575,1,1,FC_POLIGRAFO,agency_claim,poligrafo,>=2023,pt-BR,True,false_pure,checker,False,False,False
47121,test,0,-0.1215667650103569,0.08360365778207779,0.2051704227924347,0.5511134301289611,0.3805260693065782,0,0,true,press_true,desconhecido,2018-2022,desconhecido,False,false_pure,v1,False,False,False
885126603202485830,test,1,-0.5115988850593567,0.6268550753593445,1.1384539604187012,0.7573956712043399,0.747982077064612,1,1,FC_EFARSAS,agency_claim,efarsas,<=2017,pt-BR,False,false_pure,checker,False,False,False
266679847574435563,test,0,-0.09959425777196884,0.14674992859363556,0.2463441863656044,0.5612764769720705,0.3970378267515839,0,0,EXT_LIARBR,external_claim,ext_liarbr,sem_data,pt-BR,False,true_rating,checker,False,False,False
43848,test,1,-0.3348402976989746,0.3516252338886261,0.6864655315876007,0.6651802059793482,0.5805455501566277,1,1,fakes,agency_claim,desconhecido,<=2017,desconhecido,False,hard,v1,False,False,False
1041182624174100332,test,1,-0.38953498005867004,0.4168128967285156,0.8063478767871857,0.6913307134430612,0.6288649682222655,1,1,FC_G1,agency_claim,g1,>=2023,pt-BR,False,false_pure,checker,False,False,False
492117265786697287,test,1,-0.3962293863296509,0.49481701850891113,0.891046404838562,0.7091060665809904,0.6615713740154695,1,1,FC_BOATOS,agency_claim,boatos,>=2023,pt-BR,False,false_pure,checker,False,False,False
43930,test,1,-0.37780722975730896,0.46702736616134644,0.8448345959186554,0.6994824597555945,0.6438946307410983,1,1,fakes,agency_claim,desconhecido,2018-2022,desconhecido,False,false_pure,v1,False,False,False
749121580001247241,test,1,-0.6094731092453003,0.6976485252380371,1.3071216344833374,0.7870311025732495,0.797792782110884,1,1,FC_BOATOS,agency_claim,boatos,2018-2022,pt-BR,False,false_pure,checker,False,False,False
657107127225991987,test,1,-0.3659335970878601,0.4126364290714264,0.7785700261592865,0.6853718400362687,0.6178581848425947,1,1,FC_BOATOS,agency_claim,boatos,>=2023,pt-BR,False,false_pure,checker,False,False,False
7359,test,0,-0.36483100056648254,0.3568623661994934,0.721693366765976,0.6729797989260605,0.5949509565616701,1,1,Fake.br,portal,desconhecido,sem_data,desconhecido,False,none,v1,False,False,False
891314555468101595,test,1,-0.37735697627067566,0.46818068623542786,0.8455376625061035,0.6996302283661916,0.6441666729117482,1,1,EXT_AVERITECBR,external_claim,ext_averitecbr,2018-2022,pt-BR,False,other,checker,False,False,False
927642633987805068,test,1,-0.24184048175811768,0.17820584774017334,0.420046329498291,0.6034943360536024,0.4688781215672221,0,0,EXT_LIARBR,external_claim,ext_liarbr,sem_data,pt-BR,False,false_pure,checker,False,False,False
987589442670277108,test,0,-0.18332070112228394,0.3388015925884247,0.5221222937107086,0.627643895499827,0.5119065047398763,1,0,NEWS_BRASILDEFATO,press_true,brasildefato,2018-2022,pt-BR,False,none,llm_local,False,False,False
47771,test,0,-0.2467118203639984,0.37423643469810486,0.6209482550621033,0.650434183650822,0.5534038617457916,1,0,true,press_true,desconhecido,2018-2022,desconhecido,False,none,v1,False,False,False
39754,test,1,-0.2535364329814911,0.29685360193252563,0.5503900349140167,0.6342260773568046,0.52381827922215,1,0,fakes,agency_claim,desconhecido,2018-2022,desconhecido,False,hard,v1,False,False,False
710708799249996280,test,1,-0.22358641028404236,0.13262620568275452,0.3562126159667969,0.588123306997523,0.44216327103981334,0,0,FC_POLIGRAFO,agency_claim,poligrafo,>=2023,pt-BR,True,false_pure,checker,False,False,False
16305,test,0,-0.44969844818115234,0.5561193227767944,1.0058177709579468,0.7322008830652511,0.7034989493058948,1,1,FakeWhatsApp.BR_2018,whatsapp,desconhecido,2018-2022,desconhecido,False,none,v1,False,False,False
15103,test,0,-0.40023869276046753,0.37298527359962463,0.7732239663600922,0.6842178894104963,0.6157254985890391,1,1,FakeWhatsApp.BR_2018,whatsapp,desconhecido,2018-2022,desconhecido,False,none,v1,False,False,False
385033148264127371,test,1,-0.5958905220031738,0.6474711894989014,1.2433617115020752,0.7761486266974966,0.7798756679433264,1,1,FC_BOATOS,agency_claim,boatos,>=2023,pt-BR,False,false_pure,checker,False,False,False
895236424886766614,test,1,-0.5714302062988281,0.711452305316925,1.2828825116157532,0.7829400441740292,0.791112628284454,1,1,FC_COMPROVA,agency_claim,comprova,>=2023,pt-BR,False,other,checker,False,False,False
32714,test,1,-0.38978680968284607,0.5061904191970825,0.8959772288799286,0.7101221209218233,0.6634321661834776,1,1,fakes,agency_claim,desconhecido,2018-2022,desconhecido,False,none,v1,False,False,False
38756,test,1,-0.46562322974205017,0.49346208572387695,0.9590853154659271,0.7229386326717787,0.6867869813312433,1,1,fakes,agency_claim,desconhecido,2018-2022,desconhecido,False,other,v1,False,False,False
13677,test,0,-0.2372058480978012,0.3489445447921753,0.5861503928899765,0.6424813804086619,0.53884694290332,1,0,FakeWhatsApp.BR_2018,whatsapp,desconhecido,2018-2022,desconhecido,False,none,v1,False,False,False
14893,test,0,-0.30508938431739807,0.5477539896965027,0.8528433740139008,0.7011632647004288,0.646987985491353,1,1,FakeWhatsApp.BR_2018,whatsapp,desconhecido,2018-2022,desconhecido,False,none,v1,False,False,False
781702550331394100,test,1,-0.1312721073627472,0.1536688357591629,0.2849409431219101,0.5707571434080244,0.41273283673490224,0,0,EXT_LIARBR,external_claim,ext_liarbr,sem_data,pt-BR,False,false_pure,checker,False,False,False
16265,test,1,-0.26434943079948425,0.2637553811073303,0.5281048119068146,0.6290409810688936,0.5144290702011336,1,0,FakeWhatsApp.BR_2018,whatsapp,desconhecido,2018-2022,desconhecido,False,none,v1,False,False,False
41338,test,1,-0.1360953003168106,0.2186581790447235,0.3547534793615341,0.5877698086970063,0.4415559136836929,0,0,fakes,agency_claim,desconhecido,2018-2022,desconhecido,True,false_pure,v1,False,False,False
43962,test,1,-0.4098106026649475,0.46022626757621765,0.8700368702411652,0.7047533698704291,0.6535871912863476,1,1,fakes,agency_claim,desconhecido,2018-2022,desconhecido,False,false_pure,v1,False,False,False
885752255170702643,test,1,-0.29573383927345276,0.30264776945114136,0.5983816087245941,0.6452859565858132,0.5439724547205246,1,0,FC_BOATOS,agency_claim,boatos,2018-2022,pt-BR,False,false_pure,checker,False,False,False
940711590523205487,test,0,-0.1963626891374588,0.21873050928115845,0.41509319841861725,0.6023085011955416,0.46679680029868537,0,0,EXT_LIARBR,external_claim,ext_liarbr,sem_data,pt-BR,False,true_rating,checker,False,False,False
83696231662737899,test,0,-0.09094546735286713,0.06251693516969681,0.15346240252256393,0.53829048277559,0.36017869110954415,0,0,FC_POLIGRAFO,agency_claim,poligrafo,2018-2022,pt-BR,True,true_rating,checker,False,False,False
214015445092670993,test,0,-0.18899348378181458,0.12833814322948456,0.31733162701129913,0.5786738119130113,0.42604393023656717,0,0,EXT_LIARBR,external_claim,ext_liarbr,sem_data,pt-BR,False,true_rating,checker,False,False,False
922464362646129230,test,1,-0.4217185080051422,0.6308523416519165,1.0525708496570587,0.7412682672161888,0.7196901969243493,1,1,FC_OBSERVADOR,agency_claim,observador,>=2023,pt-PT,True,false_pure,checker,False,False,False
329015775414191584,test,1,-0.07713726907968521,0.03578232601284981,0.11291959509253502,0.5281999407398746,0.34456491595078126,0,0,FC_POLIGRAFO,agency_claim,poligrafo,2018-2022,pt-BR,True,other,checker,False,False,False
90648454044180580,test,1,-0.6107215285301208,0.6354466676712036,1.2461681962013245,0.7766358528589912,0.7806877512253475,1,1,FC_BOATOS,agency_claim,boatos,>=2023,pt-BR,False,false_pure,checker,False,False,False
768430856566307274,test,1,-0.43037500977516174,0.5382920503616333,0.968667060136795,0.7248537348928226,0.6902552102508244,1,1,FC_EFARSAS,agency_claim,efarsas,2018-2022,pt-BR,False,false_pure,checker,False,False,False
311147234920100946,test,1,-0.22906671464443207,0.10782025009393692,0.336886964738369,0.5834341318211445,0.4341337877727856,0,0,EXT_LIARBR,external_claim,ext_liarbr,sem_data,pt-BR,False,false_pure,checker,False,False,False
4687,test,0,-0.18708625435829163,0.2610379457473755,0.4481242001056671,0.610193153269869,0.4806948861838868,0,0,Fake.br,portal,desconhecido,sem_data,desconhecido,False,none,v1,False,False,False
35454152047336051,test,1,-0.335891455411911,0.29774272441864014,0.6336341798305511,0.6533130441214264,0.5586893735522631,1,0,FC_BOATOS_VIRAL,social,boatos,<=2017,pt-BR,False,false_pure,checker,False,False,False
21048337358600017,test,1,-0.347669780254364,0.4940505027770996,0.8417202830314636,0.6988274037459243,0.642688473796461,1,1,FC_BOATOS_VIRAL,social,boatos,>=2023,pt-BR,False,false_pure,checker,False,False,False
355437895647286825,test,0,-0.06671561300754547,0.06025248393416405,0.12696809694170952,0.5316994503733629,0.3499393722934227,0,0,FC_POLIGRAFO,agency_claim,poligrafo,>=2023,pt-BR,True,true_rating,checker,False,False,False
1108232385041400536,test,1,-0.584836483001709,0.7540700435638428,1.3389065265655518,0.7923100626213938,0.8063089142490144,1,1,FC_BOATOS,agency_claim,boatos,<=2017,pt-BR,False,false_pure,checker,False,False,False
3262,test,1,-0.438489705324173,0.5489485859870911,0.987438291311264,0.7285816400800893,0.6969877832798893,1,1,Fake.br,portal,desconhecido,sem_data,desconhecido,False,none,v1,False,False,False
28702,test,1,-0.0746576264500618,0.12805792689323425,0.20271555334329605,0.5505060504091899,0.37954986448947375,0,0,fakes,agency_claim,desconhecido,2018-2022,desconhecido,False,none,v1,False,False,False
32766,test,1,-0.5102977156639099,0.48176178336143494,0.9920594990253448,0.7294945199894631,0.69863250522907,1,1,fakes,agency_claim,desconhecido,2018-2022,desconhecido,False,none,v1,False,False,False
23951542295235924,test,1,-0.5599262714385986,0.6268310546875,1.1867573261260986,0.7661606130301111,0.7630374799546149,1,1,FC_BOATOS,agency_claim,boatos,<=2017,pt-BR,False,false_pure,checker,False,False,False
31395,test,1,-0.300738126039505,0.5084783434867859,0.8092164695262909,0.691942513579813,0.6299942626076519,1,1,fakes,agency_claim,desconhecido,sem_data,desconhecido,False,none,v1,False,False,False
54939707843517538,test,0,-0.21377001702785492,0.16145794093608856,0.3752279579639435,0.5927216307847946,0.4500934704236726,0,0,FC_POLIGRAFO,agency_claim,poligrafo,>=2023,pt-BR,True,true_rating,checker,False,False,False
30306,test,1,-0.43960273265838623,0.5211637020111084,0.9607664346694946,0.7232752318693287,0.6873970105190171,1,1,fakes,agency_claim,desconhecido,sem_data,desconhecido,False,none,v1,False,False,False
123706877072525467,test,0,-0.19789762794971466,0.01834801957011223,0.2162456475198269,0.5538517232520332,0.3849421699601413,0,0,EXT_LIARBR,external_claim,ext_liarbr,sem_data,pt-BR,False,true_rating,checker,False,False,False
515933408115217927,test,1,-0.40283504128456116,0.5129790306091309,0.915814071893692,0.7141884268034411,0.6708666717858299,1,1,FC_COMPROVA,agency_claim,comprova,>=2023,pt-BR,False,other,checker,False,False,False
509169002973543106,test,0,-0.2540927827358246,0.2533746361732483,0.5074674189090729,0.6242125909415472,0.5057248862272369,1,0,EXT_LIARBR,external_claim,ext_liarbr,sem_data,pt-BR,False,true_rating,checker,False,False,False
32374,test,1,-0.463826447725296,0.4209674596786499,0.8847939074039459,0.7078146506073429,0.6592046094603432,1,1,fakes,agency_claim,desconhecido,2018-2022,desconhecido,False,none,v1,False,False,False
888,test,0,-0.34727609157562256,0.4569452404975891,0.8042213320732117,0.690876740088081,0.6280268892035636,1,1,COVID19.BR,covid,desconhecido,sem_data,desconhecido,False,none,v1,False,False,False
5149,test,0,-0.27057334780693054,0.448231965303421,0.7188053131103516,0.6723438846400984,0.5937757481928603,1,1,Fake.br,portal,desconhecido,sem_data,desconhecido,False,none,v1,False,False,False
679,test,1,-0.2184944450855255,0.3003067374229431,0.5188011825084686,0.6268673999867883,0.5105058677816708,1,0,COVID19.BR,covid,desconhecido,sem_data,desconhecido,False,none,v1,False,False,False
654313300619705811,test,1,-0.5517066717147827,0.8252565264701843,1.376963198184967,0.7985028337028629,0.8161434631492864,1,1,FC_G1,agency_claim,g1,2018-2022,pt-BR,False,false_pure,checker,False,False,False
5766,test,1,-0.48017415404319763,0.5974944829940796,1.0776686370372772,0.7460525410585855,0.7281556992322817,1,1,Fake.br,portal,desconhecido,sem_data,desconhecido,False,none,v1,False,False,False
103607503808683354,test,1,-0.39724090695381165,0.3441559970378876,0.7413969039916992,0.6773012451244677,0.6029390757757471,1,1,FC_LUPA,agency_claim,lupa,>=2023,pt-BR,False,false_pure,checker_match,False,False,False
726212563053830982,test,1,-0.3136115074157715,0.5522332191467285,0.8658447265625,0.7038803370471832,0.6519834855830474,1,1,FC_BOATOS,agency_claim,boatos,>=2023,pt-BR,False,false_pure,checker,False,False,False
47210,test,0,-0.5295469760894775,0.5991255640983582,1.1286725401878357,0.7555938378980276,0.7448573153069971,1,1,true,press_true,desconhecido,2018-2022,desconhecido,False,none,v1,False,False,False
26408,test,1,-0.32687366008758545,0.30057355761528015,0.6274472177028656,0.6519104014594225,0.5561131995485753,1,0,fakes,agency_claim,desconhecido,2018-2022,desconhecido,False,none,v1,False,False,False
34774,test,1,-0.21630865335464478,0.2582921087741852,0.47460076212882996,0.6164721154064968,0.49185778113043255,0,0,fakes,agency_claim,desconhecido,2018-2022,desconhecido,False,none,v1,False,False,False
16587,test,0,-0.3572884500026703,0.49626025557518005,0.8535487055778503,0.7013110342068215,0.6472598319190538,1,1,FakeWhatsApp.BR_2018,whatsapp,desconhecido,2018-2022,desconhecido,False,none,v1,False,False,False
188066288761661602,test,1,-0.5227550268173218,0.6203557848930359,1.1431108117103577,0.7582503298561111,0.7494608031950333,1,1,FC_BOATOS,agency_claim,boatos,2018-2022,pt-BR,False,false_pure,checker,False,False,False
2841,test,0,-0.47309479117393494,0.46791142225265503,0.94100621342659,0.7193028630236614,0.6801860098231345,1,1,Fake.br,portal,desconhecido,sem_data,desconhecido,False,none,v1,False,False,False
11103,test,0,-0.27302971482276917,0.4673202931880951,0.7403500080108643,0.6770723886117251,0.6025159849120267,1,1,FakeWhatsApp.BR_2018,whatsapp,desconhecido,2018-2022,desconhecido,False,none,v1,False,False,False
1096893463139296975,test,0,-0.23555471003055573,0.23687763512134552,0.47243234515190125,0.6159592980565542,0.49094308920360136,0,0,EXT_LIARBR,external_claim,ext_liarbr,sem_data,pt-BR,False,true_rating,checker,False,False,False
14512,test,0,-0.026940295472741127,0.2256963700056076,0.25263666547834873,0.5628253673746018,0.39958310612739656,0,0,FakeWhatsApp.BR_2018,whatsapp,desconhecido,2018-2022,desconhecido,False,none,v1,False,False,False
8614,test,1,0.02275831624865532,-0.10960916429758072,-0.13236748054623604,0.46695636265724716,0.257880886128446,0,0,Fake.br,portal,desconhecido,sem_data,desconhecido,False,none,v1,False,False,False
108586289115768528,test,1,-0.2669755518436432,0.1345454305410385,0.4015209823846817,0.599053037560061,0.4610998443964507,0,0,EXT_LIARBR,external_claim,ext_liarbr,sem_data,pt-BR,False,false_pure,checker,False,False,False
527267152176679169,test,1,-0.33959025144577026,0.4144288897514343,0.7540191411972046,0.6800538185310829,0.608027927700181,1,1,EXT_AVERITECBR,external_claim,ext_averitecbr,2018-2022,pt-BR,False,other,checker,False,False,False
11763,test,0,-0.14647595584392548,0.2762215733528137,0.4226975291967392,0.6041285643788308,0.4699926137046385,0,0,FakeWhatsApp.BR_2018,whatsapp,desconhecido,2018-2022,desconhecido,False,none,v1,False,False,False
10849,test,0,-0.3823198974132538,0.5092043876647949,0.8915242850780487,0.7092046313103091,0.6617519362413351,1,1,FakeWhatsApp.BR_2018,whatsapp,desconhecido,2018-2022,desconhecido,False,none,v1,False,False,False
11346,test,0,-0.3782946467399597,0.534283459186554,0.9125781059265137,0.7135274331316712,0.6696595889616263,1,1,FakeWhatsApp.BR_2018,whatsapp,desconhecido,2018-2022,desconhecido,False,none,v1,False,False,False
29545,test,1,-0.3208344280719757,0.47048255801200867,0.7913169860839844,0.6881140430572799,0.6229248721939525,1,1,fakes,agency_claim,desconhecido,sem_data,desconhecido,False,none,v1,False,False,False
967842878210582454,test,1,-0.26092684268951416,0.24417269229888916,0.5050995349884033,0.6236569903382424,0.5047258678332817,1,0,FC_POLIGRAFO,agency_claim,poligrafo,>=2023,pt-BR,True,false_pure,checker,False,False,False
49533133561827057,test,0,-0.464185893535614,0.44447267055511475,0.9086585640907288,0.7127255850609069,0.668194520653615,1,1,FC_EFARSAS,agency_claim,efarsas,2018-2022,pt-BR,False,true_rating,checker,False,False,False
517271559559766488,test,1,-0.4937763512134552,0.7486191987991333,1.2423955500125885,0.775980719144477,0.7795956009374965,1,1,FC_EFARSAS,agency_claim,efarsas,2018-2022,pt-BR,False,false_pure,checker,False,False,False
574171638741371773,test,0,-0.10343319922685623,0.07710918039083481,0.18054237961769104,0.5450133915858938,0.37077742255906393,0,0,FC_POLIGRAFO,agency_claim,poligrafo,>=2023,pt-BR,True,true_rating,checker,False,False,False
