rid,y_true,logit0,logit1,z,p_cal,group,channel,label_tier,is_balanced_group,is_ptpt_rule,era,publisher,contam_v1_train
12411,0,1.143213,-1.204590,-2.347803,0.166585,FakeWhatsApp.BR_2018,whatsapp,v1,True,False,2018-2022,desconhecido,True
11699,1,-2.524226,2.832104,5.356330,0.977727,FakeWhatsApp.BR_2018,whatsapp,v1,True,False,2018-2022,desconhecido,True
11929,1,-2.736143,3.012461,5.748605,0.982983,FakeWhatsApp.BR_2018,whatsapp,v1,True,False,2018-2022,desconhecido,True
11576,1,-2.813775,3.101586,5.915361,0.984829,FakeWhatsApp.BR_2018,whatsapp,v1,True,False,2018-2022,desconhecido,False
11567,1,-1.385991,1.509242,2.895233,0.886895,FakeWhatsApp.BR_2018,whatsapp,v1,True,False,2018-2022,desconhecido,True
11190,1,-2.421887,2.662184,5.084071,0.973177,FakeWhatsApp.BR_2018,whatsapp,v1,True,False,2018-2022,desconhecido,True
11365,0,-0.826531,0.966423,1.792954,0.783802,FakeWhatsApp.BR_2018,whatsapp,v1,True,False,2018-2022,desconhecido,True
13955,1,-1.755501,1.963115,3.718616,0.933122,FakeWhatsApp.BR_2018,whatsapp,v1,True,False,2018-2022,desconhecido,True
11867,1,-1.774624,2.137750,3.912374,0.941104,FakeWhatsApp.BR_2018,whatsapp,v1,True,False,2018-2022,desconhecido,False
12863,1,-1.754214,1.921936,3.676149,0.931244,FakeWhatsApp.BR_2018,whatsapp,v1,True,False,2018-2022,desconhecido,True
13071,1,-2.489094,2.704751,5.193844,0.975111,FakeWhatsApp.BR_2018,whatsapp,v1,True,False,2018-2022,desconhecido,True
11165,1,-1.594398,1.787292,3.381691,0.916817,FakeWhatsApp.BR_2018,whatsapp,v1,True,False,2018-2022,desconhecido,False
11650,1,-1.868263,2.086926,3.955189,0.942743,FakeWhatsApp.BR_2018,whatsapp,v1,True,False,2018-2022,desconhecido,False
12812,1,-2.756678,3.029422,5.786100,0.983417,FakeWhatsApp.BR_2018,whatsapp,v1,True,False,2018-2022,desconhecido,False
13228,0,-1.579029,1.686013,3.265042,0.910376,FakeWhatsApp.BR_2018,whatsapp,v1,True,False,2018-2022,desconhecido,False
13918,1,-1.485658,1.689034,3.174693,0.905081,FakeWhatsApp.BR_2018,whatsapp,v1,True,False,2018-2022,desconhecido,False
10915,1,-1.632743,1.626590,3.259332,0.910049,FakeWhatsApp.BR_2018,whatsapp,v1,True,False,2018-2022,desconhecido,False
12249,1,-1.527594,2.071984,3.599578,0.927732,FakeWhatsApp.BR_2018,whatsapp,v1,True,False,2018-2022,desconhecido,True
12251,1,-0.571678,0.637975,1.209652,0.706766,FakeWhatsApp.BR_2018,whatsapp,v1,True,False,2018-2022,desconhecido,True
13428,1,-3.085908,3.457005,6.542912,0.990169,FakeWhatsApp.BR_2018,whatsapp,v1,True,False,2018-2022,desconhecido,False
14333,1,-2.831589,3.139984,5.971573,0.985406,FakeWhatsApp.BR_2018,whatsapp,v1,True,False,2018-2022,desconhecido,True
14623,1,-0.643466,0.793769,1.437235,0.738658,FakeWhatsApp.BR_2018,whatsapp,v1,True,False,2018-2022,desconhecido,False
14849,1,-2.860788,3.205055,6.065843,0.986325,FakeWhatsApp.BR_2018,whatsapp,v1,True,False,2018-2022,desconhecido,True
15389,0,-1.598160,1.931641,3.529800,0.924389,FakeWhatsApp.BR_2018,whatsapp,v1,True,False,2018-2022,desconhecido,True
15522,0,1.009003,-1.034483,-2.043485,0.198286,FakeWhatsApp.BR_2018,whatsapp,v1,True,False,2018-2022,desconhecido,True
16810,1,-1.069726,1.218950,2.288676,0.836840,FakeWhatsApp.BR_2018,whatsapp,v1,True,False,2018-2022,desconhecido,True
16840,1,-2.435730,2.683550,5.119280,0.973813,FakeWhatsApp.BR_2018,whatsapp,v1,True,False,2018-2022,desconhecido,True
16907,1,-2.845447,3.158909,6.004356,0.985732,FakeWhatsApp.BR_2018,whatsapp,v1,True,False,2018-2022,desconhecido,False
16925,0,0.218795,-0.383089,-0.601884,0.404172,FakeWhatsApp.BR_2018,whatsapp,v1,True,False,2018-2022,desconhecido,True
10825,1,-1.314183,1.574822,2.889005,0.886457,FakeWhatsApp.BR_2018,whatsapp,v1,True,False,2018-2022,desconhecido,True
10824,0,0.330888,-0.480519,-0.811407,0.369410,FakeWhatsApp.BR_2018,whatsapp,v1,True,False,2018-2022,desconhecido,True
10823,0,-0.518861,0.470749,0.989611,0.673867,FakeWhatsApp.BR_2018,whatsapp,v1,True,False,2018-2022,desconhecido,False
10822,0,-1.501262,1.706481,3.207743,0.907049,FakeWhatsApp.BR_2018,whatsapp,v1,True,False,2018-2022,desconhecido,True
10821,1,-2.167979,2.372746,4.540725,0.961248,FakeWhatsApp.BR_2018,whatsapp,v1,True,False,2018-2022,desconhecido,True
10820,0,1.167503,-1.306762,-2.474265,0.154657,FakeWhatsApp.BR_2018,whatsapp,v1,True,False,2018-2022,desconhecido,True
10819,1,-0.846219,1.083077,1.929296,0.799534,FakeWhatsApp.BR_2018,whatsapp,v1,True,False,2018-2022,desconhecido,True
10818,0,0.218564,-0.360017,-0.578581,0.408106,FakeWhatsApp.BR_2018,whatsapp,v1,True,False,2018-2022,desconhecido,True
10817,0,0.685523,-0.827613,-1.513137,0.263886,FakeWhatsApp.BR_2018,whatsapp,v1,True,False,2018-2022,desconhecido,False
10816,0,1.477863,-1.561129,-3.038992,0.109704,FakeWhatsApp.BR_2018,whatsapp,v1,True,False,2018-2022,desconhecido,False
10815,0,1.813279,-1.852588,-3.665867,0.073611,FakeWhatsApp.BR_2018,whatsapp,v1,True,False,2018-2022,desconhecido,True
10814,1,-0.541529,0.700659,1.242188,0.711462,FakeWhatsApp.BR_2018,whatsapp,v1,True,False,2018-2022,desconhecido,True
10841,0,0.711368,-0.934043,-1.645411,0.246300,FakeWhatsApp.BR_2018,whatsapp,v1,True,False,2018-2022,desconhecido,True
10840,0,0.356107,-0.591032,-0.947139,0.347568,FakeWhatsApp.BR_2018,whatsapp,v1,True,False,2018-2022,desconhecido,False
10839,1,-0.476547,0.341806,0.818353,0.646998,FakeWhatsApp.BR_2018,whatsapp,v1,True,False,2018-2022,desconhecido,True
10838,1,-2.446347,2.820639,5.266986,0.976324,FakeWhatsApp.BR_2018,whatsapp,v1,True,False,2018-2022,desconhecido,True
10837,0,-2.037153,2.273106,4.310260,0.954772,FakeWhatsApp.BR_2018,whatsapp,v1,True,False,2018-2022,desconhecido,True
10836,1,-1.088030,1.180361,2.268391,0.834892,FakeWhatsApp.BR_2018,whatsapp,v1,True,False,2018-2022,desconhecido,False
10835,1,-0.332871,0.446884,0.779755,0.640804,FakeWhatsApp.BR_2018,whatsapp,v1,True,False,2018-2022,desconhecido,True
10834,1,-0.534743,0.476936,1.011678,0.677252,FakeWhatsApp.BR_2018,whatsapp,v1,True,False,2018-2022,desconhecido,True
10833,0,2.153991,-2.334647,-4.488637,0.042765,FakeWhatsApp.BR_2018,whatsapp,v1,True,False,2018-2022,desconhecido,True
10832,0,0.584281,-0.847181,-1.431461,0.275138,FakeWhatsApp.BR_2018,whatsapp,v1,True,False,2018-2022,desconhecido,True
10831,1,-1.356012,1.590859,2.946871,0.890470,FakeWhatsApp.BR_2018,whatsapp,v1,True,False,2018-2022,desconhecido,False
10830,1,-0.578779,0.761596,1.340375,0.725362,FakeWhatsApp.BR_2018,whatsapp,v1,True,False,2018-2022,desconhecido,True
10829,0,1.856356,-1.972130,-3.828486,0.066217,FakeWhatsApp.BR_2018,whatsapp,v1,True,False,2018-2022,desconhecido,True
10828,0,2.469812,-2.944397,-5.414209,0.022841,FakeWhatsApp.BR_2018,whatsapp,v1,True,False,2018-2022,desconhecido,False
10827,0,0.569858,-0.878552,-1.448409,0.272779,FakeWhatsApp.BR_2018,whatsapp,v1,True,False,2018-2022,desconhecido,True
10826,1,-1.778772,1.903021,3.681793,0.931496,FakeWhatsApp.BR_2018,whatsapp,v1,True,False,2018-2022,desconhecido,True
10857,1,-0.877244,0.908044,1.785288,0.782891,FakeWhatsApp.BR_2018,whatsapp,v1,True,False,2018-2022,desconhecido,True
10856,0,0.975237,-1.089874,-2.065111,0.195891,FakeWhatsApp.BR_2018,whatsapp,v1,True,False,2018-2022,desconhecido,True
10855,0,0.963095,-1.164577,-2.127671,0.189086,FakeWhatsApp.BR_2018,whatsapp,v1,True,False,2018-2022,desconhecido,True
10854,1,-1.882600,2.214869,4.097468,0.947887,FakeWhatsApp.BR_2018,whatsapp,v1,True,False,2018-2022,desconhecido,True
10853,0,-0.771622,0.900775,1.672398,0.769162,FakeWhatsApp.BR_2018,whatsapp,v1,True,False,2018-2022,desconhecido,False
10852,0,1.962752,-1.981107,-3.943859,0.061396,FakeWhatsApp.BR_2018,whatsapp,v1,True,False,2018-2022,desconhecido,False
10851,1,-0.422118,0.581964,1.004082,0.676089,FakeWhatsApp.BR_2018,whatsapp,v1,True,False,2018-2022,desconhecido,False
10850,0,1.469031,-1.609431,-3.078462,0.107035,FakeWhatsApp.BR_2018,whatsapp,v1,True,False,2018-2022,desconhecido,False
10849,0,1.992425,-1.993084,-3.985509,0.059737,FakeWhatsApp.BR_2018,whatsapp,v1,True,False,2018-2022,desconhecido,True
10848,0,-0.939133,0.991142,1.930274,0.799643,FakeWhatsApp.BR_2018,whatsapp,v1,True,False,2018-2022,desconhecido,True
10847,0,1.797246,-1.851247,-3.648493,0.074445,FakeWhatsApp.BR_2018,whatsapp,v1,True,False,2018-2022,desconhecido,False
10846,1,-1.231021,1.228282,2.459303,0.852497,FakeWhatsApp.BR_2018,whatsapp,v1,True,False,2018-2022,desconhecido,True
10845,1,-0.606170,0.659956,1.266126,0.714889,FakeWhatsApp.BR_2018,whatsapp,v1,True,False,2018-2022,desconhecido,True
10844,0,1.241761,-1.313655,-2.555415,0.147376,FakeWhatsApp.BR_2018,whatsapp,v1,True,False,2018-2022,desconhecido,True
10843,1,-1.719804,1.894466,3.614270,0.928418,FakeWhatsApp.BR_2018,whatsapp,v1,True,False,2018-2022,desconhecido,False
10842,1,-0.755119,0.805947,1.561066,0.755039,FakeWhatsApp.BR_2018,whatsapp,v1,True,False,2018-2022,desconhecido,True
10873,1,-0.544397,0.684630,1.229027,0.709568,FakeWhatsApp.BR_2018,whatsapp,v1,True,False,2018-2022,desconhecido,False
10872,1,-0.709391,0.736807,1.446197,0.739867,FakeWhatsApp.BR_2018,whatsapp,v1,True,False,2018-2022,desconhecido,True
10871,0,2.527606,-2.818440,-5.346045,0.023930,FakeWhatsApp.BR_2018,whatsapp,v1,True,False,2018-2022,desconhecido,True
10870,1,-1.736511,1.974780,3.711291,0.932802,FakeWhatsApp.BR_2018,whatsapp,v1,True,False,2018-2022,desconhecido,True
10869,1,-2.096670,2.205252,4.301922,0.954519,FakeWhatsApp.BR_2018,whatsapp,v1,True,False,2018-2022,desconhecido,False
10868,1,-2.000767,2.281188,4.281956,0.953908,FakeWhatsApp.BR_2018,whatsapp,v1,True,False,2018-2022,desconhecido,False
10867,0,0.196617,-0.210632,-0.407250,0.437358,FakeWhatsApp.BR_2018,whatsapp,v1,True,False,2018-2022,desconhecido,True
10866,0,2.479378,-2.675560,-5.154938,0.027261,FakeWhatsApp.BR_2018,whatsapp,v1,True,False,2018-2022,desconhecido,False
10865,0,0.250657,-0.309149,-0.559806,0.411283,FakeWhatsApp.BR_2018,whatsapp,v1,True,False,2018-2022,desconhecido,False
10864,1,-2.805404,3.046603,5.852006,0.984152,FakeWhatsApp.BR_2018,whatsapp,v1,True,False,2018-2022,desconhecido,True
10863,1,-1.518820,1.710070,3.228891,0.908290,FakeWhatsApp.BR_2018,whatsapp,v1,True,False,2018-2022,desconhecido,False
10862,0,1.031283,-1.156414,-2.187696,0.182728,FakeWhatsApp.BR_2018,whatsapp,v1,True,False,2018-2022,desconhecido,False
10861,0,1.220041,-1.226365,-2.446405,0.157223,FakeWhatsApp.BR_2018,whatsapp,v1,True,False,2018-2022,desconhecido,True
10860,1,-0.948093,0.904588,1.852681,0.790801,FakeWhatsApp.BR_2018,whatsapp,v1,True,False,2018-2022,desconhecido,True
10859,0,2.394065,-2.775996,-5.170061,0.026982,FakeWhatsApp.BR_2018,whatsapp,v1,True,False,2018-2022,desconhecido,True
10858,1,-0.935000,1.126431,2.061431,0.813946,FakeWhatsApp.BR_2018,whatsapp,v1,True,False,2018-2022,desconhecido,True
10889,1,-2.787896,3.110443,5.898338,0.984650,FakeWhatsApp.BR_2018,whatsapp,v1,True,False,2018-2022,desconhecido,False
10888,1,-2.362001,2.640308,5.002310,0.971642,FakeWhatsApp.BR_2018,whatsapp,v1,True,False,2018-2022,desconhecido,True
10887,1,-1.597721,1.817936,3.415658,0.918612,FakeWhatsApp.BR_2018,whatsapp,v1,True,False,2018-2022,desconhecido,True
10886,0,-0.932018,1.164981,2.096998,0.817687,FakeWhatsApp.BR_2018,whatsapp,v1,True,False,2018-2022,desconhecido,True
10885,1,-1.252087,1.496880,2.748967,0.876213,FakeWhatsApp.BR_2018,whatsapp,v1,True,False,2018-2022,desconhecido,False
10884,1,-2.611275,2.869178,5.480453,0.979542,FakeWhatsApp.BR_2018,whatsapp,v1,True,False,2018-2022,desconhecido,False
10883,0,0.954265,-1.070595,-2.024861,0.200366,FakeWhatsApp.BR_2018,whatsapp,v1,True,False,2018-2022,desconhecido,True
10882,1,0.024507,0.166692,0.142185,0.533111,FakeWhatsApp.BR_2018,whatsapp,v1,True,False,2018-2022,desconhecido,True
10881,0,-2.507205,2.810133,5.317337,0.977125,FakeWhatsApp.BR_2018,whatsapp,v1,True,False,2018-2022,desconhecido,True
10880,1,-2.182824,2.506289,4.689113,0.964936,FakeWhatsApp.BR_2018,whatsapp,v1,True,False,2018-2022,desconhecido,True
10879,0,0.203512,-0.267279,-0.470790,0.426447,FakeWhatsApp.BR_2018,whatsapp,v1,True,False,2018-2022,desconhecido,True
10878,1,-1.775203,1.980278,3.755481,0.934715,FakeWhatsApp.BR_2018,whatsapp,v1,True,False,2018-2022,desconhecido,True
10877,1,-1.876070,2.081299,3.957369,0.942825,FakeWhatsApp.BR_2018,whatsapp,v1,True,False,2018-2022,desconhecido,True
10876,0,-0.308796,0.291567,0.600363,0.611424,FakeWhatsApp.BR_2018,whatsapp,v1,True,False,2018-2022,desconhecido,True
10875,0,-0.399092,0.535737,0.934829,0.665385,FakeWhatsApp.BR_2018,whatsapp,v1,True,False,2018-2022,desconhecido,False
10874,1,-0.480518,0.453942,0.934460,0.665328,FakeWhatsApp.BR_2018,whatsapp,v1,True,False,2018-2022,desconhecido,False
10905,0,-1.483301,1.655799,3.139100,0.902919,FakeWhatsApp.BR_2018,whatsapp,v1,True,False,2018-2022,desconhecido,True
10904,1,-1.933965,2.166052,4.100017,0.947975,FakeWhatsApp.BR_2018,whatsapp,v1,True,False,2018-2022,desconhecido,True
10903,1,-2.140258,2.210966,4.351224,0.955994,FakeWhatsApp.BR_2018,whatsapp,v1,True,False,2018-2022,desconhecido,True
10902,1,-2.040534,2.267704,4.308238,0.954710,FakeWhatsApp.BR_2018,whatsapp,v1,True,False,2018-2022,desconhecido,True
10901,1,-1.582599,1.766732,3.349331,0.915074,FakeWhatsApp.BR_2018,whatsapp,v1,True,False,2018-2022,desconhecido,True
10900,0,-1.499381,1.488011,2.987392,0.893206,FakeWhatsApp.BR_2018,whatsapp,v1,True,False,2018-2022,desconhecido,False
10899,1,0.004346,-0.112908,-0.117254,0.487769,FakeWhatsApp.BR_2018,whatsapp,v1,True,False,2018-2022,desconhecido,True
10898,1,-2.293220,2.613058,4.906278,0.969731,FakeWhatsApp.BR_2018,whatsapp,v1,True,False,2018-2022,desconhecido,False
10897,0,1.924522,-2.075946,-4.000467,0.059152,FakeWhatsApp.BR_2018,whatsapp,v1,True,False,2018-2022,desconhecido,True
10896,1,-2.535501,2.752349,5.287851,0.976659,FakeWhatsApp.BR_2018,whatsapp,v1,True,False,2018-2022,desconhecido,True
10895,1,-2.262327,2.428954,4.691281,0.964988,FakeWhatsApp.BR_2018,whatsapp,v1,True,False,2018-2022,desconhecido,True
10894,1,1.195734,-1.308716,-2.504450,0.151915,FakeWhatsApp.BR_2018,whatsapp,v1,True,False,2018-2022,desconhecido,False
10893,1,-0.836039,0.862375,1.698414,0.772379,FakeWhatsApp.BR_2018,whatsapp,v1,True,False,2018-2022,desconhecido,True
10892,1,-0.139293,0.448569,0.587862,0.609344,FakeWhatsApp.BR_2018,whatsapp,v1,True,False,2018-2022,desconhecido,False
10891,0,0.333976,-0.347871,-0.681848,0.390770,FakeWhatsApp.BR_2018,whatsapp,v1,True,False,2018-2022,desconhecido,True
10890,1,-0.418548,0.500254,0.918801,0.662883,FakeWhatsApp.BR_2018,whatsapp,v1,True,False,2018-2022,desconhecido,True
10921,0,2.579350,-2.887882,-5.467233,0.022027,FakeWhatsApp.BR_2018,whatsapp,v1,True,False,2018-2022,desconhecido,False
10920,0,-0.141006,0.045563,0.186568,0.540834,FakeWhatsApp.BR_2018,whatsapp,v1,True,False,2018-2022,desconhecido,True
10919,0,0.034817,0.045349,0.010532,0.510123,FakeWhatsApp.BR_2018,whatsapp,v1,True,False,2018-2022,desconhecido,True
10918,1,-0.253666,0.277148,0.530814,0.599799,FakeWhatsApp.BR_2018,whatsapp,v1,True,False,2018-2022,desconhecido,True
10917,0,2.599991,-2.922500,-5.522491,0.021209,FakeWhatsApp.BR_2018,whatsapp,v1,True,False,2018-2022,desconhecido,True
10916,0,1.881686,-1.986923,-3.868609,0.064501,FakeWhatsApp.BR_2018,whatsapp,v1,True,False,2018-2022,desconhecido,True
10914,1,-2.157666,2.307358,4.465024,0.959225,FakeWhatsApp.BR_2018,whatsapp,v1,True,False,2018-2022,desconhecido,True
10913,0,1.020914,-1.295712,-2.316626,0.169636,FakeWhatsApp.BR_2018,whatsapp,v1,True,False,2018-2022,desconhecido,True
10912,1,0.093443,-0.225133,-0.318576,0.452684,FakeWhatsApp.BR_2018,whatsapp,v1,True,False,2018-2022,desconhecido,False
10911,0,0.120137,-0.075415,-0.195552,0.474090,FakeWhatsApp.BR_2018,whatsapp,v1,True,False,2018-2022,desconhecido,True
10910,0,0.518816,-0.528057,-1.046872,0.331913,FakeWhatsApp.BR_2018,whatsapp,v1,True,False,2018-2022,desconhecido,True
10909,1,0.930205,-0.931503,-1.861707,0.219288,FakeWhatsApp.BR_2018,whatsapp,v1,True,False,2018-2022,desconhecido,False
10908,1,-0.302436,0.324366,0.626802,0.615811,FakeWhatsApp.BR_2018,whatsapp,v1,True,False,2018-2022,desconhecido,True
10907,0,-1.330783,1.355580,2.686364,0.871382,FakeWhatsApp.BR_2018,whatsapp,v1,True,False,2018-2022,desconhecido,False
10906,0,-0.329138,0.309719,0.638857,0.617806,FakeWhatsApp.BR_2018,whatsapp,v1,True,False,2018-2022,desconhecido,True
10937,1,-0.809460,0.676960,1.486420,0.745248,FakeWhatsApp.BR_2018,whatsapp,v1,True,False,2018-2022,desconhecido,True
10936,1,0.071226,-0.071612,-0.142838,0.483296,FakeWhatsApp.BR_2018,whatsapp,v1,True,False,2018-2022,desconhecido,False
10935,0,2.273102,-2.424423,-4.697525,0.037165,FakeWhatsApp.BR_2018,whatsapp,v1,True,False,2018-2022,desconhecido,True
10934,0,1.342135,-1.498557,-2.840692,0.124011,FakeWhatsApp.BR_2018,whatsapp,v1,True,False,2018-2022,desconhecido,True
10933,0,0.665134,-0.782890,-1.448024,0.272832,FakeWhatsApp.BR_2018,whatsapp,v1,True,False,2018-2022,desconhecido,True
10932,0,1.654567,-1.640888,-3.295455,0.093362,FakeWhatsApp.BR_2018,whatsapp,v1,True,False,2018-2022,desconhecido,False
10931,0,-0.829929,0.908017,1.737946,0.777207,FakeWhatsApp.BR_2018,whatsapp,v1,True,False,2018-2022,desconhecido,True
10930,0,-0.446106,0.584915,1.031021,0.680204,FakeWhatsApp.BR_2018,whatsapp,v1,True,False,2018-2022,desconhecido,False
10929,0,2.060292,-2.170096,-4.230388,0.050806,FakeWhatsApp.BR_2018,whatsapp,v1,True,False,2018-2022,desconhecido,True
10928,0,1.631194,-1.667834,-3.299028,0.093151,FakeWhatsApp.BR_2018,whatsapp,v1,True,False,2018-2022,desconhecido,False
10927,1,-0.593552,0.606168,1.199720,0.705323,FakeWhatsApp.BR_2018,whatsapp,v1,True,False,2018-2022,desconhecido,False
10926,1,0.122191,-0.110891,-0.233082,0.467546,FakeWhatsApp.BR_2018,whatsapp,v1,True,False,2018-2022,desconhecido,False
10925,1,-1.795188,2.002566,3.797754,0.936497,FakeWhatsApp.BR_2018,whatsapp,v1,True,False,2018-2022,desconhecido,True
10924,1,-1.377219,1.484340,2.861558,0.884509,FakeWhatsApp.BR_2018,whatsapp,v1,True,False,2018-2022,desconhecido,True
10923,0,-1.217495,1.321734,2.539229,0.859393,FakeWhatsApp.BR_2018,whatsapp,v1,True,False,2018-2022,desconhecido,False
10922,0,2.579350,-2.887882,-5.467233,0.022027,FakeWhatsApp.BR_2018,whatsapp,v1,True,False,2018-2022,desconhecido,True
10953,1,-0.459923,0.555162,1.015085,0.677773,FakeWhatsApp.BR_2018,whatsapp,v1,True,False,2018-2022,desconhecido,True
10952,1,0.794022,-1.078013,-1.872036,0.218053,FakeWhatsApp.BR_2018,whatsapp,v1,True,False,2018-2022,desconhecido,True
10951,1,-2.174934,2.380347,4.555282,0.961625,FakeWhatsApp.BR_2018,whatsapp,v1,True,False,2018-2022,desconhecido,True
10950,1,-2.727790,2.987027,5.714817,0.982583,FakeWhatsApp.BR_2018,whatsapp,v1,True,False,2018-2022,desconhecido,False
10949,1,-1.184845,1.242255,2.427100,0.849640,FakeWhatsApp.BR_2018,whatsapp,v1,True,False,2018-2022,desconhecido,True
10948,1,-1.813020,1.864102,3.677122,0.931287,FakeWhatsApp.BR_2018,whatsapp,v1,True,False,2018-2022,desconhecido,True
10947,0,0.713603,-0.705551,-1.419154,0.276860,FakeWhatsApp.BR_2018,whatsapp,v1,True,False,2018-2022,desconhecido,True
10946,1,2.610217,-2.875638,-5.485855,0.021748,FakeWhatsApp.BR_2018,whatsapp,v1,True,False,2018-2022,desconhecido,False
10945,0,-0.851405,1.146230,1.997636,0.807090,FakeWhatsApp.BR_2018,whatsapp,v1,True,False,2018-2022,desconhecido,True
10944,0,1.750366,-1.793826,-3.544193,0.079633,FakeWhatsApp.BR_2018,whatsapp,v1,True,False,2018-2022,desconhecido,False
10943,1,-2.590396,2.835207,5.425603,0.978759,FakeWhatsApp.BR_2018,whatsapp,v1,True,False,2018-2022,desconhecido,False
10942,0,-0.072457,0.192441,0.264898,0.554414,FakeWhatsApp.BR_2018,whatsapp,v1,True,False,2018-2022,desconhecido,True
10941,1,-2.537981,2.710573,5.248554,0.976024,FakeWhatsApp.BR_2018,whatsapp,v1,True,False,2018-2022,desconhecido,True
10940,1,-2.537981,2.710573,5.248554,0.976024,FakeWhatsApp.BR_2018,whatsapp,v1,True,False,2018-2022,desconhecido,False
10939,0,2.596696,-3.047903,-5.644600,0.019506,FakeWhatsApp.BR_2018,whatsapp,v1,True,False,2018-2022,desconhecido,True
10938,0,2.596696,-3.047903,-5.644600,0.019506,FakeWhatsApp.BR_2018,whatsapp,v1,True,False,2018-2022,desconhecido,False
10969,1,-1.158718,1.531599,2.690317,0.871691,FakeWhatsApp.BR_2018,whatsapp,v1,True,False,2018-2022,desconhecido,True
10968,1,-0.225642,0.212598,0.438240,0.584151,FakeWhatsApp.BR_2018,whatsapp,v1,True,False,2018-2022,desconhecido,True
10967,1,-1.512922,1.759003,3.271925,0.910768,FakeWhatsApp.BR_2018,whatsapp,v1,True,False,2018-2022,desconhecido,True
10966,1,-2.861509,3.274532,6.136041,0.986972,FakeWhatsApp.BR_2018,whatsapp,v1,True,False,2018-2022,desconhecido,True
10965,0,1.959513,-1.897658,-3.857171,0.064986,FakeWhatsApp.BR_2018,whatsapp,v1,True,False,2018-2022,desconhecido,False
10964,1,-0.365527,0.365080,0.730606,0.632849,FakeWhatsApp.BR_2018,whatsapp,v1,True,False,2018-2022,desconhecido,True
10963,1,0.832263,-1.100078,-1.932341,0.210942,FakeWhatsApp.BR_2018,whatsapp,v1,True,False,2018-2022,desconhecido,True
10962,0,1.767987,-1.851481,-3.619468,0.075856,FakeWhatsApp.BR_2018,whatsapp,v1,True,False,2018-2022,desconhecido,True
10961,1,-1.204901,1.295471,2.500372,0.856074,FakeWhatsApp.BR_2018,whatsapp,v1,True,False,2018-2022,desconhecido,False
10960,0,0.397652,-0.584902,-0.982554,0.341969,FakeWhatsApp.BR_2018,whatsapp,v1,True,False,2018-2022,desconhecido,True
10959,1,-1.230593,1.270395,2.500988,0.856128,FakeWhatsApp.BR_2018,whatsapp,v1,True,False,2018-2022,desconhecido,True
10958,1,-1.143812,1.156643,2.300455,0.837962,FakeWhatsApp.BR_2018,whatsapp,v1,True,False,2018-2022,desconhecido,True
10957,0,1.803312,-2.033009,-3.836321,0.065879,FakeWhatsApp.BR_2018,whatsapp,v1,True,False,2018-2022,desconhecido,True
10956,0,1.741781,-1.842300,-3.584081,0.077611,FakeWhatsApp.BR_2018,whatsapp,v1,True,False,2018-2022,desconhecido,True
10955,0,0.131455,0.010029,-0.121426,0.487039,FakeWhatsApp.BR_2018,whatsapp,v1,True,False,2018-2022,desconhecido,True
10954,0,1.817426,-2.061526,-3.878952,0.064066,FakeWhatsApp.BR_2018,whatsapp,v1,True,False,2018-2022,desconhecido,False
10985,1,-1.714948,1.938179,3.653126,0.930205,FakeWhatsApp.BR_2018,whatsapp,v1,True,False,2018-2022,desconhecido,True
10984,0,-0.286052,0.114076,0.400128,0.577658,FakeWhatsApp.BR_2018,whatsapp,v1,True,False,2018-2022,desconhecido,False
10983,0,-0.440129,0.403389,0.843518,0.651010,FakeWhatsApp.BR_2018,whatsapp,v1,True,False,2018-2022,desconhecido,True
10982,0,1.983344,-2.093894,-4.077238,0.056231,FakeWhatsApp.BR_2018,whatsapp,v1,True,False,2018-2022,desconhecido,False
10981,0,1.492703,-1.620218,-3.112921,0.104752,FakeWhatsApp.BR_2018,whatsapp,v1,True,False,2018-2022,desconhecido,True
10980,0,0.580478,-0.742856,-1.323334,0.290485,FakeWhatsApp.BR_2018,whatsapp,v1,True,False,2018-2022,desconhecido,True
10979,1,-1.478573,1.636614,3.115187,0.901442,FakeWhatsApp.BR_2018,whatsapp,v1,True,False,2018-2022,desconhecido,False
10978,1,-1.983676,2.173256,4.156932,0.949905,FakeWhatsApp.BR_2018,whatsapp,v1,True,False,2018-2022,desconhecido,False
10977,1,-1.591846,2.005333,3.597178,0.927619,FakeWhatsApp.BR_2018,whatsapp,v1,True,False,2018-2022,desconhecido,False
10976,0,0.837441,-1.109081,-1.946522,0.209295,FakeWhatsApp.BR_2018,whatsapp,v1,True,False,2018-2022,desconhecido,True
10975,1,-2.211342,2.317104,4.528446,0.960926,FakeWhatsApp.BR_2018,whatsapp,v1,True,False,2018-2022,desconhecido,True
10974,0,1.952042,-2.126014,-4.078057,0.056201,FakeWhatsApp.BR_2018,whatsapp,v1,True,False,2018-2022,desconhecido,True
10973,1,-2.342741,2.708542,5.051284,0.972572,FakeWhatsApp.BR_2018,whatsapp,v1,True,False,2018-2022,desconhecido,False
10972,1,-0.959590,1.093264,2.052854,0.813036,FakeWhatsApp.BR_2018,whatsapp,v1,True,False,2018-2022,desconhecido,True
10971,1,-0.343583,0.255250,0.598833,0.611170,FakeWhatsApp.BR_2018,whatsapp,v1,True,False,2018-2022,desconhecido,True
10970,1,-2.017469,2.162256,4.179725,0.950658,FakeWhatsApp.BR_2018,whatsapp,v1,True,False,2018-2022,desconhecido,False
11001,0,0.962166,-1.022689,-1.984855,0.204889,FakeWhatsApp.BR_2018,whatsapp,v1,True,False,2018-2022,desconhecido,True
11000,1,-2.550213,2.816075,5.366288,0.977878,FakeWhatsApp.BR_2018,whatsapp,v1,True,False,2018-2022,desconhecido,True
10999,1,-1.006856,0.914042,1.920898,0.798590,FakeWhatsApp.BR_2018,whatsapp,v1,True,False,2018-2022,desconhecido,True
10998,1,-1.704944,1.831810,3.536754,0.924728,FakeWhatsApp.BR_2018,whatsapp,v1,True,False,2018-2022,desconhecido,True
10997,1,-0.132189,0.197828,0.330016,0.565643,FakeWhatsApp.BR_2018,whatsapp,v1,True,False,2018-2022,desconhecido,True
10996,1,-2.019356,2.310849,4.330205,0.955371,FakeWhatsApp.BR_2018,whatsapp,v1,True,False,2018-2022,desconhecido,False
10995,0,1.826592,-1.937786,-3.764378,0.069046,FakeWhatsApp.BR_2018,whatsapp,v1,True,False,2018-2022,desconhecido,True
10994,0,2.466552,-2.695146,-5.161698,0.027136,FakeWhatsApp.BR_2018,whatsapp,v1,True,False,2018-2022,desconhecido,True
10993,0,1.749386,-1.850556,-3.599941,0.076820,FakeWhatsApp.BR_2018,whatsapp,v1,True,False,2018-2022,desconhecido,True
10992,0,-0.179495,0.515070,0.694565,0.626968,FakeWhatsApp.BR_2018,whatsapp,v1,True,False,2018-2022,desconhecido,False
10991,0,0.965254,-1.073600,-2.038854,0.198801,FakeWhatsApp.BR_2018,whatsapp,v1,True,False,2018-2022,desconhecido,True
10990,0,2.253416,-2.422981,-4.676397,0.037697,FakeWhatsApp.BR_2018,whatsapp,v1,True,False,2018-2022,desconhecido,True
10989,0,2.418045,-2.440865,-4.858910,0.033328,FakeWhatsApp.BR_2018,whatsapp,v1,True,False,2018-2022,desconhecido,False
10988,0,1.995000,-2.159539,-4.154539,0.053428,FakeWhatsApp.BR_2018,whatsapp,v1,True,False,2018-2022,desconhecido,False
10987,1,1.584365,-1.692439,-3.276804,0.094473,FakeWhatsApp.BR_2018,whatsapp,v1,True,False,2018-2022,desconhecido,False
10986,0,0.759895,-0.828986,-1.588881,0.253718,FakeWhatsApp.BR_2018,whatsapp,v1,True,False,2018-2022,desconhecido,True
11017,1,-1.321634,1.547149,2.868783,0.885025,FakeWhatsApp.BR_2018,whatsapp,v1,True,False,2018-2022,desconhecido,True
11016,0,-0.678328,0.648572,1.326900,0.723479,FakeWhatsApp.BR_2018,whatsapp,v1,True,False,2018-2022,desconhecido,True
11015,0,1.490723,-1.578225,-3.068948,0.107673,FakeWhatsApp.BR_2018,whatsapp,v1,True,False,2018-2022,desconhecido,True
11014,0,1.265610,-1.538681,-2.804290,0.126805,FakeWhatsApp.BR_2018,whatsapp,v1,True,False,2018-2022,desconhecido,True
11013,1,-1.486496,1.675007,3.161502,0.904285,FakeWhatsApp.BR_2018,whatsapp,v1,True,False,2018-2022,desconhecido,True
11012,0,1.611311,-1.810800,-3.422111,0.086124,FakeWhatsApp.BR_2018,whatsapp,v1,True,False,2018-2022,desconhecido,True
11011,0,-1.501899,1.615970,3.117869,0.901609,FakeWhatsApp.BR_2018,whatsapp,v1,True,False,2018-2022,desconhecido,True
11010,0,-1.692589,1.777689,3.470278,0.921425,FakeWhatsApp.BR_2018,whatsapp,v1,True,False,2018-2022,desconhecido,True
11009,0,0.918114,-1.390548,-2.308661,0.170423,FakeWhatsApp.BR_2018,whatsapp,v1,True,False,2018-2022,desconhecido,True
11008,0,-1.022892,0.680173,1.703065,0.772951,FakeWhatsApp.BR_2018,whatsapp,v1,True,False,2018-2022,desconhecido,True
11007,0,-1.084514,1.495933,2.580446,0.862843,FakeWhatsApp.BR_2018,whatsapp,v1,True,False,2018-2022,desconhecido,True
11006,1,-0.339773,0.528397,0.868170,0.654919,FakeWhatsApp.BR_2018,whatsapp,v1,True,False,2018-2022,desconhecido,True
11005,0,2.013345,-2.144767,-4.158112,0.053302,FakeWhatsApp.BR_2018,whatsapp,v1,True,False,2018-2022,desconhecido,True
11004,0,-1.730375,1.709386,3.439761,0.919865,FakeWhatsApp.BR_2018,whatsapp,v1,True,False,2018-2022,desconhecido,True
11003,1,-1.041916,0.989161,2.031077,0.810708,FakeWhatsApp.BR_2018,whatsapp,v1,True,False,2018-2022,desconhecido,False
11002,0,-0.811372,0.907374,1.718745,0.774871,FakeWhatsApp.BR_2018,whatsapp,v1,True,False,2018-2022,desconhecido,True
11033,0,1.250885,-1.364124,-2.615008,0.142212,FakeWhatsApp.BR_2018,whatsapp,v1,True,False,2018-2022,desconhecido,False
11032,0,0.090675,-0.046168,-0.136843,0.484344,FakeWhatsApp.BR_2018,whatsapp,v1,True,False,2018-2022,desconhecido,False
11031,1,-1.591730,1.727905,3.319635,0.913445,FakeWhatsApp.BR_2018,whatsapp,v1,True,False,2018-2022,desconhecido,False
11030,0,1.985023,-2.028239,-4.013262,0.058655,FakeWhatsApp.BR_2018,whatsapp,v1,True,False,2018-2022,desconhecido,True
11029,0,1.710661,-1.796437,-3.507098,0.081557,FakeWhatsApp.BR_2018,whatsapp,v1,True,False,2018-2022,desconhecido,False
11028,0,2.208575,-2.325069,-4.533645,0.041494,FakeWhatsApp.BR_2018,whatsapp,v1,True,False,2018-2022,desconhecido,False
11027,1,0.899957,-0.969364,-1.869321,0.218377,FakeWhatsApp.BR_2018,whatsapp,v1,True,False,2018-2022,desconhecido,False
11026,0,2.136277,-2.479617,-4.615893,0.039264,FakeWhatsApp.BR_2018,whatsapp,v1,True,False,2018-2022,desconhecido,True
11025,0,0.973715,-1.265282,-2.238997,0.177427,FakeWhatsApp.BR_2018,whatsapp,v1,True,False,2018-2022,desconhecido,True
11024,0,-0.414013,0.613693,1.027706,0.679699,FakeWhatsApp.BR_2018,whatsapp,v1,True,False,2018-2022,desconhecido,False
11023,0,0.741218,-0.937782,-1.679000,0.241962,FakeWhatsApp.BR_2018,whatsapp,v1,True,False,2018-2022,desconhecido,True
11022,0,-0.709242,1.007033,1.716274,0.774570,FakeWhatsApp.BR_2018,whatsapp,v1,True,False,2018-2022,desconhecido,False
11021,0,1.009239,-1.204782,-2.214021,0.179993,FakeWhatsApp.BR_2018,whatsapp,v1,True,False,2018-2022,desconhecido,True
11020,1,0.434545,-0.660726,-1.095271,0.324445,FakeWhatsApp.BR_2018,whatsapp,v1,True,False,2018-2022,desconhecido,True
11019,1,-2.627673,2.842976,5.470649,0.979404,FakeWhatsApp.BR_2018,whatsapp,v1,True,False,2018-2022,desconhecido,False
11018,0,2.010161,-2.055578,-4.065739,0.056660,FakeWhatsApp.BR_2018,whatsapp,v1,True,False,2018-2022,desconhecido,True
11049,0,-2.398270,2.695497,5.093767,0.973354,FakeWhatsApp.BR_2018,whatsapp,v1,True,False,2018-2022,desconhecido,True
11048,1,-2.696569,2.954317,5.650886,0.981801,FakeWhatsApp.BR_2018,whatsapp,v1,True,False,2018-2022,desconhecido,True
11047,1,-2.889556,3.065911,5.955466,0.985243,FakeWhatsApp.BR_2018,whatsapp,v1,True,False,2018-2022,desconhecido,True
11046,1,-0.202847,-0.037854,0.164993,0.537082,FakeWhatsApp.BR_2018,whatsapp,v1,True,False,2018-2022,desconhecido,True
11045,0,1.956947,-2.107642,-4.064589,0.056703,FakeWhatsApp.BR_2018,whatsapp,v1,True,False,2018-2022,desconhecido,True
11044,1,-0.891114,0.931257,1.822371,0.787270,FakeWhatsApp.BR_2018,whatsapp,v1,True,False,2018-2022,desconhecido,True
11043,0,2.307578,-2.494943,-4.802521,0.034623,FakeWhatsApp.BR_2018,whatsapp,v1,True,False,2018-2022,desconhecido,True
11042,0,-0.795687,0.795139,1.590826,0.758871,FakeWhatsApp.BR_2018,whatsapp,v1,True,False,2018-2022,desconhecido,False
11041,0,0.563899,-0.806067,-1.369966,0.283804,FakeWhatsApp.BR_2018,whatsapp,v1,True,False,2018-2022,desconhecido,True
11040,0,0.046762,0.081250,0.034488,0.514312,FakeWhatsApp.BR_2018,whatsapp,v1,True,False,2018-2022,desconhecido,True
11039,0,1.060909,-1.148268,-2.209177,0.180494,FakeWhatsApp.BR_2018,whatsapp,v1,True,False,2018-2022,desconhecido,True
11038,0,-0.904430,0.851191,1.755621,0.779342,FakeWhatsApp.BR_2018,whatsapp,v1,True,False,2018-2022,desconhecido,True
11037,1,-2.271351,2.453497,4.724849,0.965773,FakeWhatsApp.BR_2018,whatsapp,v1,True,False,2018-2022,desconhecido,True
11036,1,-2.001994,2.245180,4.247174,0.952826,FakeWhatsApp.BR_2018,whatsapp,v1,True,False,2018-2022,desconhecido,False
11035,0,0.343275,-0.482995,-0.826270,0.366990,FakeWhatsApp.BR_2018,whatsapp,v1,True,False,2018-2022,desconhecido,True
11034,0,-2.047148,2.479089,4.526237,0.960868,FakeWhatsApp.BR_2018,whatsapp,v1,True,False,2018-2022,desconhecido,False
11065,1,-2.166499,2.520300,4.686799,0.964881,FakeWhatsApp.BR_2018,whatsapp,v1,True,False,2018-2022,desconhecido,False
11064,1,-0.579312,0.636585,1.215897,0.707671,FakeWhatsApp.BR_2018,whatsapp,v1,True,False,2018-2022,desconhecido,True
11063,0,1.865988,-2.077130,-3.943119,0.061425,FakeWhatsApp.BR_2018,whatsapp,v1,True,False,2018-2022,desconhecido,False
11062,0,2.688606,-3.160629,-5.849236,0.016947,FakeWhatsApp.BR_2018,whatsapp,v1,True,False,2018-2022,desconhecido,False
11061,1,-2.426311,2.683851,5.110162,0.973650,FakeWhatsApp.BR_2018,whatsapp,v1,True,False,2018-2022,desconhecido,True
11060,1,0.893286,-0.793125,-1.686410,0.241012,FakeWhatsApp.BR_2018,whatsapp,v1,True,False,2018-2022,desconhecido,True
11059,0,0.741124,-0.814549,-1.555672,0.258144,FakeWhatsApp.BR_2018,whatsapp,v1,True,False,2018-2022,desconhecido,True
11058,0,2.561313,-2.878188,-5.439501,0.022449,FakeWhatsApp.BR_2018,whatsapp,v1,True,False,2018-2022,desconhecido,False
11057,0,-0.190647,0.215042,0.405689,0.578607,FakeWhatsApp.BR_2018,whatsapp,v1,True,False,2018-2022,desconhecido,True
11056,0,2.147754,-2.326293,-4.474047,0.043185,FakeWhatsApp.BR_2018,whatsapp,v1,True,False,2018-2022,desconhecido,False
11055,0,-0.421759,0.537568,0.959327,0.669192,FakeWhatsApp.BR_2018,whatsapp,v1,True,False,2018-2022,desconhecido,True
11054,0,0.865140,-0.944249,-1.809388,0.225621,FakeWhatsApp.BR_2018,whatsapp,v1,True,False,2018-2022,desconhecido,True
11053,0,2.481415,-2.800146,-5.281561,0.025007,FakeWhatsApp.BR_2018,whatsapp,v1,True,False,2018-2022,desconhecido,True
11052,1,-0.378235,0.463287,0.841522,0.650692,FakeWhatsApp.BR_2018,whatsapp,v1,True,False,2018-2022,desconhecido,True
11051,1,-2.715658,2.974906,5.690564,0.982290,FakeWhatsApp.BR_2018,whatsapp,v1,True,False,2018-2022,desconhecido,True
11050,1,-2.371551,2.514375,4.885926,0.969310,FakeWhatsApp.BR_2018,whatsapp,v1,True,False,2018-2022,desconhecido,False
11081,1,-2.234991,2.510412,4.745403,0.966245,FakeWhatsApp.BR_2018,whatsapp,v1,True,False,2018-2022,desconhecido,True
11080,1,-2.691673,2.951263,5.642937,0.981701,FakeWhatsApp.BR_2018,whatsapp,v1,True,False,2018-2022,desconhecido,False
11079,0,-2.027740,2.310359,4.338099,0.955605,FakeWhatsApp.BR_2018,whatsapp,v1,True,False,2018-2022,desconhecido,False
11078,0,0.667035,-0.871112,-1.538147,0.260500,FakeWhatsApp.BR_2018,whatsapp,v1,True,False,2018-2022,desconhecido,False
11077,0,-0.596777,0.534667,1.131445,0.695295,FakeWhatsApp.BR_2018,whatsapp,v1,True,False,2018-2022,desconhecido,False
11076,0,1.577453,-1.771002,-3.348455,0.090269,FakeWhatsApp.BR_2018,whatsapp,v1,True,False,2018-2022,desconhecido,True
11075,0,2.497210,-2.679239,-5.176449,0.026865,FakeWhatsApp.BR_2018,whatsapp,v1,True,False,2018-2022,desconhecido,True
11074,1,0.859538,-0.910350,-1.769888,0.230487,FakeWhatsApp.BR_2018,whatsapp,v1,True,False,2018-2022,desconhecido,False
11073,0,2.676256,-2.982698,-5.658954,0.019314,FakeWhatsApp.BR_2018,whatsapp,v1,True,False,2018-2022,desconhecido,True
11072,1,-1.912665,2.077901,3.990567,0.944065,FakeWhatsApp.BR_2018,whatsapp,v1,True,False,2018-2022,desconhecido,True
11071,1,-1.046898,1.313784,2.360682,0.843605,FakeWhatsApp.BR_2018,whatsapp,v1,True,False,2018-2022,desconhecido,False
11070,1,2.673927,-3.010201,-5.684128,0.018984,FakeWhatsApp.BR_2018,whatsapp,v1,True,False,2018-2022,desconhecido,False
11069,0,2.368014,-2.734953,-5.102967,0.028242,FakeWhatsApp.BR_2018,whatsapp,v1,True,False,2018-2022,desconhecido,True
11068,0,0.148032,-0.445374,-0.593406,0.405602,FakeWhatsApp.BR_2018,whatsapp,v1,True,False,2018-2022,desconhecido,False
11067,0,2.547915,-2.800885,-5.348800,0.023885,FakeWhatsApp.BR_2018,whatsapp,v1,True,False,2018-2022,desconhecido,True
11066,0,1.894331,-2.100148,-3.994480,0.059385,FakeWhatsApp.BR_2018,whatsapp,v1,True,False,2018-2022,desconhecido,True
11097,1,-2.057168,2.380389,4.437557,0.958467,FakeWhatsApp.BR_2018,whatsapp,v1,True,False,2018-2022,desconhecido,True
11096,1,-1.043330,1.387969,2.431299,0.850015,FakeWhatsApp.BR_2018,whatsapp,v1,True,False,2018-2022,desconhecido,False
11095,1,-0.512502,0.624486,1.136988,0.696116,FakeWhatsApp.BR_2018,whatsapp,v1,True,False,2018-2022,desconhecido,False
11094,0,-0.735486,0.815029,1.550514,0.753671,FakeWhatsApp.BR_2018,whatsapp,v1,True,False,2018-2022,desconhecido,True
11093,1,-0.752289,0.851927,1.604216,0.760581,FakeWhatsApp.BR_2018,whatsapp,v1,True,False,2018-2022,desconhecido,False
11092,1,-1.444642,1.490937,2.935579,0.889697,FakeWhatsApp.BR_2018,whatsapp,v1,True,False,2018-2022,desconhecido,True
11091,1,-2.519319,2.839284,5.358603,0.977762,FakeWhatsApp.BR_2018,whatsapp,v1,True,False,2018-2022,desconhecido,True
11090,0,-0.154344,-0.033251,0.121093,0.529435,FakeWhatsApp.BR_2018,whatsapp,v1,True,False,2018-2022,desconhecido,True
11089,0,1.950976,-2.296918,-4.247895,0.050219,FakeWhatsApp.BR_2018,whatsapp,v1,True,False,2018-2022,desconhecido,True
11088,0,0.199593,-0.308646,-0.508239,0.420049,FakeWhatsApp.BR_2018,whatsapp,v1,True,False,2018-2022,desconhecido,True
11087,1,-2.553270,2.915674,5.468945,0.979380,FakeWhatsApp.BR_2018,whatsapp,v1,True,False,2018-2022,desconhecido,True
11086,1,-0.865451,0.906081,1.771531,0.781250,FakeWhatsApp.BR_2018,whatsapp,v1,True,False,2018-2022,desconhecido,True
11085,1,-1.135426,1.194217,2.329643,0.840717,FakeWhatsApp.BR_2018,whatsapp,v1,True,False,2018-2022,desconhecido,True
11084,0,0.288659,-0.292235,-0.580895,0.407714,FakeWhatsApp.BR_2018,whatsapp,v1,True,False,2018-2022,desconhecido,False
11083,1,-2.500903,2.654265,5.155168,0.974446,FakeWhatsApp.BR_2018,whatsapp,v1,True,False,2018-2022,desconhecido,True
11082,1,-2.591393,2.936504,5.527897,0.980197,FakeWhatsApp.BR_2018,whatsapp,v1,True,False,2018-2022,desconhecido,True
11113,1,-2.893688,3.193280,6.086969,0.986523,FakeWhatsApp.BR_2018,whatsapp,v1,True,False,2018-2022,desconhecido,True
11112,1,-2.264789,2.530285,4.795074,0.967361,FakeWhatsApp.BR_2018,whatsapp,v1,True,False,2018-2022,desconhecido,True
11111,1,-2.213325,2.499714,4.713038,0.965498,FakeWhatsApp.BR_2018,whatsapp,v1,True,False,2018-2022,desconhecido,True
11110,1,-2.610578,2.817061,5.427639,0.978788,FakeWhatsApp.BR_2018,whatsapp,v1,True,False,2018-2022,desconhecido,True
11109,1,-1.789648,1.870629,3.660277,0.930529,FakeWhatsApp.BR_2018,whatsapp,v1,True,False,2018-2022,desconhecido,True
11108,0,2.831959,-3.193314,-6.025273,0.015012,FakeWhatsApp.BR_2018,whatsapp,v1,True,False,2018-2022,desconhecido,True
11107,0,2.492177,-2.704436,-5.196612,0.026498,FakeWhatsApp.BR_2018,whatsapp,v1,True,False,2018-2022,desconhecido,True
11106,1,-0.921992,1.029902,1.951894,0.802057,FakeWhatsApp.BR_2018,whatsapp,v1,True,False,2018-2022,desconhecido,True
11105,1,-1.246758,1.338119,2.584877,0.863209,FakeWhatsApp.BR_2018,whatsapp,v1,True,False,2018-2022,desconhecido,True
11104,0,0.412009,-0.598544,-1.010553,0.337573,FakeWhatsApp.BR_2018,whatsapp,v1,True,False,2018-2022,desconhecido,False
11103,0,0.378503,-0.331918,-0.710421,0.386020,FakeWhatsApp.BR_2018,whatsapp,v1,True,False,2018-2022,desconhecido,False
11102,1,-1.553857,1.592887,3.146744,0.903387,FakeWhatsApp.BR_2018,whatsapp,v1,True,False,2018-2022,desconhecido,True
11101,0,0.025750,0.077283,0.051533,0.517292,FakeWhatsApp.BR_2018,whatsapp,v1,True,False,2018-2022,desconhecido,True
11100,0,-0.627399,0.695899,1.323298,0.722974,FakeWhatsApp.BR_2018,whatsapp,v1,True,False,2018-2022,desconhecido,True
11099,1,-2.070719,2.466235,4.536954,0.961149,FakeWhatsApp.BR_2018,whatsapp,v1,True,False,2018-2022,desconhecido,True
11098,1,-2.787776,3.044560,5.832336,0.983936,FakeWhatsApp.BR_2018,whatsapp,v1,True,False,2018-2022,desconhecido,True
11129,0,-0.485402,0.507972,0.993374,0.674445,FakeWhatsApp.BR_2018,whatsapp,v1,True,False,2018-2022,desconhecido,True
11128,0,2.521119,-2.810265,-5.331385,0.024171,FakeWhatsApp.BR_2018,whatsapp,v1,True,False,2018-2022,desconhecido,True
11127,1,-1.644437,1.842803,3.487240,0.922280,FakeWhatsApp.BR_2018,whatsapp,v1,True,False,2018-2022,desconhecido,True
11126,0,2.644506,-3.056791,-5.701297,0.018761,FakeWhatsApp.BR_2018,whatsapp,v1,True,False,2018-2022,desconhecido,True
11125,1,0.026471,-0.089897,-0.116367,0.487924,FakeWhatsApp.BR_2018,whatsapp,v1,True,False,2018-2022,desconhecido,True
11124,1,-0.517356,0.736010,1.253365,0.713066,FakeWhatsApp.BR_2018,whatsapp,v1,True,False,2018-2022,desconhecido,True
11123,1,-1.421919,1.660784,3.082703,0.899404,FakeWhatsApp.BR_2018,whatsapp,v1,True,False,2018-2022,desconhecido,True
11122,1,-2.574837,2.897123,5.471960,0.979423,FakeWhatsApp.BR_2018,whatsapp,v1,True,False,2018-2022,desconhecido,True
11121,1,0.567663,-0.626042,-1.193705,0.309532,FakeWhatsApp.BR_2018,whatsapp,v1,True,False,2018-2022,desconhecido,True
11120,0,2.449004,-2.783321,-5.232326,0.025861,FakeWhatsApp.BR_2018,whatsapp,v1,True,False,2018-2022,desconhecido,True
11119,1,-1.749392,1.959756,3.709147,0.932708,FakeWhatsApp.BR_2018,whatsapp,v1,True,False,2018-2022,desconhecido,True
11118,0,0.164544,-0.264297,-0.428841,0.433643,FakeWhatsApp.BR_2018,whatsapp,v1,True,False,2018-2022,desconhecido,True
11117,0,-1.539527,1.616622,3.156149,0.903960,FakeWhatsApp.BR_2018,whatsapp,v1,True,False,2018-2022,desconhecido,False
11116,1,-1.214636,1.118714,2.333351,0.841064,FakeWhatsApp.BR_2018,whatsapp,v1,True,False,2018-2022,desconhecido,True
11115,1,0.275830,-0.283717,-0.559547,0.411327,FakeWhatsApp.BR_2018,whatsapp,v1,True,False,2018-2022,desconhecido,True
11114,1,-0.417947,0.438564,0.856511,0.653073,FakeWhatsApp.BR_2018,whatsapp,v1,True,False,2018-2022,desconhecido,True
11145,0,0.810710,-1.004703,-1.815413,0.224885,FakeWhatsApp.BR_2018,whatsapp,v1,True,False,2018-2022,desconhecido,True
11144,0,-0.304730,0.094136,0.398867,0.577442,FakeWhatsApp.BR_2018,whatsapp,v1,True,False,2018-2022,desconhecido,True
11143,1,-0.100137,0.227886,0.328024,0.565300,FakeWhatsApp.BR_2018,whatsapp,v1,True,False,2018-2022,desconhecido,True
11142,0,1.248166,-1.298668,-2.546834,0.148133,FakeWhatsApp.BR_2018,whatsapp,v1,True,False,2018-2022,desconhecido,False
11141,0,-1.578533,1.799066,3.377599,0.916599,FakeWhatsApp.BR_2018,whatsapp,v1,True,False,2018-2022,desconhecido,False
11140,0,2.272228,-2.695005,-4.967233,0.030970,FakeWhatsApp.BR_2018,whatsapp,v1,True,False,2018-2022,desconhecido,False
11139,0,-0.862504,0.844299,1.706803,0.773410,FakeWhatsApp.BR_2018,whatsapp,v1,True,False,2018-2022,desconhecido,True
11138,0,-0.270617,0.151800,0.422418,0.581459,FakeWhatsApp.BR_2018,whatsapp,v1,True,False,2018-2022,desconhecido,False
11137,1,-2.119514,2.466222,4.585735,0.962404,FakeWhatsApp.BR_2018,whatsapp,v1,True,False,2018-2022,desconhecido,True
11136,1,-2.335624,2.559359,4.894983,0.969498,FakeWhatsApp.BR_2018,whatsapp,v1,True,False,2018-2022,desconhecido,True
11135,0,-0.588245,0.723830,1.312075,0.721398,FakeWhatsApp.BR_2018,whatsapp,v1,True,False,2018-2022,desconhecido,False
11134,1,-2.034899,2.191939,4.226838,0.952182,FakeWhatsApp.BR_2018,whatsapp,v1,True,False,2018-2022,desconhecido,False
11133,0,2.680108,-3.022018,-5.702126,0.018750,FakeWhatsApp.BR_2018,whatsapp,v1,True,False,2018-2022,desconhecido,True
11132,0,0.330231,-0.377379,-0.707610,0.386486,FakeWhatsApp.BR_2018,whatsapp,v1,True,False,2018-2022,desconhecido,True
11131,0,0.521697,-0.525775,-1.047472,0.331820,FakeWhatsApp.BR_2018,whatsapp,v1,True,False,2018-2022,desconhecido,True
11130,1,-0.850903,1.023915,1.874819,0.793353,FakeWhatsApp.BR_2018,whatsapp,v1,True,False,2018-2022,desconhecido,True
11161,0,1.841944,-1.851533,-3.693477,0.072304,FakeWhatsApp.BR_2018,whatsapp,v1,True,False,2018-2022,desconhecido,True
11160,0,2.066163,-2.255110,-4.321273,0.047825,FakeWhatsApp.BR_2018,whatsapp,v1,True,False,2018-2022,desconhecido,True
11159,1,-2.558505,2.846519,5.405023,0.978457,FakeWhatsApp.BR_2018,whatsapp,v1,True,False,2018-2022,desconhecido,True
11158,0,1.037416,-1.281618,-2.319035,0.169399,FakeWhatsApp.BR_2018,whatsapp,v1,True,False,2018-2022,desconhecido,True
11157,1,-0.710629,0.671615,1.382244,0.731160,FakeWhatsApp.BR_2018,whatsapp,v1,True,False,2018-2022,desconhecido,True
11156,0,1.950688,-2.065948,-4.016636,0.058525,FakeWhatsApp.BR_2018,whatsapp,v1,True,False,2018-2022,desconhecido,True
11155,0,2.189800,-2.421783,-4.611583,0.039378,FakeWhatsApp.BR_2018,whatsapp,v1,True,False,2018-2022,desconhecido,True
11154,0,2.468839,-2.781164,-5.250003,0.025551,FakeWhatsApp.BR_2018,whatsapp,v1,True,False,2018-2022,desconhecido,False
11153,0,1.952008,-2.077833,-4.029840,0.058018,FakeWhatsApp.BR_2018,whatsapp,v1,True,False,2018-2022,desconhecido,True
11152,0,0.487233,-0.488785,-0.976018,0.342999,FakeWhatsApp.BR_2018,whatsapp,v1,True,False,2018-2022,desconhecido,True
11151,0,2.334658,-2.559276,-4.893934,0.032547,FakeWhatsApp.BR_2018,whatsapp,v1,True,False,2018-2022,desconhecido,False
11150,0,2.270297,-2.455339,-4.725636,0.036467,FakeWhatsApp.BR_2018,whatsapp,v1,True,False,2018-2022,desconhecido,True
11149,0,0.169081,-0.217700,-0.386781,0.440886,FakeWhatsApp.BR_2018,whatsapp,v1,True,False,2018-2022,desconhecido,True
11148,0,2.338427,-2.498699,-4.837127,0.033822,FakeWhatsApp.BR_2018,whatsapp,v1,True,False,2018-2022,desconhecido,True
11147,0,2.363022,-2.504324,-4.867346,0.033138,FakeWhatsApp.BR_2018,whatsapp,v1,True,False,2018-2022,desconhecido,True
11146,0,0.502088,-0.715835,-1.217922,0.305921,FakeWhatsApp.BR_2018,whatsapp,v1,True,False,2018-2022,desconhecido,True
11177,0,0.758316,-1.161708,-1.920024,0.212380,FakeWhatsApp.BR_2018,whatsapp,v1,True,False,2018-2022,desconhecido,True
11176,1,-2.569390,2.969583,5.538973,0.980347,FakeWhatsApp.BR_2018,whatsapp,v1,True,False,2018-2022,desconhecido,True
11175,0,2.123652,-2.278822,-4.402474,0.045303,FakeWhatsApp.BR_2018,whatsapp,v1,True,False,2018-2022,desconhecido,True
11174,1,0.294534,-0.278752,-0.573286,0.409001,FakeWhatsApp.BR_2018,whatsapp,v1,True,False,2018-2022,desconhecido,True
11173,0,0.391203,-0.652935,-1.044138,0.332338,FakeWhatsApp.BR_2018,whatsapp,v1,True,False,2018-2022,desconhecido,True
11172,1,-2.477047,2.754518,5.231565,0.975744,FakeWhatsApp.BR_2018,whatsapp,v1,True,False,2018-2022,desconhecido,False
11171,1,-0.469421,0.536166,1.005587,0.676319,FakeWhatsApp.BR_2018,whatsapp,v1,True,False,2018-2022,desconhecido,False
11170,1,-1.078388,1.288263,2.366652,0.844155,FakeWhatsApp.BR_2018,whatsapp,v1,True,False,2018-2022,desconhecido,True
11169,1,-2.536608,2.752668,5.289276,0.976682,FakeWhatsApp.BR_2018,whatsapp,v1,True,False,2018-2022,desconhecido,False
11168,1,0.737735,-0.862880,-1.600615,0.252166,FakeWhatsApp.BR_2018,whatsapp,v1,True,False,2018-2022,desconhecido,True
11167,0,0.641447,-0.630820,-1.272267,0.297906,FakeWhatsApp.BR_2018,whatsapp,v1,True,False,2018-2022,desconhecido,True
11166,0,-0.146173,0.388012,0.534185,0.600365,FakeWhatsApp.BR_2018,whatsapp,v1,True,False,2018-2022,desconhecido,True
11164,1,-1.765519,1.984507,3.750026,0.934481,FakeWhatsApp.BR_2018,whatsapp,v1,True,False,2018-2022,desconhecido,True
11163,1,0.838137,-0.912618,-1.750754,0.232871,FakeWhatsApp.BR_2018,whatsapp,v1,True,False,2018-2022,desconhecido,False
11162,1,-1.415299,1.638884,3.054183,0.897583,FakeWhatsApp.BR_2018,whatsapp,v1,True,False,2018-2022,desconhecido,True
11193,0,-0.918477,1.004646,1.923123,0.798840,FakeWhatsApp.BR_2018,whatsapp,v1,True,False,2018-2022,desconhecido,True
11192,1,0.278508,-0.305906,-0.584414,0.407120,FakeWhatsApp.BR_2018,whatsapp,v1,True,False,2018-2022,desconhecido,True
11191,1,-0.878650,0.841027,1.719677,0.774985,FakeWhatsApp.BR_2018,whatsapp,v1,True,False,2018-2022,desconhecido,True
11189,1,-1.690546,1.953554,3.644100,0.929793,FakeWhatsApp.BR_2018,whatsapp,v1,True,False,2018-2022,desconhecido,True
11188,1,-1.218175,1.269213,2.487388,0.854951,FakeWhatsApp.BR_2018,whatsapp,v1,True,False,2018-2022,desconhecido,True
11187,0,-0.583725,0.612526,1.196251,0.704818,FakeWhatsApp.BR_2018,whatsapp,v1,True,False,2018-2022,desconhecido,True
11186,0,2.101933,-2.272442,-4.374375,0.046161,FakeWhatsApp.BR_2018,whatsapp,v1,True,False,2018-2022,desconhecido,True
11185,0,2.101933,-2.272442,-4.374375,0.046161,FakeWhatsApp.BR_2018,whatsapp,v1,True,False,2018-2022,desconhecido,True
11184,0,1.605287,-1.746703,-3.351991,0.090066,FakeWhatsApp.BR_2018,whatsapp,v1,True,False,2018-2022,desconhecido,True
11183,1,-0.580211,0.760554,1.340765,0.725416,FakeWhatsApp.BR_2018,whatsapp,v1,True,False,2018-2022,desconhecido,True
11182,1,-0.751532,0.830855,1.582387,0.757788,FakeWhatsApp.BR_2018,whatsapp,v1,True,False,2018-2022,desconhecido,True
11181,0,2.252224,-2.547841,-4.800064,0.034680,FakeWhatsApp.BR_2018,whatsapp,v1,True,False,2018-2022,desconhecido,True
11180,1,-1.540187,1.823346,3.363532,0.915843,FakeWhatsApp.BR_2018,whatsapp,v1,True,False,2018-2022,desconhecido,True
11179,1,-2.265865,2.567342,4.833206,0.968193,FakeWhatsApp.BR_2018,whatsapp,v1,True,False,2018-2022,desconhecido,True
11178,0,1.038773,-1.125378,-2.164151,0.185202,FakeWhatsApp.BR_2018,whatsapp,v1,True,False,2018-2022,desconhecido,False
11209,0,0.127130,-0.138004,-0.265134,0.461966,FakeWhatsApp.BR_2018,whatsapp,v1,True,False,2018-2022,desconhecido,False
11208,1,-1.053158,1.077237,2.130395,0.821145,FakeWhatsApp.BR_2018,whatsapp,v1,True,False,2018-2022,desconhecido,True
11207,0,-0.181668,0.183274,0.364942,0.571639,FakeWhatsApp.BR_2018,whatsapp,v1,True,False,2018-2022,desconhecido,False
11206,0,1.367056,-1.451896,-2.818952,0.125673,FakeWhatsApp.BR_2018,whatsapp,v1,True,False,2018-2022,desconhecido,True
11205,1,-0.294760,0.232068,0.526828,0.599129,FakeWhatsApp.BR_2018,whatsapp,v1,True,False,2018-2022,desconhecido,False
11204,1,-1.536005,1.831702,3.367707,0.916068,FakeWhatsApp.BR_2018,whatsapp,v1,True,False,2018-2022,desconhecido,False
11203,1,-1.340366,1.598145,2.938511,0.889898,FakeWhatsApp.BR_2018,whatsapp,v1,True,False,2018-2022,desconhecido,False
11202,1,-1.316056,1.539352,2.855408,0.884069,FakeWhatsApp.BR_2018,whatsapp,v1,True,False,2018-2022,desconhecido,True
11201,0,2.399023,-2.638901,-5.037924,0.029519,FakeWhatsApp.BR_2018,whatsapp,v1,True,False,2018-2022,desconhecido,False
11200,1,-1.421050,1.569181,2.990231,0.893395,FakeWhatsApp.BR_2018,whatsapp,v1,True,False,2018-2022,desconhecido,False
11199,0,-1.007674,0.937515,1.945189,0.801311,FakeWhatsApp.BR_2018,whatsapp,v1,True,False,2018-2022,desconhecido,True
11198,1,-0.826658,0.758482,1.585140,0.758142,FakeWhatsApp.BR_2018,whatsapp,v1,True,False,2018-2022,desconhecido,True
11197,1,-1.192979,1.343395,2.536373,0.859151,FakeWhatsApp.BR_2018,whatsapp,v1,True,False,2018-2022,desconhecido,True
11196,0,2.756644,-2.820920,-5.577564,0.020423,FakeWhatsApp.BR_2018,whatsapp,v1,True,False,2018-2022,desconhecido,True
11195,0,2.399023,-2.638901,-5.037924,0.029519,FakeWhatsApp.BR_2018,whatsapp,v1,True,False,2018-2022,desconhecido,True
11194,0,2.399023,-2.638901,-5.037924,0.029519,FakeWhatsApp.BR_2018,whatsapp,v1,True,False,2018-2022,desconhecido,True
11225,1,-1.980160,2.268345,4.248506,0.952868,FakeWhatsApp.BR_2018,whatsapp,v1,True,False,2018-2022,desconhecido,True
11224,0,-0.736546,0.879568,1.616114,0.762094,FakeWhatsApp.BR_2018,whatsapp,v1,True,False,2018-2022,desconhecido,True
11223,1,-2.486175,2.777937,5.264112,0.976277,FakeWhatsApp.BR_2018,whatsapp,v1,True,False,2018-2022,desconhecido,True
11222,1,-2.275630,2.589781,4.865411,0.968880,FakeWhatsApp.BR_2018,whatsapp,v1,True,False,2018-2022,desconhecido,True
11221,1,-2.611275,2.869178,5.480453,0.979542,FakeWhatsApp.BR_2018,whatsapp,v1,True,False,2018-2022,desconhecido,False
11220,0,-1.192979,1.343395,2.536373,0.859151,FakeWhatsApp.BR_2018,whatsapp,v1,True,False,2018-2022,desconhecido,True
11219,1,-2.397110,2.667405,5.064514,0.972818,FakeWhatsApp.BR_2018,whatsapp,v1,True,False,2018-2022,desconhecido,False
11218,1,-2.046594,2.360309,4.406904,0.957604,FakeWhatsApp.BR_2018,whatsapp,v1,True,False,2018-2022,desconhecido,True
11217,1,2.263342,-2.607586,-4.870928,0.033058,FakeWhatsApp.BR_2018,whatsapp,v1,True,False,2018-2022,desconhecido,False
11216,1,-1.287048,1.614073,2.901121,0.887308,FakeWhatsApp.BR_2018,whatsapp,v1,True,False,2018-2022,desconhecido,True
11215,0,0.435364,-0.383736,-0.819100,0.368156,FakeWhatsApp.BR_2018,whatsapp,v1,True,False,2018-2022,desconhecido,True
11214,1,-1.786913,1.976438,3.763351,0.935050,FakeWhatsApp.BR_2018,whatsapp,v1,True,False,2018-2022,desconhecido,True
11213,1,-1.236774,1.443680,2.680454,0.870917,FakeWhatsApp.BR_2018,whatsapp,v1,True,False,2018-2022,desconhecido,True
11212,0,-0.251656,0.342808,0.594465,0.610443,FakeWhatsApp.BR_2018,whatsapp,v1,True,False,2018-2022,desconhecido,True
11211,0,0.711757,-0.836682,-1.548440,0.259114,FakeWhatsApp.BR_2018,whatsapp,v1,True,False,2018-2022,desconhecido,False
11210,1,-0.869385,0.978347,1.847732,0.790228,FakeWhatsApp.BR_2018,whatsapp,v1,True,False,2018-2022,desconhecido,True
11241,1,-1.370785,1.607355,2.978140,0.892586,FakeWhatsApp.BR_2018,whatsapp,v1,True,False,2018-2022,desconhecido,True
11240,1,-2.756378,3.013946,5.770323,0.983236,FakeWhatsApp.BR_2018,whatsapp,v1,True,False,2018-2022,desconhecido,True
11239,1,-2.666840,2.886344,5.553184,0.980538,FakeWhatsApp.BR_2018,whatsapp,v1,True,False,2018-2022,desconhecido,False
11238,1,-2.837209,3.154108,5.991316,0.985603,FakeWhatsApp.BR_2018,whatsapp,v1,True,False,2018-2022,desconhecido,True
11237,1,-2.046324,2.340436,4.386760,0.957028,FakeWhatsApp.BR_2018,whatsapp,v1,True,False,2018-2022,desconhecido,True
11236,1,-1.594547,1.824266,3.418814,0.918777,FakeWhatsApp.BR_2018,whatsapp,v1,True,False,2018-2022,desconhecido,False
11235,1,-2.624297,2.753830,5.378127,0.978057,FakeWhatsApp.BR_2018,whatsapp,v1,True,False,2018-2022,desconhecido,True
11234,0,-0.741337,0.589344,1.330681,0.724008,FakeWhatsApp.BR_2018,whatsapp,v1,True,False,2018-2022,desconhecido,True
11233,1,0.287388,-0.270516,-0.557904,0.411606,FakeWhatsApp.BR_2018,whatsapp,v1,True,False,2018-2022,desconhecido,False
11232,1,-1.263008,1.282234,2.545242,0.859901,FakeWhatsApp.BR_2018,whatsapp,v1,True,False,2018-2022,desconhecido,False
11231,1,-1.927047,2.094099,4.021145,0.945184,FakeWhatsApp.BR_2018,whatsapp,v1,True,False,2018-2022,desconhecido,False
11230,1,-1.694970,1.871858,3.566828,0.926180,FakeWhatsApp.BR_2018,whatsapp,v1,True,False,2018-2022,desconhecido,True
11229,1,-1.962032,2.245100,4.207132,0.951550,FakeWhatsApp.BR_2018,whatsapp,v1,True,False,2018-2022,desconhecido,True
11228,1,-2.008962,2.185932,4.194895,0.951154,FakeWhatsApp.BR_2018,whatsapp,v1,True,False,2018-2022,desconhecido,True
11227,1,-2.008962,2.185932,4.194895,0.951154,FakeWhatsApp.BR_2018,whatsapp,v1,True,False,2018-2022,desconhecido,True
11226,1,-1.628032,1.779915,3.407947,0.918208,FakeWhatsApp.BR_2018,whatsapp,v1,True,False,2018-2022,desconhecido,True
11257,0,1.297464,-1.671332,-2.968795,0.114595,FakeWhatsApp.BR_2018,whatsapp,v1,True,False,2018-2022,desconhecido,True
11256,0,-0.262071,0.471647,0.733717,0.633354,FakeWhatsApp.BR_2018,whatsapp,v1,True,False,2018-2022,desconhecido,False
11255,1,-1.482052,1.642839,3.124892,0.902044,FakeWhatsApp.BR_2018,whatsapp,v1,True,False,2018-2022,desconhecido,True
11254,0,0.308744,-0.398129,-0.706873,0.386609,FakeWhatsApp.BR_2018,whatsapp,v1,True,False,2018-2022,desconhecido,True
11253,1,-0.111426,0.328958,0.440384,0.584516,FakeWhatsApp.BR_2018,whatsapp,v1,True,False,2018-2022,desconhecido,False
11252,1,-0.799314,0.948213,1.747528,0.778366,FakeWhatsApp.BR_2018,whatsapp,v1,True,False,2018-2022,desconhecido,True
11251,1,-0.282556,0.392642,0.675198,0.623793,FakeWhatsApp.BR_2018,whatsapp,v1,True,False,2018-2022,desconhecido,True
11250,1,-1.397050,1.644849,3.041900,0.896790,FakeWhatsApp.BR_2018,whatsapp,v1,True,False,2018-2022,desconhecido,False
11249,0,-0.388357,0.639976,1.028333,0.679794,FakeWhatsApp.BR_2018,whatsapp,v1,True,False,2018-2022,desconhecido,True
11248,1,-2.536694,2.800582,5.337276,0.977435,FakeWhatsApp.BR_2018,whatsapp,v1,True,False,2018-2022,desconhecido,True
11247,1,-1.060243,1.174733,2.234976,0.831643,FakeWhatsApp.BR_2018,whatsapp,v1,True,False,2018-2022,desconhecido,True
11246,0,1.300526,-1.348120,-2.648647,0.139365,FakeWhatsApp.BR_2018,whatsapp,v1,True,False,2018-2022,desconhecido,True
11245,0,-0.374042,0.282551,0.656594,0.620732,FakeWhatsApp.BR_2018,whatsapp,v1,True,False,2018-2022,desconhecido,True
11244,0,-1.076257,1.319378,2.395635,0.846805,FakeWhatsApp.BR_2018,whatsapp,v1,True,False,2018-2022,desconhecido,True
11243,1,-1.149050,1.344463,2.493513,0.855482,FakeWhatsApp.BR_2018,whatsapp,v1,True,False,2018-2022,desconhecido,True
11242,0,2.066793,-2.440380,-4.507174,0.042237,FakeWhatsApp.BR_2018,whatsapp,v1,True,False,2018-2022,desconhecido,True
11273,1,0.009674,-0.179852,-0.189526,0.475142,FakeWhatsApp.BR_2018,whatsapp,v1,True,False,2018-2022,desconhecido,False
11272,0,1.618706,-1.813688,-3.432395,0.085560,FakeWhatsApp.BR_2018,whatsapp,v1,True,False,2018-2022,desconhecido,True
11271,0,1.177564,-1.442912,-2.620477,0.141746,FakeWhatsApp.BR_2018,whatsapp,v1,True,False,2018-2022,desconhecido,True
11270,0,1.750827,-1.867414,-3.618240,0.075917,FakeWhatsApp.BR_2018,whatsapp,v1,True,False,2018-2022,desconhecido,True
11269,0,1.892349,-1.865701,-3.758049,0.069331,FakeWhatsApp.BR_2018,whatsapp,v1,True,False,2018-2022,desconhecido,True
11268,0,0.427744,-0.461565,-0.889309,0.356802,FakeWhatsApp.BR_2018,whatsapp,v1,True,False,2018-2022,desconhecido,True
11267,1,-1.850814,1.991265,3.842079,0.938317,FakeWhatsApp.BR_2018,whatsapp,v1,True,False,2018-2022,desconhecido,False
11266,1,0.805986,-1.031004,-1.836990,0.222263,FakeWhatsApp.BR_2018,whatsapp,v1,True,False,2018-2022,desconhecido,True
11265,1,-1.712106,1.991070,3.703176,0.932445,FakeWhatsApp.BR_2018,whatsapp,v1,True,False,2018-2022,desconhecido,False
11264,1,-2.036157,2.262293,4.298450,0.954413,FakeWhatsApp.BR_2018,whatsapp,v1,True,False,2018-2022,desconhecido,True
11263,0,0.357067,-0.361016,-0.718082,0.384750,FakeWhatsApp.BR_2018,whatsapp,v1,True,False,2018-2022,desconhecido,True
11262,1,-1.278400,1.286248,2.564648,0.861529,FakeWhatsApp.BR_2018,whatsapp,v1,True,False,2018-2022,desconhecido,True
11261,0,2.501259,-2.773297,-5.274556,0.025127,FakeWhatsApp.BR_2018,whatsapp,v1,True,False,2018-2022,desconhecido,True
11260,1,-1.723205,1.915690,3.638895,0.929555,FakeWhatsApp.BR_2018,whatsapp,v1,True,False,2018-2022,desconhecido,True
11259,0,-0.171756,-0.146462,0.025294,0.512705,FakeWhatsApp.BR_2018,whatsapp,v1,True,False,2018-2022,desconhecido,False
11258,1,-1.805089,1.983362,3.788451,0.936109,FakeWhatsApp.BR_2018,whatsapp,v1,True,False,2018-2022,desconhecido,True
11289,1,-0.106539,0.187512,0.294050,0.559449,FakeWhatsApp.BR_2018,whatsapp,v1,True,False,2018-2022,desconhecido,True
11288,1,-1.651298,1.659326,3.310625,0.912945,FakeWhatsApp.BR_2018,whatsapp,v1,True,False,2018-2022,desconhecido,False
11287,1,-1.297416,1.404709,2.702125,0.872613,FakeWhatsApp.BR_2018,whatsapp,v1,True,False,2018-2022,desconhecido,True
11286,1,-0.354804,0.271159,0.625963,0.615673,FakeWhatsApp.BR_2018,whatsapp,v1,True,False,2018-2022,desconhecido,True
11285,0,2.418119,-2.866730,-5.284849,0.024951,FakeWhatsApp.BR_2018,whatsapp,v1,True,False,2018-2022,desconhecido,True
11284,0,-0.970548,1.115195,2.085743,0.816509,FakeWhatsApp.BR_2018,whatsapp,v1,True,False,2018-2022,desconhecido,False
11283,0,0.793497,-1.015948,-1.809445,0.225614,FakeWhatsApp.BR_2018,whatsapp,v1,True,False,2018-2022,desconhecido,True
11282,0,2.782158,-3.196945,-5.979104,0.015497,FakeWhatsApp.BR_2018,whatsapp,v1,True,False,2018-2022,desconhecido,True
11281,1,-1.311035,1.405742,2.716776,0.873748,FakeWhatsApp.BR_2018,whatsapp,v1,True,False,2018-2022,desconhecido,True
11280,0,-1.219600,1.223709,2.443309,0.851084,FakeWhatsApp.BR_2018,whatsapp,v1,True,False,2018-2022,desconhecido,True
11279,1,-3.109222,3.391627,6.500849,0.989878,FakeWhatsApp.BR_2018,whatsapp,v1,True,False,2018-2022,desconhecido,False
11278,1,-2.470966,2.732111,5.203077,0.975268,FakeWhatsApp.BR_2018,whatsapp,v1,True,False,2018-2022,desconhecido,True
11277,1,-2.429039,2.671780,5.100819,0.973481,FakeWhatsApp.BR_2018,whatsapp,v1,True,False,2018-2022,desconhecido,True
11276,1,-2.037932,2.244268,4.282200,0.953916,FakeWhatsApp.BR_2018,whatsapp,v1,True,False,2018-2022,desconhecido,True
11275,1,-0.106824,0.046881,0.153705,0.535118,FakeWhatsApp.BR_2018,whatsapp,v1,True,False,2018-2022,desconhecido,True
11274,0,2.685613,-3.003494,-5.689107,0.018919,FakeWhatsApp.BR_2018,whatsapp,v1,True,False,2018-2022,desconhecido,True
11305,0,0.217197,-0.478462,-0.695659,0.388471,FakeWhatsApp.BR_2018,whatsapp,v1,True,False,2018-2022,desconhecido,True
11304,1,-2.127166,2.363760,4.490926,0.959928,FakeWhatsApp.BR_2018,whatsapp,v1,True,False,2018-2022,desconhecido,True
11303,1,-2.015949,2.211290,4.227239,0.952195,FakeWhatsApp.BR_2018,whatsapp,v1,True,False,2018-2022,desconhecido,True
11302,0,2.663536,-2.994152,-5.657688,0.019331,FakeWhatsApp.BR_2018,whatsapp,v1,True,False,2018-2022,desconhecido,True
11301,0,2.507880,-2.812662,-5.320542,0.024350,FakeWhatsApp.BR_2018,whatsapp,v1,True,False,2018-2022,desconhecido,True
11300,0,2.152434,-2.337427,-4.489861,0.042730,FakeWhatsApp.BR_2018,whatsapp,v1,True,False,2018-2022,desconhecido,True
11299,1,0.028645,-0.078675,-0.107320,0.489506,FakeWhatsApp.BR_2018,whatsapp,v1,True,False,2018-2022,desconhecido,True
11298,1,-0.799589,1.004238,1.803827,0.785089,FakeWhatsApp.BR_2018,whatsapp,v1,True,False,2018-2022,desconhecido,True
11297,0,0.400293,-0.582504,-0.982797,0.341931,FakeWhatsApp.BR_2018,whatsapp,v1,True,False,2018-2022,desconhecido,False
11296,1,-0.989844,0.855931,1.845775,0.790001,FakeWhatsApp.BR_2018,whatsapp,v1,True,False,2018-2022,desconhecido,True
11295,0,-1.534603,1.853297,3.387900,0.917148,FakeWhatsApp.BR_2018,whatsapp,v1,True,False,2018-2022,desconhecido,False
11294,0,2.633663,-2.771741,-5.405405,0.022979,FakeWhatsApp.BR_2018,whatsapp,v1,True,False,2018-2022,desconhecido,False
11293,0,1.210557,-1.366112,-2.576669,0.145517,FakeWhatsApp.BR_2018,whatsapp,v1,True,False,2018-2022,desconhecido,False
11292,0,1.811789,-2.088650,-3.900439,0.063170,FakeWhatsApp.BR_2018,whatsapp,v1,True,False,2018-2022,desconhecido,True
11291,0,-0.326724,0.308029,0.634753,0.617127,FakeWhatsApp.BR_2018,whatsapp,v1,True,False,2018-2022,desconhecido,True
11290,1,-2.177182,2.399402,4.576583,0.962172,FakeWhatsApp.BR_2018,whatsapp,v1,True,False,2018-2022,desconhecido,True
11321,0,2.741295,-3.140122,-5.881417,0.016576,FakeWhatsApp.BR_2018,whatsapp,v1,True,False,2018-2022,desconhecido,True
11320,0,2.747799,-3.172637,-5.920435,0.016137,FakeWhatsApp.BR_2018,whatsapp,v1,True,False,2018-2022,desconhecido,False
11319,0,1.744400,-1.810125,-3.554525,0.079105,FakeWhatsApp.BR_2018,whatsapp,v1,True,False,2018-2022,desconhecido,True
11318,1,-1.379197,1.581483,2.960680,0.891409,FakeWhatsApp.BR_2018,whatsapp,v1,True,False,2018-2022,desconhecido,False
11317,0,2.633842,-2.943316,-5.577158,0.020429,FakeWhatsApp.BR_2018,whatsapp,v1,True,False,2018-2022,desconhecido,True
11316,1,-1.425566,1.563788,2.989354,0.893337,FakeWhatsApp.BR_2018,whatsapp,v1,True,False,2018-2022,desconhecido,True
11315,1,-2.106848,2.400339,4.507187,0.960364,FakeWhatsApp.BR_2018,whatsapp,v1,True,False,2018-2022,desconhecido,False
11314,1,-0.748358,0.809375,1.557733,0.754607,FakeWhatsApp.BR_2018,whatsapp,v1,True,False,2018-2022,desconhecido,False
11313,0,2.265740,-2.427222,-4.692962,0.037279,FakeWhatsApp.BR_2018,whatsapp,v1,True,False,2018-2022,desconhecido,True
11312,0,1.071813,-1.169641,-2.241454,0.177176,FakeWhatsApp.BR_2018,whatsapp,v1,True,False,2018-2022,desconhecido,True
11311,0,2.908044,-3.143398,-6.051442,0.014744,FakeWhatsApp.BR_2018,whatsapp,v1,True,False,2018-2022,desconhecido,True
11310,0,2.522796,-2.590292,-5.113088,0.028049,FakeWhatsApp.BR_2018,whatsapp,v1,True,False,2018-2022,desconhecido,True
11309,1,0.004720,-0.062523,-0.067243,0.496517,FakeWhatsApp.BR_2018,whatsapp,v1,True,False,2018-2022,desconhecido,False
11308,1,-2.081801,2.394897,4.476698,0.959544,FakeWhatsApp.BR_2018,whatsapp,v1,True,False,2018-2022,desconhecido,True
11307,0,0.808702,-1.056620,-1.865322,0.218855,FakeWhatsApp.BR_2018,whatsapp,v1,True,False,2018-2022,desconhecido,True
11306,0,2.657954,-2.989769,-5.647722,0.019464,FakeWhatsApp.BR_2018,whatsapp,v1,True,False,2018-2022,desconhecido,False
11337,0,-0.495251,0.761234,1.256485,0.713512,FakeWhatsApp.BR_2018,whatsapp,v1,True,False,2018-2022,desconhecido,True
11336,0,0.743862,-1.091851,-1.835713,0.222418,FakeWhatsApp.BR_2018,whatsapp,v1,True,False,2018-2022,desconhecido,True
11335,1,-2.616055,3.002923,5.618978,0.981397,FakeWhatsApp.BR_2018,whatsapp,v1,True,False,2018-2022,desconhecido,False
11334,0,0.709489,-1.044587,-1.754076,0.232456,FakeWhatsApp.BR_2018,whatsapp,v1,True,False,2018-2022,desconhecido,True
11333,1,-2.296057,2.651855,4.947912,0.970574,FakeWhatsApp.BR_2018,whatsapp,v1,True,False,2018-2022,desconhecido,True
11332,1,0.022400,-0.026379,-0.048779,0.499747,FakeWhatsApp.BR_2018,whatsapp,v1,True,False,2018-2022,desconhecido,True
11331,1,-2.554661,2.940806,5.495466,0.979752,FakeWhatsApp.BR_2018,whatsapp,v1,True,False,2018-2022,desconhecido,True
11330,0,2.340417,-2.463240,-4.803657,0.034596,FakeWhatsApp.BR_2018,whatsapp,v1,True,False,2018-2022,desconhecido,False
11329,1,-0.895481,0.964377,1.859859,0.791631,FakeWhatsApp.BR_2018,whatsapp,v1,True,False,2018-2022,desconhecido,False
11328,0,1.322686,-1.535445,-2.858131,0.122691,FakeWhatsApp.BR_2018,whatsapp,v1,True,False,2018-2022,desconhecido,True
11327,1,-0.608129,0.696144,1.304273,0.720300,FakeWhatsApp.BR_2018,whatsapp,v1,True,False,2018-2022,desconhecido,True
11326,1,-2.638123,3.084209,5.722332,0.982673,FakeWhatsApp.BR_2018,whatsapp,v1,True,False,2018-2022,desconhecido,True
11325,1,-2.369648,2.648172,5.017820,0.971940,FakeWhatsApp.BR_2018,whatsapp,v1,True,False,2018-2022,desconhecido,False
11324,1,-0.587365,0.646313,1.233678,0.710238,FakeWhatsApp.BR_2018,whatsapp,v1,True,False,2018-2022,desconhecido,True
11323,1,-0.169786,0.409640,0.579426,0.607937,FakeWhatsApp.BR_2018,whatsapp,v1,True,False,2018-2022,desconhecido,True
11322,0,1.524820,-1.653764,-3.178584,0.100520,FakeWhatsApp.BR_2018,whatsapp,v1,True,False,2018-2022,desconhecido,True
11353,0,-0.165455,0.177151,0.342606,0.567807,FakeWhatsApp.BR_2018,whatsapp,v1,True,False,2018-2022,desconhecido,True
11352,1,-2.038013,2.278205,4.316218,0.954951,FakeWhatsApp.BR_2018,whatsapp,v1,True,False,2018-2022,desconhecido,True
11351,0,2.528990,-2.899976,-5.428966,0.022611,FakeWhatsApp.BR_2018,whatsapp,v1,True,False,2018-2022,desconhecido,True
11350,1,-1.452245,1.565885,3.018130,0.895240,FakeWhatsApp.BR_2018,whatsapp,v1,True,False,2018-2022,desconhecido,True
11349,0,2.622818,-3.030721,-5.653539,0.019386,FakeWhatsApp.BR_2018,whatsapp,v1,True,False,2018-2022,desconhecido,True
11348,1,-2.151122,2.450638,4.601760,0.962808,FakeWhatsApp.BR_2018,whatsapp,v1,True,False,2018-2022,desconhecido,True
11347,1,-2.385913,2.712110,5.098023,0.973431,FakeWhatsApp.BR_2018,whatsapp,v1,True,False,2018-2022,desconhecido,False
11346,0,1.596897,-1.702024,-3.298921,0.093157,FakeWhatsApp.BR_2018,whatsapp,v1,True,False,2018-2022,desconhecido,True
11345,0,2.710694,-3.092975,-5.803669,0.017487,FakeWhatsApp.BR_2018,whatsapp,v1,True,False,2018-2022,desconhecido,False
11344,1,-0.836882,1.082912,1.919795,0.798466,FakeWhatsApp.BR_2018,whatsapp,v1,True,False,2018-2022,desconhecido,True
11343,1,-2.278466,2.593675,4.872141,0.969021,FakeWhatsApp.BR_2018,whatsapp,v1,True,False,2018-2022,desconhecido,False
11342,0,1.719997,-1.708765,-3.428762,0.085759,FakeWhatsApp.BR_2018,whatsapp,v1,True,False,2018-2022,desconhecido,True
11341,0,-1.497516,1.716301,3.213817,0.907407,FakeWhatsApp.BR_2018,whatsapp,v1,True,False,2018-2022,desconhecido,True
11340,0,0.529885,-0.722068,-1.251953,0.300888,FakeWhatsApp.BR_2018,whatsapp,v1,True,False,2018-2022,desconhecido,False
11339,0,2.828383,-3.180809,-6.009192,0.015179,FakeWhatsApp.BR_2018,whatsapp,v1,True,False,2018-2022,desconhecido,False
11338,0,1.497807,-1.712984,-3.210791,0.098500,FakeWhatsApp.BR_2018,whatsapp,v1,True,False,2018-2022,desconhecido,False
11369,1,-0.213339,0.168847,0.382186,0.574591,FakeWhatsApp.BR_2018,whatsapp,v1,True,False,2018-2022,desconhecido,True
11368,1,-1.995497,2.091992,4.087489,0.947541,FakeWhatsApp.BR_2018,whatsapp,v1,True,False,2018-2022,desconhecido,True
11367,1,-0.817955,1.085506,1.903461,0.796620,FakeWhatsApp.BR_2018,whatsapp,v1,True,False,2018-2022,desconhecido,True
11366,0,2.051358,-2.206782,-4.258140,0.049878,FakeWhatsApp.BR_2018,whatsapp,v1,True,False,2018-2022,desconhecido,True
11364,1,-0.263366,0.345683,0.609049,0.612868,FakeWhatsApp.BR_2018,whatsapp,v1,True,False,2018-2022,desconhecido,True
11363,1,0.976098,-1.184134,-2.160233,0.185616,FakeWhatsApp.BR_2018,whatsapp,v1,True,False,2018-2022,desconhecido,True
11362,0,0.500053,-0.735761,-1.235813,0.303269,FakeWhatsApp.BR_2018,whatsapp,v1,True,False,2018-2022,desconhecido,False
11361,1,0.378693,-0.138156,-0.516849,0.418582,FakeWhatsApp.BR_2018,whatsapp,v1,True,False,2018-2022,desconhecido,False
11360,0,-0.993087,1.359116,2.352203,0.842820,FakeWhatsApp.BR_2018,whatsapp,v1,True,False,2018-2022,desconhecido,False
11359,1,0.313801,-0.426060,-0.739861,0.381148,FakeWhatsApp.BR_2018,whatsapp,v1,True,False,2018-2022,desconhecido,False
11358,1,-2.092453,2.140518,4.232971,0.952377,FakeWhatsApp.BR_2018,whatsapp,v1,True,False,2018-2022,desconhecido,False
11357,1,-0.539063,0.494754,1.033817,0.680629,FakeWhatsApp.BR_2018,whatsapp,v1,True,False,2018-2022,desconhecido,True
11356,1,0.195120,-0.290506,-0.485625,0.423909,FakeWhatsApp.BR_2018,whatsapp,v1,True,False,2018-2022,desconhecido,False
11355,1,-2.938355,3.379776,6.318130,0.988513,FakeWhatsApp.BR_2018,whatsapp,v1,True,False,2018-2022,desconhecido,True
11354,1,-2.611917,3.004262,5.616179,0.981362,FakeWhatsApp.BR_2018,whatsapp,v1,True,False,2018-2022,desconhecido,True
11385,0,2.192847,-2.419220,-4.612068,0.039365,FakeWhatsApp.BR_2018,whatsapp,v1,True,False,2018-2022,desconhecido,True
11384,1,-2.315048,2.673239,4.988287,0.971371,FakeWhatsApp.BR_2018,whatsapp,v1,True,False,2018-2022,desconhecido,True
11383,1,-0.617521,0.831623,1.449144,0.740264,FakeWhatsApp.BR_2018,whatsapp,v1,True,False,2018-2022,desconhecido,True
11382,1,-0.921254,1.083987,2.005241,0.807917,FakeWhatsApp.BR_2018,whatsapp,v1,True,False,2018-2022,desconhecido,True
11381,0,-0.613085,0.836287,1.449372,0.740294,FakeWhatsApp.BR_2018,whatsapp,v1,True,False,2018-2022,desconhecido,False
11380,0,1.064858,-1.089332,-2.154190,0.186256,FakeWhatsApp.BR_2018,whatsapp,v1,True,False,2018-2022,desconhecido,True
11379,1,2.167043,-2.353664,-4.520707,0.041856,FakeWhatsApp.BR_2018,whatsapp,v1,True,False,2018-2022,desconhecido,True
11378,1,-1.718191,1.832751,3.550942,0.925416,FakeWhatsApp.BR_2018,whatsapp,v1,True,False,2018-2022,desconhecido,True
11377,1,-0.676134,0.552484,1.228617,0.709509,FakeWhatsApp.BR_2018,whatsapp,v1,True,False,2018-2022,desconhecido,True
11376,1,-1.331451,1.402907,2.734358,0.875100,FakeWhatsApp.BR_2018,whatsapp,v1,True,False,2018-2022,desconhecido,True
11375,0,1.795966,-1.971910,-3.767875,0.068888,FakeWhatsApp.BR_2018,whatsapp,v1,True,False,2018-2022,desconhecido,True
11374,1,0.710503,-0.865024,-1.575527,0.255492,FakeWhatsApp.BR_2018,whatsapp,v1,True,False,2018-2022,desconhecido,True
11373,1,-0.801431,0.997309,1.798739,0.784487,FakeWhatsApp.BR_2018,whatsapp,v1,True,False,2018-2022,desconhecido,False
11372,1,-0.075395,-0.044576,0.030820,0.513671,FakeWhatsApp.BR_2018,whatsapp,v1,True,False,2018-2022,desconhecido,False
11371,0,2.077717,-2.200401,-4.278118,0.049219,FakeWhatsApp.BR_2018,whatsapp,v1,True,False,2018-2022,desconhecido,True
11370,1,-0.114742,0.184172,0.298915,0.560288,FakeWhatsApp.BR_2018,whatsapp,v1,True,False,2018-2022,desconhecido,True
11401,0,-2.828454,3.100586,5.929041,0.984972,FakeWhatsApp.BR_2018,whatsapp,v1,True,False,2018-2022,desconhecido,True
11400,0,2.555866,-2.666389,-5.222255,0.026039,FakeWhatsApp.BR_2018,whatsapp,v1,True,False,2018-2022,desconhecido,True
11399,1,-1.614067,1.800078,3.414145,0.918533,FakeWhatsApp.BR_2018,whatsapp,v1,True,False,2018-2022,desconhecido,True
11398,1,-1.971953,2.210666,4.182619,0.950753,FakeWhatsApp.BR_2018,whatsapp,v1,True,False,2018-2022,desconhecido,True
11397,0,-1.842793,2.020957,3.863750,0.939189,FakeWhatsApp.BR_2018,whatsapp,v1,True,False,2018-2022,desconhecido,True
11396,0,1.099208,-1.324170,-2.423378,0.159371,FakeWhatsApp.BR_2018,whatsapp,v1,True,False,2018-2022,desconhecido,True
11395,1,-2.124648,2.209700,4.334348,0.955494,FakeWhatsApp.BR_2018,whatsapp,v1,True,False,2018-2022,desconhecido,True
11394,0,0.678024,-0.945104,-1.623129,0.249206,FakeWhatsApp.BR_2018,whatsapp,v1,True,False,2018-2022,desconhecido,True
11393,1,-2.296899,2.634847,4.931746,0.970249,FakeWhatsApp.BR_2018,whatsapp,v1,True,False,2018-2022,desconhecido,False
11392,1,-1.075587,1.408900,2.484488,0.854699,FakeWhatsApp.BR_2018,whatsapp,v1,True,False,2018-2022,desconhecido,False
11391,1,-0.666376,0.809113,1.475489,0.743793,FakeWhatsApp.BR_2018,whatsapp,v1,True,False,2018-2022,desconhecido,True
11390,1,-1.209444,1.093436,2.302881,0.838193,FakeWhatsApp.BR_2018,whatsapp,v1,True,False,2018-2022,desconhecido,True
11389,1,-1.683452,1.838599,3.522051,0.924009,FakeWhatsApp.BR_2018,whatsapp,v1,True,False,2018-2022,desconhecido,True
11388,1,-2.315048,2.673239,4.988287,0.971371,FakeWhatsApp.BR_2018,whatsapp,v1,True,False,2018-2022,desconhecido,True
11387,1,-1.784474,1.958207,3.742681,0.934166,FakeWhatsApp.BR_2018,whatsapp,v1,True,False,2018-2022,desconhecido,True
11386,1,-1.113857,1.326392,2.440249,0.850812,FakeWhatsApp.BR_2018,whatsapp,v1,True,False,2018-2022,desconhecido,True
11417,1,-2.577760,2.782112,5.359871,0.977781,FakeWhatsApp.BR_2018,whatsapp,v1,True,False,2018-2022,desconhecido,False
11416,0,-0.061559,-0.021826,0.039733,0.515229,FakeWhatsApp.BR_2018,whatsapp,v1,True,False,2018-2022,desconhecido,True
11415,1,-2.399118,2.784276,5.183395,0.974933,FakeWhatsApp.BR_2018,whatsapp,v1,True,False,2018-2022,desconhecido,False
11414,1,-1.401374,1.624031,3.025405,0.895717,FakeWhatsApp.BR_2018,whatsapp,v1,True,False,2018-2022,desconhecido,True
11413,1,-1.206344,1.343909,2.550253,0.860323,FakeWhatsApp.BR_2018,whatsapp,v1,True,False,2018-2022,desconhecido,False
11412,0,1.254424,-1.553027,-2.807451,0.126560,FakeWhatsApp.BR_2018,whatsapp,v1,True,False,2018-2022,desconhecido,True
11411,0,1.698219,-1.999989,-3.698207,0.072082,FakeWhatsApp.BR_2018,whatsapp,v1,True,False,2018-2022,desconhecido,True
11410,1,-0.133655,0.124556,0.258212,0.553258,FakeWhatsApp.BR_2018,whatsapp,v1,True,False,2018-2022,desconhecido,True
11409,0,-2.365837,2.522901,4.888738,0.969368,FakeWhatsApp.BR_2018,whatsapp,v1,True,False,2018-2022,desconhecido,True
11408,0,-0.396220,0.415868,0.812087,0.645996,FakeWhatsApp.BR_2018,whatsapp,v1,True,False,2018-2022,desconhecido,True
11407,0,-0.650218,0.671898,1.322116,0.722809,FakeWhatsApp.BR_2018,whatsapp,v1,True,False,2018-2022,desconhecido,True
11406,1,-1.893524,2.132769,4.026292,0.945371,FakeWhatsApp.BR_2018,whatsapp,v1,True,False,2018-2022,desconhecido,False
11405,0,-1.037783,0.936626,1.974409,0.804546,FakeWhatsApp.BR_2018,whatsapp,v1,True,False,2018-2022,desconhecido,True
11404,1,-0.959941,1.186411,2.146352,0.822780,FakeWhatsApp.BR_2018,whatsapp,v1,True,False,2018-2022,desconhecido,False
11403,1,-1.254505,1.473603,2.728107,0.874621,FakeWhatsApp.BR_2018,whatsapp,v1,True,False,2018-2022,desconhecido,True
11402,1,0.012993,-0.136625,-0.149619,0.482111,FakeWhatsApp.BR_2018,whatsapp,v1,True,False,2018-2022,desconhecido,True
11433,0,1.030033,-1.258878,-2.288911,0.172386,FakeWhatsApp.BR_2018,whatsapp,v1,True,False,2018-2022,desconhecido,True
11432,0,0.513992,-0.579401,-1.093393,0.324733,FakeWhatsApp.BR_2018,whatsapp,v1,True,False,2018-2022,desconhecido,True
11431,0,-0.255373,0.538731,0.794103,0.643112,FakeWhatsApp.BR_2018,whatsapp,v1,True,False,2018-2022,desconhecido,False
11430,1,-0.725436,0.960785,1.686221,0.770876,FakeWhatsApp.BR_2018,whatsapp,v1,True,False,2018-2022,desconhecido,False
11429,1,-2.156101,2.339298,4.495399,0.960049,FakeWhatsApp.BR_2018,whatsapp,v1,True,False,2018-2022,desconhecido,True
11428,1,-2.325783,2.538373,4.864156,0.968853,FakeWhatsApp.BR_2018,whatsapp,v1,True,False,2018-2022,desconhecido,True
11427,0,0.057732,-0.194943,-0.252675,0.464134,FakeWhatsApp.BR_2018,whatsapp,v1,True,False,2018-2022,desconhecido,True
11426,0,-0.396200,0.510059,0.906259,0.660919,FakeWhatsApp.BR_2018,whatsapp,v1,True,False,2018-2022,desconhecido,True
11425,1,-2.714826,3.109544,5.824369,0.983848,FakeWhatsApp.BR_2018,whatsapp,v1,True,False,2018-2022,desconhecido,False
11424,1,-1.095722,1.121877,2.217599,0.829934,FakeWhatsApp.BR_2018,whatsapp,v1,True,False,2018-2022,desconhecido,True
11423,0,-1.836191,2.100628,3.936818,0.942045,FakeWhatsApp.BR_2018,whatsapp,v1,True,False,2018-2022,desconhecido,False
11422,0,-0.020893,-0.258700,-0.237808,0.466723,FakeWhatsApp.BR_2018,whatsapp,v1,True,False,2018-2022,desconhecido,False
11421,1,-1.251058,1.582613,2.833672,0.882501,FakeWhatsApp.BR_2018,whatsapp,v1,True,False,2018-2022,desconhecido,False
11420,1,-1.510195,1.636452,3.146647,0.903381,FakeWhatsApp.BR_2018,whatsapp,v1,True,False,2018-2022,desconhecido,True
11419,0,-0.667738,0.815581,1.483319,0.744836,FakeWhatsApp.BR_2018,whatsapp,v1,True,False,2018-2022,desconhecido,True
11418,1,-2.070057,2.414037,4.484095,0.959744,FakeWhatsApp.BR_2018,whatsapp,v1,True,False,2018-2022,desconhecido,True
11449,1,-2.671046,2.969540,5.640586,0.981672,FakeWhatsApp.BR_2018,whatsapp,v1,True,False,2018-2022,desconhecido,True
11448,1,-1.374149,1.541947,2.916096,0.888352,FakeWhatsApp.BR_2018,whatsapp,v1,True,False,2018-2022,desconhecido,True
11446,0,1.256460,-1.234100,-2.490560,0.153172,FakeWhatsApp.BR_2018,whatsapp,v1,True,False,2018-2022,desconhecido,False
11445,1,-1.942979,2.329093,4.272071,0.953603,FakeWhatsApp.BR_2018,whatsapp,v1,True,False,2018-2022,desconhecido,True
11444,0,-0.037833,0.171097,0.208930,0.544718,FakeWhatsApp.BR_2018,whatsapp,v1,True,False,2018-2022,desconhecido,True
11443,0,-0.187334,0.076254,0.263588,0.554188,FakeWhatsApp.BR_2018,whatsapp,v1,True,False,2018-2022,desconhecido,True
11442,1,-1.852512,1.935719,3.788231,0.936099,FakeWhatsApp.BR_2018,whatsapp,v1,True,False,2018-2022,desconhecido,True
11441,1,-1.084144,1.000222,2.084365,0.816365,FakeWhatsApp.BR_2018,whatsapp,v1,True,False,2018-2022,desconhecido,True
11440,1,-1.189627,1.439710,2.629337,0.866842,FakeWhatsApp.BR_2018,whatsapp,v1,True,False,2018-2022,desconhecido,True
11439,0,-0.361605,0.177958,0.539564,0.601268,FakeWhatsApp.BR_2018,whatsapp,v1,True,False,2018-2022,desconhecido,False
11438,1,-1.315597,1.632662,2.948259,0.890565,FakeWhatsApp.BR_2018,whatsapp,v1,True,False,2018-2022,desconhecido,True
11437,1,-2.531060,2.899110,5.430170,0.978825,FakeWhatsApp.BR_2018,whatsapp,v1,True,False,2018-2022,desconhecido,True
11436,1,-1.976503,2.249718,4.226221,0.952163,FakeWhatsApp.BR_2018,whatsapp,v1,True,False,2018-2022,desconhecido,True
11435,1,0.465670,-0.793044,-1.258715,0.299893,FakeWhatsApp.BR_2018,whatsapp,v1,True,False,2018-2022,desconhecido,False
11434,1,-1.132103,1.285012,2.417115,0.848745,FakeWhatsApp.BR_2018,whatsapp,v1,True,False,2018-2022,desconhecido,False
11465,1,-2.197796,2.567326,4.765121,0.966692,FakeWhatsApp.BR_2018,whatsapp,v1,True,False,2018-2022,desconhecido,True
11464,1,0.039319,-0.349305,-0.388624,0.440568,FakeWhatsApp.BR_2018,whatsapp,v1,True,False,2018-2022,desconhecido,False
11463,0,1.361386,-1.636412,-2.997797,0.112552,FakeWhatsApp.BR_2018,whatsapp,v1,True,False,2018-2022,desconhecido,True
11462,0,-1.376326,1.586898,2.963224,0.891581,FakeWhatsApp.BR_2018,whatsapp,v1,True,False,2018-2022,desconhecido,True
11461,1,-1.420009,1.568320,2.988329,0.893268,FakeWhatsApp.BR_2018,whatsapp,v1,True,False,2018-2022,desconhecido,True
11460,1,-2.223101,2.457085,4.680186,0.964724,FakeWhatsApp.BR_2018,whatsapp,v1,True,False,2018-2022,desconhecido,True
11459,0,0.615912,-0.621835,-1.237747,0.302983,FakeWhatsApp.BR_2018,whatsapp,v1,True,False,2018-2022,desconhecido,True
11458,1,-0.918488,1.046436,1.964923,0.803500,FakeWhatsApp.BR_2018,whatsapp,v1,True,False,2018-2022,desconhecido,True
11457,1,-1.590959,1.651824,3.242783,0.909096,FakeWhatsApp.BR_2018,whatsapp,v1,True,False,2018-2022,desconhecido,True
11456,0,0.668748,-0.637782,-1.306529,0.292914,FakeWhatsApp.BR_2018,whatsapp,v1,True,False,2018-2022,desconhecido,False
11455,1,-2.372006,2.659278,5.031284,0.972196,FakeWhatsApp.BR_2018,whatsapp,v1,True,False,2018-2022,desconhecido,True
11454,0,2.076530,-2.417987,-4.494518,0.042597,FakeWhatsApp.BR_2018,whatsapp,v1,True,False,2018-2022,desconhecido,True
11453,1,-2.179117,2.475587,4.654704,0.964112,FakeWhatsApp.BR_2018,whatsapp,v1,True,False,2018-2022,desconhecido,False
11452,0,-1.345208,1.609039,2.954247,0.890973,FakeWhatsApp.BR_2018,whatsapp,v1,True,False,2018-2022,desconhecido,False
11451,0,0.229114,-0.374073,-0.603187,0.403952,FakeWhatsApp.BR_2018,whatsapp,v1,True,False,2018-2022,desconhecido,True
11450,0,2.752486,-3.150620,-5.903107,0.016330,FakeWhatsApp.BR_2018,whatsapp,v1,True,False,2018-2022,desconhecido,True
11481,0,0.467897,-0.522240,-0.990137,0.340776,FakeWhatsApp.BR_2018,whatsapp,v1,True,False,2018-2022,desconhecido,True
11480,0,1.225505,-1.465919,-2.691424,0.135812,FakeWhatsApp.BR_2018,whatsapp,v1,True,False,2018-2022,desconhecido,True
11479,1,-2.355010,2.517848,4.872859,0.969036,FakeWhatsApp.BR_2018,whatsapp,v1,True,False,2018-2022,desconhecido,True
11478,1,-0.008502,0.035391,0.043894,0.515957,FakeWhatsApp.BR_2018,whatsapp,v1,True,False,2018-2022,desconhecido,True
11477,0,-1.122730,1.175057,2.297787,0.837709,FakeWhatsApp.BR_2018,whatsapp,v1,True,False,2018-2022,desconhecido,True
11476,0,2.845080,-3.247663,-6.092743,0.014330,FakeWhatsApp.BR_2018,whatsapp,v1,True,False,2018-2022,desconhecido,True
11475,1,1.816828,-2.037148,-3.853977,0.065122,FakeWhatsApp.BR_2018,whatsapp,v1,True,False,2018-2022,desconhecido,False
11474,1,-2.652603,3.030904,5.683507,0.982204,FakeWhatsApp.BR_2018,whatsapp,v1,True,False,2018-2022,desconhecido,True
11473,1,-0.981702,1.092092,2.073793,0.815253,FakeWhatsApp.BR_2018,whatsapp,v1,True,False,2018-2022,desconhecido,True
11472,1,-0.644523,0.580288,1.224811,0.708959,FakeWhatsApp.BR_2018,whatsapp,v1,True,False,2018-2022,desconhecido,False
11471,1,-1.126896,1.399840,2.526736,0.858333,FakeWhatsApp.BR_2018,whatsapp,v1,True,False,2018-2022,desconhecido,True
11470,1,-2.371208,2.570164,4.941372,0.970443,FakeWhatsApp.BR_2018,whatsapp,v1,True,False,2018-2022,desconhecido,True
11469,1,-1.521895,1.639916,3.161811,0.904303,FakeWhatsApp.BR_2018,whatsapp,v1,True,False,2018-2022,desconhecido,True
11468,0,1.041717,-1.382655,-2.424372,0.159277,FakeWhatsApp.BR_2018,whatsapp,v1,True,False,2018-2022,desconhecido,True
11467,1,-1.846665,2.086782,3.933448,0.941916,FakeWhatsApp.BR_2018,whatsapp,v1,True,False,2018-2022,desconhecido,True
11466,1,-2.777227,3.092343,5.869570,0.984343,FakeWhatsApp.BR_2018,whatsapp,v1,True,False,2018-2022,desconhecido,True
11497,0,0.231626,-0.312108,-0.543735,0.414009,FakeWhatsApp.BR_2018,whatsapp,v1,True,False,2018-2022,desconhecido,True
11496,0,0.436697,-0.495756,-0.932453,0.349903,FakeWhatsApp.BR_2018,whatsapp,v1,True,False,2018-2022,desconhecido,False
11495,0,1.843794,-1.985673,-3.829467,0.066174,FakeWhatsApp.BR_2018,whatsapp,v1,True,False,2018-2022,desconhecido,False
11494,0,2.477487,-2.864488,-5.341975,0.023997,FakeWhatsApp.BR_2018,whatsapp,v1,True,False,2018-2022,desconhecido,True
11493,0,0.990053,-1.141239,-2.131293,0.188697,FakeWhatsApp.BR_2018,whatsapp,v1,True,False,2018-2022,desconhecido,True
11492,1,-2.508783,2.827740,5.336523,0.977423,FakeWhatsApp.BR_2018,whatsapp,v1,True,False,2018-2022,desconhecido,True
11491,0,-0.485143,0.588531,1.073674,0.686662,FakeWhatsApp.BR_2018,whatsapp,v1,True,False,2018-2022,desconhecido,False
11490,1,-1.366744,1.604824,2.971568,0.892145,FakeWhatsApp.BR_2018,whatsapp,v1,True,False,2018-2022,desconhecido,True
11489,1,-2.240458,2.659523,4.899981,0.969601,FakeWhatsApp.BR_2018,whatsapp,v1,True,False,2018-2022,desconhecido,False
11488,0,-1.811268,2.057675,3.868943,0.939396,FakeWhatsApp.BR_2018,whatsapp,v1,True,False,2018-2022,desconhecido,False
11487,1,-0.457743,0.515978,0.973722,0.671418,FakeWhatsApp.BR_2018,whatsapp,v1,True,False,2018-2022,desconhecido,True
11486,0,-0.519898,0.732447,1.252345,0.712919,FakeWhatsApp.BR_2018,whatsapp,v1,True,False,2018-2022,desconhecido,True
11485,0,2.262599,-2.690548,-4.953147,0.031267,FakeWhatsApp.BR_2018,whatsapp,v1,True,False,2018-2022,desconhecido,True
11484,1,-0.032728,0.063927,0.096655,0.525172,FakeWhatsApp.BR_2018,whatsapp,v1,True,False,2018-2022,desconhecido,True
11483,0,-0.404694,0.431311,0.836005,0.649814,FakeWhatsApp.BR_2018,whatsapp,v1,True,False,2018-2022,desconhecido,True
11482,1,-0.294566,0.469175,0.763742,0.638220,FakeWhatsApp.BR_2018,whatsapp,v1,True,False,2018-2022,desconhecido,False
11513,1,-2.556515,2.806034,5.362549,0.977822,FakeWhatsApp.BR_2018,whatsapp,v1,True,False,2018-2022,desconhecido,True
11512,1,-2.204511,2.351379,4.555890,0.961641,FakeWhatsApp.BR_2018,whatsapp,v1,True,False,2018-2022,desconhecido,True
11511,1,-1.863788,1.877202,3.740990,0.934093,FakeWhatsApp.BR_2018,whatsapp,v1,True,False,2018-2022,desconhecido,True
11510,1,-2.475896,2.859734,5.335630,0.977409,FakeWhatsApp.BR_2018,whatsapp,v1,True,False,2018-2022,desconhecido,True
11509,0,0.057217,0.090005,0.032788,0.514015,FakeWhatsApp.BR_2018,whatsapp,v1,True,False,2018-2022,desconhecido,True
11508,0,1.690722,-1.954602,-3.645324,0.074598,FakeWhatsApp.BR_2018,whatsapp,v1,True,False,2018-2022,desconhecido,True
11507,0,-0.792556,1.103401,1.895957,0.795768,FakeWhatsApp.BR_2018,whatsapp,v1,True,False,2018-2022,desconhecido,True
11506,0,-2.603037,3.082993,5.686030,0.982235,FakeWhatsApp.BR_2018,whatsapp,v1,True,False,2018-2022,desconhecido,False
11505,0,0.641438,-0.781625,-1.423062,0.276312,FakeWhatsApp.BR_2018,whatsapp,v1,True,False,2018-2022,desconhecido,True
11504,0,1.614852,-1.717378,-3.332229,0.091206,FakeWhatsApp.BR_2018,whatsapp,v1,True,False,2018-2022,desconhecido,True
11503,0,2.482133,-2.696862,-5.178995,0.026818,FakeWhatsApp.BR_2018,whatsapp,v1,True,False,2018-2022,desconhecido,True
11502,0,2.433053,-2.703181,-5.136234,0.027610,FakeWhatsApp.BR_2018,whatsapp,v1,True,False,2018-2022,desconhecido,True
11501,0,0.862266,-1.217180,-2.079446,0.194315,FakeWhatsApp.BR_2018,whatsapp,v1,True,False,2018-2022,desconhecido,True
11500,0,1.025368,-1.304372,-2.329740,0.168347,FakeWhatsApp.BR_2018,whatsapp,v1,True,False,2018-2022,desconhecido,True
11499,0,2.122317,-2.382919,-4.505236,0.042292,FakeWhatsApp.BR_2018,whatsapp,v1,True,False,2018-2022,desconhecido,True
11498,0,1.069299,-1.512006,-2.581305,0.145114,FakeWhatsApp.BR_2018,whatsapp,v1,True,False,2018-2022,desconhecido,True
11529,1,-0.409294,0.323957,0.733250,0.633279,FakeWhatsApp.BR_2018,whatsapp,v1,True,False,2018-2022,desconhecido,True
11528,1,-2.031943,2.349918,4.381861,0.956887,FakeWhatsApp.BR_2018,whatsapp,v1,True,False,2018-2022,desconhecido,False
11527,1,-2.346663,2.563987,4.910650,0.969820,FakeWhatsApp.BR_2018,whatsapp,v1,True,False,2018-2022,desconhecido,False
11526,1,-1.101787,1.264286,2.366073,0.844102,FakeWhatsApp.BR_2018,whatsapp,v1,True,False,2018-2022,desconhecido,False
11525,1,-1.842725,2.183652,4.026377,0.945374,FakeWhatsApp.BR_2018,whatsapp,v1,True,False,2018-2022,desconhecido,False
11524,0,0.417501,-0.485972,-0.903473,0.354530,FakeWhatsApp.BR_2018,whatsapp,v1,True,False,2018-2022,desconhecido,True
11523,0,2.534859,-2.671664,-5.206524,0.026320,FakeWhatsApp.BR_2018,whatsapp,v1,True,False,2018-2022,desconhecido,True
11522,0,0.536045,-0.347027,-0.883072,0.357804,FakeWhatsApp.BR_2018,whatsapp,v1,True,False,2018-2022,desconhecido,True
11521,0,2.618846,-3.035329,-5.654175,0.019378,FakeWhatsApp.BR_2018,whatsapp,v1,True,False,2018-2022,desconhecido,True
11520,0,1.858396,-2.108090,-3.966486,0.060489,FakeWhatsApp.BR_2018,whatsapp,v1,True,False,2018-2022,desconhecido,True
11519,0,0.160239,-0.297265,-0.457504,0.428723,FakeWhatsApp.BR_2018,whatsapp,v1,True,False,2018-2022,desconhecido,True
11518,0,0.798816,-0.833160,-1.631977,0.248050,FakeWhatsApp.BR_2018,whatsapp,v1,True,False,2018-2022,desconhecido,True
11517,0,2.618846,-3.035329,-5.654175,0.019378,FakeWhatsApp.BR_2018,whatsapp,v1,True,False,2018-2022,desconhecido,True
11516,1,-2.160338,2.467874,4.628213,0.963465,FakeWhatsApp.BR_2018,whatsapp,v1,True,False,2018-2022,desconhecido,True
11515,1,-2.571253,2.814988,5.386241,0.978178,FakeWhatsApp.BR_2018,whatsapp,v1,True,False,2018-2022,desconhecido,False
11514,0,2.167359,-2.269647,-4.437006,0.044269,FakeWhatsApp.BR_2018,whatsapp,v1,True,False,2018-2022,desconhecido,True
11545,0,0.232546,-0.438718,-0.671264,0.392535,FakeWhatsApp.BR_2018,whatsapp,v1,True,False,2018-2022,desconhecido,False
11544,0,2.828082,-2.904785,-5.732867,0.018359,FakeWhatsApp.BR_2018,whatsapp,v1,True,False,2018-2022,desconhecido,True
11543,1,-0.354694,0.163651,0.518345,0.597703,FakeWhatsApp.BR_2018,whatsapp,v1,True,False,2018-2022,desconhecido,False
11542,0,2.652806,-2.988278,-5.641084,0.019553,FakeWhatsApp.BR_2018,whatsapp,v1,True,False,2018-2022,desconhecido,False
11541,0,1.154444,-1.263921,-2.418365,0.159841,FakeWhatsApp.BR_2018,whatsapp,v1,True,False,2018-2022,desconhecido,True
11540,1,-2.158322,2.341581,4.499904,0.960169,FakeWhatsApp.BR_2018,whatsapp,v1,True,False,2018-2022,desconhecido,False
11539,0,2.493095,-2.681878,-5.174973,0.026892,FakeWhatsApp.BR_2018,whatsapp,v1,True,False,2018-2022,desconhecido,True
11538,1,-2.623652,3.087088,5.710741,0.982534,FakeWhatsApp.BR_2018,whatsapp,v1,True,False,2018-2022,desconhecido,True
11537,0,0.400748,-0.499133,-0.899881,0.355106,FakeWhatsApp.BR_2018,whatsapp,v1,True,False,2018-2022,desconhecido,False
11536,0,0.123099,-0.207481,-0.330580,0.450603,FakeWhatsApp.BR_2018,whatsapp,v1,True,False,2018-2022,desconhecido,True
11535,0,1.983134,-1.971987,-3.955121,0.060943,FakeWhatsApp.BR_2018,whatsapp,v1,True,False,2018-2022,desconhecido,True
11534,1,-1.908066,2.127913,4.035978,0.945720,FakeWhatsApp.BR_2018,whatsapp,v1,True,False,2018-2022,desconhecido,True
11533,0,1.190721,-1.420488,-2.611209,0.142537,FakeWhatsApp.BR_2018,whatsapp,v1,True,False,2018-2022,desconhecido,True
11532,0,1.206912,-1.606019,-2.812932,0.126137,FakeWhatsApp.BR_2018,whatsapp,v1,True,False,2018-2022,desconhecido,True
11531,1,-1.949422,2.213907,4.163330,0.950117,FakeWhatsApp.BR_2018,whatsapp,v1,True,False,2018-2022,desconhecido,True
11530,1,-1.398763,1.564267,2.963030,0.891568,FakeWhatsApp.BR_2018,whatsapp,v1,True,False,2018-2022,desconhecido,True
11561,1,-2.560001,2.951301,5.511301,0.979971,FakeWhatsApp.BR_2018,whatsapp,v1,True,False,2018-2022,desconhecido,True
11560,1,-1.893587,2.113139,4.006726,0.944659,FakeWhatsApp.BR_2018,whatsapp,v1,True,False,2018-2022,desconhecido,False
11559,1,-2.582682,2.980634,5.563316,0.980673,FakeWhatsApp.BR_2018,whatsapp,v1,True,False,2018-2022,desconhecido,False
11558,1,-2.267468,2.581315,4.848783,0.968527,FakeWhatsApp.BR_2018,whatsapp,v1,True,False,2018-2022,desconhecido,True
11557,1,-0.738772,0.942153,1.680925,0.770220,FakeWhatsApp.BR_2018,whatsapp,v1,True,False,2018-2022,desconhecido,True
11556,0,0.778059,-1.185240,-1.963298,0.207358,FakeWhatsApp.BR_2018,whatsapp,v1,True,False,2018-2022,desconhecido,False
11555,1,-2.230766,2.505595,4.736361,0.966038,FakeWhatsApp.BR_2018,whatsapp,v1,True,False,2018-2022,desconhecido,True
11554,1,-2.098712,2.386818,4.485530,0.959783,FakeWhatsApp.BR_2018,whatsapp,v1,True,False,2018-2022,desconhecido,True
11553,1,-1.109189,1.181403,2.290592,0.837023,FakeWhatsApp.BR_2018,whatsapp,v1,True,False,2018-2022,desconhecido,True
11552,1,-2.410113,2.650890,5.061004,0.972753,FakeWhatsApp.BR_2018,whatsapp,v1,True,False,2018-2022,desconhecido,False
11551,1,-0.301450,0.549421,0.850871,0.652178,FakeWhatsApp.BR_2018,whatsapp,v1,True,False,2018-2022,desconhecido,True
11550,1,-2.487696,2.871067,5.358762,0.977764,FakeWhatsApp.BR_2018,whatsapp,v1,True,False,2018-2022,desconhecido,True
11549,0,2.195548,-2.388253,-4.583801,0.040120,FakeWhatsApp.BR_2018,whatsapp,v1,True,False,2018-2022,desconhecido,True
11548,0,0.459517,-0.561820,-1.021337,0.335888,FakeWhatsApp.BR_2018,whatsapp,v1,True,False,2018-2022,desconhecido,True
11547,0,-1.631755,1.795057,3.426812,0.919194,FakeWhatsApp.BR_2018,whatsapp,v1,True,False,2018-2022,desconhecido,False
11546,1,-1.346734,1.429641,2.776375,0.878278,FakeWhatsApp.BR_2018,whatsapp,v1,True,False,2018-2022,desconhecido,True
11577,1,-1.901839,2.257721,4.159561,0.949992,FakeWhatsApp.BR_2018,whatsapp,v1,True,False,2018-2022,desconhecido,True
11575,0,-1.627521,1.731592,3.359113,0.915604,FakeWhatsApp.BR_2018,whatsapp,v1,True,False,2018-2022,desconhecido,True
11574,0,0.444147,-0.522717,-0.966864,0.344445,FakeWhatsApp.BR_2018,whatsapp,v1,True,False,2018-2022,desconhecido,False
11573,1,-2.422679,2.778312,5.200991,0.975232,FakeWhatsApp.BR_2018,whatsapp,v1,True,False,2018-2022,desconhecido,True
11572,1,-1.353910,1.608628,2.962538,0.891535,FakeWhatsApp.BR_2018,whatsapp,v1,True,False,2018-2022,desconhecido,True
11571,1,-2.288334,2.393176,4.681510,0.964756,FakeWhatsApp.BR_2018,whatsapp,v1,True,False,2018-2022,desconhecido,True
11570,1,-1.445054,1.697309,3.142362,0.903119,FakeWhatsApp.BR_2018,whatsapp,v1,True,False,2018-2022,desconhecido,False
11569,1,-2.758611,3.075203,5.833814,0.983953,FakeWhatsApp.BR_2018,whatsapp,v1,True,False,2018-2022,desconhecido,True
11568,1,-1.997830,2.417145,4.414975,0.957833,FakeWhatsApp.BR_2018,whatsapp,v1,True,False,2018-2022,desconhecido,False
11566,1,-1.275936,1.475728,2.751663,0.876417,FakeWhatsApp.BR_2018,whatsapp,v1,True,False,2018-2022,desconhecido,True
11565,1,-2.484849,2.884093,5.368943,0.977918,FakeWhatsApp.BR_2018,whatsapp,v1,True,False,2018-2022,desconhecido,True
11564,1,-2.629173,2.834984,5.464157,0.979313,FakeWhatsApp.BR_2018,whatsapp,v1,True,False,2018-2022,desconhecido,True
11563,1,-0.489132,0.772096,1.261228,0.714190,FakeWhatsApp.BR_2018,whatsapp,v1,True,False,2018-2022,desconhecido,True
11562,1,-1.709102,1.679628,3.388730,0.917192,FakeWhatsApp.BR_2018,whatsapp,v1,True,False,2018-2022,desconhecido,False
11593,1,-2.175020,2.495734,4.670754,0.964499,FakeWhatsApp.BR_2018,whatsapp,v1,True,False,2018-2022,desconhecido,True
11592,1,-2.838807,3.140797,5.979604,0.985487,FakeWhatsApp.BR_2018,whatsapp,v1,True,False,2018-2022,desconhecido,True
11591,0,1.834589,-1.877939,-3.712527,0.071415,FakeWhatsApp.BR_2018,whatsapp,v1,True,False,2018-2022,desconhecido,False
11590,1,-0.970930,1.129039,2.099969,0.817996,FakeWhatsApp.BR_2018,whatsapp,v1,True,False,2018-2022,desconhecido,False
11589,0,2.162725,-2.319802,-4.482528,0.042940,FakeWhatsApp.BR_2018,whatsapp,v1,True,False,2018-2022,desconhecido,True
11588,1,-2.529513,2.903844,5.433357,0.978871,FakeWhatsApp.BR_2018,whatsapp,v1,True,False,2018-2022,desconhecido,True
11587,0,1.332732,-1.493972,-2.826705,0.125078,FakeWhatsApp.BR_2018,whatsapp,v1,True,False,2018-2022,desconhecido,True
11586,1,-2.189457,2.487576,4.677032,0.964649,FakeWhatsApp.BR_2018,whatsapp,v1,True,False,2018-2022,desconhecido,True
11585,1,-2.079641,2.218617,4.298259,0.954407,FakeWhatsApp.BR_2018,whatsapp,v1,True,False,2018-2022,desconhecido,True
11584,0,-2.513427,2.748284,5.261711,0.976238,FakeWhatsApp.BR_2018,whatsapp,v1,True,False,2018-2022,desconhecido,True
11583,1,-2.333416,2.585730,4.919147,0.969994,FakeWhatsApp.BR_2018,whatsapp,v1,True,False,2018-2022,desconhecido,True
11582,1,-2.645407,2.931627,5.577034,0.980854,FakeWhatsApp.BR_2018,whatsapp,v1,True,False,2018-2022,desconhecido,True
11581,1,-2.437966,2.814726,5.252692,0.976092,FakeWhatsApp.BR_2018,whatsapp,v1,True,False,2018-2022,desconhecido,True
11580,1,-2.309458,2.628153,4.937611,0.970368,FakeWhatsApp.BR_2018,whatsapp,v1,True,False,2018-2022,desconhecido,True
11579,0,0.315035,-0.314266,-0.629302,0.399560,FakeWhatsApp.BR_2018,whatsapp,v1,True,False,2018-2022,desconhecido,False
11578,0,2.546502,-2.810131,-5.356632,0.023757,FakeWhatsApp.BR_2018,whatsapp,v1,True,False,2018-2022,desconhecido,True
11609,1,-1.523203,1.779495,3.302698,0.912503,FakeWhatsApp.BR_2018,whatsapp,v1,True,False,2018-2022,desconhecido,True
11608,1,-2.447149,2.747711,5.194860,0.975129,FakeWhatsApp.BR_2018,whatsapp,v1,True,False,2018-2022,desconhecido,True
11607,1,-2.252797,2.618788,4.871585,0.969010,FakeWhatsApp.BR_2018,whatsapp,v1,True,False,2018-2022,desconhecido,True
11606,1,-2.785932,3.118770,5.904702,0.984717,FakeWhatsApp.BR_2018,whatsapp,v1,True,False,2018-2022,desconhecido,True
11605,1,-2.246733,2.596988,4.843721,0.968419,FakeWhatsApp.BR_2018,whatsapp,v1,True,False,2018-2022,desconhecido,False
11604,1,-1.955337,2.244400,4.199738,0.951311,FakeWhatsApp.BR_2018,whatsapp,v1,True,False,2018-2022,desconhecido,False
11603,0,0.251180,-0.569895,-0.821074,0.367835,FakeWhatsApp.BR_2018,whatsapp,v1,True,False,2018-2022,desconhecido,False
11602,0,0.623848,-0.722557,-1.346405,0.287168,FakeWhatsApp.BR_2018,whatsapp,v1,True,False,2018-2022,desconhecido,False
11601,1,-2.182482,2.531425,4.713907,0.965519,FakeWhatsApp.BR_2018,whatsapp,v1,True,False,2018-2022,desconhecido,False
11600,1,-2.561201,2.817871,5.379072,0.978071,FakeWhatsApp.BR_2018,whatsapp,v1,True,False,2018-2022,desconhecido,True
11599,0,0.196787,-0.049911,-0.246698,0.465175,FakeWhatsApp.BR_2018,whatsapp,v1,True,False,2018-2022,desconhecido,True
11598,1,0.015657,-0.185577,-0.201234,0.473099,FakeWhatsApp.BR_2018,whatsapp,v1,True,False,2018-2022,desconhecido,False
11597,1,-2.095377,2.452717,4.548095,0.961439,FakeWhatsApp.BR_2018,whatsapp,v1,True,False,2018-2022,desconhecido,True
11596,1,-2.604903,2.942509,5.547411,0.980461,FakeWhatsApp.BR_2018,whatsapp,v1,True,False,2018-2022,desconhecido,True
11595,1,-2.639638,2.913309,5.552947,0.980535,FakeWhatsApp.BR_2018,whatsapp,v1,True,False,2018-2022,desconhecido,True
11594,1,-2.461360,2.816313,5.277673,0.976496,FakeWhatsApp.BR_2018,whatsapp,v1,True,False,2018-2022,desconhecido,True
11625,1,-2.158322,2.341581,4.499904,0.960169,FakeWhatsApp.BR_2018,whatsapp,v1,True,False,2018-2022,desconhecido,True
11624,1,1.906267,-2.161054,-4.067321,0.056601,FakeWhatsApp.BR_2018,whatsapp,v1,True,False,2018-2022,desconhecido,False
11623,1,0.938220,-1.143646,-2.081865,0.194050,FakeWhatsApp.BR_2018,whatsapp,v1,True,False,2018-2022,desconhecido,False
11622,0,1.690267,-1.907482,-3.597749,0.076929,FakeWhatsApp.BR_2018,whatsapp,v1,True,False,2018-2022,desconhecido,True
11621,0,2.361160,-2.737220,-5.098380,0.028331,FakeWhatsApp.BR_2018,whatsapp,v1,True,False,2018-2022,desconhecido,True
11620,1,-1.310588,1.488426,2.799014,0.879962,FakeWhatsApp.BR_2018,whatsapp,v1,True,False,2018-2022,desconhecido,True
11619,1,-0.182672,0.343132,0.525805,0.598957,FakeWhatsApp.BR_2018,whatsapp,v1,True,False,2018-2022,desconhecido,True
11618,0,2.191738,-2.270821,-4.462558,0.043518,FakeWhatsApp.BR_2018,whatsapp,v1,True,False,2018-2022,desconhecido,True
11617,0,2.422651,-2.564366,-4.987017,0.030557,FakeWhatsApp.BR_2018,whatsapp,v1,True,False,2018-2022,desconhecido,True
11616,1,-1.532993,1.717287,3.250280,0.909529,FakeWhatsApp.BR_2018,whatsapp,v1,True,False,2018-2022,desconhecido,True
11615,1,0.987153,-1.328933,-2.316085,0.169690,FakeWhatsApp.BR_2018,whatsapp,v1,True,False,2018-2022,desconhecido,False
11614,0,0.189021,-0.242904,-0.431925,0.433113,FakeWhatsApp.BR_2018,whatsapp,v1,True,False,2018-2022,desconhecido,True
11613,1,-1.798940,1.694795,3.493735,0.922605,FakeWhatsApp.BR_2018,whatsapp,v1,True,False,2018-2022,desconhecido,True
11612,1,-0.825432,0.968235,1.793668,0.783887,FakeWhatsApp.BR_2018,whatsapp,v1,True,False,2018-2022,desconhecido,True
11611,1,-2.348364,2.553197,4.901561,0.969634,FakeWhatsApp.BR_2018,whatsapp,v1,True,False,2018-2022,desconhecido,False
11610,0,-0.246118,-0.024678,0.221440,0.546889,FakeWhatsApp.BR_2018,whatsapp,v1,True,False,2018-2022,desconhecido,True
11641,1,-1.769125,1.749685,3.518810,0.923849,FakeWhatsApp.BR_2018,whatsapp,v1,True,False,2018-2022,desconhecido,True
11640,1,-2.343611,2.635019,4.978630,0.971182,FakeWhatsApp.BR_2018,whatsapp,v1,True,False,2018-2022,desconhecido,False
11639,1,-1.401623,1.634975,3.036598,0.896446,FakeWhatsApp.BR_2018,whatsapp,v1,True,False,2018-2022,desconhecido,True
11638,0,1.767429,-1.946684,-3.714112,0.071341,FakeWhatsApp.BR_2018,whatsapp,v1,True,False,2018-2022,desconhecido,True
11637,0,0.395876,-0.529757,-0.925633,0.350989,FakeWhatsApp.BR_2018,whatsapp,v1,True,False,2018-2022,desconhecido,True
11636,0,1.397087,-1.588098,-2.985185,0.113436,FakeWhatsApp.BR_2018,whatsapp,v1,True,False,2018-2022,desconhecido,True
11635,1,-0.760253,0.711393,1.471646,0.743280,FakeWhatsApp.BR_2018,whatsapp,v1,True,False,2018-2022,desconhecido,True
11634,1,-0.024446,0.043355,0.067801,0.520134,FakeWhatsApp.BR_2018,whatsapp,v1,True,False,2018-2022,desconhecido,True
11633,0,0.363304,-0.398957,-0.762261,0.377457,FakeWhatsApp.BR_2018,whatsapp,v1,True,False,2018-2022,desconhecido,False
11632,1,-1.976628,2.248781,4.225410,0.952137,FakeWhatsApp.BR_2018,whatsapp,v1,True,False,2018-2022,desconhecido,True
11631,1,-2.295025,2.456317,4.751342,0.966380,FakeWhatsApp.BR_2018,whatsapp,v1,True,False,2018-2022,desconhecido,True
11630,1,-1.490597,1.757607,3.248205,0.909410,FakeWhatsApp.BR_2018,whatsapp,v1,True,False,2018-2022,desconhecido,True
11629,1,-0.708556,0.846925,1.555481,0.754315,FakeWhatsApp.BR_2018,whatsapp,v1,True,False,2018-2022,desconhecido,False
11628,0,-0.694781,0.734676,1.429458,0.737606,FakeWhatsApp.BR_2018,whatsapp,v1,True,False,2018-2022,desconhecido,True
11627,1,-2.283237,2.547163,4.830400,0.968132,FakeWhatsApp.BR_2018,whatsapp,v1,True,False,2018-2022,desconhecido,True
11626,0,0.623594,-0.659953,-1.283548,0.296257,FakeWhatsApp.BR_2018,whatsapp,v1,True,False,2018-2022,desconhecido,False
11657,1,-0.159431,0.102384,0.261815,0.553881,FakeWhatsApp.BR_2018,whatsapp,v1,True,False,2018-2022,desconhecido,False
11656,1,-2.759306,3.038685,5.797992,0.983552,FakeWhatsApp.BR_2018,whatsapp,v1,True,False,2018-2022,desconhecido,True
11655,1,-1.589235,1.775130,3.364365,0.915888,FakeWhatsApp.BR_2018,whatsapp,v1,True,False,2018-2022,desconhecido,True
11654,1,-1.904440,1.994076,3.898516,0.940564,FakeWhatsApp.BR_2018,whatsapp,v1,True,False,2018-2022,desconhecido,False
11653,1,-0.196515,0.056544,0.253059,0.552366,FakeWhatsApp.BR_2018,whatsapp,v1,True,False,2018-2022,desconhecido,True
11652,1,-0.968020,1.275358,2.243378,0.832465,FakeWhatsApp.BR_2018,whatsapp,v1,True,False,2018-2022,desconhecido,True
11651,0,1.043296,-1.280429,-2.323725,0.168938,FakeWhatsApp.BR_2018,whatsapp,v1,True,False,2018-2022,desconhecido,True
11649,1,0.164594,-0.198741,-0.363335,0.444935,FakeWhatsApp.BR_2018,whatsapp,v1,True,False,2018-2022,desconhecido,False
11648,1,-1.813020,1.864102,3.677122,0.931287,FakeWhatsApp.BR_2018,whatsapp,v1,True,False,2018-2022,desconhecido,False
11647,0,1.501866,-1.863431,-3.365297,0.089306,FakeWhatsApp.BR_2018,whatsapp,v1,True,False,2018-2022,desconhecido,True
11646,0,-0.055691,0.180959,0.236650,0.549525,FakeWhatsApp.BR_2018,whatsapp,v1,True,False,2018-2022,desconhecido,True
11645,0,0.583565,-0.788764,-1.372329,0.283468,FakeWhatsApp.BR_2018,whatsapp,v1,True,False,2018-2022,desconhecido,False
11644,0,0.149188,-0.293864,-0.443052,0.431202,FakeWhatsApp.BR_2018,whatsapp,v1,True,False,2018-2022,desconhecido,True
11643,1,-1.377293,1.679046,3.056339,0.897722,FakeWhatsApp.BR_2018,whatsapp,v1,True,False,2018-2022,desconhecido,True
11642,1,-1.116695,1.442335,2.559030,0.861059,FakeWhatsApp.BR_2018,whatsapp,v1,True,False,2018-2022,desconhecido,False
11673,0,0.695863,-0.985467,-1.681329,0.241663,FakeWhatsApp.BR_2018,whatsapp,v1,True,False,2018-2022,desconhecido,True
11672,1,-2.364108,2.477817,4.841925,0.968380,FakeWhatsApp.BR_2018,whatsapp,v1,True,False,2018-2022,desconhecido,True
11671,0,1.397666,-1.509772,-2.907438,0.119025,FakeWhatsApp.BR_2018,whatsapp,v1,True,False,2018-2022,desconhecido,True
11670,1,0.749447,-0.911164,-1.660611,0.244331,FakeWhatsApp.BR_2018,whatsapp,v1,True,False,2018-2022,desconhecido,False
11669,0,2.152413,-2.498111,-4.650525,0.038360,FakeWhatsApp.BR_2018,whatsapp,v1,True,False,2018-2022,desconhecido,True
11668,1,-0.293794,0.361551,0.655345,0.620527,FakeWhatsApp.BR_2018,whatsapp,v1,True,False,2018-2022,desconhecido,False
11667,1,-0.891754,0.822497,1.714251,0.774322,FakeWhatsApp.BR_2018,whatsapp,v1,True,False,2018-2022,desconhecido,True
11666,1,-2.065897,2.395824,4.461721,0.959135,FakeWhatsApp.BR_2018,whatsapp,v1,True,False,2018-2022,desconhecido,True
11665,1,-2.934821,3.330323,6.265144,0.988084,FakeWhatsApp.BR_2018,whatsapp,v1,True,False,2018-2022,desconhecido,True
11664,1,-1.396879,1.198443,2.595322,0.864070,FakeWhatsApp.BR_2018,whatsapp,v1,True,False,2018-2022,desconhecido,True
11663,0,1.506537,-1.919084,-3.425622,0.085931,FakeWhatsApp.BR_2018,whatsapp,v1,True,False,2018-2022,desconhecido,True
11662,0,0.345348,-0.433094,-0.778443,0.374800,FakeWhatsApp.BR_2018,whatsapp,v1,True,False,2018-2022,desconhecido,False
11661,1,-2.113580,2.428492,4.542072,0.961283,FakeWhatsApp.BR_2018,whatsapp,v1,True,False,2018-2022,desconhecido,True
11660,1,-2.389425,2.685052,5.074477,0.973001,FakeWhatsApp.BR_2018,whatsapp,v1,True,False,2018-2022,desconhecido,False
11659,0,0.521905,-0.538116,-1.060021,0.329876,FakeWhatsApp.BR_2018,whatsapp,v1,True,False,2018-2022,desconhecido,True
11658,1,-1.768982,1.968717,3.737700,0.933951,FakeWhatsApp.BR_2018,whatsapp,v1,True,False,2018-2022,desconhecido,True
11689,1,-0.815044,0.725894,1.540938,0.752424,FakeWhatsApp.BR_2018,whatsapp,v1,True,False,2018-2022,desconhecido,True
11688,1,-2.816016,3.132433,5.948449,0.985171,FakeWhatsApp.BR_2018,whatsapp,v1,True,False,2018-2022,desconhecido,False
11687,1,-1.653866,1.897377,3.551244,0.925431,FakeWhatsApp.BR_2018,whatsapp,v1,True,False,2018-2022,desconhecido,True
11686,0,0.844453,-1.066745,-1.911199,0.213415,FakeWhatsApp.BR_2018,whatsapp,v1,True,False,2018-2022,desconhecido,False
11685,0,1.593291,-1.777915,-3.371205,0.088970,FakeWhatsApp.BR_2018,whatsapp,v1,True,False,2018-2022,desconhecido,True
11684,0,0.640881,-0.823914,-1.464795,0.270510,FakeWhatsApp.BR_2018,whatsapp,v1,True,False,2018-2022,desconhecido,False
11683,0,0.799745,-1.068108,-1.867852,0.218552,FakeWhatsApp.BR_2018,whatsapp,v1,True,False,2018-2022,desconhecido,True
11682,1,-2.233721,2.402958,4.636680,0.963673,FakeWhatsApp.BR_2018,whatsapp,v1,True,False,2018-2022,desconhecido,True
11681,0,-0.421381,0.538472,0.959854,0.669273,FakeWhatsApp.BR_2018,whatsapp,v1,True,False,2018-2022,desconhecido,True
11680,1,-1.699067,2.087776,3.786842,0.936041,FakeWhatsApp.BR_2018,whatsapp,v1,True,False,2018-2022,desconhecido,True
11679,1,-0.806505,1.042464,1.848969,0.790371,FakeWhatsApp.BR_2018,whatsapp,v1,True,False,2018-2022,desconhecido,True
11678,1,-1.369087,1.483217,2.852304,0.883846,FakeWhatsApp.BR_2018,whatsapp,v1,True,False,2018-2022,desconhecido,True
11677,0,-0.391616,0.264995,0.656611,0.620735,FakeWhatsApp.BR_2018,whatsapp,v1,True,False,2018-2022,desconhecido,False
11676,0,0.814553,-0.964131,-1.778684,0.229397,FakeWhatsApp.BR_2018,whatsapp,v1,True,False,2018-2022,desconhecido,False
11675,1,-2.309373,2.619993,4.929366,0.970201,FakeWhatsApp.BR_2018,whatsapp,v1,True,False,2018-2022,desconhecido,True
11674,0,2.403081,-2.674902,-5.077984,0.028726,FakeWhatsApp.BR_2018,whatsapp,v1,True,False,2018-2022,desconhecido,True
11705,1,-2.427282,2.498946,4.926228,0.970138,FakeWhatsApp.BR_2018,whatsapp,v1,True,False,2018-2022,desconhecido,True
11704,1,-2.264912,2.622855,4.887767,0.969348,FakeWhatsApp.BR_2018,whatsapp,v1,True,False,2018-2022,desconhecido,False
11703,1,-2.091212,2.406252,4.497465,0.960104,FakeWhatsApp.BR_2018,whatsapp,v1,True,False,2018-2022,desconhecido,True
11702,1,-0.758270,0.738089,1.496359,0.746567,FakeWhatsApp.BR_2018,whatsapp,v1,True,False,2018-2022,desconhecido,False
11701,1,-2.367464,2.656376,5.023839,0.972055,FakeWhatsApp.BR_2018,whatsapp,v1,True,False,2018-2022,desconhecido,False
11700,1,-1.763090,1.952950,3.716040,0.933010,FakeWhatsApp.BR_2018,whatsapp,v1,True,False,2018-2022,desconhecido,True
11698,0,0.601496,-0.802056,-1.403552,0.279051,FakeWhatsApp.BR_2018,whatsapp,v1,True,False,2018-2022,desconhecido,True
11697,0,1.243946,-1.598819,-2.842765,0.123853,FakeWhatsApp.BR_2018,whatsapp,v1,True,False,2018-2022,desconhecido,True
11696,1,-0.939856,0.927046,1.866902,0.792443,FakeWhatsApp.BR_2018,whatsapp,v1,True,False,2018-2022,desconhecido,True
11695,1,-1.348566,1.588113,2.936679,0.889772,FakeWhatsApp.BR_2018,whatsapp,v1,True,False,2018-2022,desconhecido,True
11694,0,2.044034,-2.187303,-4.231337,0.050774,FakeWhatsApp.BR_2018,whatsapp,v1,True,False,2018-2022,desconhecido,True
11693,0,2.241694,-2.277115,-4.518808,0.041909,FakeWhatsApp.BR_2018,whatsapp,v1,True,False,2018-2022,desconhecido,False
11692,1,-2.637146,3.004377,5.641522,0.981683,FakeWhatsApp.BR_2018,whatsapp,v1,True,False,2018-2022,desconhecido,False
11691,0,0.447817,-0.639131,-1.086948,0.325723,FakeWhatsApp.BR_2018,whatsapp,v1,True,False,2018-2022,desconhecido,True
11690,1,-2.660008,2.933015,5.593023,0.981063,FakeWhatsApp.BR_2018,whatsapp,v1,True,False,2018-2022,desconhecido,False
11721,1,-1.030850,1.348570,2.379419,0.845327,FakeWhatsApp.BR_2018,whatsapp,v1,True,False,2018-2022,desconhecido,False
11720,1,-2.456222,2.780568,5.236790,0.975830,FakeWhatsApp.BR_2018,whatsapp,v1,True,False,2018-2022,desconhecido,True
11719,1,-1.653018,1.736156,3.389174,0.917216,FakeWhatsApp.BR_2018,whatsapp,v1,True,False,2018-2022,desconhecido,False
11718,1,-2.160773,2.395942,4.556716,0.961662,FakeWhatsApp.BR_2018,whatsapp,v1,True,False,2018-2022,desconhecido,True
11717,1,-0.907677,0.861879,1.769557,0.781014,FakeWhatsApp.BR_2018,whatsapp,v1,True,False,2018-2022,desconhecido,True
11716,1,-1.956661,2.279280,4.235941,0.952472,FakeWhatsApp.BR_2018,whatsapp,v1,True,False,2018-2022,desconhecido,False
11715,1,-0.665488,0.806975,1.472463,0.743389,FakeWhatsApp.BR_2018,whatsapp,v1,True,False,2018-2022,desconhecido,True
11714,1,-2.132170,2.495184,4.627354,0.963444,FakeWhatsApp.BR_2018,whatsapp,v1,True,False,2018-2022,desconhecido,True
11713,1,-0.055977,0.105752,0.161729,0.536514,FakeWhatsApp.BR_2018,whatsapp,v1,True,False,2018-2022,desconhecido,True
11712,1,1.484853,-1.689796,-3.174649,0.100769,FakeWhatsApp.BR_2018,whatsapp,v1,True,False,2018-2022,desconhecido,True
11711,1,-1.526088,1.723601,3.249689,0.909495,FakeWhatsApp.BR_2018,whatsapp,v1,True,False,2018-2022,desconhecido,True
11710,1,0.327837,-0.364313,-0.692150,0.389055,FakeWhatsApp.BR_2018,whatsapp,v1,True,False,2018-2022,desconhecido,False
11709,0,2.917079,-3.347081,-6.264160,0.012730,FakeWhatsApp.BR_2018,whatsapp,v1,True,False,2018-2022,desconhecido,True
11708,0,1.198744,-1.407489,-2.606233,0.142963,FakeWhatsApp.BR_2018,whatsapp,v1,True,False,2018-2022,desconhecido,True
11707,1,-2.367464,2.656376,5.023839,0.972055,FakeWhatsApp.BR_2018,whatsapp,v1,True,False,2018-2022,desconhecido,True
11706,1,-0.962342,0.939884,1.902225,0.796480,FakeWhatsApp.BR_2018,whatsapp,v1,True,False,2018-2022,desconhecido,True
11737,1,-0.889828,0.973691,1.863520,0.792053,FakeWhatsApp.BR_2018,whatsapp,v1,True,False,2018-2022,desconhecido,False
11736,1,-2.418720,2.617515,5.036235,0.972289,FakeWhatsApp.BR_2018,whatsapp,v1,True,False,2018-2022,desconhecido,True
11735,1,-2.399993,2.575548,4.975541,0.971122,FakeWhatsApp.BR_2018,whatsapp,v1,True,False,2018-2022,desconhecido,True
11734,0,-0.695684,0.516149,1.211833,0.707082,FakeWhatsApp.BR_2018,whatsapp,v1,True,False,2018-2022,desconhecido,True
11733,1,-0.887729,1.154355,2.042084,0.811887,FakeWhatsApp.BR_2018,whatsapp,v1,True,False,2018-2022,desconhecido,False
11732,1,-0.707435,0.748026,1.455461,0.741113,FakeWhatsApp.BR_2018,whatsapp,v1,True,False,2018-2022,desconhecido,True
11731,0,2.262889,-2.422318,-4.685207,0.037474,FakeWhatsApp.BR_2018,whatsapp,v1,True,False,2018-2022,desconhecido,True
11730,1,-2.528880,2.917677,5.446558,0.979062,FakeWhatsApp.BR_2018,whatsapp,v1,True,False,2018-2022,desconhecido,True
11729,1,-2.275189,2.534264,4.809453,0.967677,FakeWhatsApp.BR_2018,whatsapp,v1,True,False,2018-2022,desconhecido,True
11728,1,-0.546977,0.370748,0.917724,0.662715,FakeWhatsApp.BR_2018,whatsapp,v1,True,False,2018-2022,desconhecido,True
11727,1,-1.557426,1.813660,3.371086,0.916250,FakeWhatsApp.BR_2018,whatsapp,v1,True,False,2018-2022,desconhecido,False
11726,1,-1.967355,2.152951,4.120306,0.948671,FakeWhatsApp.BR_2018,whatsapp,v1,True,False,2018-2022,desconhecido,False
11725,1,-2.346283,2.729105,5.075389,0.973018,FakeWhatsApp.BR_2018,whatsapp,v1,True,False,2018-2022,desconhecido,True
11724,1,-2.644719,3.045645,5.690363,0.982288,FakeWhatsApp.BR_2018,whatsapp,v1,True,False,2018-2022,desconhecido,True
11723,0,0.333178,-0.538026,-0.871204,0.359715,FakeWhatsApp.BR_2018,whatsapp,v1,True,False,2018-2022,desconhecido,True
11722,1,-2.366698,2.541806,4.908504,0.969776,FakeWhatsApp.BR_2018,whatsapp,v1,True,False,2018-2022,desconhecido,True
11753,0,0.814292,-1.067234,-1.881527,0.216922,FakeWhatsApp.BR_2018,whatsapp,v1,True,False,2018-2022,desconhecido,True
11752,0,0.590099,-0.673144,-1.263243,0.299228,FakeWhatsApp.BR_2018,whatsapp,v1,True,False,2018-2022,desconhecido,True
11751,0,0.651526,-0.746608,-1.398134,0.279814,FakeWhatsApp.BR_2018,whatsapp,v1,True,False,2018-2022,desconhecido,True
11750,0,2.136265,-2.397581,-4.533846,0.041488,FakeWhatsApp.BR_2018,whatsapp,v1,True,False,2018-2022,desconhecido,True
11749,0,0.979060,-1.175042,-2.154102,0.186266,FakeWhatsApp.BR_2018,whatsapp,v1,True,False,2018-2022,desconhecido,True
11748,0,1.906556,-2.188379,-4.094935,0.055578,FakeWhatsApp.BR_2018,whatsapp,v1,True,False,2018-2022,desconhecido,True
11747,1,-1.950979,2.085460,4.036439,0.945736,FakeWhatsApp.BR_2018,whatsapp,v1,True,False,2018-2022,desconhecido,True
11746,1,0.894018,-1.106318,-2.000336,0.203130,FakeWhatsApp.BR_2018,whatsapp,v1,True,False,2018-2022,desconhecido,True
11745,1,-2.195533,2.440830,4.636363,0.963665,FakeWhatsApp.BR_2018,whatsapp,v1,True,False,2018-2022,desconhecido,False
11744,0,-1.159315,1.278191,2.437506,0.850568,FakeWhatsApp.BR_2018,whatsapp,v1,True,False,2018-2022,desconhecido,True
11743,0,2.394065,-2.775996,-5.170061,0.026982,FakeWhatsApp.BR_2018,whatsapp,v1,True,False,2018-2022,desconhecido,False
11742,0,-0.440087,0.507172,0.947259,0.667319,FakeWhatsApp.BR_2018,whatsapp,v1,True,False,2018-2022,desconhecido,True
11741,1,-0.204969,0.325647,0.530617,0.599766,FakeWhatsApp.BR_2018,whatsapp,v1,True,False,2018-2022,desconhecido,True
11740,0,1.947230,-2.017028,-3.964258,0.060578,FakeWhatsApp.BR_2018,whatsapp,v1,True,False,2018-2022,desconhecido,False
11739,1,-1.744248,1.996344,3.740592,0.934076,FakeWhatsApp.BR_2018,whatsapp,v1,True,False,2018-2022,desconhecido,True
11738,0,1.661726,-1.860380,-3.522106,0.080773,FakeWhatsApp.BR_2018,whatsapp,v1,True,False,2018-2022,desconhecido,True
11769,0,1.752898,-1.818712,-3.571610,0.078238,FakeWhatsApp.BR_2018,whatsapp,v1,True,False,2018-2022,desconhecido,True
11768,1,-2.402185,2.715679,5.117864,0.973788,FakeWhatsApp.BR_2018,whatsapp,v1,True,False,2018-2022,desconhecido,False
11767,0,1.141611,-1.248948,-2.390559,0.162472,FakeWhatsApp.BR_2018,whatsapp,v1,True,False,2018-2022,desconhecido,True
11766,0,-0.930017,1.165384,2.095401,0.817520,FakeWhatsApp.BR_2018,whatsapp,v1,True,False,2018-2022,desconhecido,False
11765,0,0.167626,-0.014948,-0.182574,0.476355,FakeWhatsApp.BR_2018,whatsapp,v1,True,False,2018-2022,desconhecido,True
11764,0,-1.482423,1.777976,3.260399,0.910110,FakeWhatsApp.BR_2018,whatsapp,v1,True,False,2018-2022,desconhecido,True
11763,0,-1.004490,1.243619,2.248108,0.832926,FakeWhatsApp.BR_2018,whatsapp,v1,True,False,2018-2022,desconhecido,True
11762,1,-2.849149,3.030912,5.880060,0.984456,FakeWhatsApp.BR_2018,whatsapp,v1,True,False,2018-2022,desconhecido,True
11761,1,-2.847839,3.116985,5.964824,0.985338,FakeWhatsApp.BR_2018,whatsapp,v1,True,False,2018-2022,desconhecido,True
11760,0,0.899819,-1.170826,-2.070645,0.195281,FakeWhatsApp.BR_2018,whatsapp,v1,True,False,2018-2022,desconhecido,False
11759,0,1.494479,-1.750951,-3.245430,0.096368,FakeWhatsApp.BR_2018,whatsapp,v1,True,False,2018-2022,desconhecido,True
11758,0,2.010283,-2.177137,-4.187420,0.052276,FakeWhatsApp.BR_2018,whatsapp,v1,True,False,2018-2022,desconhecido,True
11757,1,-2.080210,2.454228,4.534438,0.961083,FakeWhatsApp.BR_2018,whatsapp,v1,True,False,2018-2022,desconhecido,True
11756,1,-0.853702,0.759589,1.613291,0.761736,FakeWhatsApp.BR_2018,whatsapp,v1,True,False,2018-2022,desconhecido,True
11755,1,-1.723314,2.036642,3.759955,0.934905,FakeWhatsApp.BR_2018,whatsapp,v1,True,False,2018-2022,desconhecido,True
11754,0,2.177747,-2.564394,-4.742141,0.036063,FakeWhatsApp.BR_2018,whatsapp,v1,True,False,2018-2022,desconhecido,False
11785,0,2.617937,-2.742089,-5.360026,0.023702,FakeWhatsApp.BR_2018,whatsapp,v1,True,False,2018-2022,desconhecido,True
11784,0,-0.636409,0.529598,1.166007,0.700395,FakeWhatsApp.BR_2018,whatsapp,v1,True,False,2018-2022,desconhecido,True
11783,1,-1.927833,2.043990,3.971823,0.943368,FakeWhatsApp.BR_2018,whatsapp,v1,True,False,2018-2022,desconhecido,True
11782,1,-0.721719,0.984650,1.706368,0.773357,FakeWhatsApp.BR_2018,whatsapp,v1,True,False,2018-2022,desconhecido,True
11781,0,-1.517965,1.618111,3.136076,0.902733,FakeWhatsApp.BR_2018,whatsapp,v1,True,False,2018-2022,desconhecido,False
11780,1,-2.394667,2.625479,5.020145,0.971984,FakeWhatsApp.BR_2018,whatsapp,v1,True,False,2018-2022,desconhecido,True
11779,1,-1.440695,1.557990,2.998685,0.893957,FakeWhatsApp.BR_2018,whatsapp,v1,True,False,2018-2022,desconhecido,False
11778,0,1.638466,-1.824103,-3.462569,0.083922,FakeWhatsApp.BR_2018,whatsapp,v1,True,False,2018-2022,desconhecido,True
11777,1,-1.261870,1.478848,2.740717,0.875585,FakeWhatsApp.BR_2018,whatsapp,v1,True,False,2018-2022,desconhecido,True
11776,0,2.447736,-2.915792,-5.363528,0.023646,FakeWhatsApp.BR_2018,whatsapp,v1,True,False,2018-2022,desconhecido,True
11775,0,1.205264,-1.486972,-2.692236,0.135746,FakeWhatsApp.BR_2018,whatsapp,v1,True,False,2018-2022,desconhecido,False
11774,1,-0.600880,0.732997,1.333876,0.724455,FakeWhatsApp.BR_2018,whatsapp,v1,True,False,2018-2022,desconhecido,True
11773,1,-2.546292,2.853209,5.399501,0.978376,FakeWhatsApp.BR_2018,whatsapp,v1,True,False,2018-2022,desconhecido,True
11772,1,-2.017663,2.185386,4.203049,0.951419,FakeWhatsApp.BR_2018,whatsapp,v1,True,False,2018-2022,desconhecido,True
11771,0,1.016875,-1.123326,-2.140202,0.187745,FakeWhatsApp.BR_2018,whatsapp,v1,True,False,2018-2022,desconhecido,True
11770,1,-2.803637,3.117754,5.921391,0.984892,FakeWhatsApp.BR_2018,whatsapp,v1,True,False,2018-2022,desconhecido,False
11801,0,-1.634945,1.909145,3.544090,0.925085,FakeWhatsApp.BR_2018,whatsapp,v1,True,False,2018-2022,desconhecido,True
11800,1,-1.158757,1.058832,2.217589,0.829933,FakeWhatsApp.BR_2018,whatsapp,v1,True,False,2018-2022,desconhecido,True
11799,1,-1.570169,1.532584,3.102753,0.900666,FakeWhatsApp.BR_2018,whatsapp,v1,True,False,2018-2022,desconhecido,True
11798,1,-0.556491,0.614633,1.171124,0.701146,FakeWhatsApp.BR_2018,whatsapp,v1,True,False,2018-2022,desconhecido,True
11797,1,0.439379,-0.572602,-1.011980,0.337350,FakeWhatsApp.BR_2018,whatsapp,v1,True,False,2018-2022,desconhecido,False
11796,0,-0.228788,0.273099,0.501887,0.594930,FakeWhatsApp.BR_2018,whatsapp,v1,True,False,2018-2022,desconhecido,True
11795,1,0.227344,-0.129788,-0.357131,0.446007,FakeWhatsApp.BR_2018,whatsapp,v1,True,False,2018-2022,desconhecido,False
11794,0,1.996663,-2.160824,-4.157486,0.053324,FakeWhatsApp.BR_2018,whatsapp,v1,True,False,2018-2022,desconhecido,True
11793,1,-2.017322,2.264868,4.282190,0.953916,FakeWhatsApp.BR_2018,whatsapp,v1,True,False,2018-2022,desconhecido,True
11792,1,-1.263124,1.339304,2.602428,0.864653,FakeWhatsApp.BR_2018,whatsapp,v1,True,False,2018-2022,desconhecido,True
11791,1,-2.114955,2.283842,4.398796,0.957373,FakeWhatsApp.BR_2018,whatsapp,v1,True,False,2018-2022,desconhecido,True
11790,0,2.373948,-2.475116,-4.849063,0.033550,FakeWhatsApp.BR_2018,whatsapp,v1,True,False,2018-2022,desconhecido,True
11789,0,-1.092717,1.055512,2.148230,0.822971,FakeWhatsApp.BR_2018,whatsapp,v1,True,False,2018-2022,desconhecido,True
11788,0,-0.461102,0.424719,0.885821,0.657706,FakeWhatsApp.BR_2018,whatsapp,v1,True,False,2018-2022,desconhecido,False
11787,0,0.292540,-0.404158,-0.696698,0.388299,FakeWhatsApp.BR_2018,whatsapp,v1,True,False,2018-2022,desconhecido,True
11786,0,1.273453,-1.386722,-2.660174,0.138400,FakeWhatsApp.BR_2018,whatsapp,v1,True,False,2018-2022,desconhecido,True
11817,1,-2.773202,3.100823,5.874025,0.984391,FakeWhatsApp.BR_2018,whatsapp,v1,True,False,2018-2022,desconhecido,True
11816,1,-1.538722,1.885457,3.424179,0.919057,FakeWhatsApp.BR_2018,whatsapp,v1,True,False,2018-2022,desconhecido,True
11815,0,0.464086,-0.697471,-1.161557,0.314361,FakeWhatsApp.BR_2018,whatsapp,v1,True,False,2018-2022,desconhecido,True
11814,0,2.227286,-2.262621,-4.489907,0.042729,FakeWhatsApp.BR_2018,whatsapp,v1,True,False,2018-2022,desconhecido,False
11813,1,-2.525826,2.858965,5.384791,0.978157,FakeWhatsApp.BR_2018,whatsapp,v1,True,False,2018-2022,desconhecido,True
11812,0,1.539663,-1.782166,-3.321829,0.091811,FakeWhatsApp.BR_2018,whatsapp,v1,True,False,2018-2022,desconhecido,True
11811,1,-1.242421,1.375389,2.617810,0.865908,FakeWhatsApp.BR_2018,whatsapp,v1,True,False,2018-2022,desconhecido,False
11810,0,0.607479,-0.826857,-1.434337,0.274737,FakeWhatsApp.BR_2018,whatsapp,v1,True,False,2018-2022,desconhecido,True
11809,0,-0.254113,0.418599,0.672712,0.623384,FakeWhatsApp.BR_2018,whatsapp,v1,True,False,2018-2022,desconhecido,True
11808,0,0.974048,-1.216119,-2.190166,0.182470,FakeWhatsApp.BR_2018,whatsapp,v1,True,False,2018-2022,desconhecido,False
11807,1,-1.809257,2.048775,3.858033,0.938960,FakeWhatsApp.BR_2018,whatsapp,v1,True,False,2018-2022,desconhecido,False
11806,1,-0.882428,0.940545,1.822972,0.787341,FakeWhatsApp.BR_2018,whatsapp,v1,True,False,2018-2022,desconhecido,True
11805,1,-1.090868,1.281040,2.371907,0.844638,FakeWhatsApp.BR_2018,whatsapp,v1,True,False,2018-2022,desconhecido,False
11804,0,2.482430,-2.661657,-5.144087,0.027463,FakeWhatsApp.BR_2018,whatsapp,v1,True,False,2018-2022,desconhecido,True
11803,1,0.849292,-0.919837,-1.769129,0.230582,FakeWhatsApp.BR_2018,whatsapp,v1,True,False,2018-2022,desconhecido,False
11802,1,-0.149037,0.236079,0.385116,0.575092,FakeWhatsApp.BR_2018,whatsapp,v1,True,False,2018-2022,desconhecido,True
11833,1,-2.608509,2.791764,5.400273,0.978387,FakeWhatsApp.BR_2018,whatsapp,v1,True,False,2018-2022,desconhecido,True
11832,1,-2.244954,2.482454,4.727407,0.965832,FakeWhatsApp.BR_2018,whatsapp,v1,True,False,2018-2022,desconhecido,False
11831,1,-1.926513,2.028730,3.955243,0.942745,FakeWhatsApp.BR_2018,whatsapp,v1,True,False,2018-2022,desconhecido,True
11830,0,2.184902,-2.403365,-4.588268,0.040000,FakeWhatsApp.BR_2018,whatsapp,v1,True,False,2018-2022,desconhecido,True
11829,1,-1.529113,1.803951,3.333065,0.914185,FakeWhatsApp.BR_2018,whatsapp,v1,True,False,2018-2022,desconhecido,False
11828,1,-0.591664,0.584073,1.175737,0.701822,FakeWhatsApp.BR_2018,whatsapp,v1,True,False,2018-2022,desconhecido,True
11827,0,-0.914565,1.186669,2.101234,0.818128,FakeWhatsApp.BR_2018,whatsapp,v1,True,False,2018-2022,desconhecido,True
11826,1,-2.032046,2.277392,4.309438,0.954747,FakeWhatsApp.BR_2018,whatsapp,v1,True,False,2018-2022,desconhecido,False
11825,1,-0.844828,1.059856,1.904684,0.796759,FakeWhatsApp.BR_2018,whatsapp,v1,True,False,2018-2022,desconhecido,False
11824,1,-2.285680,2.522863,4.808543,0.967657,FakeWhatsApp.BR_2018,whatsapp,v1,True,False,2018-2022,desconhecido,True
11823,0,-1.059056,1.363113,2.422169,0.849199,FakeWhatsApp.BR_2018,whatsapp,v1,True,False,2018-2022,desconhecido,False
11822,1,-0.580992,0.739712,1.320704,0.722611,FakeWhatsApp.BR_2018,whatsapp,v1,True,False,2018-2022,desconhecido,True
11821,1,-1.716277,1.952466,3.668743,0.930911,FakeWhatsApp.BR_2018,whatsapp,v1,True,False,2018-2022,desconhecido,True
11820,1,-2.761196,3.023506,5.784702,0.983401,FakeWhatsApp.BR_2018,whatsapp,v1,True,False,2018-2022,desconhecido,True
11819,1,-2.387137,2.655858,5.042994,0.972416,FakeWhatsApp.BR_2018,whatsapp,v1,True,False,2018-2022,desconhecido,True
11818,0,0.301775,-0.362992,-0.664767,0.393620,FakeWhatsApp.BR_2018,whatsapp,v1,True,False,2018-2022,desconhecido,True
11849,0,-1.191873,1.338364,2.530238,0.858631,FakeWhatsApp.BR_2018,whatsapp,v1,True,False,2018-2022,desconhecido,True
11848,0,1.514978,-1.639617,-3.154595,0.102048,FakeWhatsApp.BR_2018,whatsapp,v1,True,False,2018-2022,desconhecido,True
11847,1,-2.008962,2.185932,4.194895,0.951154,FakeWhatsApp.BR_2018,whatsapp,v1,True,False,2018-2022,desconhecido,False
11846,1,-1.780029,2.035017,3.815046,0.937213,FakeWhatsApp.BR_2018,whatsapp,v1,True,False,2018-2022,desconhecido,True
11845,0,1.430389,-1.809334,-3.239723,0.096716,FakeWhatsApp.BR_2018,whatsapp,v1,True,False,2018-2022,desconhecido,True
11844,1,-2.156030,2.418762,4.574793,0.962126,FakeWhatsApp.BR_2018,whatsapp,v1,True,False,2018-2022,desconhecido,False
11843,1,-0.700303,0.840805,1.541108,0.752446,FakeWhatsApp.BR_2018,whatsapp,v1,True,False,2018-2022,desconhecido,True
11842,0,1.350908,-1.418419,-2.769327,0.129539,FakeWhatsApp.BR_2018,whatsapp,v1,True,False,2018-2022,desconhecido,True
11841,1,-1.276674,1.516763,2.793437,0.879549,FakeWhatsApp.BR_2018,whatsapp,v1,True,False,2018-2022,desconhecido,True
11840,0,1.332209,-1.511123,-2.843332,0.123810,FakeWhatsApp.BR_2018,whatsapp,v1,True,False,2018-2022,desconhecido,True
11839,0,1.582870,-1.737912,-3.320781,0.091872,FakeWhatsApp.BR_2018,whatsapp,v1,True,False,2018-2022,desconhecido,True
11838,0,1.833480,-2.100045,-3.933526,0.061814,FakeWhatsApp.BR_2018,whatsapp,v1,True,False,2018-2022,desconhecido,True
11837,0,-1.138041,1.384413,2.522454,0.857968,FakeWhatsApp.BR_2018,whatsapp,v1,True,False,2018-2022,desconhecido,True
11836,0,1.517177,-1.537565,-3.054743,0.108632,FakeWhatsApp.BR_2018,whatsapp,v1,True,False,2018-2022,desconhecido,False
11835,1,-1.765357,2.062829,3.828185,0.937752,FakeWhatsApp.BR_2018,whatsapp,v1,True,False,2018-2022,desconhecido,True
11834,0,1.833480,-2.100045,-3.933526,0.061814,FakeWhatsApp.BR_2018,whatsapp,v1,True,False,2018-2022,desconhecido,True
11865,1,-1.861038,2.261306,4.122344,0.948740,FakeWhatsApp.BR_2018,whatsapp,v1,True,False,2018-2022,desconhecido,True
11864,1,-2.184397,2.283519,4.467916,0.959304,FakeWhatsApp.BR_2018,whatsapp,v1,True,False,2018-2022,desconhecido,True
11863,1,-1.312570,1.399270,2.711840,0.873367,FakeWhatsApp.BR_2018,whatsapp,v1,True,False,2018-2022,desconhecido,True
11862,0,1.064669,-1.143990,-2.208659,0.180547,FakeWhatsApp.BR_2018,whatsapp,v1,True,False,2018-2022,desconhecido,True
11861,0,0.679960,-0.811291,-1.491251,0.266872,FakeWhatsApp.BR_2018,whatsapp,v1,True,False,2018-2022,desconhecido,True
11860,0,-1.187866,1.098370,2.286236,0.836607,FakeWhatsApp.BR_2018,whatsapp,v1,True,False,2018-2022,desconhecido,True
11859,0,-0.790993,0.952942,1.743935,0.777932,FakeWhatsApp.BR_2018,whatsapp,v1,True,False,2018-2022,desconhecido,True
11858,1,-1.120128,1.307173,2.427302,0.849658,FakeWhatsApp.BR_2018,whatsapp,v1,True,False,2018-2022,desconhecido,False
11857,1,-2.214527,2.408916,4.623442,0.963347,FakeWhatsApp.BR_2018,whatsapp,v1,True,False,2018-2022,desconhecido,False
11856,1,-1.580750,1.652140,3.232890,0.908523,FakeWhatsApp.BR_2018,whatsapp,v1,True,False,2018-2022,desconhecido,True
11855,0,0.978703,-1.089227,-2.067930,0.195580,FakeWhatsApp.BR_2018,whatsapp,v1,True,False,2018-2022,desconhecido,True
11854,0,-1.228320,1.477169,2.705489,0.872874,FakeWhatsApp.BR_2018,whatsapp,v1,True,False,2018-2022,desconhecido,True
11853,1,-1.480258,1.664918,3.145176,0.903291,FakeWhatsApp.BR_2018,whatsapp,v1,True,False,2018-2022,desconhecido,True
11852,1,-1.560992,1.770944,3.331936,0.914123,FakeWhatsApp.BR_2018,whatsapp,v1,True,False,2018-2022,desconhecido,True
11851,1,-2.611275,2.869178,5.480453,0.979542,FakeWhatsApp.BR_2018,whatsapp,v1,True,False,2018-2022,desconhecido,False
11850,1,-0.708440,0.799121,1.507561,0.748047,FakeWhatsApp.BR_2018,whatsapp,v1,True,False,2018-2022,desconhecido,True
11881,1,-1.396915,1.394891,2.791806,0.879428,FakeWhatsApp.BR_2018,whatsapp,v1,True,False,2018-2022,desconhecido,False
11880,0,1.891003,-2.351329,-4.242332,0.050405,FakeWhatsApp.BR_2018,whatsapp,v1,True,False,2018-2022,desconhecido,False
11879,1,-1.157003,1.396899,2.553901,0.860629,FakeWhatsApp.BR_2018,whatsapp,v1,True,False,2018-2022,desconhecido,False
11878,1,-1.939574,2.101497,4.041071,0.945902,FakeWhatsApp.BR_2018,whatsapp,v1,True,False,2018-2022,desconhecido,True
11877,1,-2.317875,2.650229,4.968104,0.970975,FakeWhatsApp.BR_2018,whatsapp,v1,True,False,2018-2022,desconhecido,True
11876,0,-1.657986,1.699428,3.357414,0.915512,FakeWhatsApp.BR_2018,whatsapp,v1,True,False,2018-2022,desconhecido,True
11875,0,0.238128,0.069991,-0.168136,0.478876,FakeWhatsApp.BR_2018,whatsapp,v1,True,False,2018-2022,desconhecido,True
11874,1,0.117051,0.070872,-0.046178,0.500202,FakeWhatsApp.BR_2018,whatsapp,v1,True,False,2018-2022,desconhecido,True
11873,0,1.165455,-1.495698,-2.661153,0.138318,FakeWhatsApp.BR_2018,whatsapp,v1,True,False,2018-2022,desconhecido,False
11872,1,-0.637545,0.836593,1.474137,0.743613,FakeWhatsApp.BR_2018,whatsapp,v1,True,False,2018-2022,desconhecido,False
11871,0,1.933319,-1.941601,-3.874920,0.064235,FakeWhatsApp.BR_2018,whatsapp,v1,True,False,2018-2022,desconhecido,True
11870,1,-2.153773,2.329393,4.483166,0.959719,FakeWhatsApp.BR_2018,whatsapp,v1,True,False,2018-2022,desconhecido,True
11869,0,1.102764,-1.365493,-2.468257,0.155207,FakeWhatsApp.BR_2018,whatsapp,v1,True,False,2018-2022,desconhecido,True
11868,0,-0.682229,0.700210,1.382439,0.731187,FakeWhatsApp.BR_2018,whatsapp,v1,True,False,2018-2022,desconhecido,True
11866,1,-0.515566,0.501470,1.017036,0.678071,FakeWhatsApp.BR_2018,whatsapp,v1,True,False,2018-2022,desconhecido,True
11897,0,0.828708,-0.793943,-1.622650,0.249269,FakeWhatsApp.BR_2018,whatsapp,v1,True,False,2018-2022,desconhecido,True
11896,0,0.699087,-0.780758,-1.479845,0.268437,FakeWhatsApp.BR_2018,whatsapp,v1,True,False,2018-2022,desconhecido,True
11895,1,-2.440085,2.550653,4.990739,0.971418,FakeWhatsApp.BR_2018,whatsapp,v1,True,False,2018-2022,desconhecido,False
11894,1,-0.400789,0.330785,0.731575,0.633006,FakeWhatsApp.BR_2018,whatsapp,v1,True,False,2018-2022,desconhecido,False
11893,1,-0.564806,0.840488,1.405294,0.734320,FakeWhatsApp.BR_2018,whatsapp,v1,True,False,2018-2022,desconhecido,False
11892,0,2.807001,-2.897324,-5.704325,0.018722,FakeWhatsApp.BR_2018,whatsapp,v1,True,False,2018-2022,desconhecido,False
11891,0,0.243725,-0.106136,-0.349861,0.447265,FakeWhatsApp.BR_2018,whatsapp,v1,True,False,2018-2022,desconhecido,False
11890,1,-0.980078,1.024659,2.004737,0.807863,FakeWhatsApp.BR_2018,whatsapp,v1,True,False,2018-2022,desconhecido,True
11889,1,-2.823899,3.175955,5.999854,0.985688,FakeWhatsApp.BR_2018,whatsapp,v1,True,False,2018-2022,desconhecido,True
11888,0,-0.122672,0.341515,0.464187,0.588556,FakeWhatsApp.BR_2018,whatsapp,v1,True,False,2018-2022,desconhecido,False
11887,0,1.326962,-1.475051,-2.802013,0.126982,FakeWhatsApp.BR_2018,whatsapp,v1,True,False,2018-2022,desconhecido,True
11886,1,-2.028887,2.337156,4.366043,0.956428,FakeWhatsApp.BR_2018,whatsapp,v1,True,False,2018-2022,desconhecido,False
11885,1,-1.632959,1.863669,3.496628,0.922750,FakeWhatsApp.BR_2018,whatsapp,v1,True,False,2018-2022,desconhecido,True
11884,1,-2.326002,2.572500,4.898501,0.969570,FakeWhatsApp.BR_2018,whatsapp,v1,True,False,2018-2022,desconhecido,False
11883,1,-2.009382,2.106160,4.115542,0.948508,FakeWhatsApp.BR_2018,whatsapp,v1,True,False,2018-2022,desconhecido,True
11882,1,-1.091342,1.109182,2.200524,0.828240,FakeWhatsApp.BR_2018,whatsapp,v1,True,False,2018-2022,desconhecido,True
11913,0,-1.450675,1.654012,3.104687,0.900787,FakeWhatsApp.BR_2018,whatsapp,v1,True,False,2018-2022,desconhecido,False
11912,0,-0.196048,0.083360,0.279408,0.556921,FakeWhatsApp.BR_2018,whatsapp,v1,True,False,2018-2022,desconhecido,False
11911,0,0.977950,-1.222079,-2.200029,0.181443,FakeWhatsApp.BR_2018,whatsapp,v1,True,False,2018-2022,desconhecido,True
11910,1,0.058163,-0.120444,-0.178607,0.477048,FakeWhatsApp.BR_2018,whatsapp,v1,True,False,2018-2022,desconhecido,True
11909,1,-2.333585,2.497082,4.830667,0.968138,FakeWhatsApp.BR_2018,whatsapp,v1,True,False,2018-2022,desconhecido,True
11908,1,-0.719135,0.516451,1.235586,0.710513,FakeWhatsApp.BR_2018,whatsapp,v1,True,False,2018-2022,desconhecido,True
11907,0,1.377294,-1.550367,-2.927662,0.117549,FakeWhatsApp.BR_2018,whatsapp,v1,True,False,2018-2022,desconhecido,True
11906,1,-2.465282,2.535767,5.001049,0.971618,FakeWhatsApp.BR_2018,whatsapp,v1,True,False,2018-2022,desconhecido,True
11905,1,0.093530,-0.012157,-0.105687,0.489792,FakeWhatsApp.BR_2018,whatsapp,v1,True,False,2018-2022,desconhecido,True
11904,1,-2.795032,3.032180,5.827211,0.983880,FakeWhatsApp.BR_2018,whatsapp,v1,True,False,2018-2022,desconhecido,True
11903,1,0.481443,-0.616680,-1.098123,0.324008,FakeWhatsApp.BR_2018,whatsapp,v1,True,False,2018-2022,desconhecido,True
11902,1,-2.611275,2.869178,5.480453,0.979542,FakeWhatsApp.BR_2018,whatsapp,v1,True,False,2018-2022,desconhecido,False
11901,1,-2.528393,2.833525,5.361918,0.977812,FakeWhatsApp.BR_2018,whatsapp,v1,True,False,2018-2022,desconhecido,False
11900,1,-2.112651,2.265658,4.378309,0.956784,FakeWhatsApp.BR_2018,whatsapp,v1,True,False,2018-2022,desconhecido,True
11899,0,-0.148934,0.008560,0.157494,0.535777,FakeWhatsApp.BR_2018,whatsapp,v1,True,False,2018-2022,desconhecido,True
11898,0,1.138883,-1.114675,-2.253558,0.175945,FakeWhatsApp.BR_2018,whatsapp,v1,True,False,2018-2022,desconhecido,False
11928,0,1.028027,-1.060498,-2.088525,0.193322,FakeWhatsApp.BR_2018,whatsapp,v1,True,False,2018-2022,desconhecido,True
11927,1,-1.151644,1.161638,2.313282,0.839178,FakeWhatsApp.BR_2018,whatsapp,v1,True,False,2018-2022,desconhecido,False
11926,1,-1.229935,1.227039,2.456975,0.852292,FakeWhatsApp.BR_2018,whatsapp,v1,True,False,2018-2022,desconhecido,True
11925,1,-1.394338,1.411031,2.805369,0.880431,FakeWhatsApp.BR_2018,whatsapp,v1,True,False,2018-2022,desconhecido,False
11924,1,-1.623371,1.945252,3.568623,0.926266,FakeWhatsApp.BR_2018,whatsapp,v1,True,False,2018-2022,desconhecido,True
11923,0,-0.055336,0.136374,0.191710,0.541728,FakeWhatsApp.BR_2018,whatsapp,v1,True,False,2018-2022,desconhecido,False
11922,1,-0.997093,1.237847,2.234940,0.831640,FakeWhatsApp.BR_2018,whatsapp,v1,True,False,2018-2022,desconhecido,True
11921,1,0.652763,-0.602036,-1.254799,0.300469,FakeWhatsApp.BR_2018,whatsapp,v1,True,False,2018-2022,desconhecido,False
11920,0,0.482745,-0.543889,-1.026634,0.335061,FakeWhatsApp.BR_2018,whatsapp,v1,True,False,2018-2022,desconhecido,True
11919,1,-0.663037,0.682834,1.345871,0.726127,FakeWhatsApp.BR_2018,whatsapp,v1,True,False,2018-2022,desconhecido,True
11918,1,-2.791441,3.031913,5.823354,0.983837,FakeWhatsApp.BR_2018,whatsapp,v1,True,False,2018-2022,desconhecido,False
11917,1,-2.054959,2.387131,4.442089,0.958593,FakeWhatsApp.BR_2018,whatsapp,v1,True,False,2018-2022,desconhecido,True
11916,1,-2.217335,2.469737,4.687072,0.964888,FakeWhatsApp.BR_2018,whatsapp,v1,True,False,2018-2022,desconhecido,True
11915,1,-0.145092,0.080555,0.225647,0.547618,FakeWhatsApp.BR_2018,whatsapp,v1,True,False,2018-2022,desconhecido,True
11914,1,-2.938355,3.379776,6.318130,0.988513,FakeWhatsApp.BR_2018,whatsapp,v1,True,False,2018-2022,desconhecido,False
11945,1,-2.377326,2.750870,5.128196,0.973972,FakeWhatsApp.BR_2018,whatsapp,v1,True,False,2018-2022,desconhecido,True
11944,1,-1.787955,1.975046,3.763001,0.935035,FakeWhatsApp.BR_2018,whatsapp,v1,True,False,2018-2022,desconhecido,True
11943,1,-0.080990,0.026253,0.107243,0.527020,FakeWhatsApp.BR_2018,whatsapp,v1,True,False,2018-2022,desconhecido,True
11942,1,-0.264369,0.216324,0.480693,0.591350,FakeWhatsApp.BR_2018,whatsapp,v1,True,False,2018-2022,desconhecido,False
11941,0,2.377384,-2.589646,-4.967030,0.030974,FakeWhatsApp.BR_2018,whatsapp,v1,True,False,2018-2022,desconhecido,True
11940,1,-2.204136,2.371000,4.575136,0.962135,FakeWhatsApp.BR_2018,whatsapp,v1,True,False,2018-2022,desconhecido,True
11939,0,-0.106206,-0.104918,0.001288,0.508507,FakeWhatsApp.BR_2018,whatsapp,v1,True,False,2018-2022,desconhecido,False
11938,1,-0.213554,0.319081,0.532635,0.600105,FakeWhatsApp.BR_2018,whatsapp,v1,True,False,2018-2022,desconhecido,True
11937,1,0.112931,-0.247844,-0.360775,0.445377,FakeWhatsApp.BR_2018,whatsapp,v1,True,False,2018-2022,desconhecido,False
11936,0,1.593031,-1.761190,-3.354221,0.089938,FakeWhatsApp.BR_2018,whatsapp,v1,True,False,2018-2022,desconhecido,True
11935,0,-1.673019,1.734286,3.407305,0.918174,FakeWhatsApp.BR_2018,whatsapp,v1,True,False,2018-2022,desconhecido,False
11934,1,-1.653652,1.541380,3.195033,0.906297,FakeWhatsApp.BR_2018,whatsapp,v1,True,False,2018-2022,desconhecido,True
11933,0,1.870599,-1.996868,-3.867467,0.064550,FakeWhatsApp.BR_2018,whatsapp,v1,True,False,2018-2022,desconhecido,True
11932,1,-1.669940,1.855283,3.525224,0.924164,FakeWhatsApp.BR_2018,whatsapp,v1,True,False,2018-2022,desconhecido,True
11931,0,1.463189,-1.882358,-3.345547,0.090437,FakeWhatsApp.BR_2018,whatsapp,v1,True,False,2018-2022,desconhecido,True
11930,1,-0.133312,0.156611,0.289923,0.558737,FakeWhatsApp.BR_2018,whatsapp,v1,True,False,2018-2022,desconhecido,False
11961,0,0.449292,-0.543709,-0.993001,0.340326,FakeWhatsApp.BR_2018,whatsapp,v1,True,False,2018-2022,desconhecido,True
11960,0,0.104324,0.025377,-0.078948,0.494469,FakeWhatsApp.BR_2018,whatsapp,v1,True,False,2018-2022,desconhecido,True
11959,1,-1.926449,2.140193,4.066641,0.946811,FakeWhatsApp.BR_2018,whatsapp,v1,True,False,2018-2022,desconhecido,True
11958,0,0.964314,-1.196780,-2.161094,0.185525,FakeWhatsApp.BR_2018,whatsapp,v1,True,False,2018-2022,desconhecido,True
11957,1,-1.798780,2.106486,3.905266,0.940828,FakeWhatsApp.BR_2018,whatsapp,v1,True,False,2018-2022,desconhecido,True
11956,0,-0.509229,0.526575,1.035803,0.680931,FakeWhatsApp.BR_2018,whatsapp,v1,True,False,2018-2022,desconhecido,True
11955,1,-2.070057,2.414037,4.484095,0.959744,FakeWhatsApp.BR_2018,whatsapp,v1,True,False,2018-2022,desconhecido,True
11954,1,1.514489,-1.648045,-3.162534,0.101540,FakeWhatsApp.BR_2018,whatsapp,v1,True,False,2018-2022,desconhecido,False
11953,1,0.130454,-0.064849,-0.195303,0.474134,FakeWhatsApp.BR_2018,whatsapp,v1,True,False,2018-2022,desconhecido,True
11952,1,0.215499,-0.145512,-0.361011,0.445336,FakeWhatsApp.BR_2018,whatsapp,v1,True,False,2018-2022,desconhecido,True
11951,1,-2.642947,2.842285,5.485232,0.979609,FakeWhatsApp.BR_2018,whatsapp,v1,True,False,2018-2022,desconhecido,False
11950,1,-1.944637,2.223842,4.168479,0.950288,FakeWhatsApp.BR_2018,whatsapp,v1,True,False,2018-2022,desconhecido,True
11949,1,-2.070057,2.414037,4.484095,0.959744,FakeWhatsApp.BR_2018,whatsapp,v1,True,False,2018-2022,desconhecido,True
11948,1,-0.347035,0.316051,0.663086,0.621801,FakeWhatsApp.BR_2018,whatsapp,v1,True,False,2018-2022,desconhecido,True
11947,0,0.981152,-1.163380,-2.144531,0.187283,FakeWhatsApp.BR_2018,whatsapp,v1,True,False,2018-2022,desconhecido,True
11946,1,-2.319757,2.525183,4.844940,0.968445,FakeWhatsApp.BR_2018,whatsapp,v1,True,False,2018-2022,desconhecido,True
11977,0,-1.228908,1.245268,2.474176,0.853801,FakeWhatsApp.BR_2018,whatsapp,v1,True,False,2018-2022,desconhecido,False
11976,0,1.383506,-1.424195,-2.807701,0.126541,FakeWhatsApp.BR_2018,whatsapp,v1,True,False,2018-2022,desconhecido,True
11975,0,-0.249188,0.343651,0.592839,0.610173,FakeWhatsApp.BR_2018,whatsapp,v1,True,False,2018-2022,desconhecido,True
11974,0,0.366552,-0.344823,-0.711374,0.385862,FakeWhatsApp.BR_2018,whatsapp,v1,True,False,2018-2022,desconhecido,True
11973,0,-2.344782,2.763543,5.108325,0.973617,FakeWhatsApp.BR_2018,whatsapp,v1,True,False,2018-2022,desconhecido,False
11972,0,-1.095422,1.155153,2.250575,0.833166,FakeWhatsApp.BR_2018,whatsapp,v1,True,False,2018-2022,desconhecido,False
11971,0,0.103046,-0.117720,-0.220766,0.469692,FakeWhatsApp.BR_2018,whatsapp,v1,True,False,2018-2022,desconhecido,True
11970,1,-1.605514,1.844769,3.450284,0.920406,FakeWhatsApp.BR_2018,whatsapp,v1,True,False,2018-2022,desconhecido,True
11969,1,-0.548964,0.518172,1.067135,0.685677,FakeWhatsApp.BR_2018,whatsapp,v1,True,False,2018-2022,desconhecido,False
11968,1,1.463189,-1.882358,-3.345547,0.090437,FakeWhatsApp.BR_2018,whatsapp,v1,True,False,2018-2022,desconhecido,True
11967,0,0.714508,-0.716792,-1.431300,0.275161,FakeWhatsApp.BR_2018,whatsapp,v1,True,False,2018-2022,desconhecido,True
11966,1,-1.941982,2.302326,4.244308,0.952736,FakeWhatsApp.BR_2018,whatsapp,v1,True,False,2018-2022,desconhecido,True
11965,1,-0.225999,0.222923,0.448922,0.585966,FakeWhatsApp.BR_2018,whatsapp,v1,True,False,2018-2022,desconhecido,False
11964,0,-0.155049,0.096612,0.251661,0.552124,FakeWhatsApp.BR_2018,whatsapp,v1,True,False,2018-2022,desconhecido,False
11963,1,-1.311628,1.421999,2.733627,0.875044,FakeWhatsApp.BR_2018,whatsapp,v1,True,False,2018-2022,desconhecido,False
11962,1,-1.059118,1.184357,2.243474,0.832474,FakeWhatsApp.BR_2018,whatsapp,v1,True,False,2018-2022,desconhecido,True
11993,1,-0.420849,0.748943,1.169792,0.700951,FakeWhatsApp.BR_2018,whatsapp,v1,True,False,2018-2022,desconhecido,True
11992,0,1.871990,-2.274822,-4.146811,0.053703,FakeWhatsApp.BR_2018,whatsapp,v1,True,False,2018-2022,desconhecido,True
11991,0,-0.014382,0.077671,0.092052,0.524369,FakeWhatsApp.BR_2018,whatsapp,v1,True,False,2018-2022,desconhecido,True
11990,1,-2.167060,2.462142,4.629202,0.963490,FakeWhatsApp.BR_2018,whatsapp,v1,True,False,2018-2022,desconhecido,True
11989,1,-1.530302,1.714734,3.245035,0.909227,FakeWhatsApp.BR_2018,whatsapp,v1,True,False,2018-2022,desconhecido,True
11988,1,-0.718430,0.701325,1.419755,0.736289,FakeWhatsApp.BR_2018,whatsapp,v1,True,False,2018-2022,desconhecido,False
11987,1,-2.156915,2.340471,4.497386,0.960102,FakeWhatsApp.BR_2018,whatsapp,v1,True,False,2018-2022,desconhecido,True
11986,0,1.220443,-1.453719,-2.674162,0.137236,FakeWhatsApp.BR_2018,whatsapp,v1,True,False,2018-2022,desconhecido,True
11985,1,-1.942979,2.329093,4.272071,0.953603,FakeWhatsApp.BR_2018,whatsapp,v1,True,False,2018-2022,desconhecido,False
11984,0,-1.951032,2.186136,4.137167,0.949242,FakeWhatsApp.BR_2018,whatsapp,v1,True,False,2018-2022,desconhecido,False
11983,1,-1.150109,1.353829,2.503938,0.856382,FakeWhatsApp.BR_2018,whatsapp,v1,True,False,2018-2022,desconhecido,True
11982,1,-2.560861,2.775101,5.335962,0.977415,FakeWhatsApp.BR_2018,whatsapp,v1,True,False,2018-2022,desconhecido,True
11981,1,1.009351,-1.087356,-2.096707,0.192431,FakeWhatsApp.BR_2018,whatsapp,v1,True,False,2018-2022,desconhecido,True
11980,0,-0.014521,-0.089363,-0.074843,0.495187,FakeWhatsApp.BR_2018,whatsapp,v1,True,False,2018-2022,desconhecido,True
11979,1,0.356880,-0.529853,-0.886734,0.357216,FakeWhatsApp.BR_2018,whatsapp,v1,True,False,2018-2022,desconhecido,False
11978,1,-1.680398,2.025713,3.706111,0.932574,FakeWhatsApp.BR_2018,whatsapp,v1,True,False,2018-2022,desconhecido,True
12009,0,-0.691586,0.907518,1.599104,0.759929,FakeWhatsApp.BR_2018,whatsapp,v1,True,False,2018-2022,desconhecido,False
12008,0,0.007865,0.062701,0.054837,0.517869,FakeWhatsApp.BR_2018,whatsapp,v1,True,False,2018-2022,desconhecido,True
12007,0,2.245506,-2.574382,-4.819888,0.034219,FakeWhatsApp.BR_2018,whatsapp,v1,True,False,2018-2022,desconhecido,False
12006,0,0.921800,-1.002932,-1.924732,0.211830,FakeWhatsApp.BR_2018,whatsapp,v1,True,False,2018-2022,desconhecido,True
12005,1,-2.003913,2.123461,4.127375,0.948911,FakeWhatsApp.BR_2018,whatsapp,v1,True,False,2018-2022,desconhecido,True
12004,0,0.873540,-1.097859,-1.971399,0.206428,FakeWhatsApp.BR_2018,whatsapp,v1,True,False,2018-2022,desconhecido,True
12003,0,-0.260863,0.413007,0.673871,0.623575,FakeWhatsApp.BR_2018,whatsapp,v1,True,False,2018-2022,desconhecido,False
12002,1,-1.547874,1.802972,3.350846,0.915156,FakeWhatsApp.BR_2018,whatsapp,v1,True,False,2018-2022,desconhecido,True
12001,1,-0.783095,0.909110,1.692205,0.771615,FakeWhatsApp.BR_2018,whatsapp,v1,True,False,2018-2022,desconhecido,False
12000,0,-1.117771,1.338628,2.456398,0.852241,FakeWhatsApp.BR_2018,whatsapp,v1,True,False,2018-2022,desconhecido,True
11999,1,-1.039306,1.219321,2.258627,0.833948,FakeWhatsApp.BR_2018,whatsapp,v1,True,False,2018-2022,desconhecido,True
11998,0,2.311140,-2.654269,-4.965408,0.031008,FakeWhatsApp.BR_2018,whatsapp,v1,True,False,2018-2022,desconhecido,True
11997,1,-0.554937,0.704341,1.259278,0.713912,FakeWhatsApp.BR_2018,whatsapp,v1,True,False,2018-2022,desconhecido,True
11996,0,-1.509779,1.571484,3.081263,0.899313,FakeWhatsApp.BR_2018,whatsapp,v1,True,False,2018-2022,desconhecido,False
11995,1,-2.667122,2.917128,5.584250,0.980948,FakeWhatsApp.BR_2018,whatsapp,v1,True,False,2018-2022,desconhecido,True
11994,1,-2.240003,2.539953,4.779956,0.967025,FakeWhatsApp.BR_2018,whatsapp,v1,True,False,2018-2022,desconhecido,True
12025,0,1.320276,-1.540943,-2.861219,0.122459,FakeWhatsApp.BR_2018,whatsapp,v1,True,False,2018-2022,desconhecido,True
12024,0,-0.618124,0.657495,1.275619,0.716242,FakeWhatsApp.BR_2018,whatsapp,v1,True,False,2018-2022,desconhecido,True
12023,1,-0.261825,0.244882,0.506707,0.595743,FakeWhatsApp.BR_2018,whatsapp,v1,True,False,2018-2022,desconhecido,True
12022,1,-2.367464,2.656376,5.023839,0.972055,FakeWhatsApp.BR_2018,whatsapp,v1,True,False,2018-2022,desconhecido,True
12021,1,-0.788794,0.878625,1.667419,0.768543,FakeWhatsApp.BR_2018,whatsapp,v1,True,False,2018-2022,desconhecido,True
12020,0,1.780306,-2.072313,-3.852619,0.065180,FakeWhatsApp.BR_2018,whatsapp,v1,True,False,2018-2022,desconhecido,False
12019,1,-0.202457,0.074709,0.277167,0.556534,FakeWhatsApp.BR_2018,whatsapp,v1,True,False,2018-2022,desconhecido,True
12018,0,-0.435752,0.408996,0.844748,0.651205,FakeWhatsApp.BR_2018,whatsapp,v1,True,False,2018-2022,desconhecido,True
12017,0,1.452934,-1.681124,-3.134058,0.103372,FakeWhatsApp.BR_2018,whatsapp,v1,True,False,2018-2022,desconhecido,True
12016,0,-1.323420,1.426818,2.750238,0.876309,FakeWhatsApp.BR_2018,whatsapp,v1,True,False,2018-2022,desconhecido,False
12015,0,-0.285848,0.262157,0.548005,0.602684,FakeWhatsApp.BR_2018,whatsapp,v1,True,False,2018-2022,desconhecido,True
12014,0,2.100905,-2.367075,-4.467980,0.043361,FakeWhatsApp.BR_2018,whatsapp,v1,True,False,2018-2022,desconhecido,False
12013,0,0.509356,-0.433372,-0.942728,0.348269,FakeWhatsApp.BR_2018,whatsapp,v1,True,False,2018-2022,desconhecido,False
12012,0,0.694201,-0.970485,-1.664686,0.243804,FakeWhatsApp.BR_2018,whatsapp,v1,True,False,2018-2022,desconhecido,True
12011,0,2.332965,-2.532566,-4.865531,0.033179,FakeWhatsApp.BR_2018,whatsapp,v1,True,False,2018-2022,desconhecido,True
12010,0,-0.881689,1.016506,1.898196,0.796022,FakeWhatsApp.BR_2018,whatsapp,v1,True,False,2018-2022,desconhecido,True
12041,0,2.151360,-2.424794,-4.576154,0.040327,FakeWhatsApp.BR_2018,whatsapp,v1,True,False,2018-2022,desconhecido,True
12040,1,-0.724951,0.912850,1.637801,0.764835,FakeWhatsApp.BR_2018,whatsapp,v1,True,False,2018-2022,desconhecido,False
12039,0,1.836312,-2.132051,-3.968363,0.060415,FakeWhatsApp.BR_2018,whatsapp,v1,True,False,2018-2022,desconhecido,True
12038,1,-2.546292,2.853209,5.399501,0.978376,FakeWhatsApp.BR_2018,whatsapp,v1,True,False,2018-2022,desconhecido,True
12037,1,-1.733244,1.848383,3.581627,0.926885,FakeWhatsApp.BR_2018,whatsapp,v1,True,False,2018-2022,desconhecido,True
12036,0,0.121148,-0.045977,-0.167125,0.479053,FakeWhatsApp.BR_2018,whatsapp,v1,True,False,2018-2022,desconhecido,False
12035,0,2.110173,-2.111473,-4.221646,0.051102,FakeWhatsApp.BR_2018,whatsapp,v1,True,False,2018-2022,desconhecido,True
12034,1,0.236247,-0.129793,-0.366040,0.444467,FakeWhatsApp.BR_2018,whatsapp,v1,True,False,2018-2022,desconhecido,True
12033,1,-1.733233,1.973085,3.706318,0.932583,FakeWhatsApp.BR_2018,whatsapp,v1,True,False,2018-2022,desconhecido,True
12032,0,-0.041977,0.029868,0.071845,0.520840,FakeWhatsApp.BR_2018,whatsapp,v1,True,False,2018-2022,desconhecido,False
12031,1,-2.813690,3.102389,5.916080,0.984837,FakeWhatsApp.BR_2018,whatsapp,v1,True,False,2018-2022,desconhecido,True
12030,0,-0.716959,0.778992,1.495951,0.746513,FakeWhatsApp.BR_2018,whatsapp,v1,True,False,2018-2022,desconhecido,True
12029,1,-1.503942,1.751227,3.255169,0.909810,FakeWhatsApp.BR_2018,whatsapp,v1,True,False,2018-2022,desconhecido,True
12028,0,0.557781,-0.507489,-1.065270,0.329064,FakeWhatsApp.BR_2018,whatsapp,v1,True,False,2018-2022,desconhecido,True
12027,0,1.983830,-2.339793,-4.323623,0.047750,FakeWhatsApp.BR_2018,whatsapp,v1,True,False,2018-2022,desconhecido,False
12026,0,2.567987,-2.643415,-5.211402,0.026233,FakeWhatsApp.BR_2018,whatsapp,v1,True,False,2018-2022,desconhecido,True
12057,0,1.456491,-1.428794,-2.885285,0.120660,FakeWhatsApp.BR_2018,whatsapp,v1,True,False,2018-2022,desconhecido,True
12056,1,-0.338356,0.520555,0.858911,0.653453,FakeWhatsApp.BR_2018,whatsapp,v1,True,False,2018-2022,desconhecido,False
12055,1,-2.228919,2.534891,4.763809,0.966663,FakeWhatsApp.BR_2018,whatsapp,v1,True,False,2018-2022,desconhecido,False
12054,0,1.870634,-2.075101,-3.945735,0.061320,FakeWhatsApp.BR_2018,whatsapp,v1,True,False,2018-2022,desconhecido,True
12053,1,-1.744420,1.986167,3.730587,0.933643,FakeWhatsApp.BR_2018,whatsapp,v1,True,False,2018-2022,desconhecido,True
12052,1,0.796725,-0.834037,-1.630762,0.248208,FakeWhatsApp.BR_2018,whatsapp,v1,True,False,2018-2022,desconhecido,False
12051,0,0.208281,-0.276450,-0.484732,0.424062,FakeWhatsApp.BR_2018,whatsapp,v1,True,False,2018-2022,desconhecido,True
12050,1,-1.382712,1.531853,2.914565,0.888245,FakeWhatsApp.BR_2018,whatsapp,v1,True,False,2018-2022,desconhecido,True
12049,1,0.050263,-0.032690,-0.082952,0.493768,FakeWhatsApp.BR_2018,whatsapp,v1,True,False,2018-2022,desconhecido,True
12048,0,0.936522,-1.088418,-2.024940,0.200357,FakeWhatsApp.BR_2018,whatsapp,v1,True,False,2018-2022,desconhecido,True
12047,0,-0.040019,-0.089056,-0.049036,0.499702,FakeWhatsApp.BR_2018,whatsapp,v1,True,False,2018-2022,desconhecido,True
12046,0,-0.623643,0.858525,1.482167,0.744683,FakeWhatsApp.BR_2018,whatsapp,v1,True,False,2018-2022,desconhecido,False
12045,0,0.896032,-1.202792,-2.098824,0.192201,FakeWhatsApp.BR_2018,whatsapp,v1,True,False,2018-2022,desconhecido,True
12044,1,-2.695735,2.888802,5.584538,0.980952,FakeWhatsApp.BR_2018,whatsapp,v1,True,False,2018-2022,desconhecido,True
12043,0,1.794528,-1.904956,-3.699484,0.072023,FakeWhatsApp.BR_2018,whatsapp,v1,True,False,2018-2022,desconhecido,False
12042,1,-2.109980,2.407693,4.517673,0.960642,FakeWhatsApp.BR_2018,whatsapp,v1,True,False,2018-2022,desconhecido,True
12073,0,0.823869,-1.100636,-1.924505,0.211856,FakeWhatsApp.BR_2018,whatsapp,v1,True,False,2018-2022,desconhecido,True
12072,1,-1.050416,0.905130,1.955546,0.802462,FakeWhatsApp.BR_2018,whatsapp,v1,True,False,2018-2022,desconhecido,True
12071,0,2.259830,-2.345165,-4.604995,0.039553,FakeWhatsApp.BR_2018,whatsapp,v1,True,False,2018-2022,desconhecido,True
12070,0,1.637921,-2.013234,-3.651155,0.074316,FakeWhatsApp.BR_2018,whatsapp,v1,True,False,2018-2022,desconhecido,False
12069,0,2.266749,-2.313265,-4.580014,0.040222,FakeWhatsApp.BR_2018,whatsapp,v1,True,False,2018-2022,desconhecido,True
12068,1,-0.189676,0.183701,0.373377,0.573084,FakeWhatsApp.BR_2018,whatsapp,v1,True,False,2018-2022,desconhecido,True
12067,1,1.289864,-1.601586,-2.891450,0.120203,FakeWhatsApp.BR_2018,whatsapp,v1,True,False,2018-2022,desconhecido,False
12066,0,-0.000940,-0.162832,-0.161893,0.479967,FakeWhatsApp.BR_2018,whatsapp,v1,True,False,2018-2022,desconhecido,False
12065,1,-0.978478,1.226035,2.204514,0.828637,FakeWhatsApp.BR_2018,whatsapp,v1,True,False,2018-2022,desconhecido,True
12064,1,-2.123466,2.308647,4.432113,0.958315,FakeWhatsApp.BR_2018,whatsapp,v1,True,False,2018-2022,desconhecido,True
12063,1,-1.264743,1.478606,2.743349,0.875786,FakeWhatsApp.BR_2018,whatsapp,v1,True,False,2018-2022,desconhecido,True
12062,0,-0.442645,0.678417,1.121063,0.693753,FakeWhatsApp.BR_2018,whatsapp,v1,True,False,2018-2022,desconhecido,True
12061,0,1.003883,-1.138925,-2.142808,0.187467,FakeWhatsApp.BR_2018,whatsapp,v1,True,False,2018-2022,desconhecido,True
12060,0,0.983470,-1.133836,-2.117306,0.190200,FakeWhatsApp.BR_2018,whatsapp,v1,True,False,2018-2022,desconhecido,True
12059,1,1.073586,-1.164122,-2.237708,0.177559,FakeWhatsApp.BR_2018,whatsapp,v1,True,False,2018-2022,desconhecido,True
12058,0,0.615283,-0.892150,-1.507433,0.264662,FakeWhatsApp.BR_2018,whatsapp,v1,True,False,2018-2022,desconhecido,True
12089,0,0.650562,-0.744029,-1.394591,0.280314,FakeWhatsApp.BR_2018,whatsapp,v1,True,False,2018-2022,desconhecido,True
12088,1,-2.194567,2.353300,4.547867,0.961433,FakeWhatsApp.BR_2018,whatsapp,v1,True,False,2018-2022,desconhecido,True
12087,0,0.397314,-0.580088,-0.977402,0.342781,FakeWhatsApp.BR_2018,whatsapp,v1,True,False,2018-2022,desconhecido,False
12086,0,0.072187,0.110535,0.038348,0.514987,FakeWhatsApp.BR_2018,whatsapp,v1,True,False,2018-2022,desconhecido,False
12085,0,0.300929,-0.632728,-0.933657,0.349711,FakeWhatsApp.BR_2018,whatsapp,v1,True,False,2018-2022,desconhecido,False
12084,0,-1.018890,1.140989,2.159879,0.824156,FakeWhatsApp.BR_2018,whatsapp,v1,True,False,2018-2022,desconhecido,False
12083,0,-0.238110,0.250456,0.488566,0.592681,FakeWhatsApp.BR_2018,whatsapp,v1,True,False,2018-2022,desconhecido,True
12082,1,-0.538527,0.639346,1.177873,0.702135,FakeWhatsApp.BR_2018,whatsapp,v1,True,False,2018-2022,desconhecido,True
12081,0,1.142272,-1.427018,-2.569289,0.146161,FakeWhatsApp.BR_2018,whatsapp,v1,True,False,2018-2022,desconhecido,True
12080,0,1.923030,-2.136254,-4.059284,0.056902,FakeWhatsApp.BR_2018,whatsapp,v1,True,False,2018-2022,desconhecido,True
12079,0,-1.607182,1.805983,3.413166,0.918482,FakeWhatsApp.BR_2018,whatsapp,v1,True,False,2018-2022,desconhecido,False
12078,0,0.032599,0.026126,-0.006473,0.507149,FakeWhatsApp.BR_2018,whatsapp,v1,True,False,2018-2022,desconhecido,False
12077,1,-0.594675,0.577297,1.171971,0.701270,FakeWhatsApp.BR_2018,whatsapp,v1,True,False,2018-2022,desconhecido,True
12076,1,-1.600479,1.676018,3.276497,0.911028,FakeWhatsApp.BR_2018,whatsapp,v1,True,False,2018-2022,desconhecido,True
12075,1,-0.503523,0.553234,1.056757,0.684109,FakeWhatsApp.BR_2018,whatsapp,v1,True,False,2018-2022,desconhecido,True
12074,0,1.007615,-1.232035,-2.239650,0.177361,FakeWhatsApp.BR_2018,whatsapp,v1,True,False,2018-2022,desconhecido,True
12105,0,0.872127,-1.145795,-2.017922,0.201145,FakeWhatsApp.BR_2018,whatsapp,v1,True,False,2018-2022,desconhecido,True
12104,0,0.043252,-0.199262,-0.242515,0.465903,FakeWhatsApp.BR_2018,whatsapp,v1,True,False,2018-2022,desconhecido,False
12103,0,-2.027740,2.310359,4.338099,0.955605,FakeWhatsApp.BR_2018,whatsapp,v1,True,False,2018-2022,desconhecido,False
12102,0,-0.158438,0.049097,0.207535,0.544476,FakeWhatsApp.BR_2018,whatsapp,v1,True,False,2018-2022,desconhecido,True
12101,1,-1.344120,1.562875,2.906995,0.887718,FakeWhatsApp.BR_2018,whatsapp,v1,True,False,2018-2022,desconhecido,False
12100,0,-0.020698,-0.283383,-0.262684,0.462392,FakeWhatsApp.BR_2018,whatsapp,v1,True,False,2018-2022,desconhecido,False
12099,1,-1.497297,1.530701,3.027999,0.895886,FakeWhatsApp.BR_2018,whatsapp,v1,True,False,2018-2022,desconhecido,True
12098,1,-1.892920,2.220199,4.113119,0.948425,FakeWhatsApp.BR_2018,whatsapp,v1,True,False,2018-2022,desconhecido,False
12097,1,-2.696813,3.028032,5.724844,0.982703,FakeWhatsApp.BR_2018,whatsapp,v1,True,False,2018-2022,desconhecido,True
12096,1,-1.768014,1.912597,3.680612,0.931443,FakeWhatsApp.BR_2018,whatsapp,v1,True,False,2018-2022,desconhecido,False
12095,0,0.006262,0.086534,0.080273,0.522312,FakeWhatsApp.BR_2018,whatsapp,v1,True,False,2018-2022,desconhecido,False
12094,1,-1.457574,1.644023,3.101597,0.900594,FakeWhatsApp.BR_2018,whatsapp,v1,True,False,2018-2022,desconhecido,False
12093,1,-0.054850,-0.113128,-0.058279,0.498085,FakeWhatsApp.BR_2018,whatsapp,v1,True,False,2018-2022,desconhecido,False
12092,0,-0.449175,0.431258,0.880433,0.656856,FakeWhatsApp.BR_2018,whatsapp,v1,True,False,2018-2022,desconhecido,False
12091,1,-1.544062,1.720954,3.265016,0.910374,FakeWhatsApp.BR_2018,whatsapp,v1,True,False,2018-2022,desconhecido,False
12090,1,-1.713441,2.001867,3.715308,0.932978,FakeWhatsApp.BR_2018,whatsapp,v1,True,False,2018-2022,desconhecido,True
12121,0,-2.185977,2.617433,4.803411,0.967544,FakeWhatsApp.BR_2018,whatsapp,v1,True,False,2018-2022,desconhecido,True
12120,0,0.689851,-0.742271,-1.432122,0.275046,FakeWhatsApp.BR_2018,whatsapp,v1,True,False,2018-2022,desconhecido,True
12119,0,1.833525,-2.017761,-3.851286,0.065237,FakeWhatsApp.BR_2018,whatsapp,v1,True,False,2018-2022,desconhecido,True
12118,1,-1.008424,1.163085,2.171509,0.825332,FakeWhatsApp.BR_2018,whatsapp,v1,True,False,2018-2022,desconhecido,False
12117,1,-0.896829,1.032737,1.929566,0.799564,FakeWhatsApp.BR_2018,whatsapp,v1,True,False,2018-2022,desconhecido,True
12116,1,-2.176530,2.282022,4.458551,0.959048,FakeWhatsApp.BR_2018,whatsapp,v1,True,False,2018-2022,desconhecido,False
12115,0,1.108794,-1.262366,-2.371160,0.164328,FakeWhatsApp.BR_2018,whatsapp,v1,True,False,2018-2022,desconhecido,False
12114,1,-0.951817,1.116464,2.068281,0.814671,FakeWhatsApp.BR_2018,whatsapp,v1,True,False,2018-2022,desconhecido,True
12113,0,1.575136,-1.842500,-3.417636,0.086371,FakeWhatsApp.BR_2018,whatsapp,v1,True,False,2018-2022,desconhecido,True
12112,1,-1.195165,1.518027,2.713192,0.873471,FakeWhatsApp.BR_2018,whatsapp,v1,True,False,2018-2022,desconhecido,True
12111,0,-0.771551,0.518033,1.289584,0.718224,FakeWhatsApp.BR_2018,whatsapp,v1,True,False,2018-2022,desconhecido,False
12110,1,-2.139643,2.073511,4.213153,0.951744,FakeWhatsApp.BR_2018,whatsapp,v1,True,False,2018-2022,desconhecido,True
12109,1,-1.696699,1.901077,3.597776,0.927647,FakeWhatsApp.BR_2018,whatsapp,v1,True,False,2018-2022,desconhecido,True
12108,1,-1.486999,1.650451,3.137450,0.902818,FakeWhatsApp.BR_2018,whatsapp,v1,True,False,2018-2022,desconhecido,True
12107,0,-0.720356,0.800345,1.520701,0.749776,FakeWhatsApp.BR_2018,whatsapp,v1,True,False,2018-2022,desconhecido,True
12106,0,0.385266,-0.296611,-0.681877,0.390765,FakeWhatsApp.BR_2018,whatsapp,v1,True,False,2018-2022,desconhecido,True
12137,1,-2.114831,2.342256,4.457088,0.959007,FakeWhatsApp.BR_2018,whatsapp,v1,True,False,2018-2022,desconhecido,True
12136,1,-0.243621,0.109292,0.352913,0.569576,FakeWhatsApp.BR_2018,whatsapp,v1,True,False,2018-2022,desconhecido,True
12135,0,0.806549,-0.860556,-1.667105,0.243492,FakeWhatsApp.BR_2018,whatsapp,v1,True,False,2018-2022,desconhecido,True
12134,0,0.524339,-0.636701,-1.161040,0.314439,FakeWhatsApp.BR_2018,whatsapp,v1,True,False,2018-2022,desconhecido,True
12133,1,-0.589767,0.432596,1.022362,0.678884,FakeWhatsApp.BR_2018,whatsapp,v1,True,False,2018-2022,desconhecido,True
12132,1,-0.544603,0.658481,1.203084,0.705812,FakeWhatsApp.BR_2018,whatsapp,v1,True,False,2018-2022,desconhecido,True
12131,1,-1.429387,1.663721,3.093108,0.900061,FakeWhatsApp.BR_2018,whatsapp,v1,True,False,2018-2022,desconhecido,False
12130,1,-0.120580,-0.017114,0.103466,0.526361,FakeWhatsApp.BR_2018,whatsapp,v1,True,False,2018-2022,desconhecido,False
12129,1,-2.339710,2.644845,4.984555,0.971298,FakeWhatsApp.BR_2018,whatsapp,v1,True,False,2018-2022,desconhecido,False
12128,0,-0.683347,0.657411,1.340758,0.725415,FakeWhatsApp.BR_2018,whatsapp,v1,True,False,2018-2022,desconhecido,False
12127,0,1.087070,-1.230141,-2.317211,0.169579,FakeWhatsApp.BR_2018,whatsapp,v1,True,False,2018-2022,desconhecido,True
12126,1,-1.983676,2.173256,4.156932,0.949905,FakeWhatsApp.BR_2018,whatsapp,v1,True,False,2018-2022,desconhecido,True
12125,0,0.634573,-0.830319,-1.464892,0.270497,FakeWhatsApp.BR_2018,whatsapp,v1,True,False,2018-2022,desconhecido,True
12124,1,-2.159318,2.320251,4.479569,0.959621,FakeWhatsApp.BR_2018,whatsapp,v1,True,False,2018-2022,desconhecido,True
12123,1,-0.218968,0.251544,0.470512,0.589627,FakeWhatsApp.BR_2018,whatsapp,v1,True,False,2018-2022,desconhecido,True
12122,0,0.032599,0.026126,-0.006473,0.507149,FakeWhatsApp.BR_2018,whatsapp,v1,True,False,2018-2022,desconhecido,True
12153,0,1.314256,-1.518379,-2.832634,0.124625,FakeWhatsApp.BR_2018,whatsapp,v1,True,False,2018-2022,desconhecido,True
12152,0,-0.166468,0.046171,0.212639,0.545362,FakeWhatsApp.BR_2018,whatsapp,v1,True,False,2018-2022,desconhecido,True
12151,1,-1.588296,1.799683,3.387979,0.917152,FakeWhatsApp.BR_2018,whatsapp,v1,True,False,2018-2022,desconhecido,False
12150,0,-0.332718,0.185138,0.517857,0.597620,FakeWhatsApp.BR_2018,whatsapp,v1,True,False,2018-2022,desconhecido,False
12149,1,-0.247414,0.192094,0.439507,0.584367,FakeWhatsApp.BR_2018,whatsapp,v1,True,False,2018-2022,desconhecido,False
12148,1,-2.532891,2.940594,5.473485,0.979444,FakeWhatsApp.BR_2018,whatsapp,v1,True,False,2018-2022,desconhecido,True
12147,0,-1.564321,1.689527,3.253849,0.909734,FakeWhatsApp.BR_2018,whatsapp,v1,True,False,2018-2022,desconhecido,False
12146,1,-1.306303,1.484453,2.790756,0.879350,FakeWhatsApp.BR_2018,whatsapp,v1,True,False,2018-2022,desconhecido,False
12145,0,-0.651188,0.722368,1.373556,0.729964,FakeWhatsApp.BR_2018,whatsapp,v1,True,False,2018-2022,desconhecido,False
12144,1,-0.308258,0.389830,0.698088,0.627545,FakeWhatsApp.BR_2018,whatsapp,v1,True,False,2018-2022,desconhecido,True
12143,0,2.128942,-2.331401,-4.460343,0.043583,FakeWhatsApp.BR_2018,whatsapp,v1,True,False,2018-2022,desconhecido,True
12142,0,1.955589,-2.172971,-4.128560,0.054355,FakeWhatsApp.BR_2018,whatsapp,v1,True,False,2018-2022,desconhecido,False
12141,0,2.750850,-3.159684,-5.910534,0.016247,FakeWhatsApp.BR_2018,whatsapp,v1,True,False,2018-2022,desconhecido,True
12140,1,-1.101643,1.165167,2.266810,0.834740,FakeWhatsApp.BR_2018,whatsapp,v1,True,False,2018-2022,desconhecido,True
12139,1,-2.077606,2.293494,4.371099,0.956575,FakeWhatsApp.BR_2018,whatsapp,v1,True,False,2018-2022,desconhecido,True
12138,1,-2.558179,2.803683,5.361863,0.977811,FakeWhatsApp.BR_2018,whatsapp,v1,True,False,2018-2022,desconhecido,True
12169,0,0.093869,-0.312974,-0.406844,0.437428,FakeWhatsApp.BR_2018,whatsapp,v1,True,False,2018-2022,desconhecido,True
12168,0,-0.006915,-0.113398,-0.106483,0.489653,FakeWhatsApp.BR_2018,whatsapp,v1,True,False,2018-2022,desconhecido,False
12167,0,0.275462,-0.322208,-0.597670,0.404882,FakeWhatsApp.BR_2018,whatsapp,v1,True,False,2018-2022,desconhecido,False
12166,1,-1.343615,1.239560,2.583176,0.863068,FakeWhatsApp.BR_2018,whatsapp,v1,True,False,2018-2022,desconhecido,False
12165,0,1.980609,-2.097893,-4.078502,0.056185,FakeWhatsApp.BR_2018,whatsapp,v1,True,False,2018-2022,desconhecido,False
12164,1,-1.567155,1.678985,3.246140,0.909290,FakeWhatsApp.BR_2018,whatsapp,v1,True,False,2018-2022,desconhecido,True
12163,0,1.300076,-1.385564,-2.685640,0.136288,FakeWhatsApp.BR_2018,whatsapp,v1,True,False,2018-2022,desconhecido,True
12162,1,-1.742357,1.882191,3.624548,0.928895,FakeWhatsApp.BR_2018,whatsapp,v1,True,False,2018-2022,desconhecido,True
12161,0,1.928582,-2.064436,-3.993018,0.059443,FakeWhatsApp.BR_2018,whatsapp,v1,True,False,2018-2022,desconhecido,False
12160,1,-1.724788,2.022356,3.747144,0.934358,FakeWhatsApp.BR_2018,whatsapp,v1,True,False,2018-2022,desconhecido,False
12159,1,1.202341,-1.474830,-2.677171,0.136987,FakeWhatsApp.BR_2018,whatsapp,v1,True,False,2018-2022,desconhecido,True
12158,0,0.924355,-1.092828,-2.017183,0.201228,FakeWhatsApp.BR_2018,whatsapp,v1,True,False,2018-2022,desconhecido,False
12157,0,-0.661658,0.721760,1.383418,0.731322,FakeWhatsApp.BR_2018,whatsapp,v1,True,False,2018-2022,desconhecido,True
12156,0,0.507335,-0.901621,-1.408956,0.278291,FakeWhatsApp.BR_2018,whatsapp,v1,True,False,2018-2022,desconhecido,True
12155,1,-1.938618,2.050290,3.988908,0.944004,FakeWhatsApp.BR_2018,whatsapp,v1,True,False,2018-2022,desconhecido,True
12154,0,-1.730956,2.027049,3.758005,0.934822,FakeWhatsApp.BR_2018,whatsapp,v1,True,False,2018-2022,desconhecido,False
12185,0,0.191854,-0.229899,-0.421753,0.434861,FakeWhatsApp.BR_2018,whatsapp,v1,True,False,2018-2022,desconhecido,False
12184,1,-2.341649,2.550245,4.891894,0.969434,FakeWhatsApp.BR_2018,whatsapp,v1,True,False,2018-2022,desconhecido,True
12183,1,-0.845142,1.187168,2.032310,0.810840,FakeWhatsApp.BR_2018,whatsapp,v1,True,False,2018-2022,desconhecido,True
12182,1,-0.721541,0.804748,1.526289,0.750509,FakeWhatsApp.BR_2018,whatsapp,v1,True,False,2018-2022,desconhecido,True
12181,0,-0.304033,0.502140,0.806173,0.645048,FakeWhatsApp.BR_2018,whatsapp,v1,True,False,2018-2022,desconhecido,True
12180,0,2.247292,-2.347167,-4.594459,0.039834,FakeWhatsApp.BR_2018,whatsapp,v1,True,False,2018-2022,desconhecido,True
12179,0,-0.615060,0.833007,1.448067,0.740119,FakeWhatsApp.BR_2018,whatsapp,v1,True,False,2018-2022,desconhecido,True
12178,0,1.557291,-1.730830,-3.288121,0.093797,FakeWhatsApp.BR_2018,whatsapp,v1,True,False,2018-2022,desconhecido,True
12177,0,2.945837,-3.180694,-6.126532,0.013999,FakeWhatsApp.BR_2018,whatsapp,v1,True,False,2018-2022,desconhecido,False
12176,1,-0.692322,0.840324,1.532646,0.751341,FakeWhatsApp.BR_2018,whatsapp,v1,True,False,2018-2022,desconhecido,True
12175,1,-1.226544,1.259445,2.485990,0.854830,FakeWhatsApp.BR_2018,whatsapp,v1,True,False,2018-2022,desconhecido,True
12174,1,-1.270127,1.365093,2.635220,0.867316,FakeWhatsApp.BR_2018,whatsapp,v1,True,False,2018-2022,desconhecido,True
12173,1,-2.540892,2.796882,5.337774,0.977442,FakeWhatsApp.BR_2018,whatsapp,v1,True,False,2018-2022,desconhecido,True
12172,0,0.426028,-0.618359,-1.044387,0.332299,FakeWhatsApp.BR_2018,whatsapp,v1,True,False,2018-2022,desconhecido,False
12171,1,-1.393081,1.608237,3.001318,0.894132,FakeWhatsApp.BR_2018,whatsapp,v1,True,False,2018-2022,desconhecido,True
12170,0,-0.617311,0.635999,1.253310,0.713058,FakeWhatsApp.BR_2018,whatsapp,v1,True,False,2018-2022,desconhecido,True
12201,0,0.374111,-0.630430,-1.004541,0.338515,FakeWhatsApp.BR_2018,whatsapp,v1,True,False,2018-2022,desconhecido,True
12200,1,-0.512337,0.363932,0.876269,0.656199,FakeWhatsApp.BR_2018,whatsapp,v1,True,False,2018-2022,desconhecido,True
12199,0,0.903139,-1.081370,-1.984508,0.204929,FakeWhatsApp.BR_2018,whatsapp,v1,True,False,2018-2022,desconhecido,True
12198,1,-1.100738,1.270946,2.371684,0.844618,FakeWhatsApp.BR_2018,whatsapp,v1,True,False,2018-2022,desconhecido,True
12197,1,-1.260623,1.186043,2.446666,0.851381,FakeWhatsApp.BR_2018,whatsapp,v1,True,False,2018-2022,desconhecido,True
12196,1,-1.096191,1.186374,2.282566,0.836255,FakeWhatsApp.BR_2018,whatsapp,v1,True,False,2018-2022,desconhecido,True
12195,0,1.634177,-1.851410,-3.485587,0.082692,FakeWhatsApp.BR_2018,whatsapp,v1,True,False,2018-2022,desconhecido,False
12194,1,-0.794956,0.789796,1.584751,0.758092,FakeWhatsApp.BR_2018,whatsapp,v1,True,False,2018-2022,desconhecido,False
12193,0,1.896933,-1.913499,-3.810432,0.067002,FakeWhatsApp.BR_2018,whatsapp,v1,True,False,2018-2022,desconhecido,True
12192,0,-1.235600,1.475880,2.711480,0.873339,FakeWhatsApp.BR_2018,whatsapp,v1,True,False,2018-2022,desconhecido,False
12191,1,-1.952650,2.181069,4.133719,0.949126,FakeWhatsApp.BR_2018,whatsapp,v1,True,False,2018-2022,desconhecido,True
12190,1,-2.578583,2.878696,5.457279,0.979215,FakeWhatsApp.BR_2018,whatsapp,v1,True,False,2018-2022,desconhecido,False
12189,1,-2.478466,2.790206,5.268672,0.976351,FakeWhatsApp.BR_2018,whatsapp,v1,True,False,2018-2022,desconhecido,True
12188,1,-2.671721,2.958931,5.630652,0.981546,FakeWhatsApp.BR_2018,whatsapp,v1,True,False,2018-2022,desconhecido,True
12187,0,1.834293,-1.921232,-3.755525,0.069445,FakeWhatsApp.BR_2018,whatsapp,v1,True,False,2018-2022,desconhecido,True
12186,1,0.118861,-0.083914,-0.202775,0.472830,FakeWhatsApp.BR_2018,whatsapp,v1,True,False,2018-2022,desconhecido,False
12217,1,-2.454662,2.770303,5.224965,0.975634,FakeWhatsApp.BR_2018,whatsapp,v1,True,False,2018-2022,desconhecido,True
12216,0,1.381369,-1.538930,-2.920299,0.118084,FakeWhatsApp.BR_2018,whatsapp,v1,True,False,2018-2022,desconhecido,True
12215,1,-2.427536,2.645822,5.073357,0.972981,FakeWhatsApp.BR_2018,whatsapp,v1,True,False,2018-2022,desconhecido,False
12214,1,-2.591394,2.809531,5.400925,0.978397,FakeWhatsApp.BR_2018,whatsapp,v1,True,False,2018-2022,desconhecido,True
12213,1,-0.330208,0.234680,0.564888,0.605510,FakeWhatsApp.BR_2018,whatsapp,v1,True,False,2018-2022,desconhecido,False
12212,0,0.421686,-0.483761,-0.905447,0.354214,FakeWhatsApp.BR_2018,whatsapp,v1,True,False,2018-2022,desconhecido,False
12211,0,0.788442,-0.902787,-1.691229,0.240396,FakeWhatsApp.BR_2018,whatsapp,v1,True,False,2018-2022,desconhecido,True
12210,0,2.051991,-2.172801,-4.224792,0.050996,FakeWhatsApp.BR_2018,whatsapp,v1,True,False,2018-2022,desconhecido,True
12209,0,0.785957,-1.084743,-1.870700,0.218212,FakeWhatsApp.BR_2018,whatsapp,v1,True,False,2018-2022,desconhecido,True
12208,0,1.035475,-1.230750,-2.266224,0.174663,FakeWhatsApp.BR_2018,whatsapp,v1,True,False,2018-2022,desconhecido,True
12207,0,-0.756528,1.096123,1.852651,0.790798,FakeWhatsApp.BR_2018,whatsapp,v1,True,False,2018-2022,desconhecido,True
12206,0,-1.095430,1.251274,2.346704,0.842310,FakeWhatsApp.BR_2018,whatsapp,v1,True,False,2018-2022,desconhecido,False
12205,0,0.168651,-0.243247,-0.411898,0.436557,FakeWhatsApp.BR_2018,whatsapp,v1,True,False,2018-2022,desconhecido,True
12204,1,-0.041622,0.041734,0.083356,0.522851,FakeWhatsApp.BR_2018,whatsapp,v1,True,False,2018-2022,desconhecido,True
12203,1,-0.516896,0.663904,1.180800,0.702563,FakeWhatsApp.BR_2018,whatsapp,v1,True,False,2018-2022,desconhecido,True
12202,1,-1.392805,1.445432,2.838237,0.882832,FakeWhatsApp.BR_2018,whatsapp,v1,True,False,2018-2022,desconhecido,True
12233,1,-2.410136,2.698680,5.108816,0.973626,FakeWhatsApp.BR_2018,whatsapp,v1,True,False,2018-2022,desconhecido,False
12232,0,-0.376029,0.197735,0.573764,0.606993,FakeWhatsApp.BR_2018,whatsapp,v1,True,False,2018-2022,desconhecido,True
12231,0,1.143353,-1.379110,-2.522463,0.150298,FakeWhatsApp.BR_2018,whatsapp,v1,True,False,2018-2022,desconhecido,True
12230,1,-1.610085,1.764423,3.374508,0.916433,FakeWhatsApp.BR_2018,whatsapp,v1,True,False,2018-2022,desconhecido,False
12229,0,1.926883,-2.252190,-4.179073,0.052567,FakeWhatsApp.BR_2018,whatsapp,v1,True,False,2018-2022,desconhecido,True
12228,1,-1.439454,1.695175,3.134629,0.902644,FakeWhatsApp.BR_2018,whatsapp,v1,True,False,2018-2022,desconhecido,True
12227,1,0.022263,0.033529,0.011266,0.510252,FakeWhatsApp.BR_2018,whatsapp,v1,True,False,2018-2022,desconhecido,True
12226,1,0.338235,-0.277285,-0.615520,0.401876,FakeWhatsApp.BR_2018,whatsapp,v1,True,False,2018-2022,desconhecido,False
12225,1,-2.523559,2.765767,5.289325,0.976683,FakeWhatsApp.BR_2018,whatsapp,v1,True,False,2018-2022,desconhecido,True
12224,0,-0.838231,0.807226,1.645458,0.765798,FakeWhatsApp.BR_2018,whatsapp,v1,True,False,2018-2022,desconhecido,True
12223,1,-1.671904,1.911053,3.582957,0.926948,FakeWhatsApp.BR_2018,whatsapp,v1,True,False,2018-2022,desconhecido,True
12222,1,0.772837,-0.994590,-1.767428,0.230793,FakeWhatsApp.BR_2018,whatsapp,v1,True,False,2018-2022,desconhecido,False
12221,1,-2.511860,2.852331,5.364191,0.977847,FakeWhatsApp.BR_2018,whatsapp,v1,True,False,2018-2022,desconhecido,True
12220,1,-1.851239,2.038440,3.889679,0.940217,FakeWhatsApp.BR_2018,whatsapp,v1,True,False,2018-2022,desconhecido,False
12219,1,-2.558103,2.867770,5.425873,0.978763,FakeWhatsApp.BR_2018,whatsapp,v1,True,False,2018-2022,desconhecido,True
12218,0,-0.132207,0.207718,0.339925,0.567346,FakeWhatsApp.BR_2018,whatsapp,v1,True,False,2018-2022,desconhecido,True
12248,1,-1.570169,1.532584,3.102753,0.900666,FakeWhatsApp.BR_2018,whatsapp,v1,True,False,2018-2022,desconhecido,True
12247,1,-0.711103,0.994443,1.705546,0.773256,FakeWhatsApp.BR_2018,whatsapp,v1,True,False,2018-2022,desconhecido,True
12246,0,2.334658,-2.559276,-4.893934,0.032547,FakeWhatsApp.BR_2018,whatsapp,v1,True,False,2018-2022,desconhecido,True
12245,0,2.107189,-2.236763,-4.343951,0.047108,FakeWhatsApp.BR_2018,whatsapp,v1,True,False,2018-2022,desconhecido,True
12244,1,-1.270518,1.205021,2.475539,0.853920,FakeWhatsApp.BR_2018,whatsapp,v1,True,False,2018-2022,desconhecido,False
12243,0,-0.719263,0.823572,1.542835,0.752671,FakeWhatsApp.BR_2018,whatsapp,v1,True,False,2018-2022,desconhecido,True
12242,1,-0.930850,1.017291,1.948141,0.801639,FakeWhatsApp.BR_2018,whatsapp,v1,True,False,2018-2022,desconhecido,True
12241,1,-2.153392,2.543367,4.696759,0.965117,FakeWhatsApp.BR_2018,whatsapp,v1,True,False,2018-2022,desconhecido,False
12240,1,-1.573370,1.854526,3.427897,0.919251,FakeWhatsApp.BR_2018,whatsapp,v1,True,False,2018-2022,desconhecido,True
12239,0,0.286949,-0.352852,-0.639801,0.397798,FakeWhatsApp.BR_2018,whatsapp,v1,True,False,2018-2022,desconhecido,False
12238,1,0.324503,-0.316610,-0.641113,0.397578,FakeWhatsApp.BR_2018,whatsapp,v1,True,False,2018-2022,desconhecido,True
12237,1,-1.929094,1.948968,3.878063,0.939759,FakeWhatsApp.BR_2018,whatsapp,v1,True,False,2018-2022,desconhecido,False
12236,0,1.081494,-1.327038,-2.408532,0.160767,FakeWhatsApp.BR_2018,whatsapp,v1,True,False,2018-2022,desconhecido,True
12235,0,1.220268,-1.458652,-2.678920,0.136843,FakeWhatsApp.BR_2018,whatsapp,v1,True,False,2018-2022,desconhecido,True
12234,0,2.588197,-2.778237,-5.366434,0.023599,FakeWhatsApp.BR_2018,whatsapp,v1,True,False,2018-2022,desconhecido,False
12265,1,-1.300125,1.526135,2.826260,0.881962,FakeWhatsApp.BR_2018,whatsapp,v1,True,False,2018-2022,desconhecido,False
12264,1,-0.691871,0.814456,1.506327,0.747884,FakeWhatsApp.BR_2018,whatsapp,v1,True,False,2018-2022,desconhecido,False
12263,1,-2.546292,2.853209,5.399501,0.978376,FakeWhatsApp.BR_2018,whatsapp,v1,True,False,2018-2022,desconhecido,False
12262,1,-1.275216,1.372733,2.647950,0.868338,FakeWhatsApp.BR_2018,whatsapp,v1,True,False,2018-2022,desconhecido,True
12261,0,-1.119603,1.355137,2.474740,0.853850,FakeWhatsApp.BR_2018,whatsapp,v1,True,False,2018-2022,desconhecido,True
12260,1,-1.156743,1.397812,2.554556,0.860684,FakeWhatsApp.BR_2018,whatsapp,v1,True,False,2018-2022,desconhecido,True
12259,1,0.039104,-0.019240,-0.058344,0.498074,FakeWhatsApp.BR_2018,whatsapp,v1,True,False,2018-2022,desconhecido,False
12258,0,1.547804,-1.762870,-3.310674,0.092464,FakeWhatsApp.BR_2018,whatsapp,v1,True,False,2018-2022,desconhecido,False
12257,1,-1.561764,1.517619,3.079383,0.899193,FakeWhatsApp.BR_2018,whatsapp,v1,True,False,2018-2022,desconhecido,False
12256,1,-2.546292,2.853209,5.399501,0.978376,FakeWhatsApp.BR_2018,whatsapp,v1,True,False,2018-2022,desconhecido,True
12255,0,0.049546,0.074361,0.024815,0.512621,FakeWhatsApp.BR_2018,whatsapp,v1,True,False,2018-2022,desconhecido,True
12254,1,-0.759958,0.981727,1.741685,0.777660,FakeWhatsApp.BR_2018,whatsapp,v1,True,False,2018-2022,desconhecido,True
12253,1,-1.643739,1.646795,3.290534,0.911821,FakeWhatsApp.BR_2018,whatsapp,v1,True,False,2018-2022,desconhecido,False
12252,1,-2.018332,2.305765,4.324097,0.955188,FakeWhatsApp.BR_2018,whatsapp,v1,True,False,2018-2022,desconhecido,True
12250,0,2.375461,-2.612538,-4.987999,0.030537,FakeWhatsApp.BR_2018,whatsapp,v1,True,False,2018-2022,desconhecido,False
12281,1,-2.524667,2.857174,5.381840,0.978113,FakeWhatsApp.BR_2018,whatsapp,v1,True,False,2018-2022,desconhecido,False
12280,1,-1.353817,1.594039,2.947855,0.890537,FakeWhatsApp.BR_2018,whatsapp,v1,True,False,2018-2022,desconhecido,False
12279,1,-2.128100,2.375269,4.503369,0.960262,FakeWhatsApp.BR_2018,whatsapp,v1,True,False,2018-2022,desconhecido,True
12278,0,0.260470,-0.315630,-0.576100,0.408525,FakeWhatsApp.BR_2018,whatsapp,v1,True,False,2018-2022,desconhecido,False
12277,1,-0.410434,0.351178,0.761612,0.637876,FakeWhatsApp.BR_2018,whatsapp,v1,True,False,2018-2022,desconhecido,True
12276,1,-2.082150,2.321886,4.404036,0.957523,FakeWhatsApp.BR_2018,whatsapp,v1,True,False,2018-2022,desconhecido,True
12275,1,-1.472639,1.734549,3.207188,0.907017,FakeWhatsApp.BR_2018,whatsapp,v1,True,False,2018-2022,desconhecido,False
12274,0,-0.679299,0.505690,1.184989,0.703176,FakeWhatsApp.BR_2018,whatsapp,v1,True,False,2018-2022,desconhecido,True
12273,1,-1.914910,1.951881,3.866791,0.939311,FakeWhatsApp.BR_2018,whatsapp,v1,True,False,2018-2022,desconhecido,True
12272,0,-2.247641,2.401469,4.649110,0.963977,FakeWhatsApp.BR_2018,whatsapp,v1,True,False,2018-2022,desconhecido,False
12271,0,-1.007125,0.992820,1.999945,0.807342,FakeWhatsApp.BR_2018,whatsapp,v1,True,False,2018-2022,desconhecido,True
12270,1,-0.816185,1.047293,1.863479,0.792049,FakeWhatsApp.BR_2018,whatsapp,v1,True,False,2018-2022,desconhecido,True
12269,1,-0.392295,0.364804,0.757099,0.637146,FakeWhatsApp.BR_2018,whatsapp,v1,True,False,2018-2022,desconhecido,True
12268,1,-1.410218,1.484364,2.894582,0.886850,FakeWhatsApp.BR_2018,whatsapp,v1,True,False,2018-2022,desconhecido,True
12267,1,-0.910861,0.888402,1.799263,0.784549,FakeWhatsApp.BR_2018,whatsapp,v1,True,False,2018-2022,desconhecido,True
12266,0,0.258896,-0.434519,-0.693415,0.388845,FakeWhatsApp.BR_2018,whatsapp,v1,True,False,2018-2022,desconhecido,True
12297,1,-2.476959,2.676394,5.153354,0.974414,FakeWhatsApp.BR_2018,whatsapp,v1,True,False,2018-2022,desconhecido,True
12296,1,-1.032247,1.123840,2.156088,0.823771,FakeWhatsApp.BR_2018,whatsapp,v1,True,False,2018-2022,desconhecido,False
12295,1,-0.490675,0.616220,1.106895,0.691643,FakeWhatsApp.BR_2018,whatsapp,v1,True,False,2018-2022,desconhecido,True
12294,0,1.352552,-1.528044,-2.880597,0.121009,FakeWhatsApp.BR_2018,whatsapp,v1,True,False,2018-2022,desconhecido,True
12293,1,-1.893383,2.230946,4.124329,0.948808,FakeWhatsApp.BR_2018,whatsapp,v1,True,False,2018-2022,desconhecido,True
12292,0,0.378843,-0.482317,-0.861160,0.361336,FakeWhatsApp.BR_2018,whatsapp,v1,True,False,2018-2022,desconhecido,True
12291,1,-1.977400,2.166605,4.144005,0.949473,FakeWhatsApp.BR_2018,whatsapp,v1,True,False,2018-2022,desconhecido,True
12290,0,1.470158,-1.557971,-3.028129,0.110449,FakeWhatsApp.BR_2018,whatsapp,v1,True,False,2018-2022,desconhecido,True
12289,0,0.192159,-0.225960,-0.418120,0.435486,FakeWhatsApp.BR_2018,whatsapp,v1,True,False,2018-2022,desconhecido,True
12288,0,2.091233,-2.361434,-4.452667,0.043807,FakeWhatsApp.BR_2018,whatsapp,v1,True,False,2018-2022,desconhecido,True
12287,1,-2.210733,2.443362,4.654096,0.964098,FakeWhatsApp.BR_2018,whatsapp,v1,True,False,2018-2022,desconhecido,True
12286,0,1.597696,-1.764300,-3.361996,0.089494,FakeWhatsApp.BR_2018,whatsapp,v1,True,False,2018-2022,desconhecido,True
12285,0,1.191586,-1.340803,-2.532389,0.149413,FakeWhatsApp.BR_2018,whatsapp,v1,True,False,2018-2022,desconhecido,True
12284,1,0.094887,-0.288290,-0.383177,0.441508,FakeWhatsApp.BR_2018,whatsapp,v1,True,False,2018-2022,desconhecido,True
12283,1,-0.995724,1.186077,2.181801,0.826368,FakeWhatsApp.BR_2018,whatsapp,v1,True,False,2018-2022,desconhecido,True
12282,1,-1.338464,1.526013,2.864477,0.884718,FakeWhatsApp.BR_2018,whatsapp,v1,True,False,2018-2022,desconhecido,True
12313,0,2.191931,-2.643568,-4.835498,0.033860,FakeWhatsApp.BR_2018,whatsapp,v1,True,False,2018-2022,desconhecido,True
12312,1,-2.465827,2.877898,5.343725,0.977534,FakeWhatsApp.BR_2018,whatsapp,v1,True,False,2018-2022,desconhecido,True
12311,1,-0.979632,1.173114,2.152745,0.823431,FakeWhatsApp.BR_2018,whatsapp,v1,True,False,2018-2022,desconhecido,True
12310,1,-1.624501,1.781914,3.406415,0.918127,FakeWhatsApp.BR_2018,whatsapp,v1,True,False,2018-2022,desconhecido,False
12309,0,-1.383803,1.523980,2.907783,0.887773,FakeWhatsApp.BR_2018,whatsapp,v1,True,False,2018-2022,desconhecido,False
12308,0,2.252252,-2.517344,-4.769597,0.035401,FakeWhatsApp.BR_2018,whatsapp,v1,True,False,2018-2022,desconhecido,True
12307,1,-0.672679,0.895647,1.568325,0.755977,FakeWhatsApp.BR_2018,whatsapp,v1,True,False,2018-2022,desconhecido,False
12306,0,1.904651,-2.033258,-3.937909,0.061636,FakeWhatsApp.BR_2018,whatsapp,v1,True,False,2018-2022,desconhecido,True
12305,0,1.959473,-1.955890,-3.915363,0.062555,FakeWhatsApp.BR_2018,whatsapp,v1,True,False,2018-2022,desconhecido,True
12304,0,0.690603,-0.787955,-1.478558,0.268614,FakeWhatsApp.BR_2018,whatsapp,v1,True,False,2018-2022,desconhecido,False
12303,0,0.245332,-0.396739,-0.642071,0.397417,FakeWhatsApp.BR_2018,whatsapp,v1,True,False,2018-2022,desconhecido,True
12302,1,-2.596017,2.833574,5.429590,0.978817,FakeWhatsApp.BR_2018,whatsapp,v1,True,False,2018-2022,desconhecido,True
12301,1,-0.670531,0.793507,1.464038,0.742263,FakeWhatsApp.BR_2018,whatsapp,v1,True,False,2018-2022,desconhecido,True
12300,1,-2.587108,2.828485,5.415593,0.978613,FakeWhatsApp.BR_2018,whatsapp,v1,True,False,2018-2022,desconhecido,True
12299,0,0.625033,-0.714529,-1.339562,0.288149,FakeWhatsApp.BR_2018,whatsapp,v1,True,False,2018-2022,desconhecido,False
12298,0,1.967648,-1.943169,-3.910817,0.062742,FakeWhatsApp.BR_2018,whatsapp,v1,True,False,2018-2022,desconhecido,True
12329,1,-2.000542,2.227690,4.228232,0.952227,FakeWhatsApp.BR_2018,whatsapp,v1,True,False,2018-2022,desconhecido,True
12328,1,-0.894926,0.941652,1.836579,0.788931,FakeWhatsApp.BR_2018,whatsapp,v1,True,False,2018-2022,desconhecido,False
12327,1,-0.002538,0.110830,0.113368,0.528088,FakeWhatsApp.BR_2018,whatsapp,v1,True,False,2018-2022,desconhecido,False
12326,1,-1.397203,1.431692,2.828895,0.882154,FakeWhatsApp.BR_2018,whatsapp,v1,True,False,2018-2022,desconhecido,True
12325,1,-0.138860,0.086172,0.225032,0.547512,FakeWhatsApp.BR_2018,whatsapp,v1,True,False,2018-2022,desconhecido,True
12324,0,-0.962986,0.986666,1.949652,0.801807,FakeWhatsApp.BR_2018,whatsapp,v1,True,False,2018-2022,desconhecido,True
12323,1,-1.220866,1.280623,2.501490,0.856171,FakeWhatsApp.BR_2018,whatsapp,v1,True,False,2018-2022,desconhecido,True
12322,0,1.592930,-1.835914,-3.428844,0.085754,FakeWhatsApp.BR_2018,whatsapp,v1,True,False,2018-2022,desconhecido,True
12321,1,-0.638605,0.588143,1.226748,0.709239,FakeWhatsApp.BR_2018,whatsapp,v1,True,False,2018-2022,desconhecido,False
12320,0,1.274464,-1.557311,-2.831774,0.124690,FakeWhatsApp.BR_2018,whatsapp,v1,True,False,2018-2022,desconhecido,True
12319,0,1.208796,-1.574316,-2.783112,0.128455,FakeWhatsApp.BR_2018,whatsapp,v1,True,False,2018-2022,desconhecido,True
12318,1,-2.204177,2.443726,4.647903,0.963947,FakeWhatsApp.BR_2018,whatsapp,v1,True,False,2018-2022,desconhecido,True
12317,0,0.139631,-0.099086,-0.238717,0.466564,FakeWhatsApp.BR_2018,whatsapp,v1,True,False,2018-2022,desconhecido,True
12316,1,1.102126,-1.373411,-2.475537,0.154541,FakeWhatsApp.BR_2018,whatsapp,v1,True,False,2018-2022,desconhecido,False
12315,0,-0.298562,0.322703,0.621264,0.614894,FakeWhatsApp.BR_2018,whatsapp,v1,True,False,2018-2022,desconhecido,False
12314,0,0.188089,-0.296239,-0.484328,0.424131,FakeWhatsApp.BR_2018,whatsapp,v1,True,False,2018-2022,desconhecido,True
12345,0,-1.091097,1.214398,2.305495,0.838441,FakeWhatsApp.BR_2018,whatsapp,v1,True,False,2018-2022,desconhecido,True
12344,0,2.446172,-2.555077,-5.001249,0.030263,FakeWhatsApp.BR_2018,whatsapp,v1,True,False,2018-2022,desconhecido,True
12343,1,-1.279099,1.472822,2.751921,0.876437,FakeWhatsApp.BR_2018,whatsapp,v1,True,False,2018-2022,desconhecido,True
12342,0,1.350823,-1.529718,-2.880541,0.121013,FakeWhatsApp.BR_2018,whatsapp,v1,True,False,2018-2022,desconhecido,False
12341,1,-1.553575,1.808960,3.362535,0.915789,FakeWhatsApp.BR_2018,whatsapp,v1,True,False,2018-2022,desconhecido,False
12340,1,-2.019437,2.260255,4.279692,0.953839,FakeWhatsApp.BR_2018,whatsapp,v1,True,False,2018-2022,desconhecido,True
12339,0,1.270554,-1.369186,-2.639740,0.140114,FakeWhatsApp.BR_2018,whatsapp,v1,True,False,2018-2022,desconhecido,True
12338,0,-1.034518,1.194646,2.229164,0.831073,FakeWhatsApp.BR_2018,whatsapp,v1,True,False,2018-2022,desconhecido,False
12337,0,0.053666,-0.198418,-0.252084,0.464237,FakeWhatsApp.BR_2018,whatsapp,v1,True,False,2018-2022,desconhecido,True
12336,0,0.720779,-0.708022,-1.428801,0.275510,FakeWhatsApp.BR_2018,whatsapp,v1,True,False,2018-2022,desconhecido,True
12335,0,1.353554,-1.508316,-2.861870,0.122410,FakeWhatsApp.BR_2018,whatsapp,v1,True,False,2018-2022,desconhecido,True
12334,0,1.785702,-1.853006,-3.638708,0.074918,FakeWhatsApp.BR_2018,whatsapp,v1,True,False,2018-2022,desconhecido,False
12333,1,-1.534283,1.791708,3.325991,0.913796,FakeWhatsApp.BR_2018,whatsapp,v1,True,False,2018-2022,desconhecido,False
12332,1,-0.793596,0.930731,1.724327,0.775552,FakeWhatsApp.BR_2018,whatsapp,v1,True,False,2018-2022,desconhecido,False
12331,1,-0.686694,0.632894,1.319588,0.722454,FakeWhatsApp.BR_2018,whatsapp,v1,True,False,2018-2022,desconhecido,True
12330,1,-1.547855,1.501900,3.049755,0.897298,FakeWhatsApp.BR_2018,whatsapp,v1,True,False,2018-2022,desconhecido,True
12362,0,0.102502,-0.145626,-0.248128,0.464926,FakeWhatsApp.BR_2018,whatsapp,v1,True,False,2018-2022,desconhecido,False
12361,0,0.273135,-0.451499,-0.724634,0.383665,FakeWhatsApp.BR_2018,whatsapp,v1,True,False,2018-2022,desconhecido,False
12360,1,-1.947831,2.031880,3.979711,0.943662,FakeWhatsApp.BR_2018,whatsapp,v1,True,False,2018-2022,desconhecido,True
12359,1,-0.387534,0.520719,0.908254,0.661231,FakeWhatsApp.BR_2018,whatsapp,v1,True,False,2018-2022,desconhecido,False
12358,1,-1.725120,1.770970,3.496090,0.922723,FakeWhatsApp.BR_2018,whatsapp,v1,True,False,2018-2022,desconhecido,True
12357,1,-0.029711,0.053503,0.083214,0.522826,FakeWhatsApp.BR_2018,whatsapp,v1,True,False,2018-2022,desconhecido,False
12356,0,0.861235,-1.204028,-2.065263,0.195874,FakeWhatsApp.BR_2018,whatsapp,v1,True,False,2018-2022,desconhecido,False
12355,0,-0.060819,-0.151351,-0.090532,0.492443,FakeWhatsApp.BR_2018,whatsapp,v1,True,False,2018-2022,desconhecido,False
12354,1,-1.975611,2.288597,4.264209,0.953359,FakeWhatsApp.BR_2018,whatsapp,v1,True,False,2018-2022,desconhecido,True
12353,0,-0.180599,0.142715,0.323314,0.564490,FakeWhatsApp.BR_2018,whatsapp,v1,True,False,2018-2022,desconhecido,True
12352,1,-2.357130,2.635731,4.992862,0.971460,FakeWhatsApp.BR_2018,whatsapp,v1,True,False,2018-2022,desconhecido,False
12351,0,1.133417,-1.308539,-2.441956,0.157636,FakeWhatsApp.BR_2018,whatsapp,v1,True,False,2018-2022,desconhecido,True
12350,1,-0.440099,0.384200,0.824299,0.647948,FakeWhatsApp.BR_2018,whatsapp,v1,True,False,2018-2022,desconhecido,False
12348,0,2.247522,-2.678426,-4.925948,0.031849,FakeWhatsApp.BR_2018,whatsapp,v1,True,False,2018-2022,desconhecido,True
12347,1,-0.865156,0.903190,1.768346,0.780869,FakeWhatsApp.BR_2018,whatsapp,v1,True,False,2018-2022,desconhecido,False
12346,0,-0.936020,1.036650,1.972671,0.804355,FakeWhatsApp.BR_2018,whatsapp,v1,True,False,2018-2022,desconhecido,False
12378,0,-0.158035,0.019809,0.177844,0.539318,FakeWhatsApp.BR_2018,whatsapp,v1,True,False,2018-2022,desconhecido,True
12377,0,0.002027,0.022719,0.020692,0.511900,FakeWhatsApp.BR_2018,whatsapp,v1,True,False,2018-2022,desconhecido,True
12376,0,1.921660,-1.981048,-3.902709,0.063076,FakeWhatsApp.BR_2018,whatsapp,v1,True,False,2018-2022,desconhecido,True
12375,0,1.034812,-1.209355,-2.244167,0.176900,FakeWhatsApp.BR_2018,whatsapp,v1,True,False,2018-2022,desconhecido,True
12374,0,0.915648,-1.034160,-1.949807,0.208914,FakeWhatsApp.BR_2018,whatsapp,v1,True,False,2018-2022,desconhecido,True
12373,1,-1.570953,1.819794,3.390747,0.917299,FakeWhatsApp.BR_2018,whatsapp,v1,True,False,2018-2022,desconhecido,True
12372,1,-0.745987,0.768314,1.514301,0.748935,FakeWhatsApp.BR_2018,whatsapp,v1,True,False,2018-2022,desconhecido,True
12371,1,-2.144607,2.293298,4.437905,0.958476,FakeWhatsApp.BR_2018,whatsapp,v1,True,False,2018-2022,desconhecido,True
12370,1,-0.714863,0.833822,1.548685,0.753433,FakeWhatsApp.BR_2018,whatsapp,v1,True,False,2018-2022,desconhecido,False
12369,1,0.382148,-0.421370,-0.803519,0.370697,FakeWhatsApp.BR_2018,whatsapp,v1,True,False,2018-2022,desconhecido,True
12368,0,0.894231,-0.992075,-1.886306,0.216354,FakeWhatsApp.BR_2018,whatsapp,v1,True,False,2018-2022,desconhecido,True
12367,0,0.042860,-0.027415,-0.070275,0.495986,FakeWhatsApp.BR_2018,whatsapp,v1,True,False,2018-2022,desconhecido,False
12366,0,-0.182865,0.100780,0.283645,0.557653,FakeWhatsApp.BR_2018,whatsapp,v1,True,False,2018-2022,desconhecido,True
12365,0,0.050140,-0.099962,-0.150102,0.482027,FakeWhatsApp.BR_2018,whatsapp,v1,True,False,2018-2022,desconhecido,True
12364,0,0.904829,-1.091402,-1.996231,0.203596,FakeWhatsApp.BR_2018,whatsapp,v1,True,False,2018-2022,desconhecido,True
12363,0,-0.270237,0.237498,0.507735,0.595916,FakeWhatsApp.BR_2018,whatsapp,v1,True,False,2018-2022,desconhecido,True
12394,0,0.266432,-0.273711,-0.540143,0.414619,FakeWhatsApp.BR_2018,whatsapp,v1,True,False,2018-2022,desconhecido,False
12393,1,-1.164277,1.409080,2.573357,0.862254,FakeWhatsApp.BR_2018,whatsapp,v1,True,False,2018-2022,desconhecido,False
12392,0,1.719296,-1.861335,-3.580631,0.077784,FakeWhatsApp.BR_2018,whatsapp,v1,True,False,2018-2022,desconhecido,True
12391,0,1.612167,-1.695813,-3.307980,0.092623,FakeWhatsApp.BR_2018,whatsapp,v1,True,False,2018-2022,desconhecido,False
12390,0,-0.428056,0.541198,0.969254,0.670728,FakeWhatsApp.BR_2018,whatsapp,v1,True,False,2018-2022,desconhecido,True
12389,1,-1.713374,2.077914,3.791289,0.936227,FakeWhatsApp.BR_2018,whatsapp,v1,True,False,2018-2022,desconhecido,True
12388,0,-1.696653,1.815485,3.512138,0.923520,FakeWhatsApp.BR_2018,whatsapp,v1,True,False,2018-2022,desconhecido,True
12387,0,2.179043,-2.259966,-4.439009,0.044210,FakeWhatsApp.BR_2018,whatsapp,v1,True,False,2018-2022,desconhecido,True
12386,1,-2.506194,2.856517,5.362711,0.977824,FakeWhatsApp.BR_2018,whatsapp,v1,True,False,2018-2022,desconhecido,True
12385,1,-0.833189,0.908709,1.741898,0.777685,FakeWhatsApp.BR_2018,whatsapp,v1,True,False,2018-2022,desconhecido,True
12384,0,-0.996428,1.204754,2.201182,0.828306,FakeWhatsApp.BR_2018,whatsapp,v1,True,False,2018-2022,desconhecido,True
12383,0,1.781144,-1.884578,-3.665722,0.073618,FakeWhatsApp.BR_2018,whatsapp,v1,True,False,2018-2022,desconhecido,True
12382,0,0.587994,-0.658117,-1.246111,0.301748,FakeWhatsApp.BR_2018,whatsapp,v1,True,False,2018-2022,desconhecido,False
12381,1,-1.682336,1.753311,3.435647,0.919652,FakeWhatsApp.BR_2018,whatsapp,v1,True,False,2018-2022,desconhecido,True
12380,0,0.167856,-0.186290,-0.354146,0.446523,FakeWhatsApp.BR_2018,whatsapp,v1,True,False,2018-2022,desconhecido,True
12379,1,-1.702269,1.824639,3.526908,0.924247,FakeWhatsApp.BR_2018,whatsapp,v1,True,False,2018-2022,desconhecido,False
12410,1,1.198963,-1.405183,-2.604146,0.143142,FakeWhatsApp.BR_2018,whatsapp,v1,True,False,2018-2022,desconhecido,False
12409,0,1.031853,-1.206388,-2.238241,0.177504,FakeWhatsApp.BR_2018,whatsapp,v1,True,False,2018-2022,desconhecido,True
12408,0,0.724719,-0.867899,-1.592618,0.253223,FakeWhatsApp.BR_2018,whatsapp,v1,True,False,2018-2022,desconhecido,True
12407,0,1.107044,-1.343353,-2.450397,0.156853,FakeWhatsApp.BR_2018,whatsapp,v1,True,False,2018-2022,desconhecido,True
12406,1,-2.795032,3.032180,5.827211,0.983880,FakeWhatsApp.BR_2018,whatsapp,v1,True,False,2018-2022,desconhecido,True
12405,1,-1.986113,2.235262,4.221375,0.952008,FakeWhatsApp.BR_2018,whatsapp,v1,True,False,2018-2022,desconhecido,True
12404,0,0.217244,-0.460998,-0.678241,0.391371,FakeWhatsApp.BR_2018,whatsapp,v1,True,False,2018-2022,desconhecido,True
12403,1,-0.093236,0.115783,0.209019,0.544734,FakeWhatsApp.BR_2018,whatsapp,v1,True,False,2018-2022,desconhecido,True
12402,0,-1.382195,1.542692,2.924887,0.888960,FakeWhatsApp.BR_2018,whatsapp,v1,True,False,2018-2022,desconhecido,True
12401,0,-1.562790,1.943403,3.506193,0.923226,FakeWhatsApp.BR_2018,whatsapp,v1,True,False,2018-2022,desconhecido,True
12400,1,-0.896545,0.934569,1.831114,0.788293,FakeWhatsApp.BR_2018,whatsapp,v1,True,False,2018-2022,desconhecido,False
12399,0,2.100517,-2.168118,-4.268636,0.049531,FakeWhatsApp.BR_2018,whatsapp,v1,True,False,2018-2022,desconhecido,True
12398,1,-0.399121,0.299847,0.698967,0.627689,FakeWhatsApp.BR_2018,whatsapp,v1,True,False,2018-2022,desconhecido,False
12397,0,-1.950593,2.066403,4.016996,0.945034,FakeWhatsApp.BR_2018,whatsapp,v1,True,False,2018-2022,desconhecido,False
12396,0,1.822778,-1.937514,-3.760292,0.069230,FakeWhatsApp.BR_2018,whatsapp,v1,True,False,2018-2022,desconhecido,True
12395,0,1.698078,-1.955923,-3.654001,0.074179,FakeWhatsApp.BR_2018,whatsapp,v1,True,False,2018-2022,desconhecido,True
12426,0,1.363850,-1.560667,-2.924517,0.117777,FakeWhatsApp.BR_2018,whatsapp,v1,True,False,2018-2022,desconhecido,True
12425,1,-0.635299,0.874650,1.509949,0.748362,FakeWhatsApp.BR_2018,whatsapp,v1,True,False,2018-2022,desconhecido,True
12424,1,-0.971407,1.205374,2.176781,0.825863,FakeWhatsApp.BR_2018,whatsapp,v1,True,False,2018-2022,desconhecido,True
12423,1,-2.304122,2.645895,4.950017,0.970616,FakeWhatsApp.BR_2018,whatsapp,v1,True,False,2018-2022,desconhecido,False
12422,0,-0.724878,0.509000,1.233878,0.710267,FakeWhatsApp.BR_2018,whatsapp,v1,True,False,2018-2022,desconhecido,True
12421,1,-1.804917,2.063345,3.868262,0.939369,FakeWhatsApp.BR_2018,whatsapp,v1,True,False,2018-2022,desconhecido,True
12420,1,-2.120670,2.429731,4.550401,0.961499,FakeWhatsApp.BR_2018,whatsapp,v1,True,False,2018-2022,desconhecido,True
12419,1,-0.447524,0.775569,1.223093,0.708711,FakeWhatsApp.BR_2018,whatsapp,v1,True,False,2018-2022,desconhecido,True
12418,0,0.813307,-0.945012,-1.758319,0.231926,FakeWhatsApp.BR_2018,whatsapp,v1,True,False,2018-2022,desconhecido,True
12417,1,-2.483801,2.850617,5.334418,0.977391,FakeWhatsApp.BR_2018,whatsapp,v1,True,False,2018-2022,desconhecido,False
12416,0,-0.103519,0.045867,0.149386,0.534365,FakeWhatsApp.BR_2018,whatsapp,v1,True,False,2018-2022,desconhecido,False
12415,0,-0.705171,0.797365,1.502536,0.747384,FakeWhatsApp.BR_2018,whatsapp,v1,True,False,2018-2022,desconhecido,False
12414,1,-0.191088,-0.119432,0.071656,0.520807,FakeWhatsApp.BR_2018,whatsapp,v1,True,False,2018-2022,desconhecido,True
12413,1,-1.931439,2.067896,3.999335,0.944388,FakeWhatsApp.BR_2018,whatsapp,v1,True,False,2018-2022,desconhecido,False
12412,0,1.586141,-1.684310,-3.270451,0.094854,FakeWhatsApp.BR_2018,whatsapp,v1,True,False,2018-2022,desconhecido,False
12442,1,-1.065223,1.185989,2.251212,0.833228,FakeWhatsApp.BR_2018,whatsapp,v1,True,False,2018-2022,desconhecido,True
12441,1,-2.948269,3.336077,6.284347,0.988241,FakeWhatsApp.BR_2018,whatsapp,v1,True,False,2018-2022,desconhecido,False
12440,1,-2.409719,2.656483,5.066201,0.972849,FakeWhatsApp.BR_2018,whatsapp,v1,True,False,2018-2022,desconhecido,True
12439,1,-2.063088,2.264190,4.327278,0.955283,FakeWhatsApp.BR_2018,whatsapp,v1,True,False,2018-2022,desconhecido,True
12438,1,-2.338801,2.314732,4.653533,0.964084,FakeWhatsApp.BR_2018,whatsapp,v1,True,False,2018-2022,desconhecido,True
12437,0,-1.348718,1.430255,2.778974,0.878473,FakeWhatsApp.BR_2018,whatsapp,v1,True,False,2018-2022,desconhecido,False
12436,1,-2.488941,2.826646,5.315587,0.977098,FakeWhatsApp.BR_2018,whatsapp,v1,True,False,2018-2022,desconhecido,True
12435,1,-1.418377,1.578572,2.996950,0.893842,FakeWhatsApp.BR_2018,whatsapp,v1,True,False,2018-2022,desconhecido,False
12434,1,-2.382513,2.704120,5.086633,0.973224,FakeWhatsApp.BR_2018,whatsapp,v1,True,False,2018-2022,desconhecido,True
12433,0,-0.384565,0.475184,0.859750,0.653586,FakeWhatsApp.BR_2018,whatsapp,v1,True,False,2018-2022,desconhecido,True
12432,0,0.238318,-0.493717,-0.732035,0.382441,FakeWhatsApp.BR_2018,whatsapp,v1,True,False,2018-2022,desconhecido,True
12431,1,-1.006083,1.144206,2.150289,0.823181,FakeWhatsApp.BR_2018,whatsapp,v1,True,False,2018-2022,desconhecido,True
12430,0,1.025460,-0.962013,-1.987472,0.204591,FakeWhatsApp.BR_2018,whatsapp,v1,True,False,2018-2022,desconhecido,True
12429,1,-0.473742,0.653123,1.126866,0.694615,FakeWhatsApp.BR_2018,whatsapp,v1,True,False,2018-2022,desconhecido,False
12428,0,0.689043,-0.981264,-1.670307,0.243080,FakeWhatsApp.BR_2018,whatsapp,v1,True,False,2018-2022,desconhecido,True
12427,1,-2.359451,2.571023,4.930474,0.970224,FakeWhatsApp.BR_2018,whatsapp,v1,True,False,2018-2022,desconhecido,True
12458,0,1.945711,-1.911685,-3.857396,0.064977,FakeWhatsApp.BR_2018,whatsapp,v1,True,False,2018-2022,desconhecido,False
12457,0,-0.033662,-0.023145,0.010518,0.510121,FakeWhatsApp.BR_2018,whatsapp,v1,True,False,2018-2022,desconhecido,False
12456,1,-0.296296,0.326021,0.622317,0.615069,FakeWhatsApp.BR_2018,whatsapp,v1,True,False,2018-2022,desconhecido,True
12455,1,-2.326722,2.410300,4.737022,0.966053,FakeWhatsApp.BR_2018,whatsapp,v1,True,False,2018-2022,desconhecido,False
12454,0,0.248482,-0.264056,-0.512538,0.419316,FakeWhatsApp.BR_2018,whatsapp,v1,True,False,2018-2022,desconhecido,True
12453,1,-2.418720,2.617515,5.036235,0.972289,FakeWhatsApp.BR_2018,whatsapp,v1,True,False,2018-2022,desconhecido,True
12452,0,1.318120,-1.355940,-2.674060,0.137245,FakeWhatsApp.BR_2018,whatsapp,v1,True,False,2018-2022,desconhecido,True
12451,0,-2.497455,2.781898,5.279353,0.976523,FakeWhatsApp.BR_2018,whatsapp,v1,True,False,2018-2022,desconhecido,False
12450,1,-2.440717,2.788543,5.229260,0.975706,FakeWhatsApp.BR_2018,whatsapp,v1,True,False,2018-2022,desconhecido,True
12449,0,1.175062,-1.218616,-2.393678,0.162175,FakeWhatsApp.BR_2018,whatsapp,v1,True,False,2018-2022,desconhecido,True
12448,1,-2.482743,2.894680,5.377423,0.978046,FakeWhatsApp.BR_2018,whatsapp,v1,True,False,2018-2022,desconhecido,True
12447,1,-0.204038,-0.144024,0.060014,0.518774,FakeWhatsApp.BR_2018,whatsapp,v1,True,False,2018-2022,desconhecido,True
12446,1,-2.074682,2.255962,4.330644,0.955384,FakeWhatsApp.BR_2018,whatsapp,v1,True,False,2018-2022,desconhecido,True
12445,1,-2.804584,3.078063,5.882646,0.984483,FakeWhatsApp.BR_2018,whatsapp,v1,True,False,2018-2022,desconhecido,True
12444,0,1.112711,-1.351195,-2.463906,0.155607,FakeWhatsApp.BR_2018,whatsapp,v1,True,False,2018-2022,desconhecido,False
12443,1,-1.233881,1.374774,2.608655,0.865162,FakeWhatsApp.BR_2018,whatsapp,v1,True,False,2018-2022,desconhecido,True
12474,1,0.657476,-0.855696,-1.513172,0.263881,FakeWhatsApp.BR_2018,whatsapp,v1,True,False,2018-2022,desconhecido,True
12473,1,-0.993099,1.137549,2.130648,0.821171,FakeWhatsApp.BR_2018,whatsapp,v1,True,False,2018-2022,desconhecido,False
12472,0,0.886182,-1.094991,-1.981173,0.205310,FakeWhatsApp.BR_2018,whatsapp,v1,True,False,2018-2022,desconhecido,True
12471,1,-1.384905,1.655422,3.040326,0.896688,FakeWhatsApp.BR_2018,whatsapp,v1,True,False,2018-2022,desconhecido,True
12470,0,1.913107,-1.893222,-3.806328,0.067182,FakeWhatsApp.BR_2018,whatsapp,v1,True,False,2018-2022,desconhecido,True
12469,1,-2.550848,2.693475,5.244323,0.975954,FakeWhatsApp.BR_2018,whatsapp,v1,True,False,2018-2022,desconhecido,True
12468,1,-2.398470,2.633059,5.031529,0.972200,FakeWhatsApp.BR_2018,whatsapp,v1,True,False,2018-2022,desconhecido,False
12467,1,-1.963768,2.019985,3.983754,0.943813,FakeWhatsApp.BR_2018,whatsapp,v1,True,False,2018-2022,desconhecido,True
12466,1,0.771877,-0.851390,-1.623266,0.249188,FakeWhatsApp.BR_2018,whatsapp,v1,True,False,2018-2022,desconhecido,False
12465,1,-1.910463,2.093476,4.003939,0.944557,FakeWhatsApp.BR_2018,whatsapp,v1,True,False,2018-2022,desconhecido,True
12464,0,2.297128,-2.702512,-4.999640,0.030296,FakeWhatsApp.BR_2018,whatsapp,v1,True,False,2018-2022,desconhecido,True
12463,0,0.169896,-0.174049,-0.343945,0.448289,FakeWhatsApp.BR_2018,whatsapp,v1,True,False,2018-2022,desconhecido,False
12462,0,1.857812,-1.966205,-3.824016,0.066410,FakeWhatsApp.BR_2018,whatsapp,v1,True,False,2018-2022,desconhecido,True
12461,1,-1.029097,1.238539,2.267636,0.834819,FakeWhatsApp.BR_2018,whatsapp,v1,True,False,2018-2022,desconhecido,True
12460,0,-0.867596,0.763405,1.631001,0.763978,FakeWhatsApp.BR_2018,whatsapp,v1,True,False,2018-2022,desconhecido,True
12459,0,-0.798582,0.734525,1.533107,0.751402,FakeWhatsApp.BR_2018,whatsapp,v1,True,False,2018-2022,desconhecido,False
12490,1,-0.721763,0.650736,1.372499,0.729818,FakeWhatsApp.BR_2018,whatsapp,v1,True,False,2018-2022,desconhecido,False
12489,1,-1.753886,1.940424,3.694311,0.932053,FakeWhatsApp.BR_2018,whatsapp,v1,True,False,2018-2022,desconhecido,False
12488,0,0.544856,-0.638811,-1.183666,0.311035,FakeWhatsApp.BR_2018,whatsapp,v1,True,False,2018-2022,desconhecido,True
12487,1,-2.174168,2.489622,4.663790,0.964332,FakeWhatsApp.BR_2018,whatsapp,v1,True,False,2018-2022,desconhecido,False
12486,1,-1.400195,1.489666,2.889861,0.886518,FakeWhatsApp.BR_2018,whatsapp,v1,True,False,2018-2022,desconhecido,True
12485,1,-0.111912,0.039801,0.151712,0.534771,FakeWhatsApp.BR_2018,whatsapp,v1,True,False,2018-2022,desconhecido,True
12484,1,-0.986809,1.161937,2.148746,0.823024,FakeWhatsApp.BR_2018,whatsapp,v1,True,False,2018-2022,desconhecido,True
12483,1,-1.816891,2.007432,3.824323,0.937594,FakeWhatsApp.BR_2018,whatsapp,v1,True,False,2018-2022,desconhecido,True
12482,0,-0.760294,0.825883,1.586177,0.758275,FakeWhatsApp.BR_2018,whatsapp,v1,True,False,2018-2022,desconhecido,False
12481,1,-1.373888,1.598279,2.972167,0.892185,FakeWhatsApp.BR_2018,whatsapp,v1,True,False,2018-2022,desconhecido,False
12480,1,-2.577417,2.875242,5.452659,0.979149,FakeWhatsApp.BR_2018,whatsapp,v1,True,False,2018-2022,desconhecido,True
12479,1,-1.376443,1.462048,2.838490,0.882850,FakeWhatsApp.BR_2018,whatsapp,v1,True,False,2018-2022,desconhecido,True
12478,1,-1.848440,2.234210,4.082650,0.947372,FakeWhatsApp.BR_2018,whatsapp,v1,True,False,2018-2022,desconhecido,True
12477,1,-0.777091,0.958120,1.735211,0.776875,FakeWhatsApp.BR_2018,whatsapp,v1,True,False,2018-2022,desconhecido,True
12476,0,0.946039,-1.184146,-2.130185,0.188816,FakeWhatsApp.BR_2018,whatsapp,v1,True,False,2018-2022,desconhecido,False
12475,1,-2.948910,3.186112,6.135022,0.986963,FakeWhatsApp.BR_2018,whatsapp,v1,True,False,2018-2022,desconhecido,True
12506,1,-0.958569,1.176826,2.135395,0.821659,FakeWhatsApp.BR_2018,whatsapp,v1,True,False,2018-2022,desconhecido,True
12505,0,0.590319,-0.762208,-1.352527,0.286292,FakeWhatsApp.BR_2018,whatsapp,v1,True,False,2018-2022,desconhecido,False
12504,1,-0.227001,0.229284,0.456284,0.587216,FakeWhatsApp.BR_2018,whatsapp,v1,True,False,2018-2022,desconhecido,False
12503,1,-1.156202,1.270013,2.426216,0.849561,FakeWhatsApp.BR_2018,whatsapp,v1,True,False,2018-2022,desconhecido,False
12502,0,-0.513533,0.483319,0.996852,0.674980,FakeWhatsApp.BR_2018,whatsapp,v1,True,False,2018-2022,desconhecido,False
12501,1,-1.391672,1.479345,2.871017,0.885184,FakeWhatsApp.BR_2018,whatsapp,v1,True,False,2018-2022,desconhecido,True
12500,0,-0.561643,0.664714,1.226357,0.709183,FakeWhatsApp.BR_2018,whatsapp,v1,True,False,2018-2022,desconhecido,False
12499,1,-0.284992,0.436500,0.721492,0.631365,FakeWhatsApp.BR_2018,whatsapp,v1,True,False,2018-2022,desconhecido,True
12498,0,-1.863601,1.949424,3.813025,0.937130,FakeWhatsApp.BR_2018,whatsapp,v1,True,False,2018-2022,desconhecido,False
12497,1,-2.012055,2.084943,4.096998,0.947871,FakeWhatsApp.BR_2018,whatsapp,v1,True,False,2018-2022,desconhecido,True
12496,1,-2.406912,2.688818,5.095731,0.973389,FakeWhatsApp.BR_2018,whatsapp,v1,True,False,2018-2022,desconhecido,False
12495,1,0.834871,-1.025149,-1.860020,0.219490,FakeWhatsApp.BR_2018,whatsapp,v1,True,False,2018-2022,desconhecido,False
12494,1,-0.203601,0.184028,0.387628,0.575522,FakeWhatsApp.BR_2018,whatsapp,v1,True,False,2018-2022,desconhecido,True
12493,1,-1.786860,2.086082,3.872941,0.939555,FakeWhatsApp.BR_2018,whatsapp,v1,True,False,2018-2022,desconhecido,True
12492,1,-2.076054,2.261819,4.337873,0.955599,FakeWhatsApp.BR_2018,whatsapp,v1,True,False,2018-2022,desconhecido,True
12491,1,-2.109990,2.310888,4.420878,0.957999,FakeWhatsApp.BR_2018,whatsapp,v1,True,False,2018-2022,desconhecido,True
12522,0,-1.857300,2.100661,3.957961,0.942848,FakeWhatsApp.BR_2018,whatsapp,v1,True,False,2018-2022,desconhecido,False
12521,0,1.399154,-1.461426,-2.860580,0.122507,FakeWhatsApp.BR_2018,whatsapp,v1,True,False,2018-2022,desconhecido,True
12520,1,-1.189413,1.386974,2.576387,0.862506,FakeWhatsApp.BR_2018,whatsapp,v1,True,False,2018-2022,desconhecido,True
12519,1,-1.789566,1.940201,3.729767,0.933608,FakeWhatsApp.BR_2018,whatsapp,v1,True,False,2018-2022,desconhecido,True
12518,1,-1.117150,1.174227,2.291377,0.837098,FakeWhatsApp.BR_2018,whatsapp,v1,True,False,2018-2022,desconhecido,True
12517,1,-0.732317,0.798882,1.531199,0.751152,FakeWhatsApp.BR_2018,whatsapp,v1,True,False,2018-2022,desconhecido,True
12516,1,-1.536838,1.616403,3.153241,0.903783,FakeWhatsApp.BR_2018,whatsapp,v1,True,False,2018-2022,desconhecido,True
12515,0,1.974283,-2.058109,-4.032392,0.057921,FakeWhatsApp.BR_2018,whatsapp,v1,True,False,2018-2022,desconhecido,False
12514,0,1.477867,-1.805069,-3.282936,0.094106,FakeWhatsApp.BR_2018,whatsapp,v1,True,False,2018-2022,desconhecido,True
12513,1,-2.606085,2.958007,5.564092,0.980683,FakeWhatsApp.BR_2018,whatsapp,v1,True,False,2018-2022,desconhecido,False
12512,0,-0.898179,1.046212,1.944391,0.801222,FakeWhatsApp.BR_2018,whatsapp,v1,True,False,2018-2022,desconhecido,True
12511,1,-1.727502,1.886321,3.613823,0.928398,FakeWhatsApp.BR_2018,whatsapp,v1,True,False,2018-2022,desconhecido,True
12510,0,0.350938,-0.560506,-0.911443,0.353255,FakeWhatsApp.BR_2018,whatsapp,v1,True,False,2018-2022,desconhecido,True
12509,0,-0.799513,0.919386,1.718899,0.774890,FakeWhatsApp.BR_2018,whatsapp,v1,True,False,2018-2022,desconhecido,False
12508,0,0.465930,-0.461181,-0.927111,0.350754,FakeWhatsApp.BR_2018,whatsapp,v1,True,False,2018-2022,desconhecido,True
12507,1,-1.450449,1.681864,3.132313,0.902502,FakeWhatsApp.BR_2018,whatsapp,v1,True,False,2018-2022,desconhecido,False
12538,1,0.689947,-0.869718,-1.559665,0.257609,FakeWhatsApp.BR_2018,whatsapp,v1,True,False,2018-2022,desconhecido,True
12537,0,0.502337,-0.306656,-0.808993,0.369803,FakeWhatsApp.BR_2018,whatsapp,v1,True,False,2018-2022,desconhecido,True
12536,0,0.953596,-1.096213,-2.049809,0.197583,FakeWhatsApp.BR_2018,whatsapp,v1,True,False,2018-2022,desconhecido,True
12535,0,1.715352,-1.840517,-3.555869,0.079036,FakeWhatsApp.BR_2018,whatsapp,v1,True,False,2018-2022,desconhecido,True
12534,0,2.493596,-2.755578,-5.249174,0.025566,FakeWhatsApp.BR_2018,whatsapp,v1,True,False,2018-2022,desconhecido,True
12533,0,-0.384748,0.481282,0.866029,0.654581,FakeWhatsApp.BR_2018,whatsapp,v1,True,False,2018-2022,desconhecido,False
12532,0,2.686193,-3.000036,-5.686229,0.018956,FakeWhatsApp.BR_2018,whatsapp,v1,True,False,2018-2022,desconhecido,False
12531,0,-1.927755,2.188581,4.116336,0.948535,FakeWhatsApp.BR_2018,whatsapp,v1,True,False,2018-2022,desconhecido,True
12530,1,-0.469887,0.647731,1.117618,0.693241,FakeWhatsApp.BR_2018,whatsapp,v1,True,False,2018-2022,desconhecido,True
12529,1,-2.019452,2.350996,4.370447,0.956556,FakeWhatsApp.BR_2018,whatsapp,v1,True,False,2018-2022,desconhecido,True
12528,1,0.740407,-0.692699,-1.433106,0.274909,FakeWhatsApp.BR_2018,whatsapp,v1,True,False,2018-2022,desconhecido,True
12527,1,-2.038077,2.441667,4.479744,0.959626,FakeWhatsApp.BR_2018,whatsapp,v1,True,False,2018-2022,desconhecido,True
12526,0,0.726533,-0.975129,-1.701662,0.239065,FakeWhatsApp.BR_2018,whatsapp,v1,True,False,2018-2022,desconhecido,False
12525,1,-0.291456,0.257844,0.549300,0.602901,FakeWhatsApp.BR_2018,whatsapp,v1,True,False,2018-2022,desconhecido,False
12524,1,-1.959472,2.197391,4.156863,0.949902,FakeWhatsApp.BR_2018,whatsapp,v1,True,False,2018-2022,desconhecido,True
12523,1,-0.868278,1.026509,1.894787,0.795635,FakeWhatsApp.BR_2018,whatsapp,v1,True,False,2018-2022,desconhecido,True
12554,1,-0.315305,0.507785,0.823089,0.647754,FakeWhatsApp.BR_2018,whatsapp,v1,True,False,2018-2022,desconhecido,True
12553,0,1.445589,-1.583011,-3.028600,0.110416,FakeWhatsApp.BR_2018,whatsapp,v1,True,False,2018-2022,desconhecido,True
12552,0,1.667995,-1.696309,-3.364305,0.089362,FakeWhatsApp.BR_2018,whatsapp,v1,True,False,2018-2022,desconhecido,False
12551,0,0.297554,-0.389725,-0.687279,0.389866,FakeWhatsApp.BR_2018,whatsapp,v1,True,False,2018-2022,desconhecido,True
12550,0,1.188581,-1.321877,-2.510458,0.151374,FakeWhatsApp.BR_2018,whatsapp,v1,True,False,2018-2022,desconhecido,False
12549,0,2.277139,-2.602490,-4.879629,0.032864,FakeWhatsApp.BR_2018,whatsapp,v1,True,False,2018-2022,desconhecido,True
12548,0,1.103108,-1.263253,-2.366361,0.164790,FakeWhatsApp.BR_2018,whatsapp,v1,True,False,2018-2022,desconhecido,True
12547,0,1.981166,-2.042736,-4.023901,0.058246,FakeWhatsApp.BR_2018,whatsapp,v1,True,False,2018-2022,desconhecido,True
12546,0,1.150081,-1.433656,-2.583737,0.144903,FakeWhatsApp.BR_2018,whatsapp,v1,True,False,2018-2022,desconhecido,True
12545,0,0.542622,-0.563400,-1.106023,0.322798,FakeWhatsApp.BR_2018,whatsapp,v1,True,False,2018-2022,desconhecido,True
12544,0,-0.251385,0.337532,0.588917,0.609520,FakeWhatsApp.BR_2018,whatsapp,v1,True,False,2018-2022,desconhecido,True
12543,1,-2.288072,2.582012,4.870084,0.968978,FakeWhatsApp.BR_2018,whatsapp,v1,True,False,2018-2022,desconhecido,True
12542,0,-1.932690,2.413809,4.346498,0.955854,FakeWhatsApp.BR_2018,whatsapp,v1,True,False,2018-2022,desconhecido,False
12541,1,-0.848484,0.538103,1.386587,0.731757,FakeWhatsApp.BR_2018,whatsapp,v1,True,False,2018-2022,desconhecido,True
12540,1,-2.243936,2.459473,4.703409,0.965273,FakeWhatsApp.BR_2018,whatsapp,v1,True,False,2018-2022,desconhecido,True
12539,0,2.337520,-2.531655,-4.869175,0.033097,FakeWhatsApp.BR_2018,whatsapp,v1,True,False,2018-2022,desconhecido,True
12570,1,-2.570445,2.921534,5.491980,0.979703,FakeWhatsApp.BR_2018,whatsapp,v1,True,False,2018-2022,desconhecido,True
12569,0,-0.367884,0.538709,0.906593,0.660971,FakeWhatsApp.BR_2018,whatsapp,v1,True,False,2018-2022,desconhecido,True
12568,1,-1.861583,1.967646,3.829229,0.937794,FakeWhatsApp.BR_2018,whatsapp,v1,True,False,2018-2022,desconhecido,True
12567,0,-1.002685,0.984871,1.987556,0.805989,FakeWhatsApp.BR_2018,whatsapp,v1,True,False,2018-2022,desconhecido,True
12566,1,-0.443197,0.582450,1.025647,0.679385,FakeWhatsApp.BR_2018,whatsapp,v1,True,False,2018-2022,desconhecido,True
12565,1,-1.754070,2.036793,3.790863,0.936210,FakeWhatsApp.BR_2018,whatsapp,v1,True,False,2018-2022,desconhecido,False
12564,1,0.248447,-0.140098,-0.388545,0.440582,FakeWhatsApp.BR_2018,whatsapp,v1,True,False,2018-2022,desconhecido,True
12563,0,1.171603,-1.226491,-2.398095,0.161756,FakeWhatsApp.BR_2018,whatsapp,v1,True,False,2018-2022,desconhecido,False
12562,1,-1.026677,1.008793,2.035470,0.811179,FakeWhatsApp.BR_2018,whatsapp,v1,True,False,2018-2022,desconhecido,True
12561,0,0.951858,-1.154066,-2.105924,0.191430,FakeWhatsApp.BR_2018,whatsapp,v1,True,False,2018-2022,desconhecido,True
12560,0,0.648544,-1.067878,-1.716423,0.237191,FakeWhatsApp.BR_2018,whatsapp,v1,True,False,2018-2022,desconhecido,False
12559,1,-2.476480,2.778560,5.255040,0.976130,FakeWhatsApp.BR_2018,whatsapp,v1,True,False,2018-2022,desconhecido,True
12558,1,-0.962592,0.976839,1.939431,0.800668,FakeWhatsApp.BR_2018,whatsapp,v1,True,False,2018-2022,desconhecido,True
12557,0,2.271609,-2.498271,-4.769879,0.035395,FakeWhatsApp.BR_2018,whatsapp,v1,True,False,2018-2022,desconhecido,True
12556,0,2.405971,-2.689288,-5.095259,0.028391,FakeWhatsApp.BR_2018,whatsapp,v1,True,False,2018-2022,desconhecido,False
12555,1,-2.159670,2.381472,4.541142,0.961259,FakeWhatsApp.BR_2018,whatsapp,v1,True,False,2018-2022,desconhecido,True
12586,0,-0.107261,0.118783,0.226044,0.547687,FakeWhatsApp.BR_2018,whatsapp,v1,True,False,2018-2022,desconhecido,False
12585,1,0.146669,-0.341689,-0.488359,0.423442,FakeWhatsApp.BR_2018,whatsapp,v1,True,False,2018-2022,desconhecido,False
12584,1,-0.115270,0.248439,0.363709,0.571427,FakeWhatsApp.BR_2018,whatsapp,v1,True,False,2018-2022,desconhecido,False
12583,1,-2.061999,2.138348,4.200347,0.951331,FakeWhatsApp.BR_2018,whatsapp,v1,True,False,2018-2022,desconhecido,True
12582,0,2.767332,-3.049567,-5.816899,0.017328,FakeWhatsApp.BR_2018,whatsapp,v1,True,False,2018-2022,desconhecido,True
12581,1,-1.197243,1.248780,2.446023,0.851324,FakeWhatsApp.BR_2018,whatsapp,v1,True,False,2018-2022,desconhecido,False
12580,1,-1.751446,1.963764,3.715210,0.932974,FakeWhatsApp.BR_2018,whatsapp,v1,True,False,2018-2022,desconhecido,True
12579,1,-1.109189,1.181403,2.290592,0.837023,FakeWhatsApp.BR_2018,whatsapp,v1,True,False,2018-2022,desconhecido,False
12578,1,-0.075234,0.136046,0.211280,0.545126,FakeWhatsApp.BR_2018,whatsapp,v1,True,False,2018-2022,desconhecido,True
12577,0,0.803431,-1.062353,-1.865784,0.218799,FakeWhatsApp.BR_2018,whatsapp,v1,True,False,2018-2022,desconhecido,False
12576,0,0.883370,-1.206848,-2.090218,0.193138,FakeWhatsApp.BR_2018,whatsapp,v1,True,False,2018-2022,desconhecido,False
12575,1,-1.140321,1.337151,2.477473,0.854089,FakeWhatsApp.BR_2018,whatsapp,v1,True,False,2018-2022,desconhecido,True
12574,0,1.219723,-1.549028,-2.768750,0.129585,FakeWhatsApp.BR_2018,whatsapp,v1,True,False,2018-2022,desconhecido,True
12573,1,-1.888747,1.949218,3.837965,0.938150,FakeWhatsApp.BR_2018,whatsapp,v1,True,False,2018-2022,desconhecido,True
12572,0,2.137738,-2.061920,-4.199657,0.051854,FakeWhatsApp.BR_2018,whatsapp,v1,True,False,2018-2022,desconhecido,True
12571,1,-1.478398,1.669818,3.148216,0.903477,FakeWhatsApp.BR_2018,whatsapp,v1,True,False,2018-2022,desconhecido,False
12602,1,-1.769283,1.863205,3.632489,0.929261,FakeWhatsApp.BR_2018,whatsapp,v1,True,False,2018-2022,desconhecido,False
12601,0,-0.314512,0.314615,0.629127,0.616196,FakeWhatsApp.BR_2018,whatsapp,v1,True,False,2018-2022,desconhecido,False
12600,0,0.129652,-0.195463,-0.325115,0.451550,FakeWhatsApp.BR_2018,whatsapp,v1,True,False,2018-2022,desconhecido,True
12599,0,0.791288,-0.809929,-1.601216,0.252087,FakeWhatsApp.BR_2018,whatsapp,v1,True,False,2018-2022,desconhecido,True
12598,0,-0.113535,0.060955,0.174490,0.538734,FakeWhatsApp.BR_2018,whatsapp,v1,True,False,2018-2022,desconhecido,True
12597,0,-0.643086,0.807826,1.450911,0.740501,FakeWhatsApp.BR_2018,whatsapp,v1,True,False,2018-2022,desconhecido,False
12596,0,2.532687,-2.877128,-5.409815,0.022909,FakeWhatsApp.BR_2018,whatsapp,v1,True,False,2018-2022,desconhecido,False
12595,0,-0.380111,0.488525,0.868636,0.654993,FakeWhatsApp.BR_2018,whatsapp,v1,True,False,2018-2022,desconhecido,True
12594,0,2.302323,-2.535848,-4.838171,0.033798,FakeWhatsApp.BR_2018,whatsapp,v1,True,False,2018-2022,desconhecido,True
12593,0,0.358359,-0.581483,-0.939842,0.348727,FakeWhatsApp.BR_2018,whatsapp,v1,True,False,2018-2022,desconhecido,False
12592,1,-1.224384,1.431196,2.655580,0.868948,FakeWhatsApp.BR_2018,whatsapp,v1,True,False,2018-2022,desconhecido,True
12591,1,-2.212555,2.371267,4.583821,0.962356,FakeWhatsApp.BR_2018,whatsapp,v1,True,False,2018-2022,desconhecido,True
12590,0,2.759588,-2.946360,-5.705948,0.018701,FakeWhatsApp.BR_2018,whatsapp,v1,True,False,2018-2022,desconhecido,False
12589,1,-1.346300,1.637494,2.983794,0.892965,FakeWhatsApp.BR_2018,whatsapp,v1,True,False,2018-2022,desconhecido,False
12588,1,-2.736213,2.910737,5.646951,0.981751,FakeWhatsApp.BR_2018,whatsapp,v1,True,False,2018-2022,desconhecido,True
12587,1,-2.505470,2.686640,5.192110,0.975082,FakeWhatsApp.BR_2018,whatsapp,v1,True,False,2018-2022,desconhecido,True
12618,0,1.483695,-1.672562,-3.156257,0.101941,FakeWhatsApp.BR_2018,whatsapp,v1,True,False,2018-2022,desconhecido,False
12617,0,1.567758,-1.707198,-3.274956,0.094584,FakeWhatsApp.BR_2018,whatsapp,v1,True,False,2018-2022,desconhecido,True
12616,0,-0.089890,-0.104186,-0.014296,0.505781,FakeWhatsApp.BR_2018,whatsapp,v1,True,False,2018-2022,desconhecido,True
12615,0,1.151448,-1.336830,-2.488278,0.153379,FakeWhatsApp.BR_2018,whatsapp,v1,True,False,2018-2022,desconhecido,True
12614,1,-2.227813,2.586230,4.814043,0.967777,FakeWhatsApp.BR_2018,whatsapp,v1,True,False,2018-2022,desconhecido,True
12613,0,0.848656,-0.873183,-1.721839,0.236506,FakeWhatsApp.BR_2018,whatsapp,v1,True,False,2018-2022,desconhecido,True
12612,0,0.780288,-0.966752,-1.747040,0.233336,FakeWhatsApp.BR_2018,whatsapp,v1,True,False,2018-2022,desconhecido,False
12611,1,-2.422996,2.780714,5.203710,0.975278,FakeWhatsApp.BR_2018,whatsapp,v1,True,False,2018-2022,desconhecido,True
12610,1,-1.444173,1.830965,3.275138,0.910951,FakeWhatsApp.BR_2018,whatsapp,v1,True,False,2018-2022,desconhecido,False
12609,1,-2.010937,2.202734,4.213671,0.951761,FakeWhatsApp.BR_2018,whatsapp,v1,True,False,2018-2022,desconhecido,True
12608,1,-2.185111,2.513247,4.698358,0.965154,FakeWhatsApp.BR_2018,whatsapp,v1,True,False,2018-2022,desconhecido,True
12607,0,-0.386011,0.403047,0.789059,0.642301,FakeWhatsApp.BR_2018,whatsapp,v1,True,False,2018-2022,desconhecido,True
12606,1,0.337674,-0.631562,-0.969236,0.344070,FakeWhatsApp.BR_2018,whatsapp,v1,True,False,2018-2022,desconhecido,False
12605,0,-2.092263,2.359916,4.452180,0.958872,FakeWhatsApp.BR_2018,whatsapp,v1,True,False,2018-2022,desconhecido,True
12604,0,1.261449,-1.417762,-2.679211,0.136819,FakeWhatsApp.BR_2018,whatsapp,v1,True,False,2018-2022,desconhecido,False
12603,1,-0.841822,0.999625,1.841447,0.789498,FakeWhatsApp.BR_2018,whatsapp,v1,True,False,2018-2022,desconhecido,True
12634,0,-0.528352,0.677454,1.205807,0.706207,FakeWhatsApp.BR_2018,whatsapp,v1,True,False,2018-2022,desconhecido,True
12633,0,0.501643,-0.516476,-1.018119,0.336390,FakeWhatsApp.BR_2018,whatsapp,v1,True,False,2018-2022,desconhecido,True
12632,1,-2.629173,2.834984,5.464157,0.979313,FakeWhatsApp.BR_2018,whatsapp,v1,True,False,2018-2022,desconhecido,False
12631,0,2.319461,-2.426365,-4.745826,0.035974,FakeWhatsApp.BR_2018,whatsapp,v1,True,False,2018-2022,desconhecido,True
12630,1,0.123791,-0.420196,-0.543987,0.413967,FakeWhatsApp.BR_2018,whatsapp,v1,True,False,2018-2022,desconhecido,False
12629,1,-2.435629,2.841166,5.276794,0.976482,FakeWhatsApp.BR_2018,whatsapp,v1,True,False,2018-2022,desconhecido,False
12628,1,-1.074658,1.256103,2.330760,0.840822,FakeWhatsApp.BR_2018,whatsapp,v1,True,False,2018-2022,desconhecido,True
12627,1,-2.795372,3.160125,5.955498,0.985243,FakeWhatsApp.BR_2018,whatsapp,v1,True,False,2018-2022,desconhecido,False
12626,0,0.450731,-0.468693,-0.919423,0.351980,FakeWhatsApp.BR_2018,whatsapp,v1,True,False,2018-2022,desconhecido,True
12625,1,-1.430573,1.642891,3.073464,0.898817,FakeWhatsApp.BR_2018,whatsapp,v1,True,False,2018-2022,desconhecido,False
12624,1,-2.018917,2.267523,4.286440,0.954046,FakeWhatsApp.BR_2018,whatsapp,v1,True,False,2018-2022,desconhecido,True
12623,0,0.394089,-0.638592,-1.032681,0.334119,FakeWhatsApp.BR_2018,whatsapp,v1,True,False,2018-2022,desconhecido,True
12622,0,1.698065,-1.790963,-3.489028,0.082509,FakeWhatsApp.BR_2018,whatsapp,v1,True,False,2018-2022,desconhecido,True
12621,0,1.063771,-1.066093,-2.129864,0.188850,FakeWhatsApp.BR_2018,whatsapp,v1,True,False,2018-2022,desconhecido,True
12620,1,-0.655286,0.722396,1.377683,0.730532,FakeWhatsApp.BR_2018,whatsapp,v1,True,False,2018-2022,desconhecido,True
12619,0,0.276847,-0.224457,-0.501304,0.421232,FakeWhatsApp.BR_2018,whatsapp,v1,True,False,2018-2022,desconhecido,True
12650,0,0.137361,-0.314087,-0.451448,0.429761,FakeWhatsApp.BR_2018,whatsapp,v1,True,False,2018-2022,desconhecido,True
12649,0,0.338732,-0.442281,-0.781013,0.374378,FakeWhatsApp.BR_2018,whatsapp,v1,True,False,2018-2022,desconhecido,False
12648,0,1.049784,-1.270093,-2.319876,0.169316,FakeWhatsApp.BR_2018,whatsapp,v1,True,False,2018-2022,desconhecido,True
12647,1,-2.115897,2.276116,4.392014,0.957179,FakeWhatsApp.BR_2018,whatsapp,v1,True,False,2018-2022,desconhecido,True
12646,0,1.228281,-1.303174,-2.531455,0.149496,FakeWhatsApp.BR_2018,whatsapp,v1,True,False,2018-2022,desconhecido,False
12645,0,-0.534738,0.523954,1.058691,0.684401,FakeWhatsApp.BR_2018,whatsapp,v1,True,False,2018-2022,desconhecido,False
12644,1,-1.992407,2.299950,4.292357,0.954227,FakeWhatsApp.BR_2018,whatsapp,v1,True,False,2018-2022,desconhecido,False
12643,0,0.696992,-0.898823,-1.595815,0.252800,FakeWhatsApp.BR_2018,whatsapp,v1,True,False,2018-2022,desconhecido,True
12642,0,2.637751,-2.987654,-5.625405,0.019764,FakeWhatsApp.BR_2018,whatsapp,v1,True,False,2018-2022,desconhecido,False
12641,1,-0.700726,0.911978,1.612704,0.761661,FakeWhatsApp.BR_2018,whatsapp,v1,True,False,2018-2022,desconhecido,True
12640,1,0.909017,-1.054068,-1.963085,0.207383,FakeWhatsApp.BR_2018,whatsapp,v1,True,False,2018-2022,desconhecido,False
12639,1,-2.696217,2.904097,5.600313,0.981157,FakeWhatsApp.BR_2018,whatsapp,v1,True,False,2018-2022,desconhecido,True
12638,1,-1.798111,1.991846,3.789958,0.936172,FakeWhatsApp.BR_2018,whatsapp,v1,True,False,2018-2022,desconhecido,True
12637,0,-0.037480,-0.074593,-0.037113,0.501788,FakeWhatsApp.BR_2018,whatsapp,v1,True,False,2018-2022,desconhecido,True
12636,0,0.417790,-0.594498,-1.012288,0.337302,FakeWhatsApp.BR_2018,whatsapp,v1,True,False,2018-2022,desconhecido,True
12635,1,-0.598289,0.613502,1.211792,0.707076,FakeWhatsApp.BR_2018,whatsapp,v1,True,False,2018-2022,desconhecido,False
12666,0,1.810934,-1.861261,-3.672196,0.073310,FakeWhatsApp.BR_2018,whatsapp,v1,True,False,2018-2022,desconhecido,True
12665,0,0.373016,-0.555450,-0.928466,0.350538,FakeWhatsApp.BR_2018,whatsapp,v1,True,False,2018-2022,desconhecido,False
12664,1,-1.126488,1.243459,2.369947,0.844458,FakeWhatsApp.BR_2018,whatsapp,v1,True,False,2018-2022,desconhecido,False
12663,0,0.313054,-0.397260,-0.710313,0.386038,FakeWhatsApp.BR_2018,whatsapp,v1,True,False,2018-2022,desconhecido,True
12662,1,-2.284840,2.491764,4.776604,0.966950,FakeWhatsApp.BR_2018,whatsapp,v1,True,False,2018-2022,desconhecido,True
12661,0,-0.164583,0.025196,0.189779,0.541392,FakeWhatsApp.BR_2018,whatsapp,v1,True,False,2018-2022,desconhecido,False
12660,0,1.989221,-2.153736,-4.142957,0.053840,FakeWhatsApp.BR_2018,whatsapp,v1,True,False,2018-2022,desconhecido,True
12659,0,-0.506832,0.581490,1.088321,0.688863,FakeWhatsApp.BR_2018,whatsapp,v1,True,False,2018-2022,desconhecido,True
12658,1,-0.818010,0.872283,1.690293,0.771379,FakeWhatsApp.BR_2018,whatsapp,v1,True,False,2018-2022,desconhecido,True
12657,1,-2.517210,2.682633,5.199843,0.975213,FakeWhatsApp.BR_2018,whatsapp,v1,True,False,2018-2022,desconhecido,True
12656,1,-0.985591,0.837584,1.823174,0.787364,FakeWhatsApp.BR_2018,whatsapp,v1,True,False,2018-2022,desconhecido,True
12655,0,-0.457242,0.622552,1.079794,0.687583,FakeWhatsApp.BR_2018,whatsapp,v1,True,False,2018-2022,desconhecido,False
12654,1,-0.056923,0.124284,0.181207,0.539902,FakeWhatsApp.BR_2018,whatsapp,v1,True,False,2018-2022,desconhecido,True
12653,1,-1.286752,1.354277,2.641029,0.867784,FakeWhatsApp.BR_2018,whatsapp,v1,True,False,2018-2022,desconhecido,True
12652,1,0.078500,-0.147672,-0.226171,0.468750,FakeWhatsApp.BR_2018,whatsapp,v1,True,False,2018-2022,desconhecido,True
12651,0,0.334216,-0.404078,-0.738294,0.381407,FakeWhatsApp.BR_2018,whatsapp,v1,True,False,2018-2022,desconhecido,True
12682,0,2.453980,-2.639873,-5.093853,0.028418,FakeWhatsApp.BR_2018,whatsapp,v1,True,False,2018-2022,desconhecido,False
12681,1,-1.711232,1.899330,3.610561,0.928246,FakeWhatsApp.BR_2018,whatsapp,v1,True,False,2018-2022,desconhecido,False
12680,1,-1.493304,1.614829,3.108133,0.901003,FakeWhatsApp.BR_2018,whatsapp,v1,True,False,2018-2022,desconhecido,True
12679,0,0.024442,-0.199935,-0.224377,0.469063,FakeWhatsApp.BR_2018,whatsapp,v1,True,False,2018-2022,desconhecido,True
12678,0,0.090936,0.074034,-0.016901,0.505325,FakeWhatsApp.BR_2018,whatsapp,v1,True,False,2018-2022,desconhecido,True
12677,0,-0.572753,0.724377,1.297130,0.719291,FakeWhatsApp.BR_2018,whatsapp,v1,True,False,2018-2022,desconhecido,True
12676,0,-0.633748,0.637818,1.271566,0.715665,FakeWhatsApp.BR_2018,whatsapp,v1,True,False,2018-2022,desconhecido,False
12675,0,2.512105,-2.679324,-5.191429,0.026592,FakeWhatsApp.BR_2018,whatsapp,v1,True,False,2018-2022,desconhecido,True
12674,0,-0.007567,-0.076122,-0.068555,0.496287,FakeWhatsApp.BR_2018,whatsapp,v1,True,False,2018-2022,desconhecido,True
12673,0,0.312602,-0.377033,-0.689635,0.389474,FakeWhatsApp.BR_2018,whatsapp,v1,True,False,2018-2022,desconhecido,False
12672,1,-1.581922,1.656564,3.238486,0.908848,FakeWhatsApp.BR_2018,whatsapp,v1,True,False,2018-2022,desconhecido,False
12671,0,2.435457,-2.558644,-4.994102,0.030410,FakeWhatsApp.BR_2018,whatsapp,v1,True,False,2018-2022,desconhecido,False
12670,1,-2.446347,2.820639,5.266986,0.976324,FakeWhatsApp.BR_2018,whatsapp,v1,True,False,2018-2022,desconhecido,False
12669,1,-2.137207,2.487775,4.624982,0.963386,FakeWhatsApp.BR_2018,whatsapp,v1,True,False,2018-2022,desconhecido,True
12668,1,-2.262861,2.667013,4.929874,0.970212,FakeWhatsApp.BR_2018,whatsapp,v1,True,False,2018-2022,desconhecido,True
12667,1,-1.386531,1.754964,3.141495,0.903066,FakeWhatsApp.BR_2018,whatsapp,v1,True,False,2018-2022,desconhecido,True
12698,1,-1.893949,2.131706,4.025655,0.945348,FakeWhatsApp.BR_2018,whatsapp,v1,True,False,2018-2022,desconhecido,True
12697,0,1.280856,-1.467524,-2.748381,0.131201,FakeWhatsApp.BR_2018,whatsapp,v1,True,False,2018-2022,desconhecido,False
12696,1,-0.972814,1.089287,2.062101,0.814017,FakeWhatsApp.BR_2018,whatsapp,v1,True,False,2018-2022,desconhecido,True
12695,1,-1.037544,1.054671,2.092215,0.817187,FakeWhatsApp.BR_2018,whatsapp,v1,True,False,2018-2022,desconhecido,True
12694,1,-1.347492,1.416116,2.763608,0.877320,FakeWhatsApp.BR_2018,whatsapp,v1,True,False,2018-2022,desconhecido,False
12693,1,-2.267588,2.425978,4.693566,0.965042,FakeWhatsApp.BR_2018,whatsapp,v1,True,False,2018-2022,desconhecido,True
12692,1,0.930774,-0.930683,-1.861457,0.219318,FakeWhatsApp.BR_2018,whatsapp,v1,True,False,2018-2022,desconhecido,True
12691,1,-2.604195,2.942652,5.546847,0.980453,FakeWhatsApp.BR_2018,whatsapp,v1,True,False,2018-2022,desconhecido,True
12690,1,-2.036810,2.311328,4.348138,0.955903,FakeWhatsApp.BR_2018,whatsapp,v1,True,False,2018-2022,desconhecido,True
12689,0,2.460255,-2.747046,-5.207301,0.026306,FakeWhatsApp.BR_2018,whatsapp,v1,True,False,2018-2022,desconhecido,False
12688,1,-0.861938,0.967450,1.829387,0.788092,FakeWhatsApp.BR_2018,whatsapp,v1,True,False,2018-2022,desconhecido,True
12687,0,2.419785,-2.680091,-5.099875,0.028302,FakeWhatsApp.BR_2018,whatsapp,v1,True,False,2018-2022,desconhecido,True
12686,0,1.607154,-1.813333,-3.420488,0.086214,FakeWhatsApp.BR_2018,whatsapp,v1,True,False,2018-2022,desconhecido,False
12685,0,2.339342,-2.605127,-4.944469,0.031451,FakeWhatsApp.BR_2018,whatsapp,v1,True,False,2018-2022,desconhecido,False
12684,1,-0.013361,0.075942,0.089303,0.523889,FakeWhatsApp.BR_2018,whatsapp,v1,True,False,2018-2022,desconhecido,False
12683,1,-2.246885,2.548941,4.795825,0.967377,FakeWhatsApp.BR_2018,whatsapp,v1,True,False,2018-2022,desconhecido,False
12714,1,-0.318661,0.498797,0.817458,0.646855,FakeWhatsApp.BR_2018,whatsapp,v1,True,False,2018-2022,desconhecido,True
12713,1,-2.350299,2.682823,5.033122,0.972231,FakeWhatsApp.BR_2018,whatsapp,v1,True,False,2018-2022,desconhecido,True
12712,0,-0.274932,0.019007,0.293939,0.559429,FakeWhatsApp.BR_2018,whatsapp,v1,True,False,2018-2022,desconhecido,True
12711,0,0.581894,-0.633389,-1.215283,0.306314,FakeWhatsApp.BR_2018,whatsapp,v1,True,False,2018-2022,desconhecido,True
12710,1,-1.046731,1.223557,2.270288,0.835075,FakeWhatsApp.BR_2018,whatsapp,v1,True,False,2018-2022,desconhecido,True
12709,1,-1.391800,1.601464,2.993264,0.893597,FakeWhatsApp.BR_2018,whatsapp,v1,True,False,2018-2022,desconhecido,True
12708,1,-2.479746,2.776888,5.256634,0.976156,FakeWhatsApp.BR_2018,whatsapp,v1,True,False,2018-2022,desconhecido,True
12707,1,-1.552588,1.584474,3.137063,0.902794,FakeWhatsApp.BR_2018,whatsapp,v1,True,False,2018-2022,desconhecido,True
12706,0,-1.108852,1.188144,2.296996,0.837634,FakeWhatsApp.BR_2018,whatsapp,v1,True,False,2018-2022,desconhecido,False
12705,0,-0.277455,0.327422,0.604877,0.612175,FakeWhatsApp.BR_2018,whatsapp,v1,True,False,2018-2022,desconhecido,True
12704,1,-1.352961,1.395435,2.748396,0.876169,FakeWhatsApp.BR_2018,whatsapp,v1,True,False,2018-2022,desconhecido,True
12703,0,0.936035,-1.311000,-2.247035,0.176608,FakeWhatsApp.BR_2018,whatsapp,v1,True,False,2018-2022,desconhecido,False
12702,0,-0.036860,0.086971,0.123831,0.529913,FakeWhatsApp.BR_2018,whatsapp,v1,True,False,2018-2022,desconhecido,True
12701,1,-0.689427,0.725177,1.414603,0.735589,FakeWhatsApp.BR_2018,whatsapp,v1,True,False,2018-2022,desconhecido,False
12700,0,0.576478,-0.809694,-1.386172,0.281505,FakeWhatsApp.BR_2018,whatsapp,v1,True,False,2018-2022,desconhecido,True
12699,0,0.571868,-0.695783,-1.267651,0.298582,FakeWhatsApp.BR_2018,whatsapp,v1,True,False,2018-2022,desconhecido,True
12730,0,1.252149,-1.454945,-2.707095,0.134530,FakeWhatsApp.BR_2018,whatsapp,v1,True,False,2018-2022,desconhecido,False
12729,1,-2.402185,2.715679,5.117864,0.973788,FakeWhatsApp.BR_2018,whatsapp,v1,True,False,2018-2022,desconhecido,True
12728,0,0.332738,-0.522986,-0.855724,0.362214,FakeWhatsApp.BR_2018,whatsapp,v1,True,False,2018-2022,desconhecido,True
12727,1,-2.204700,2.458530,4.663229,0.964318,FakeWhatsApp.BR_2018,whatsapp,v1,True,False,2018-2022,desconhecido,False
12726,1,-2.124208,2.311081,4.435288,0.958403,FakeWhatsApp.BR_2018,whatsapp,v1,True,False,2018-2022,desconhecido,True
12725,0,1.113379,-1.599776,-2.713155,0.134037,FakeWhatsApp.BR_2018,whatsapp,v1,True,False,2018-2022,desconhecido,True
12724,1,-1.217731,1.367920,2.585650,0.863273,FakeWhatsApp.BR_2018,whatsapp,v1,True,False,2018-2022,desconhecido,False
12723,1,-2.114562,2.346140,4.460702,0.959107,FakeWhatsApp.BR_2018,whatsapp,v1,True,False,2018-2022,desconhecido,True
12722,0,2.439525,-2.677664,-5.117189,0.027971,FakeWhatsApp.BR_2018,whatsapp,v1,True,False,2018-2022,desconhecido,True
12721,0,2.109010,-2.282441,-4.391451,0.045638,FakeWhatsApp.BR_2018,whatsapp,v1,True,False,2018-2022,desconhecido,True
12720,1,-2.357130,2.635731,4.992862,0.971460,FakeWhatsApp.BR_2018,whatsapp,v1,True,False,2018-2022,desconhecido,True
12719,1,-2.654076,2.916942,5.571018,0.980775,FakeWhatsApp.BR_2018,whatsapp,v1,True,False,2018-2022,desconhecido,True
12718,0,0.092690,-0.029965,-0.122655,0.486824,FakeWhatsApp.BR_2018,whatsapp,v1,True,False,2018-2022,desconhecido,True
12717,0,0.602978,-0.637819,-1.240796,0.302533,FakeWhatsApp.BR_2018,whatsapp,v1,True,False,2018-2022,desconhecido,True
12716,0,0.902871,-1.082348,-1.985219,0.204848,FakeWhatsApp.BR_2018,whatsapp,v1,True,False,2018-2022,desconhecido,True
12715,1,-2.470966,2.732111,5.203077,0.975268,FakeWhatsApp.BR_2018,whatsapp,v1,True,False,2018-2022,desconhecido,True
12746,1,-0.970765,0.914684,1.885448,0.794570,FakeWhatsApp.BR_2018,whatsapp,v1,True,False,2018-2022,desconhecido,True
12745,1,-1.918676,2.106928,4.025604,0.945346,FakeWhatsApp.BR_2018,whatsapp,v1,True,False,2018-2022,desconhecido,True
12744,1,-1.118852,1.231746,2.350598,0.842671,FakeWhatsApp.BR_2018,whatsapp,v1,True,False,2018-2022,desconhecido,True
12743,0,0.189086,-0.311441,-0.500527,0.421364,FakeWhatsApp.BR_2018,whatsapp,v1,True,False,2018-2022,desconhecido,True
12742,0,1.266127,-1.481043,-2.747169,0.131298,FakeWhatsApp.BR_2018,whatsapp,v1,True,False,2018-2022,desconhecido,True
12741,0,2.536112,-2.779321,-5.315433,0.024436,FakeWhatsApp.BR_2018,whatsapp,v1,True,False,2018-2022,desconhecido,False
12740,0,0.808582,-0.807835,-1.616417,0.250086,FakeWhatsApp.BR_2018,whatsapp,v1,True,False,2018-2022,desconhecido,True
12739,0,1.018254,-1.201799,-2.220052,0.179371,FakeWhatsApp.BR_2018,whatsapp,v1,True,False,2018-2022,desconhecido,True
12738,1,-0.869540,0.931555,1.801095,0.784766,FakeWhatsApp.BR_2018,whatsapp,v1,True,False,2018-2022,desconhecido,False
12737,0,1.665413,-2.032773,-3.698186,0.072083,FakeWhatsApp.BR_2018,whatsapp,v1,True,False,2018-2022,desconhecido,False
12736,1,-0.796497,0.767326,1.563823,0.755396,FakeWhatsApp.BR_2018,whatsapp,v1,True,False,2018-2022,desconhecido,True
12735,0,-0.451370,0.328741,0.780111,0.640861,FakeWhatsApp.BR_2018,whatsapp,v1,True,False,2018-2022,desconhecido,True
12734,1,-1.919635,2.026417,3.946052,0.942397,FakeWhatsApp.BR_2018,whatsapp,v1,True,False,2018-2022,desconhecido,True
12733,1,-1.776614,2.092283,3.868896,0.939394,FakeWhatsApp.BR_2018,whatsapp,v1,True,False,2018-2022,desconhecido,True
12732,0,-0.602371,0.560873,1.163244,0.699989,FakeWhatsApp.BR_2018,whatsapp,v1,True,False,2018-2022,desconhecido,False
12731,0,1.473845,-1.869802,-3.343647,0.090546,FakeWhatsApp.BR_2018,whatsapp,v1,True,False,2018-2022,desconhecido,True
12762,1,-1.963093,2.216767,4.179860,0.950663,FakeWhatsApp.BR_2018,whatsapp,v1,True,False,2018-2022,desconhecido,True
12761,0,1.741742,-1.978741,-3.720482,0.071047,FakeWhatsApp.BR_2018,whatsapp,v1,True,False,2018-2022,desconhecido,False
12760,1,-2.561201,2.817871,5.379072,0.978071,FakeWhatsApp.BR_2018,whatsapp,v1,True,False,2018-2022,desconhecido,True
12759,1,-1.334164,1.544533,2.878697,0.885729,FakeWhatsApp.BR_2018,whatsapp,v1,True,False,2018-2022,desconhecido,True
12758,0,-0.490485,0.305067,0.795552,0.643345,FakeWhatsApp.BR_2018,whatsapp,v1,True,False,2018-2022,desconhecido,True
12757,0,0.104494,-0.049640,-0.154134,0.481322,FakeWhatsApp.BR_2018,whatsapp,v1,True,False,2018-2022,desconhecido,False
12756,1,0.459159,-0.660305,-1.119464,0.320745,FakeWhatsApp.BR_2018,whatsapp,v1,True,False,2018-2022,desconhecido,True
12755,0,1.662933,-1.935958,-3.598891,0.076872,FakeWhatsApp.BR_2018,whatsapp,v1,True,False,2018-2022,desconhecido,True
12754,0,2.540259,-2.707520,-5.247780,0.025590,FakeWhatsApp.BR_2018,whatsapp,v1,True,False,2018-2022,desconhecido,True
12753,0,1.658567,-1.865666,-3.524233,0.080663,FakeWhatsApp.BR_2018,whatsapp,v1,True,False,2018-2022,desconhecido,True
12752,1,-0.758918,0.808382,1.567300,0.755845,FakeWhatsApp.BR_2018,whatsapp,v1,True,False,2018-2022,desconhecido,False
12751,1,-1.192979,1.343395,2.536373,0.859151,FakeWhatsApp.BR_2018,whatsapp,v1,True,False,2018-2022,desconhecido,True
12750,1,-1.495145,1.705775,3.200919,0.906646,FakeWhatsApp.BR_2018,whatsapp,v1,True,False,2018-2022,desconhecido,True
12749,1,-2.453831,2.749202,5.203033,0.975267,FakeWhatsApp.BR_2018,whatsapp,v1,True,False,2018-2022,desconhecido,True
12748,1,-2.154280,2.554885,4.709166,0.965408,FakeWhatsApp.BR_2018,whatsapp,v1,True,False,2018-2022,desconhecido,True
12747,1,-0.931982,0.922721,1.854703,0.791035,FakeWhatsApp.BR_2018,whatsapp,v1,True,False,2018-2022,desconhecido,True
12778,0,0.223913,-0.255476,-0.479389,0.424975,FakeWhatsApp.BR_2018,whatsapp,v1,True,False,2018-2022,desconhecido,True
12777,1,-1.331886,1.736216,3.068103,0.898475,FakeWhatsApp.BR_2018,whatsapp,v1,True,False,2018-2022,desconhecido,True
12776,0,-0.653824,0.796934,1.450758,0.740481,FakeWhatsApp.BR_2018,whatsapp,v1,True,False,2018-2022,desconhecido,False
12775,1,-1.295088,1.215665,2.510753,0.856967,FakeWhatsApp.BR_2018,whatsapp,v1,True,False,2018-2022,desconhecido,True
12774,1,-2.157666,2.307358,4.465024,0.959225,FakeWhatsApp.BR_2018,whatsapp,v1,True,False,2018-2022,desconhecido,False
12773,1,1.383314,-1.754364,-3.137678,0.103138,FakeWhatsApp.BR_2018,whatsapp,v1,True,False,2018-2022,desconhecido,True
12772,1,-0.120184,0.191058,0.311242,0.562412,FakeWhatsApp.BR_2018,whatsapp,v1,True,False,2018-2022,desconhecido,True
12771,1,-2.316031,2.532982,4.849013,0.968532,FakeWhatsApp.BR_2018,whatsapp,v1,True,False,2018-2022,desconhecido,True
12770,1,0.208363,-0.339927,-0.548290,0.413236,FakeWhatsApp.BR_2018,whatsapp,v1,True,False,2018-2022,desconhecido,True
12769,0,0.601560,-0.858062,-1.459621,0.271225,FakeWhatsApp.BR_2018,whatsapp,v1,True,False,2018-2022,desconhecido,True
12768,1,-1.549981,1.842065,3.392045,0.917368,FakeWhatsApp.BR_2018,whatsapp,v1,True,False,2018-2022,desconhecido,True
12767,0,0.168821,-0.173526,-0.342347,0.448565,FakeWhatsApp.BR_2018,whatsapp,v1,True,False,2018-2022,desconhecido,True
12766,0,1.463189,-1.882358,-3.345547,0.090437,FakeWhatsApp.BR_2018,whatsapp,v1,True,False,2018-2022,desconhecido,False
12765,0,0.794762,-0.957565,-1.752328,0.232674,FakeWhatsApp.BR_2018,whatsapp,v1,True,False,2018-2022,desconhecido,False
12764,1,-1.146401,1.596769,2.743170,0.875772,FakeWhatsApp.BR_2018,whatsapp,v1,True,False,2018-2022,desconhecido,True
12763,1,-2.506194,2.856517,5.362711,0.977824,FakeWhatsApp.BR_2018,whatsapp,v1,True,False,2018-2022,desconhecido,False
12794,1,-0.154851,0.264324,0.419175,0.580907,FakeWhatsApp.BR_2018,whatsapp,v1,True,False,2018-2022,desconhecido,False
12793,0,-0.044125,0.217015,0.261140,0.553764,FakeWhatsApp.BR_2018,whatsapp,v1,True,False,2018-2022,desconhecido,False
12792,0,-1.552407,1.658834,3.211241,0.907256,FakeWhatsApp.BR_2018,whatsapp,v1,True,False,2018-2022,desconhecido,True
12791,1,-0.293047,0.404741,0.697788,0.627496,FakeWhatsApp.BR_2018,whatsapp,v1,True,False,2018-2022,desconhecido,False
12790,0,-1.752759,1.725751,3.478510,0.921841,FakeWhatsApp.BR_2018,whatsapp,v1,True,False,2018-2022,desconhecido,False
12789,1,-2.356333,2.642919,4.999252,0.971583,FakeWhatsApp.BR_2018,whatsapp,v1,True,False,2018-2022,desconhecido,True
12788,1,0.406127,-0.374721,-0.780849,0.374405,FakeWhatsApp.BR_2018,whatsapp,v1,True,False,2018-2022,desconhecido,True
12787,1,-0.923644,0.912056,1.835700,0.788828,FakeWhatsApp.BR_2018,whatsapp,v1,True,False,2018-2022,desconhecido,False
12786,0,-0.952115,1.073336,2.025451,0.810103,FakeWhatsApp.BR_2018,whatsapp,v1,True,False,2018-2022,desconhecido,True
12785,0,1.151066,-1.287444,-2.438510,0.157957,FakeWhatsApp.BR_2018,whatsapp,v1,True,False,2018-2022,desconhecido,True
12784,1,0.345769,-0.521246,-0.867015,0.360391,FakeWhatsApp.BR_2018,whatsapp,v1,True,False,2018-2022,desconhecido,False
12783,0,1.069807,-1.376044,-2.445851,0.157275,FakeWhatsApp.BR_2018,whatsapp,v1,True,False,2018-2022,desconhecido,True
12782,1,-2.096215,2.236262,4.332477,0.955438,FakeWhatsApp.BR_2018,whatsapp,v1,True,False,2018-2022,desconhecido,False
12781,0,1.160018,-1.524004,-2.684022,0.136421,FakeWhatsApp.BR_2018,whatsapp,v1,True,False,2018-2022,desconhecido,True
12780,1,-1.892476,2.092757,3.985232,0.943867,FakeWhatsApp.BR_2018,whatsapp,v1,True,False,2018-2022,desconhecido,False
12779,1,-1.996552,2.025387,4.021939,0.945213,FakeWhatsApp.BR_2018,whatsapp,v1,True,False,2018-2022,desconhecido,True
12810,0,-0.194185,0.047038,0.241223,0.550317,FakeWhatsApp.BR_2018,whatsapp,v1,True,False,2018-2022,desconhecido,True
12809,0,-0.514672,0.542802,1.057474,0.684217,FakeWhatsApp.BR_2018,whatsapp,v1,True,False,2018-2022,desconhecido,False
12808,1,-0.113998,0.132086,0.246084,0.551159,FakeWhatsApp.BR_2018,whatsapp,v1,True,False,2018-2022,desconhecido,True
12807,1,-1.749324,2.058864,3.808188,0.936930,FakeWhatsApp.BR_2018,whatsapp,v1,True,False,2018-2022,desconhecido,True
12806,1,-2.367464,2.656376,5.023839,0.972055,FakeWhatsApp.BR_2018,whatsapp,v1,True,False,2018-2022,desconhecido,True
12805,1,-2.622351,2.785287,5.407639,0.978496,FakeWhatsApp.BR_2018,whatsapp,v1,True,False,2018-2022,desconhecido,True
12804,1,-0.186685,0.326836,0.513520,0.596890,FakeWhatsApp.BR_2018,whatsapp,v1,True,False,2018-2022,desconhecido,True
12803,0,0.716782,-0.832203,-1.548985,0.259041,FakeWhatsApp.BR_2018,whatsapp,v1,True,False,2018-2022,desconhecido,True
12802,1,-0.808256,0.970390,1.778646,0.782100,FakeWhatsApp.BR_2018,whatsapp,v1,True,False,2018-2022,desconhecido,True
12801,1,1.128228,-1.269684,-2.397913,0.161773,FakeWhatsApp.BR_2018,whatsapp,v1,True,False,2018-2022,desconhecido,True
12800,1,-1.239685,1.026030,2.265716,0.834634,FakeWhatsApp.BR_2018,whatsapp,v1,True,False,2018-2022,desconhecido,True
12799,0,-0.259939,0.130123,0.390061,0.575938,FakeWhatsApp.BR_2018,whatsapp,v1,True,False,2018-2022,desconhecido,True
12798,0,-0.360791,0.314214,0.675004,0.623761,FakeWhatsApp.BR_2018,whatsapp,v1,True,False,2018-2022,desconhecido,True
12797,1,0.081731,-0.155361,-0.237093,0.466847,FakeWhatsApp.BR_2018,whatsapp,v1,True,False,2018-2022,desconhecido,False
12796,0,-2.564365,2.839908,5.404273,0.978446,FakeWhatsApp.BR_2018,whatsapp,v1,True,False,2018-2022,desconhecido,False
12795,1,0.827814,-1.018087,-1.845901,0.221187,FakeWhatsApp.BR_2018,whatsapp,v1,True,False,2018-2022,desconhecido,False
12826,1,-2.254602,2.486854,4.741456,0.966155,FakeWhatsApp.BR_2018,whatsapp,v1,True,False,2018-2022,desconhecido,True
12825,1,-1.983102,2.194748,4.177850,0.950597,FakeWhatsApp.BR_2018,whatsapp,v1,True,False,2018-2022,desconhecido,True
12824,1,-1.283290,1.439020,2.722310,0.874175,FakeWhatsApp.BR_2018,whatsapp,v1,True,False,2018-2022,desconhecido,True
12823,1,-1.293896,1.566169,2.860065,0.884403,FakeWhatsApp.BR_2018,whatsapp,v1,True,False,2018-2022,desconhecido,True
12822,1,-1.475142,1.664943,3.140085,0.902979,FakeWhatsApp.BR_2018,whatsapp,v1,True,False,2018-2022,desconhecido,True
12821,1,-0.628859,0.705400,1.334259,0.724508,FakeWhatsApp.BR_2018,whatsapp,v1,True,False,2018-2022,desconhecido,True
12820,1,0.260679,-0.430681,-0.691360,0.389186,FakeWhatsApp.BR_2018,whatsapp,v1,True,False,2018-2022,desconhecido,True
12819,1,-1.210902,1.328483,2.539385,0.859406,FakeWhatsApp.BR_2018,whatsapp,v1,True,False,2018-2022,desconhecido,False
12818,0,-0.199981,0.077599,0.277581,0.556606,FakeWhatsApp.BR_2018,whatsapp,v1,True,False,2018-2022,desconhecido,True
12817,0,2.271340,-2.427910,-4.699250,0.037121,FakeWhatsApp.BR_2018,whatsapp,v1,True,False,2018-2022,desconhecido,True
12816,1,-2.291699,2.387831,4.679531,0.964709,FakeWhatsApp.BR_2018,whatsapp,v1,True,False,2018-2022,desconhecido,False
12815,0,0.715230,-0.790250,-1.505480,0.264928,FakeWhatsApp.BR_2018,whatsapp,v1,True,False,2018-2022,desconhecido,True
12814,1,-1.358921,1.518614,2.877534,0.885647,FakeWhatsApp.BR_2018,whatsapp,v1,True,False,2018-2022,desconhecido,False
12813,0,-0.179843,0.214945,0.394788,0.576746,FakeWhatsApp.BR_2018,whatsapp,v1,True,False,2018-2022,desconhecido,False
12811,1,-0.991252,1.056288,2.047540,0.812470,FakeWhatsApp.BR_2018,whatsapp,v1,True,False,2018-2022,desconhecido,False
12842,0,1.450915,-1.686823,-3.137738,0.103134,FakeWhatsApp.BR_2018,whatsapp,v1,True,False,2018-2022,desconhecido,True
12841,0,-1.213140,1.465480,2.678620,0.870773,FakeWhatsApp.BR_2018,whatsapp,v1,True,False,2018-2022,desconhecido,False
12840,1,-0.606162,0.810980,1.417141,0.735934,FakeWhatsApp.BR_2018,whatsapp,v1,True,False,2018-2022,desconhecido,True
12839,1,-0.112161,0.035762,0.147923,0.534111,FakeWhatsApp.BR_2018,whatsapp,v1,True,False,2018-2022,desconhecido,True
12838,1,-2.055196,2.216912,4.272108,0.953604,FakeWhatsApp.BR_2018,whatsapp,v1,True,False,2018-2022,desconhecido,True
12837,1,-1.394386,1.588788,2.983174,0.892924,FakeWhatsApp.BR_2018,whatsapp,v1,True,False,2018-2022,desconhecido,False
12836,0,-0.944423,1.133716,2.078138,0.815711,FakeWhatsApp.BR_2018,whatsapp,v1,True,False,2018-2022,desconhecido,True
12835,1,-0.655951,0.689743,1.345694,0.726103,FakeWhatsApp.BR_2018,whatsapp,v1,True,False,2018-2022,desconhecido,True
12834,0,0.908588,-1.194960,-2.103548,0.191688,FakeWhatsApp.BR_2018,whatsapp,v1,True,False,2018-2022,desconhecido,True
12833,1,-2.531470,2.740008,5.271478,0.976396,FakeWhatsApp.BR_2018,whatsapp,v1,True,False,2018-2022,desconhecido,True
12832,1,-2.147408,2.339661,4.487070,0.959824,FakeWhatsApp.BR_2018,whatsapp,v1,True,False,2018-2022,desconhecido,False
12831,0,1.346789,-1.721786,-3.068576,0.107698,FakeWhatsApp.BR_2018,whatsapp,v1,True,False,2018-2022,desconhecido,True
12830,0,2.131721,-2.380018,-4.511739,0.042108,FakeWhatsApp.BR_2018,whatsapp,v1,True,False,2018-2022,desconhecido,True
12829,0,2.491354,-2.507863,-4.999217,0.030305,FakeWhatsApp.BR_2018,whatsapp,v1,True,False,2018-2022,desconhecido,True
12828,0,2.050232,-2.237317,-4.287549,0.048911,FakeWhatsApp.BR_2018,whatsapp,v1,True,False,2018-2022,desconhecido,True
12827,0,2.029710,-2.188930,-4.218639,0.051204,FakeWhatsApp.BR_2018,whatsapp,v1,True,False,2018-2022,desconhecido,True
12858,1,-0.971777,1.063370,2.035147,0.811145,FakeWhatsApp.BR_2018,whatsapp,v1,True,False,2018-2022,desconhecido,True
12857,0,0.431822,-0.637060,-1.068882,0.328506,FakeWhatsApp.BR_2018,whatsapp,v1,True,False,2018-2022,desconhecido,True
12856,0,1.273210,-1.432471,-2.705682,0.134645,FakeWhatsApp.BR_2018,whatsapp,v1,True,False,2018-2022,desconhecido,True
12855,1,-1.422775,1.493771,2.916546,0.888383,FakeWhatsApp.BR_2018,whatsapp,v1,True,False,2018-2022,desconhecido,True
12854,0,0.078270,-0.019388,-0.097658,0.491196,FakeWhatsApp.BR_2018,whatsapp,v1,True,False,2018-2022,desconhecido,True
12853,1,-2.232923,2.401263,4.634186,0.963612,FakeWhatsApp.BR_2018,whatsapp,v1,True,False,2018-2022,desconhecido,True
12852,0,1.358965,-1.515012,-2.873977,0.121502,FakeWhatsApp.BR_2018,whatsapp,v1,True,False,2018-2022,desconhecido,True
12851,0,2.465204,-2.846611,-5.311814,0.024496,FakeWhatsApp.BR_2018,whatsapp,v1,True,False,2018-2022,desconhecido,True
12850,0,2.317948,-2.422275,-4.740223,0.036110,FakeWhatsApp.BR_2018,whatsapp,v1,True,False,2018-2022,desconhecido,True
12849,0,2.410827,-2.616018,-5.026845,0.029742,FakeWhatsApp.BR_2018,whatsapp,v1,True,False,2018-2022,desconhecido,False
12848,1,-0.609972,0.697979,1.307951,0.720818,FakeWhatsApp.BR_2018,whatsapp,v1,True,False,2018-2022,desconhecido,False
12847,0,0.620739,-0.904079,-1.524818,0.262301,FakeWhatsApp.BR_2018,whatsapp,v1,True,False,2018-2022,desconhecido,False
12846,0,0.660490,-0.871415,-1.531905,0.261342,FakeWhatsApp.BR_2018,whatsapp,v1,True,False,2018-2022,desconhecido,False
12845,0,-1.541697,1.735720,3.277416,0.911080,FakeWhatsApp.BR_2018,whatsapp,v1,True,False,2018-2022,desconhecido,True
12844,1,-0.201749,0.171392,0.373141,0.573043,FakeWhatsApp.BR_2018,whatsapp,v1,True,False,2018-2022,desconhecido,True
12843,0,1.079112,-1.216432,-2.295544,0.171725,FakeWhatsApp.BR_2018,whatsapp,v1,True,False,2018-2022,desconhecido,False
12874,0,-1.266264,1.482309,2.748572,0.876183,FakeWhatsApp.BR_2018,whatsapp,v1,True,False,2018-2022,desconhecido,False
12873,0,-0.567389,0.498706,1.066095,0.685520,FakeWhatsApp.BR_2018,whatsapp,v1,True,False,2018-2022,desconhecido,True
12872,0,-2.178833,2.349268,4.528101,0.960917,FakeWhatsApp.BR_2018,whatsapp,v1,True,False,2018-2022,desconhecido,False
12871,1,0.404390,-0.302952,-0.707342,0.386531,FakeWhatsApp.BR_2018,whatsapp,v1,True,False,2018-2022,desconhecido,False
12870,0,1.516021,-1.748209,-3.264230,0.095228,FakeWhatsApp.BR_2018,whatsapp,v1,True,False,2018-2022,desconhecido,True
12869,1,0.297549,-0.433258,-0.730807,0.382644,FakeWhatsApp.BR_2018,whatsapp,v1,True,False,2018-2022,desconhecido,False
12868,0,-1.873566,2.148417,4.021983,0.945215,FakeWhatsApp.BR_2018,whatsapp,v1,True,False,2018-2022,desconhecido,False
12867,1,-0.628379,0.764811,1.393190,0.732664,FakeWhatsApp.BR_2018,whatsapp,v1,True,False,2018-2022,desconhecido,True
12866,1,-0.591779,0.641026,1.232804,0.710112,FakeWhatsApp.BR_2018,whatsapp,v1,True,False,2018-2022,desconhecido,True
12865,1,-1.524423,1.796946,3.321370,0.913541,FakeWhatsApp.BR_2018,whatsapp,v1,True,False,2018-2022,desconhecido,True
12864,1,0.129653,-0.132490,-0.262143,0.462486,FakeWhatsApp.BR_2018,whatsapp,v1,True,False,2018-2022,desconhecido,True
12862,1,-1.177985,1.272301,2.450286,0.851701,FakeWhatsApp.BR_2018,whatsapp,v1,True,False,2018-2022,desconhecido,True
12861,1,-1.849496,1.976279,3.825774,0.937653,FakeWhatsApp.BR_2018,whatsapp,v1,True,False,2018-2022,desconhecido,True
12860,1,-0.613223,0.831830,1.445053,0.739713,FakeWhatsApp.BR_2018,whatsapp,v1,True,False,2018-2022,desconhecido,True
12859,1,-2.169947,2.282072,4.452020,0.958868,FakeWhatsApp.BR_2018,whatsapp,v1,True,False,2018-2022,desconhecido,True
12890,0,-0.058091,0.066585,0.124676,0.530060,FakeWhatsApp.BR_2018,whatsapp,v1,True,False,2018-2022,desconhecido,True
12889,1,0.130804,-0.102531,-0.233335,0.467502,FakeWhatsApp.BR_2018,whatsapp,v1,True,False,2018-2022,desconhecido,True
12888,1,-0.054850,-0.113128,-0.058279,0.498085,FakeWhatsApp.BR_2018,whatsapp,v1,True,False,2018-2022,desconhecido,False
12887,0,0.892249,-1.154918,-2.047168,0.197876,FakeWhatsApp.BR_2018,whatsapp,v1,True,False,2018-2022,desconhecido,True
12886,1,-2.324876,2.593186,4.918062,0.969972,FakeWhatsApp.BR_2018,whatsapp,v1,True,False,2018-2022,desconhecido,True
12885,0,2.341885,-2.433190,-4.775075,0.035271,FakeWhatsApp.BR_2018,whatsapp,v1,True,False,2018-2022,desconhecido,False
12884,1,-1.664969,1.903243,3.568212,0.926246,FakeWhatsApp.BR_2018,whatsapp,v1,True,False,2018-2022,desconhecido,False
12883,1,-2.445222,2.623928,5.069150,0.972903,FakeWhatsApp.BR_2018,whatsapp,v1,True,False,2018-2022,desconhecido,True
12882,0,2.371655,-2.328670,-4.700325,0.037095,FakeWhatsApp.BR_2018,whatsapp,v1,True,False,2018-2022,desconhecido,True
12881,1,-1.831882,2.097083,3.928964,0.941744,FakeWhatsApp.BR_2018,whatsapp,v1,True,False,2018-2022,desconhecido,True
12880,1,-1.688399,1.884589,3.572989,0.926474,FakeWhatsApp.BR_2018,whatsapp,v1,True,False,2018-2022,desconhecido,True
12879,1,-1.242073,1.472752,2.714825,0.873598,FakeWhatsApp.BR_2018,whatsapp,v1,True,False,2018-2022,desconhecido,False
12878,1,-0.750859,0.755745,1.506604,0.747921,FakeWhatsApp.BR_2018,whatsapp,v1,True,False,2018-2022,desconhecido,True
12877,0,0.045099,-0.309873,-0.354972,0.446381,FakeWhatsApp.BR_2018,whatsapp,v1,True,False,2018-2022,desconhecido,True
12876,1,-2.018985,2.315474,4.334459,0.955497,FakeWhatsApp.BR_2018,whatsapp,v1,True,False,2018-2022,desconhecido,True
12875,1,-0.754208,0.601628,1.355836,0.727512,FakeWhatsApp.BR_2018,whatsapp,v1,True,False,2018-2022,desconhecido,True
12906,0,1.517720,-1.557767,-3.075488,0.107234,FakeWhatsApp.BR_2018,whatsapp,v1,True,False,2018-2022,desconhecido,True
12905,0,0.737006,-1.177219,-1.914225,0.213060,FakeWhatsApp.BR_2018,whatsapp,v1,True,False,2018-2022,desconhecido,True
12904,0,-0.640422,0.717875,1.358297,0.727853,FakeWhatsApp.BR_2018,whatsapp,v1,True,False,2018-2022,desconhecido,True
12903,1,-1.400636,1.504423,2.905059,0.887583,FakeWhatsApp.BR_2018,whatsapp,v1,True,False,2018-2022,desconhecido,True
12902,0,1.468374,-1.451249,-2.919623,0.118133,FakeWhatsApp.BR_2018,whatsapp,v1,True,False,2018-2022,desconhecido,False
12901,0,2.575551,-2.626420,-5.201971,0.026402,FakeWhatsApp.BR_2018,whatsapp,v1,True,False,2018-2022,desconhecido,False
12900,0,1.876988,-1.897185,-3.774173,0.068606,FakeWhatsApp.BR_2018,whatsapp,v1,True,False,2018-2022,desconhecido,False
12899,0,-0.546086,0.371831,0.917917,0.662745,FakeWhatsApp.BR_2018,whatsapp,v1,True,False,2018-2022,desconhecido,True
12898,1,-0.934633,1.287599,2.222232,0.830391,FakeWhatsApp.BR_2018,whatsapp,v1,True,False,2018-2022,desconhecido,True
12897,0,2.484564,-2.838416,-5.322980,0.024310,FakeWhatsApp.BR_2018,whatsapp,v1,True,False,2018-2022,desconhecido,True
12896,1,-0.836906,0.863901,1.700807,0.772674,FakeWhatsApp.BR_2018,whatsapp,v1,True,False,2018-2022,desconhecido,True
12895,1,-1.904440,1.994076,3.898516,0.940564,FakeWhatsApp.BR_2018,whatsapp,v1,True,False,2018-2022,desconhecido,False
12894,0,0.719418,-0.813746,-1.533164,0.261172,FakeWhatsApp.BR_2018,whatsapp,v1,True,False,2018-2022,desconhecido,True
12893,0,1.600220,-1.692576,-3.292796,0.093520,FakeWhatsApp.BR_2018,whatsapp,v1,True,False,2018-2022,desconhecido,False
12892,1,-0.273510,0.242137,0.515648,0.597249,FakeWhatsApp.BR_2018,whatsapp,v1,True,False,2018-2022,desconhecido,False
12891,0,1.806152,-2.195435,-4.001587,0.059108,FakeWhatsApp.BR_2018,whatsapp,v1,True,False,2018-2022,desconhecido,True
12922,1,-1.660902,1.689241,3.350143,0.915118,FakeWhatsApp.BR_2018,whatsapp,v1,True,False,2018-2022,desconhecido,False
12921,0,2.291138,-2.458477,-4.749615,0.035882,FakeWhatsApp.BR_2018,whatsapp,v1,True,False,2018-2022,desconhecido,True
12920,0,2.447009,-2.812712,-5.259720,0.025382,FakeWhatsApp.BR_2018,whatsapp,v1,True,False,2018-2022,desconhecido,True
12919,0,2.259928,-2.494128,-4.754056,0.035775,FakeWhatsApp.BR_2018,whatsapp,v1,True,False,2018-2022,desconhecido,False
12918,0,-1.861607,1.657895,3.519502,0.923883,FakeWhatsApp.BR_2018,whatsapp,v1,True,False,2018-2022,desconhecido,False
12917,0,2.273448,-2.494646,-4.768094,0.035437,FakeWhatsApp.BR_2018,whatsapp,v1,True,False,2018-2022,desconhecido,False
12916,0,2.273448,-2.494646,-4.768094,0.035437,FakeWhatsApp.BR_2018,whatsapp,v1,True,False,2018-2022,desconhecido,False
12915,0,2.258235,-2.461767,-4.720003,0.036606,FakeWhatsApp.BR_2018,whatsapp,v1,True,False,2018-2022,desconhecido,False
12914,0,2.250323,-2.463930,-4.714253,0.036748,FakeWhatsApp.BR_2018,whatsapp,v1,True,False,2018-2022,desconhecido,False
12913,0,2.308199,-2.541925,-4.850123,0.033526,FakeWhatsApp.BR_2018,whatsapp,v1,True,False,2018-2022,desconhecido,True
12912,0,2.249064,-2.439817,-4.688881,0.037382,FakeWhatsApp.BR_2018,whatsapp,v1,True,False,2018-2022,desconhecido,True
12911,0,2.114235,-2.237859,-4.352094,0.046852,FakeWhatsApp.BR_2018,whatsapp,v1,True,False,2018-2022,desconhecido,True
12910,1,-2.861509,3.274532,6.136041,0.986972,FakeWhatsApp.BR_2018,whatsapp,v1,True,False,2018-2022,desconhecido,True
12909,0,2.427749,-2.767605,-5.195354,0.026521,FakeWhatsApp.BR_2018,whatsapp,v1,True,False,2018-2022,desconhecido,True
12908,0,0.637089,-0.693632,-1.330722,0.289420,FakeWhatsApp.BR_2018,whatsapp,v1,True,False,2018-2022,desconhecido,True
12907,1,-2.220064,2.327496,4.547561,0.961425,FakeWhatsApp.BR_2018,whatsapp,v1,True,False,2018-2022,desconhecido,True
12938,1,-2.563967,2.834137,5.398105,0.978355,FakeWhatsApp.BR_2018,whatsapp,v1,True,False,2018-2022,desconhecido,True
12937,1,-2.098605,2.378908,4.477512,0.959566,FakeWhatsApp.BR_2018,whatsapp,v1,True,False,2018-2022,desconhecido,True
12936,0,1.442749,-1.694766,-3.137515,0.103148,FakeWhatsApp.BR_2018,whatsapp,v1,True,False,2018-2022,desconhecido,True
12935,1,-0.850431,0.884058,1.734489,0.776788,FakeWhatsApp.BR_2018,whatsapp,v1,True,False,2018-2022,desconhecido,True
12934,0,-0.525470,0.546045,1.071515,0.686337,FakeWhatsApp.BR_2018,whatsapp,v1,True,False,2018-2022,desconhecido,True
12933,0,0.149298,-0.159549,-0.308847,0.454371,FakeWhatsApp.BR_2018,whatsapp,v1,True,False,2018-2022,desconhecido,False
12932,1,-1.046375,1.144303,2.190678,0.827258,FakeWhatsApp.BR_2018,whatsapp,v1,True,False,2018-2022,desconhecido,True
12931,0,0.641843,-0.701608,-1.343451,0.287591,FakeWhatsApp.BR_2018,whatsapp,v1,True,False,2018-2022,desconhecido,True
12930,1,-1.579610,1.497420,3.077030,0.899044,FakeWhatsApp.BR_2018,whatsapp,v1,True,False,2018-2022,desconhecido,False
12929,1,-2.261287,2.485541,4.746828,0.966278,FakeWhatsApp.BR_2018,whatsapp,v1,True,False,2018-2022,desconhecido,True
12928,0,-0.712827,0.683881,1.396709,0.733146,FakeWhatsApp.BR_2018,whatsapp,v1,True,False,2018-2022,desconhecido,True
12927,1,-1.830572,2.144242,3.974814,0.943480,FakeWhatsApp.BR_2018,whatsapp,v1,True,False,2018-2022,desconhecido,True
12926,1,-2.366436,2.646338,5.012774,0.971843,FakeWhatsApp.BR_2018,whatsapp,v1,True,False,2018-2022,desconhecido,True
12925,1,-2.409373,2.832510,5.241883,0.975914,FakeWhatsApp.BR_2018,whatsapp,v1,True,False,2018-2022,desconhecido,False
12924,1,-0.592010,0.386619,0.978629,0.672175,FakeWhatsApp.BR_2018,whatsapp,v1,True,False,2018-2022,desconhecido,True
12923,0,-0.505259,0.132073,0.637333,0.617554,FakeWhatsApp.BR_2018,whatsapp,v1,True,False,2018-2022,desconhecido,True
12954,0,-1.333354,1.437824,2.771178,0.877889,FakeWhatsApp.BR_2018,whatsapp,v1,True,False,2018-2022,desconhecido,True
12953,0,1.832174,-1.848801,-3.680975,0.072893,FakeWhatsApp.BR_2018,whatsapp,v1,True,False,2018-2022,desconhecido,True
12952,1,-0.945265,1.093437,2.038702,0.811525,FakeWhatsApp.BR_2018,whatsapp,v1,True,False,2018-2022,desconhecido,False
12951,0,-2.023845,2.223348,4.247193,0.952827,FakeWhatsApp.BR_2018,whatsapp,v1,True,False,2018-2022,desconhecido,True
12950,1,-2.171426,2.413200,4.584626,0.962376,FakeWhatsApp.BR_2018,whatsapp,v1,True,False,2018-2022,desconhecido,True
12949,1,-0.688341,0.591773,1.280114,0.716881,FakeWhatsApp.BR_2018,whatsapp,v1,True,False,2018-2022,desconhecido,True
12948,1,-2.509429,2.710593,5.220022,0.975552,FakeWhatsApp.BR_2018,whatsapp,v1,True,False,2018-2022,desconhecido,False
12947,0,2.421947,-2.721336,-5.143282,0.027478,FakeWhatsApp.BR_2018,whatsapp,v1,True,False,2018-2022,desconhecido,True
12946,0,1.614553,-1.902984,-3.517537,0.081011,FakeWhatsApp.BR_2018,whatsapp,v1,True,False,2018-2022,desconhecido,True
12945,0,2.394694,-2.779188,-5.173882,0.026912,FakeWhatsApp.BR_2018,whatsapp,v1,True,False,2018-2022,desconhecido,True
12944,1,0.086060,-0.205920,-0.291980,0.457299,FakeWhatsApp.BR_2018,whatsapp,v1,True,False,2018-2022,desconhecido,False
12943,1,0.305536,-0.221493,-0.527028,0.416849,FakeWhatsApp.BR_2018,whatsapp,v1,True,False,2018-2022,desconhecido,False
12942,0,-0.742197,0.805133,1.547329,0.753256,FakeWhatsApp.BR_2018,whatsapp,v1,True,False,2018-2022,desconhecido,False
12941,1,-2.399993,2.575548,4.975541,0.971122,FakeWhatsApp.BR_2018,whatsapp,v1,True,False,2018-2022,desconhecido,True
12940,1,-2.660008,2.933015,5.593023,0.981063,FakeWhatsApp.BR_2018,whatsapp,v1,True,False,2018-2022,desconhecido,False
12939,0,2.332090,-2.480489,-4.812579,0.034388,FakeWhatsApp.BR_2018,whatsapp,v1,True,False,2018-2022,desconhecido,True
12970,0,2.279853,-2.546056,-4.825909,0.034080,FakeWhatsApp.BR_2018,whatsapp,v1,True,False,2018-2022,desconhecido,True
12969,0,-0.083224,-0.233144,-0.149920,0.482059,FakeWhatsApp.BR_2018,whatsapp,v1,True,False,2018-2022,desconhecido,False
12968,1,-1.478975,1.623619,3.102595,0.900656,FakeWhatsApp.BR_2018,whatsapp,v1,True,False,2018-2022,desconhecido,False
12967,1,-1.431846,1.749206,3.181052,0.905462,FakeWhatsApp.BR_2018,whatsapp,v1,True,False,2018-2022,desconhecido,True
12966,0,1.946340,-2.214906,-4.161246,0.053191,FakeWhatsApp.BR_2018,whatsapp,v1,True,False,2018-2022,desconhecido,True
12965,0,-1.875089,2.154604,4.029693,0.945493,FakeWhatsApp.BR_2018,whatsapp,v1,True,False,2018-2022,desconhecido,True
12964,0,2.604075,-2.865158,-5.469234,0.021997,FakeWhatsApp.BR_2018,whatsapp,v1,True,False,2018-2022,desconhecido,False
12963,1,-2.119514,2.466222,4.585735,0.962404,FakeWhatsApp.BR_2018,whatsapp,v1,True,False,2018-2022,desconhecido,True
12962,0,-1.080265,1.242138,2.322403,0.840037,FakeWhatsApp.BR_2018,whatsapp,v1,True,False,2018-2022,desconhecido,True
12961,1,-2.029813,2.187172,4.216985,0.951867,FakeWhatsApp.BR_2018,whatsapp,v1,True,False,2018-2022,desconhecido,False
12960,0,1.895034,-1.814884,-3.709918,0.071536,FakeWhatsApp.BR_2018,whatsapp,v1,True,False,2018-2022,desconhecido,True
12959,0,-0.261126,0.505817,0.766943,0.638737,FakeWhatsApp.BR_2018,whatsapp,v1,True,False,2018-2022,desconhecido,False
12958,1,-1.947925,2.071122,4.019048,0.945108,FakeWhatsApp.BR_2018,whatsapp,v1,True,False,2018-2022,desconhecido,True
12957,0,0.557463,-0.810508,-1.367970,0.284088,FakeWhatsApp.BR_2018,whatsapp,v1,True,False,2018-2022,desconhecido,True
12956,1,-2.076304,2.247722,4.324026,0.955186,FakeWhatsApp.BR_2018,whatsapp,v1,True,False,2018-2022,desconhecido,True
12955,1,-1.104973,1.211658,2.316631,0.839494,FakeWhatsApp.BR_2018,whatsapp,v1,True,False,2018-2022,desconhecido,True
12986,1,-1.416904,1.493637,2.910541,0.887965,FakeWhatsApp.BR_2018,whatsapp,v1,True,False,2018-2022,desconhecido,True
12985,0,-0.998718,1.070182,2.068900,0.814737,FakeWhatsApp.BR_2018,whatsapp,v1,True,False,2018-2022,desconhecido,False
12984,0,2.187838,-2.460124,-4.647963,0.038426,FakeWhatsApp.BR_2018,whatsapp,v1,True,False,2018-2022,desconhecido,True
12983,1,1.115834,-1.183750,-2.299584,0.171323,FakeWhatsApp.BR_2018,whatsapp,v1,True,False,2018-2022,desconhecido,True
12982,1,-2.550848,2.693475,5.244323,0.975954,FakeWhatsApp.BR_2018,whatsapp,v1,True,False,2018-2022,desconhecido,True
12981,0,-0.527655,0.597575,1.125230,0.694373,FakeWhatsApp.BR_2018,whatsapp,v1,True,False,2018-2022,desconhecido,True
12980,0,2.320576,-2.570561,-4.891137,0.032609,FakeWhatsApp.BR_2018,whatsapp,v1,True,False,2018-2022,desconhecido,True
12979,0,1.586433,-1.662153,-3.248585,0.096176,FakeWhatsApp.BR_2018,whatsapp,v1,True,False,2018-2022,desconhecido,True
12978,1,-0.337817,0.366150,0.703967,0.628506,FakeWhatsApp.BR_2018,whatsapp,v1,True,False,2018-2022,desconhecido,True
12977,0,-0.761114,0.742574,1.503688,0.747536,FakeWhatsApp.BR_2018,whatsapp,v1,True,False,2018-2022,desconhecido,True
12976,1,-0.572881,0.583786,1.156667,0.699022,FakeWhatsApp.BR_2018,whatsapp,v1,True,False,2018-2022,desconhecido,True
12975,1,0.064442,-0.093584,-0.158026,0.480642,FakeWhatsApp.BR_2018,whatsapp,v1,True,False,2018-2022,desconhecido,True
12974,1,-2.546292,2.853209,5.399501,0.978376,FakeWhatsApp.BR_2018,whatsapp,v1,True,False,2018-2022,desconhecido,True
12973,1,-0.606058,0.730566,1.336624,0.724838,FakeWhatsApp.BR_2018,whatsapp,v1,True,False,2018-2022,desconhecido,True
12972,0,0.394421,-0.486441,-0.880862,0.358160,FakeWhatsApp.BR_2018,whatsapp,v1,True,False,2018-2022,desconhecido,True
12971,1,-1.596187,1.746114,3.342301,0.914691,FakeWhatsApp.BR_2018,whatsapp,v1,True,False,2018-2022,desconhecido,True
13002,0,0.145964,-0.266936,-0.412900,0.436385,FakeWhatsApp.BR_2018,whatsapp,v1,True,False,2018-2022,desconhecido,True
13001,1,-2.418466,2.681801,5.100266,0.973471,FakeWhatsApp.BR_2018,whatsapp,v1,True,False,2018-2022,desconhecido,True
13000,1,-2.254767,2.453373,4.708140,0.965384,FakeWhatsApp.BR_2018,whatsapp,v1,True,False,2018-2022,desconhecido,True
12999,0,1.225365,-1.486955,-2.712320,0.134105,FakeWhatsApp.BR_2018,whatsapp,v1,True,False,2018-2022,desconhecido,True
12998,1,-1.627659,1.734200,3.361859,0.915753,FakeWhatsApp.BR_2018,whatsapp,v1,True,False,2018-2022,desconhecido,False
12997,0,2.237984,-2.439294,-4.677278,0.037675,FakeWhatsApp.BR_2018,whatsapp,v1,True,False,2018-2022,desconhecido,False
12996,1,1.352342,-1.577225,-2.929567,0.117410,FakeWhatsApp.BR_2018,whatsapp,v1,True,False,2018-2022,desconhecido,True
12995,1,0.009259,0.239519,0.230260,0.548418,FakeWhatsApp.BR_2018,whatsapp,v1,True,False,2018-2022,desconhecido,False
12994,0,1.965863,-2.148235,-4.114099,0.054878,FakeWhatsApp.BR_2018,whatsapp,v1,True,False,2018-2022,desconhecido,True
12993,0,-0.427599,0.445510,0.873109,0.655700,FakeWhatsApp.BR_2018,whatsapp,v1,True,False,2018-2022,desconhecido,True
12992,0,1.027594,-1.198292,-2.225886,0.178770,FakeWhatsApp.BR_2018,whatsapp,v1,True,False,2018-2022,desconhecido,True
12991,0,0.663929,-0.689534,-1.353462,0.286158,FakeWhatsApp.BR_2018,whatsapp,v1,True,False,2018-2022,desconhecido,False
12990,0,-0.517472,0.672349,1.189821,0.703881,FakeWhatsApp.BR_2018,whatsapp,v1,True,False,2018-2022,desconhecido,False
12989,1,-2.008962,2.185932,4.194895,0.951154,FakeWhatsApp.BR_2018,whatsapp,v1,True,False,2018-2022,desconhecido,False
12988,1,-2.677810,2.901319,5.579129,0.980881,FakeWhatsApp.BR_2018,whatsapp,v1,True,False,2018-2022,desconhecido,False
12987,0,-0.712756,0.884575,1.597331,0.759703,FakeWhatsApp.BR_2018,whatsapp,v1,True,False,2018-2022,desconhecido,True
13018,1,-2.103752,2.306055,4.409807,0.957687,FakeWhatsApp.BR_2018,whatsapp,v1,True,False,2018-2022,desconhecido,True
13017,1,-2.455384,2.771562,5.226946,0.975667,FakeWhatsApp.BR_2018,whatsapp,v1,True,False,2018-2022,desconhecido,False
13016,1,0.542334,-0.458045,-1.000378,0.339168,FakeWhatsApp.BR_2018,whatsapp,v1,True,False,2018-2022,desconhecido,False
13015,1,-2.365272,2.743477,5.108748,0.973624,FakeWhatsApp.BR_2018,whatsapp,v1,True,False,2018-2022,desconhecido,True
13014,0,1.881997,-1.912488,-3.794485,0.067703,FakeWhatsApp.BR_2018,whatsapp,v1,True,False,2018-2022,desconhecido,True
13013,0,1.453545,-1.589591,-3.043137,0.109421,FakeWhatsApp.BR_2018,whatsapp,v1,True,False,2018-2022,desconhecido,True
13012,1,-2.598429,2.856740,5.455169,0.979185,FakeWhatsApp.BR_2018,whatsapp,v1,True,False,2018-2022,desconhecido,False
13011,1,-1.387185,1.546594,2.933779,0.889573,FakeWhatsApp.BR_2018,whatsapp,v1,True,False,2018-2022,desconhecido,False
13010,1,-0.240656,0.234454,0.475110,0.590406,FakeWhatsApp.BR_2018,whatsapp,v1,True,False,2018-2022,desconhecido,True
13009,0,2.086257,-2.368034,-4.454291,0.043760,FakeWhatsApp.BR_2018,whatsapp,v1,True,False,2018-2022,desconhecido,True
13008,1,0.195120,-0.290506,-0.485625,0.423909,FakeWhatsApp.BR_2018,whatsapp,v1,True,False,2018-2022,desconhecido,False
13007,1,1.557197,-1.850233,-3.407430,0.086937,FakeWhatsApp.BR_2018,whatsapp,v1,True,False,2018-2022,desconhecido,False
13006,1,-1.643513,1.672080,3.315593,0.913221,FakeWhatsApp.BR_2018,whatsapp,v1,True,False,2018-2022,desconhecido,True
13005,1,-2.849149,3.030912,5.880060,0.984456,FakeWhatsApp.BR_2018,whatsapp,v1,True,False,2018-2022,desconhecido,True
13004,0,0.110923,-0.078595,-0.189518,0.475143,FakeWhatsApp.BR_2018,whatsapp,v1,True,False,2018-2022,desconhecido,True
13003,0,2.723127,-2.865042,-5.588169,0.020276,FakeWhatsApp.BR_2018,whatsapp,v1,True,False,2018-2022,desconhecido,True
13034,0,-1.498014,1.804012,3.302026,0.912465,FakeWhatsApp.BR_2018,whatsapp,v1,True,False,2018-2022,desconhecido,True
13033,0,1.258733,-1.493240,-2.751974,0.130915,FakeWhatsApp.BR_2018,whatsapp,v1,True,False,2018-2022,desconhecido,False
13032,1,0.777757,-0.896938,-1.674695,0.242515,FakeWhatsApp.BR_2018,whatsapp,v1,True,False,2018-2022,desconhecido,False
13031,1,-1.253845,1.714157,2.968002,0.891904,FakeWhatsApp.BR_2018,whatsapp,v1,True,False,2018-2022,desconhecido,False
13030,1,-0.773010,1.064525,1.837536,0.789042,FakeWhatsApp.BR_2018,whatsapp,v1,True,False,2018-2022,desconhecido,False
13029,0,-0.928679,1.123757,2.052436,0.812991,FakeWhatsApp.BR_2018,whatsapp,v1,True,False,2018-2022,desconhecido,False
13028,0,-1.534004,1.660493,3.194497,0.906265,FakeWhatsApp.BR_2018,whatsapp,v1,True,False,2018-2022,desconhecido,False
13027,1,-2.509111,2.801672,5.310782,0.977022,FakeWhatsApp.BR_2018,whatsapp,v1,True,False,2018-2022,desconhecido,True
13026,1,-0.560139,0.411298,0.971437,0.671065,FakeWhatsApp.BR_2018,whatsapp,v1,True,False,2018-2022,desconhecido,True
13025,1,0.533372,-0.668985,-1.202357,0.308239,FakeWhatsApp.BR_2018,whatsapp,v1,True,False,2018-2022,desconhecido,True
13024,1,-2.277075,2.541827,4.818902,0.967883,FakeWhatsApp.BR_2018,whatsapp,v1,True,False,2018-2022,desconhecido,False
13023,1,-1.586492,1.798442,3.384934,0.916990,FakeWhatsApp.BR_2018,whatsapp,v1,True,False,2018-2022,desconhecido,True
13022,0,1.112286,-1.187385,-2.299671,0.171314,FakeWhatsApp.BR_2018,whatsapp,v1,True,False,2018-2022,desconhecido,False
13021,1,1.046094,-1.286935,-2.333030,0.168025,FakeWhatsApp.BR_2018,whatsapp,v1,True,False,2018-2022,desconhecido,True
13020,1,-0.085543,-0.186145,-0.100602,0.490681,FakeWhatsApp.BR_2018,whatsapp,v1,True,False,2018-2022,desconhecido,False
13019,0,1.468477,-1.711263,-3.179740,0.100446,FakeWhatsApp.BR_2018,whatsapp,v1,True,False,2018-2022,desconhecido,True
13050,1,-0.687902,0.645526,1.333428,0.724392,FakeWhatsApp.BR_2018,whatsapp,v1,True,False,2018-2022,desconhecido,True
13049,0,2.143013,-2.249602,-4.392614,0.045602,FakeWhatsApp.BR_2018,whatsapp,v1,True,False,2018-2022,desconhecido,False
13048,0,-1.233047,1.226571,2.459619,0.852524,FakeWhatsApp.BR_2018,whatsapp,v1,True,False,2018-2022,desconhecido,False
13047,1,1.310762,-1.543860,-2.854622,0.122956,FakeWhatsApp.BR_2018,whatsapp,v1,True,False,2018-2022,desconhecido,False
13046,1,-0.167660,-0.073606,0.094054,0.524718,FakeWhatsApp.BR_2018,whatsapp,v1,True,False,2018-2022,desconhecido,True
13045,1,0.155003,-0.281882,-0.436884,0.432261,FakeWhatsApp.BR_2018,whatsapp,v1,True,False,2018-2022,desconhecido,False
13044,0,0.571737,-0.800237,-1.371975,0.283519,FakeWhatsApp.BR_2018,whatsapp,v1,True,False,2018-2022,desconhecido,False
13043,1,-0.475309,0.524462,0.999771,0.675428,FakeWhatsApp.BR_2018,whatsapp,v1,True,False,2018-2022,desconhecido,True
13042,0,0.610066,-0.825099,-1.435165,0.274622,FakeWhatsApp.BR_2018,whatsapp,v1,True,False,2018-2022,desconhecido,True
13041,1,-1.387722,1.541757,2.929480,0.889277,FakeWhatsApp.BR_2018,whatsapp,v1,True,False,2018-2022,desconhecido,True
13040,1,-0.407733,0.128742,0.536475,0.600750,FakeWhatsApp.BR_2018,whatsapp,v1,True,False,2018-2022,desconhecido,True
13039,0,0.755229,-0.928742,-1.683970,0.241325,FakeWhatsApp.BR_2018,whatsapp,v1,True,False,2018-2022,desconhecido,True
13038,1,-2.446347,2.820639,5.266986,0.976324,FakeWhatsApp.BR_2018,whatsapp,v1,True,False,2018-2022,desconhecido,True
13037,0,2.153991,-2.334647,-4.488637,0.042765,FakeWhatsApp.BR_2018,whatsapp,v1,True,False,2018-2022,desconhecido,True
13036,1,-1.843390,2.081759,3.925149,0.941597,FakeWhatsApp.BR_2018,whatsapp,v1,True,False,2018-2022,desconhecido,True
13035,1,-0.182797,0.318949,0.501746,0.594906,FakeWhatsApp.BR_2018,whatsapp,v1,True,False,2018-2022,desconhecido,False
13066,0,2.003999,-2.202748,-4.206747,0.051610,FakeWhatsApp.BR_2018,whatsapp,v1,True,False,2018-2022,desconhecido,True
13065,0,-0.433455,0.557726,0.991180,0.674108,FakeWhatsApp.BR_2018,whatsapp,v1,True,False,2018-2022,desconhecido,True
13064,1,-0.458989,0.629927,1.088916,0.688953,FakeWhatsApp.BR_2018,whatsapp,v1,True,False,2018-2022,desconhecido,True
13063,1,-2.042848,2.305744,4.348592,0.955916,FakeWhatsApp.BR_2018,whatsapp,v1,True,False,2018-2022,desconhecido,False
13062,0,0.881272,-0.935383,-1.816656,0.224733,FakeWhatsApp.BR_2018,whatsapp,v1,True,False,2018-2022,desconhecido,True
13061,0,0.161217,-0.050938,-0.212155,0.471194,FakeWhatsApp.BR_2018,whatsapp,v1,True,False,2018-2022,desconhecido,False
13060,0,0.645454,-0.591802,-1.237257,0.303056,FakeWhatsApp.BR_2018,whatsapp,v1,True,False,2018-2022,desconhecido,True
13059,1,0.043834,-0.065006,-0.108839,0.489240,FakeWhatsApp.BR_2018,whatsapp,v1,True,False,2018-2022,desconhecido,False
13058,1,-1.023355,1.361078,2.384433,0.845785,FakeWhatsApp.BR_2018,whatsapp,v1,True,False,2018-2022,desconhecido,True
13057,1,-1.212758,1.147648,2.360405,0.843579,FakeWhatsApp.BR_2018,whatsapp,v1,True,False,2018-2022,desconhecido,True
13056,1,-1.846124,2.158315,4.004438,0.944575,FakeWhatsApp.BR_2018,whatsapp,v1,True,False,2018-2022,desconhecido,True
13055,1,-0.674837,0.729708,1.404546,0.734217,FakeWhatsApp.BR_2018,whatsapp,v1,True,False,2018-2022,desconhecido,True
13054,1,-1.456570,1.683103,3.139674,0.902954,FakeWhatsApp.BR_2018,whatsapp,v1,True,False,2018-2022,desconhecido,False
13053,0,-0.078625,0.068718,0.147343,0.534010,FakeWhatsApp.BR_2018,whatsapp,v1,True,False,2018-2022,desconhecido,True
13052,0,2.244718,-2.512641,-4.757359,0.035695,FakeWhatsApp.BR_2018,whatsapp,v1,True,False,2018-2022,desconhecido,False
13051,0,-0.450781,0.442550,0.893331,0.658888,FakeWhatsApp.BR_2018,whatsapp,v1,True,False,2018-2022,desconhecido,True
13082,1,-2.788656,3.022365,5.811021,0.983699,FakeWhatsApp.BR_2018,whatsapp,v1,True,False,2018-2022,desconhecido,True
13081,1,-2.711721,2.918353,5.630074,0.981539,FakeWhatsApp.BR_2018,whatsapp,v1,True,False,2018-2022,desconhecido,False
13080,1,-2.824075,3.049816,5.873891,0.984390,FakeWhatsApp.BR_2018,whatsapp,v1,True,False,2018-2022,desconhecido,True
13079,1,-2.757742,3.041898,5.799640,0.983571,FakeWhatsApp.BR_2018,whatsapp,v1,True,False,2018-2022,desconhecido,True
13078,1,-1.951589,2.217839,4.169428,0.950319,FakeWhatsApp.BR_2018,whatsapp,v1,True,False,2018-2022,desconhecido,True
13077,1,-0.328825,0.482560,0.811386,0.645883,FakeWhatsApp.BR_2018,whatsapp,v1,True,False,2018-2022,desconhecido,True
13076,1,-1.828427,2.004164,3.832592,0.937932,FakeWhatsApp.BR_2018,whatsapp,v1,True,False,2018-2022,desconhecido,False
13075,0,-0.011067,0.074757,0.085823,0.523282,FakeWhatsApp.BR_2018,whatsapp,v1,True,False,2018-2022,desconhecido,True
13074,0,-0.159172,0.237014,0.396186,0.576985,FakeWhatsApp.BR_2018,whatsapp,v1,True,False,2018-2022,desconhecido,True
13073,0,-0.515121,0.588398,1.103519,0.691138,FakeWhatsApp.BR_2018,whatsapp,v1,True,False,2018-2022,desconhecido,True
13072,0,1.194100,-1.501081,-2.695181,0.135504,FakeWhatsApp.BR_2018,whatsapp,v1,True,False,2018-2022,desconhecido,True
13070,0,1.193343,-1.398386,-2.591729,0.144211,FakeWhatsApp.BR_2018,whatsapp,v1,True,False,2018-2022,desconhecido,False
13069,0,0.839809,-0.860836,-1.700645,0.239195,FakeWhatsApp.BR_2018,whatsapp,v1,True,False,2018-2022,desconhecido,False
13068,0,2.110816,-2.307140,-4.417956,0.044836,FakeWhatsApp.BR_2018,whatsapp,v1,True,False,2018-2022,desconhecido,True
13067,1,-0.029140,-0.010284,0.018856,0.511579,FakeWhatsApp.BR_2018,whatsapp,v1,True,False,2018-2022,desconhecido,True
13098,0,-0.068395,-0.028892,0.039504,0.515189,FakeWhatsApp.BR_2018,whatsapp,v1,True,False,2018-2022,desconhecido,True
13097,0,2.109853,-2.188827,-4.298679,0.048550,FakeWhatsApp.BR_2018,whatsapp,v1,True,False,2018-2022,desconhecido,True
13096,0,1.256728,-1.430895,-2.687623,0.136125,FakeWhatsApp.BR_2018,whatsapp,v1,True,False,2018-2022,desconhecido,True
13095,0,-0.219819,0.152825,0.372644,0.572958,FakeWhatsApp.BR_2018,whatsapp,v1,True,False,2018-2022,desconhecido,True
13094,0,0.205659,-0.395910,-0.601569,0.404225,FakeWhatsApp.BR_2018,whatsapp,v1,True,False,2018-2022,desconhecido,True
13093,1,-2.408216,2.653973,5.062189,0.972774,FakeWhatsApp.BR_2018,whatsapp,v1,True,False,2018-2022,desconhecido,True
13092,1,-1.455968,1.544036,3.000003,0.894045,FakeWhatsApp.BR_2018,whatsapp,v1,True,False,2018-2022,desconhecido,False
13091,0,-0.452507,0.639335,1.091843,0.689391,FakeWhatsApp.BR_2018,whatsapp,v1,True,False,2018-2022,desconhecido,False
13090,0,2.571304,-2.803050,-5.374353,0.023472,FakeWhatsApp.BR_2018,whatsapp,v1,True,False,2018-2022,desconhecido,True
13089,1,-1.567999,1.742833,3.310832,0.912956,FakeWhatsApp.BR_2018,whatsapp,v1,True,False,2018-2022,desconhecido,True
13088,0,1.137537,-1.247756,-2.385293,0.162974,FakeWhatsApp.BR_2018,whatsapp,v1,True,False,2018-2022,desconhecido,False
13087,0,2.288606,-2.577071,-4.865677,0.033175,FakeWhatsApp.BR_2018,whatsapp,v1,True,False,2018-2022,desconhecido,True
13086,0,1.130743,-1.511591,-2.642334,0.139895,FakeWhatsApp.BR_2018,whatsapp,v1,True,False,2018-2022,desconhecido,True
13085,0,2.397502,-2.696455,-5.093956,0.028416,FakeWhatsApp.BR_2018,whatsapp,v1,True,False,2018-2022,desconhecido,True
13084,0,1.328755,-1.579923,-2.908678,0.118934,FakeWhatsApp.BR_2018,whatsapp,v1,True,False,2018-2022,desconhecido,True
13083,1,-2.661226,2.924222,5.585447,0.980964,FakeWhatsApp.BR_2018,whatsapp,v1,True,False,2018-2022,desconhecido,False
13114,1,-2.032595,2.375154,4.407748,0.957628,FakeWhatsApp.BR_2018,whatsapp,v1,True,False,2018-2022,desconhecido,False
13113,0,-0.169795,0.200266,0.370062,0.572516,FakeWhatsApp.BR_2018,whatsapp,v1,True,False,2018-2022,desconhecido,True
13112,0,-0.639731,0.462651,1.102381,0.690968,FakeWhatsApp.BR_2018,whatsapp,v1,True,False,2018-2022,desconhecido,False
13111,0,-0.328473,0.356717,0.685190,0.625433,FakeWhatsApp.BR_2018,whatsapp,v1,True,False,2018-2022,desconhecido,True
13110,0,-0.903026,0.687840,1.590866,0.758876,FakeWhatsApp.BR_2018,whatsapp,v1,True,False,2018-2022,desconhecido,True
13109,0,-0.271465,0.233531,0.504995,0.595454,FakeWhatsApp.BR_2018,whatsapp,v1,True,False,2018-2022,desconhecido,False
13108,1,-1.408346,1.685344,3.093691,0.900097,FakeWhatsApp.BR_2018,whatsapp,v1,True,False,2018-2022,desconhecido,True
13107,0,1.926540,-1.976675,-3.903215,0.063055,FakeWhatsApp.BR_2018,whatsapp,v1,True,False,2018-2022,desconhecido,False
13106,1,-2.089957,2.271585,4.361543,0.956296,FakeWhatsApp.BR_2018,whatsapp,v1,True,False,2018-2022,desconhecido,True
13105,1,-0.515417,0.693625,1.209043,0.706677,FakeWhatsApp.BR_2018,whatsapp,v1,True,False,2018-2022,desconhecido,True
13104,0,-2.184270,2.302588,4.486858,0.959819,FakeWhatsApp.BR_2018,whatsapp,v1,True,False,2018-2022,desconhecido,False
13103,0,-0.223489,0.176828,0.400317,0.577690,FakeWhatsApp.BR_2018,whatsapp,v1,True,False,2018-2022,desconhecido,True
13102,0,-1.869415,2.138491,4.007906,0.944702,FakeWhatsApp.BR_2018,whatsapp,v1,True,False,2018-2022,desconhecido,True
13101,1,-2.109133,2.310884,4.420017,0.957975,FakeWhatsApp.BR_2018,whatsapp,v1,True,False,2018-2022,desconhecido,True
13100,0,-0.897416,0.894528,1.791944,0.783682,FakeWhatsApp.BR_2018,whatsapp,v1,True,False,2018-2022,desconhecido,False
13099,1,-1.130317,1.344795,2.475112,0.853883,FakeWhatsApp.BR_2018,whatsapp,v1,True,False,2018-2022,desconhecido,True
13130,1,-0.687115,0.791721,1.478836,0.744239,FakeWhatsApp.BR_2018,whatsapp,v1,True,False,2018-2022,desconhecido,True
13129,1,-2.364431,2.661124,5.025555,0.972087,FakeWhatsApp.BR_2018,whatsapp,v1,True,False,2018-2022,desconhecido,False
13128,1,-1.088918,1.118794,2.207712,0.828955,FakeWhatsApp.BR_2018,whatsapp,v1,True,False,2018-2022,desconhecido,False
13127,1,0.045517,-0.317638,-0.363155,0.444966,FakeWhatsApp.BR_2018,whatsapp,v1,True,False,2018-2022,desconhecido,False
13126,0,1.588495,-1.671041,-3.259536,0.095512,FakeWhatsApp.BR_2018,whatsapp,v1,True,False,2018-2022,desconhecido,True
13125,1,-1.723128,1.960336,3.683464,0.931571,FakeWhatsApp.BR_2018,whatsapp,v1,True,False,2018-2022,desconhecido,True
13124,0,1.162459,-1.458818,-2.621277,0.141678,FakeWhatsApp.BR_2018,whatsapp,v1,True,False,2018-2022,desconhecido,False
13123,0,-0.282427,0.470134,0.752561,0.636411,FakeWhatsApp.BR_2018,whatsapp,v1,True,False,2018-2022,desconhecido,False
13122,0,1.123116,-1.249735,-2.372852,0.164165,FakeWhatsApp.BR_2018,whatsapp,v1,True,False,2018-2022,desconhecido,True
13121,0,2.422651,-2.564366,-4.987017,0.030557,FakeWhatsApp.BR_2018,whatsapp,v1,True,False,2018-2022,desconhecido,True
13120,0,-1.578278,1.782483,3.360761,0.915693,FakeWhatsApp.BR_2018,whatsapp,v1,True,False,2018-2022,desconhecido,True
13119,1,-1.522348,1.710189,3.232537,0.908502,FakeWhatsApp.BR_2018,whatsapp,v1,True,False,2018-2022,desconhecido,False
13118,0,0.217610,-0.399874,-0.617484,0.401546,FakeWhatsApp.BR_2018,whatsapp,v1,True,False,2018-2022,desconhecido,True
13117,1,-2.358581,2.584146,4.942726,0.970470,FakeWhatsApp.BR_2018,whatsapp,v1,True,False,2018-2022,desconhecido,False
13116,1,-0.974050,1.071565,2.045615,0.812264,FakeWhatsApp.BR_2018,whatsapp,v1,True,False,2018-2022,desconhecido,True
13115,1,-2.147274,2.395743,4.543017,0.961307,FakeWhatsApp.BR_2018,whatsapp,v1,True,False,2018-2022,desconhecido,False
13146,0,2.454087,-2.624348,-5.078435,0.028717,FakeWhatsApp.BR_2018,whatsapp,v1,True,False,2018-2022,desconhecido,False
13145,0,2.501864,-2.878657,-5.380521,0.023373,FakeWhatsApp.BR_2018,whatsapp,v1,True,False,2018-2022,desconhecido,True
13144,0,-0.616268,0.843465,1.459733,0.741686,FakeWhatsApp.BR_2018,whatsapp,v1,True,False,2018-2022,desconhecido,False
13143,1,-1.092290,1.374397,2.466687,0.853145,FakeWhatsApp.BR_2018,whatsapp,v1,True,False,2018-2022,desconhecido,False
13142,1,-3.039052,3.395275,6.434327,0.989401,FakeWhatsApp.BR_2018,whatsapp,v1,True,False,2018-2022,desconhecido,False
13141,1,-2.523559,2.765767,5.289325,0.976683,FakeWhatsApp.BR_2018,whatsapp,v1,True,False,2018-2022,desconhecido,True
13140,1,-2.216870,2.378326,4.595197,0.962643,FakeWhatsApp.BR_2018,whatsapp,v1,True,False,2018-2022,desconhecido,True
13139,0,2.239225,-2.318295,-4.557520,0.040834,FakeWhatsApp.BR_2018,whatsapp,v1,True,False,2018-2022,desconhecido,True
13138,1,0.835180,-1.036869,-1.872049,0.218051,FakeWhatsApp.BR_2018,whatsapp,v1,True,False,2018-2022,desconhecido,True
13137,0,-1.097254,1.441840,2.539094,0.859381,FakeWhatsApp.BR_2018,whatsapp,v1,True,False,2018-2022,desconhecido,False
13136,1,-1.976966,2.121735,4.098701,0.947930,FakeWhatsApp.BR_2018,whatsapp,v1,True,False,2018-2022,desconhecido,False
13135,1,-1.630507,1.825102,3.455609,0.920679,FakeWhatsApp.BR_2018,whatsapp,v1,True,False,2018-2022,desconhecido,True
13134,0,0.288630,-0.388438,-0.677067,0.391567,FakeWhatsApp.BR_2018,whatsapp,v1,True,False,2018-2022,desconhecido,True
13133,1,-2.103352,2.447548,4.550900,0.961512,FakeWhatsApp.BR_2018,whatsapp,v1,True,False,2018-2022,desconhecido,True
13132,1,-2.123038,2.306802,4.429840,0.958251,FakeWhatsApp.BR_2018,whatsapp,v1,True,False,2018-2022,desconhecido,True
13131,0,-1.224728,1.264982,2.489710,0.855153,FakeWhatsApp.BR_2018,whatsapp,v1,True,False,2018-2022,desconhecido,True
13162,0,1.677081,-2.078601,-3.755682,0.069438,FakeWhatsApp.BR_2018,whatsapp,v1,True,False,2018-2022,desconhecido,False
13161,0,0.254073,-0.439181,-0.693254,0.388871,FakeWhatsApp.BR_2018,whatsapp,v1,True,False,2018-2022,desconhecido,False
13160,1,-2.484423,2.795621,5.280045,0.976534,FakeWhatsApp.BR_2018,whatsapp,v1,True,False,2018-2022,desconhecido,False
13159,0,1.292571,-1.403058,-2.695630,0.135467,FakeWhatsApp.BR_2018,whatsapp,v1,True,False,2018-2022,desconhecido,True
13158,1,-1.476503,1.651945,3.128448,0.902264,FakeWhatsApp.BR_2018,whatsapp,v1,True,False,2018-2022,desconhecido,True
13157,1,-0.114665,0.184820,0.299485,0.560386,FakeWhatsApp.BR_2018,whatsapp,v1,True,False,2018-2022,desconhecido,False
13156,1,-0.208256,0.251848,0.460104,0.587864,FakeWhatsApp.BR_2018,whatsapp,v1,True,False,2018-2022,desconhecido,True
13155,0,1.541834,-1.688118,-3.229951,0.097316,FakeWhatsApp.BR_2018,whatsapp,v1,True,False,2018-2022,desconhecido,False
13154,0,0.468560,-0.529099,-0.997660,0.339594,FakeWhatsApp.BR_2018,whatsapp,v1,True,False,2018-2022,desconhecido,True
13153,0,-0.055640,-0.083468,-0.027828,0.503413,FakeWhatsApp.BR_2018,whatsapp,v1,True,False,2018-2022,desconhecido,False
13152,1,1.701329,-1.871223,-3.572552,0.078191,FakeWhatsApp.BR_2018,whatsapp,v1,True,False,2018-2022,desconhecido,True
13151,0,1.229839,-1.338948,-2.568786,0.146204,FakeWhatsApp.BR_2018,whatsapp,v1,True,False,2018-2022,desconhecido,False
13150,1,-2.587108,2.828485,5.415593,0.978613,FakeWhatsApp.BR_2018,whatsapp,v1,True,False,2018-2022,desconhecido,True
13149,1,-2.566380,2.814372,5.380753,0.978096,FakeWhatsApp.BR_2018,whatsapp,v1,True,False,2018-2022,desconhecido,True
13148,0,0.400293,-0.582504,-0.982797,0.341931,FakeWhatsApp.BR_2018,whatsapp,v1,True,False,2018-2022,desconhecido,True
13147,1,-0.900049,0.887678,1.787727,0.783181,FakeWhatsApp.BR_2018,whatsapp,v1,True,False,2018-2022,desconhecido,True
13178,0,0.372575,-0.404403,-0.776978,0.375040,FakeWhatsApp.BR_2018,whatsapp,v1,True,False,2018-2022,desconhecido,False
13177,0,2.348216,-2.694345,-5.042562,0.029426,FakeWhatsApp.BR_2018,whatsapp,v1,True,False,2018-2022,desconhecido,True
13176,0,1.661412,-1.746372,-3.407783,0.086917,FakeWhatsApp.BR_2018,whatsapp,v1,True,False,2018-2022,desconhecido,False
13175,1,0.663185,-0.829808,-1.492993,0.266633,FakeWhatsApp.BR_2018,whatsapp,v1,True,False,2018-2022,desconhecido,True
13174,0,-0.399935,0.699478,1.099414,0.690525,FakeWhatsApp.BR_2018,whatsapp,v1,True,False,2018-2022,desconhecido,True
13173,0,2.153991,-2.334647,-4.488637,0.042765,FakeWhatsApp.BR_2018,whatsapp,v1,True,False,2018-2022,desconhecido,True
13172,0,0.583733,-0.610095,-1.193827,0.309514,FakeWhatsApp.BR_2018,whatsapp,v1,True,False,2018-2022,desconhecido,True
13171,1,-2.511457,2.869512,5.380969,0.978099,FakeWhatsApp.BR_2018,whatsapp,v1,True,False,2018-2022,desconhecido,True
13170,1,-1.599467,1.663310,3.262777,0.910246,FakeWhatsApp.BR_2018,whatsapp,v1,True,False,2018-2022,desconhecido,True
13169,0,-0.123123,0.020980,0.144103,0.533445,FakeWhatsApp.BR_2018,whatsapp,v1,True,False,2018-2022,desconhecido,True
13168,0,0.800193,-1.023758,-1.823951,0.223845,FakeWhatsApp.BR_2018,whatsapp,v1,True,False,2018-2022,desconhecido,True
13167,0,0.978861,-1.048924,-2.027785,0.200038,FakeWhatsApp.BR_2018,whatsapp,v1,True,False,2018-2022,desconhecido,False
13166,0,0.133048,-0.371308,-0.504356,0.420711,FakeWhatsApp.BR_2018,whatsapp,v1,True,False,2018-2022,desconhecido,True
13165,0,0.791238,-1.013982,-1.805220,0.226131,FakeWhatsApp.BR_2018,whatsapp,v1,True,False,2018-2022,desconhecido,True
13164,1,-0.569798,0.656558,1.226356,0.709183,FakeWhatsApp.BR_2018,whatsapp,v1,True,False,2018-2022,desconhecido,True
13163,0,0.763604,-0.978594,-1.742198,0.233942,FakeWhatsApp.BR_2018,whatsapp,v1,True,False,2018-2022,desconhecido,True
13194,0,0.341874,-0.320572,-0.662446,0.394008,FakeWhatsApp.BR_2018,whatsapp,v1,True,False,2018-2022,desconhecido,True
13193,0,1.945877,-2.347991,-4.293869,0.048706,FakeWhatsApp.BR_2018,whatsapp,v1,True,False,2018-2022,desconhecido,False
13192,1,-1.717774,1.961873,3.679648,0.931400,FakeWhatsApp.BR_2018,whatsapp,v1,True,False,2018-2022,desconhecido,False
13191,0,1.199594,-1.300812,-2.500406,0.152280,FakeWhatsApp.BR_2018,whatsapp,v1,True,False,2018-2022,desconhecido,True
13190,0,1.087246,-1.342020,-2.429266,0.158819,FakeWhatsApp.BR_2018,whatsapp,v1,True,False,2018-2022,desconhecido,False
13189,1,-2.119514,2.466222,4.585735,0.962404,FakeWhatsApp.BR_2018,whatsapp,v1,True,False,2018-2022,desconhecido,True
13188,0,-2.253159,2.625154,4.878313,0.969151,FakeWhatsApp.BR_2018,whatsapp,v1,True,False,2018-2022,desconhecido,True
13187,1,-0.963861,1.045793,2.009654,0.808396,FakeWhatsApp.BR_2018,whatsapp,v1,True,False,2018-2022,desconhecido,True
13186,0,1.352113,-1.627571,-2.979685,0.113824,FakeWhatsApp.BR_2018,whatsapp,v1,True,False,2018-2022,desconhecido,True
13185,0,-1.390294,1.551030,2.941324,0.890091,FakeWhatsApp.BR_2018,whatsapp,v1,True,False,2018-2022,desconhecido,False
13184,1,-1.266414,1.301031,2.567444,0.861762,FakeWhatsApp.BR_2018,whatsapp,v1,True,False,2018-2022,desconhecido,True
13183,1,-0.089456,0.058072,0.147529,0.534042,FakeWhatsApp.BR_2018,whatsapp,v1,True,False,2018-2022,desconhecido,True
13182,0,0.291507,-0.457585,-0.749092,0.379625,FakeWhatsApp.BR_2018,whatsapp,v1,True,False,2018-2022,desconhecido,True
13181,1,-2.033536,2.249812,4.283349,0.953951,FakeWhatsApp.BR_2018,whatsapp,v1,True,False,2018-2022,desconhecido,True
13180,1,-1.021028,1.198171,2.219199,0.830092,FakeWhatsApp.BR_2018,whatsapp,v1,True,False,2018-2022,desconhecido,True
13179,0,1.002514,-1.132526,-2.135040,0.188296,FakeWhatsApp.BR_2018,whatsapp,v1,True,False,2018-2022,desconhecido,False
13210,1,-0.351907,0.525907,0.877814,0.656443,FakeWhatsApp.BR_2018,whatsapp,v1,True,False,2018-2022,desconhecido,False
13209,1,-0.294190,0.286303,0.580493,0.608115,FakeWhatsApp.BR_2018,whatsapp,v1,True,False,2018-2022,desconhecido,True
13208,0,1.343718,-1.479213,-2.822932,0.125368,FakeWhatsApp.BR_2018,whatsapp,v1,True,False,2018-2022,desconhecido,False
13207,0,0.759162,-0.960773,-1.719934,0.236746,FakeWhatsApp.BR_2018,whatsapp,v1,True,False,2018-2022,desconhecido,True
13206,1,-1.747778,1.892045,3.639823,0.929598,FakeWhatsApp.BR_2018,whatsapp,v1,True,False,2018-2022,desconhecido,False
13205,1,-1.577425,1.836175,3.413600,0.918505,FakeWhatsApp.BR_2018,whatsapp,v1,True,False,2018-2022,desconhecido,True
13204,1,-1.296811,1.292292,2.589102,0.863558,FakeWhatsApp.BR_2018,whatsapp,v1,True,False,2018-2022,desconhecido,False
13203,0,0.211580,0.042379,-0.169200,0.478690,FakeWhatsApp.BR_2018,whatsapp,v1,True,False,2018-2022,desconhecido,True
13202,0,-0.062813,0.193837,0.256649,0.552988,FakeWhatsApp.BR_2018,whatsapp,v1,True,False,2018-2022,desconhecido,True
13201,1,-1.484303,1.628035,3.112338,0.901265,FakeWhatsApp.BR_2018,whatsapp,v1,True,False,2018-2022,desconhecido,True
13200,0,0.665770,-0.778411,-1.444181,0.273366,FakeWhatsApp.BR_2018,whatsapp,v1,True,False,2018-2022,desconhecido,True
13199,1,-1.541944,1.617975,3.159919,0.904189,FakeWhatsApp.BR_2018,whatsapp,v1,True,False,2018-2022,desconhecido,True
13198,1,-0.860390,0.748585,1.608975,0.761187,FakeWhatsApp.BR_2018,whatsapp,v1,True,False,2018-2022,desconhecido,False
13197,0,1.384642,-1.543052,-2.927694,0.117546,FakeWhatsApp.BR_2018,whatsapp,v1,True,False,2018-2022,desconhecido,True
13196,0,0.963930,-1.097525,-2.061455,0.196294,FakeWhatsApp.BR_2018,whatsapp,v1,True,False,2018-2022,desconhecido,True
13195,1,-1.653131,1.755366,3.408497,0.918237,FakeWhatsApp.BR_2018,whatsapp,v1,True,False,2018-2022,desconhecido,False
13226,0,0.929419,-1.107722,-2.037141,0.198992,FakeWhatsApp.BR_2018,whatsapp,v1,True,False,2018-2022,desconhecido,False
13225,1,-2.054959,2.387131,4.442089,0.958593,FakeWhatsApp.BR_2018,whatsapp,v1,True,False,2018-2022,desconhecido,True
13224,0,1.943628,-2.017184,-3.960813,0.060715,FakeWhatsApp.BR_2018,whatsapp,v1,True,False,2018-2022,desconhecido,False
13223,1,-0.692962,0.778320,1.471283,0.743232,FakeWhatsApp.BR_2018,whatsapp,v1,True,False,2018-2022,desconhecido,True
13222,1,-1.464990,1.639117,3.104107,0.900751,FakeWhatsApp.BR_2018,whatsapp,v1,True,False,2018-2022,desconhecido,True
13221,0,-0.065530,0.153674,0.219204,0.546501,FakeWhatsApp.BR_2018,whatsapp,v1,True,False,2018-2022,desconhecido,True
13220,0,-0.279964,0.301000,0.580964,0.608194,FakeWhatsApp.BR_2018,whatsapp,v1,True,False,2018-2022,desconhecido,True
13219,1,-1.854408,2.061900,3.916308,0.941256,FakeWhatsApp.BR_2018,whatsapp,v1,True,False,2018-2022,desconhecido,True
13218,1,-0.686610,0.820174,1.506784,0.747945,FakeWhatsApp.BR_2018,whatsapp,v1,True,False,2018-2022,desconhecido,True
13217,0,1.086805,-1.263801,-2.350607,0.166313,FakeWhatsApp.BR_2018,whatsapp,v1,True,False,2018-2022,desconhecido,True
13216,0,1.957155,-2.104980,-4.062135,0.056795,FakeWhatsApp.BR_2018,whatsapp,v1,True,False,2018-2022,desconhecido,True
13215,1,-0.120649,0.256427,0.377076,0.573717,FakeWhatsApp.BR_2018,whatsapp,v1,True,False,2018-2022,desconhecido,True
13214,1,-0.475919,0.524217,1.000137,0.675484,FakeWhatsApp.BR_2018,whatsapp,v1,True,False,2018-2022,desconhecido,False
13213,0,-0.893852,1.087318,1.981170,0.805290,FakeWhatsApp.BR_2018,whatsapp,v1,True,False,2018-2022,desconhecido,True
13212,1,-1.313710,1.519913,2.833623,0.882497,FakeWhatsApp.BR_2018,whatsapp,v1,True,False,2018-2022,desconhecido,True
13211,0,0.940842,-0.976427,-1.917269,0.212703,FakeWhatsApp.BR_2018,whatsapp,v1,True,False,2018-2022,desconhecido,True
13242,0,2.512148,-2.783819,-5.295967,0.024762,FakeWhatsApp.BR_2018,whatsapp,v1,True,False,2018-2022,desconhecido,False
13241,0,-1.144398,1.351170,2.495567,0.855660,FakeWhatsApp.BR_2018,whatsapp,v1,True,False,2018-2022,desconhecido,False
13240,0,1.309470,-1.537037,-2.846507,0.123569,FakeWhatsApp.BR_2018,whatsapp,v1,True,False,2018-2022,desconhecido,True
13239,0,0.187486,-0.437204,-0.624690,0.400334,FakeWhatsApp.BR_2018,whatsapp,v1,True,False,2018-2022,desconhecido,True
13238,1,0.627280,-0.809002,-1.436282,0.274466,FakeWhatsApp.BR_2018,whatsapp,v1,True,False,2018-2022,desconhecido,False
13237,0,-0.447296,0.037467,0.484763,0.592038,FakeWhatsApp.BR_2018,whatsapp,v1,True,False,2018-2022,desconhecido,True
13236,1,-2.669062,3.010776,5.679838,0.982159,FakeWhatsApp.BR_2018,whatsapp,v1,True,False,2018-2022,desconhecido,False
13235,0,0.717557,-0.972509,-1.690067,0.240544,FakeWhatsApp.BR_2018,whatsapp,v1,True,False,2018-2022,desconhecido,True
13234,0,2.122605,-2.132050,-4.254654,0.049994,FakeWhatsApp.BR_2018,whatsapp,v1,True,False,2018-2022,desconhecido,False
13233,0,0.630942,-0.670095,-1.301036,0.293711,FakeWhatsApp.BR_2018,whatsapp,v1,True,False,2018-2022,desconhecido,True
13232,1,1.062661,-1.256186,-2.318847,0.169418,FakeWhatsApp.BR_2018,whatsapp,v1,True,False,2018-2022,desconhecido,True
13231,0,1.293584,-1.410670,-2.704254,0.134762,FakeWhatsApp.BR_2018,whatsapp,v1,True,False,2018-2022,desconhecido,True
13230,0,1.887121,-1.971520,-3.858641,0.064924,FakeWhatsApp.BR_2018,whatsapp,v1,True,False,2018-2022,desconhecido,False
13229,1,-1.277595,1.420066,2.697661,0.872265,FakeWhatsApp.BR_2018,whatsapp,v1,True,False,2018-2022,desconhecido,False
13227,1,-1.846054,2.020862,3.866917,0.939316,FakeWhatsApp.BR_2018,whatsapp,v1,True,False,2018-2022,desconhecido,False
13258,0,0.866151,-1.073721,-1.939872,0.210066,FakeWhatsApp.BR_2018,whatsapp,v1,True,False,2018-2022,desconhecido,True
13257,1,-1.982100,2.190942,4.173042,0.950439,FakeWhatsApp.BR_2018,whatsapp,v1,True,False,2018-2022,desconhecido,False
13256,1,-2.233406,2.382326,4.615732,0.963156,FakeWhatsApp.BR_2018,whatsapp,v1,True,False,2018-2022,desconhecido,False
13255,0,2.401909,-2.821631,-5.223540,0.026016,FakeWhatsApp.BR_2018,whatsapp,v1,True,False,2018-2022,desconhecido,False
13254,1,-0.054850,-0.113128,-0.058279,0.498085,FakeWhatsApp.BR_2018,whatsapp,v1,True,False,2018-2022,desconhecido,True
13253,0,2.114072,-2.240366,-4.354438,0.046779,FakeWhatsApp.BR_2018,whatsapp,v1,True,False,2018-2022,desconhecido,True
13252,0,0.758817,-0.930757,-1.689574,0.240607,FakeWhatsApp.BR_2018,whatsapp,v1,True,False,2018-2022,desconhecido,True
13251,1,-0.362502,0.320502,0.683004,0.625074,FakeWhatsApp.BR_2018,whatsapp,v1,True,False,2018-2022,desconhecido,True
13250,0,-1.307244,1.221325,2.528568,0.858489,FakeWhatsApp.BR_2018,whatsapp,v1,True,False,2018-2022,desconhecido,True
13249,1,-1.814855,2.032713,3.847568,0.938539,FakeWhatsApp.BR_2018,whatsapp,v1,True,False,2018-2022,desconhecido,True
13248,1,-2.365828,2.715631,5.081458,0.973129,FakeWhatsApp.BR_2018,whatsapp,v1,True,False,2018-2022,desconhecido,False
13247,0,0.936649,-1.011470,-1.948119,0.209110,FakeWhatsApp.BR_2018,whatsapp,v1,True,False,2018-2022,desconhecido,False
13246,1,-1.504102,1.783249,3.287351,0.911641,FakeWhatsApp.BR_2018,whatsapp,v1,True,False,2018-2022,desconhecido,True
13245,1,-2.356333,2.642919,4.999252,0.971583,FakeWhatsApp.BR_2018,whatsapp,v1,True,False,2018-2022,desconhecido,True
13244,1,1.183091,-1.147063,-2.330154,0.168307,FakeWhatsApp.BR_2018,whatsapp,v1,True,False,2018-2022,desconhecido,False
13243,0,-0.245494,0.398990,0.644484,0.618735,FakeWhatsApp.BR_2018,whatsapp,v1,True,False,2018-2022,desconhecido,True
13274,0,1.236424,-1.334172,-2.570596,0.146046,FakeWhatsApp.BR_2018,whatsapp,v1,True,False,2018-2022,desconhecido,False
13273,1,-2.364108,2.477817,4.841925,0.968380,FakeWhatsApp.BR_2018,whatsapp,v1,True,False,2018-2022,desconhecido,True
13272,0,1.662391,-2.027246,-3.689637,0.072485,FakeWhatsApp.BR_2018,whatsapp,v1,True,False,2018-2022,desconhecido,True
13271,1,-1.911201,1.985510,3.896711,0.940493,FakeWhatsApp.BR_2018,whatsapp,v1,True,False,2018-2022,desconhecido,False
13270,1,-1.821315,1.982151,3.803466,0.936734,FakeWhatsApp.BR_2018,whatsapp,v1,True,False,2018-2022,desconhecido,True
13269,1,-2.258772,2.463926,4.722698,0.965723,FakeWhatsApp.BR_2018,whatsapp,v1,True,False,2018-2022,desconhecido,True
13268,1,-2.660008,2.933015,5.593023,0.981063,FakeWhatsApp.BR_2018,whatsapp,v1,True,False,2018-2022,desconhecido,True
13267,1,-0.056854,-0.157045,-0.100192,0.490753,FakeWhatsApp.BR_2018,whatsapp,v1,True,False,2018-2022,desconhecido,False
13266,0,-0.699054,0.745304,1.444357,0.739619,FakeWhatsApp.BR_2018,whatsapp,v1,True,False,2018-2022,desconhecido,False
13265,1,-2.123907,2.324165,4.448071,0.958759,FakeWhatsApp.BR_2018,whatsapp,v1,True,False,2018-2022,desconhecido,True
13264,0,1.372492,-1.540888,-2.913380,0.118589,FakeWhatsApp.BR_2018,whatsapp,v1,True,False,2018-2022,desconhecido,False
13263,1,-2.880966,3.185991,6.066957,0.986336,FakeWhatsApp.BR_2018,whatsapp,v1,True,False,2018-2022,desconhecido,True
13262,0,1.718766,-1.770430,-3.489196,0.082500,FakeWhatsApp.BR_2018,whatsapp,v1,True,False,2018-2022,desconhecido,True
13261,1,-1.336345,1.546075,2.882420,0.885993,FakeWhatsApp.BR_2018,whatsapp,v1,True,False,2018-2022,desconhecido,False
13260,1,-1.612247,1.683376,3.295623,0.912107,FakeWhatsApp.BR_2018,whatsapp,v1,True,False,2018-2022,desconhecido,True
13259,0,-0.761967,0.927819,1.689786,0.771316,FakeWhatsApp.BR_2018,whatsapp,v1,True,False,2018-2022,desconhecido,True
13290,0,-1.341134,1.356600,2.697733,0.872271,FakeWhatsApp.BR_2018,whatsapp,v1,True,False,2018-2022,desconhecido,False
13289,0,-0.748259,0.899125,1.647384,0.766039,FakeWhatsApp.BR_2018,whatsapp,v1,True,False,2018-2022,desconhecido,True
13288,1,-1.799330,1.966932,3.766261,0.935174,FakeWhatsApp.BR_2018,whatsapp,v1,True,False,2018-2022,desconhecido,True
13287,0,1.435526,-1.554094,-2.989620,0.113125,FakeWhatsApp.BR_2018,whatsapp,v1,True,False,2018-2022,desconhecido,True
13286,1,-2.337583,2.631970,4.969553,0.971004,FakeWhatsApp.BR_2018,whatsapp,v1,True,False,2018-2022,desconhecido,True
13285,1,-2.403754,2.645003,5.048757,0.972524,FakeWhatsApp.BR_2018,whatsapp,v1,True,False,2018-2022,desconhecido,True
13284,0,-1.734539,1.971990,3.706529,0.932593,FakeWhatsApp.BR_2018,whatsapp,v1,True,False,2018-2022,desconhecido,True
13283,1,-0.461853,0.330023,0.791876,0.642754,FakeWhatsApp.BR_2018,whatsapp,v1,True,False,2018-2022,desconhecido,True
13282,1,-1.625145,1.874206,3.499351,0.922886,FakeWhatsApp.BR_2018,whatsapp,v1,True,False,2018-2022,desconhecido,True
13281,0,0.858864,-0.949781,-1.808645,0.225712,FakeWhatsApp.BR_2018,whatsapp,v1,True,False,2018-2022,desconhecido,True
13280,0,-0.259997,0.178141,0.438139,0.584134,FakeWhatsApp.BR_2018,whatsapp,v1,True,False,2018-2022,desconhecido,False
13279,0,1.845093,-1.914763,-3.759856,0.069249,FakeWhatsApp.BR_2018,whatsapp,v1,True,False,2018-2022,desconhecido,False
13278,1,-1.553661,1.574499,3.128160,0.902246,FakeWhatsApp.BR_2018,whatsapp,v1,True,False,2018-2022,desconhecido,True
13277,0,-2.435159,2.815423,5.250582,0.976057,FakeWhatsApp.BR_2018,whatsapp,v1,True,False,2018-2022,desconhecido,True
13276,0,-0.490314,0.671039,1.161352,0.699711,FakeWhatsApp.BR_2018,whatsapp,v1,True,False,2018-2022,desconhecido,True
13275,0,2.402373,-2.793874,-5.196248,0.026505,FakeWhatsApp.BR_2018,whatsapp,v1,True,False,2018-2022,desconhecido,False
13306,0,1.107101,-1.228381,-2.335482,0.167786,FakeWhatsApp.BR_2018,whatsapp,v1,True,False,2018-2022,desconhecido,True
13305,1,-0.129225,-0.071524,0.057701,0.518370,FakeWhatsApp.BR_2018,whatsapp,v1,True,False,2018-2022,desconhecido,True
13304,0,1.366349,-1.612829,-2.979178,0.113860,FakeWhatsApp.BR_2018,whatsapp,v1,True,False,2018-2022,desconhecido,True
13303,0,0.889525,-1.160928,-2.050453,0.197512,FakeWhatsApp.BR_2018,whatsapp,v1,True,False,2018-2022,desconhecido,True
13302,0,0.183294,-0.200317,-0.383611,0.441433,FakeWhatsApp.BR_2018,whatsapp,v1,True,False,2018-2022,desconhecido,True
13301,0,-0.872818,1.085461,1.958279,0.802765,FakeWhatsApp.BR_2018,whatsapp,v1,True,False,2018-2022,desconhecido,False
13300,0,-1.194444,1.317227,2.511671,0.857046,FakeWhatsApp.BR_2018,whatsapp,v1,True,False,2018-2022,desconhecido,True
13299,0,0.000999,-0.071465,-0.072464,0.495603,FakeWhatsApp.BR_2018,whatsapp,v1,True,False,2018-2022,desconhecido,True
13298,0,-1.886393,2.156819,4.043212,0.945979,FakeWhatsApp.BR_2018,whatsapp,v1,True,False,2018-2022,desconhecido,True
13297,0,0.537772,-0.544564,-1.082336,0.326432,FakeWhatsApp.BR_2018,whatsapp,v1,True,False,2018-2022,desconhecido,False
13296,0,0.891457,-0.998510,-1.889967,0.215920,FakeWhatsApp.BR_2018,whatsapp,v1,True,False,2018-2022,desconhecido,True
13295,0,0.030363,0.143748,0.113385,0.528091,FakeWhatsApp.BR_2018,whatsapp,v1,True,False,2018-2022,desconhecido,False
13294,0,-0.089874,0.259879,0.349753,0.569034,FakeWhatsApp.BR_2018,whatsapp,v1,True,False,2018-2022,desconhecido,True
13293,0,1.193535,-1.236840,-2.430375,0.158716,FakeWhatsApp.BR_2018,whatsapp,v1,True,False,2018-2022,desconhecido,False
13292,1,-0.040766,0.042990,0.083756,0.522921,FakeWhatsApp.BR_2018,whatsapp,v1,True,False,2018-2022,desconhecido,True
13291,1,-2.026624,1.977549,4.004173,0.944566,FakeWhatsApp.BR_2018,whatsapp,v1,True,False,2018-2022,desconhecido,True
13322,0,-1.038018,1.300734,2.338752,0.841569,FakeWhatsApp.BR_2018,whatsapp,v1,True,False,2018-2022,desconhecido,False
13321,1,-1.865902,2.179089,4.044991,0.946043,FakeWhatsApp.BR_2018,whatsapp,v1,True,False,2018-2022,desconhecido,True
13320,0,1.405943,-1.595589,-3.001532,0.112291,FakeWhatsApp.BR_2018,whatsapp,v1,True,False,2018-2022,desconhecido,True
13319,1,1.341905,-1.465672,-2.807577,0.126551,FakeWhatsApp.BR_2018,whatsapp,v1,True,False,2018-2022,desconhecido,True
13318,1,-2.443972,2.753691,5.197662,0.975176,FakeWhatsApp.BR_2018,whatsapp,v1,True,False,2018-2022,desconhecido,True
13317,0,0.465226,-0.738760,-1.203986,0.307996,FakeWhatsApp.BR_2018,whatsapp,v1,True,False,2018-2022,desconhecido,True
13316,0,2.771901,-2.949201,-5.721102,0.018508,FakeWhatsApp.BR_2018,whatsapp,v1,True,False,2018-2022,desconhecido,True
13315,0,2.476960,-2.751220,-5.228180,0.025934,FakeWhatsApp.BR_2018,whatsapp,v1,True,False,2018-2022,desconhecido,True
13314,1,0.291752,-0.387108,-0.678861,0.391268,FakeWhatsApp.BR_2018,whatsapp,v1,True,False,2018-2022,desconhecido,True
13313,0,2.494402,-2.617180,-5.111582,0.028077,FakeWhatsApp.BR_2018,whatsapp,v1,True,False,2018-2022,desconhecido,True
13312,0,2.743582,-3.062728,-5.806311,0.017455,FakeWhatsApp.BR_2018,whatsapp,v1,True,False,2018-2022,desconhecido,True
13311,0,1.547719,-1.611174,-3.158893,0.101773,FakeWhatsApp.BR_2018,whatsapp,v1,True,False,2018-2022,desconhecido,False
13310,0,0.141898,-0.361414,-0.503312,0.420889,FakeWhatsApp.BR_2018,whatsapp,v1,True,False,2018-2022,desconhecido,False
13309,1,-2.204201,2.560585,4.764786,0.966685,FakeWhatsApp.BR_2018,whatsapp,v1,True,False,2018-2022,desconhecido,False
13308,1,-3.019090,3.416046,6.435135,0.989407,FakeWhatsApp.BR_2018,whatsapp,v1,True,False,2018-2022,desconhecido,True
13307,1,-0.720667,0.961575,1.682243,0.770384,FakeWhatsApp.BR_2018,whatsapp,v1,True,False,2018-2022,desconhecido,True
13338,0,2.317253,-2.470439,-4.787693,0.034971,FakeWhatsApp.BR_2018,whatsapp,v1,True,False,2018-2022,desconhecido,False
13337,0,0.578616,-0.601168,-1.179784,0.311618,FakeWhatsApp.BR_2018,whatsapp,v1,True,False,2018-2022,desconhecido,True
13336,0,2.453202,-2.621589,-5.074791,0.028789,FakeWhatsApp.BR_2018,whatsapp,v1,True,False,2018-2022,desconhecido,True
13335,1,-1.400217,1.540579,2.940796,0.890055,FakeWhatsApp.BR_2018,whatsapp,v1,True,False,2018-2022,desconhecido,True
13334,0,1.487632,-1.734883,-3.222514,0.097774,FakeWhatsApp.BR_2018,whatsapp,v1,True,False,2018-2022,desconhecido,False
13333,0,0.977112,-1.316856,-2.293968,0.171882,FakeWhatsApp.BR_2018,whatsapp,v1,True,False,2018-2022,desconhecido,False
13332,0,-0.005167,-0.246624,-0.241457,0.466087,FakeWhatsApp.BR_2018,whatsapp,v1,True,False,2018-2022,desconhecido,True
13331,0,2.637987,-3.132432,-5.770419,0.017891,FakeWhatsApp.BR_2018,whatsapp,v1,True,False,2018-2022,desconhecido,True
13330,1,-0.904507,0.899773,1.804280,0.785142,FakeWhatsApp.BR_2018,whatsapp,v1,True,False,2018-2022,desconhecido,True
13329,1,-1.889696,1.965608,3.855304,0.938851,FakeWhatsApp.BR_2018,whatsapp,v1,True,False,2018-2022,desconhecido,True
13328,0,1.115460,-1.179315,-2.294775,0.171801,FakeWhatsApp.BR_2018,whatsapp,v1,True,False,2018-2022,desconhecido,True
13327,0,-0.396061,0.519487,0.915548,0.662374,FakeWhatsApp.BR_2018,whatsapp,v1,True,False,2018-2022,desconhecido,True
13326,1,-0.216420,0.300455,0.516875,0.597455,FakeWhatsApp.BR_2018,whatsapp,v1,True,False,2018-2022,desconhecido,False
13325,0,-2.365993,2.746302,5.112295,0.973688,FakeWhatsApp.BR_2018,whatsapp,v1,True,False,2018-2022,desconhecido,False
13324,1,-1.566613,1.760900,3.327513,0.913880,FakeWhatsApp.BR_2018,whatsapp,v1,True,False,2018-2022,desconhecido,True
13323,1,-1.663628,1.921232,3.584860,0.927038,FakeWhatsApp.BR_2018,whatsapp,v1,True,False,2018-2022,desconhecido,True
13354,1,-1.579850,1.778649,3.358499,0.915571,FakeWhatsApp.BR_2018,whatsapp,v1,True,False,2018-2022,desconhecido,True
13353,0,2.228855,-2.376532,-4.605387,0.039542,FakeWhatsApp.BR_2018,whatsapp,v1,True,False,2018-2022,desconhecido,False
13352,1,0.910054,-0.793437,-1.703491,0.238832,FakeWhatsApp.BR_2018,whatsapp,v1,True,False,2018-2022,desconhecido,True
13351,1,-0.342507,0.334033,0.676540,0.624013,FakeWhatsApp.BR_2018,whatsapp,v1,True,False,2018-2022,desconhecido,True
13350,0,1.463540,-1.680099,-3.143639,0.102753,FakeWhatsApp.BR_2018,whatsapp,v1,True,False,2018-2022,desconhecido,False
13349,0,2.280572,-2.379808,-4.660380,0.038106,FakeWhatsApp.BR_2018,whatsapp,v1,True,False,2018-2022,desconhecido,True
13348,0,2.847830,-3.212294,-6.060124,0.014656,FakeWhatsApp.BR_2018,whatsapp,v1,True,False,2018-2022,desconhecido,True
13347,0,0.968490,-1.185248,-2.153738,0.186304,FakeWhatsApp.BR_2018,whatsapp,v1,True,False,2018-2022,desconhecido,False
13346,0,0.735267,-0.776127,-1.511394,0.264123,FakeWhatsApp.BR_2018,whatsapp,v1,True,False,2018-2022,desconhecido,True
13345,0,1.064717,-1.188285,-2.253002,0.176001,FakeWhatsApp.BR_2018,whatsapp,v1,True,False,2018-2022,desconhecido,False
13344,1,-0.305667,0.463284,0.768951,0.639062,FakeWhatsApp.BR_2018,whatsapp,v1,True,False,2018-2022,desconhecido,True
13343,0,1.786508,-2.119268,-3.905776,0.062950,FakeWhatsApp.BR_2018,whatsapp,v1,True,False,2018-2022,desconhecido,False
13342,0,1.532952,-1.526776,-3.059728,0.108295,FakeWhatsApp.BR_2018,whatsapp,v1,True,False,2018-2022,desconhecido,True
13341,0,2.454700,-2.699351,-5.154051,0.027278,FakeWhatsApp.BR_2018,whatsapp,v1,True,False,2018-2022,desconhecido,True
13340,0,2.893513,-3.256730,-6.150243,0.013772,FakeWhatsApp.BR_2018,whatsapp,v1,True,False,2018-2022,desconhecido,True
13339,0,2.078997,-2.225156,-4.304153,0.048374,FakeWhatsApp.BR_2018,whatsapp,v1,True,False,2018-2022,desconhecido,True
13370,1,1.524227,-1.939662,-3.463889,0.083851,FakeWhatsApp.BR_2018,whatsapp,v1,True,False,2018-2022,desconhecido,False
13369,1,-2.367054,2.732745,5.099799,0.973463,FakeWhatsApp.BR_2018,whatsapp,v1,True,False,2018-2022,desconhecido,False
13368,0,-0.303811,0.067549,0.371360,0.572738,FakeWhatsApp.BR_2018,whatsapp,v1,True,False,2018-2022,desconhecido,True
13367,0,0.566340,-0.663474,-1.229814,0.304157,FakeWhatsApp.BR_2018,whatsapp,v1,True,False,2018-2022,desconhecido,True
13366,0,0.535505,-0.775597,-1.311102,0.292252,FakeWhatsApp.BR_2018,whatsapp,v1,True,False,2018-2022,desconhecido,True
13365,0,2.055198,-2.379035,-4.434233,0.044351,FakeWhatsApp.BR_2018,whatsapp,v1,True,False,2018-2022,desconhecido,True
13364,1,-2.093921,2.221618,4.315538,0.954931,FakeWhatsApp.BR_2018,whatsapp,v1,True,False,2018-2022,desconhecido,False
13363,0,0.256706,-0.194867,-0.451573,0.429740,FakeWhatsApp.BR_2018,whatsapp,v1,True,False,2018-2022,desconhecido,True
13362,0,-1.494745,1.729470,3.224216,0.908017,FakeWhatsApp.BR_2018,whatsapp,v1,True,False,2018-2022,desconhecido,False
13361,0,2.438526,-2.394641,-4.833167,0.033913,FakeWhatsApp.BR_2018,whatsapp,v1,True,False,2018-2022,desconhecido,True
13360,0,0.213537,-0.293543,-0.507080,0.420247,FakeWhatsApp.BR_2018,whatsapp,v1,True,False,2018-2022,desconhecido,False
13359,1,-0.892356,0.991643,1.883999,0.794404,FakeWhatsApp.BR_2018,whatsapp,v1,True,False,2018-2022,desconhecido,True
13358,0,0.650008,-0.860889,-1.510897,0.264190,FakeWhatsApp.BR_2018,whatsapp,v1,True,False,2018-2022,desconhecido,False
13357,0,1.419242,-1.574432,-2.993674,0.112840,FakeWhatsApp.BR_2018,whatsapp,v1,True,False,2018-2022,desconhecido,False
13356,0,-2.365632,2.606789,4.972421,0.971060,FakeWhatsApp.BR_2018,whatsapp,v1,True,False,2018-2022,desconhecido,True
13355,1,-0.808869,0.632986,1.441855,0.739282,FakeWhatsApp.BR_2018,whatsapp,v1,True,False,2018-2022,desconhecido,True
13386,0,2.696680,-3.057747,-5.754427,0.018089,FakeWhatsApp.BR_2018,whatsapp,v1,True,False,2018-2022,desconhecido,True
13385,0,2.616111,-2.896640,-5.512751,0.021351,FakeWhatsApp.BR_2018,whatsapp,v1,True,False,2018-2022,desconhecido,True
13384,0,2.717433,-3.033805,-5.751238,0.018128,FakeWhatsApp.BR_2018,whatsapp,v1,True,False,2018-2022,desconhecido,False
13383,0,1.018611,-1.287967,-2.306578,0.170629,FakeWhatsApp.BR_2018,whatsapp,v1,True,False,2018-2022,desconhecido,True
13382,1,-1.330329,1.571651,2.901980,0.887368,FakeWhatsApp.BR_2018,whatsapp,v1,True,False,2018-2022,desconhecido,False
13381,1,-1.583192,1.801224,3.384416,0.916963,FakeWhatsApp.BR_2018,whatsapp,v1,True,False,2018-2022,desconhecido,True
13380,0,1.775113,-1.904820,-3.679934,0.072943,FakeWhatsApp.BR_2018,whatsapp,v1,True,False,2018-2022,desconhecido,True
13379,0,0.605628,-0.727486,-1.333114,0.289076,FakeWhatsApp.BR_2018,whatsapp,v1,True,False,2018-2022,desconhecido,True
13378,1,-0.640938,0.719391,1.360329,0.728135,FakeWhatsApp.BR_2018,whatsapp,v1,True,False,2018-2022,desconhecido,True
13377,0,-0.639812,0.674553,1.314365,0.721720,FakeWhatsApp.BR_2018,whatsapp,v1,True,False,2018-2022,desconhecido,True
13376,1,-1.787137,1.999038,3.786175,0.936013,FakeWhatsApp.BR_2018,whatsapp,v1,True,False,2018-2022,desconhecido,True
13375,0,0.189880,-0.421959,-0.611839,0.402495,FakeWhatsApp.BR_2018,whatsapp,v1,True,False,2018-2022,desconhecido,True
13374,0,1.296482,-1.412843,-2.709325,0.134349,FakeWhatsApp.BR_2018,whatsapp,v1,True,False,2018-2022,desconhecido,True
13373,0,2.676256,-2.982698,-5.658954,0.019314,FakeWhatsApp.BR_2018,whatsapp,v1,True,False,2018-2022,desconhecido,True
13372,0,1.939159,-2.040428,-3.979588,0.059970,FakeWhatsApp.BR_2018,whatsapp,v1,True,False,2018-2022,desconhecido,True
13371,0,1.583891,-1.714804,-3.298695,0.093170,FakeWhatsApp.BR_2018,whatsapp,v1,True,False,2018-2022,desconhecido,True
13402,0,1.425339,-1.651977,-3.077316,0.107112,FakeWhatsApp.BR_2018,whatsapp,v1,True,False,2018-2022,desconhecido,True
13401,0,0.732470,-0.845752,-1.578221,0.255133,FakeWhatsApp.BR_2018,whatsapp,v1,True,False,2018-2022,desconhecido,True
13400,1,-0.937707,1.028114,1.965821,0.803600,FakeWhatsApp.BR_2018,whatsapp,v1,True,False,2018-2022,desconhecido,False
13399,0,0.770294,-1.002222,-1.772517,0.230161,FakeWhatsApp.BR_2018,whatsapp,v1,True,False,2018-2022,desconhecido,True
13398,0,1.981809,-2.104867,-4.086677,0.055882,FakeWhatsApp.BR_2018,whatsapp,v1,True,False,2018-2022,desconhecido,True
13397,0,0.380431,-0.545529,-0.925959,0.350937,FakeWhatsApp.BR_2018,whatsapp,v1,True,False,2018-2022,desconhecido,True
13396,0,2.286297,-2.371920,-4.658217,0.038162,FakeWhatsApp.BR_2018,whatsapp,v1,True,False,2018-2022,desconhecido,False
13395,0,1.802846,-2.162430,-3.965277,0.060537,FakeWhatsApp.BR_2018,whatsapp,v1,True,False,2018-2022,desconhecido,False
13394,0,1.616318,-1.652179,-3.268497,0.094971,FakeWhatsApp.BR_2018,whatsapp,v1,True,False,2018-2022,desconhecido,True
13393,0,2.582466,-3.050151,-5.632617,0.019667,FakeWhatsApp.BR_2018,whatsapp,v1,True,False,2018-2022,desconhecido,True
13392,1,-2.320853,2.507617,4.828470,0.968091,FakeWhatsApp.BR_2018,whatsapp,v1,True,False,2018-2022,desconhecido,True
13391,1,-0.163004,0.059244,0.222248,0.547029,FakeWhatsApp.BR_2018,whatsapp,v1,True,False,2018-2022,desconhecido,False
13390,0,-0.026794,0.024307,0.051100,0.517216,FakeWhatsApp.BR_2018,whatsapp,v1,True,False,2018-2022,desconhecido,True
13389,0,-2.190224,2.418860,4.609084,0.962991,FakeWhatsApp.BR_2018,whatsapp,v1,True,False,2018-2022,desconhecido,False
13388,0,1.682653,-1.829959,-3.512612,0.081268,FakeWhatsApp.BR_2018,whatsapp,v1,True,False,2018-2022,desconhecido,True
13387,0,2.603469,-2.912654,-5.516123,0.021302,FakeWhatsApp.BR_2018,whatsapp,v1,True,False,2018-2022,desconhecido,True
13418,1,-1.637291,1.861052,3.498343,0.922835,FakeWhatsApp.BR_2018,whatsapp,v1,True,False,2018-2022,desconhecido,True
13417,1,-0.675718,0.790773,1.466491,0.742591,FakeWhatsApp.BR_2018,whatsapp,v1,True,False,2018-2022,desconhecido,True
13416,1,-2.546292,2.853209,5.399501,0.978376,FakeWhatsApp.BR_2018,whatsapp,v1,True,False,2018-2022,desconhecido,False
13415,0,0.347188,-0.472409,-0.819597,0.368075,FakeWhatsApp.BR_2018,whatsapp,v1,True,False,2018-2022,desconhecido,True
13414,0,1.956166,-2.140376,-4.096541,0.055519,FakeWhatsApp.BR_2018,whatsapp,v1,True,False,2018-2022,desconhecido,True
13413,0,0.457974,-0.379013,-0.836987,0.365249,FakeWhatsApp.BR_2018,whatsapp,v1,True,False,2018-2022,desconhecido,True
13412,0,2.197521,-2.304781,-4.502303,0.042375,FakeWhatsApp.BR_2018,whatsapp,v1,True,False,2018-2022,desconhecido,True
13411,1,-1.721418,1.919674,3.641093,0.929656,FakeWhatsApp.BR_2018,whatsapp,v1,True,False,2018-2022,desconhecido,True
13410,0,1.647894,-1.717045,-3.364940,0.089326,FakeWhatsApp.BR_2018,whatsapp,v1,True,False,2018-2022,desconhecido,True
13409,0,2.463425,-2.576958,-5.040383,0.029470,FakeWhatsApp.BR_2018,whatsapp,v1,True,False,2018-2022,desconhecido,True
13408,0,2.521423,-2.650481,-5.171904,0.026948,FakeWhatsApp.BR_2018,whatsapp,v1,True,False,2018-2022,desconhecido,True
13407,1,-0.407044,0.528547,0.935591,0.665504,FakeWhatsApp.BR_2018,whatsapp,v1,True,False,2018-2022,desconhecido,False
13406,0,-1.447052,1.582873,3.029926,0.896012,FakeWhatsApp.BR_2018,whatsapp,v1,True,False,2018-2022,desconhecido,False
13405,1,-1.931372,2.178006,4.109378,0.948297,FakeWhatsApp.BR_2018,whatsapp,v1,True,False,2018-2022,desconhecido,True
13404,0,-1.432088,1.514515,2.946604,0.890452,FakeWhatsApp.BR_2018,whatsapp,v1,True,False,2018-2022,desconhecido,False
13403,1,-0.777648,0.911132,1.688780,0.771192,FakeWhatsApp.BR_2018,whatsapp,v1,True,False,2018-2022,desconhecido,False
13434,1,-1.035263,1.096417,2.131681,0.821277,FakeWhatsApp.BR_2018,whatsapp,v1,True,False,2018-2022,desconhecido,False
13433,0,0.009023,0.017127,0.008105,0.509699,FakeWhatsApp.BR_2018,whatsapp,v1,True,False,2018-2022,desconhecido,True
13432,1,-0.001015,0.037636,0.038651,0.515040,FakeWhatsApp.BR_2018,whatsapp,v1,True,False,2018-2022,desconhecido,True
13431,1,0.157277,-0.097481,-0.254757,0.463772,FakeWhatsApp.BR_2018,whatsapp,v1,True,False,2018-2022,desconhecido,True
13430,1,0.827006,-0.777591,-1.604597,0.251641,FakeWhatsApp.BR_2018,whatsapp,v1,True,False,2018-2022,desconhecido,True
13429,1,-1.343598,1.454533,2.798131,0.879897,FakeWhatsApp.BR_2018,whatsapp,v1,True,False,2018-2022,desconhecido,True
13427,0,2.399023,-2.638901,-5.037924,0.029519,FakeWhatsApp.BR_2018,whatsapp,v1,True,False,2018-2022,desconhecido,True
13426,1,-2.058019,2.339259,4.397278,0.957330,FakeWhatsApp.BR_2018,whatsapp,v1,True,False,2018-2022,desconhecido,True
13425,0,2.455744,-2.652181,-5.107925,0.028147,FakeWhatsApp.BR_2018,whatsapp,v1,True,False,2018-2022,desconhecido,True
13424,1,-2.589656,2.767102,5.356758,0.977734,FakeWhatsApp.BR_2018,whatsapp,v1,True,False,2018-2022,desconhecido,True
13423,0,1.003826,-1.132793,-2.136619,0.188127,FakeWhatsApp.BR_2018,whatsapp,v1,True,False,2018-2022,desconhecido,True
13422,1,-2.133268,2.355445,4.488713,0.959869,FakeWhatsApp.BR_2018,whatsapp,v1,True,False,2018-2022,desconhecido,True
13421,0,-2.011427,2.421687,4.433115,0.958343,FakeWhatsApp.BR_2018,whatsapp,v1,True,False,2018-2022,desconhecido,True
13420,0,2.392798,-2.844982,-5.237780,0.025765,FakeWhatsApp.BR_2018,whatsapp,v1,True,False,2018-2022,desconhecido,True
13419,0,1.244311,-1.303799,-2.548110,0.148020,FakeWhatsApp.BR_2018,whatsapp,v1,True,False,2018-2022,desconhecido,False
13450,0,2.318363,-2.591093,-4.909455,0.032207,FakeWhatsApp.BR_2018,whatsapp,v1,True,False,2018-2022,desconhecido,True
13449,0,1.058502,-1.024557,-2.083059,0.193920,FakeWhatsApp.BR_2018,whatsapp,v1,True,False,2018-2022,desconhecido,False
13448,1,-0.086696,-0.031487,0.055209,0.517934,FakeWhatsApp.BR_2018,whatsapp,v1,True,False,2018-2022,desconhecido,True
13447,1,-1.278220,1.633743,2.911963,0.888064,FakeWhatsApp.BR_2018,whatsapp,v1,True,False,2018-2022,desconhecido,True
13446,0,0.812436,-1.003466,-1.815902,0.224825,FakeWhatsApp.BR_2018,whatsapp,v1,True,False,2018-2022,desconhecido,True
13445,0,2.762665,-3.000506,-5.763172,0.017980,FakeWhatsApp.BR_2018,whatsapp,v1,True,False,2018-2022,desconhecido,True
13444,0,1.555764,-1.732502,-3.288267,0.093789,FakeWhatsApp.BR_2018,whatsapp,v1,True,False,2018-2022,desconhecido,False
13443,1,-2.626623,2.763519,5.390142,0.978237,FakeWhatsApp.BR_2018,whatsapp,v1,True,False,2018-2022,desconhecido,True
13442,1,-2.358626,2.620088,4.978714,0.971184,FakeWhatsApp.BR_2018,whatsapp,v1,True,False,2018-2022,desconhecido,True
13441,1,-2.026085,2.353778,4.379863,0.956829,FakeWhatsApp.BR_2018,whatsapp,v1,True,False,2018-2022,desconhecido,False
13440,1,-0.381898,0.448501,0.830399,0.648921,FakeWhatsApp.BR_2018,whatsapp,v1,True,False,2018-2022,desconhecido,False
13439,1,-2.008962,2.185932,4.194895,0.951154,FakeWhatsApp.BR_2018,whatsapp,v1,True,False,2018-2022,desconhecido,True
13438,1,-1.658561,1.807830,3.466391,0.921228,FakeWhatsApp.BR_2018,whatsapp,v1,True,False,2018-2022,desconhecido,False
13437,1,-1.538722,1.885457,3.424179,0.919057,FakeWhatsApp.BR_2018,whatsapp,v1,True,False,2018-2022,desconhecido,True
13436,1,-1.264956,1.423428,2.688383,0.871540,FakeWhatsApp.BR_2018,whatsapp,v1,True,False,2018-2022,desconhecido,False
13435,1,-0.727916,0.713257,1.441173,0.739190,FakeWhatsApp.BR_2018,whatsapp,v1,True,False,2018-2022,desconhecido,True
13466,0,1.527778,-1.797094,-3.324872,0.091634,FakeWhatsApp.BR_2018,whatsapp,v1,True,False,2018-2022,desconhecido,True
13465,1,-1.943006,2.203001,4.146007,0.949540,FakeWhatsApp.BR_2018,whatsapp,v1,True,False,2018-2022,desconhecido,True
13464,1,-0.649078,0.684218,1.333295,0.724373,FakeWhatsApp.BR_2018,whatsapp,v1,True,False,2018-2022,desconhecido,False
13463,0,0.884986,-1.269493,-2.154479,0.186226,FakeWhatsApp.BR_2018,whatsapp,v1,True,False,2018-2022,desconhecido,True
13462,0,1.698380,-2.052613,-3.750993,0.069650,FakeWhatsApp.BR_2018,whatsapp,v1,True,False,2018-2022,desconhecido,True
13461,0,1.237919,-1.304776,-2.542695,0.148499,FakeWhatsApp.BR_2018,whatsapp,v1,True,False,2018-2022,desconhecido,True
13460,1,-1.538874,1.589253,3.128126,0.902244,FakeWhatsApp.BR_2018,whatsapp,v1,True,False,2018-2022,desconhecido,True
13459,0,2.214794,-2.243884,-4.458678,0.043632,FakeWhatsApp.BR_2018,whatsapp,v1,True,False,2018-2022,desconhecido,True
13458,0,-0.036613,0.171985,0.208598,0.544661,FakeWhatsApp.BR_2018,whatsapp,v1,True,False,2018-2022,desconhecido,True
13457,0,1.347912,-1.488978,-2.836890,0.124300,FakeWhatsApp.BR_2018,whatsapp,v1,True,False,2018-2022,desconhecido,True
13456,0,1.112560,-1.454396,-2.566956,0.146364,FakeWhatsApp.BR_2018,whatsapp,v1,True,False,2018-2022,desconhecido,True
13455,1,-2.166499,2.520300,4.686799,0.964881,FakeWhatsApp.BR_2018,whatsapp,v1,True,False,2018-2022,desconhecido,True
13454,0,1.961439,-2.150406,-4.111845,0.054960,FakeWhatsApp.BR_2018,whatsapp,v1,True,False,2018-2022,desconhecido,True
13453,1,-3.039052,3.395275,6.434327,0.989401,FakeWhatsApp.BR_2018,whatsapp,v1,True,False,2018-2022,desconhecido,True
13452,0,2.829317,-3.126210,-5.955526,0.015751,FakeWhatsApp.BR_2018,whatsapp,v1,True,False,2018-2022,desconhecido,True
13451,1,-2.151122,2.450638,4.601760,0.962808,FakeWhatsApp.BR_2018,whatsapp,v1,True,False,2018-2022,desconhecido,True
13482,1,-0.796060,1.081530,1.877590,0.793671,FakeWhatsApp.BR_2018,whatsapp,v1,True,False,2018-2022,desconhecido,True
13481,0,0.822678,-0.928051,-1.750729,0.232874,FakeWhatsApp.BR_2018,whatsapp,v1,True,False,2018-2022,desconhecido,True
13480,0,0.504910,-0.591777,-1.096687,0.324228,FakeWhatsApp.BR_2018,whatsapp,v1,True,False,2018-2022,desconhecido,True
13479,0,0.847385,-1.094931,-1.942316,0.209782,FakeWhatsApp.BR_2018,whatsapp,v1,True,False,2018-2022,desconhecido,False
13478,0,1.009743,-1.353927,-2.363670,0.165049,FakeWhatsApp.BR_2018,whatsapp,v1,True,False,2018-2022,desconhecido,True
13477,1,-2.954648,3.199566,6.154215,0.987135,FakeWhatsApp.BR_2018,whatsapp,v1,True,False,2018-2022,desconhecido,False
13476,1,-2.418682,2.679560,5.098242,0.973435,FakeWhatsApp.BR_2018,whatsapp,v1,True,False,2018-2022,desconhecido,False
13475,0,0.520916,-0.640816,-1.161732,0.314335,FakeWhatsApp.BR_2018,whatsapp,v1,True,False,2018-2022,desconhecido,True
13474,0,0.305036,-0.553440,-0.858476,0.361769,FakeWhatsApp.BR_2018,whatsapp,v1,True,False,2018-2022,desconhecido,True
13473,1,0.190390,-0.330057,-0.520447,0.417969,FakeWhatsApp.BR_2018,whatsapp,v1,True,False,2018-2022,desconhecido,True
13472,1,-2.460504,2.747965,5.208469,0.975359,FakeWhatsApp.BR_2018,whatsapp,v1,True,False,2018-2022,desconhecido,False
13471,1,-0.684429,0.809332,1.493761,0.746222,FakeWhatsApp.BR_2018,whatsapp,v1,True,False,2018-2022,desconhecido,True
13470,0,0.286285,-0.148865,-0.435150,0.432559,FakeWhatsApp.BR_2018,whatsapp,v1,True,False,2018-2022,desconhecido,True
13469,0,2.517473,-2.752415,-5.269888,0.025207,FakeWhatsApp.BR_2018,whatsapp,v1,True,False,2018-2022,desconhecido,True
13468,0,2.429609,-2.586212,-5.015821,0.029965,FakeWhatsApp.BR_2018,whatsapp,v1,True,False,2018-2022,desconhecido,True
13467,1,-0.351465,0.490125,0.841590,0.650703,FakeWhatsApp.BR_2018,whatsapp,v1,True,False,2018-2022,desconhecido,True
13498,0,1.145248,-1.244495,-2.389743,0.162550,FakeWhatsApp.BR_2018,whatsapp,v1,True,False,2018-2022,desconhecido,True
13497,1,0.357251,-0.613034,-0.970285,0.343904,FakeWhatsApp.BR_2018,whatsapp,v1,True,False,2018-2022,desconhecido,True
13496,1,-2.146440,2.361576,4.508017,0.960386,FakeWhatsApp.BR_2018,whatsapp,v1,True,False,2018-2022,desconhecido,True
13495,1,-0.941042,1.037892,1.978934,0.805044,FakeWhatsApp.BR_2018,whatsapp,v1,True,False,2018-2022,desconhecido,True
13494,0,0.848164,-0.927398,-1.775562,0.229784,FakeWhatsApp.BR_2018,whatsapp,v1,True,False,2018-2022,desconhecido,False
13493,1,-1.641770,1.849623,3.491393,0.922488,FakeWhatsApp.BR_2018,whatsapp,v1,True,False,2018-2022,desconhecido,True
13492,1,-0.219460,0.243811,0.463271,0.588401,FakeWhatsApp.BR_2018,whatsapp,v1,True,False,2018-2022,desconhecido,False
13491,1,-2.489827,2.854917,5.344744,0.977550,FakeWhatsApp.BR_2018,whatsapp,v1,True,False,2018-2022,desconhecido,True
13490,0,1.998746,-2.127743,-4.126489,0.054430,FakeWhatsApp.BR_2018,whatsapp,v1,True,False,2018-2022,desconhecido,True
13489,1,0.284913,-0.254216,-0.539128,0.414792,FakeWhatsApp.BR_2018,whatsapp,v1,True,False,2018-2022,desconhecido,True
13488,0,1.951190,-2.289944,-4.241135,0.050445,FakeWhatsApp.BR_2018,whatsapp,v1,True,False,2018-2022,desconhecido,True
13487,0,-0.588338,0.555123,1.143461,0.697074,FakeWhatsApp.BR_2018,whatsapp,v1,True,False,2018-2022,desconhecido,False
13486,0,0.324628,-0.462658,-0.787287,0.373351,FakeWhatsApp.BR_2018,whatsapp,v1,True,False,2018-2022,desconhecido,True
13485,1,-2.444391,2.692272,5.136662,0.974121,FakeWhatsApp.BR_2018,whatsapp,v1,True,False,2018-2022,desconhecido,True
13484,0,0.251906,-0.304792,-0.556698,0.411810,FakeWhatsApp.BR_2018,whatsapp,v1,True,False,2018-2022,desconhecido,False
13483,1,-2.090294,2.203451,4.293745,0.954270,FakeWhatsApp.BR_2018,whatsapp,v1,True,False,2018-2022,desconhecido,True
13514,1,-2.363365,2.643123,5.006488,0.971723,FakeWhatsApp.BR_2018,whatsapp,v1,True,False,2018-2022,desconhecido,False
13513,1,-0.681913,0.408442,1.090355,0.689168,FakeWhatsApp.BR_2018,whatsapp,v1,True,False,2018-2022,desconhecido,True
13512,1,-0.396625,0.422189,0.818815,0.647072,FakeWhatsApp.BR_2018,whatsapp,v1,True,False,2018-2022,desconhecido,False
13511,0,1.272888,-1.225994,-2.498882,0.152418,FakeWhatsApp.BR_2018,whatsapp,v1,True,False,2018-2022,desconhecido,True
13510,0,-0.990738,1.094837,2.085575,0.816492,FakeWhatsApp.BR_2018,whatsapp,v1,True,False,2018-2022,desconhecido,True
13509,0,0.718517,-0.942881,-1.661398,0.244229,FakeWhatsApp.BR_2018,whatsapp,v1,True,False,2018-2022,desconhecido,True
13508,1,-0.118333,-0.008436,0.109897,0.527483,FakeWhatsApp.BR_2018,whatsapp,v1,True,False,2018-2022,desconhecido,False
13507,0,1.603017,-1.842915,-3.445932,0.084821,FakeWhatsApp.BR_2018,whatsapp,v1,True,False,2018-2022,desconhecido,False
13506,0,1.649438,-1.878844,-3.528283,0.080453,FakeWhatsApp.BR_2018,whatsapp,v1,True,False,2018-2022,desconhecido,False
13505,0,-1.988896,2.374721,4.363617,0.956357,FakeWhatsApp.BR_2018,whatsapp,v1,True,False,2018-2022,desconhecido,False
13504,1,-2.311890,2.509487,4.821377,0.967937,FakeWhatsApp.BR_2018,whatsapp,v1,True,False,2018-2022,desconhecido,True
13503,0,0.994076,-1.085490,-2.079566,0.194302,FakeWhatsApp.BR_2018,whatsapp,v1,True,False,2018-2022,desconhecido,True
13502,1,-0.020832,0.075534,0.096366,0.525122,FakeWhatsApp.BR_2018,whatsapp,v1,True,False,2018-2022,desconhecido,True
13501,1,0.129330,-0.023036,-0.152366,0.481631,FakeWhatsApp.BR_2018,whatsapp,v1,True,False,2018-2022,desconhecido,False
13500,0,-0.125631,0.057647,0.183278,0.540262,FakeWhatsApp.BR_2018,whatsapp,v1,True,False,2018-2022,desconhecido,False
13499,1,-1.691759,1.987007,3.678766,0.931361,FakeWhatsApp.BR_2018,whatsapp,v1,True,False,2018-2022,desconhecido,False
13530,0,-1.279785,1.446683,2.726468,0.874495,FakeWhatsApp.BR_2018,whatsapp,v1,True,False,2018-2022,desconhecido,False
13529,1,-1.266899,1.445896,2.712795,0.873441,FakeWhatsApp.BR_2018,whatsapp,v1,True,False,2018-2022,desconhecido,True
13528,1,-2.035149,2.354731,4.389880,0.957118,FakeWhatsApp.BR_2018,whatsapp,v1,True,False,2018-2022,desconhecido,True
13527,0,-0.517169,0.519063,1.036232,0.680996,FakeWhatsApp.BR_2018,whatsapp,v1,True,False,2018-2022,desconhecido,True
13526,1,-1.929206,2.104305,4.033512,0.945631,FakeWhatsApp.BR_2018,whatsapp,v1,True,False,2018-2022,desconhecido,True
13525,1,-1.956227,2.099137,4.055364,0.946412,FakeWhatsApp.BR_2018,whatsapp,v1,True,False,2018-2022,desconhecido,True
13524,1,-1.787544,2.037103,3.824647,0.937607,FakeWhatsApp.BR_2018,whatsapp,v1,True,False,2018-2022,desconhecido,True
13523,0,-0.957327,0.981682,1.939009,0.800621,FakeWhatsApp.BR_2018,whatsapp,v1,True,False,2018-2022,desconhecido,True
13522,0,0.070944,-0.229007,-0.299951,0.455915,FakeWhatsApp.BR_2018,whatsapp,v1,True,False,2018-2022,desconhecido,True
13521,1,-1.492606,1.659310,3.151917,0.903702,FakeWhatsApp.BR_2018,whatsapp,v1,True,False,2018-2022,desconhecido,True
13520,1,-0.180960,0.068113,0.249072,0.551676,FakeWhatsApp.BR_2018,whatsapp,v1,True,False,2018-2022,desconhecido,True
13519,0,0.855209,-1.056312,-1.911521,0.213377,FakeWhatsApp.BR_2018,whatsapp,v1,True,False,2018-2022,desconhecido,True
13518,0,1.224123,-1.566723,-2.790846,0.127851,FakeWhatsApp.BR_2018,whatsapp,v1,True,False,2018-2022,desconhecido,True
13517,0,0.101724,-0.038477,-0.140201,0.483757,FakeWhatsApp.BR_2018,whatsapp,v1,True,False,2018-2022,desconhecido,True
13516,1,0.064552,-0.230749,-0.295301,0.456723,FakeWhatsApp.BR_2018,whatsapp,v1,True,False,2018-2022,desconhecido,True
13515,1,-0.105599,0.157399,0.262997,0.554086,FakeWhatsApp.BR_2018,whatsapp,v1,True,False,2018-2022,desconhecido,False
13546,1,0.346296,-0.598601,-0.944897,0.347924,FakeWhatsApp.BR_2018,whatsapp,v1,True,False,2018-2022,desconhecido,True
13545,0,-0.721366,0.757968,1.479333,0.744305,FakeWhatsApp.BR_2018,whatsapp,v1,True,False,2018-2022,desconhecido,True
13544,0,-0.058265,-0.117763,-0.059498,0.497872,FakeWhatsApp.BR_2018,whatsapp,v1,True,False,2018-2022,desconhecido,False
13543,1,0.202320,-0.103029,-0.305349,0.454978,FakeWhatsApp.BR_2018,whatsapp,v1,True,False,2018-2022,desconhecido,True
13542,1,-0.810122,1.073709,1.883830,0.794385,FakeWhatsApp.BR_2018,whatsapp,v1,True,False,2018-2022,desconhecido,True
13541,1,-1.430682,1.547770,2.978452,0.892607,FakeWhatsApp.BR_2018,whatsapp,v1,True,False,2018-2022,desconhecido,False
13540,1,-2.544496,2.813955,5.358451,0.977759,FakeWhatsApp.BR_2018,whatsapp,v1,True,False,2018-2022,desconhecido,True
13539,1,-0.832891,0.846451,1.679342,0.770024,FakeWhatsApp.BR_2018,whatsapp,v1,True,False,2018-2022,desconhecido,True
13538,1,-2.119573,2.305733,4.425305,0.958124,FakeWhatsApp.BR_2018,whatsapp,v1,True,False,2018-2022,desconhecido,False
13537,1,-2.185111,2.513247,4.698358,0.965154,FakeWhatsApp.BR_2018,whatsapp,v1,True,False,2018-2022,desconhecido,True
13536,0,0.143031,-0.348382,-0.491413,0.422920,FakeWhatsApp.BR_2018,whatsapp,v1,True,False,2018-2022,desconhecido,False
13535,0,0.986494,-1.213378,-2.199871,0.181459,FakeWhatsApp.BR_2018,whatsapp,v1,True,False,2018-2022,desconhecido,True
13534,1,-1.205645,1.287150,2.492795,0.855420,FakeWhatsApp.BR_2018,whatsapp,v1,True,False,2018-2022,desconhecido,False
13533,1,1.103135,-1.364758,-2.467893,0.155241,FakeWhatsApp.BR_2018,whatsapp,v1,True,False,2018-2022,desconhecido,True
13532,0,0.658073,-0.575111,-1.233184,0.303658,FakeWhatsApp.BR_2018,whatsapp,v1,True,False,2018-2022,desconhecido,True
13531,1,0.163011,-0.085623,-0.248634,0.464837,FakeWhatsApp.BR_2018,whatsapp,v1,True,False,2018-2022,desconhecido,True
13562,0,0.561122,-0.554151,-1.115273,0.321384,FakeWhatsApp.BR_2018,whatsapp,v1,True,False,2018-2022,desconhecido,True
13561,1,-1.263402,1.419840,2.683242,0.871137,FakeWhatsApp.BR_2018,whatsapp,v1,True,False,2018-2022,desconhecido,True
13560,0,0.493807,-0.486614,-0.980422,0.342305,FakeWhatsApp.BR_2018,whatsapp,v1,True,False,2018-2022,desconhecido,False
13559,1,-1.180043,1.301029,2.481072,0.854402,FakeWhatsApp.BR_2018,whatsapp,v1,True,False,2018-2022,desconhecido,True
13558,1,-2.527910,2.748301,5.276211,0.976473,FakeWhatsApp.BR_2018,whatsapp,v1,True,False,2018-2022,desconhecido,True
13557,1,-2.657338,2.849959,5.507298,0.979915,FakeWhatsApp.BR_2018,whatsapp,v1,True,False,2018-2022,desconhecido,True
13556,0,0.126966,-0.258234,-0.385200,0.441159,FakeWhatsApp.BR_2018,whatsapp,v1,True,False,2018-2022,desconhecido,False
13555,1,-1.335700,1.388824,2.724524,0.874345,FakeWhatsApp.BR_2018,whatsapp,v1,True,False,2018-2022,desconhecido,True
13554,0,0.918417,-0.996499,-1.914916,0.212979,FakeWhatsApp.BR_2018,whatsapp,v1,True,False,2018-2022,desconhecido,True
13553,0,0.232880,-0.248146,-0.481026,0.424695,FakeWhatsApp.BR_2018,whatsapp,v1,True,False,2018-2022,desconhecido,True
13552,1,-0.827205,0.851442,1.678647,0.769938,FakeWhatsApp.BR_2018,whatsapp,v1,True,False,2018-2022,desconhecido,True
13551,0,-1.294958,1.209915,2.504873,0.856462,FakeWhatsApp.BR_2018,whatsapp,v1,True,False,2018-2022,desconhecido,False
13550,1,-0.756751,1.021639,1.778391,0.782070,FakeWhatsApp.BR_2018,whatsapp,v1,True,False,2018-2022,desconhecido,False
13549,1,-2.399993,2.575548,4.975541,0.971122,FakeWhatsApp.BR_2018,whatsapp,v1,True,False,2018-2022,desconhecido,True
13548,1,-2.154480,2.495776,4.650257,0.964004,FakeWhatsApp.BR_2018,whatsapp,v1,True,False,2018-2022,desconhecido,True
13547,1,-1.631141,1.808602,3.439743,0.919864,FakeWhatsApp.BR_2018,whatsapp,v1,True,False,2018-2022,desconhecido,False
13578,0,2.626667,-2.824390,-5.451057,0.022272,FakeWhatsApp.BR_2018,whatsapp,v1,True,False,2018-2022,desconhecido,False
13577,0,2.619920,-2.860075,-5.479995,0.021835,FakeWhatsApp.BR_2018,whatsapp,v1,True,False,2018-2022,desconhecido,False
13576,0,2.650267,-2.885070,-5.535337,0.021023,FakeWhatsApp.BR_2018,whatsapp,v1,True,False,2018-2022,desconhecido,True
13575,0,2.797235,-3.009008,-5.806243,0.017456,FakeWhatsApp.BR_2018,whatsapp,v1,True,False,2018-2022,desconhecido,True
13574,0,2.746980,-2.914807,-5.661786,0.019277,FakeWhatsApp.BR_2018,whatsapp,v1,True,False,2018-2022,desconhecido,True
13573,0,2.652052,-2.852378,-5.504431,0.021473,FakeWhatsApp.BR_2018,whatsapp,v1,True,False,2018-2022,desconhecido,True
13572,0,2.708887,-2.920496,-5.629384,0.019710,FakeWhatsApp.BR_2018,whatsapp,v1,True,False,2018-2022,desconhecido,False
13571,0,2.786443,-2.991475,-5.777918,0.017799,FakeWhatsApp.BR_2018,whatsapp,v1,True,False,2018-2022,desconhecido,True
13570,0,2.723321,-2.873662,-5.596983,0.020153,FakeWhatsApp.BR_2018,whatsapp,v1,True,False,2018-2022,desconhecido,True
13569,0,2.713465,-2.886659,-5.600124,0.020110,FakeWhatsApp.BR_2018,whatsapp,v1,True,False,2018-2022,desconhecido,False
13568,0,2.724680,-2.879167,-5.603848,0.020059,FakeWhatsApp.BR_2018,whatsapp,v1,True,False,2018-2022,desconhecido,True
13567,0,2.741902,-2.923208,-5.665110,0.019233,FakeWhatsApp.BR_2018,whatsapp,v1,True,False,2018-2022,desconhecido,True
13566,0,2.689229,-2.917416,-5.606644,0.020020,FakeWhatsApp.BR_2018,whatsapp,v1,True,False,2018-2022,desconhecido,True
13565,0,2.659463,-2.890263,-5.549726,0.020817,FakeWhatsApp.BR_2018,whatsapp,v1,True,False,2018-2022,desconhecido,True
13564,1,-1.061254,1.088967,2.150221,0.823174,FakeWhatsApp.BR_2018,whatsapp,v1,True,False,2018-2022,desconhecido,True
13563,1,-2.589656,2.767102,5.356758,0.977734,FakeWhatsApp.BR_2018,whatsapp,v1,True,False,2018-2022,desconhecido,True
13594,0,0.672308,-1.041944,-1.714252,0.237466,FakeWhatsApp.BR_2018,whatsapp,v1,True,False,2018-2022,desconhecido,True
13593,0,2.114679,-2.209866,-4.324544,0.047721,FakeWhatsApp.BR_2018,whatsapp,v1,True,False,2018-2022,desconhecido,True
13592,0,1.017696,-1.379616,-2.397312,0.161830,FakeWhatsApp.BR_2018,whatsapp,v1,True,False,2018-2022,desconhecido,True
13591,0,2.596567,-2.799384,-5.395950,0.023128,FakeWhatsApp.BR_2018,whatsapp,v1,True,False,2018-2022,desconhecido,True
13590,0,2.711196,-2.889854,-5.601050,0.020097,FakeWhatsApp.BR_2018,whatsapp,v1,True,False,2018-2022,desconhecido,True
13589,0,2.663616,-2.835006,-5.498622,0.021559,FakeWhatsApp.BR_2018,whatsapp,v1,True,False,2018-2022,desconhecido,True
13588,0,1.178817,-1.208699,-2.387516,0.162762,FakeWhatsApp.BR_2018,whatsapp,v1,True,False,2018-2022,desconhecido,True
13587,1,-0.996740,1.200674,2.197414,0.827930,FakeWhatsApp.BR_2018,whatsapp,v1,True,False,2018-2022,desconhecido,True
13586,1,0.379102,-0.496235,-0.875338,0.359049,FakeWhatsApp.BR_2018,whatsapp,v1,True,False,2018-2022,desconhecido,False
13585,0,2.651577,-2.874882,-5.526459,0.021151,FakeWhatsApp.BR_2018,whatsapp,v1,True,False,2018-2022,desconhecido,True
13584,0,2.764199,-2.987500,-5.751699,0.018123,FakeWhatsApp.BR_2018,whatsapp,v1,True,False,2018-2022,desconhecido,True
13583,0,2.642267,-2.828590,-5.470857,0.021972,FakeWhatsApp.BR_2018,whatsapp,v1,True,False,2018-2022,desconhecido,False
13582,0,2.665735,-2.841998,-5.507733,0.021424,FakeWhatsApp.BR_2018,whatsapp,v1,True,False,2018-2022,desconhecido,True
13581,0,2.640932,-2.815692,-5.456624,0.022187,FakeWhatsApp.BR_2018,whatsapp,v1,True,False,2018-2022,desconhecido,True
13580,0,2.700782,-2.895272,-5.596054,0.020166,FakeWhatsApp.BR_2018,whatsapp,v1,True,False,2018-2022,desconhecido,True
13579,0,2.714531,-2.916654,-5.631185,0.019686,FakeWhatsApp.BR_2018,whatsapp,v1,True,False,2018-2022,desconhecido,False
13610,0,0.655912,-0.814685,-1.470597,0.269710,FakeWhatsApp.BR_2018,whatsapp,v1,True,False,2018-2022,desconhecido,True
13609,0,0.669514,-0.770732,-1.440246,0.273914,FakeWhatsApp.BR_2018,whatsapp,v1,True,False,2018-2022,desconhecido,False
13608,1,-1.349416,1.363707,2.713123,0.873466,FakeWhatsApp.BR_2018,whatsapp,v1,True,False,2018-2022,desconhecido,True
13607,1,-1.208888,1.275162,2.484050,0.854661,FakeWhatsApp.BR_2018,whatsapp,v1,True,False,2018-2022,desconhecido,False
13606,1,-2.357130,2.635731,4.992862,0.971460,FakeWhatsApp.BR_2018,whatsapp,v1,True,False,2018-2022,desconhecido,True
13605,0,-0.817790,0.856543,1.674333,0.769403,FakeWhatsApp.BR_2018,whatsapp,v1,True,False,2018-2022,desconhecido,False
13604,1,-1.001538,1.199096,2.200634,0.828251,FakeWhatsApp.BR_2018,whatsapp,v1,True,False,2018-2022,desconhecido,True
13603,1,-0.362346,0.322747,0.685092,0.625417,FakeWhatsApp.BR_2018,whatsapp,v1,True,False,2018-2022,desconhecido,True
13602,1,0.605847,-0.732620,-1.338467,0.288306,FakeWhatsApp.BR_2018,whatsapp,v1,True,False,2018-2022,desconhecido,False
13601,1,-0.770620,0.802285,1.572905,0.756568,FakeWhatsApp.BR_2018,whatsapp,v1,True,False,2018-2022,desconhecido,False
13600,1,-0.613571,0.682024,1.295595,0.719074,FakeWhatsApp.BR_2018,whatsapp,v1,True,False,2018-2022,desconhecido,True
13599,1,-1.256984,1.306032,2.563016,0.861392,FakeWhatsApp.BR_2018,whatsapp,v1,True,False,2018-2022,desconhecido,True
13598,0,0.264432,-0.320372,-0.584804,0.407054,FakeWhatsApp.BR_2018,whatsapp,v1,True,False,2018-2022,desconhecido,False
13597,0,1.657957,-1.652634,-3.310592,0.092469,FakeWhatsApp.BR_2018,whatsapp,v1,True,False,2018-2022,desconhecido,True
13596,1,-2.097414,2.321063,4.418477,0.957932,FakeWhatsApp.BR_2018,whatsapp,v1,True,False,2018-2022,desconhecido,False
13595,1,-1.765755,1.743223,3.508977,0.923364,FakeWhatsApp.BR_2018,whatsapp,v1,True,False,2018-2022,desconhecido,True
13626,0,-0.825378,1.099023,1.924401,0.798984,FakeWhatsApp.BR_2018,whatsapp,v1,True,False,2018-2022,desconhecido,False
13625,0,-1.136943,1.422085,2.559029,0.861059,FakeWhatsApp.BR_2018,whatsapp,v1,True,False,2018-2022,desconhecido,True
13624,1,-1.942117,1.849084,3.791201,0.936224,FakeWhatsApp.BR_2018,whatsapp,v1,True,False,2018-2022,desconhecido,True
13623,1,-2.315472,2.548736,4.864208,0.968854,FakeWhatsApp.BR_2018,whatsapp,v1,True,False,2018-2022,desconhecido,True
13622,0,0.570915,-0.537895,-1.108809,0.322372,FakeWhatsApp.BR_2018,whatsapp,v1,True,False,2018-2022,desconhecido,True
13621,1,-1.607113,1.757519,3.364633,0.915902,FakeWhatsApp.BR_2018,whatsapp,v1,True,False,2018-2022,desconhecido,False
13620,0,-0.325886,0.456753,0.782640,0.641268,FakeWhatsApp.BR_2018,whatsapp,v1,True,False,2018-2022,desconhecido,True
13619,1,-1.094198,1.299165,2.393363,0.846599,FakeWhatsApp.BR_2018,whatsapp,v1,True,False,2018-2022,desconhecido,True
13618,0,0.986246,-1.258508,-2.244755,0.176840,FakeWhatsApp.BR_2018,whatsapp,v1,True,False,2018-2022,desconhecido,True
13617,0,0.461156,-0.554899,-1.016055,0.336713,FakeWhatsApp.BR_2018,whatsapp,v1,True,False,2018-2022,desconhecido,False
13616,0,1.178396,-1.334049,-2.512445,0.151196,FakeWhatsApp.BR_2018,whatsapp,v1,True,False,2018-2022,desconhecido,True
13615,1,-0.309667,0.291221,0.600888,0.611512,FakeWhatsApp.BR_2018,whatsapp,v1,True,False,2018-2022,desconhecido,True
13614,1,-0.228799,0.275365,0.504164,0.595314,FakeWhatsApp.BR_2018,whatsapp,v1,True,False,2018-2022,desconhecido,True
13613,1,-0.191438,0.233883,0.425320,0.581953,FakeWhatsApp.BR_2018,whatsapp,v1,True,False,2018-2022,desconhecido,True
13612,1,-0.749259,0.865743,1.615002,0.761953,FakeWhatsApp.BR_2018,whatsapp,v1,True,False,2018-2022,desconhecido,True
13611,0,0.496021,-0.465836,-0.961857,0.345236,FakeWhatsApp.BR_2018,whatsapp,v1,True,False,2018-2022,desconhecido,True
13642,0,2.013528,-1.994744,-4.008273,0.058849,FakeWhatsApp.BR_2018,whatsapp,v1,True,False,2018-2022,desconhecido,False
13641,0,1.603017,-1.842915,-3.445932,0.084821,FakeWhatsApp.BR_2018,whatsapp,v1,True,False,2018-2022,desconhecido,False
13640,1,-2.304286,2.514311,4.818597,0.967876,FakeWhatsApp.BR_2018,whatsapp,v1,True,False,2018-2022,desconhecido,True
13639,0,0.406787,-0.559041,-0.965828,0.344608,FakeWhatsApp.BR_2018,whatsapp,v1,True,False,2018-2022,desconhecido,False
13638,1,0.106294,-0.294428,-0.400722,0.438482,FakeWhatsApp.BR_2018,whatsapp,v1,True,False,2018-2022,desconhecido,False
13637,0,-0.898347,1.029390,1.927737,0.799359,FakeWhatsApp.BR_2018,whatsapp,v1,True,False,2018-2022,desconhecido,True
13636,0,1.496980,-1.827570,-3.324549,0.091653,FakeWhatsApp.BR_2018,whatsapp,v1,True,False,2018-2022,desconhecido,True
13635,0,1.728183,-1.967880,-3.696063,0.072183,FakeWhatsApp.BR_2018,whatsapp,v1,True,False,2018-2022,desconhecido,True
13634,1,-2.259574,2.450504,4.710078,0.965429,FakeWhatsApp.BR_2018,whatsapp,v1,True,False,2018-2022,desconhecido,True
13633,1,-1.274883,1.483963,2.758846,0.876961,FakeWhatsApp.BR_2018,whatsapp,v1,True,False,2018-2022,desconhecido,False
13632,1,-0.934952,1.105161,2.040113,0.811676,FakeWhatsApp.BR_2018,whatsapp,v1,True,False,2018-2022,desconhecido,True
13631,0,-1.256627,1.534737,2.791364,0.879395,FakeWhatsApp.BR_2018,whatsapp,v1,True,False,2018-2022,desconhecido,True
13630,0,2.245368,-2.370113,-4.615480,0.039275,FakeWhatsApp.BR_2018,whatsapp,v1,True,False,2018-2022,desconhecido,True
13629,0,1.035797,-1.194017,-2.229813,0.178367,FakeWhatsApp.BR_2018,whatsapp,v1,True,False,2018-2022,desconhecido,True
13628,1,-0.691386,0.874516,1.565902,0.755664,FakeWhatsApp.BR_2018,whatsapp,v1,True,False,2018-2022,desconhecido,False
13627,0,-1.514946,1.583178,3.098124,0.900376,FakeWhatsApp.BR_2018,whatsapp,v1,True,False,2018-2022,desconhecido,False
13658,1,-2.603227,2.860524,5.463752,0.979307,FakeWhatsApp.BR_2018,whatsapp,v1,True,False,2018-2022,desconhecido,True
13657,1,-1.989632,2.286754,4.276386,0.953737,FakeWhatsApp.BR_2018,whatsapp,v1,True,False,2018-2022,desconhecido,True
13656,0,-0.868898,0.720619,1.589518,0.758703,FakeWhatsApp.BR_2018,whatsapp,v1,True,False,2018-2022,desconhecido,True
13655,1,-0.564724,0.479493,1.044217,0.682209,FakeWhatsApp.BR_2018,whatsapp,v1,True,False,2018-2022,desconhecido,True
13654,1,-1.941521,2.135987,4.077508,0.947193,FakeWhatsApp.BR_2018,whatsapp,v1,True,False,2018-2022,desconhecido,True
13653,0,1.617758,-1.747308,-3.365066,0.089319,FakeWhatsApp.BR_2018,whatsapp,v1,True,False,2018-2022,desconhecido,True
13652,1,-1.966638,2.095190,4.061829,0.946641,FakeWhatsApp.BR_2018,whatsapp,v1,True,False,2018-2022,desconhecido,True
13651,0,2.084772,-2.359243,-4.444015,0.044062,FakeWhatsApp.BR_2018,whatsapp,v1,True,False,2018-2022,desconhecido,True
13650,1,-0.123381,0.103844,0.227225,0.547892,FakeWhatsApp.BR_2018,whatsapp,v1,True,False,2018-2022,desconhecido,True
13649,1,-2.810144,3.229605,6.039749,0.986077,FakeWhatsApp.BR_2018,whatsapp,v1,True,False,2018-2022,desconhecido,True
13648,1,-2.861509,3.274532,6.136041,0.986972,FakeWhatsApp.BR_2018,whatsapp,v1,True,False,2018-2022,desconhecido,True
13647,1,-2.053973,2.362204,4.416177,0.957867,FakeWhatsApp.BR_2018,whatsapp,v1,True,False,2018-2022,desconhecido,True
13646,1,-2.126270,2.397365,4.523635,0.960800,FakeWhatsApp.BR_2018,whatsapp,v1,True,False,2018-2022,desconhecido,True
13645,0,2.166944,-2.186170,-4.353113,0.046821,FakeWhatsApp.BR_2018,whatsapp,v1,True,False,2018-2022,desconhecido,True
13644,1,-0.261014,0.280704,0.541718,0.601630,FakeWhatsApp.BR_2018,whatsapp,v1,True,False,2018-2022,desconhecido,True
13643,0,-0.206349,0.117831,0.324180,0.564639,FakeWhatsApp.BR_2018,whatsapp,v1,True,False,2018-2022,desconhecido,True
13674,0,0.024421,-0.203579,-0.228000,0.468432,FakeWhatsApp.BR_2018,whatsapp,v1,True,False,2018-2022,desconhecido,True
13673,1,-0.441179,0.495236,0.936415,0.665632,FakeWhatsApp.BR_2018,whatsapp,v1,True,False,2018-2022,desconhecido,False
13672,1,-1.347492,1.416116,2.763608,0.877320,FakeWhatsApp.BR_2018,whatsapp,v1,True,False,2018-2022,desconhecido,True
13671,1,-1.519621,1.769866,3.289488,0.911762,FakeWhatsApp.BR_2018,whatsapp,v1,True,False,2018-2022,desconhecido,True
13670,0,1.754243,-2.167771,-3.922015,0.062282,FakeWhatsApp.BR_2018,whatsapp,v1,True,False,2018-2022,desconhecido,True
13669,0,2.251807,-2.452863,-4.704669,0.036986,FakeWhatsApp.BR_2018,whatsapp,v1,True,False,2018-2022,desconhecido,True
13668,1,-0.945182,0.881112,1.826294,0.787730,FakeWhatsApp.BR_2018,whatsapp,v1,True,False,2018-2022,desconhecido,True
13667,0,-0.455223,0.471936,0.927159,0.664189,FakeWhatsApp.BR_2018,whatsapp,v1,True,False,2018-2022,desconhecido,True
13666,1,-1.943061,2.106071,4.049132,0.946190,FakeWhatsApp.BR_2018,whatsapp,v1,True,False,2018-2022,desconhecido,False
13665,1,-2.033833,2.162438,4.196271,0.951199,FakeWhatsApp.BR_2018,whatsapp,v1,True,False,2018-2022,desconhecido,False
13664,0,0.440392,-0.839839,-1.280231,0.296741,FakeWhatsApp.BR_2018,whatsapp,v1,True,False,2018-2022,desconhecido,True
13663,0,1.597648,-1.806265,-3.403913,0.087132,FakeWhatsApp.BR_2018,whatsapp,v1,True,False,2018-2022,desconhecido,False
13662,1,-2.184550,2.448722,4.633272,0.963590,FakeWhatsApp.BR_2018,whatsapp,v1,True,False,2018-2022,desconhecido,True
13661,1,-1.447245,1.455918,2.903163,0.887451,FakeWhatsApp.BR_2018,whatsapp,v1,True,False,2018-2022,desconhecido,False
13660,1,-1.138928,1.205670,2.344598,0.842114,FakeWhatsApp.BR_2018,whatsapp,v1,True,False,2018-2022,desconhecido,True
13659,1,-1.500874,1.719495,3.220369,0.907792,FakeWhatsApp.BR_2018,whatsapp,v1,True,False,2018-2022,desconhecido,True
13690,0,-0.127238,-0.043963,0.083275,0.522837,FakeWhatsApp.BR_2018,whatsapp,v1,True,False,2018-2022,desconhecido,False
13689,1,-2.293220,2.613058,4.906278,0.969731,FakeWhatsApp.BR_2018,whatsapp,v1,True,False,2018-2022,desconhecido,True
13688,0,1.781868,-1.825009,-3.606876,0.076476,FakeWhatsApp.BR_2018,whatsapp,v1,True,False,2018-2022,desconhecido,False
13687,1,-2.670336,3.124380,5.794716,0.983515,FakeWhatsApp.BR_2018,whatsapp,v1,True,False,2018-2022,desconhecido,True
13686,0,0.129024,-0.142905,-0.271929,0.460784,FakeWhatsApp.BR_2018,whatsapp,v1,True,False,2018-2022,desconhecido,True
13685,1,-1.316243,1.402238,2.718481,0.873880,FakeWhatsApp.BR_2018,whatsapp,v1,True,False,2018-2022,desconhecido,True
13684,1,-1.217731,1.367920,2.585650,0.863273,FakeWhatsApp.BR_2018,whatsapp,v1,True,False,2018-2022,desconhecido,False
13683,0,-0.121043,0.137268,0.258311,0.553275,FakeWhatsApp.BR_2018,whatsapp,v1,True,False,2018-2022,desconhecido,False
13682,1,-2.587108,2.828485,5.415593,0.978613,FakeWhatsApp.BR_2018,whatsapp,v1,True,False,2018-2022,desconhecido,False
13681,0,-0.170386,-0.195108,-0.024722,0.503956,FakeWhatsApp.BR_2018,whatsapp,v1,True,False,2018-2022,desconhecido,True
13680,0,0.633363,-0.882786,-1.516149,0.263476,FakeWhatsApp.BR_2018,whatsapp,v1,True,False,2018-2022,desconhecido,False
13679,0,-0.110813,0.028392,0.139205,0.532592,FakeWhatsApp.BR_2018,whatsapp,v1,True,False,2018-2022,desconhecido,True
13678,0,2.360782,-2.391664,-4.752446,0.035813,FakeWhatsApp.BR_2018,whatsapp,v1,True,False,2018-2022,desconhecido,True
13677,0,-0.458338,0.616877,1.075215,0.686894,FakeWhatsApp.BR_2018,whatsapp,v1,True,False,2018-2022,desconhecido,True
13676,0,1.686441,-1.808566,-3.495007,0.082193,FakeWhatsApp.BR_2018,whatsapp,v1,True,False,2018-2022,desconhecido,True
13675,1,1.823156,-1.898865,-3.722021,0.070976,FakeWhatsApp.BR_2018,whatsapp,v1,True,False,2018-2022,desconhecido,True
13706,0,-1.459518,1.512739,2.972257,0.892191,FakeWhatsApp.BR_2018,whatsapp,v1,True,False,2018-2022,desconhecido,False
13705,0,-1.849852,1.964497,3.814349,0.937184,FakeWhatsApp.BR_2018,whatsapp,v1,True,False,2018-2022,desconhecido,False
13704,1,-1.333023,1.309942,2.642965,0.867939,FakeWhatsApp.BR_2018,whatsapp,v1,True,False,2018-2022,desconhecido,True
13703,0,-2.213205,2.550359,4.763564,0.966657,FakeWhatsApp.BR_2018,whatsapp,v1,True,False,2018-2022,desconhecido,False
13702,1,0.060772,-0.295475,-0.356247,0.446160,FakeWhatsApp.BR_2018,whatsapp,v1,True,False,2018-2022,desconhecido,True
13701,1,-2.434521,2.742638,5.177159,0.974826,FakeWhatsApp.BR_2018,whatsapp,v1,True,False,2018-2022,desconhecido,False
13700,1,-0.435249,0.500225,0.935474,0.665486,FakeWhatsApp.BR_2018,whatsapp,v1,True,False,2018-2022,desconhecido,True
13699,1,-0.828670,0.968306,1.796977,0.784279,FakeWhatsApp.BR_2018,whatsapp,v1,True,False,2018-2022,desconhecido,True
13698,0,1.686354,-1.836430,-3.522784,0.080738,FakeWhatsApp.BR_2018,whatsapp,v1,True,False,2018-2022,desconhecido,True
13697,1,-1.197478,1.498856,2.696334,0.872162,FakeWhatsApp.BR_2018,whatsapp,v1,True,False,2018-2022,desconhecido,False
13696,1,-0.698698,0.616982,1.315680,0.721905,FakeWhatsApp.BR_2018,whatsapp,v1,True,False,2018-2022,desconhecido,False
13695,0,1.375760,-1.471902,-2.847662,0.123482,FakeWhatsApp.BR_2018,whatsapp,v1,True,False,2018-2022,desconhecido,True
13694,1,-1.475489,1.750931,3.226419,0.908146,FakeWhatsApp.BR_2018,whatsapp,v1,True,False,2018-2022,desconhecido,True
13693,1,-1.443903,1.604172,3.048075,0.897190,FakeWhatsApp.BR_2018,whatsapp,v1,True,False,2018-2022,desconhecido,False
13692,1,-2.392200,2.641616,5.033816,0.972244,FakeWhatsApp.BR_2018,whatsapp,v1,True,False,2018-2022,desconhecido,False
13691,0,1.210386,-1.355096,-2.565482,0.146493,FakeWhatsApp.BR_2018,whatsapp,v1,True,False,2018-2022,desconhecido,True
13722,0,1.498828,-1.485752,-2.984580,0.113479,FakeWhatsApp.BR_2018,whatsapp,v1,True,False,2018-2022,desconhecido,True
13721,1,-1.202449,1.459943,2.662392,0.869490,FakeWhatsApp.BR_2018,whatsapp,v1,True,False,2018-2022,desconhecido,True
13720,1,-1.610198,1.934051,3.544249,0.925092,FakeWhatsApp.BR_2018,whatsapp,v1,True,False,2018-2022,desconhecido,True
13719,1,0.001242,-0.176984,-0.178226,0.477114,FakeWhatsApp.BR_2018,whatsapp,v1,True,False,2018-2022,desconhecido,False
13718,0,-0.444839,0.612633,1.057473,0.684217,FakeWhatsApp.BR_2018,whatsapp,v1,True,False,2018-2022,desconhecido,True
13717,0,0.294767,-0.435365,-0.730132,0.382756,FakeWhatsApp.BR_2018,whatsapp,v1,True,False,2018-2022,desconhecido,True
13716,0,1.157193,-1.293000,-2.450193,0.156872,FakeWhatsApp.BR_2018,whatsapp,v1,True,False,2018-2022,desconhecido,False
13715,1,-1.653615,1.807910,3.461525,0.920980,FakeWhatsApp.BR_2018,whatsapp,v1,True,False,2018-2022,desconhecido,False
13714,0,-1.514444,1.836092,3.350536,0.915139,FakeWhatsApp.BR_2018,whatsapp,v1,True,False,2018-2022,desconhecido,False
13713,1,-2.846523,3.207627,6.054151,0.986214,FakeWhatsApp.BR_2018,whatsapp,v1,True,False,2018-2022,desconhecido,True
13712,0,0.635074,-0.707121,-1.342195,0.287771,FakeWhatsApp.BR_2018,whatsapp,v1,True,False,2018-2022,desconhecido,True
13711,0,0.192891,0.026585,-0.166306,0.479196,FakeWhatsApp.BR_2018,whatsapp,v1,True,False,2018-2022,desconhecido,True
13710,0,0.468127,-0.650669,-1.118796,0.320847,FakeWhatsApp.BR_2018,whatsapp,v1,True,False,2018-2022,desconhecido,True
13709,0,-0.328569,0.258202,0.586770,0.609162,FakeWhatsApp.BR_2018,whatsapp,v1,True,False,2018-2022,desconhecido,True
13708,1,-2.279233,2.563439,4.842672,0.968396,FakeWhatsApp.BR_2018,whatsapp,v1,True,False,2018-2022,desconhecido,True
13707,0,1.063403,-1.429741,-2.493144,0.152937,FakeWhatsApp.BR_2018,whatsapp,v1,True,False,2018-2022,desconhecido,False
13738,0,1.231036,-1.272638,-2.503675,0.151985,FakeWhatsApp.BR_2018,whatsapp,v1,True,False,2018-2022,desconhecido,True
13737,1,-0.336528,0.380057,0.716584,0.630565,FakeWhatsApp.BR_2018,whatsapp,v1,True,False,2018-2022,desconhecido,True
13736,0,0.897026,-1.304070,-2.201097,0.181332,FakeWhatsApp.BR_2018,whatsapp,v1,True,False,2018-2022,desconhecido,True
13735,0,-0.070343,-0.124712,-0.054369,0.498769,FakeWhatsApp.BR_2018,whatsapp,v1,True,False,2018-2022,desconhecido,False
13734,0,3.009180,-3.360591,-6.369771,0.011834,FakeWhatsApp.BR_2018,whatsapp,v1,True,False,2018-2022,desconhecido,False
13733,0,-0.472537,0.337266,0.809803,0.645630,FakeWhatsApp.BR_2018,whatsapp,v1,True,False,2018-2022,desconhecido,False
13732,0,1.452841,-1.722836,-3.175678,0.100704,FakeWhatsApp.BR_2018,whatsapp,v1,True,False,2018-2022,desconhecido,True
13731,0,2.738565,-2.861434,-5.599998,0.020112,FakeWhatsApp.BR_2018,whatsapp,v1,True,False,2018-2022,desconhecido,True
13730,0,-0.164633,-0.347773,-0.183140,0.476256,FakeWhatsApp.BR_2018,whatsapp,v1,True,False,2018-2022,desconhecido,True
13729,1,-1.748926,1.867173,3.616098,0.928503,FakeWhatsApp.BR_2018,whatsapp,v1,True,False,2018-2022,desconhecido,True
13728,1,-2.095822,2.281393,4.377215,0.956753,FakeWhatsApp.BR_2018,whatsapp,v1,True,False,2018-2022,desconhecido,False
13727,1,-1.559206,1.809476,3.368681,0.916120,FakeWhatsApp.BR_2018,whatsapp,v1,True,False,2018-2022,desconhecido,True
13726,1,-0.566853,0.487869,1.054722,0.683801,FakeWhatsApp.BR_2018,whatsapp,v1,True,False,2018-2022,desconhecido,True
13725,1,-2.511457,2.869512,5.380969,0.978099,FakeWhatsApp.BR_2018,whatsapp,v1,True,False,2018-2022,desconhecido,False
13724,1,-2.470078,2.758031,5.228109,0.975687,FakeWhatsApp.BR_2018,whatsapp,v1,True,False,2018-2022,desconhecido,False
13723,1,-1.344114,1.526160,2.870274,0.885131,FakeWhatsApp.BR_2018,whatsapp,v1,True,False,2018-2022,desconhecido,True
13754,0,0.900326,-1.012040,-1.912367,0.213278,FakeWhatsApp.BR_2018,whatsapp,v1,True,False,2018-2022,desconhecido,False
13753,1,-1.971700,2.277291,4.248991,0.952883,FakeWhatsApp.BR_2018,whatsapp,v1,True,False,2018-2022,desconhecido,True
13752,1,-2.280475,2.441983,4.722458,0.965717,FakeWhatsApp.BR_2018,whatsapp,v1,True,False,2018-2022,desconhecido,True
13751,1,-0.143196,0.086653,0.229849,0.548347,FakeWhatsApp.BR_2018,whatsapp,v1,True,False,2018-2022,desconhecido,False
13750,1,0.537206,-0.705630,-1.242836,0.302231,FakeWhatsApp.BR_2018,whatsapp,v1,True,False,2018-2022,desconhecido,True
13749,1,-0.785808,0.932996,1.718804,0.774878,FakeWhatsApp.BR_2018,whatsapp,v1,True,False,2018-2022,desconhecido,True
13748,0,2.067372,-2.049116,-4.116488,0.054791,FakeWhatsApp.BR_2018,whatsapp,v1,True,False,2018-2022,desconhecido,True
13747,1,-1.950092,2.072137,4.022229,0.945224,FakeWhatsApp.BR_2018,whatsapp,v1,True,False,2018-2022,desconhecido,True
13746,0,-1.272278,1.471011,2.743289,0.875781,FakeWhatsApp.BR_2018,whatsapp,v1,True,False,2018-2022,desconhecido,True
13745,0,-1.916128,1.995830,3.911957,0.941088,FakeWhatsApp.BR_2018,whatsapp,v1,True,False,2018-2022,desconhecido,True
13744,0,-0.914252,0.908670,1.822922,0.787335,FakeWhatsApp.BR_2018,whatsapp,v1,True,False,2018-2022,desconhecido,True
13743,0,-1.184448,1.297691,2.482140,0.854495,FakeWhatsApp.BR_2018,whatsapp,v1,True,False,2018-2022,desconhecido,True
13742,1,-1.910800,2.227550,4.138350,0.949282,FakeWhatsApp.BR_2018,whatsapp,v1,True,False,2018-2022,desconhecido,True
13741,1,0.023872,-0.156206,-0.180077,0.476791,FakeWhatsApp.BR_2018,whatsapp,v1,True,False,2018-2022,desconhecido,True
13740,1,-1.704944,1.831810,3.536754,0.924728,FakeWhatsApp.BR_2018,whatsapp,v1,True,False,2018-2022,desconhecido,False
13739,0,-1.909063,2.281288,4.190351,0.951006,FakeWhatsApp.BR_2018,whatsapp,v1,True,False,2018-2022,desconhecido,False
13770,1,-0.272485,0.251723,0.524208,0.598689,FakeWhatsApp.BR_2018,whatsapp,v1,True,False,2018-2022,desconhecido,True
13769,0,-0.648964,0.702943,1.351907,0.726967,FakeWhatsApp.BR_2018,whatsapp,v1,True,False,2018-2022,desconhecido,True
13768,1,-2.246617,2.491844,4.738461,0.966086,FakeWhatsApp.BR_2018,whatsapp,v1,True,False,2018-2022,desconhecido,True
13767,0,1.072534,-1.279496,-2.352030,0.166175,FakeWhatsApp.BR_2018,whatsapp,v1,True,False,2018-2022,desconhecido,True
13766,1,-1.969628,2.184929,4.154557,0.949826,FakeWhatsApp.BR_2018,whatsapp,v1,True,False,2018-2022,desconhecido,True
13765,0,0.922170,-1.043394,-1.965564,0.207098,FakeWhatsApp.BR_2018,whatsapp,v1,True,False,2018-2022,desconhecido,True
13764,1,-2.327975,2.582200,4.910175,0.969811,FakeWhatsApp.BR_2018,whatsapp,v1,True,False,2018-2022,desconhecido,False
13763,1,-0.945803,1.084435,2.030237,0.810618,FakeWhatsApp.BR_2018,whatsapp,v1,True,False,2018-2022,desconhecido,True
13762,1,-0.526905,0.596997,1.123902,0.694175,FakeWhatsApp.BR_2018,whatsapp,v1,True,False,2018-2022,desconhecido,True
13761,1,-2.492830,2.797972,5.290803,0.976706,FakeWhatsApp.BR_2018,whatsapp,v1,True,False,2018-2022,desconhecido,False
13760,0,-0.719037,0.858979,1.578016,0.757226,FakeWhatsApp.BR_2018,whatsapp,v1,True,False,2018-2022,desconhecido,True
13759,1,-1.851265,2.051551,3.902816,0.940732,FakeWhatsApp.BR_2018,whatsapp,v1,True,False,2018-2022,desconhecido,True
13758,1,-1.454184,1.647888,3.102072,0.900624,FakeWhatsApp.BR_2018,whatsapp,v1,True,False,2018-2022,desconhecido,True
13757,0,-0.656773,0.393544,1.050317,0.683134,FakeWhatsApp.BR_2018,whatsapp,v1,True,False,2018-2022,desconhecido,True
13756,0,-0.735746,0.787147,1.522893,0.750064,FakeWhatsApp.BR_2018,whatsapp,v1,True,False,2018-2022,desconhecido,True
13755,0,0.352543,-0.540186,-0.892729,0.356253,FakeWhatsApp.BR_2018,whatsapp,v1,True,False,2018-2022,desconhecido,False
13786,0,-1.317114,1.189831,2.506945,0.856640,FakeWhatsApp.BR_2018,whatsapp,v1,True,False,2018-2022,desconhecido,False
13785,0,-1.219509,1.428297,2.647806,0.868327,FakeWhatsApp.BR_2018,whatsapp,v1,True,False,2018-2022,desconhecido,True
13784,0,1.603200,-1.710925,-3.314126,0.092262,FakeWhatsApp.BR_2018,whatsapp,v1,True,False,2018-2022,desconhecido,False
13783,0,1.678772,-1.789438,-3.468210,0.083619,FakeWhatsApp.BR_2018,whatsapp,v1,True,False,2018-2022,desconhecido,True
13782,1,-1.786538,1.983862,3.770400,0.935349,FakeWhatsApp.BR_2018,whatsapp,v1,True,False,2018-2022,desconhecido,True
13781,1,-0.868871,0.655519,1.524390,0.750260,FakeWhatsApp.BR_2018,whatsapp,v1,True,False,2018-2022,desconhecido,True
13780,0,-1.229628,1.403278,2.632906,0.867130,FakeWhatsApp.BR_2018,whatsapp,v1,True,False,2018-2022,desconhecido,False
13779,1,-1.426357,1.609174,3.035532,0.896377,FakeWhatsApp.BR_2018,whatsapp,v1,True,False,2018-2022,desconhecido,True
13778,1,0.943915,-1.106441,-2.050355,0.197522,FakeWhatsApp.BR_2018,whatsapp,v1,True,False,2018-2022,desconhecido,True
13777,0,2.813310,-3.180660,-5.993970,0.015339,FakeWhatsApp.BR_2018,whatsapp,v1,True,False,2018-2022,desconhecido,False
13776,0,0.288331,-0.454010,-0.742341,0.380739,FakeWhatsApp.BR_2018,whatsapp,v1,True,False,2018-2022,desconhecido,True
13775,0,-0.120970,-0.051930,0.069041,0.520351,FakeWhatsApp.BR_2018,whatsapp,v1,True,False,2018-2022,desconhecido,True
13774,0,0.868181,-1.023806,-1.891987,0.215681,FakeWhatsApp.BR_2018,whatsapp,v1,True,False,2018-2022,desconhecido,True
13773,0,1.024130,-1.419052,-2.443182,0.157522,FakeWhatsApp.BR_2018,whatsapp,v1,True,False,2018-2022,desconhecido,True
13772,1,-1.409703,1.571422,2.981125,0.892787,FakeWhatsApp.BR_2018,whatsapp,v1,True,False,2018-2022,desconhecido,False
13771,0,1.281255,-1.744726,-3.025981,0.110597,FakeWhatsApp.BR_2018,whatsapp,v1,True,False,2018-2022,desconhecido,False
13802,0,0.821548,-0.847420,-1.668968,0.243252,FakeWhatsApp.BR_2018,whatsapp,v1,True,False,2018-2022,desconhecido,True
13801,1,-2.284913,2.566780,4.851693,0.968589,FakeWhatsApp.BR_2018,whatsapp,v1,True,False,2018-2022,desconhecido,True
13800,1,-2.189524,2.499231,4.688756,0.964928,FakeWhatsApp.BR_2018,whatsapp,v1,True,False,2018-2022,desconhecido,True
13799,1,-2.175780,2.534750,4.710530,0.965440,FakeWhatsApp.BR_2018,whatsapp,v1,True,False,2018-2022,desconhecido,True
13798,1,-2.374576,2.625287,4.999863,0.971595,FakeWhatsApp.BR_2018,whatsapp,v1,True,False,2018-2022,desconhecido,True
13797,1,-0.549909,0.513863,1.063772,0.685169,FakeWhatsApp.BR_2018,whatsapp,v1,True,False,2018-2022,desconhecido,True
13796,1,0.401156,-0.362723,-0.763879,0.377191,FakeWhatsApp.BR_2018,whatsapp,v1,True,False,2018-2022,desconhecido,True
13795,0,2.114786,-2.374742,-4.489528,0.042739,FakeWhatsApp.BR_2018,whatsapp,v1,True,False,2018-2022,desconhecido,False
13794,0,0.991624,-1.172883,-2.164507,0.185164,FakeWhatsApp.BR_2018,whatsapp,v1,True,False,2018-2022,desconhecido,True
13793,1,1.207327,-1.206344,-2.413671,0.160283,FakeWhatsApp.BR_2018,whatsapp,v1,True,False,2018-2022,desconhecido,False
13792,0,2.042862,-2.094856,-4.137718,0.054027,FakeWhatsApp.BR_2018,whatsapp,v1,True,False,2018-2022,desconhecido,True
13791,1,-2.728235,2.980720,5.708955,0.982513,FakeWhatsApp.BR_2018,whatsapp,v1,True,False,2018-2022,desconhecido,False
13790,0,-1.084307,1.241587,2.325894,0.840365,FakeWhatsApp.BR_2018,whatsapp,v1,True,False,2018-2022,desconhecido,True
13789,1,-0.687440,0.580262,1.267702,0.715114,FakeWhatsApp.BR_2018,whatsapp,v1,True,False,2018-2022,desconhecido,True
13788,0,0.292242,-0.376107,-0.668349,0.393022,FakeWhatsApp.BR_2018,whatsapp,v1,True,False,2018-2022,desconhecido,True
13787,0,-1.278066,1.601546,2.879612,0.885794,FakeWhatsApp.BR_2018,whatsapp,v1,True,False,2018-2022,desconhecido,False
13818,1,0.155497,0.030499,-0.124998,0.486415,FakeWhatsApp.BR_2018,whatsapp,v1,True,False,2018-2022,desconhecido,True
13817,0,-0.895004,1.128184,2.023188,0.809859,FakeWhatsApp.BR_2018,whatsapp,v1,True,False,2018-2022,desconhecido,True
13816,0,0.215326,0.000482,-0.214844,0.470725,FakeWhatsApp.BR_2018,whatsapp,v1,True,False,2018-2022,desconhecido,False
13815,1,-1.090716,0.947478,2.038194,0.811471,FakeWhatsApp.BR_2018,whatsapp,v1,True,False,2018-2022,desconhecido,True
13814,0,1.621195,-1.721950,-3.343145,0.090575,FakeWhatsApp.BR_2018,whatsapp,v1,True,False,2018-2022,desconhecido,True
13813,0,0.717048,-0.793786,-1.510833,0.264199,FakeWhatsApp.BR_2018,whatsapp,v1,True,False,2018-2022,desconhecido,False
13812,0,-0.922870,1.195041,2.117910,0.819858,FakeWhatsApp.BR_2018,whatsapp,v1,True,False,2018-2022,desconhecido,False
13811,0,-0.386388,0.506422,0.892810,0.658806,FakeWhatsApp.BR_2018,whatsapp,v1,True,False,2018-2022,desconhecido,False
13810,0,-0.342964,0.393762,0.736726,0.633843,FakeWhatsApp.BR_2018,whatsapp,v1,True,False,2018-2022,desconhecido,True
13809,0,-0.222490,0.387583,0.610073,0.613038,FakeWhatsApp.BR_2018,whatsapp,v1,True,False,2018-2022,desconhecido,True
13808,0,0.488193,-0.676394,-1.164587,0.313904,FakeWhatsApp.BR_2018,whatsapp,v1,True,False,2018-2022,desconhecido,False
13807,0,2.110044,-2.420946,-4.530991,0.041568,FakeWhatsApp.BR_2018,whatsapp,v1,True,False,2018-2022,desconhecido,True
13806,0,-1.359354,1.427688,2.787042,0.879074,FakeWhatsApp.BR_2018,whatsapp,v1,True,False,2018-2022,desconhecido,True
13805,1,-2.406912,2.688818,5.095731,0.973389,FakeWhatsApp.BR_2018,whatsapp,v1,True,False,2018-2022,desconhecido,True
13804,1,-1.293351,1.402235,2.695586,0.872103,FakeWhatsApp.BR_2018,whatsapp,v1,True,False,2018-2022,desconhecido,False
13803,1,-2.581844,2.918297,5.500141,0.979817,FakeWhatsApp.BR_2018,whatsapp,v1,True,False,2018-2022,desconhecido,True
13834,0,1.917590,-1.895018,-3.812608,0.066907,FakeWhatsApp.BR_2018,whatsapp,v1,True,False,2018-2022,desconhecido,True
13833,1,2.186048,-2.273533,-4.459581,0.043605,FakeWhatsApp.BR_2018,whatsapp,v1,True,False,2018-2022,desconhecido,False
13832,0,0.344929,-0.445405,-0.790334,0.372852,FakeWhatsApp.BR_2018,whatsapp,v1,True,False,2018-2022,desconhecido,True
13831,0,0.745094,-1.107145,-1.852239,0.220424,FakeWhatsApp.BR_2018,whatsapp,v1,True,False,2018-2022,desconhecido,True
13830,0,2.235033,-2.811956,-5.046989,0.029338,FakeWhatsApp.BR_2018,whatsapp,v1,True,False,2018-2022,desconhecido,True
13829,1,-0.264276,0.337881,0.602157,0.611723,FakeWhatsApp.BR_2018,whatsapp,v1,True,False,2018-2022,desconhecido,False
13828,1,-1.554397,1.706294,3.260691,0.910127,FakeWhatsApp.BR_2018,whatsapp,v1,True,False,2018-2022,desconhecido,True
13827,0,2.091166,-2.213064,-4.304231,0.048371,FakeWhatsApp.BR_2018,whatsapp,v1,True,False,2018-2022,desconhecido,True
13826,1,-2.297582,2.655477,4.953059,0.970677,FakeWhatsApp.BR_2018,whatsapp,v1,True,False,2018-2022,desconhecido,False
13825,1,-1.193012,1.465721,2.658733,0.869199,FakeWhatsApp.BR_2018,whatsapp,v1,True,False,2018-2022,desconhecido,True
13824,1,0.464260,-0.486447,-0.950707,0.347002,FakeWhatsApp.BR_2018,whatsapp,v1,True,False,2018-2022,desconhecido,True
13823,1,-1.528187,1.721354,3.249541,0.909487,FakeWhatsApp.BR_2018,whatsapp,v1,True,False,2018-2022,desconhecido,True
13822,0,-0.673245,0.703937,1.377182,0.730464,FakeWhatsApp.BR_2018,whatsapp,v1,True,False,2018-2022,desconhecido,True
13821,1,-2.626547,2.919153,5.545700,0.980438,FakeWhatsApp.BR_2018,whatsapp,v1,True,False,2018-2022,desconhecido,True
13820,1,-2.350390,2.679172,5.029562,0.972163,FakeWhatsApp.BR_2018,whatsapp,v1,True,False,2018-2022,desconhecido,False
13819,1,0.349921,-0.408854,-0.758775,0.378031,FakeWhatsApp.BR_2018,whatsapp,v1,True,False,2018-2022,desconhecido,False
13850,0,1.554819,-1.747292,-3.302111,0.092968,FakeWhatsApp.BR_2018,whatsapp,v1,True,False,2018-2022,desconhecido,True
13849,1,-2.145236,2.264889,4.410125,0.957696,FakeWhatsApp.BR_2018,whatsapp,v1,True,False,2018-2022,desconhecido,True
13848,0,2.409171,-2.735039,-5.144211,0.027461,FakeWhatsApp.BR_2018,whatsapp,v1,True,False,2018-2022,desconhecido,True
13847,0,1.928582,-2.064436,-3.993018,0.059443,FakeWhatsApp.BR_2018,whatsapp,v1,True,False,2018-2022,desconhecido,True
13846,1,-1.839847,1.926995,3.766842,0.935198,FakeWhatsApp.BR_2018,whatsapp,v1,True,False,2018-2022,desconhecido,True
13845,1,-0.653283,0.534327,1.187610,0.703558,FakeWhatsApp.BR_2018,whatsapp,v1,True,False,2018-2022,desconhecido,True
13844,1,-2.934821,3.330323,6.265144,0.988084,FakeWhatsApp.BR_2018,whatsapp,v1,True,False,2018-2022,desconhecido,True
13843,0,0.363169,-0.639629,-1.002798,0.338788,FakeWhatsApp.BR_2018,whatsapp,v1,True,False,2018-2022,desconhecido,False
13842,0,-0.099125,0.030337,0.129462,0.530894,FakeWhatsApp.BR_2018,whatsapp,v1,True,False,2018-2022,desconhecido,False
13841,1,-0.544313,0.720350,1.264663,0.714681,FakeWhatsApp.BR_2018,whatsapp,v1,True,False,2018-2022,desconhecido,False
13840,0,-1.026305,1.199492,2.225796,0.830742,FakeWhatsApp.BR_2018,whatsapp,v1,True,False,2018-2022,desconhecido,True
13839,0,-0.943096,0.920787,1.863882,0.792095,FakeWhatsApp.BR_2018,whatsapp,v1,True,False,2018-2022,desconhecido,False
13838,0,-0.120542,0.216367,0.336909,0.566828,FakeWhatsApp.BR_2018,whatsapp,v1,True,False,2018-2022,desconhecido,True
13837,0,2.060015,-2.497497,-4.557512,0.040835,FakeWhatsApp.BR_2018,whatsapp,v1,True,False,2018-2022,desconhecido,False
13836,0,0.555706,-0.593942,-1.149648,0.316160,FakeWhatsApp.BR_2018,whatsapp,v1,True,False,2018-2022,desconhecido,True
13835,0,-0.302156,-0.024828,0.277328,0.556562,FakeWhatsApp.BR_2018,whatsapp,v1,True,False,2018-2022,desconhecido,True
13866,1,0.110498,-0.338681,-0.449179,0.430150,FakeWhatsApp.BR_2018,whatsapp,v1,True,False,2018-2022,desconhecido,True
13865,1,-2.944877,3.270531,6.215408,0.987667,FakeWhatsApp.BR_2018,whatsapp,v1,True,False,2018-2022,desconhecido,True
13864,1,-1.585632,1.864180,3.449812,0.920382,FakeWhatsApp.BR_2018,whatsapp,v1,True,False,2018-2022,desconhecido,True
13863,0,1.452538,-1.443352,-2.895891,0.119875,FakeWhatsApp.BR_2018,whatsapp,v1,True,False,2018-2022,desconhecido,False
13862,0,1.317878,-1.449426,-2.767303,0.129699,FakeWhatsApp.BR_2018,whatsapp,v1,True,False,2018-2022,desconhecido,True
13861,1,-1.800121,1.809621,3.609742,0.928207,FakeWhatsApp.BR_2018,whatsapp,v1,True,False,2018-2022,desconhecido,False
13860,1,-1.495018,1.621328,3.116347,0.901514,FakeWhatsApp.BR_2018,whatsapp,v1,True,False,2018-2022,desconhecido,False
13859,0,0.211105,-0.015215,-0.226320,0.468724,FakeWhatsApp.BR_2018,whatsapp,v1,True,False,2018-2022,desconhecido,True
13858,1,-1.664287,1.880925,3.545213,0.925139,FakeWhatsApp.BR_2018,whatsapp,v1,True,False,2018-2022,desconhecido,False
13857,0,-0.221282,0.013170,0.234452,0.549144,FakeWhatsApp.BR_2018,whatsapp,v1,True,False,2018-2022,desconhecido,True
13856,0,0.312523,-0.140984,-0.453508,0.429408,FakeWhatsApp.BR_2018,whatsapp,v1,True,False,2018-2022,desconhecido,True
13855,0,-0.404448,0.228828,0.633276,0.616883,FakeWhatsApp.BR_2018,whatsapp,v1,True,False,2018-2022,desconhecido,True
13854,1,-2.634411,2.945516,5.579927,0.980892,FakeWhatsApp.BR_2018,whatsapp,v1,True,False,2018-2022,desconhecido,True
13853,1,-0.892572,0.928475,1.821048,0.787115,FakeWhatsApp.BR_2018,whatsapp,v1,True,False,2018-2022,desconhecido,True
13852,0,0.930081,-1.068843,-1.998924,0.203290,FakeWhatsApp.BR_2018,whatsapp,v1,True,False,2018-2022,desconhecido,True
13851,0,0.614784,-0.712211,-1.326995,0.289957,FakeWhatsApp.BR_2018,whatsapp,v1,True,False,2018-2022,desconhecido,True
13882,1,-0.005056,-0.022207,-0.017151,0.505281,FakeWhatsApp.BR_2018,whatsapp,v1,True,False,2018-2022,desconhecido,True
13881,1,-0.683802,0.827725,1.511527,0.748570,FakeWhatsApp.BR_2018,whatsapp,v1,True,False,2018-2022,desconhecido,True
13880,1,-2.674726,3.041428,5.716154,0.982599,FakeWhatsApp.BR_2018,whatsapp,v1,True,False,2018-2022,desconhecido,True
13879,1,-2.507948,2.763854,5.271802,0.976402,FakeWhatsApp.BR_2018,whatsapp,v1,True,False,2018-2022,desconhecido,False
13878,0,2.282660,-2.564601,-4.847260,0.033591,FakeWhatsApp.BR_2018,whatsapp,v1,True,False,2018-2022,desconhecido,False
13877,1,-1.896069,2.086842,3.982911,0.943781,FakeWhatsApp.BR_2018,whatsapp,v1,True,False,2018-2022,desconhecido,False
13876,1,-1.562078,1.571562,3.133640,0.902584,FakeWhatsApp.BR_2018,whatsapp,v1,True,False,2018-2022,desconhecido,True
13875,1,-2.278257,2.588505,4.866761,0.968908,FakeWhatsApp.BR_2018,whatsapp,v1,True,False,2018-2022,desconhecido,False
13874,0,2.288411,-2.562608,-4.851019,0.033506,FakeWhatsApp.BR_2018,whatsapp,v1,True,False,2018-2022,desconhecido,False
13873,0,2.191193,-2.274736,-4.465929,0.043420,FakeWhatsApp.BR_2018,whatsapp,v1,True,False,2018-2022,desconhecido,True
13872,0,2.105298,-2.263216,-4.368513,0.046342,FakeWhatsApp.BR_2018,whatsapp,v1,True,False,2018-2022,desconhecido,True
13871,0,2.482929,-2.950726,-5.433655,0.022539,FakeWhatsApp.BR_2018,whatsapp,v1,True,False,2018-2022,desconhecido,True
13870,1,-1.359498,1.637185,2.996683,0.893824,FakeWhatsApp.BR_2018,whatsapp,v1,True,False,2018-2022,desconhecido,True
13869,1,-1.399083,1.675615,3.074698,0.898896,FakeWhatsApp.BR_2018,whatsapp,v1,True,False,2018-2022,desconhecido,True
13868,0,1.780419,-1.967963,-3.748383,0.069769,FakeWhatsApp.BR_2018,whatsapp,v1,True,False,2018-2022,desconhecido,False
13867,1,-2.540698,2.754433,5.295131,0.976775,FakeWhatsApp.BR_2018,whatsapp,v1,True,False,2018-2022,desconhecido,True
13898,0,1.085128,-1.272170,-2.357298,0.165664,FakeWhatsApp.BR_2018,whatsapp,v1,True,False,2018-2022,desconhecido,True
13897,0,-0.755118,0.759881,1.514998,0.749027,FakeWhatsApp.BR_2018,whatsapp,v1,True,False,2018-2022,desconhecido,True
13896,1,-0.031090,-0.164122,-0.133033,0.485010,FakeWhatsApp.BR_2018,whatsapp,v1,True,False,2018-2022,desconhecido,False
13895,1,-0.187147,0.095807,0.282954,0.557534,FakeWhatsApp.BR_2018,whatsapp,v1,True,False,2018-2022,desconhecido,True
13894,0,-0.926948,1.266669,2.193617,0.827552,FakeWhatsApp.BR_2018,whatsapp,v1,True,False,2018-2022,desconhecido,True
13893,0,1.825655,-1.836973,-3.662627,0.073766,FakeWhatsApp.BR_2018,whatsapp,v1,True,False,2018-2022,desconhecido,False
13892,1,-0.298162,0.425779,0.723940,0.631764,FakeWhatsApp.BR_2018,whatsapp,v1,True,False,2018-2022,desconhecido,True
13891,1,-1.998355,2.158433,4.156788,0.949900,FakeWhatsApp.BR_2018,whatsapp,v1,True,False,2018-2022,desconhecido,False
13890,1,-1.305463,1.419617,2.725079,0.874388,FakeWhatsApp.BR_2018,whatsapp,v1,True,False,2018-2022,desconhecido,True
13889,1,-0.469695,0.437928,0.907622,0.661132,FakeWhatsApp.BR_2018,whatsapp,v1,True,False,2018-2022,desconhecido,False
13888,1,-2.505620,2.865693,5.371313,0.977954,FakeWhatsApp.BR_2018,whatsapp,v1,True,False,2018-2022,desconhecido,False
13887,0,0.213232,-0.189462,-0.402694,0.438142,FakeWhatsApp.BR_2018,whatsapp,v1,True,False,2018-2022,desconhecido,False
13886,1,0.162775,-0.168929,-0.331705,0.450408,FakeWhatsApp.BR_2018,whatsapp,v1,True,False,2018-2022,desconhecido,False
13885,0,1.763619,-1.941351,-3.704971,0.071766,FakeWhatsApp.BR_2018,whatsapp,v1,True,False,2018-2022,desconhecido,True
13884,0,2.622554,-2.821476,-5.444030,0.022379,FakeWhatsApp.BR_2018,whatsapp,v1,True,False,2018-2022,desconhecido,True
13883,0,2.585800,-2.745001,-5.330801,0.024180,FakeWhatsApp.BR_2018,whatsapp,v1,True,False,2018-2022,desconhecido,True
13914,1,-0.405001,0.671193,1.076194,0.687041,FakeWhatsApp.BR_2018,whatsapp,v1,True,False,2018-2022,desconhecido,True
13913,1,-0.819583,0.915014,1.734596,0.776801,FakeWhatsApp.BR_2018,whatsapp,v1,True,False,2018-2022,desconhecido,True
13912,1,-1.267579,1.588620,2.856199,0.884126,FakeWhatsApp.BR_2018,whatsapp,v1,True,False,2018-2022,desconhecido,True
13911,0,0.944307,-1.158100,-2.102408,0.191812,FakeWhatsApp.BR_2018,whatsapp,v1,True,False,2018-2022,desconhecido,True
13910,1,-1.737079,1.991387,3.728466,0.933551,FakeWhatsApp.BR_2018,whatsapp,v1,True,False,2018-2022,desconhecido,True
13909,0,-1.530551,1.742538,3.273088,0.910834,FakeWhatsApp.BR_2018,whatsapp,v1,True,False,2018-2022,desconhecido,False
13908,0,0.151418,-0.177099,-0.328516,0.450961,FakeWhatsApp.BR_2018,whatsapp,v1,True,False,2018-2022,desconhecido,False
13907,1,-1.857076,2.071822,3.928898,0.941742,FakeWhatsApp.BR_2018,whatsapp,v1,True,False,2018-2022,desconhecido,False
13906,1,-0.331622,0.351814,0.683436,0.625145,FakeWhatsApp.BR_2018,whatsapp,v1,True,False,2018-2022,desconhecido,False
13905,1,-2.082954,2.288995,4.371948,0.956600,FakeWhatsApp.BR_2018,whatsapp,v1,True,False,2018-2022,desconhecido,True
13904,1,1.344350,-1.457469,-2.801819,0.126997,FakeWhatsApp.BR_2018,whatsapp,v1,True,False,2018-2022,desconhecido,True
13903,0,0.553292,-0.660592,-1.213884,0.306522,FakeWhatsApp.BR_2018,whatsapp,v1,True,False,2018-2022,desconhecido,True
13902,1,-0.934051,0.586565,1.520617,0.749765,FakeWhatsApp.BR_2018,whatsapp,v1,True,False,2018-2022,desconhecido,False
13901,0,1.993849,-2.132346,-4.126194,0.054441,FakeWhatsApp.BR_2018,whatsapp,v1,True,False,2018-2022,desconhecido,False
13900,0,2.589919,-2.749150,-5.339069,0.024044,FakeWhatsApp.BR_2018,whatsapp,v1,True,False,2018-2022,desconhecido,True
13899,0,-0.356550,0.349685,0.706234,0.628876,FakeWhatsApp.BR_2018,whatsapp,v1,True,False,2018-2022,desconhecido,True
13930,0,0.704758,-0.819437,-1.524195,0.262385,FakeWhatsApp.BR_2018,whatsapp,v1,True,False,2018-2022,desconhecido,False
13929,0,2.278556,-2.603699,-4.882256,0.032805,FakeWhatsApp.BR_2018,whatsapp,v1,True,False,2018-2022,desconhecido,True
13928,0,0.960891,-0.986035,-1.946926,0.209248,FakeWhatsApp.BR_2018,whatsapp,v1,True,False,2018-2022,desconhecido,True
13927,1,-0.362116,0.508923,0.871038,0.655373,FakeWhatsApp.BR_2018,whatsapp,v1,True,False,2018-2022,desconhecido,True
13926,1,-2.263795,2.479445,4.743241,0.966196,FakeWhatsApp.BR_2018,whatsapp,v1,True,False,2018-2022,desconhecido,False
13925,0,-0.380069,0.545940,0.926009,0.664009,FakeWhatsApp.BR_2018,whatsapp,v1,True,False,2018-2022,desconhecido,True
13924,1,-1.929289,2.192792,4.122081,0.948731,FakeWhatsApp.BR_2018,whatsapp,v1,True,False,2018-2022,desconhecido,False
13923,0,-0.074896,0.092255,0.167151,0.537458,FakeWhatsApp.BR_2018,whatsapp,v1,True,False,2018-2022,desconhecido,False
13922,0,0.544616,-0.656028,-1.200644,0.308495,FakeWhatsApp.BR_2018,whatsapp,v1,True,False,2018-2022,desconhecido,False
13921,0,2.198531,-2.214129,-4.412660,0.044995,FakeWhatsApp.BR_2018,whatsapp,v1,True,False,2018-2022,desconhecido,True
13920,1,-1.687448,1.834587,3.522035,0.924008,FakeWhatsApp.BR_2018,whatsapp,v1,True,False,2018-2022,desconhecido,True
13919,1,-0.127399,0.037271,0.164669,0.537026,FakeWhatsApp.BR_2018,whatsapp,v1,True,False,2018-2022,desconhecido,False
13917,1,-2.399118,2.784276,5.183395,0.974933,FakeWhatsApp.BR_2018,whatsapp,v1,True,False,2018-2022,desconhecido,False
13916,0,0.207698,-0.212293,-0.419991,0.435165,FakeWhatsApp.BR_2018,whatsapp,v1,True,False,2018-2022,desconhecido,True
13915,0,0.393389,-0.532042,-0.925431,0.351021,FakeWhatsApp.BR_2018,whatsapp,v1,True,False,2018-2022,desconhecido,True
13946,0,-0.221058,0.201042,0.422100,0.581405,FakeWhatsApp.BR_2018,whatsapp,v1,True,False,2018-2022,desconhecido,True
13945,0,2.347395,-2.635297,-4.982692,0.030647,FakeWhatsApp.BR_2018,whatsapp,v1,True,False,2018-2022,desconhecido,False
13944,0,1.463189,-1.882358,-3.345547,0.090437,FakeWhatsApp.BR_2018,whatsapp,v1,True,False,2018-2022,desconhecido,True
13943,1,-2.179098,2.485322,4.664420,0.964347,FakeWhatsApp.BR_2018,whatsapp,v1,True,False,2018-2022,desconhecido,True
13942,0,0.242746,-0.480279,-0.723025,0.383931,FakeWhatsApp.BR_2018,whatsapp,v1,True,False,2018-2022,desconhecido,True
13941,1,-1.317689,1.338252,2.655941,0.868976,FakeWhatsApp.BR_2018,whatsapp,v1,True,False,2018-2022,desconhecido,True
13940,0,1.820423,-2.070067,-3.890490,0.063584,FakeWhatsApp.BR_2018,whatsapp,v1,True,False,2018-2022,desconhecido,False
13939,1,-1.523341,1.725997,3.249338,0.909475,FakeWhatsApp.BR_2018,whatsapp,v1,True,False,2018-2022,desconhecido,False
13938,1,-2.213615,2.395484,4.609099,0.962991,FakeWhatsApp.BR_2018,whatsapp,v1,True,False,2018-2022,desconhecido,True
13937,1,-0.756751,1.021639,1.778391,0.782070,FakeWhatsApp.BR_2018,whatsapp,v1,True,False,2018-2022,desconhecido,True
13936,1,-0.974301,0.992812,1.967113,0.803742,FakeWhatsApp.BR_2018,whatsapp,v1,True,False,2018-2022,desconhecido,True
13935,0,1.979994,-1.970510,-3.950504,0.061128,FakeWhatsApp.BR_2018,whatsapp,v1,True,False,2018-2022,desconhecido,True
13934,1,-0.915974,0.986681,1.902654,0.796529,FakeWhatsApp.BR_2018,whatsapp,v1,True,False,2018-2022,desconhecido,False
13933,0,1.133747,-1.371261,-2.505007,0.151865,FakeWhatsApp.BR_2018,whatsapp,v1,True,False,2018-2022,desconhecido,True
13932,0,2.618602,-3.005537,-5.624138,0.019781,FakeWhatsApp.BR_2018,whatsapp,v1,True,False,2018-2022,desconhecido,True
13931,0,1.721819,-2.027490,-3.749309,0.069727,FakeWhatsApp.BR_2018,whatsapp,v1,True,False,2018-2022,desconhecido,True
13962,0,2.300427,-2.622560,-4.922987,0.031913,FakeWhatsApp.BR_2018,whatsapp,v1,True,False,2018-2022,desconhecido,True
13961,0,0.332072,-0.328256,-0.660328,0.394362,FakeWhatsApp.BR_2018,whatsapp,v1,True,False,2018-2022,desconhecido,True
13960,0,2.223701,-2.446698,-4.670399,0.037850,FakeWhatsApp.BR_2018,whatsapp,v1,True,False,2018-2022,desconhecido,False
13959,0,2.261626,-2.354716,-4.616341,0.039252,FakeWhatsApp.BR_2018,whatsapp,v1,True,False,2018-2022,desconhecido,True
13958,1,-2.427468,2.791944,5.219413,0.975542,FakeWhatsApp.BR_2018,whatsapp,v1,True,False,2018-2022,desconhecido,True
13957,0,-0.280895,0.380575,0.661469,0.621535,FakeWhatsApp.BR_2018,whatsapp,v1,True,False,2018-2022,desconhecido,False
13956,0,0.775147,-0.946753,-1.721900,0.236498,FakeWhatsApp.BR_2018,whatsapp,v1,True,False,2018-2022,desconhecido,True
13954,1,-0.966301,1.158871,2.125172,0.820608,FakeWhatsApp.BR_2018,whatsapp,v1,True,False,2018-2022,desconhecido,True
13953,1,-1.682267,1.733051,3.415318,0.918595,FakeWhatsApp.BR_2018,whatsapp,v1,True,False,2018-2022,desconhecido,True
13952,1,-0.378032,0.244447,0.622479,0.615095,FakeWhatsApp.BR_2018,whatsapp,v1,True,False,2018-2022,desconhecido,False
13951,0,1.765695,-1.966054,-3.731750,0.070528,FakeWhatsApp.BR_2018,whatsapp,v1,True,False,2018-2022,desconhecido,True
13950,1,-0.933469,0.850103,1.783572,0.782687,FakeWhatsApp.BR_2018,whatsapp,v1,True,False,2018-2022,desconhecido,True
13949,1,-2.716843,3.063682,5.780525,0.983353,FakeWhatsApp.BR_2018,whatsapp,v1,True,False,2018-2022,desconhecido,True
13948,1,-2.261441,2.630887,4.892327,0.969443,FakeWhatsApp.BR_2018,whatsapp,v1,True,False,2018-2022,desconhecido,True
13947,0,2.091006,-2.177379,-4.268385,0.049539,FakeWhatsApp.BR_2018,whatsapp,v1,True,False,2018-2022,desconhecido,True
13978,0,-1.663985,1.832909,3.496894,0.922763,FakeWhatsApp.BR_2018,whatsapp,v1,True,False,2018-2022,desconhecido,False
13977,1,-1.508537,1.552831,3.061368,0.898045,FakeWhatsApp.BR_2018,whatsapp,v1,True,False,2018-2022,desconhecido,True
13976,1,-2.744983,3.107687,5.852670,0.984160,FakeWhatsApp.BR_2018,whatsapp,v1,True,False,2018-2022,desconhecido,True
13975,0,2.769088,-3.170346,-5.939434,0.015927,FakeWhatsApp.BR_2018,whatsapp,v1,True,False,2018-2022,desconhecido,True
13974,0,0.451699,-0.731356,-1.183055,0.311127,FakeWhatsApp.BR_2018,whatsapp,v1,True,False,2018-2022,desconhecido,True
13973,1,-1.259492,1.412898,2.672390,0.870282,FakeWhatsApp.BR_2018,whatsapp,v1,True,False,2018-2022,desconhecido,True
13972,1,-2.492952,2.634077,5.127028,0.973951,FakeWhatsApp.BR_2018,whatsapp,v1,True,False,2018-2022,desconhecido,False
13971,0,0.725302,-0.943670,-1.668972,0.243252,FakeWhatsApp.BR_2018,whatsapp,v1,True,False,2018-2022,desconhecido,True
13970,1,-1.082569,1.202728,2.285298,0.836517,FakeWhatsApp.BR_2018,whatsapp,v1,True,False,2018-2022,desconhecido,True
13969,0,-1.050038,1.240866,2.290904,0.837053,FakeWhatsApp.BR_2018,whatsapp,v1,True,False,2018-2022,desconhecido,True
13968,0,1.317645,-1.396456,-2.714101,0.133960,FakeWhatsApp.BR_2018,whatsapp,v1,True,False,2018-2022,desconhecido,True
13967,0,-0.255406,0.274633,0.530039,0.599669,FakeWhatsApp.BR_2018,whatsapp,v1,True,False,2018-2022,desconhecido,True
13966,1,-2.367784,2.707924,5.075708,0.973024,FakeWhatsApp.BR_2018,whatsapp,v1,True,False,2018-2022,desconhecido,True
13965,0,-0.226951,0.216613,0.443564,0.585056,FakeWhatsApp.BR_2018,whatsapp,v1,True,False,2018-2022,desconhecido,True
13964,0,-0.842347,0.869459,1.711806,0.774023,FakeWhatsApp.BR_2018,whatsapp,v1,True,False,2018-2022,desconhecido,True
13963,0,0.672720,-0.974548,-1.647267,0.246059,FakeWhatsApp.BR_2018,whatsapp,v1,True,False,2018-2022,desconhecido,True
13994,0,1.939877,-2.074586,-4.014463,0.058609,FakeWhatsApp.BR_2018,whatsapp,v1,True,False,2018-2022,desconhecido,True
13993,1,-1.650741,1.670981,3.321722,0.913560,FakeWhatsApp.BR_2018,whatsapp,v1,True,False,2018-2022,desconhecido,True
13992,1,0.038643,0.029613,-0.009029,0.506702,FakeWhatsApp.BR_2018,whatsapp,v1,True,False,2018-2022,desconhecido,True
13991,0,2.416677,-2.479234,-4.895910,0.032503,FakeWhatsApp.BR_2018,whatsapp,v1,True,False,2018-2022,desconhecido,True
13990,0,-0.134955,0.237828,0.372783,0.572982,FakeWhatsApp.BR_2018,whatsapp,v1,True,False,2018-2022,desconhecido,False
13989,1,-2.448962,2.807560,5.256523,0.976154,FakeWhatsApp.BR_2018,whatsapp,v1,True,False,2018-2022,desconhecido,True
13988,1,-1.654879,1.935409,3.590287,0.927295,FakeWhatsApp.BR_2018,whatsapp,v1,True,False,2018-2022,desconhecido,False
13987,0,1.630258,-1.805830,-3.436088,0.085358,FakeWhatsApp.BR_2018,whatsapp,v1,True,False,2018-2022,desconhecido,False
13986,0,1.111338,-1.208835,-2.320172,0.169287,FakeWhatsApp.BR_2018,whatsapp,v1,True,False,2018-2022,desconhecido,False
13985,1,-2.509111,2.801672,5.310782,0.977022,FakeWhatsApp.BR_2018,whatsapp,v1,True,False,2018-2022,desconhecido,True
13984,1,-2.542947,2.891568,5.434515,0.978888,FakeWhatsApp.BR_2018,whatsapp,v1,True,False,2018-2022,desconhecido,True
13983,0,0.687103,-0.752783,-1.439886,0.273964,FakeWhatsApp.BR_2018,whatsapp,v1,True,False,2018-2022,desconhecido,True
13982,1,-1.798780,2.106486,3.905266,0.940828,FakeWhatsApp.BR_2018,whatsapp,v1,True,False,2018-2022,desconhecido,True
13981,1,-2.061988,2.318990,4.380978,0.956861,FakeWhatsApp.BR_2018,whatsapp,v1,True,False,2018-2022,desconhecido,True
13980,0,0.673886,-0.796201,-1.470088,0.269780,FakeWhatsApp.BR_2018,whatsapp,v1,True,False,2018-2022,desconhecido,True
13979,1,-1.110860,1.189411,2.300271,0.837945,FakeWhatsApp.BR_2018,whatsapp,v1,True,False,2018-2022,desconhecido,False
14010,1,-1.763250,1.862061,3.625310,0.928930,FakeWhatsApp.BR_2018,whatsapp,v1,True,False,2018-2022,desconhecido,True
14009,1,-0.309953,0.363468,0.673421,0.623501,FakeWhatsApp.BR_2018,whatsapp,v1,True,False,2018-2022,desconhecido,False
14008,1,-2.491531,2.774613,5.266144,0.976310,FakeWhatsApp.BR_2018,whatsapp,v1,True,False,2018-2022,desconhecido,False
14007,0,2.227286,-2.262621,-4.489907,0.042729,FakeWhatsApp.BR_2018,whatsapp,v1,True,False,2018-2022,desconhecido,False
14006,1,0.396086,-0.374629,-0.770715,0.376068,FakeWhatsApp.BR_2018,whatsapp,v1,True,False,2018-2022,desconhecido,False
14005,0,2.387665,-2.525856,-4.913522,0.032118,FakeWhatsApp.BR_2018,whatsapp,v1,True,False,2018-2022,desconhecido,True
14004,0,2.598424,-2.718133,-5.316557,0.024417,FakeWhatsApp.BR_2018,whatsapp,v1,True,False,2018-2022,desconhecido,True
14003,1,-2.322651,2.545504,4.868155,0.968938,FakeWhatsApp.BR_2018,whatsapp,v1,True,False,2018-2022,desconhecido,True
14002,1,-1.272578,1.384680,2.657258,0.869081,FakeWhatsApp.BR_2018,whatsapp,v1,True,False,2018-2022,desconhecido,False
14001,1,-1.561764,1.517619,3.079383,0.899193,FakeWhatsApp.BR_2018,whatsapp,v1,True,False,2018-2022,desconhecido,True
14000,0,0.071327,0.092784,0.021457,0.512034,FakeWhatsApp.BR_2018,whatsapp,v1,True,False,2018-2022,desconhecido,False
13999,1,-1.829178,2.106142,3.935319,0.941988,FakeWhatsApp.BR_2018,whatsapp,v1,True,False,2018-2022,desconhecido,True
13998,0,-0.202479,0.103995,0.306474,0.561591,FakeWhatsApp.BR_2018,whatsapp,v1,True,False,2018-2022,desconhecido,True
13997,0,1.712958,-1.732767,-3.445725,0.084833,FakeWhatsApp.BR_2018,whatsapp,v1,True,False,2018-2022,desconhecido,True
13996,0,2.158137,-2.463978,-4.622114,0.039100,FakeWhatsApp.BR_2018,whatsapp,v1,True,False,2018-2022,desconhecido,True
13995,1,-1.786741,1.983132,3.769873,0.935327,FakeWhatsApp.BR_2018,whatsapp,v1,True,False,2018-2022,desconhecido,True
14026,0,-1.364882,1.591166,2.956048,0.891095,FakeWhatsApp.BR_2018,whatsapp,v1,True,False,2018-2022,desconhecido,False
14025,0,0.896069,-1.154582,-2.050652,0.197490,FakeWhatsApp.BR_2018,whatsapp,v1,True,False,2018-2022,desconhecido,True
14024,0,-1.494418,1.814004,3.308422,0.912822,FakeWhatsApp.BR_2018,whatsapp,v1,True,False,2018-2022,desconhecido,False
14023,0,1.886411,-1.959606,-3.846017,0.065462,FakeWhatsApp.BR_2018,whatsapp,v1,True,False,2018-2022,desconhecido,True
14022,1,-2.542392,2.846333,5.388725,0.978215,FakeWhatsApp.BR_2018,whatsapp,v1,True,False,2018-2022,desconhecido,True
14021,1,-1.363312,1.517936,2.881248,0.885910,FakeWhatsApp.BR_2018,whatsapp,v1,True,False,2018-2022,desconhecido,True
14020,1,-1.594430,1.757502,3.351933,0.915215,FakeWhatsApp.BR_2018,whatsapp,v1,True,False,2018-2022,desconhecido,False
14019,0,-1.574584,1.746057,3.320641,0.913500,FakeWhatsApp.BR_2018,whatsapp,v1,True,False,2018-2022,desconhecido,True
14018,1,-0.893513,1.048036,1.941549,0.800905,FakeWhatsApp.BR_2018,whatsapp,v1,True,False,2018-2022,desconhecido,True
14017,1,-1.169481,1.389220,2.558701,0.861031,FakeWhatsApp.BR_2018,whatsapp,v1,True,False,2018-2022,desconhecido,True
14016,0,-0.851330,0.777682,1.629012,0.763727,FakeWhatsApp.BR_2018,whatsapp,v1,True,False,2018-2022,desconhecido,False
14015,0,1.734548,-1.821589,-3.556137,0.079023,FakeWhatsApp.BR_2018,whatsapp,v1,True,False,2018-2022,desconhecido,False
14014,1,-2.114150,2.203330,4.317479,0.954989,FakeWhatsApp.BR_2018,whatsapp,v1,True,False,2018-2022,desconhecido,True
14013,1,-1.537925,1.774566,3.312491,0.913048,FakeWhatsApp.BR_2018,whatsapp,v1,True,False,2018-2022,desconhecido,False
14012,0,1.945999,-2.049860,-3.995859,0.059332,FakeWhatsApp.BR_2018,whatsapp,v1,True,False,2018-2022,desconhecido,True
14011,1,-1.415828,1.595772,3.011600,0.894811,FakeWhatsApp.BR_2018,whatsapp,v1,True,False,2018-2022,desconhecido,True
14042,0,-0.999863,1.152273,2.152135,0.823369,FakeWhatsApp.BR_2018,whatsapp,v1,True,False,2018-2022,desconhecido,False
14041,0,-0.079195,0.229624,0.308819,0.561995,FakeWhatsApp.BR_2018,whatsapp,v1,True,False,2018-2022,desconhecido,True
14040,1,-0.389057,0.034431,0.423488,0.581641,FakeWhatsApp.BR_2018,whatsapp,v1,True,False,2018-2022,desconhecido,False
14039,0,-0.218804,0.346547,0.565350,0.605587,FakeWhatsApp.BR_2018,whatsapp,v1,True,False,2018-2022,desconhecido,True
14038,1,2.070791,-2.253281,-4.324071,0.047736,FakeWhatsApp.BR_2018,whatsapp,v1,True,False,2018-2022,desconhecido,True
14037,1,-0.563125,0.584166,1.147291,0.697639,FakeWhatsApp.BR_2018,whatsapp,v1,True,False,2018-2022,desconhecido,True
14036,1,0.117597,-0.018985,-0.136582,0.484390,FakeWhatsApp.BR_2018,whatsapp,v1,True,False,2018-2022,desconhecido,True
14035,0,0.682720,-0.877899,-1.560619,0.257481,FakeWhatsApp.BR_2018,whatsapp,v1,True,False,2018-2022,desconhecido,False
14034,1,-1.425065,1.672122,3.097187,0.900317,FakeWhatsApp.BR_2018,whatsapp,v1,True,False,2018-2022,desconhecido,True
14033,1,-0.503948,0.481949,0.985897,0.673295,FakeWhatsApp.BR_2018,whatsapp,v1,True,False,2018-2022,desconhecido,True
14032,0,0.129952,-0.348306,-0.478258,0.425169,FakeWhatsApp.BR_2018,whatsapp,v1,True,False,2018-2022,desconhecido,True
14031,0,-0.454099,0.432647,0.886745,0.657851,FakeWhatsApp.BR_2018,whatsapp,v1,True,False,2018-2022,desconhecido,True
14030,0,0.521169,-0.674238,-1.195407,0.309277,FakeWhatsApp.BR_2018,whatsapp,v1,True,False,2018-2022,desconhecido,False
14029,0,-0.070878,-0.010319,0.060559,0.518869,FakeWhatsApp.BR_2018,whatsapp,v1,True,False,2018-2022,desconhecido,True
14028,1,-0.797102,0.714230,1.511332,0.748544,FakeWhatsApp.BR_2018,whatsapp,v1,True,False,2018-2022,desconhecido,False
14027,0,2.060770,-2.151131,-4.211901,0.051434,FakeWhatsApp.BR_2018,whatsapp,v1,True,False,2018-2022,desconhecido,True
14058,0,0.179663,-0.321897,-0.501559,0.421188,FakeWhatsApp.BR_2018,whatsapp,v1,True,False,2018-2022,desconhecido,True
14057,0,-1.428864,1.746134,3.174998,0.905099,FakeWhatsApp.BR_2018,whatsapp,v1,True,False,2018-2022,desconhecido,True
14056,0,2.602764,-2.730586,-5.333350,0.024138,FakeWhatsApp.BR_2018,whatsapp,v1,True,False,2018-2022,desconhecido,True
14055,0,0.150850,-0.229488,-0.380338,0.441998,FakeWhatsApp.BR_2018,whatsapp,v1,True,False,2018-2022,desconhecido,True
14054,1,-1.925071,2.123101,4.048172,0.946156,FakeWhatsApp.BR_2018,whatsapp,v1,True,False,2018-2022,desconhecido,True
14053,0,0.167806,-0.131931,-0.299736,0.455953,FakeWhatsApp.BR_2018,whatsapp,v1,True,False,2018-2022,desconhecido,True
14052,1,-2.507982,2.824695,5.332677,0.977364,FakeWhatsApp.BR_2018,whatsapp,v1,True,False,2018-2022,desconhecido,True
14051,1,-0.238401,0.209986,0.448387,0.585875,FakeWhatsApp.BR_2018,whatsapp,v1,True,False,2018-2022,desconhecido,True
14050,0,0.000714,-0.014776,-0.015490,0.505572,FakeWhatsApp.BR_2018,whatsapp,v1,True,False,2018-2022,desconhecido,True
14049,0,1.813290,-1.925324,-3.738614,0.070214,FakeWhatsApp.BR_2018,whatsapp,v1,True,False,2018-2022,desconhecido,True
14048,0,0.748192,-0.873745,-1.621937,0.249363,FakeWhatsApp.BR_2018,whatsapp,v1,True,False,2018-2022,desconhecido,True
14047,1,-0.867040,1.316988,2.184028,0.826592,FakeWhatsApp.BR_2018,whatsapp,v1,True,False,2018-2022,desconhecido,True
14046,1,-1.981910,2.058526,4.040436,0.945880,FakeWhatsApp.BR_2018,whatsapp,v1,True,False,2018-2022,desconhecido,True
14045,1,-1.577809,1.750118,3.327926,0.913902,FakeWhatsApp.BR_2018,whatsapp,v1,True,False,2018-2022,desconhecido,False
14044,1,-2.202291,2.407722,4.610013,0.963014,FakeWhatsApp.BR_2018,whatsapp,v1,True,False,2018-2022,desconhecido,False
14043,0,2.131528,-2.418183,-4.549712,0.041049,FakeWhatsApp.BR_2018,whatsapp,v1,True,False,2018-2022,desconhecido,True
14074,1,-2.778003,3.063240,5.841243,0.984035,FakeWhatsApp.BR_2018,whatsapp,v1,True,False,2018-2022,desconhecido,True
14073,0,0.729599,-1.033912,-1.763510,0.231280,FakeWhatsApp.BR_2018,whatsapp,v1,True,False,2018-2022,desconhecido,False
14072,0,1.563756,-1.636572,-3.200329,0.099152,FakeWhatsApp.BR_2018,whatsapp,v1,True,False,2018-2022,desconhecido,True
14071,0,0.244273,-0.171795,-0.416068,0.435839,FakeWhatsApp.BR_2018,whatsapp,v1,True,False,2018-2022,desconhecido,True
14070,0,2.669406,-2.833377,-5.502783,0.021497,FakeWhatsApp.BR_2018,whatsapp,v1,True,False,2018-2022,desconhecido,True
14069,0,0.620467,-0.811861,-1.432329,0.275017,FakeWhatsApp.BR_2018,whatsapp,v1,True,False,2018-2022,desconhecido,False
14068,1,-1.622804,1.772397,3.395201,0.917536,FakeWhatsApp.BR_2018,whatsapp,v1,True,False,2018-2022,desconhecido,True
14067,0,0.488193,-0.676394,-1.164587,0.313904,FakeWhatsApp.BR_2018,whatsapp,v1,True,False,2018-2022,desconhecido,True
14066,0,1.603017,-1.842915,-3.445932,0.084821,FakeWhatsApp.BR_2018,whatsapp,v1,True,False,2018-2022,desconhecido,False
14065,0,-0.165252,-0.089528,0.075724,0.521518,FakeWhatsApp.BR_2018,whatsapp,v1,True,False,2018-2022,desconhecido,True
14064,0,-0.010651,-0.014640,-0.003988,0.507584,FakeWhatsApp.BR_2018,whatsapp,v1,True,False,2018-2022,desconhecido,True
14063,1,-0.735769,0.816255,1.552024,0.753867,FakeWhatsApp.BR_2018,whatsapp,v1,True,False,2018-2022,desconhecido,True
14062,0,0.100170,-0.177582,-0.277752,0.459772,FakeWhatsApp.BR_2018,whatsapp,v1,True,False,2018-2022,desconhecido,False
14061,0,1.771790,-1.951908,-3.723697,0.070898,FakeWhatsApp.BR_2018,whatsapp,v1,True,False,2018-2022,desconhecido,True
14060,0,0.093815,-0.321451,-0.415265,0.435978,FakeWhatsApp.BR_2018,whatsapp,v1,True,False,2018-2022,desconhecido,False
14059,0,2.590110,-2.835664,-5.425774,0.022661,FakeWhatsApp.BR_2018,whatsapp,v1,True,False,2018-2022,desconhecido,True
14090,0,0.147806,-0.202380,-0.350186,0.447208,FakeWhatsApp.BR_2018,whatsapp,v1,True,False,2018-2022,desconhecido,False
14089,0,-0.027361,0.036094,0.063456,0.519375,FakeWhatsApp.BR_2018,whatsapp,v1,True,False,2018-2022,desconhecido,True
14088,1,0.833745,-1.093531,-1.927277,0.211532,FakeWhatsApp.BR_2018,whatsapp,v1,True,False,2018-2022,desconhecido,False
14087,0,0.521792,-0.561649,-1.083441,0.326262,FakeWhatsApp.BR_2018,whatsapp,v1,True,False,2018-2022,desconhecido,True
14086,1,-0.983472,0.911938,1.895410,0.795706,FakeWhatsApp.BR_2018,whatsapp,v1,True,False,2018-2022,desconhecido,True
14085,1,-0.761043,0.744179,1.505222,0.747738,FakeWhatsApp.BR_2018,whatsapp,v1,True,False,2018-2022,desconhecido,True
14084,0,1.686015,-2.044039,-3.730054,0.070606,FakeWhatsApp.BR_2018,whatsapp,v1,True,False,2018-2022,desconhecido,False
14083,0,1.575820,-1.793771,-3.369591,0.089062,FakeWhatsApp.BR_2018,whatsapp,v1,True,False,2018-2022,desconhecido,True
14082,0,0.299480,-0.241342,-0.540823,0.414504,FakeWhatsApp.BR_2018,whatsapp,v1,True,False,2018-2022,desconhecido,True
14081,1,-0.876327,1.022511,1.898838,0.796095,FakeWhatsApp.BR_2018,whatsapp,v1,True,False,2018-2022,desconhecido,True
14080,0,0.582739,-0.612320,-1.195058,0.309329,FakeWhatsApp.BR_2018,whatsapp,v1,True,False,2018-2022,desconhecido,False
14079,0,-1.240636,0.990050,2.230685,0.831222,FakeWhatsApp.BR_2018,whatsapp,v1,True,False,2018-2022,desconhecido,True
14078,0,2.609510,-2.978761,-5.588271,0.020274,FakeWhatsApp.BR_2018,whatsapp,v1,True,False,2018-2022,desconhecido,True
14077,0,1.653334,-1.831285,-3.484619,0.082743,FakeWhatsApp.BR_2018,whatsapp,v1,True,False,2018-2022,desconhecido,True
14076,1,-0.296730,0.416588,0.713319,0.630033,FakeWhatsApp.BR_2018,whatsapp,v1,True,False,2018-2022,desconhecido,True
14075,0,-0.168099,0.102124,0.270223,0.555335,FakeWhatsApp.BR_2018,whatsapp,v1,True,False,2018-2022,desconhecido,False
14106,0,2.388501,-2.613654,-5.002155,0.030245,FakeWhatsApp.BR_2018,whatsapp,v1,True,False,2018-2022,desconhecido,True
14105,0,0.247982,-0.523762,-0.771744,0.375899,FakeWhatsApp.BR_2018,whatsapp,v1,True,False,2018-2022,desconhecido,False
14104,0,1.724061,-1.990543,-3.714604,0.071319,FakeWhatsApp.BR_2018,whatsapp,v1,True,False,2018-2022,desconhecido,False
14103,1,-1.560666,1.621385,3.182050,0.905522,FakeWhatsApp.BR_2018,whatsapp,v1,True,False,2018-2022,desconhecido,False
14102,1,-2.259712,2.634081,4.893793,0.969473,FakeWhatsApp.BR_2018,whatsapp,v1,True,False,2018-2022,desconhecido,True
14101,0,-0.977287,1.006864,1.984151,0.805616,FakeWhatsApp.BR_2018,whatsapp,v1,True,False,2018-2022,desconhecido,True
14100,1,-1.676854,2.051085,3.727940,0.933528,FakeWhatsApp.BR_2018,whatsapp,v1,True,False,2018-2022,desconhecido,True
14099,0,0.329698,-0.565421,-0.895118,0.355869,FakeWhatsApp.BR_2018,whatsapp,v1,True,False,2018-2022,desconhecido,False
14098,1,-0.221789,0.215496,0.437285,0.583989,FakeWhatsApp.BR_2018,whatsapp,v1,True,False,2018-2022,desconhecido,True
14097,1,-0.470329,0.512799,0.983128,0.672869,FakeWhatsApp.BR_2018,whatsapp,v1,True,False,2018-2022,desconhecido,True
14096,1,-2.609038,2.949546,5.558584,0.980610,FakeWhatsApp.BR_2018,whatsapp,v1,True,False,2018-2022,desconhecido,True
14095,0,1.215486,-1.419172,-2.634658,0.140543,FakeWhatsApp.BR_2018,whatsapp,v1,True,False,2018-2022,desconhecido,False
14094,0,2.212334,-2.296492,-4.508826,0.042190,FakeWhatsApp.BR_2018,whatsapp,v1,True,False,2018-2022,desconhecido,True
14093,0,-0.088407,-0.093673,-0.005266,0.507360,FakeWhatsApp.BR_2018,whatsapp,v1,True,False,2018-2022,desconhecido,True
14092,0,-0.437373,0.404263,0.841636,0.650710,FakeWhatsApp.BR_2018,whatsapp,v1,True,False,2018-2022,desconhecido,True
14091,0,1.359062,-1.546306,-2.905368,0.119177,FakeWhatsApp.BR_2018,whatsapp,v1,True,False,2018-2022,desconhecido,False
14122,1,-1.884841,1.951314,3.836155,0.938077,FakeWhatsApp.BR_2018,whatsapp,v1,True,False,2018-2022,desconhecido,True
14121,0,-0.703355,0.541829,1.245183,0.711893,FakeWhatsApp.BR_2018,whatsapp,v1,True,False,2018-2022,desconhecido,True
14120,0,-0.054465,0.013934,0.068398,0.520238,FakeWhatsApp.BR_2018,whatsapp,v1,True,False,2018-2022,desconhecido,True
14119,1,-2.027046,2.086036,4.113082,0.948424,FakeWhatsApp.BR_2018,whatsapp,v1,True,False,2018-2022,desconhecido,True
14118,0,1.142324,-1.398685,-2.541008,0.148648,FakeWhatsApp.BR_2018,whatsapp,v1,True,False,2018-2022,desconhecido,False
14117,1,-1.690459,1.767734,3.458193,0.920810,FakeWhatsApp.BR_2018,whatsapp,v1,True,False,2018-2022,desconhecido,False
14116,0,-1.196137,1.249663,2.445800,0.851304,FakeWhatsApp.BR_2018,whatsapp,v1,True,False,2018-2022,desconhecido,True
14115,0,0.966222,-1.046464,-2.012686,0.201735,FakeWhatsApp.BR_2018,whatsapp,v1,True,False,2018-2022,desconhecido,True
14114,1,-1.427406,1.777035,3.204442,0.906854,FakeWhatsApp.BR_2018,whatsapp,v1,True,False,2018-2022,desconhecido,False
14113,0,0.648823,-0.768597,-1.417421,0.277102,FakeWhatsApp.BR_2018,whatsapp,v1,True,False,2018-2022,desconhecido,True
14112,0,-0.699389,0.814785,1.514173,0.748918,FakeWhatsApp.BR_2018,whatsapp,v1,True,False,2018-2022,desconhecido,True
14111,0,1.078634,-1.290429,-2.369063,0.164529,FakeWhatsApp.BR_2018,whatsapp,v1,True,False,2018-2022,desconhecido,False
14110,0,2.406188,-2.506157,-4.912345,0.032144,FakeWhatsApp.BR_2018,whatsapp,v1,True,False,2018-2022,desconhecido,False
14109,0,0.596387,-0.687558,-1.283945,0.296199,FakeWhatsApp.BR_2018,whatsapp,v1,True,False,2018-2022,desconhecido,False
14108,1,0.270381,-0.274559,-0.544940,0.413805,FakeWhatsApp.BR_2018,whatsapp,v1,True,False,2018-2022,desconhecido,True
14107,0,2.170933,-2.225516,-4.396449,0.045485,FakeWhatsApp.BR_2018,whatsapp,v1,True,False,2018-2022,desconhecido,False
14138,0,-0.293097,0.224857,0.517955,0.597637,FakeWhatsApp.BR_2018,whatsapp,v1,True,False,2018-2022,desconhecido,True
14137,0,0.124021,-0.267406,-0.391427,0.440084,FakeWhatsApp.BR_2018,whatsapp,v1,True,False,2018-2022,desconhecido,False
14136,1,-1.987150,2.002490,3.989640,0.944031,FakeWhatsApp.BR_2018,whatsapp,v1,True,False,2018-2022,desconhecido,True
14135,0,-0.520221,0.863465,1.383686,0.731359,FakeWhatsApp.BR_2018,whatsapp,v1,True,False,2018-2022,desconhecido,False
14134,0,0.649356,-0.769405,-1.418762,0.276914,FakeWhatsApp.BR_2018,whatsapp,v1,True,False,2018-2022,desconhecido,True
14133,0,-2.210364,2.602795,4.813159,0.967758,FakeWhatsApp.BR_2018,whatsapp,v1,True,False,2018-2022,desconhecido,True
14132,0,1.571782,-1.691671,-3.263452,0.095275,FakeWhatsApp.BR_2018,whatsapp,v1,True,False,2018-2022,desconhecido,True
14131,1,0.602024,-0.600996,-1.203020,0.308140,FakeWhatsApp.BR_2018,whatsapp,v1,True,False,2018-2022,desconhecido,False
14130,1,-0.463892,0.436064,0.899956,0.659929,FakeWhatsApp.BR_2018,whatsapp,v1,True,False,2018-2022,desconhecido,False
14129,1,-1.647610,1.852180,3.499791,0.922908,FakeWhatsApp.BR_2018,whatsapp,v1,True,False,2018-2022,desconhecido,True
14128,0,-1.002586,0.934482,1.937068,0.800404,FakeWhatsApp.BR_2018,whatsapp,v1,True,False,2018-2022,desconhecido,True
14127,0,-0.147389,0.006180,0.153569,0.535094,FakeWhatsApp.BR_2018,whatsapp,v1,True,False,2018-2022,desconhecido,False
14126,0,2.608723,-2.695438,-5.304161,0.024624,FakeWhatsApp.BR_2018,whatsapp,v1,True,False,2018-2022,desconhecido,True
14125,0,1.439493,-1.687981,-3.127474,0.103800,FakeWhatsApp.BR_2018,whatsapp,v1,True,False,2018-2022,desconhecido,True
14124,0,0.504852,-0.594123,-1.098975,0.323877,FakeWhatsApp.BR_2018,whatsapp,v1,True,False,2018-2022,desconhecido,False
14123,0,0.826427,-1.054397,-1.880825,0.217006,FakeWhatsApp.BR_2018,whatsapp,v1,True,False,2018-2022,desconhecido,True
17122,1,-1.222441,1.352801,2.575242,0.862411,FakeWhatsApp.BR_2018,whatsapp,v1,True,False,2018-2022,desconhecido,True
17121,1,-2.198446,2.462582,4.661028,0.964265,FakeWhatsApp.BR_2018,whatsapp,v1,True,False,2018-2022,desconhecido,True
17120,1,-2.055008,2.218942,4.273951,0.953661,FakeWhatsApp.BR_2018,whatsapp,v1,True,False,2018-2022,desconhecido,True
17119,0,0.597834,-0.601766,-1.199600,0.308651,FakeWhatsApp.BR_2018,whatsapp,v1,True,False,2018-2022,desconhecido,True
17118,0,2.307943,-2.580601,-4.888543,0.032666,FakeWhatsApp.BR_2018,whatsapp,v1,True,False,2018-2022,desconhecido,True
17117,1,-2.266441,2.583071,4.849511,0.968542,FakeWhatsApp.BR_2018,whatsapp,v1,True,False,2018-2022,desconhecido,True
17116,0,3.083237,-3.354585,-6.437822,0.011290,FakeWhatsApp.BR_2018,whatsapp,v1,True,False,2018-2022,desconhecido,True
17147,0,-1.124836,1.416250,2.541086,0.859550,FakeWhatsApp.BR_2018,whatsapp,v1,True,False,2018-2022,desconhecido,True
17146,1,-2.167246,2.399947,4.567193,0.961932,FakeWhatsApp.BR_2018,whatsapp,v1,True,False,2018-2022,desconhecido,True
17145,1,-1.633657,1.772200,3.405856,0.918098,FakeWhatsApp.BR_2018,whatsapp,v1,True,False,2018-2022,desconhecido,True
17144,1,-1.935964,2.085469,4.021433,0.945195,FakeWhatsApp.BR_2018,whatsapp,v1,True,False,2018-2022,desconhecido,False
17143,1,-3.039052,3.395275,6.434327,0.989401,FakeWhatsApp.BR_2018,whatsapp,v1,True,False,2018-2022,desconhecido,True
17110,1,-1.599321,1.807553,3.406874,0.918152,FakeWhatsApp.BR_2018,whatsapp,v1,True,False,2018-2022,desconhecido,True
17109,0,-0.639665,0.495910,1.135575,0.695907,FakeWhatsApp.BR_2018,whatsapp,v1,True,False,2018-2022,desconhecido,True
17108,0,-1.706821,1.830544,3.537364,0.924758,FakeWhatsApp.BR_2018,whatsapp,v1,True,False,2018-2022,desconhecido,True
17107,1,-1.413706,1.551974,2.965681,0.891747,FakeWhatsApp.BR_2018,whatsapp,v1,True,False,2018-2022,desconhecido,True
17106,0,-0.263301,0.237316,0.500617,0.594716,FakeWhatsApp.BR_2018,whatsapp,v1,True,False,2018-2022,desconhecido,False
17105,1,0.239119,-0.142372,-0.381491,0.441799,FakeWhatsApp.BR_2018,whatsapp,v1,True,False,2018-2022,desconhecido,True
17104,0,1.259645,-1.538066,-2.797711,0.127316,FakeWhatsApp.BR_2018,whatsapp,v1,True,False,2018-2022,desconhecido,True
17103,0,0.091027,-0.402175,-0.493202,0.422615,FakeWhatsApp.BR_2018,whatsapp,v1,True,False,2018-2022,desconhecido,True
17102,0,2.732952,-2.985887,-5.718839,0.018536,FakeWhatsApp.BR_2018,whatsapp,v1,True,False,2018-2022,desconhecido,False
17101,0,-1.381693,1.668301,3.049993,0.897313,FakeWhatsApp.BR_2018,whatsapp,v1,True,False,2018-2022,desconhecido,False
17100,0,-2.453179,2.855415,5.308594,0.976988,FakeWhatsApp.BR_2018,whatsapp,v1,True,False,2018-2022,desconhecido,False
17131,0,2.674746,-2.976405,-5.651151,0.019418,FakeWhatsApp.BR_2018,whatsapp,v1,True,False,2018-2022,desconhecido,True
17130,0,2.401424,-2.681472,-5.082896,0.028631,FakeWhatsApp.BR_2018,whatsapp,v1,True,False,2018-2022,desconhecido,True
17129,0,2.679483,-2.976402,-5.655886,0.019355,FakeWhatsApp.BR_2018,whatsapp,v1,True,False,2018-2022,desconhecido,True
17128,0,2.439820,-2.751088,-5.190907,0.026601,FakeWhatsApp.BR_2018,whatsapp,v1,True,False,2018-2022,desconhecido,False
17127,0,2.690711,-2.993678,-5.684389,0.018980,FakeWhatsApp.BR_2018,whatsapp,v1,True,False,2018-2022,desconhecido,True
17094,1,-2.258938,2.611182,4.870121,0.968979,FakeWhatsApp.BR_2018,whatsapp,v1,True,False,2018-2022,desconhecido,False
17093,1,-0.592628,0.614268,1.206895,0.706365,FakeWhatsApp.BR_2018,whatsapp,v1,True,False,2018-2022,desconhecido,True
17092,0,1.837083,-1.967935,-3.805018,0.067240,FakeWhatsApp.BR_2018,whatsapp,v1,True,False,2018-2022,desconhecido,True
17091,0,1.234076,-1.273198,-2.507274,0.151661,FakeWhatsApp.BR_2018,whatsapp,v1,True,False,2018-2022,desconhecido,False
17090,0,1.185737,-1.220047,-2.405784,0.161027,FakeWhatsApp.BR_2018,whatsapp,v1,True,False,2018-2022,desconhecido,True
17089,1,-1.869706,2.155261,4.024967,0.945323,FakeWhatsApp.BR_2018,whatsapp,v1,True,False,2018-2022,desconhecido,False
17088,1,-1.869706,2.155261,4.024967,0.945323,FakeWhatsApp.BR_2018,whatsapp,v1,True,False,2018-2022,desconhecido,True
17087,1,0.637127,-0.720258,-1.357384,0.285598,FakeWhatsApp.BR_2018,whatsapp,v1,True,False,2018-2022,desconhecido,False
17086,0,-0.235451,0.478799,0.714250,0.630185,FakeWhatsApp.BR_2018,whatsapp,v1,True,False,2018-2022,desconhecido,False
17085,0,2.447009,-2.812712,-5.259720,0.025382,FakeWhatsApp.BR_2018,whatsapp,v1,True,False,2018-2022,desconhecido,True
17084,0,2.247878,-2.438915,-4.686793,0.037434,FakeWhatsApp.BR_2018,whatsapp,v1,True,False,2018-2022,desconhecido,True
17115,0,1.049715,-1.184220,-2.233935,0.177945,FakeWhatsApp.BR_2018,whatsapp,v1,True,False,2018-2022,desconhecido,True
17114,1,-1.360423,1.446918,2.807341,0.880576,FakeWhatsApp.BR_2018,whatsapp,v1,True,False,2018-2022,desconhecido,True
17113,1,-1.367746,1.519824,2.887570,0.886356,FakeWhatsApp.BR_2018,whatsapp,v1,True,False,2018-2022,desconhecido,True
17112,0,0.344970,-0.393320,-0.738290,0.381408,FakeWhatsApp.BR_2018,whatsapp,v1,True,False,2018-2022,desconhecido,False
17111,1,-2.215440,2.376059,4.591499,0.962550,FakeWhatsApp.BR_2018,whatsapp,v1,True,False,2018-2022,desconhecido,False
17078,1,-2.582327,2.776192,5.358520,0.977760,FakeWhatsApp.BR_2018,whatsapp,v1,True,False,2018-2022,desconhecido,False
17077,1,-2.340722,2.475656,4.816378,0.967828,FakeWhatsApp.BR_2018,whatsapp,v1,True,False,2018-2022,desconhecido,False
17076,0,-1.750750,1.810206,3.560956,0.925899,FakeWhatsApp.BR_2018,whatsapp,v1,True,False,2018-2022,desconhecido,True
17075,1,-2.512046,2.764658,5.276705,0.976481,FakeWhatsApp.BR_2018,whatsapp,v1,True,False,2018-2022,desconhecido,True
17074,1,-1.251729,1.476358,2.728088,0.874619,FakeWhatsApp.BR_2018,whatsapp,v1,True,False,2018-2022,desconhecido,True
17073,1,-2.312179,2.595613,4.907792,0.969762,FakeWhatsApp.BR_2018,whatsapp,v1,True,False,2018-2022,desconhecido,True
17072,1,-1.978990,2.298506,4.277496,0.953771,FakeWhatsApp.BR_2018,whatsapp,v1,True,False,2018-2022,desconhecido,False
17071,1,-2.399958,2.671605,5.071563,0.972948,FakeWhatsApp.BR_2018,whatsapp,v1,True,False,2018-2022,desconhecido,True
17070,1,-1.606877,1.731728,3.338605,0.914489,FakeWhatsApp.BR_2018,whatsapp,v1,True,False,2018-2022,desconhecido,True
17069,0,0.820648,-0.930265,-1.750913,0.232851,FakeWhatsApp.BR_2018,whatsapp,v1,True,False,2018-2022,desconhecido,True
17068,0,1.670253,-1.894264,-3.564517,0.078597,FakeWhatsApp.BR_2018,whatsapp,v1,True,False,2018-2022,desconhecido,False
17099,1,-2.381582,2.741461,5.123042,0.973880,FakeWhatsApp.BR_2018,whatsapp,v1,True,False,2018-2022,desconhecido,False
17098,1,-1.938245,2.187696,4.125941,0.948863,FakeWhatsApp.BR_2018,whatsapp,v1,True,False,2018-2022,desconhecido,False
17097,1,-2.188303,2.465532,4.653835,0.964091,FakeWhatsApp.BR_2018,whatsapp,v1,True,False,2018-2022,desconhecido,True
17096,1,-2.163316,2.438097,4.601413,0.962799,FakeWhatsApp.BR_2018,whatsapp,v1,True,False,2018-2022,desconhecido,True
17095,0,0.396553,-0.335601,-0.732154,0.382421,FakeWhatsApp.BR_2018,whatsapp,v1,True,False,2018-2022,desconhecido,True
17062,0,-0.883358,1.052033,1.935390,0.800217,FakeWhatsApp.BR_2018,whatsapp,v1,True,False,2018-2022,desconhecido,True
17061,1,-2.291210,2.602333,4.893542,0.969468,FakeWhatsApp.BR_2018,whatsapp,v1,True,False,2018-2022,desconhecido,False
17060,1,-0.519628,0.559539,1.079167,0.687489,FakeWhatsApp.BR_2018,whatsapp,v1,True,False,2018-2022,desconhecido,False
17059,1,-2.632514,2.900067,5.532581,0.980261,FakeWhatsApp.BR_2018,whatsapp,v1,True,False,2018-2022,desconhecido,True
17058,1,-0.786425,0.778780,1.565205,0.755574,FakeWhatsApp.BR_2018,whatsapp,v1,True,False,2018-2022,desconhecido,False
17057,1,-2.059695,2.470370,4.530066,0.960969,FakeWhatsApp.BR_2018,whatsapp,v1,True,False,2018-2022,desconhecido,True
17056,0,1.564241,-1.760154,-3.324395,0.091662,FakeWhatsApp.BR_2018,whatsapp,v1,True,False,2018-2022,desconhecido,True
17055,0,0.715280,-0.893948,-1.609229,0.251031,FakeWhatsApp.BR_2018,whatsapp,v1,True,False,2018-2022,desconhecido,False
17054,0,0.266181,-0.471578,-0.737759,0.381495,FakeWhatsApp.BR_2018,whatsapp,v1,True,False,2018-2022,desconhecido,True
17053,1,-0.712388,0.790979,1.503368,0.747494,FakeWhatsApp.BR_2018,whatsapp,v1,True,False,2018-2022,desconhecido,False
17052,0,-0.529984,0.430607,0.960591,0.669387,FakeWhatsApp.BR_2018,whatsapp,v1,True,False,2018-2022,desconhecido,True
17083,0,2.530827,-2.789511,-5.320338,0.024354,FakeWhatsApp.BR_2018,whatsapp,v1,True,False,2018-2022,desconhecido,False
17082,1,-0.349587,0.268309,0.617896,0.614336,FakeWhatsApp.BR_2018,whatsapp,v1,True,False,2018-2022,desconhecido,False
17081,0,1.357964,-1.449199,-2.807163,0.126583,FakeWhatsApp.BR_2018,whatsapp,v1,True,False,2018-2022,desconhecido,False
17080,1,-2.042274,2.277493,4.319767,0.955058,FakeWhatsApp.BR_2018,whatsapp,v1,True,False,2018-2022,desconhecido,True
17079,1,-2.189392,2.448331,4.637723,0.963699,FakeWhatsApp.BR_2018,whatsapp,v1,True,False,2018-2022,desconhecido,False
17046,0,0.832491,-1.060969,-1.893460,0.215507,FakeWhatsApp.BR_2018,whatsapp,v1,True,False,2018-2022,desconhecido,False
17045,0,-0.673816,0.707443,1.381259,0.731025,FakeWhatsApp.BR_2018,whatsapp,v1,True,False,2018-2022,desconhecido,False
17044,1,-0.452056,0.521971,0.974026,0.671465,FakeWhatsApp.BR_2018,whatsapp,v1,True,False,2018-2022,desconhecido,True
17043,0,-1.317696,1.533920,2.851616,0.883797,FakeWhatsApp.BR_2018,whatsapp,v1,True,False,2018-2022,desconhecido,True
17042,0,1.348539,-1.757254,-3.105793,0.105220,FakeWhatsApp.BR_2018,whatsapp,v1,True,False,2018-2022,desconhecido,True
17041,0,-0.394125,0.525426,0.919552,0.663000,FakeWhatsApp.BR_2018,whatsapp,v1,True,False,2018-2022,desconhecido,False
17040,1,-1.593650,1.733312,3.326962,0.913849,FakeWhatsApp.BR_2018,whatsapp,v1,True,False,2018-2022,desconhecido,True
17039,1,-0.900273,0.980691,1.880964,0.794057,FakeWhatsApp.BR_2018,whatsapp,v1,True,False,2018-2022,desconhecido,True
17038,0,0.576971,-0.671022,-1.247993,0.301471,FakeWhatsApp.BR_2018,whatsapp,v1,True,False,2018-2022,desconhecido,False
17037,0,2.201533,-2.352704,-4.554237,0.040924,FakeWhatsApp.BR_2018,whatsapp,v1,True,False,2018-2022,desconhecido,True
17036,0,1.145023,-1.362421,-2.507443,0.151645,FakeWhatsApp.BR_2018,whatsapp,v1,True,False,2018-2022,desconhecido,True
17067,1,-2.545610,2.800486,5.346097,0.977571,FakeWhatsApp.BR_2018,whatsapp,v1,True,False,2018-2022,desconhecido,True
17066,1,-2.035910,2.412847,4.448756,0.958778,FakeWhatsApp.BR_2018,whatsapp,v1,True,False,2018-2022,desconhecido,False
17065,1,-2.746844,3.012731,5.759575,0.983111,FakeWhatsApp.BR_2018,whatsapp,v1,True,False,2018-2022,desconhecido,True
17064,0,1.880451,-2.034967,-3.915418,0.062553,FakeWhatsApp.BR_2018,whatsapp,v1,True,False,2018-2022,desconhecido,True
17063,0,1.495634,-1.596120,-3.091754,0.106149,FakeWhatsApp.BR_2018,whatsapp,v1,True,False,2018-2022,desconhecido,False
17030,1,-1.715154,1.844941,3.560094,0.925857,FakeWhatsApp.BR_2018,whatsapp,v1,True,False,2018-2022,desconhecido,True
17029,0,1.135027,-1.308283,-2.443311,0.157510,FakeWhatsApp.BR_2018,whatsapp,v1,True,False,2018-2022,desconhecido,True
17028,0,1.202671,-1.328586,-2.531257,0.149514,FakeWhatsApp.BR_2018,whatsapp,v1,True,False,2018-2022,desconhecido,True
17027,0,1.731068,-1.808736,-3.539804,0.079859,FakeWhatsApp.BR_2018,whatsapp,v1,True,False,2018-2022,desconhecido,True
17026,0,1.302624,-1.449143,-2.751767,0.130931,FakeWhatsApp.BR_2018,whatsapp,v1,True,False,2018-2022,desconhecido,False
17025,0,0.826331,-0.944932,-1.771263,0.230317,FakeWhatsApp.BR_2018,whatsapp,v1,True,False,2018-2022,desconhecido,False
17024,0,-2.316450,2.746560,5.063010,0.972790,FakeWhatsApp.BR_2018,whatsapp,v1,True,False,2018-2022,desconhecido,False
17023,0,-0.087307,0.021899,0.109206,0.527362,FakeWhatsApp.BR_2018,whatsapp,v1,True,False,2018-2022,desconhecido,True
17022,1,0.067722,-0.047412,-0.115134,0.488140,FakeWhatsApp.BR_2018,whatsapp,v1,True,False,2018-2022,desconhecido,True
17021,0,0.731179,-0.789579,-1.520759,0.262851,FakeWhatsApp.BR_2018,whatsapp,v1,True,False,2018-2022,desconhecido,True
17020,1,-1.159454,1.367694,2.527148,0.858368,FakeWhatsApp.BR_2018,whatsapp,v1,True,False,2018-2022,desconhecido,False
17051,1,-0.872750,1.052848,1.925598,0.799119,FakeWhatsApp.BR_2018,whatsapp,v1,True,False,2018-2022,desconhecido,False
17050,0,0.701525,-0.762937,-1.464462,0.270556,FakeWhatsApp.BR_2018,whatsapp,v1,True,False,2018-2022,desconhecido,True
17049,0,-0.124587,0.151811,0.276398,0.556402,FakeWhatsApp.BR_2018,whatsapp,v1,True,False,2018-2022,desconhecido,True
17048,1,-1.697437,1.836685,3.534122,0.924600,FakeWhatsApp.BR_2018,whatsapp,v1,True,False,2018-2022,desconhecido,True
17047,0,0.146523,-0.001209,-0.147732,0.482441,FakeWhatsApp.BR_2018,whatsapp,v1,True,False,2018-2022,desconhecido,True
17014,0,0.358852,-0.411160,-0.770012,0.376183,FakeWhatsApp.BR_2018,whatsapp,v1,True,False,2018-2022,desconhecido,True
17013,1,-1.085052,1.007397,2.092450,0.817212,FakeWhatsApp.BR_2018,whatsapp,v1,True,False,2018-2022,desconhecido,False
17012,1,-0.532284,0.724949,1.257233,0.713619,FakeWhatsApp.BR_2018,whatsapp,v1,True,False,2018-2022,desconhecido,False
17011,1,-1.495348,1.559659,3.055007,0.897636,FakeWhatsApp.BR_2018,whatsapp,v1,True,False,2018-2022,desconhecido,False
17010,1,-0.887324,1.139023,2.026347,0.810199,FakeWhatsApp.BR_2018,whatsapp,v1,True,False,2018-2022,desconhecido,False
17009,1,-0.821305,0.967372,1.788677,0.783294,FakeWhatsApp.BR_2018,whatsapp,v1,True,False,2018-2022,desconhecido,True
17008,0,2.223104,-2.208038,-4.431142,0.044443,FakeWhatsApp.BR_2018,whatsapp,v1,True,False,2018-2022,desconhecido,True
17007,1,-1.607639,1.856354,3.463992,0.921106,FakeWhatsApp.BR_2018,whatsapp,v1,True,False,2018-2022,desconhecido,True
17006,1,-0.825021,0.900227,1.725247,0.775664,FakeWhatsApp.BR_2018,whatsapp,v1,True,False,2018-2022,desconhecido,False
17005,0,0.706172,-0.931307,-1.637479,0.247332,FakeWhatsApp.BR_2018,whatsapp,v1,True,False,2018-2022,desconhecido,True
17004,1,-1.093991,1.339597,2.433588,0.850219,FakeWhatsApp.BR_2018,whatsapp,v1,True,False,2018-2022,desconhecido,True
17035,0,2.638255,-2.599219,-5.237474,0.025770,FakeWhatsApp.BR_2018,whatsapp,v1,True,False,2018-2022,desconhecido,True
17034,0,0.447170,-0.656900,-1.104069,0.323097,FakeWhatsApp.BR_2018,whatsapp,v1,True,False,2018-2022,desconhecido,True
17033,0,1.713255,-1.880369,-3.593624,0.077134,FakeWhatsApp.BR_2018,whatsapp,v1,True,False,2018-2022,desconhecido,True
17032,0,2.195855,-2.258271,-4.454126,0.043765,FakeWhatsApp.BR_2018,whatsapp,v1,True,False,2018-2022,desconhecido,True
17031,0,0.383257,-0.426794,-0.810052,0.369631,FakeWhatsApp.BR_2018,whatsapp,v1,True,False,2018-2022,desconhecido,True
16998,0,2.171182,-2.527688,-4.698870,0.037131,FakeWhatsApp.BR_2018,whatsapp,v1,True,False,2018-2022,desconhecido,False
16997,1,-0.995672,0.936380,1.932052,0.799843,FakeWhatsApp.BR_2018,whatsapp,v1,True,False,2018-2022,desconhecido,True
16996,0,2.539430,-2.849509,-5.388939,0.023239,FakeWhatsApp.BR_2018,whatsapp,v1,True,False,2018-2022,desconhecido,True
16995,0,2.326585,-2.576934,-4.903519,0.032336,FakeWhatsApp.BR_2018,whatsapp,v1,True,False,2018-2022,desconhecido,True
16994,1,-1.565221,1.706920,3.272141,0.910780,FakeWhatsApp.BR_2018,whatsapp,v1,True,False,2018-2022,desconhecido,True
16993,1,-2.329622,2.709078,5.038700,0.972336,FakeWhatsApp.BR_2018,whatsapp,v1,True,False,2018-2022,desconhecido,False
16992,0,-0.771007,0.624437,1.395444,0.732972,FakeWhatsApp.BR_2018,whatsapp,v1,True,False,2018-2022,desconhecido,True
16991,1,-2.070057,2.414037,4.484095,0.959744,FakeWhatsApp.BR_2018,whatsapp,v1,True,False,2018-2022,desconhecido,True
16990,0,1.092579,-1.381731,-2.474310,0.154653,FakeWhatsApp.BR_2018,whatsapp,v1,True,False,2018-2022,desconhecido,True
16989,1,-2.112142,2.358831,4.470973,0.959388,FakeWhatsApp.BR_2018,whatsapp,v1,True,False,2018-2022,desconhecido,True
16988,0,1.098683,-1.250598,-2.349281,0.166441,FakeWhatsApp.BR_2018,whatsapp,v1,True,False,2018-2022,desconhecido,False
17019,1,-0.331465,0.403009,0.734474,0.633477,FakeWhatsApp.BR_2018,whatsapp,v1,True,False,2018-2022,desconhecido,True
17018,1,-1.065953,1.230472,2.296424,0.837579,FakeWhatsApp.BR_2018,whatsapp,v1,True,False,2018-2022,desconhecido,True
17017,0,-0.338703,0.284914,0.623616,0.615284,FakeWhatsApp.BR_2018,whatsapp,v1,True,False,2018-2022,desconhecido,False
17016,0,1.243724,-1.404986,-2.648710,0.139359,FakeWhatsApp.BR_2018,whatsapp,v1,True,False,2018-2022,desconhecido,True
17015,0,1.107824,-1.311464,-2.419288,0.159754,FakeWhatsApp.BR_2018,whatsapp,v1,True,False,2018-2022,desconhecido,True
16982,0,0.476547,-0.241954,-0.718501,0.384681,FakeWhatsApp.BR_2018,whatsapp,v1,True,False,2018-2022,desconhecido,True
16981,0,1.374503,-1.750855,-3.125357,0.103938,FakeWhatsApp.BR_2018,whatsapp,v1,True,False,2018-2022,desconhecido,False
16980,0,1.488149,-1.687420,-3.175569,0.100711,FakeWhatsApp.BR_2018,whatsapp,v1,True,False,2018-2022,desconhecido,True
16979,0,-0.627583,0.750381,1.377964,0.730571,FakeWhatsApp.BR_2018,whatsapp,v1,True,False,2018-2022,desconhecido,True
16978,1,-1.738144,2.052172,3.790316,0.936187,FakeWhatsApp.BR_2018,whatsapp,v1,True,False,2018-2022,desconhecido,True
16977,1,-2.203888,2.414242,4.618130,0.963216,FakeWhatsApp.BR_2018,whatsapp,v1,True,False,2018-2022,desconhecido,True
16976,0,2.764836,-3.167943,-5.932778,0.016000,FakeWhatsApp.BR_2018,whatsapp,v1,True,False,2018-2022,desconhecido,True
16975,0,2.764836,-3.167943,-5.932778,0.016000,FakeWhatsApp.BR_2018,whatsapp,v1,True,False,2018-2022,desconhecido,True
16974,0,2.764836,-3.167943,-5.932778,0.016000,FakeWhatsApp.BR_2018,whatsapp,v1,True,False,2018-2022,desconhecido,True
16973,0,2.764836,-3.167943,-5.932778,0.016000,FakeWhatsApp.BR_2018,whatsapp,v1,True,False,2018-2022,desconhecido,True
16972,0,2.764836,-3.167943,-5.932778,0.016000,FakeWhatsApp.BR_2018,whatsapp,v1,True,False,2018-2022,desconhecido,False
17003,1,-1.293668,1.509157,2.802825,0.880244,FakeWhatsApp.BR_2018,whatsapp,v1,True,False,2018-2022,desconhecido,True
17002,0,1.039404,-1.173697,-2.213100,0.180088,FakeWhatsApp.BR_2018,whatsapp,v1,True,False,2018-2022,desconhecido,True
17001,0,0.107090,-0.032278,-0.139368,0.483903,FakeWhatsApp.BR_2018,whatsapp,v1,True,False,2018-2022,desconhecido,True
17000,1,-0.166423,0.155451,0.321874,0.564242,FakeWhatsApp.BR_2018,whatsapp,v1,True,False,2018-2022,desconhecido,True
16999,1,-2.066953,2.362301,4.429254,0.958235,FakeWhatsApp.BR_2018,whatsapp,v1,True,False,2018-2022,desconhecido,True
16966,1,-2.097099,2.405543,4.502643,0.960243,FakeWhatsApp.BR_2018,whatsapp,v1,True,False,2018-2022,desconhecido,True
16965,1,-1.674898,1.801615,3.476512,0.921740,FakeWhatsApp.BR_2018,whatsapp,v1,True,False,2018-2022,desconhecido,True
16964,1,-1.866038,2.185949,4.051987,0.946292,FakeWhatsApp.BR_2018,whatsapp,v1,True,False,2018-2022,desconhecido,True
16963,1,-1.460816,1.399016,2.859832,0.884386,FakeWhatsApp.BR_2018,whatsapp,v1,True,False,2018-2022,desconhecido,True
16962,0,0.133986,-0.303758,-0.437744,0.432113,FakeWhatsApp.BR_2018,whatsapp,v1,True,False,2018-2022,desconhecido,True
16961,1,-0.537450,0.541238,1.078688,0.687417,FakeWhatsApp.BR_2018,whatsapp,v1,True,False,2018-2022,desconhecido,False
16960,1,0.248076,-0.380759,-0.628835,0.399638,FakeWhatsApp.BR_2018,whatsapp,v1,True,False,2018-2022,desconhecido,True
16959,1,-1.793341,2.060886,3.854227,0.938807,FakeWhatsApp.BR_2018,whatsapp,v1,True,False,2018-2022,desconhecido,False
16957,0,0.421520,-0.565780,-0.987300,0.341222,FakeWhatsApp.BR_2018,whatsapp,v1,True,False,2018-2022,desconhecido,False
16956,1,-2.456014,2.789989,5.246002,0.975982,FakeWhatsApp.BR_2018,whatsapp,v1,True,False,2018-2022,desconhecido,False
16987,0,1.496523,-1.674054,-3.170577,0.101027,FakeWhatsApp.BR_2018,whatsapp,v1,True,False,2018-2022,desconhecido,True
16986,1,-0.172790,0.132318,0.305108,0.561355,FakeWhatsApp.BR_2018,whatsapp,v1,True,False,2018-2022,desconhecido,False
16985,1,-0.456210,0.366285,0.822495,0.647660,FakeWhatsApp.BR_2018,whatsapp,v1,True,False,2018-2022,desconhecido,False
16984,0,-0.976958,1.175084,2.152042,0.823359,FakeWhatsApp.BR_2018,whatsapp,v1,True,False,2018-2022,desconhecido,False
16983,1,-2.500555,2.820941,5.321496,0.977190,FakeWhatsApp.BR_2018,whatsapp,v1,True,False,2018-2022,desconhecido,False
16950,0,0.364843,-0.586409,-0.951251,0.346916,FakeWhatsApp.BR_2018,whatsapp,v1,True,False,2018-2022,desconhecido,True
16949,1,-1.848190,1.986265,3.834455,0.938007,FakeWhatsApp.BR_2018,whatsapp,v1,True,False,2018-2022,desconhecido,False
16948,1,0.175450,-0.235506,-0.410956,0.436719,FakeWhatsApp.BR_2018,whatsapp,v1,True,False,2018-2022,desconhecido,False
16947,1,-0.554035,0.607561,1.161596,0.699747,FakeWhatsApp.BR_2018,whatsapp,v1,True,False,2018-2022,desconhecido,True
16946,1,-0.754207,0.894968,1.649175,0.766264,FakeWhatsApp.BR_2018,whatsapp,v1,True,False,2018-2022,desconhecido,False
16945,0,0.305098,-0.067363,-0.372461,0.443358,FakeWhatsApp.BR_2018,whatsapp,v1,True,False,2018-2022,desconhecido,True
16944,0,-0.832244,0.990089,1.822333,0.787266,FakeWhatsApp.BR_2018,whatsapp,v1,True,False,2018-2022,desconhecido,True
16943,1,-0.540606,0.544138,1.084743,0.688326,FakeWhatsApp.BR_2018,whatsapp,v1,True,False,2018-2022,desconhecido,True
16942,1,-0.728091,0.841215,1.569306,0.756104,FakeWhatsApp.BR_2018,whatsapp,v1,True,False,2018-2022,desconhecido,True
16941,0,1.720713,-1.999328,-3.720041,0.071067,FakeWhatsApp.BR_2018,whatsapp,v1,True,False,2018-2022,desconhecido,False
16940,1,-1.797250,2.090816,3.888066,0.940154,FakeWhatsApp.BR_2018,whatsapp,v1,True,False,2018-2022,desconhecido,False
16971,0,2.764836,-3.167943,-5.932778,0.016000,FakeWhatsApp.BR_2018,whatsapp,v1,True,False,2018-2022,desconhecido,True
16970,0,2.764836,-3.167943,-5.932778,0.016000,FakeWhatsApp.BR_2018,whatsapp,v1,True,False,2018-2022,desconhecido,True
16969,0,2.764836,-3.167943,-5.932778,0.016000,FakeWhatsApp.BR_2018,whatsapp,v1,True,False,2018-2022,desconhecido,False
16968,1,-1.602081,1.751646,3.353727,0.915313,FakeWhatsApp.BR_2018,whatsapp,v1,True,False,2018-2022,desconhecido,True
16967,0,2.764836,-3.167943,-5.932778,0.016000,FakeWhatsApp.BR_2018,whatsapp,v1,True,False,2018-2022,desconhecido,True
16935,0,2.259619,-2.474368,-4.733987,0.036262,FakeWhatsApp.BR_2018,whatsapp,v1,True,False,2018-2022,desconhecido,True
16934,1,-1.536912,1.585473,3.122384,0.901889,FakeWhatsApp.BR_2018,whatsapp,v1,True,False,2018-2022,desconhecido,True
16933,0,2.334658,-2.559276,-4.893934,0.032547,FakeWhatsApp.BR_2018,whatsapp,v1,True,False,2018-2022,desconhecido,True
16932,0,2.536982,-2.798985,-5.335966,0.024095,FakeWhatsApp.BR_2018,whatsapp,v1,True,False,2018-2022,desconhecido,True
16931,0,0.488926,-0.753289,-1.242215,0.302323,FakeWhatsApp.BR_2018,whatsapp,v1,True,False,2018-2022,desconhecido,True
16930,0,2.201445,-2.198131,-4.399576,0.045391,FakeWhatsApp.BR_2018,whatsapp,v1,True,False,2018-2022,desconhecido,True
16929,1,-1.308656,1.636987,2.945643,0.890386,FakeWhatsApp.BR_2018,whatsapp,v1,True,False,2018-2022,desconhecido,True
16928,0,1.301238,-1.448946,-2.750185,0.131058,FakeWhatsApp.BR_2018,whatsapp,v1,True,False,2018-2022,desconhecido,True
16927,0,0.431787,-0.559971,-0.991758,0.340521,FakeWhatsApp.BR_2018,whatsapp,v1,True,False,2018-2022,desconhecido,False
16926,1,-0.351054,0.296431,0.647485,0.619230,FakeWhatsApp.BR_2018,whatsapp,v1,True,False,2018-2022,desconhecido,False
16924,0,1.549762,-1.800499,-3.350261,0.090165,FakeWhatsApp.BR_2018,whatsapp,v1,True,False,2018-2022,desconhecido,True
16955,1,-1.563801,1.731052,3.294853,0.912063,FakeWhatsApp.BR_2018,whatsapp,v1,True,False,2018-2022,desconhecido,True
16954,1,-1.677830,1.725557,3.403388,0.917968,FakeWhatsApp.BR_2018,whatsapp,v1,True,False,2018-2022,desconhecido,True
16953,1,-2.251912,2.335539,4.587451,0.962448,FakeWhatsApp.BR_2018,whatsapp,v1,True,False,2018-2022,desconhecido,False
16952,1,-2.162822,2.450513,4.613336,0.963097,FakeWhatsApp.BR_2018,whatsapp,v1,True,False,2018-2022,desconhecido,True
16951,1,-1.522961,1.682939,3.205900,0.906941,FakeWhatsApp.BR_2018,whatsapp,v1,True,False,2018-2022,desconhecido,False
16919,0,-0.261126,0.505817,0.766943,0.638737,FakeWhatsApp.BR_2018,whatsapp,v1,True,False,2018-2022,desconhecido,False
16918,1,-2.707068,3.108256,5.815324,0.983747,FakeWhatsApp.BR_2018,whatsapp,v1,True,False,2018-2022,desconhecido,True
16917,0,0.384492,-0.702931,-1.087423,0.325650,FakeWhatsApp.BR_2018,whatsapp,v1,True,False,2018-2022,desconhecido,False
16916,1,-0.028208,0.179074,0.207282,0.544432,FakeWhatsApp.BR_2018,whatsapp,v1,True,False,2018-2022,desconhecido,True
16915,1,-2.532159,2.750146,5.282305,0.976570,FakeWhatsApp.BR_2018,whatsapp,v1,True,False,2018-2022,desconhecido,True
16914,1,-2.749368,2.992519,5.741887,0.982905,FakeWhatsApp.BR_2018,whatsapp,v1,True,False,2018-2022,desconhecido,True
16913,1,-2.931999,3.223625,6.155624,0.987147,FakeWhatsApp.BR_2018,whatsapp,v1,True,False,2018-2022,desconhecido,True
16912,1,-1.617942,1.790214,3.408155,0.918219,FakeWhatsApp.BR_2018,whatsapp,v1,True,False,2018-2022,desconhecido,False
16911,1,-1.093999,1.241328,2.335326,0.841249,FakeWhatsApp.BR_2018,whatsapp,v1,True,False,2018-2022,desconhecido,True
16910,1,-2.243422,2.480757,4.724179,0.965757,FakeWhatsApp.BR_2018,whatsapp,v1,True,False,2018-2022,desconhecido,True
16909,1,-1.945733,2.077756,4.023489,0.945269,FakeWhatsApp.BR_2018,whatsapp,v1,True,False,2018-2022,desconhecido,False
16908,1,-2.356245,2.492147,4.848392,0.968519,FakeWhatsApp.BR_2018,whatsapp,v1,True,False,2018-2022,desconhecido,True
16939,0,0.196802,-0.234830,-0.431632,0.433163,FakeWhatsApp.BR_2018,whatsapp,v1,True,False,2018-2022,desconhecido,False
16938,0,-0.499892,0.667966,1.167858,0.700667,FakeWhatsApp.BR_2018,whatsapp,v1,True,False,2018-2022,desconhecido,False
16937,0,2.252224,-2.547841,-4.800064,0.034680,FakeWhatsApp.BR_2018,whatsapp,v1,True,False,2018-2022,desconhecido,False
16936,1,-2.465983,2.658061,5.124044,0.973898,FakeWhatsApp.BR_2018,whatsapp,v1,True,False,2018-2022,desconhecido,False
16903,0,1.246914,-1.409744,-2.656659,0.138693,FakeWhatsApp.BR_2018,whatsapp,v1,True,False,2018-2022,desconhecido,True
16902,0,-1.461953,1.552436,3.014389,0.894995,FakeWhatsApp.BR_2018,whatsapp,v1,True,False,2018-2022,desconhecido,True
16901,0,1.854585,-1.916905,-3.771490,0.068726,FakeWhatsApp.BR_2018,whatsapp,v1,True,False,2018-2022,desconhecido,True
16900,1,-1.308636,1.507953,2.816589,0.881255,FakeWhatsApp.BR_2018,whatsapp,v1,True,False,2018-2022,desconhecido,False
16899,1,-2.510765,2.800065,5.310830,0.977023,FakeWhatsApp.BR_2018,whatsapp,v1,True,False,2018-2022,desconhecido,True
16898,1,-0.544975,0.664181,1.209157,0.706694,FakeWhatsApp.BR_2018,whatsapp,v1,True,False,2018-2022,desconhecido,True
16897,0,0.873953,-0.875833,-1.749786,0.232992,FakeWhatsApp.BR_2018,whatsapp,v1,True,False,2018-2022,desconhecido,True
16896,0,-1.893384,2.073268,3.966652,0.943174,FakeWhatsApp.BR_2018,whatsapp,v1,True,False,2018-2022,desconhecido,True
16895,1,0.949916,-1.256785,-2.206701,0.180750,FakeWhatsApp.BR_2018,whatsapp,v1,True,False,2018-2022,desconhecido,True
16894,0,0.161965,-0.269814,-0.431780,0.433138,FakeWhatsApp.BR_2018,whatsapp,v1,True,False,2018-2022,desconhecido,True
16893,0,-0.048782,0.047630,0.096412,0.525130,FakeWhatsApp.BR_2018,whatsapp,v1,True,False,2018-2022,desconhecido,False
16892,1,-2.240117,2.588122,4.828239,0.968086,FakeWhatsApp.BR_2018,whatsapp,v1,True,False,2018-2022,desconhecido,True
16923,1,-1.249529,1.249507,2.499036,0.855959,FakeWhatsApp.BR_2018,whatsapp,v1,True,False,2018-2022,desconhecido,False
16922,1,-1.096986,1.092572,2.189558,0.827146,FakeWhatsApp.BR_2018,whatsapp,v1,True,False,2018-2022,desconhecido,True
16921,0,2.384338,-2.625500,-5.009838,0.030087,FakeWhatsApp.BR_2018,whatsapp,v1,True,False,2018-2022,desconhecido,True
16920,1,-2.174823,2.525890,4.700713,0.965210,FakeWhatsApp.BR_2018,whatsapp,v1,True,False,2018-2022,desconhecido,False
16888,0,0.820430,-0.867275,-1.687706,0.240846,FakeWhatsApp.BR_2018,whatsapp,v1,True,False,2018-2022,desconhecido,True
16887,0,-1.208584,1.273694,2.482278,0.854507,FakeWhatsApp.BR_2018,whatsapp,v1,True,False,2018-2022,desconhecido,False
16886,1,-1.570983,1.644005,3.214988,0.907476,FakeWhatsApp.BR_2018,whatsapp,v1,True,False,2018-2022,desconhecido,False
16885,0,-1.098010,1.171166,2.269176,0.834968,FakeWhatsApp.BR_2018,whatsapp,v1,True,False,2018-2022,desconhecido,False
16884,1,-1.662151,1.860315,3.522466,0.924029,FakeWhatsApp.BR_2018,whatsapp,v1,True,False,2018-2022,desconhecido,True
16883,1,-0.988422,0.909840,1.898262,0.796030,FakeWhatsApp.BR_2018,whatsapp,v1,True,False,2018-2022,desconhecido,False
16882,1,-0.684562,0.546875,1.231437,0.709915,FakeWhatsApp.BR_2018,whatsapp,v1,True,False,2018-2022,desconhecido,True
16881,0,2.328838,-2.372620,-4.701458,0.037066,FakeWhatsApp.BR_2018,whatsapp,v1,True,False,2018-2022,desconhecido,True
16880,1,-2.590396,2.835207,5.425603,0.978759,FakeWhatsApp.BR_2018,whatsapp,v1,True,False,2018-2022,desconhecido,False
16879,1,-2.309373,2.619993,4.929366,0.970201,FakeWhatsApp.BR_2018,whatsapp,v1,True,False,2018-2022,desconhecido,True
16878,0,0.202696,-0.282617,-0.485312,0.423963,FakeWhatsApp.BR_2018,whatsapp,v1,True,False,2018-2022,desconhecido,False
16877,0,0.134667,-0.123847,-0.258514,0.463118,FakeWhatsApp.BR_2018,whatsapp,v1,True,False,2018-2022,desconhecido,True
16876,1,-0.848699,1.091700,1.940399,0.800776,FakeWhatsApp.BR_2018,whatsapp,v1,True,False,2018-2022,desconhecido,True
16906,1,-2.256058,2.455970,4.712028,0.965475,FakeWhatsApp.BR_2018,whatsapp,v1,True,False,2018-2022,desconhecido,False
16905,1,-2.472065,2.764938,5.237003,0.975834,FakeWhatsApp.BR_2018,whatsapp,v1,True,False,2018-2022,desconhecido,False
16904,0,2.766214,-3.039137,-5.805351,0.017466,FakeWhatsApp.BR_2018,whatsapp,v1,True,False,2018-2022,desconhecido,True
16872,0,0.250852,-0.254222,-0.505074,0.420589,FakeWhatsApp.BR_2018,whatsapp,v1,True,False,2018-2022,desconhecido,True
16871,1,-2.231050,2.607591,4.838640,0.968310,FakeWhatsApp.BR_2018,whatsapp,v1,True,False,2018-2022,desconhecido,True
16870,1,-1.411893,1.669109,3.081001,0.899296,FakeWhatsApp.BR_2018,whatsapp,v1,True,False,2018-2022,desconhecido,True
16869,1,-2.025738,2.308233,4.333971,0.955483,FakeWhatsApp.BR_2018,whatsapp,v1,True,False,2018-2022,desconhecido,True
16868,0,1.528375,-1.642123,-3.170498,0.101032,FakeWhatsApp.BR_2018,whatsapp,v1,True,False,2018-2022,desconhecido,True
16867,0,1.721137,-1.832061,-3.553198,0.079172,FakeWhatsApp.BR_2018,whatsapp,v1,True,False,2018-2022,desconhecido,False
16866,0,-0.273487,0.149663,0.423149,0.581584,FakeWhatsApp.BR_2018,whatsapp,v1,True,False,2018-2022,desconhecido,False
16865,0,1.301509,-1.577108,-2.878617,0.121156,FakeWhatsApp.BR_2018,whatsapp,v1,True,False,2018-2022,desconhecido,True
16864,1,-1.983676,2.173256,4.156932,0.949905,FakeWhatsApp.BR_2018,whatsapp,v1,True,False,2018-2022,desconhecido,True
16863,1,-2.366527,2.540291,4.906818,0.969742,FakeWhatsApp.BR_2018,whatsapp,v1,True,False,2018-2022,desconhecido,True
16862,0,2.064972,-2.323207,-4.388179,0.045737,FakeWhatsApp.BR_2018,whatsapp,v1,True,False,2018-2022,desconhecido,True
16861,0,0.929242,-1.103467,-2.032709,0.199487,FakeWhatsApp.BR_2018,whatsapp,v1,True,False,2018-2022,desconhecido,True
16860,1,-1.987150,2.002490,3.989640,0.944031,FakeWhatsApp.BR_2018,whatsapp,v1,True,False,2018-2022,desconhecido,True
16891,1,-0.614561,0.614601,1.229163,0.709587,FakeWhatsApp.BR_2018,whatsapp,v1,True,False,2018-2022,desconhecido,True
16890,1,-2.671721,2.958931,5.630652,0.981546,FakeWhatsApp.BR_2018,whatsapp,v1,True,False,2018-2022,desconhecido,True
16889,0,1.780659,-1.746528,-3.527187,0.080510,FakeWhatsApp.BR_2018,whatsapp,v1,True,False,2018-2022,desconhecido,True
16856,1,-1.341315,1.610684,2.952000,0.890820,FakeWhatsApp.BR_2018,whatsapp,v1,True,False,2018-2022,desconhecido,True
16855,0,0.346876,-0.786103,-1.132979,0.318688,FakeWhatsApp.BR_2018,whatsapp,v1,True,False,2018-2022,desconhecido,True
16854,0,1.630727,-2.008720,-3.639447,0.074882,FakeWhatsApp.BR_2018,whatsapp,v1,True,False,2018-2022,desconhecido,True
16853,0,-0.108643,-0.100208,0.008436,0.509757,FakeWhatsApp.BR_2018,whatsapp,v1,True,False,2018-2022,desconhecido,False
16852,1,-0.004991,0.056623,0.061614,0.519053,FakeWhatsApp.BR_2018,whatsapp,v1,True,False,2018-2022,desconhecido,False
16851,1,-2.232923,2.401263,4.634186,0.963612,FakeWhatsApp.BR_2018,whatsapp,v1,True,False,2018-2022,desconhecido,False
16850,0,1.354038,-1.384750,-2.738788,0.131969,FakeWhatsApp.BR_2018,whatsapp,v1,True,False,2018-2022,desconhecido,False
16849,0,1.705417,-1.974871,-3.680288,0.072926,FakeWhatsApp.BR_2018,whatsapp,v1,True,False,2018-2022,desconhecido,True
16848,1,-1.918858,2.239561,4.158419,0.949954,FakeWhatsApp.BR_2018,whatsapp,v1,True,False,2018-2022,desconhecido,True
16847,0,1.994944,-2.092507,-4.087450,0.055853,FakeWhatsApp.BR_2018,whatsapp,v1,True,False,2018-2022,desconhecido,False
16846,0,0.520380,-0.443546,-0.963926,0.344909,FakeWhatsApp.BR_2018,whatsapp,v1,True,False,2018-2022,desconhecido,True
16845,0,0.206820,-0.477013,-0.683833,0.390439,FakeWhatsApp.BR_2018,whatsapp,v1,True,False,2018-2022,desconhecido,False
16844,1,-1.617369,1.814495,3.431864,0.919456,FakeWhatsApp.BR_2018,whatsapp,v1,True,False,2018-2022,desconhecido,False
16875,1,-2.202540,2.528716,4.731256,0.965921,FakeWhatsApp.BR_2018,whatsapp,v1,True,False,2018-2022,desconhecido,True
16874,0,2.476144,-2.951195,-5.427339,0.022636,FakeWhatsApp.BR_2018,whatsapp,v1,True,False,2018-2022,desconhecido,True
16873,0,2.271550,-2.436012,-4.707562,0.036914,FakeWhatsApp.BR_2018,whatsapp,v1,True,False,2018-2022,desconhecido,True
16841,1,-2.289237,2.569952,4.859190,0.968748,FakeWhatsApp.BR_2018,whatsapp,v1,True,False,2018-2022,desconhecido,True
16839,0,-0.535292,0.400601,0.935893,0.665551,FakeWhatsApp.BR_2018,whatsapp,v1,True,False,2018-2022,desconhecido,False
16838,0,0.664708,-0.883109,-1.547817,0.259198,FakeWhatsApp.BR_2018,whatsapp,v1,True,False,2018-2022,desconhecido,True
16837,1,-2.649286,2.909422,5.558708,0.980611,FakeWhatsApp.BR_2018,whatsapp,v1,True,False,2018-2022,desconhecido,True
16836,1,-0.938509,1.184835,2.123343,0.820419,FakeWhatsApp.BR_2018,whatsapp,v1,True,False,2018-2022,desconhecido,True
16835,0,0.168211,-0.317797,-0.486008,0.423844,FakeWhatsApp.BR_2018,whatsapp,v1,True,False,2018-2022,desconhecido,True
16834,1,-2.396988,2.622970,5.019958,0.971981,FakeWhatsApp.BR_2018,whatsapp,v1,True,False,2018-2022,desconhecido,True
16833,1,-1.316909,1.485011,2.801920,0.880177,FakeWhatsApp.BR_2018,whatsapp,v1,True,False,2018-2022,desconhecido,True
16832,1,-2.340746,2.670628,5.011374,0.971817,FakeWhatsApp.BR_2018,whatsapp,v1,True,False,2018-2022,desconhecido,False
16831,1,-2.340746,2.670628,5.011374,0.971817,FakeWhatsApp.BR_2018,whatsapp,v1,True,False,2018-2022,desconhecido,False
16830,1,-1.741018,1.927524,3.668542,0.930902,FakeWhatsApp.BR_2018,whatsapp,v1,True,False,2018-2022,desconhecido,True
16829,1,-1.921229,2.202383,4.123612,0.948783,FakeWhatsApp.BR_2018,whatsapp,v1,True,False,2018-2022,desconhecido,False
16828,0,-0.498127,0.588363,1.086490,0.688589,FakeWhatsApp.BR_2018,whatsapp,v1,True,False,2018-2022,desconhecido,False
16859,1,-1.607520,1.806471,3.413991,0.918525,FakeWhatsApp.BR_2018,whatsapp,v1,True,False,2018-2022,desconhecido,True
16858,1,-2.026333,2.154644,4.180977,0.950700,FakeWhatsApp.BR_2018,whatsapp,v1,True,False,2018-2022,desconhecido,True
16857,1,-1.111728,1.133855,2.245582,0.832680,FakeWhatsApp.BR_2018,whatsapp,v1,True,False,2018-2022,desconhecido,False
16825,0,-0.533418,0.516043,1.049461,0.683005,FakeWhatsApp.BR_2018,whatsapp,v1,True,False,2018-2022,desconhecido,True
16824,1,-1.134416,1.217820,2.352235,0.842823,FakeWhatsApp.BR_2018,whatsapp,v1,True,False,2018-2022,desconhecido,False
16823,1,-2.419180,2.716342,5.135523,0.974101,FakeWhatsApp.BR_2018,whatsapp,v1,True,False,2018-2022,desconhecido,True
16822,0,2.319366,-2.714640,-5.034007,0.029598,FakeWhatsApp.BR_2018,whatsapp,v1,True,False,2018-2022,desconhecido,True
16821,1,-2.682341,2.932069,5.614410,0.981339,FakeWhatsApp.BR_2018,whatsapp,v1,True,False,2018-2022,desconhecido,False
16820,1,-0.988223,1.034110,2.022332,0.809767,FakeWhatsApp.BR_2018,whatsapp,v1,True,False,2018-2022,desconhecido,True
16819,1,-0.929515,1.120817,2.050332,0.812767,FakeWhatsApp.BR_2018,whatsapp,v1,True,False,2018-2022,desconhecido,True
16818,1,-1.178122,1.224639,2.402762,0.847451,FakeWhatsApp.BR_2018,whatsapp,v1,True,False,2018-2022,desconhecido,False
16817,1,-2.119388,2.304033,4.423421,0.958071,FakeWhatsApp.BR_2018,whatsapp,v1,True,False,2018-2022,desconhecido,False
16816,1,-1.889696,1.965608,3.855304,0.938851,FakeWhatsApp.BR_2018,whatsapp,v1,True,False,2018-2022,desconhecido,True
16815,0,-1.416421,1.546076,2.962497,0.891532,FakeWhatsApp.BR_2018,whatsapp,v1,True,False,2018-2022,desconhecido,False
16814,1,-2.065702,2.432249,4.497952,0.960117,FakeWhatsApp.BR_2018,whatsapp,v1,True,False,2018-2022,desconhecido,True
16813,0,-0.640993,0.703367,1.344360,0.725917,FakeWhatsApp.BR_2018,whatsapp,v1,True,False,2018-2022,desconhecido,False
16812,1,-0.119591,0.171892,0.291483,0.559006,FakeWhatsApp.BR_2018,whatsapp,v1,True,False,2018-2022,desconhecido,True
16843,0,1.439611,-1.829696,-3.269306,0.094923,FakeWhatsApp.BR_2018,whatsapp,v1,True,False,2018-2022,desconhecido,True
16842,1,-1.454963,1.741847,3.196810,0.906402,FakeWhatsApp.BR_2018,whatsapp,v1,True,False,2018-2022,desconhecido,True
16809,1,-2.307709,2.602176,4.909885,0.969805,FakeWhatsApp.BR_2018,whatsapp,v1,True,False,2018-2022,desconhecido,False
16808,0,0.908080,-0.994098,-1.902179,0.214477,FakeWhatsApp.BR_2018,whatsapp,v1,True,False,2018-2022,desconhecido,False
16807,0,-0.100573,0.227979,0.328552,0.565391,FakeWhatsApp.BR_2018,whatsapp,v1,True,False,2018-2022,desconhecido,False
16806,0,2.363931,-2.611945,-4.975875,0.030789,FakeWhatsApp.BR_2018,whatsapp,v1,True,False,2018-2022,desconhecido,True
16805,0,2.487520,-2.873134,-5.360655,0.023692,FakeWhatsApp.BR_2018,whatsapp,v1,True,False,2018-2022,desconhecido,True
16804,0,2.264722,-2.277829,-4.542551,0.041247,FakeWhatsApp.BR_2018,whatsapp,v1,True,False,2018-2022,desconhecido,False
16803,0,1.949456,-2.221891,-4.171348,0.052837,FakeWhatsApp.BR_2018,whatsapp,v1,True,False,2018-2022,desconhecido,True
16802,0,2.287666,-2.460802,-4.748468,0.035910,FakeWhatsApp.BR_2018,whatsapp,v1,True,False,2018-2022,desconhecido,True
16801,0,0.025313,-0.131158,-0.156471,0.480914,FakeWhatsApp.BR_2018,whatsapp,v1,True,False,2018-2022,desconhecido,True
16800,0,0.421833,-0.493706,-0.915539,0.352600,FakeWhatsApp.BR_2018,whatsapp,v1,True,False,2018-2022,desconhecido,True
16799,0,2.383894,-2.468037,-4.851931,0.033485,FakeWhatsApp.BR_2018,whatsapp,v1,True,False,2018-2022,desconhecido,True
16798,0,2.139674,-2.197626,-4.337300,0.047317,FakeWhatsApp.BR_2018,whatsapp,v1,True,False,2018-2022,desconhecido,True
16797,0,2.502100,-2.503674,-5.005774,0.030170,FakeWhatsApp.BR_2018,whatsapp,v1,True,False,2018-2022,desconhecido,False
16796,1,-0.308813,0.440702,0.749515,0.635918,FakeWhatsApp.BR_2018,whatsapp,v1,True,False,2018-2022,desconhecido,False
16827,1,-2.606234,2.950818,5.557053,0.980589,FakeWhatsApp.BR_2018,whatsapp,v1,True,False,2018-2022,desconhecido,False
16826,0,2.173856,-2.499805,-4.673661,0.037767,FakeWhatsApp.BR_2018,whatsapp,v1,True,False,2018-2022,desconhecido,True
16794,0,0.230523,-0.270461,-0.500983,0.421287,FakeWhatsApp.BR_2018,whatsapp,v1,True,False,2018-2022,desconhecido,True
16793,0,-0.017280,-0.096290,-0.079010,0.494458,FakeWhatsApp.BR_2018,whatsapp,v1,True,False,2018-2022,desconhecido,False
16792,1,1.174204,-1.237277,-2.411481,0.160489,FakeWhatsApp.BR_2018,whatsapp,v1,True,False,2018-2022,desconhecido,False
16791,1,-0.695531,0.862552,1.558083,0.754653,FakeWhatsApp.BR_2018,whatsapp,v1,True,False,2018-2022,desconhecido,True
16790,0,1.006323,-1.249493,-2.255816,0.175716,FakeWhatsApp.BR_2018,whatsapp,v1,True,False,2018-2022,desconhecido,True
16789,0,1.661220,-1.715273,-3.376492,0.088671,FakeWhatsApp.BR_2018,whatsapp,v1,True,False,2018-2022,desconhecido,True
16788,0,2.589200,-2.733141,-5.322342,0.024321,FakeWhatsApp.BR_2018,whatsapp,v1,True,False,2018-2022,desconhecido,True
16787,1,-2.341376,2.433473,4.774848,0.966911,FakeWhatsApp.BR_2018,whatsapp,v1,True,False,2018-2022,desconhecido,False
16786,1,0.496531,-0.663054,-1.159584,0.314659,FakeWhatsApp.BR_2018,whatsapp,v1,True,False,2018-2022,desconhecido,False
16785,1,-0.675488,0.969454,1.644942,0.765733,FakeWhatsApp.BR_2018,whatsapp,v1,True,False,2018-2022,desconhecido,True
16784,1,0.786083,-0.994768,-1.780851,0.229129,FakeWhatsApp.BR_2018,whatsapp,v1,True,False,2018-2022,desconhecido,True
16783,1,-2.335624,2.559359,4.894983,0.969498,FakeWhatsApp.BR_2018,whatsapp,v1,True,False,2018-2022,desconhecido,True
16782,0,2.627481,-2.766464,-5.393945,0.023159,FakeWhatsApp.BR_2018,whatsapp,v1,True,False,2018-2022,desconhecido,True
16781,0,2.521571,-2.668839,-5.190410,0.026610,FakeWhatsApp.BR_2018,whatsapp,v1,True,False,2018-2022,desconhecido,True
16780,0,2.234275,-2.396482,-4.630756,0.038873,FakeWhatsApp.BR_2018,whatsapp,v1,True,False,2018-2022,desconhecido,True
16811,1,-2.484536,2.721320,5.205856,0.975315,FakeWhatsApp.BR_2018,whatsapp,v1,True,False,2018-2022,desconhecido,True
16778,0,1.439641,-1.456132,-2.895773,0.119884,FakeWhatsApp.BR_2018,whatsapp,v1,True,False,2018-2022,desconhecido,False
16777,0,1.783345,-1.962380,-3.745725,0.069889,FakeWhatsApp.BR_2018,whatsapp,v1,True,False,2018-2022,desconhecido,False
16776,0,2.179154,-2.450903,-4.630057,0.038892,FakeWhatsApp.BR_2018,whatsapp,v1,True,False,2018-2022,desconhecido,True
16775,0,1.900607,-2.143803,-4.044410,0.057463,FakeWhatsApp.BR_2018,whatsapp,v1,True,False,2018-2022,desconhecido,True
16774,0,-0.653102,0.750652,1.403754,0.734109,FakeWhatsApp.BR_2018,whatsapp,v1,True,False,2018-2022,desconhecido,False
16773,0,1.217841,-1.259658,-2.477500,0.154361,FakeWhatsApp.BR_2018,whatsapp,v1,True,False,2018-2022,desconhecido,True
16772,0,2.185773,-2.439039,-4.624813,0.039029,FakeWhatsApp.BR_2018,whatsapp,v1,True,False,2018-2022,desconhecido,False
16771,0,0.726241,-0.880158,-1.606399,0.251404,FakeWhatsApp.BR_2018,whatsapp,v1,True,False,2018-2022,desconhecido,False
16770,0,0.518119,-0.699812,-1.217931,0.305920,FakeWhatsApp.BR_2018,whatsapp,v1,True,False,2018-2022,desconhecido,True
16769,0,2.425270,-2.590977,-5.016248,0.029957,FakeWhatsApp.BR_2018,whatsapp,v1,True,False,2018-2022,desconhecido,True
16768,0,2.252123,-2.579998,-4.832121,0.033937,FakeWhatsApp.BR_2018,whatsapp,v1,True,False,2018-2022,desconhecido,True
16767,0,1.983453,-2.098484,-4.081937,0.056057,FakeWhatsApp.BR_2018,whatsapp,v1,True,False,2018-2022,desconhecido,True
16766,1,-2.611936,2.787330,5.399266,0.978372,FakeWhatsApp.BR_2018,whatsapp,v1,True,False,2018-2022,desconhecido,True
16765,0,0.999219,-1.070624,-2.069843,0.195370,FakeWhatsApp.BR_2018,whatsapp,v1,True,False,2018-2022,desconhecido,False
16764,1,-1.553857,1.592887,3.146744,0.903387,FakeWhatsApp.BR_2018,whatsapp,v1,True,False,2018-2022,desconhecido,False
16795,0,2.252757,-2.683868,-4.936625,0.031619,FakeWhatsApp.BR_2018,whatsapp,v1,True,False,2018-2022,desconhecido,True
16762,1,-2.691673,2.951263,5.642937,0.981701,FakeWhatsApp.BR_2018,whatsapp,v1,True,False,2018-2022,desconhecido,False
16761,0,0.858640,-1.074513,-1.933153,0.210847,FakeWhatsApp.BR_2018,whatsapp,v1,True,False,2018-2022,desconhecido,True
16760,1,-2.603227,2.860524,5.463752,0.979307,FakeWhatsApp.BR_2018,whatsapp,v1,True,False,2018-2022,desconhecido,False
16759,0,2.746140,-3.026492,-5.772632,0.017864,FakeWhatsApp.BR_2018,whatsapp,v1,True,False,2018-2022,desconhecido,True
16758,0,2.540436,-2.787384,-5.327819,0.024230,FakeWhatsApp.BR_2018,whatsapp,v1,True,False,2018-2022,desconhecido,True
16757,1,-2.158727,2.253265,4.411992,0.957748,FakeWhatsApp.BR_2018,whatsapp,v1,True,False,2018-2022,desconhecido,False
16756,0,1.689088,-1.866630,-3.555718,0.079044,FakeWhatsApp.BR_2018,whatsapp,v1,True,False,2018-2022,desconhecido,True
16755,0,-0.172266,0.028748,0.201014,0.543344,FakeWhatsApp.BR_2018,whatsapp,v1,True,False,2018-2022,desconhecido,False
16754,0,-0.567169,0.565849,1.133018,0.695528,FakeWhatsApp.BR_2018,whatsapp,v1,True,False,2018-2022,desconhecido,True
16753,0,1.590308,-1.567448,-3.157756,0.101845,FakeWhatsApp.BR_2018,whatsapp,v1,True,False,2018-2022,desconhecido,True
16752,1,0.920029,-0.994026,-1.914055,0.213080,FakeWhatsApp.BR_2018,whatsapp,v1,True,False,2018-2022,desconhecido,True
16751,0,0.278808,-0.330232,-0.609040,0.402966,FakeWhatsApp.BR_2018,whatsapp,v1,True,False,2018-2022,desconhecido,True
16750,0,2.189319,-2.227662,-4.416981,0.044866,FakeWhatsApp.BR_2018,whatsapp,v1,True,False,2018-2022,desconhecido,False
16749,0,-0.191990,0.270502,0.462492,0.588269,FakeWhatsApp.BR_2018,whatsapp,v1,True,False,2018-2022,desconhecido,True
16748,1,-2.542575,2.630075,5.172650,0.974749,FakeWhatsApp.BR_2018,whatsapp,v1,True,False,2018-2022,desconhecido,True
16779,0,1.460019,-1.437345,-2.897364,0.119766,FakeWhatsApp.BR_2018,whatsapp,v1,True,False,2018-2022,desconhecido,True
16746,1,-2.561947,2.965030,5.526977,0.980185,FakeWhatsApp.BR_2018,whatsapp,v1,True,False,2018-2022,desconhecido,True
16745,1,-2.620657,2.816225,5.436882,0.978922,FakeWhatsApp.BR_2018,whatsapp,v1,True,False,2018-2022,desconhecido,False
16744,1,-2.214298,2.385578,4.599876,0.962761,FakeWhatsApp.BR_2018,whatsapp,v1,True,False,2018-2022,desconhecido,True
16743,1,-2.599351,2.874690,5.474041,0.979452,FakeWhatsApp.BR_2018,whatsapp,v1,True,False,2018-2022,desconhecido,False
16742,1,-2.774539,3.086642,5.861180,0.984252,FakeWhatsApp.BR_2018,whatsapp,v1,True,False,2018-2022,desconhecido,True
16741,1,-1.716405,1.943148,3.659554,0.930496,FakeWhatsApp.BR_2018,whatsapp,v1,True,False,2018-2022,desconhecido,True
16740,0,1.006081,-1.344200,-2.350280,0.166344,FakeWhatsApp.BR_2018,whatsapp,v1,True,False,2018-2022,desconhecido,True
16739,0,2.408777,-2.769799,-5.178576,0.026826,FakeWhatsApp.BR_2018,whatsapp,v1,True,False,2018-2022,desconhecido,True
16738,1,-2.148321,2.527095,4.675416,0.964610,FakeWhatsApp.BR_2018,whatsapp,v1,True,False,2018-2022,desconhecido,False
16737,0,1.626363,-1.996786,-3.623149,0.075676,FakeWhatsApp.BR_2018,whatsapp,v1,True,False,2018-2022,desconhecido,True
16736,1,-2.261287,2.485541,4.746828,0.966278,FakeWhatsApp.BR_2018,whatsapp,v1,True,False,2018-2022,desconhecido,False
16735,1,-2.246814,2.596263,4.843077,0.968405,FakeWhatsApp.BR_2018,whatsapp,v1,True,False,2018-2022,desconhecido,True
16734,0,1.323782,-1.659560,-2.983343,0.113566,FakeWhatsApp.BR_2018,whatsapp,v1,True,False,2018-2022,desconhecido,True
16733,0,2.035873,-2.028856,-4.064729,0.056698,FakeWhatsApp.BR_2018,whatsapp,v1,True,False,2018-2022,desconhecido,False
16732,0,1.801672,-2.116432,-3.918104,0.062443,FakeWhatsApp.BR_2018,whatsapp,v1,True,False,2018-2022,desconhecido,False
16763,1,-1.653125,1.774253,3.427378,0.919224,FakeWhatsApp.BR_2018,whatsapp,v1,True,False,2018-2022,desconhecido,True
16730,0,1.801672,-2.116432,-3.918104,0.062443,FakeWhatsApp.BR_2018,whatsapp,v1,True,False,2018-2022,desconhecido,False
16729,0,1.752894,-1.885354,-3.638247,0.074940,FakeWhatsApp.BR_2018,whatsapp,v1,True,False,2018-2022,desconhecido,False
16728,0,1.427947,-1.635018,-3.062964,0.108076,FakeWhatsApp.BR_2018,whatsapp,v1,True,False,2018-2022,desconhecido,True
16727,0,0.768044,-0.864499,-1.632543,0.247976,FakeWhatsApp.BR_2018,whatsapp,v1,True,False,2018-2022,desconhecido,False
16726,1,-2.622188,2.882286,5.504473,0.979877,FakeWhatsApp.BR_2018,whatsapp,v1,True,False,2018-2022,desconhecido,True
16725,0,0.628677,-0.751027,-1.379704,0.282421,FakeWhatsApp.BR_2018,whatsapp,v1,True,False,2018-2022,desconhecido,True
16724,0,2.332172,-2.765011,-5.097184,0.028354,FakeWhatsApp.BR_2018,whatsapp,v1,True,False,2018-2022,desconhecido,True
16723,0,1.881444,-2.161381,-4.042825,0.057523,FakeWhatsApp.BR_2018,whatsapp,v1,True,False,2018-2022,desconhecido,True
16722,0,0.018169,-0.187839,-0.206008,0.472266,FakeWhatsApp.BR_2018,whatsapp,v1,True,False,2018-2022,desconhecido,False
16721,0,2.178990,-2.461753,-4.640742,0.038613,FakeWhatsApp.BR_2018,whatsapp,v1,True,False,2018-2022,desconhecido,False
16720,1,-2.367464,2.656376,5.023839,0.972055,FakeWhatsApp.BR_2018,whatsapp,v1,True,False,2018-2022,desconhecido,False
16719,1,-0.172325,0.257715,0.430040,0.582757,FakeWhatsApp.BR_2018,whatsapp,v1,True,False,2018-2022,desconhecido,False
16718,0,2.294873,-2.591377,-4.886250,0.032717,FakeWhatsApp.BR_2018,whatsapp,v1,True,False,2018-2022,desconhecido,True
16717,0,2.113591,-2.190358,-4.303949,0.048380,FakeWhatsApp.BR_2018,whatsapp,v1,True,False,2018-2022,desconhecido,False
16716,0,2.668885,-2.987494,-5.656379,0.019349,FakeWhatsApp.BR_2018,whatsapp,v1,True,False,2018-2022,desconhecido,True
16747,1,-0.159138,0.298430,0.457568,0.587434,FakeWhatsApp.BR_2018,whatsapp,v1,True,False,2018-2022,desconhecido,False
16714,0,2.564150,-2.671063,-5.235213,0.025810,FakeWhatsApp.BR_2018,whatsapp,v1,True,False,2018-2022,desconhecido,True
16713,0,1.204894,-1.212061,-2.416955,0.159974,FakeWhatsApp.BR_2018,whatsapp,v1,True,False,2018-2022,desconhecido,False
16712,0,0.206316,-0.228079,-0.434394,0.432688,FakeWhatsApp.BR_2018,whatsapp,v1,True,False,2018-2022,desconhecido,True
16711,0,-0.197729,0.053669,0.251398,0.552079,FakeWhatsApp.BR_2018,whatsapp,v1,True,False,2018-2022,desconhecido,False
16710,1,-1.491536,1.755802,3.247338,0.909360,FakeWhatsApp.BR_2018,whatsapp,v1,True,False,2018-2022,desconhecido,True
16709,0,0.028954,0.225934,0.196980,0.542643,FakeWhatsApp.BR_2018,whatsapp,v1,True,False,2018-2022,desconhecido,False
16708,0,1.847632,-1.884291,-3.731923,0.070520,FakeWhatsApp.BR_2018,whatsapp,v1,True,False,2018-2022,desconhecido,False
16707,1,-2.251435,2.464588,4.716022,0.965568,FakeWhatsApp.BR_2018,whatsapp,v1,True,False,2018-2022,desconhecido,True
16706,0,2.141244,-2.322942,-4.464186,0.043471,FakeWhatsApp.BR_2018,whatsapp,v1,True,False,2018-2022,desconhecido,True
16705,0,0.856356,-1.034482,-1.890838,0.215817,FakeWhatsApp.BR_2018,whatsapp,v1,True,False,2018-2022,desconhecido,True
16704,0,0.306284,-0.338222,-0.644506,0.397009,FakeWhatsApp.BR_2018,whatsapp,v1,True,False,2018-2022,desconhecido,True
16703,0,1.835269,-2.127991,-3.963260,0.060618,FakeWhatsApp.BR_2018,whatsapp,v1,True,False,2018-2022,desconhecido,True
16702,1,-1.889696,1.965608,3.855304,0.938851,FakeWhatsApp.BR_2018,whatsapp,v1,True,False,2018-2022,desconhecido,True
16701,0,1.272126,-1.511242,-2.783368,0.128435,FakeWhatsApp.BR_2018,whatsapp,v1,True,False,2018-2022,desconhecido,True
16700,1,-1.520459,1.721729,3.242188,0.909062,FakeWhatsApp.BR_2018,whatsapp,v1,True,False,2018-2022,desconhecido,True
16731,0,1.920644,-2.061686,-3.982330,0.059862,FakeWhatsApp.BR_2018,whatsapp,v1,True,False,2018-2022,desconhecido,True
16698,1,-1.993477,2.155380,4.148856,0.949635,FakeWhatsApp.BR_2018,whatsapp,v1,True,False,2018-2022,desconhecido,False
16697,0,-0.244682,0.306435,0.551116,0.603205,FakeWhatsApp.BR_2018,whatsapp,v1,True,False,2018-2022,desconhecido,True
16696,1,-1.403413,1.519157,2.922570,0.888800,FakeWhatsApp.BR_2018,whatsapp,v1,True,False,2018-2022,desconhecido,True
16695,1,-1.754916,2.088569,3.843485,0.938374,FakeWhatsApp.BR_2018,whatsapp,v1,True,False,2018-2022,desconhecido,True
16694,1,-1.293366,1.344324,2.637690,0.867515,FakeWhatsApp.BR_2018,whatsapp,v1,True,False,2018-2022,desconhecido,True
16693,0,2.580684,-2.679474,-5.260159,0.025375,FakeWhatsApp.BR_2018,whatsapp,v1,True,False,2018-2022,desconhecido,False
16692,0,0.530470,-0.638406,-1.168876,0.313258,FakeWhatsApp.BR_2018,whatsapp,v1,True,False,2018-2022,desconhecido,True
16691,0,2.261913,-2.266644,-4.528556,0.041636,FakeWhatsApp.BR_2018,whatsapp,v1,True,False,2018-2022,desconhecido,False
14159,0,-0.089576,0.176761,0.266337,0.554663,FakeWhatsApp.BR_2018,whatsapp,v1,True,False,2018-2022,desconhecido,True
16689,0,2.401483,-2.734182,-5.135665,0.027621,FakeWhatsApp.BR_2018,whatsapp,v1,True,False,2018-2022,desconhecido,True
16688,0,1.725840,-1.919369,-3.645209,0.074603,FakeWhatsApp.BR_2018,whatsapp,v1,True,False,2018-2022,desconhecido,True
16687,0,1.768682,-2.096555,-3.865236,0.064644,FakeWhatsApp.BR_2018,whatsapp,v1,True,False,2018-2022,desconhecido,True
16686,1,-1.504102,1.783249,3.287351,0.911641,FakeWhatsApp.BR_2018,whatsapp,v1,True,False,2018-2022,desconhecido,True
16685,1,0.075079,-0.043700,-0.118779,0.487502,FakeWhatsApp.BR_2018,whatsapp,v1,True,False,2018-2022,desconhecido,False
16684,0,1.040598,-1.259638,-2.300236,0.171258,FakeWhatsApp.BR_2018,whatsapp,v1,True,False,2018-2022,desconhecido,True
16715,1,-1.863499,2.115165,3.978664,0.943623,FakeWhatsApp.BR_2018,whatsapp,v1,True,False,2018-2022,desconhecido,True
16682,0,1.603017,-1.842915,-3.445932,0.084821,FakeWhatsApp.BR_2018,whatsapp,v1,True,False,2018-2022,desconhecido,True
16681,1,-0.618298,0.743851,1.362149,0.728387,FakeWhatsApp.BR_2018,whatsapp,v1,True,False,2018-2022,desconhecido,False
16680,1,-0.686504,1.005734,1.692238,0.771619,FakeWhatsApp.BR_2018,whatsapp,v1,True,False,2018-2022,desconhecido,False
16679,1,-1.799198,2.046992,3.846189,0.938483,FakeWhatsApp.BR_2018,whatsapp,v1,True,False,2018-2022,desconhecido,False
16678,1,-2.775663,3.017539,5.793202,0.983498,FakeWhatsApp.BR_2018,whatsapp,v1,True,False,2018-2022,desconhecido,True
16677,0,0.628926,-0.803904,-1.432830,0.274947,FakeWhatsApp.BR_2018,whatsapp,v1,True,False,2018-2022,desconhecido,True
16676,0,-0.590923,0.588160,1.179082,0.702312,FakeWhatsApp.BR_2018,whatsapp,v1,True,False,2018-2022,desconhecido,True
16675,1,-2.222695,2.430821,4.653516,0.964083,FakeWhatsApp.BR_2018,whatsapp,v1,True,False,2018-2022,desconhecido,False
16674,1,-1.135683,1.265744,2.401427,0.847330,FakeWhatsApp.BR_2018,whatsapp,v1,True,False,2018-2022,desconhecido,True
16673,0,-0.498688,0.582942,1.081630,0.687859,FakeWhatsApp.BR_2018,whatsapp,v1,True,False,2018-2022,desconhecido,False
16672,1,-2.061471,2.358487,4.419958,0.957974,FakeWhatsApp.BR_2018,whatsapp,v1,True,False,2018-2022,desconhecido,False
16671,0,0.394188,-0.540435,-0.934623,0.349557,FakeWhatsApp.BR_2018,whatsapp,v1,True,False,2018-2022,desconhecido,False
16670,1,-2.183914,2.409650,4.593564,0.962602,FakeWhatsApp.BR_2018,whatsapp,v1,True,False,2018-2022,desconhecido,True
16669,0,1.240646,-1.469494,-2.710140,0.134282,FakeWhatsApp.BR_2018,whatsapp,v1,True,False,2018-2022,desconhecido,True
16668,0,0.350465,-0.074374,-0.424839,0.434331,FakeWhatsApp.BR_2018,whatsapp,v1,True,False,2018-2022,desconhecido,True
16699,0,0.837990,-1.098262,-1.936252,0.210487,FakeWhatsApp.BR_2018,whatsapp,v1,True,False,2018-2022,desconhecido,False
16666,1,-2.659694,2.972632,5.632327,0.981567,FakeWhatsApp.BR_2018,whatsapp,v1,True,False,2018-2022,desconhecido,False
16665,1,-1.115138,1.112138,2.227276,0.830887,FakeWhatsApp.BR_2018,whatsapp,v1,True,False,2018-2022,desconhecido,True
16664,1,-2.434449,2.691455,5.125904,0.973931,FakeWhatsApp.BR_2018,whatsapp,v1,True,False,2018-2022,desconhecido,True
16663,1,-2.121871,2.307650,4.429521,0.958242,FakeWhatsApp.BR_2018,whatsapp,v1,True,False,2018-2022,desconhecido,True
16662,0,2.395544,-2.823838,-5.219382,0.026090,FakeWhatsApp.BR_2018,whatsapp,v1,True,False,2018-2022,desconhecido,False
16661,1,-1.695733,1.729779,3.425513,0.919127,FakeWhatsApp.BR_2018,whatsapp,v1,True,False,2018-2022,desconhecido,True
16660,0,1.450686,-1.724918,-3.175605,0.100708,FakeWhatsApp.BR_2018,whatsapp,v1,True,False,2018-2022,desconhecido,True
16659,1,-2.216921,2.411151,4.628072,0.963462,FakeWhatsApp.BR_2018,whatsapp,v1,True,False,2018-2022,desconhecido,True
16658,1,-2.249080,2.537487,4.786566,0.967172,FakeWhatsApp.BR_2018,whatsapp,v1,True,False,2018-2022,desconhecido,True
16657,0,2.052825,-2.376697,-4.429522,0.044491,FakeWhatsApp.BR_2018,whatsapp,v1,True,False,2018-2022,desconhecido,True
16656,1,0.405793,-0.621525,-1.027318,0.334955,FakeWhatsApp.BR_2018,whatsapp,v1,True,False,2018-2022,desconhecido,True
16655,1,-2.581308,2.856052,5.437361,0.978929,FakeWhatsApp.BR_2018,whatsapp,v1,True,False,2018-2022,desconhecido,True
16654,1,-2.851378,3.097896,5.949274,0.985180,FakeWhatsApp.BR_2018,whatsapp,v1,True,False,2018-2022,desconhecido,True
16653,0,1.797045,-1.992604,-3.789649,0.067917,FakeWhatsApp.BR_2018,whatsapp,v1,True,False,2018-2022,desconhecido,False
16652,1,-0.334265,0.394813,0.729078,0.632600,FakeWhatsApp.BR_2018,whatsapp,v1,True,False,2018-2022,desconhecido,True
16683,0,-0.346659,0.302359,0.649019,0.619483,FakeWhatsApp.BR_2018,whatsapp,v1,True,False,2018-2022,desconhecido,False
16650,0,2.573964,-2.758819,-5.332784,0.024148,FakeWhatsApp.BR_2018,whatsapp,v1,True,False,2018-2022,desconhecido,True
16649,0,2.399009,-2.528257,-4.927266,0.031820,FakeWhatsApp.BR_2018,whatsapp,v1,True,False,2018-2022,desconhecido,False
16648,0,-0.209174,0.254212,0.463386,0.588420,FakeWhatsApp.BR_2018,whatsapp,v1,True,False,2018-2022,desconhecido,True
16647,0,-2.288399,2.621141,4.909541,0.969798,FakeWhatsApp.BR_2018,whatsapp,v1,True,False,2018-2022,desconhecido,True
16646,1,-1.797745,2.099821,3.897566,0.940527,FakeWhatsApp.BR_2018,whatsapp,v1,True,False,2018-2022,desconhecido,True
16645,1,-1.670482,1.869573,3.540054,0.924889,FakeWhatsApp.BR_2018,whatsapp,v1,True,False,2018-2022,desconhecido,True
16644,1,-2.150854,2.417562,4.568416,0.961963,FakeWhatsApp.BR_2018,whatsapp,v1,True,False,2018-2022,desconhecido,True
16643,1,-1.731179,1.968841,3.700020,0.932306,FakeWhatsApp.BR_2018,whatsapp,v1,True,False,2018-2022,desconhecido,True
16642,0,0.744845,-0.884873,-1.629719,0.248344,FakeWhatsApp.BR_2018,whatsapp,v1,True,False,2018-2022,desconhecido,False
16641,1,-1.162926,1.296293,2.459219,0.852489,FakeWhatsApp.BR_2018,whatsapp,v1,True,False,2018-2022,desconhecido,True
16640,0,2.653231,-2.614053,-5.267283,0.025252,FakeWhatsApp.BR_2018,whatsapp,v1,True,False,2018-2022,desconhecido,True
16639,1,-1.811386,2.088139,3.899524,0.940603,FakeWhatsApp.BR_2018,whatsapp,v1,True,False,2018-2022,desconhecido,True
16638,1,-0.582524,0.858133,1.440657,0.739120,FakeWhatsApp.BR_2018,whatsapp,v1,True,False,2018-2022,desconhecido,True
16637,0,2.764836,-3.167943,-5.932778,0.016000,FakeWhatsApp.BR_2018,whatsapp,v1,True,False,2018-2022,desconhecido,False
16636,1,-2.506877,2.786418,5.293295,0.976746,FakeWhatsApp.BR_2018,whatsapp,v1,True,False,2018-2022,desconhecido,True
16667,1,-0.364472,0.340115,0.704588,0.628607,FakeWhatsApp.BR_2018,whatsapp,v1,True,False,2018-2022,desconhecido,True
16634,1,-2.236217,2.409574,4.645792,0.963896,FakeWhatsApp.BR_2018,whatsapp,v1,True,False,2018-2022,desconhecido,True
16633,1,-1.238828,1.250005,2.488833,0.855077,FakeWhatsApp.BR_2018,whatsapp,v1,True,False,2018-2022,desconhecido,False
16632,0,-1.606551,1.871294,3.477844,0.921808,FakeWhatsApp.BR_2018,whatsapp,v1,True,False,2018-2022,desconhecido,True
16631,0,0.152105,-0.050699,-0.202803,0.472825,FakeWhatsApp.BR_2018,whatsapp,v1,True,False,2018-2022,desconhecido,True
16630,0,0.333828,-0.538804,-0.872632,0.359485,FakeWhatsApp.BR_2018,whatsapp,v1,True,False,2018-2022,desconhecido,True
16629,1,-0.632134,0.781703,1.413837,0.735484,FakeWhatsApp.BR_2018,whatsapp,v1,True,False,2018-2022,desconhecido,True
16628,0,2.134566,-2.198330,-4.332896,0.047456,FakeWhatsApp.BR_2018,whatsapp,v1,True,False,2018-2022,desconhecido,True
16627,1,-0.647382,0.947812,1.595194,0.759430,FakeWhatsApp.BR_2018,whatsapp,v1,True,False,2018-2022,desconhecido,True
16626,0,0.891668,-0.956802,-1.848470,0.220878,FakeWhatsApp.BR_2018,whatsapp,v1,True,False,2018-2022,desconhecido,True
16625,0,0.788014,-1.130008,-1.918022,0.212615,FakeWhatsApp.BR_2018,whatsapp,v1,True,False,2018-2022,desconhecido,True
16624,1,-2.446347,2.820639,5.266986,0.976324,FakeWhatsApp.BR_2018,whatsapp,v1,True,False,2018-2022,desconhecido,True
16623,0,-0.303699,0.221536,0.525235,0.598862,FakeWhatsApp.BR_2018,whatsapp,v1,True,False,2018-2022,desconhecido,True
16622,0,1.304838,-1.553912,-2.858749,0.122645,FakeWhatsApp.BR_2018,whatsapp,v1,True,False,2018-2022,desconhecido,True
16621,0,-0.080900,0.054532,0.135431,0.531935,FakeWhatsApp.BR_2018,whatsapp,v1,True,False,2018-2022,desconhecido,False
16620,1,-0.657726,0.750242,1.407968,0.734685,FakeWhatsApp.BR_2018,whatsapp,v1,True,False,2018-2022,desconhecido,False
16651,1,-2.213903,2.319325,4.533228,0.961052,FakeWhatsApp.BR_2018,whatsapp,v1,True,False,2018-2022,desconhecido,True
16618,0,2.729870,-3.086159,-5.816029,0.017339,FakeWhatsApp.BR_2018,whatsapp,v1,True,False,2018-2022,desconhecido,True
16617,0,2.706367,-3.002475,-5.708842,0.018664,FakeWhatsApp.BR_2018,whatsapp,v1,True,False,2018-2022,desconhecido,False
16616,0,0.801333,-1.032342,-1.833674,0.222665,FakeWhatsApp.BR_2018,whatsapp,v1,True,False,2018-2022,desconhecido,True
16615,0,0.743060,-0.861480,-1.604540,0.251648,FakeWhatsApp.BR_2018,whatsapp,v1,True,False,2018-2022,desconhecido,True
16614,0,-0.143275,0.225667,0.368942,0.572324,FakeWhatsApp.BR_2018,whatsapp,v1,True,False,2018-2022,desconhecido,True
16613,0,1.069119,-1.193496,-2.262614,0.175028,FakeWhatsApp.BR_2018,whatsapp,v1,True,False,2018-2022,desconhecido,True
16612,0,2.147934,-2.593201,-4.741135,0.036088,FakeWhatsApp.BR_2018,whatsapp,v1,True,False,2018-2022,desconhecido,True
16611,0,2.129458,-2.249064,-4.378522,0.046033,FakeWhatsApp.BR_2018,whatsapp,v1,True,False,2018-2022,desconhecido,True
16610,0,0.389680,-0.508881,-0.898561,0.355317,FakeWhatsApp.BR_2018,whatsapp,v1,True,False,2018-2022,desconhecido,False
16609,1,-1.996513,2.151326,4.147839,0.949601,FakeWhatsApp.BR_2018,whatsapp,v1,True,False,2018-2022,desconhecido,True
16608,0,1.333592,-1.508642,-2.842235,0.123894,FakeWhatsApp.BR_2018,whatsapp,v1,True,False,2018-2022,desconhecido,True
16607,0,2.387699,-2.610576,-4.998276,0.030324,FakeWhatsApp.BR_2018,whatsapp,v1,True,False,2018-2022,desconhecido,True
16606,1,-0.822315,0.906017,1.728331,0.776040,FakeWhatsApp.BR_2018,whatsapp,v1,True,False,2018-2022,desconhecido,False
16605,1,-0.675422,0.521190,1.196612,0.704870,FakeWhatsApp.BR_2018,whatsapp,v1,True,False,2018-2022,desconhecido,True
16604,1,-2.604578,2.912441,5.517019,0.980049,FakeWhatsApp.BR_2018,whatsapp,v1,True,False,2018-2022,desconhecido,True
16635,1,-0.185139,0.499963,0.685102,0.625418,FakeWhatsApp.BR_2018,whatsapp,v1,True,False,2018-2022,desconhecido,False
16602,1,-1.727502,1.886321,3.613823,0.928398,FakeWhatsApp.BR_2018,whatsapp,v1,True,False,2018-2022,desconhecido,False
16601,0,-2.040137,2.118214,4.158351,0.949952,FakeWhatsApp.BR_2018,whatsapp,v1,True,False,2018-2022,desconhecido,True
16600,1,-0.163689,0.008828,0.172518,0.538391,FakeWhatsApp.BR_2018,whatsapp,v1,True,False,2018-2022,desconhecido,True
16599,1,-1.678701,1.973001,3.651701,0.930140,FakeWhatsApp.BR_2018,whatsapp,v1,True,False,2018-2022,desconhecido,True
16598,0,1.929647,-2.106027,-4.035674,0.057795,FakeWhatsApp.BR_2018,whatsapp,v1,True,False,2018-2022,desconhecido,True
16597,0,0.579336,-0.663975,-1.243311,0.302161,FakeWhatsApp.BR_2018,whatsapp,v1,True,False,2018-2022,desconhecido,True
16596,0,2.172330,-2.245646,-4.417976,0.044836,FakeWhatsApp.BR_2018,whatsapp,v1,True,False,2018-2022,desconhecido,True
16595,1,-1.978035,2.294804,4.272839,0.953627,FakeWhatsApp.BR_2018,whatsapp,v1,True,False,2018-2022,desconhecido,True
16594,1,-1.130234,1.246436,2.376670,0.845075,FakeWhatsApp.BR_2018,whatsapp,v1,True,False,2018-2022,desconhecido,True
16593,0,0.176168,-0.349644,-0.525812,0.417056,FakeWhatsApp.BR_2018,whatsapp,v1,True,False,2018-2022,desconhecido,True
16592,0,-1.009713,1.200691,2.210404,0.829222,FakeWhatsApp.BR_2018,whatsapp,v1,True,False,2018-2022,desconhecido,False
16591,1,-1.471079,1.789670,3.260750,0.910130,FakeWhatsApp.BR_2018,whatsapp,v1,True,False,2018-2022,desconhecido,True
16590,0,0.745196,-0.930893,-1.676090,0.242336,FakeWhatsApp.BR_2018,whatsapp,v1,True,False,2018-2022,desconhecido,True
16589,1,-1.448752,1.703555,3.152307,0.903726,FakeWhatsApp.BR_2018,whatsapp,v1,True,False,2018-2022,desconhecido,False
16588,1,-2.076950,2.229792,4.306742,0.954665,FakeWhatsApp.BR_2018,whatsapp,v1,True,False,2018-2022,desconhecido,True
16619,0,1.970788,-2.074774,-4.045561,0.057420,FakeWhatsApp.BR_2018,whatsapp,v1,True,False,2018-2022,desconhecido,True
16586,1,-1.222317,1.275997,2.498314,0.855897,FakeWhatsApp.BR_2018,whatsapp,v1,True,False,2018-2022,desconhecido,True
16585,0,0.555386,-0.566837,-1.122223,0.320325,FakeWhatsApp.BR_2018,whatsapp,v1,True,False,2018-2022,desconhecido,False
16584,1,1.688254,-1.859726,-3.547981,0.079439,FakeWhatsApp.BR_2018,whatsapp,v1,True,False,2018-2022,desconhecido,False
16583,1,-0.489920,0.389617,0.879537,0.656715,FakeWhatsApp.BR_2018,whatsapp,v1,True,False,2018-2022,desconhecido,True
16582,1,-1.600137,1.859924,3.460062,0.920906,FakeWhatsApp.BR_2018,whatsapp,v1,True,False,2018-2022,desconhecido,True
16581,0,0.030359,0.052906,0.022547,0.512225,FakeWhatsApp.BR_2018,whatsapp,v1,True,False,2018-2022,desconhecido,False
16580,0,2.764836,-3.167943,-5.932778,0.016000,FakeWhatsApp.BR_2018,whatsapp,v1,True,False,2018-2022,desconhecido,False
16579,0,1.020427,-1.157218,-2.177644,0.183781,FakeWhatsApp.BR_2018,whatsapp,v1,True,False,2018-2022,desconhecido,True
16578,1,-2.366047,2.490845,4.856893,0.968699,FakeWhatsApp.BR_2018,whatsapp,v1,True,False,2018-2022,desconhecido,True
16577,0,-0.076159,0.069640,0.145799,0.533741,FakeWhatsApp.BR_2018,whatsapp,v1,True,False,2018-2022,desconhecido,True
16576,0,-0.323951,0.555992,0.879943,0.656779,FakeWhatsApp.BR_2018,whatsapp,v1,True,False,2018-2022,desconhecido,True
16575,1,-2.409801,2.670859,5.080661,0.973115,FakeWhatsApp.BR_2018,whatsapp,v1,True,False,2018-2022,desconhecido,False
16574,0,1.600173,-1.659496,-3.259669,0.095504,FakeWhatsApp.BR_2018,whatsapp,v1,True,False,2018-2022,desconhecido,True
16573,0,2.348717,-2.666230,-5.014947,0.029983,FakeWhatsApp.BR_2018,whatsapp,v1,True,False,2018-2022,desconhecido,True
16572,0,-0.216791,0.133088,0.349879,0.569055,FakeWhatsApp.BR_2018,whatsapp,v1,True,False,2018-2022,desconhecido,True
16603,0,-1.895073,2.195427,4.090500,0.947645,FakeWhatsApp.BR_2018,whatsapp,v1,True,False,2018-2022,desconhecido,True
16570,0,-1.089067,1.057175,2.146241,0.822768,FakeWhatsApp.BR_2018,whatsapp,v1,True,False,2018-2022,desconhecido,False
16569,1,-3.109222,3.391627,6.500849,0.989878,FakeWhatsApp.BR_2018,whatsapp,v1,True,False,2018-2022,desconhecido,True
16568,1,-1.618193,1.732623,3.350816,0.915154,FakeWhatsApp.BR_2018,whatsapp,v1,True,False,2018-2022,desconhecido,True
16567,0,1.749317,-1.874153,-3.623470,0.075660,FakeWhatsApp.BR_2018,whatsapp,v1,True,False,2018-2022,desconhecido,True
16566,1,1.123937,-1.377700,-2.501638,0.152169,FakeWhatsApp.BR_2018,whatsapp,v1,True,False,2018-2022,desconhecido,True
16565,1,-1.653652,1.541380,3.195033,0.906297,FakeWhatsApp.BR_2018,whatsapp,v1,True,False,2018-2022,desconhecido,True
16564,0,0.238830,-0.350262,-0.589091,0.406330,FakeWhatsApp.BR_2018,whatsapp,v1,True,False,2018-2022,desconhecido,False
16563,1,-2.002003,2.226321,4.228323,0.952230,FakeWhatsApp.BR_2018,whatsapp,v1,True,False,2018-2022,desconhecido,True
16562,1,-2.094366,2.338177,4.432544,0.958327,FakeWhatsApp.BR_2018,whatsapp,v1,True,False,2018-2022,desconhecido,False
16561,1,0.727931,-0.868560,-1.596492,0.252711,FakeWhatsApp.BR_2018,whatsapp,v1,True,False,2018-2022,desconhecido,True
16560,1,-1.383568,1.489571,2.873139,0.885335,FakeWhatsApp.BR_2018,whatsapp,v1,True,False,2018-2022,desconhecido,True
16559,1,-2.280158,2.550921,4.831079,0.968147,FakeWhatsApp.BR_2018,whatsapp,v1,True,False,2018-2022,desconhecido,True
16558,0,-0.277372,0.215835,0.493207,0.593465,FakeWhatsApp.BR_2018,whatsapp,v1,True,False,2018-2022,desconhecido,True
16557,0,0.083277,-0.003497,-0.086774,0.493100,FakeWhatsApp.BR_2018,whatsapp,v1,True,False,2018-2022,desconhecido,True
16556,1,-2.008962,2.185932,4.194895,0.951154,FakeWhatsApp.BR_2018,whatsapp,v1,True,False,2018-2022,desconhecido,True
16587,0,0.925561,-1.098266,-2.023826,0.200482,FakeWhatsApp.BR_2018,whatsapp,v1,True,False,2018-2022,desconhecido,False
16554,1,-2.414357,2.692680,5.107037,0.973594,FakeWhatsApp.BR_2018,whatsapp,v1,True,False,2018-2022,desconhecido,True
16553,1,-2.759912,2.947777,5.707689,0.982498,FakeWhatsApp.BR_2018,whatsapp,v1,True,False,2018-2022,desconhecido,True
16552,1,-1.398398,1.538153,2.936552,0.889764,FakeWhatsApp.BR_2018,whatsapp,v1,True,False,2018-2022,desconhecido,True
16551,1,-2.036599,2.202728,4.239326,0.952579,FakeWhatsApp.BR_2018,whatsapp,v1,True,False,2018-2022,desconhecido,True
16550,1,-0.708171,0.699873,1.408044,0.734695,FakeWhatsApp.BR_2018,whatsapp,v1,True,False,2018-2022,desconhecido,True
16549,0,1.309901,-1.669118,-2.979019,0.113871,FakeWhatsApp.BR_2018,whatsapp,v1,True,False,2018-2022,desconhecido,True
16548,1,-1.661862,1.874190,3.536052,0.924694,FakeWhatsApp.BR_2018,whatsapp,v1,True,False,2018-2022,desconhecido,False
16547,0,0.838659,-1.109872,-1.948531,0.209062,FakeWhatsApp.BR_2018,whatsapp,v1,True,False,2018-2022,desconhecido,True
16546,1,-1.357633,1.511843,2.869476,0.885074,FakeWhatsApp.BR_2018,whatsapp,v1,True,False,2018-2022,desconhecido,True
16545,0,-0.567169,0.590743,1.157912,0.699205,FakeWhatsApp.BR_2018,whatsapp,v1,True,False,2018-2022,desconhecido,False
16544,0,-0.495313,0.575704,1.071017,0.686262,FakeWhatsApp.BR_2018,whatsapp,v1,True,False,2018-2022,desconhecido,True
16543,1,-1.862217,1.841747,3.703964,0.932480,FakeWhatsApp.BR_2018,whatsapp,v1,True,False,2018-2022,desconhecido,True
16542,1,-2.261998,2.557004,4.819001,0.967885,FakeWhatsApp.BR_2018,whatsapp,v1,True,False,2018-2022,desconhecido,False
16541,1,-2.023608,2.270006,4.293614,0.954266,FakeWhatsApp.BR_2018,whatsapp,v1,True,False,2018-2022,desconhecido,True
16540,0,-0.686045,0.799148,1.485193,0.745085,FakeWhatsApp.BR_2018,whatsapp,v1,True,False,2018-2022,desconhecido,False
16571,1,-1.170422,1.233236,2.403657,0.847532,FakeWhatsApp.BR_2018,whatsapp,v1,True,False,2018-2022,desconhecido,True
16538,0,0.644775,-0.738991,-1.383766,0.281845,FakeWhatsApp.BR_2018,whatsapp,v1,True,False,2018-2022,desconhecido,False
16537,1,-2.523442,2.795478,5.318920,0.977150,FakeWhatsApp.BR_2018,whatsapp,v1,True,False,2018-2022,desconhecido,True
16536,1,-1.292487,1.201211,2.493698,0.855498,FakeWhatsApp.BR_2018,whatsapp,v1,True,False,2018-2022,desconhecido,False
16535,1,-1.061910,1.201016,2.262927,0.834364,FakeWhatsApp.BR_2018,whatsapp,v1,True,False,2018-2022,desconhecido,False
16534,0,2.193102,-2.374522,-4.567624,0.040558,FakeWhatsApp.BR_2018,whatsapp,v1,True,False,2018-2022,desconhecido,True
16533,1,-2.546292,2.853209,5.399501,0.978376,FakeWhatsApp.BR_2018,whatsapp,v1,True,False,2018-2022,desconhecido,True
16532,1,-1.622782,1.713163,3.335945,0.914343,FakeWhatsApp.BR_2018,whatsapp,v1,True,False,2018-2022,desconhecido,True
16531,1,-1.980276,2.149908,4.130185,0.949006,FakeWhatsApp.BR_2018,whatsapp,v1,True,False,2018-2022,desconhecido,True
16530,0,1.821137,-1.960226,-3.781363,0.068285,FakeWhatsApp.BR_2018,whatsapp,v1,True,False,2018-2022,desconhecido,False
16529,0,1.616909,-1.619138,-3.236047,0.096941,FakeWhatsApp.BR_2018,whatsapp,v1,True,False,2018-2022,desconhecido,True
16528,0,1.962059,-2.100981,-4.063040,0.056761,FakeWhatsApp.BR_2018,whatsapp,v1,True,False,2018-2022,desconhecido,False
16527,0,2.502546,-2.658842,-5.161388,0.027142,FakeWhatsApp.BR_2018,whatsapp,v1,True,False,2018-2022,desconhecido,True
16526,1,0.393976,-0.522713,-0.916689,0.352416,FakeWhatsApp.BR_2018,whatsapp,v1,True,False,2018-2022,desconhecido,True
16525,0,0.951260,-1.139777,-2.091037,0.193048,FakeWhatsApp.BR_2018,whatsapp,v1,True,False,2018-2022,desconhecido,True
16524,0,-0.139044,0.066911,0.205955,0.544202,FakeWhatsApp.BR_2018,whatsapp,v1,True,False,2018-2022,desconhecido,True
16555,1,-2.301399,2.587601,4.889000,0.969374,FakeWhatsApp.BR_2018,whatsapp,v1,True,False,2018-2022,desconhecido,True
16522,1,0.508023,-0.521719,-1.029742,0.334577,FakeWhatsApp.BR_2018,whatsapp,v1,True,False,2018-2022,desconhecido,False
16521,0,1.969235,-2.094952,-4.064187,0.056718,FakeWhatsApp.BR_2018,whatsapp,v1,True,False,2018-2022,desconhecido,False
16520,0,2.512093,-2.678578,-5.190670,0.026606,FakeWhatsApp.BR_2018,whatsapp,v1,True,False,2018-2022,desconhecido,False
16519,0,1.609851,-1.858982,-3.468833,0.083585,FakeWhatsApp.BR_2018,whatsapp,v1,True,False,2018-2022,desconhecido,False
16518,0,0.628007,-0.795348,-1.423355,0.276271,FakeWhatsApp.BR_2018,whatsapp,v1,True,False,2018-2022,desconhecido,False
16517,1,0.372502,-0.503514,-0.876016,0.358940,FakeWhatsApp.BR_2018,whatsapp,v1,True,False,2018-2022,desconhecido,False
16516,0,2.365933,-2.639632,-5.005565,0.030175,FakeWhatsApp.BR_2018,whatsapp,v1,True,False,2018-2022,desconhecido,True
16515,0,2.166614,-2.427805,-4.594419,0.039835,FakeWhatsApp.BR_2018,whatsapp,v1,True,False,2018-2022,desconhecido,True
16514,0,2.424058,-2.731874,-5.155931,0.027243,FakeWhatsApp.BR_2018,whatsapp,v1,True,False,2018-2022,desconhecido,False
16513,0,1.615185,-1.969147,-3.584332,0.077598,FakeWhatsApp.BR_2018,whatsapp,v1,True,False,2018-2022,desconhecido,True
16512,0,0.838617,-1.015219,-1.853836,0.220232,FakeWhatsApp.BR_2018,whatsapp,v1,True,False,2018-2022,desconhecido,False
16511,1,-2.681809,2.966941,5.648750,0.981774,FakeWhatsApp.BR_2018,whatsapp,v1,True,False,2018-2022,desconhecido,True
16510,1,-0.621456,0.612264,1.233720,0.710244,FakeWhatsApp.BR_2018,whatsapp,v1,True,False,2018-2022,desconhecido,True
16509,1,-2.031936,2.136732,4.168668,0.950294,FakeWhatsApp.BR_2018,whatsapp,v1,True,False,2018-2022,desconhecido,True
16508,1,-0.299987,0.277789,0.577776,0.607662,FakeWhatsApp.BR_2018,whatsapp,v1,True,False,2018-2022,desconhecido,True
16539,1,-1.461483,1.634222,3.095705,0.900224,FakeWhatsApp.BR_2018,whatsapp,v1,True,False,2018-2022,desconhecido,True
16506,1,-1.694914,1.866118,3.561033,0.925902,FakeWhatsApp.BR_2018,whatsapp,v1,True,False,2018-2022,desconhecido,True
16505,1,-1.895195,1.846843,3.742038,0.934138,FakeWhatsApp.BR_2018,whatsapp,v1,True,False,2018-2022,desconhecido,True
16504,0,0.541608,-0.818587,-1.360195,0.285196,FakeWhatsApp.BR_2018,whatsapp,v1,True,False,2018-2022,desconhecido,True
16503,0,-2.274741,2.596049,4.870790,0.968993,FakeWhatsApp.BR_2018,whatsapp,v1,True,False,2018-2022,desconhecido,False
16502,1,-0.683239,0.989057,1.672296,0.769150,FakeWhatsApp.BR_2018,whatsapp,v1,True,False,2018-2022,desconhecido,True
16501,0,1.865789,-2.092681,-3.958470,0.060809,FakeWhatsApp.BR_2018,whatsapp,v1,True,False,2018-2022,desconhecido,True
16500,1,-1.631416,1.754711,3.386127,0.917054,FakeWhatsApp.BR_2018,whatsapp,v1,True,False,2018-2022,desconhecido,True
16499,1,-0.884569,0.964540,1.849109,0.790387,FakeWhatsApp.BR_2018,whatsapp,v1,True,False,2018-2022,desconhecido,True
16498,1,-2.399993,2.575548,4.975541,0.971122,FakeWhatsApp.BR_2018,whatsapp,v1,True,False,2018-2022,desconhecido,True
16497,1,-0.539049,0.458187,0.997236,0.675039,FakeWhatsApp.BR_2018,whatsapp,v1,True,False,2018-2022,desconhecido,True
16496,0,2.590184,-2.767831,-5.358015,0.023735,FakeWhatsApp.BR_2018,whatsapp,v1,True,False,2018-2022,desconhecido,True
16495,1,-0.067430,-0.066454,0.000976,0.508452,FakeWhatsApp.BR_2018,whatsapp,v1,True,False,2018-2022,desconhecido,True
16494,0,0.801834,-0.817613,-1.619447,0.249689,FakeWhatsApp.BR_2018,whatsapp,v1,True,False,2018-2022,desconhecido,False
16493,1,-2.040802,2.339963,4.380766,0.956855,FakeWhatsApp.BR_2018,whatsapp,v1,True,False,2018-2022,desconhecido,True
16492,0,0.076827,-0.281041,-0.357868,0.445880,FakeWhatsApp.BR_2018,whatsapp,v1,True,False,2018-2022,desconhecido,True
16523,0,-0.372905,0.320936,0.693841,0.626850,FakeWhatsApp.BR_2018,whatsapp,v1,True,False,2018-2022,desconhecido,True
16490,0,2.289435,-2.566592,-4.856027,0.033393,FakeWhatsApp.BR_2018,whatsapp,v1,True,False,2018-2022,desconhecido,True
16489,1,-1.764897,1.762514,3.527411,0.924272,FakeWhatsApp.BR_2018,whatsapp,v1,True,False,2018-2022,desconhecido,True
16488,0,-0.487708,0.623146,1.110853,0.692233,FakeWhatsApp.BR_2018,whatsapp,v1,True,False,2018-2022,desconhecido,True
16487,0,1.318378,-1.527688,-2.846066,0.123603,FakeWhatsApp.BR_2018,whatsapp,v1,True,False,2018-2022,desconhecido,True
16486,0,1.644538,-1.831371,-3.475910,0.083207,FakeWhatsApp.BR_2018,whatsapp,v1,True,False,2018-2022,desconhecido,True
16485,0,1.471014,-1.783543,-3.254556,0.095813,FakeWhatsApp.BR_2018,whatsapp,v1,True,False,2018-2022,desconhecido,True
16484,1,-0.488801,0.281281,0.770082,0.639244,FakeWhatsApp.BR_2018,whatsapp,v1,True,False,2018-2022,desconhecido,True
16483,1,-2.557114,2.856267,5.413382,0.978580,FakeWhatsApp.BR_2018,whatsapp,v1,True,False,2018-2022,desconhecido,True
16482,1,-0.627944,0.709247,1.337191,0.724918,FakeWhatsApp.BR_2018,whatsapp,v1,True,False,2018-2022,desconhecido,False
16481,1,-1.772918,1.931854,3.704773,0.932515,FakeWhatsApp.BR_2018,whatsapp,v1,True,False,2018-2022,desconhecido,True
16480,0,0.651877,-0.840517,-1.492395,0.266715,FakeWhatsApp.BR_2018,whatsapp,v1,True,False,2018-2022,desconhecido,True
16479,1,-1.881650,2.023821,3.905471,0.940835,FakeWhatsApp.BR_2018,whatsapp,v1,True,False,2018-2022,desconhecido,True
16478,0,1.251865,-1.327908,-2.579772,0.145247,FakeWhatsApp.BR_2018,whatsapp,v1,True,False,2018-2022,desconhecido,False
16477,1,-0.548547,0.398694,0.947241,0.667317,FakeWhatsApp.BR_2018,whatsapp,v1,True,False,2018-2022,desconhecido,True
16476,0,-0.786622,0.802843,1.589465,0.758696,FakeWhatsApp.BR_2018,whatsapp,v1,True,False,2018-2022,desconhecido,True
16507,0,2.394065,-2.775996,-5.170061,0.026982,FakeWhatsApp.BR_2018,whatsapp,v1,True,False,2018-2022,desconhecido,True
16474,0,1.073471,-1.097110,-2.170580,0.184524,FakeWhatsApp.BR_2018,whatsapp,v1,True,False,2018-2022,desconhecido,True
16473,0,0.262245,-0.171517,-0.433762,0.432797,FakeWhatsApp.BR_2018,whatsapp,v1,True,False,2018-2022,desconhecido,True
16472,0,1.374638,-1.394802,-2.769440,0.129530,FakeWhatsApp.BR_2018,whatsapp,v1,True,False,2018-2022,desconhecido,True
16471,1,-2.544794,2.851987,5.396782,0.978335,FakeWhatsApp.BR_2018,whatsapp,v1,True,False,2018-2022,desconhecido,True
16470,0,1.337241,-1.508926,-2.846167,0.123595,FakeWhatsApp.BR_2018,whatsapp,v1,True,False,2018-2022,desconhecido,False
16469,0,2.459422,-2.663467,-5.122889,0.027862,FakeWhatsApp.BR_2018,whatsapp,v1,True,False,2018-2022,desconhecido,True
16468,0,-0.153834,0.131707,0.285541,0.557980,FakeWhatsApp.BR_2018,whatsapp,v1,True,False,2018-2022,desconhecido,True
16467,1,-1.976042,2.275067,4.251109,0.952950,FakeWhatsApp.BR_2018,whatsapp,v1,True,False,2018-2022,desconhecido,True
16466,1,-2.131821,2.443284,4.575105,0.962134,FakeWhatsApp.BR_2018,whatsapp,v1,True,False,2018-2022,desconhecido,False
16465,1,-1.825140,2.003976,3.829116,0.937790,FakeWhatsApp.BR_2018,whatsapp,v1,True,False,2018-2022,desconhecido,True
16464,0,0.073456,-0.149163,-0.222620,0.469369,FakeWhatsApp.BR_2018,whatsapp,v1,True,False,2018-2022,desconhecido,True
16463,0,0.252534,-0.257116,-0.509650,0.419808,FakeWhatsApp.BR_2018,whatsapp,v1,True,False,2018-2022,desconhecido,True
16462,0,1.739020,-1.650853,-3.389873,0.087917,FakeWhatsApp.BR_2018,whatsapp,v1,True,False,2018-2022,desconhecido,True
16461,0,0.682607,-0.868581,-1.551188,0.258745,FakeWhatsApp.BR_2018,whatsapp,v1,True,False,2018-2022,desconhecido,True
16460,0,0.885994,-1.196631,-2.082625,0.193967,FakeWhatsApp.BR_2018,whatsapp,v1,True,False,2018-2022,desconhecido,False
16491,0,0.447622,-0.597047,-1.044669,0.332255,FakeWhatsApp.BR_2018,whatsapp,v1,True,False,2018-2022,desconhecido,True
16458,0,-1.428918,1.242820,2.671737,0.870230,FakeWhatsApp.BR_2018,whatsapp,v1,True,False,2018-2022,desconhecido,True
16457,1,-1.598229,1.637853,3.236082,0.908708,FakeWhatsApp.BR_2018,whatsapp,v1,True,False,2018-2022,desconhecido,True
16456,1,-1.393768,1.558030,2.951798,0.890806,FakeWhatsApp.BR_2018,whatsapp,v1,True,False,2018-2022,desconhecido,True
16455,1,-1.295581,1.118439,2.414020,0.848467,FakeWhatsApp.BR_2018,whatsapp,v1,True,False,2018-2022,desconhecido,False
16454,0,0.346309,-0.738928,-1.085237,0.325986,FakeWhatsApp.BR_2018,whatsapp,v1,True,False,2018-2022,desconhecido,True
16453,0,2.769898,-3.161658,-5.931556,0.016013,FakeWhatsApp.BR_2018,whatsapp,v1,True,False,2018-2022,desconhecido,False
16452,0,0.901947,-1.079700,-1.981647,0.205255,FakeWhatsApp.BR_2018,whatsapp,v1,True,False,2018-2022,desconhecido,True
16451,0,-0.229143,0.144945,0.374088,0.573205,FakeWhatsApp.BR_2018,whatsapp,v1,True,False,2018-2022,desconhecido,True
16450,0,-0.623348,0.641739,1.265087,0.714741,FakeWhatsApp.BR_2018,whatsapp,v1,True,False,2018-2022,desconhecido,True
16449,0,0.789837,-1.364555,-2.154392,0.186235,FakeWhatsApp.BR_2018,whatsapp,v1,True,False,2018-2022,desconhecido,True
16448,0,1.119234,-1.317562,-2.436796,0.158116,FakeWhatsApp.BR_2018,whatsapp,v1,True,False,2018-2022,desconhecido,True
16447,1,-1.152965,1.292506,2.445471,0.851275,FakeWhatsApp.BR_2018,whatsapp,v1,True,False,2018-2022,desconhecido,True
16446,0,0.896903,-1.066756,-1.963659,0.207317,FakeWhatsApp.BR_2018,whatsapp,v1,True,False,2018-2022,desconhecido,True
16445,0,2.612071,-2.650238,-5.262308,0.025338,FakeWhatsApp.BR_2018,whatsapp,v1,True,False,2018-2022,desconhecido,True
16444,0,1.178104,-1.498108,-2.676212,0.137067,FakeWhatsApp.BR_2018,whatsapp,v1,True,False,2018-2022,desconhecido,False
16475,0,1.996308,-2.047588,-4.043896,0.057483,FakeWhatsApp.BR_2018,whatsapp,v1,True,False,2018-2022,desconhecido,False
16442,1,-0.276890,0.212924,0.489815,0.592892,FakeWhatsApp.BR_2018,whatsapp,v1,True,False,2018-2022,desconhecido,True
16441,1,-1.973645,2.263859,4.237504,0.952521,FakeWhatsApp.BR_2018,whatsapp,v1,True,False,2018-2022,desconhecido,True
16440,1,-0.926534,1.027137,1.953671,0.802254,FakeWhatsApp.BR_2018,whatsapp,v1,True,False,2018-2022,desconhecido,True
16439,0,2.539587,-2.958493,-5.498081,0.021567,FakeWhatsApp.BR_2018,whatsapp,v1,True,False,2018-2022,desconhecido,True
16438,1,-1.641389,1.821601,3.462989,0.921055,FakeWhatsApp.BR_2018,whatsapp,v1,True,False,2018-2022,desconhecido,True
16437,1,-0.660633,0.715300,1.375933,0.730291,FakeWhatsApp.BR_2018,whatsapp,v1,True,False,2018-2022,desconhecido,True
16436,0,1.070400,-1.354115,-2.424514,0.159264,FakeWhatsApp.BR_2018,whatsapp,v1,True,False,2018-2022,desconhecido,True
16435,1,-2.562707,2.889241,5.451948,0.979139,FakeWhatsApp.BR_2018,whatsapp,v1,True,False,2018-2022,desconhecido,False
16434,1,-1.062485,1.180919,2.243404,0.832468,FakeWhatsApp.BR_2018,whatsapp,v1,True,False,2018-2022,desconhecido,True
16433,1,-2.143120,2.385250,4.528369,0.960924,FakeWhatsApp.BR_2018,whatsapp,v1,True,False,2018-2022,desconhecido,False
16432,1,-2.356333,2.642919,4.999252,0.971583,FakeWhatsApp.BR_2018,whatsapp,v1,True,False,2018-2022,desconhecido,False
16431,1,-2.193289,2.483374,4.676662,0.964640,FakeWhatsApp.BR_2018,whatsapp,v1,True,False,2018-2022,desconhecido,True
16430,0,1.244258,-1.335247,-2.579505,0.145271,FakeWhatsApp.BR_2018,whatsapp,v1,True,False,2018-2022,desconhecido,True
16429,0,0.482327,-0.751816,-1.234143,0.303516,FakeWhatsApp.BR_2018,whatsapp,v1,True,False,2018-2022,desconhecido,True
16428,0,-1.243471,1.305090,2.548560,0.860180,FakeWhatsApp.BR_2018,whatsapp,v1,True,False,2018-2022,desconhecido,False
16459,0,0.220112,-0.386320,-0.606432,0.403406,FakeWhatsApp.BR_2018,whatsapp,v1,True,False,2018-2022,desconhecido,False
16426,0,1.163888,-1.350612,-2.514500,0.151011,FakeWhatsApp.BR_2018,whatsapp,v1,True,False,2018-2022,desconhecido,True
16425,1,-1.375547,1.438086,2.813633,0.881039,FakeWhatsApp.BR_2018,whatsapp,v1,True,False,2018-2022,desconhecido,True
16424,0,-2.331877,2.672238,5.004115,0.971677,FakeWhatsApp.BR_2018,whatsapp,v1,True,False,2018-2022,desconhecido,True
16423,1,-1.224527,1.448198,2.672725,0.870308,FakeWhatsApp.BR_2018,whatsapp,v1,True,False,2018-2022,desconhecido,False
16422,1,-2.267296,2.369867,4.637164,0.963685,FakeWhatsApp.BR_2018,whatsapp,v1,True,False,2018-2022,desconhecido,True
16421,1,-1.741492,1.915896,3.657388,0.930398,FakeWhatsApp.BR_2018,whatsapp,v1,True,False,2018-2022,desconhecido,False
16420,0,-2.290767,2.526384,4.817151,0.967845,FakeWhatsApp.BR_2018,whatsapp,v1,True,False,2018-2022,desconhecido,False
16419,1,-2.167979,2.372746,4.540725,0.961248,FakeWhatsApp.BR_2018,whatsapp,v1,True,False,2018-2022,desconhecido,False
16418,0,0.734348,-0.824197,-1.558545,0.257759,FakeWhatsApp.BR_2018,whatsapp,v1,True,False,2018-2022,desconhecido,True
16417,1,-1.713823,1.794934,3.508757,0.923353,FakeWhatsApp.BR_2018,whatsapp,v1,True,False,2018-2022,desconhecido,True
16416,1,-0.764023,0.910002,1.674025,0.769365,FakeWhatsApp.BR_2018,whatsapp,v1,True,False,2018-2022,desconhecido,False
16415,0,2.426127,-2.554466,-4.980593,0.030690,FakeWhatsApp.BR_2018,whatsapp,v1,True,False,2018-2022,desconhecido,False
16414,0,-0.782174,0.924226,1.706400,0.773360,FakeWhatsApp.BR_2018,whatsapp,v1,True,False,2018-2022,desconhecido,True
16413,0,-0.286017,0.239772,0.525789,0.598955,FakeWhatsApp.BR_2018,whatsapp,v1,True,False,2018-2022,desconhecido,False
16412,0,0.191809,-0.462579,-0.654388,0.395355,FakeWhatsApp.BR_2018,whatsapp,v1,True,False,2018-2022,desconhecido,True
16443,1,-1.768696,1.834710,3.603405,0.927911,FakeWhatsApp.BR_2018,whatsapp,v1,True,False,2018-2022,desconhecido,True
16410,0,-1.812606,2.018648,3.831254,0.937877,FakeWhatsApp.BR_2018,whatsapp,v1,True,False,2018-2022,desconhecido,True
16409,1,-1.587986,1.797182,3.385168,0.917003,FakeWhatsApp.BR_2018,whatsapp,v1,True,False,2018-2022,desconhecido,False
16408,1,-1.087330,1.288232,2.375562,0.844974,FakeWhatsApp.BR_2018,whatsapp,v1,True,False,2018-2022,desconhecido,True
16407,0,2.093784,-2.292953,-4.386738,0.045781,FakeWhatsApp.BR_2018,whatsapp,v1,True,False,2018-2022,desconhecido,True
16406,1,-1.477689,1.715768,3.193457,0.906203,FakeWhatsApp.BR_2018,whatsapp,v1,True,False,2018-2022,desconhecido,True
16405,1,0.148401,-0.222620,-0.371021,0.443607,FakeWhatsApp.BR_2018,whatsapp,v1,True,False,2018-2022,desconhecido,True
16404,1,-2.039300,2.090146,4.129446,0.948981,FakeWhatsApp.BR_2018,whatsapp,v1,True,False,2018-2022,desconhecido,True
16403,1,-2.578622,2.850992,5.429614,0.978817,FakeWhatsApp.BR_2018,whatsapp,v1,True,False,2018-2022,desconhecido,False
16402,0,0.960376,-0.863634,-1.824010,0.223838,FakeWhatsApp.BR_2018,whatsapp,v1,True,False,2018-2022,desconhecido,False
16401,1,-1.766323,1.960654,3.726978,0.933487,FakeWhatsApp.BR_2018,whatsapp,v1,True,False,2018-2022,desconhecido,True
16400,1,-2.430560,2.736806,5.167366,0.974658,FakeWhatsApp.BR_2018,whatsapp,v1,True,False,2018-2022,desconhecido,True
16399,1,0.371646,-0.509603,-0.881249,0.358098,FakeWhatsApp.BR_2018,whatsapp,v1,True,False,2018-2022,desconhecido,True
16398,0,0.876850,-1.043439,-1.920289,0.212349,FakeWhatsApp.BR_2018,whatsapp,v1,True,False,2018-2022,desconhecido,True
16397,0,1.315696,-1.557361,-2.873057,0.121571,FakeWhatsApp.BR_2018,whatsapp,v1,True,False,2018-2022,desconhecido,True
16396,1,-2.788330,3.114966,5.903296,0.984703,FakeWhatsApp.BR_2018,whatsapp,v1,True,False,2018-2022,desconhecido,True
16427,0,-0.621643,0.866578,1.488221,0.745488,FakeWhatsApp.BR_2018,whatsapp,v1,True,False,2018-2022,desconhecido,False
16394,0,1.142272,-1.427018,-2.569289,0.146161,FakeWhatsApp.BR_2018,whatsapp,v1,True,False,2018-2022,desconhecido,False
16393,1,-2.516366,2.967842,5.484208,0.979595,FakeWhatsApp.BR_2018,whatsapp,v1,True,False,2018-2022,desconhecido,False
16392,0,2.304755,-2.450738,-4.755493,0.035740,FakeWhatsApp.BR_2018,whatsapp,v1,True,False,2018-2022,desconhecido,True
16391,0,-0.503530,0.448556,0.952086,0.668069,FakeWhatsApp.BR_2018,whatsapp,v1,True,False,2018-2022,desconhecido,False
16390,0,1.132199,-1.215855,-2.348054,0.166561,FakeWhatsApp.BR_2018,whatsapp,v1,True,False,2018-2022,desconhecido,True
16389,0,0.994698,-1.094687,-2.089386,0.193228,FakeWhatsApp.BR_2018,whatsapp,v1,True,False,2018-2022,desconhecido,True
16388,0,1.344457,-1.539364,-2.883821,0.120769,FakeWhatsApp.BR_2018,whatsapp,v1,True,False,2018-2022,desconhecido,True
16387,0,1.760701,-1.745194,-3.505895,0.081620,FakeWhatsApp.BR_2018,whatsapp,v1,True,False,2018-2022,desconhecido,True
16386,0,0.007868,-0.161606,-0.169474,0.478643,FakeWhatsApp.BR_2018,whatsapp,v1,True,False,2018-2022,desconhecido,True
16385,0,2.135564,-2.584977,-4.720541,0.036593,FakeWhatsApp.BR_2018,whatsapp,v1,True,False,2018-2022,desconhecido,True
16384,0,2.361658,-2.407974,-4.769632,0.035400,FakeWhatsApp.BR_2018,whatsapp,v1,True,False,2018-2022,desconhecido,False
16383,1,-1.807433,1.936247,3.743680,0.934209,FakeWhatsApp.BR_2018,whatsapp,v1,True,False,2018-2022,desconhecido,True
16382,1,0.776736,-0.781261,-1.557997,0.257832,FakeWhatsApp.BR_2018,whatsapp,v1,True,False,2018-2022,desconhecido,False
16381,0,0.678486,-0.800657,-1.479143,0.268533,FakeWhatsApp.BR_2018,whatsapp,v1,True,False,2018-2022,desconhecido,True
16380,1,0.969093,-1.106563,-2.075656,0.194731,FakeWhatsApp.BR_2018,whatsapp,v1,True,False,2018-2022,desconhecido,False
16411,0,-0.698710,0.980064,1.678774,0.769954,FakeWhatsApp.BR_2018,whatsapp,v1,True,False,2018-2022,desconhecido,False
16378,1,0.312018,-0.300419,-0.612436,0.402395,FakeWhatsApp.BR_2018,whatsapp,v1,True,False,2018-2022,desconhecido,True
16377,0,2.518851,-2.894679,-5.413529,0.022851,FakeWhatsApp.BR_2018,whatsapp,v1,True,False,2018-2022,desconhecido,False
16376,1,-0.648524,0.574865,1.223389,0.708754,FakeWhatsApp.BR_2018,whatsapp,v1,True,False,2018-2022,desconhecido,True
16375,0,1.005793,-1.095760,-2.101553,0.191904,FakeWhatsApp.BR_2018,whatsapp,v1,True,False,2018-2022,desconhecido,True
16374,0,0.834910,-0.929674,-1.764584,0.231146,FakeWhatsApp.BR_2018,whatsapp,v1,True,False,2018-2022,desconhecido,True
16373,1,-2.553545,2.841890,5.395434,0.978315,FakeWhatsApp.BR_2018,whatsapp,v1,True,False,2018-2022,desconhecido,True
16372,1,-0.919094,1.042022,1.961116,0.803079,FakeWhatsApp.BR_2018,whatsapp,v1,True,False,2018-2022,desconhecido,True
16371,1,-1.137473,1.433688,2.571162,0.862072,FakeWhatsApp.BR_2018,whatsapp,v1,True,False,2018-2022,desconhecido,False
16370,1,-1.861614,1.966081,3.827694,0.937732,FakeWhatsApp.BR_2018,whatsapp,v1,True,False,2018-2022,desconhecido,True
16369,1,-1.965365,2.153278,4.118643,0.948614,FakeWhatsApp.BR_2018,whatsapp,v1,True,False,2018-2022,desconhecido,True
16368,1,-2.638522,2.776267,5.414789,0.978601,FakeWhatsApp.BR_2018,whatsapp,v1,True,False,2018-2022,desconhecido,False
16367,0,0.295150,-0.202771,-0.497921,0.421809,FakeWhatsApp.BR_2018,whatsapp,v1,True,False,2018-2022,desconhecido,True
16366,0,-1.476499,1.691097,3.167596,0.904653,FakeWhatsApp.BR_2018,whatsapp,v1,True,False,2018-2022,desconhecido,True
16365,0,1.907312,-2.093891,-4.001203,0.059123,FakeWhatsApp.BR_2018,whatsapp,v1,True,False,2018-2022,desconhecido,False
16364,0,-0.575880,0.426014,1.001894,0.675753,FakeWhatsApp.BR_2018,whatsapp,v1,True,False,2018-2022,desconhecido,True
16395,0,1.603017,-1.842915,-3.445932,0.084821,FakeWhatsApp.BR_2018,whatsapp,v1,True,False,2018-2022,desconhecido,True
16362,1,-0.986399,1.045909,2.032308,0.810840,FakeWhatsApp.BR_2018,whatsapp,v1,True,False,2018-2022,desconhecido,True
16361,1,-2.757506,3.032594,5.790101,0.983462,FakeWhatsApp.BR_2018,whatsapp,v1,True,False,2018-2022,desconhecido,True
16360,1,-1.928166,2.139874,4.068039,0.946860,FakeWhatsApp.BR_2018,whatsapp,v1,True,False,2018-2022,desconhecido,False
16359,1,-2.904350,3.125291,6.029641,0.985979,FakeWhatsApp.BR_2018,whatsapp,v1,True,False,2018-2022,desconhecido,True
16358,0,0.372185,-0.393902,-0.766086,0.376828,FakeWhatsApp.BR_2018,whatsapp,v1,True,False,2018-2022,desconhecido,True
16357,1,-1.441666,1.555372,2.997037,0.893848,FakeWhatsApp.BR_2018,whatsapp,v1,True,False,2018-2022,desconhecido,True
16356,1,-2.146401,2.412984,4.559385,0.961731,FakeWhatsApp.BR_2018,whatsapp,v1,True,False,2018-2022,desconhecido,True
16355,0,0.374526,-0.614712,-0.989238,0.340917,FakeWhatsApp.BR_2018,whatsapp,v1,True,False,2018-2022,desconhecido,True
16354,1,-2.181532,2.506684,4.688215,0.964915,FakeWhatsApp.BR_2018,whatsapp,v1,True,False,2018-2022,desconhecido,True
16353,1,-1.732824,1.961547,3.694371,0.932056,FakeWhatsApp.BR_2018,whatsapp,v1,True,False,2018-2022,desconhecido,True
16352,0,0.996193,-1.001179,-1.997372,0.203466,FakeWhatsApp.BR_2018,whatsapp,v1,True,False,2018-2022,desconhecido,True
16351,0,1.289400,-1.490023,-2.779423,0.128745,FakeWhatsApp.BR_2018,whatsapp,v1,True,False,2018-2022,desconhecido,True
16350,1,-1.734459,1.925821,3.660281,0.930529,FakeWhatsApp.BR_2018,whatsapp,v1,True,False,2018-2022,desconhecido,True
16349,1,-2.112865,2.445294,4.558159,0.961700,FakeWhatsApp.BR_2018,whatsapp,v1,True,False,2018-2022,desconhecido,True
16348,1,-2.004984,2.105756,4.110741,0.948344,FakeWhatsApp.BR_2018,whatsapp,v1,True,False,2018-2022,desconhecido,False
16379,1,-1.341754,1.356763,2.698517,0.872332,FakeWhatsApp.BR_2018,whatsapp,v1,True,False,2018-2022,desconhecido,True
16346,1,-1.838402,2.043719,3.882121,0.939919,FakeWhatsApp.BR_2018,whatsapp,v1,True,False,2018-2022,desconhecido,True
16345,0,-0.985683,1.167433,2.153116,0.823469,FakeWhatsApp.BR_2018,whatsapp,v1,True,False,2018-2022,desconhecido,True
16344,1,-0.383337,0.360648,0.743985,0.635021,FakeWhatsApp.BR_2018,whatsapp,v1,True,False,2018-2022,desconhecido,False
16343,0,0.306211,-0.344010,-0.650221,0.396052,FakeWhatsApp.BR_2018,whatsapp,v1,True,False,2018-2022,desconhecido,True
16342,1,-2.436523,2.687508,5.124031,0.973898,FakeWhatsApp.BR_2018,whatsapp,v1,True,False,2018-2022,desconhecido,True
16341,0,0.126161,-0.278677,-0.404837,0.437773,FakeWhatsApp.BR_2018,whatsapp,v1,True,False,2018-2022,desconhecido,True
16340,0,1.246955,-1.548292,-2.795247,0.127508,FakeWhatsApp.BR_2018,whatsapp,v1,True,False,2018-2022,desconhecido,True
16339,1,-0.858925,0.900808,1.759734,0.779836,FakeWhatsApp.BR_2018,whatsapp,v1,True,False,2018-2022,desconhecido,False
16338,1,-2.181593,2.422791,4.604384,0.962874,FakeWhatsApp.BR_2018,whatsapp,v1,True,False,2018-2022,desconhecido,True
16337,0,-1.168561,1.224239,2.392800,0.846547,FakeWhatsApp.BR_2018,whatsapp,v1,True,False,2018-2022,desconhecido,True
16336,0,0.880298,-0.978549,-1.858848,0.219630,FakeWhatsApp.BR_2018,whatsapp,v1,True,False,2018-2022,desconhecido,False
16335,0,-0.572730,0.620442,1.193171,0.704369,FakeWhatsApp.BR_2018,whatsapp,v1,True,False,2018-2022,desconhecido,False
16334,0,-1.565340,1.612795,3.178135,0.905288,FakeWhatsApp.BR_2018,whatsapp,v1,True,False,2018-2022,desconhecido,False
16333,1,-1.562152,1.844684,3.406835,0.918150,FakeWhatsApp.BR_2018,whatsapp,v1,True,False,2018-2022,desconhecido,True
16332,0,0.392550,-0.583580,-0.976130,0.342982,FakeWhatsApp.BR_2018,whatsapp,v1,True,False,2018-2022,desconhecido,True
16363,1,-0.110354,0.182133,0.292488,0.559179,FakeWhatsApp.BR_2018,whatsapp,v1,True,False,2018-2022,desconhecido,False
16330,0,0.695875,-0.887074,-1.582949,0.254505,FakeWhatsApp.BR_2018,whatsapp,v1,True,False,2018-2022,desconhecido,False
16329,0,1.973363,-2.214429,-4.187791,0.052264,FakeWhatsApp.BR_2018,whatsapp,v1,True,False,2018-2022,desconhecido,True
16328,0,2.092169,-2.164837,-4.257007,0.049916,FakeWhatsApp.BR_2018,whatsapp,v1,True,False,2018-2022,desconhecido,True
16327,1,-2.181912,2.396035,4.577947,0.962206,FakeWhatsApp.BR_2018,whatsapp,v1,True,False,2018-2022,desconhecido,True
16326,0,-0.353385,0.270031,0.623416,0.615251,FakeWhatsApp.BR_2018,whatsapp,v1,True,False,2018-2022,desconhecido,True
16325,1,-1.518937,1.650503,3.169440,0.904764,FakeWhatsApp.BR_2018,whatsapp,v1,True,False,2018-2022,desconhecido,True
16324,1,-1.912011,1.804364,3.716374,0.933024,FakeWhatsApp.BR_2018,whatsapp,v1,True,False,2018-2022,desconhecido,True
16323,0,0.394427,-0.582216,-0.976643,0.342901,FakeWhatsApp.BR_2018,whatsapp,v1,True,False,2018-2022,desconhecido,False
16322,1,-2.439162,2.714717,5.153879,0.974423,FakeWhatsApp.BR_2018,whatsapp,v1,True,False,2018-2022,desconhecido,False
16321,0,0.527056,-0.817847,-1.344903,0.287383,FakeWhatsApp.BR_2018,whatsapp,v1,True,False,2018-2022,desconhecido,False
16320,1,-0.106355,0.187963,0.294318,0.559495,FakeWhatsApp.BR_2018,whatsapp,v1,True,False,2018-2022,desconhecido,True
16319,0,-0.656109,0.718841,1.374950,0.730156,FakeWhatsApp.BR_2018,whatsapp,v1,True,False,2018-2022,desconhecido,True
16318,0,1.195737,-1.434414,-2.630152,0.140924,FakeWhatsApp.BR_2018,whatsapp,v1,True,False,2018-2022,desconhecido,False
16317,0,-0.803773,0.978066,1.781839,0.782481,FakeWhatsApp.BR_2018,whatsapp,v1,True,False,2018-2022,desconhecido,False
16316,0,-0.030331,-0.068366,-0.038034,0.501627,FakeWhatsApp.BR_2018,whatsapp,v1,True,False,2018-2022,desconhecido,True
16347,1,-2.091212,2.406252,4.497465,0.960104,FakeWhatsApp.BR_2018,whatsapp,v1,True,False,2018-2022,desconhecido,True
16314,0,0.015546,-0.021172,-0.036717,0.501858,FakeWhatsApp.BR_2018,whatsapp,v1,True,False,2018-2022,desconhecido,False
16313,0,0.103863,-0.133954,-0.237816,0.466721,FakeWhatsApp.BR_2018,whatsapp,v1,True,False,2018-2022,desconhecido,True
16312,0,2.100799,-2.115899,-4.216698,0.051271,FakeWhatsApp.BR_2018,whatsapp,v1,True,False,2018-2022,desconhecido,True
16311,1,0.578555,-0.695235,-1.273790,0.297683,FakeWhatsApp.BR_2018,whatsapp,v1,True,False,2018-2022,desconhecido,True
16310,0,0.446282,-0.623884,-1.070166,0.328308,FakeWhatsApp.BR_2018,whatsapp,v1,True,False,2018-2022,desconhecido,True
16309,1,-2.587108,2.828485,5.415593,0.978613,FakeWhatsApp.BR_2018,whatsapp,v1,True,False,2018-2022,desconhecido,True
16308,1,-2.109990,2.310888,4.420878,0.957999,FakeWhatsApp.BR_2018,whatsapp,v1,True,False,2018-2022,desconhecido,True
16307,0,-0.095599,0.091026,0.186625,0.540844,FakeWhatsApp.BR_2018,whatsapp,v1,True,False,2018-2022,desconhecido,True
16306,1,-0.799108,0.818889,1.617997,0.762333,FakeWhatsApp.BR_2018,whatsapp,v1,True,False,2018-2022,desconhecido,True
16305,0,0.207726,-0.241085,-0.448811,0.430213,FakeWhatsApp.BR_2018,whatsapp,v1,True,False,2018-2022,desconhecido,True
16304,0,1.775876,-1.873912,-3.649788,0.074382,FakeWhatsApp.BR_2018,whatsapp,v1,True,False,2018-2022,desconhecido,True
16303,0,-1.321473,1.542152,2.863626,0.884657,FakeWhatsApp.BR_2018,whatsapp,v1,True,False,2018-2022,desconhecido,True
16302,0,-1.889868,2.128746,4.018614,0.945092,FakeWhatsApp.BR_2018,whatsapp,v1,True,False,2018-2022,desconhecido,True
16301,0,-1.301162,1.453091,2.754253,0.876614,FakeWhatsApp.BR_2018,whatsapp,v1,True,False,2018-2022,desconhecido,True
16300,1,-2.418720,2.617515,5.036235,0.972289,FakeWhatsApp.BR_2018,whatsapp,v1,True,False,2018-2022,desconhecido,True
16331,0,1.435936,-1.634215,-3.070150,0.107592,FakeWhatsApp.BR_2018,whatsapp,v1,True,False,2018-2022,desconhecido,True
16298,0,2.263222,-2.428905,-4.692127,0.037300,FakeWhatsApp.BR_2018,whatsapp,v1,True,False,2018-2022,desconhecido,True
16297,0,-0.251214,0.178283,0.429497,0.582664,FakeWhatsApp.BR_2018,whatsapp,v1,True,False,2018-2022,desconhecido,True
16296,0,2.477487,-2.864488,-5.341975,0.023997,FakeWhatsApp.BR_2018,whatsapp,v1,True,False,2018-2022,desconhecido,False
16295,0,2.495290,-2.773975,-5.269265,0.025218,FakeWhatsApp.BR_2018,whatsapp,v1,True,False,2018-2022,desconhecido,True
16294,0,-0.542096,0.721770,1.263866,0.714567,FakeWhatsApp.BR_2018,whatsapp,v1,True,False,2018-2022,desconhecido,False
16293,1,-1.334395,1.535528,2.869923,0.885106,FakeWhatsApp.BR_2018,whatsapp,v1,True,False,2018-2022,desconhecido,True
16292,1,-2.155256,2.360436,4.515692,0.960590,FakeWhatsApp.BR_2018,whatsapp,v1,True,False,2018-2022,desconhecido,True
16291,0,-0.613917,0.755385,1.369303,0.729376,FakeWhatsApp.BR_2018,whatsapp,v1,True,False,2018-2022,desconhecido,True
16290,0,1.377883,-1.482873,-2.860756,0.122494,FakeWhatsApp.BR_2018,whatsapp,v1,True,False,2018-2022,desconhecido,True
16289,1,-0.451562,0.372368,0.823930,0.647889,FakeWhatsApp.BR_2018,whatsapp,v1,True,False,2018-2022,desconhecido,True
16288,1,-1.636954,1.897024,3.533978,0.924593,FakeWhatsApp.BR_2018,whatsapp,v1,True,False,2018-2022,desconhecido,True
16287,0,2.095328,-2.335683,-4.431011,0.044447,FakeWhatsApp.BR_2018,whatsapp,v1,True,False,2018-2022,desconhecido,True
16286,0,-0.486804,0.660462,1.147266,0.697636,FakeWhatsApp.BR_2018,whatsapp,v1,True,False,2018-2022,desconhecido,False
16285,0,-1.204066,1.225224,2.429290,0.849836,FakeWhatsApp.BR_2018,whatsapp,v1,True,False,2018-2022,desconhecido,True
16284,0,0.781651,-1.012507,-1.794158,0.227489,FakeWhatsApp.BR_2018,whatsapp,v1,True,False,2018-2022,desconhecido,True
16315,0,1.647893,-1.739707,-3.387599,0.088045,FakeWhatsApp.BR_2018,whatsapp,v1,True,False,2018-2022,desconhecido,True
16282,1,-0.837162,0.836567,1.673729,0.769328,FakeWhatsApp.BR_2018,whatsapp,v1,True,False,2018-2022,desconhecido,False
16281,0,2.094938,-2.349917,-4.444855,0.044037,FakeWhatsApp.BR_2018,whatsapp,v1,True,False,2018-2022,desconhecido,True
16280,1,-1.637748,1.720823,3.358571,0.915575,FakeWhatsApp.BR_2018,whatsapp,v1,True,False,2018-2022,desconhecido,True
16279,0,0.910451,-1.203392,-2.113844,0.190574,FakeWhatsApp.BR_2018,whatsapp,v1,True,False,2018-2022,desconhecido,True
16278,0,0.436433,-0.544265,-0.980699,0.342262,FakeWhatsApp.BR_2018,whatsapp,v1,True,False,2018-2022,desconhecido,True
16277,1,-0.594429,0.712397,1.306826,0.720660,FakeWhatsApp.BR_2018,whatsapp,v1,True,False,2018-2022,desconhecido,True
16276,0,2.159876,-2.277819,-4.437695,0.044248,FakeWhatsApp.BR_2018,whatsapp,v1,True,False,2018-2022,desconhecido,False
16275,0,0.466132,-0.491067,-0.957198,0.345974,FakeWhatsApp.BR_2018,whatsapp,v1,True,False,2018-2022,desconhecido,True
16274,0,2.537358,-2.748112,-5.285470,0.024940,FakeWhatsApp.BR_2018,whatsapp,v1,True,False,2018-2022,desconhecido,False
16273,0,1.974772,-2.060030,-4.034802,0.057829,FakeWhatsApp.BR_2018,whatsapp,v1,True,False,2018-2022,desconhecido,True
16272,0,1.627778,-1.779478,-3.407256,0.086946,FakeWhatsApp.BR_2018,whatsapp,v1,True,False,2018-2022,desconhecido,True
16271,0,2.420271,-2.618400,-5.038671,0.029504,FakeWhatsApp.BR_2018,whatsapp,v1,True,False,2018-2022,desconhecido,False
16270,0,-1.077278,1.264186,2.341464,0.841822,FakeWhatsApp.BR_2018,whatsapp,v1,True,False,2018-2022,desconhecido,True
16269,0,0.930090,-1.008558,-1.938648,0.210208,FakeWhatsApp.BR_2018,whatsapp,v1,True,False,2018-2022,desconhecido,True
16268,0,2.100833,-2.137925,-4.238758,0.050525,FakeWhatsApp.BR_2018,whatsapp,v1,True,False,2018-2022,desconhecido,False
16299,1,-1.463438,1.621219,3.084656,0.899527,FakeWhatsApp.BR_2018,whatsapp,v1,True,False,2018-2022,desconhecido,True
16266,0,1.944807,-2.132020,-4.076828,0.056247,FakeWhatsApp.BR_2018,whatsapp,v1,True,False,2018-2022,desconhecido,True
16265,1,-0.647042,0.593803,1.240845,0.711269,FakeWhatsApp.BR_2018,whatsapp,v1,True,False,2018-2022,desconhecido,True
16264,1,-1.216597,1.226883,2.443481,0.851099,FakeWhatsApp.BR_2018,whatsapp,v1,True,False,2018-2022,desconhecido,False
16263,0,1.251556,-1.488586,-2.740141,0.131860,FakeWhatsApp.BR_2018,whatsapp,v1,True,False,2018-2022,desconhecido,True
16262,0,1.998874,-2.320607,-4.319481,0.047882,FakeWhatsApp.BR_2018,whatsapp,v1,True,False,2018-2022,desconhecido,False
16261,1,-1.621926,1.774905,3.396830,0.917622,FakeWhatsApp.BR_2018,whatsapp,v1,True,False,2018-2022,desconhecido,True
16260,0,-0.410544,0.482028,0.892573,0.658769,FakeWhatsApp.BR_2018,whatsapp,v1,True,False,2018-2022,desconhecido,True
16259,1,-1.011798,1.178422,2.190220,0.827212,FakeWhatsApp.BR_2018,whatsapp,v1,True,False,2018-2022,desconhecido,True
16258,1,-2.024830,2.163847,4.188677,0.950952,FakeWhatsApp.BR_2018,whatsapp,v1,True,False,2018-2022,desconhecido,True
16257,0,0.299880,-0.249572,-0.549452,0.413039,FakeWhatsApp.BR_2018,whatsapp,v1,True,False,2018-2022,desconhecido,True
16256,0,1.347415,-1.636576,-2.983991,0.113521,FakeWhatsApp.BR_2018,whatsapp,v1,True,False,2018-2022,desconhecido,True
16255,0,0.827568,-1.131377,-1.958945,0.207859,FakeWhatsApp.BR_2018,whatsapp,v1,True,False,2018-2022,desconhecido,True
16254,1,-1.497729,1.511138,3.008867,0.894631,FakeWhatsApp.BR_2018,whatsapp,v1,True,False,2018-2022,desconhecido,False
16253,0,2.332115,-2.569117,-4.901232,0.032386,FakeWhatsApp.BR_2018,whatsapp,v1,True,False,2018-2022,desconhecido,True
16252,1,-2.131098,2.299608,4.430706,0.958275,FakeWhatsApp.BR_2018,whatsapp,v1,True,False,2018-2022,desconhecido,True
16283,1,-0.705324,0.938335,1.643660,0.765572,FakeWhatsApp.BR_2018,whatsapp,v1,True,False,2018-2022,desconhecido,True
16250,0,2.504657,-2.734094,-5.238750,0.025748,FakeWhatsApp.BR_2018,whatsapp,v1,True,False,2018-2022,desconhecido,True
16249,1,-2.824075,3.049816,5.873891,0.984390,FakeWhatsApp.BR_2018,whatsapp,v1,True,False,2018-2022,desconhecido,True
16248,0,1.480487,-1.439734,-2.920221,0.118090,FakeWhatsApp.BR_2018,whatsapp,v1,True,False,2018-2022,desconhecido,True
16247,0,1.629176,-1.754031,-3.383207,0.088292,FakeWhatsApp.BR_2018,whatsapp,v1,True,False,2018-2022,desconhecido,True
16246,1,-2.731285,3.027397,5.758682,0.983101,FakeWhatsApp.BR_2018,whatsapp,v1,True,False,2018-2022,desconhecido,False
16245,0,1.745444,-1.910661,-3.656105,0.074078,FakeWhatsApp.BR_2018,whatsapp,v1,True,False,2018-2022,desconhecido,False
16244,0,0.239423,-0.152690,-0.392112,0.439966,FakeWhatsApp.BR_2018,whatsapp,v1,True,False,2018-2022,desconhecido,True
16243,0,1.760599,-1.856301,-3.616900,0.075982,FakeWhatsApp.BR_2018,whatsapp,v1,True,False,2018-2022,desconhecido,True
16242,0,0.768729,-0.970832,-1.739561,0.234273,FakeWhatsApp.BR_2018,whatsapp,v1,True,False,2018-2022,desconhecido,False
16241,0,0.320559,-0.507302,-0.827860,0.366731,FakeWhatsApp.BR_2018,whatsapp,v1,True,False,2018-2022,desconhecido,True
16240,0,1.260312,-1.540551,-2.800863,0.127071,FakeWhatsApp.BR_2018,whatsapp,v1,True,False,2018-2022,desconhecido,True
16239,1,-1.156949,1.172790,2.329739,0.840726,FakeWhatsApp.BR_2018,whatsapp,v1,True,False,2018-2022,desconhecido,True
16238,0,2.247397,-2.391171,-4.638568,0.038670,FakeWhatsApp.BR_2018,whatsapp,v1,True,False,2018-2022,desconhecido,False
16237,0,1.689729,-1.800229,-3.489958,0.082460,FakeWhatsApp.BR_2018,whatsapp,v1,True,False,2018-2022,desconhecido,False
16236,0,2.419764,-2.561303,-4.981067,0.030681,FakeWhatsApp.BR_2018,whatsapp,v1,True,False,2018-2022,desconhecido,True
16267,1,-1.745080,1.746722,3.491802,0.922509,FakeWhatsApp.BR_2018,whatsapp,v1,True,False,2018-2022,desconhecido,True
16234,1,-2.013840,2.256300,4.270140,0.953543,FakeWhatsApp.BR_2018,whatsapp,v1,True,False,2018-2022,desconhecido,False
16233,0,1.783133,-1.923982,-3.707115,0.071667,FakeWhatsApp.BR_2018,whatsapp,v1,True,False,2018-2022,desconhecido,True
16232,0,2.266725,-2.445209,-4.711934,0.036805,FakeWhatsApp.BR_2018,whatsapp,v1,True,False,2018-2022,desconhecido,True
16231,0,2.425905,-2.571891,-4.997796,0.030334,FakeWhatsApp.BR_2018,whatsapp,v1,True,False,2018-2022,desconhecido,True
16230,0,-0.307565,0.261503,0.569068,0.606208,FakeWhatsApp.BR_2018,whatsapp,v1,True,False,2018-2022,desconhecido,True
16229,0,0.172938,-0.158642,-0.331580,0.450430,FakeWhatsApp.BR_2018,whatsapp,v1,True,False,2018-2022,desconhecido,True
16228,0,-2.200487,2.404228,4.604715,0.962882,FakeWhatsApp.BR_2018,whatsapp,v1,True,False,2018-2022,desconhecido,False
16227,0,1.254096,-1.384308,-2.638404,0.140227,FakeWhatsApp.BR_2018,whatsapp,v1,True,False,2018-2022,desconhecido,True
16226,0,1.314164,-1.406124,-2.720288,0.133459,FakeWhatsApp.BR_2018,whatsapp,v1,True,False,2018-2022,desconhecido,False
16225,0,1.176971,-1.340022,-2.516993,0.150788,FakeWhatsApp.BR_2018,whatsapp,v1,True,False,2018-2022,desconhecido,True
16224,0,-0.780287,0.907433,1.687720,0.771061,FakeWhatsApp.BR_2018,whatsapp,v1,True,False,2018-2022,desconhecido,True
16223,0,-0.571570,0.479876,1.051445,0.683305,FakeWhatsApp.BR_2018,whatsapp,v1,True,False,2018-2022,desconhecido,False
16222,0,2.698828,-2.982740,-5.681567,0.019017,FakeWhatsApp.BR_2018,whatsapp,v1,True,False,2018-2022,desconhecido,True
16221,1,0.995428,-1.153871,-2.149299,0.186776,FakeWhatsApp.BR_2018,whatsapp,v1,True,False,2018-2022,desconhecido,False
16220,1,-2.159318,2.320251,4.479569,0.959621,FakeWhatsApp.BR_2018,whatsapp,v1,True,False,2018-2022,desconhecido,True
16251,0,2.644211,-2.705210,-5.349421,0.023875,FakeWhatsApp.BR_2018,whatsapp,v1,True,False,2018-2022,desconhecido,True
16218,1,-1.241105,1.185571,2.426677,0.849602,FakeWhatsApp.BR_2018,whatsapp,v1,True,False,2018-2022,desconhecido,False
16217,0,-0.725762,0.639783,1.365545,0.728857,FakeWhatsApp.BR_2018,whatsapp,v1,True,False,2018-2022,desconhecido,True
16216,1,-2.625790,2.839650,5.465440,0.979331,FakeWhatsApp.BR_2018,whatsapp,v1,True,False,2018-2022,desconhecido,False
16215,1,-1.189701,1.426041,2.615742,0.865740,FakeWhatsApp.BR_2018,whatsapp,v1,True,False,2018-2022,desconhecido,True
16214,1,-1.373968,1.270919,2.644886,0.868093,FakeWhatsApp.BR_2018,whatsapp,v1,True,False,2018-2022,desconhecido,True
16213,0,2.571304,-2.803050,-5.374353,0.023472,FakeWhatsApp.BR_2018,whatsapp,v1,True,False,2018-2022,desconhecido,True
16212,0,-2.028032,2.341758,4.369790,0.956537,FakeWhatsApp.BR_2018,whatsapp,v1,True,False,2018-2022,desconhecido,True
16211,0,-0.521272,0.518804,1.040077,0.681581,FakeWhatsApp.BR_2018,whatsapp,v1,True,False,2018-2022,desconhecido,True
16210,0,-1.189315,1.358759,2.548074,0.860139,FakeWhatsApp.BR_2018,whatsapp,v1,True,False,2018-2022,desconhecido,True
16209,1,-1.409703,1.571422,2.981125,0.892787,FakeWhatsApp.BR_2018,whatsapp,v1,True,False,2018-2022,desconhecido,True
16208,0,1.341553,-1.460802,-2.802356,0.126955,FakeWhatsApp.BR_2018,whatsapp,v1,True,False,2018-2022,desconhecido,True
16207,1,-0.669043,0.953095,1.622138,0.762858,FakeWhatsApp.BR_2018,whatsapp,v1,True,False,2018-2022,desconhecido,True
16206,1,-0.414606,0.639598,1.054204,0.683723,FakeWhatsApp.BR_2018,whatsapp,v1,True,False,2018-2022,desconhecido,False
16205,0,1.534266,-1.685652,-3.219918,0.097934,FakeWhatsApp.BR_2018,whatsapp,v1,True,False,2018-2022,desconhecido,True
16204,0,1.987745,-2.221492,-4.209237,0.051525,FakeWhatsApp.BR_2018,whatsapp,v1,True,False,2018-2022,desconhecido,False
16235,1,-1.908482,2.118090,4.026572,0.945381,FakeWhatsApp.BR_2018,whatsapp,v1,True,False,2018-2022,desconhecido,True
16202,1,-0.477522,0.491003,0.968525,0.670615,FakeWhatsApp.BR_2018,whatsapp,v1,True,False,2018-2022,desconhecido,True
16201,0,1.973405,-1.970902,-3.944307,0.061377,FakeWhatsApp.BR_2018,whatsapp,v1,True,False,2018-2022,desconhecido,True
16200,1,-2.022234,2.153622,4.175856,0.950531,FakeWhatsApp.BR_2018,whatsapp,v1,True,False,2018-2022,desconhecido,True
16199,1,-2.696385,2.957125,5.653510,0.981834,FakeWhatsApp.BR_2018,whatsapp,v1,True,False,2018-2022,desconhecido,False
16198,1,-2.624311,2.976113,5.600424,0.981159,FakeWhatsApp.BR_2018,whatsapp,v1,True,False,2018-2022,desconhecido,False
16197,1,-0.850612,0.819453,1.670065,0.768872,FakeWhatsApp.BR_2018,whatsapp,v1,True,False,2018-2022,desconhecido,True
16196,1,0.191221,-0.181842,-0.373063,0.443254,FakeWhatsApp.BR_2018,whatsapp,v1,True,False,2018-2022,desconhecido,True
16195,0,0.340587,-0.407101,-0.747688,0.379857,FakeWhatsApp.BR_2018,whatsapp,v1,True,False,2018-2022,desconhecido,True
16194,1,-2.104462,2.318062,4.422523,0.958046,FakeWhatsApp.BR_2018,whatsapp,v1,True,False,2018-2022,desconhecido,True
16193,0,-0.793972,0.917566,1.711538,0.773990,FakeWhatsApp.BR_2018,whatsapp,v1,True,False,2018-2022,desconhecido,True
16192,0,2.047026,-2.335537,-4.382563,0.045909,FakeWhatsApp.BR_2018,whatsapp,v1,True,False,2018-2022,desconhecido,True
16191,0,-0.350638,0.004820,0.355458,0.570013,FakeWhatsApp.BR_2018,whatsapp,v1,True,False,2018-2022,desconhecido,True
16190,1,-1.614281,1.777626,3.391906,0.917361,FakeWhatsApp.BR_2018,whatsapp,v1,True,False,2018-2022,desconhecido,True
16189,0,1.352440,-1.456624,-2.809063,0.126436,FakeWhatsApp.BR_2018,whatsapp,v1,True,False,2018-2022,desconhecido,True
16188,1,-2.590440,2.816084,5.406524,0.978479,FakeWhatsApp.BR_2018,whatsapp,v1,True,False,2018-2022,desconhecido,True
16219,0,-1.771289,1.989635,3.760923,0.934947,FakeWhatsApp.BR_2018,whatsapp,v1,True,False,2018-2022,desconhecido,True
16186,0,1.280856,-1.467524,-2.748381,0.131201,FakeWhatsApp.BR_2018,whatsapp,v1,True,False,2018-2022,desconhecido,False
16185,0,0.829002,-1.197360,-2.026363,0.200198,FakeWhatsApp.BR_2018,whatsapp,v1,True,False,2018-2022,desconhecido,True
16184,1,0.128515,-0.128743,-0.257259,0.463336,FakeWhatsApp.BR_2018,whatsapp,v1,True,False,2018-2022,desconhecido,True
16183,0,2.273976,-2.553928,-4.827904,0.034034,FakeWhatsApp.BR_2018,whatsapp,v1,True,False,2018-2022,desconhecido,True
16182,0,-1.869988,1.968649,3.838637,0.938177,FakeWhatsApp.BR_2018,whatsapp,v1,True,False,2018-2022,desconhecido,True
16181,0,0.784359,-0.973418,-1.757777,0.231994,FakeWhatsApp.BR_2018,whatsapp,v1,True,False,2018-2022,desconhecido,True
16180,0,-0.272335,0.406455,0.678790,0.624383,FakeWhatsApp.BR_2018,whatsapp,v1,True,False,2018-2022,desconhecido,False
16179,1,-0.690438,0.726783,1.417221,0.735945,FakeWhatsApp.BR_2018,whatsapp,v1,True,False,2018-2022,desconhecido,True
16178,1,-2.229535,2.364915,4.594450,0.962624,FakeWhatsApp.BR_2018,whatsapp,v1,True,False,2018-2022,desconhecido,True
16177,0,1.246967,-1.396286,-2.643253,0.139818,FakeWhatsApp.BR_2018,whatsapp,v1,True,False,2018-2022,desconhecido,True
16176,0,0.003463,-0.353364,-0.356826,0.446060,FakeWhatsApp.BR_2018,whatsapp,v1,True,False,2018-2022,desconhecido,False
16175,1,-0.675710,0.728565,1.404275,0.734180,FakeWhatsApp.BR_2018,whatsapp,v1,True,False,2018-2022,desconhecido,False
16174,0,-0.252320,0.231991,0.484311,0.591962,FakeWhatsApp.BR_2018,whatsapp,v1,True,False,2018-2022,desconhecido,True
16173,1,-1.499610,1.620955,3.120565,0.901776,FakeWhatsApp.BR_2018,whatsapp,v1,True,False,2018-2022,desconhecido,True
16172,1,-2.008508,2.169883,4.178391,0.950615,FakeWhatsApp.BR_2018,whatsapp,v1,True,False,2018-2022,desconhecido,False
16203,1,-2.523541,2.603794,5.127335,0.973956,FakeWhatsApp.BR_2018,whatsapp,v1,True,False,2018-2022,desconhecido,False
16170,0,2.515803,-2.824753,-5.340555,0.024020,FakeWhatsApp.BR_2018,whatsapp,v1,True,False,2018-2022,desconhecido,True
16169,0,2.223092,-2.424212,-4.647304,0.038443,FakeWhatsApp.BR_2018,whatsapp,v1,True,False,2018-2022,desconhecido,True
16168,1,-1.993568,2.336760,4.330328,0.955374,FakeWhatsApp.BR_2018,whatsapp,v1,True,False,2018-2022,desconhecido,True
16167,0,0.363111,-0.651240,-1.014351,0.336979,FakeWhatsApp.BR_2018,whatsapp,v1,True,False,2018-2022,desconhecido,True
16166,0,2.181623,-2.501122,-4.682745,0.037537,FakeWhatsApp.BR_2018,whatsapp,v1,True,False,2018-2022,desconhecido,True
16165,1,-1.672773,2.056066,3.728839,0.933568,FakeWhatsApp.BR_2018,whatsapp,v1,True,False,2018-2022,desconhecido,False
16164,1,-0.541144,0.497144,1.038288,0.681309,FakeWhatsApp.BR_2018,whatsapp,v1,True,False,2018-2022,desconhecido,True
16163,1,-1.514588,1.598047,3.112635,0.901283,FakeWhatsApp.BR_2018,whatsapp,v1,True,False,2018-2022,desconhecido,True
16162,1,-0.399488,0.230865,0.630353,0.616399,FakeWhatsApp.BR_2018,whatsapp,v1,True,False,2018-2022,desconhecido,True
16161,0,0.688952,-0.841914,-1.530866,0.261483,FakeWhatsApp.BR_2018,whatsapp,v1,True,False,2018-2022,desconhecido,False
16160,1,-2.394631,2.497823,4.892454,0.969445,FakeWhatsApp.BR_2018,whatsapp,v1,True,False,2018-2022,desconhecido,True
16159,0,1.553606,-1.809869,-3.363475,0.089410,FakeWhatsApp.BR_2018,whatsapp,v1,True,False,2018-2022,desconhecido,True
16158,0,-0.500026,0.688207,1.188234,0.703649,FakeWhatsApp.BR_2018,whatsapp,v1,True,False,2018-2022,desconhecido,False
16157,1,-0.992132,1.206324,2.198456,0.828034,FakeWhatsApp.BR_2018,whatsapp,v1,True,False,2018-2022,desconhecido,False
16156,0,0.637727,-0.802546,-1.440273,0.273910,FakeWhatsApp.BR_2018,whatsapp,v1,True,False,2018-2022,desconhecido,True
16187,0,0.572269,-0.819094,-1.391362,0.280770,FakeWhatsApp.BR_2018,whatsapp,v1,True,False,2018-2022,desconhecido,True
16153,1,-0.086613,-0.085338,0.001275,0.508504,FakeWhatsApp.BR_2018,whatsapp,v1,True,False,2018-2022,desconhecido,True
16152,1,-1.332968,1.524564,2.857532,0.884221,FakeWhatsApp.BR_2018,whatsapp,v1,True,False,2018-2022,desconhecido,True
16151,0,2.360933,-2.544327,-4.905260,0.032298,FakeWhatsApp.BR_2018,whatsapp,v1,True,False,2018-2022,desconhecido,False
16150,0,0.311886,-0.258548,-0.570434,0.409484,FakeWhatsApp.BR_2018,whatsapp,v1,True,False,2018-2022,desconhecido,True
16149,0,0.178620,-0.323477,-0.502097,0.421096,FakeWhatsApp.BR_2018,whatsapp,v1,True,False,2018-2022,desconhecido,True
16148,0,0.725419,-0.636961,-1.362380,0.284885,FakeWhatsApp.BR_2018,whatsapp,v1,True,False,2018-2022,desconhecido,False
16147,1,-1.351126,1.547537,2.898663,0.887136,FakeWhatsApp.BR_2018,whatsapp,v1,True,False,2018-2022,desconhecido,True
16146,0,1.176459,-1.361810,-2.538269,0.148891,FakeWhatsApp.BR_2018,whatsapp,v1,True,False,2018-2022,desconhecido,True
16145,0,1.086833,-1.452955,-2.539788,0.148756,FakeWhatsApp.BR_2018,whatsapp,v1,True,False,2018-2022,desconhecido,True
16144,0,0.854091,-1.075486,-1.929577,0.211264,FakeWhatsApp.BR_2018,whatsapp,v1,True,False,2018-2022,desconhecido,True
16143,0,0.445157,-0.669489,-1.114646,0.321480,FakeWhatsApp.BR_2018,whatsapp,v1,True,False,2018-2022,desconhecido,False
16142,1,-1.962999,2.180173,4.143172,0.949445,FakeWhatsApp.BR_2018,whatsapp,v1,True,False,2018-2022,desconhecido,True
16141,1,-2.439704,2.618088,5.057792,0.972693,FakeWhatsApp.BR_2018,whatsapp,v1,True,False,2018-2022,desconhecido,True
16140,0,0.573643,-0.607021,-1.180664,0.311486,FakeWhatsApp.BR_2018,whatsapp,v1,True,False,2018-2022,desconhecido,True
14810,1,-0.970545,1.274597,2.245142,0.832637,FakeWhatsApp.BR_2018,whatsapp,v1,True,False,2018-2022,desconhecido,False
16171,1,-1.140321,1.337151,2.477473,0.854089,FakeWhatsApp.BR_2018,whatsapp,v1,True,False,2018-2022,desconhecido,True
16137,0,1.400140,-1.441452,-2.841592,0.123943,FakeWhatsApp.BR_2018,whatsapp,v1,True,False,2018-2022,desconhecido,True
16136,1,-1.203017,1.351225,2.554242,0.860658,FakeWhatsApp.BR_2018,whatsapp,v1,True,False,2018-2022,desconhecido,True
16135,0,1.600173,-1.659496,-3.259669,0.095504,FakeWhatsApp.BR_2018,whatsapp,v1,True,False,2018-2022,desconhecido,True
16134,0,0.977037,-1.068973,-2.046010,0.198005,FakeWhatsApp.BR_2018,whatsapp,v1,True,False,2018-2022,desconhecido,True
16133,1,-2.008962,2.185932,4.194895,0.951154,FakeWhatsApp.BR_2018,whatsapp,v1,True,False,2018-2022,desconhecido,True
16132,1,-2.171538,2.482226,4.653764,0.964089,FakeWhatsApp.BR_2018,whatsapp,v1,True,False,2018-2022,desconhecido,True
16131,0,2.063176,-2.324252,-4.387428,0.045760,FakeWhatsApp.BR_2018,whatsapp,v1,True,False,2018-2022,desconhecido,True
16130,1,-0.888428,0.957877,1.846306,0.790062,FakeWhatsApp.BR_2018,whatsapp,v1,True,False,2018-2022,desconhecido,True
16129,1,-2.454931,2.765382,5.220312,0.975557,FakeWhatsApp.BR_2018,whatsapp,v1,True,False,2018-2022,desconhecido,False
16128,1,-1.620885,1.831650,3.452535,0.920521,FakeWhatsApp.BR_2018,whatsapp,v1,True,False,2018-2022,desconhecido,True
16127,0,1.590612,-1.907781,-3.498394,0.082014,FakeWhatsApp.BR_2018,whatsapp,v1,True,False,2018-2022,desconhecido,True
16126,1,-0.731312,0.700331,1.431643,0.737902,FakeWhatsApp.BR_2018,whatsapp,v1,True,False,2018-2022,desconhecido,True
16125,0,-0.659057,0.806592,1.465649,0.742479,FakeWhatsApp.BR_2018,whatsapp,v1,True,False,2018-2022,desconhecido,False
16124,0,0.231469,-0.362049,-0.593518,0.405583,FakeWhatsApp.BR_2018,whatsapp,v1,True,False,2018-2022,desconhecido,False
16155,0,0.195805,-0.322165,-0.517970,0.418391,FakeWhatsApp.BR_2018,whatsapp,v1,True,False,2018-2022,desconhecido,True
16154,0,-0.746637,0.583724,1.330361,0.723963,FakeWhatsApp.BR_2018,whatsapp,v1,True,False,2018-2022,desconhecido,False
16121,0,0.041785,-0.199609,-0.241393,0.466098,FakeWhatsApp.BR_2018,whatsapp,v1,True,False,2018-2022,desconhecido,True
16120,0,2.357437,-2.527956,-4.885393,0.032736,FakeWhatsApp.BR_2018,whatsapp,v1,True,False,2018-2022,desconhecido,True
16119,0,2.255846,-2.293200,-4.549046,0.041067,FakeWhatsApp.BR_2018,whatsapp,v1,True,False,2018-2022,desconhecido,True
16118,0,0.893102,-1.141270,-2.034372,0.199302,FakeWhatsApp.BR_2018,whatsapp,v1,True,False,2018-2022,desconhecido,True
16117,1,-1.812246,1.953979,3.766225,0.935172,FakeWhatsApp.BR_2018,whatsapp,v1,True,False,2018-2022,desconhecido,True
16116,0,1.875594,-2.240541,-4.116134,0.054804,FakeWhatsApp.BR_2018,whatsapp,v1,True,False,2018-2022,desconhecido,True
16115,1,-2.284840,2.491764,4.776604,0.966950,FakeWhatsApp.BR_2018,whatsapp,v1,True,False,2018-2022,desconhecido,False
16114,0,2.168914,-2.317501,-4.486415,0.042829,FakeWhatsApp.BR_2018,whatsapp,v1,True,False,2018-2022,desconhecido,True
16113,0,2.275840,-2.579090,-4.854929,0.033418,FakeWhatsApp.BR_2018,whatsapp,v1,True,False,2018-2022,desconhecido,True
16112,0,1.542493,-1.631502,-3.173995,0.100810,FakeWhatsApp.BR_2018,whatsapp,v1,True,False,2018-2022,desconhecido,True
16111,0,1.532528,-1.555788,-3.088316,0.106378,FakeWhatsApp.BR_2018,whatsapp,v1,True,False,2018-2022,desconhecido,True
16110,1,-0.393809,0.444454,0.838263,0.650174,FakeWhatsApp.BR_2018,whatsapp,v1,True,False,2018-2022,desconhecido,True
16109,0,0.170544,-0.367914,-0.538458,0.414906,FakeWhatsApp.BR_2018,whatsapp,v1,True,False,2018-2022,desconhecido,True
16108,0,0.933640,-1.076125,-2.009765,0.202064,FakeWhatsApp.BR_2018,whatsapp,v1,True,False,2018-2022,desconhecido,True
16139,1,-2.109990,2.310888,4.420878,0.957999,FakeWhatsApp.BR_2018,whatsapp,v1,True,False,2018-2022,desconhecido,False
16138,0,0.892427,-1.053549,-1.945976,0.209358,FakeWhatsApp.BR_2018,whatsapp,v1,True,False,2018-2022,desconhecido,False
16105,1,-0.606777,0.468337,1.075115,0.686879,FakeWhatsApp.BR_2018,whatsapp,v1,True,False,2018-2022,desconhecido,True
16104,1,-2.393380,2.677481,5.070861,0.972935,FakeWhatsApp.BR_2018,whatsapp,v1,True,False,2018-2022,desconhecido,True
16103,0,2.235231,-2.457764,-4.692995,0.037278,FakeWhatsApp.BR_2018,whatsapp,v1,True,False,2018-2022,desconhecido,True
16102,1,-1.562566,1.602884,3.165450,0.904524,FakeWhatsApp.BR_2018,whatsapp,v1,True,False,2018-2022,desconhecido,True
16101,0,1.752923,-2.050496,-3.803419,0.067310,FakeWhatsApp.BR_2018,whatsapp,v1,True,False,2018-2022,desconhecido,True
16100,1,-2.158592,2.453328,4.611920,0.963062,FakeWhatsApp.BR_2018,whatsapp,v1,True,False,2018-2022,desconhecido,False
16099,0,-0.224615,0.386575,0.611190,0.613223,FakeWhatsApp.BR_2018,whatsapp,v1,True,False,2018-2022,desconhecido,True
16098,0,-0.006082,0.048339,0.054420,0.517796,FakeWhatsApp.BR_2018,whatsapp,v1,True,False,2018-2022,desconhecido,True
16097,0,0.607434,-0.902881,-1.510315,0.264270,FakeWhatsApp.BR_2018,whatsapp,v1,True,False,2018-2022,desconhecido,False
16096,0,2.042252,-2.449245,-4.491497,0.042683,FakeWhatsApp.BR_2018,whatsapp,v1,True,False,2018-2022,desconhecido,True
16095,0,2.367210,-2.518462,-4.885673,0.032729,FakeWhatsApp.BR_2018,whatsapp,v1,True,False,2018-2022,desconhecido,True
16094,0,0.750574,-0.990323,-1.740897,0.234106,FakeWhatsApp.BR_2018,whatsapp,v1,True,False,2018-2022,desconhecido,False
16093,1,-1.533008,1.772676,3.305684,0.912670,FakeWhatsApp.BR_2018,whatsapp,v1,True,False,2018-2022,desconhecido,True
16092,1,-2.418720,2.617515,5.036235,0.972289,FakeWhatsApp.BR_2018,whatsapp,v1,True,False,2018-2022,desconhecido,True
16123,0,1.205697,-1.383410,-2.589107,0.144438,FakeWhatsApp.BR_2018,whatsapp,v1,True,False,2018-2022,desconhecido,True
16122,0,2.298556,-2.549811,-4.848367,0.033566,FakeWhatsApp.BR_2018,whatsapp,v1,True,False,2018-2022,desconhecido,False
16089,0,2.233954,-2.378718,-4.612672,0.039349,FakeWhatsApp.BR_2018,whatsapp,v1,True,False,2018-2022,desconhecido,True
16088,1,-2.393380,2.677481,5.070861,0.972935,FakeWhatsApp.BR_2018,whatsapp,v1,True,False,2018-2022,desconhecido,True
16087,1,-2.393380,2.677481,5.070861,0.972935,FakeWhatsApp.BR_2018,whatsapp,v1,True,False,2018-2022,desconhecido,True
16086,1,-2.126270,2.397365,4.523635,0.960800,FakeWhatsApp.BR_2018,whatsapp,v1,True,False,2018-2022,desconhecido,True
16085,1,-1.134058,1.275118,2.409176,0.848030,FakeWhatsApp.BR_2018,whatsapp,v1,True,False,2018-2022,desconhecido,True
16084,1,-0.813309,0.692939,1.506249,0.747874,FakeWhatsApp.BR_2018,whatsapp,v1,True,False,2018-2022,desconhecido,False
16083,0,1.590781,-1.671697,-3.262478,0.095334,FakeWhatsApp.BR_2018,whatsapp,v1,True,False,2018-2022,desconhecido,True
16082,0,2.705906,-3.061478,-5.767385,0.017928,FakeWhatsApp.BR_2018,whatsapp,v1,True,False,2018-2022,desconhecido,False
16081,0,2.661535,-3.000823,-5.662357,0.019269,FakeWhatsApp.BR_2018,whatsapp,v1,True,False,2018-2022,desconhecido,True
16080,0,2.610884,-2.955625,-5.566509,0.020579,FakeWhatsApp.BR_2018,whatsapp,v1,True,False,2018-2022,desconhecido,True
16079,0,2.588555,-2.928959,-5.517514,0.021281,FakeWhatsApp.BR_2018,whatsapp,v1,True,False,2018-2022,desconhecido,False
16078,0,2.630055,-2.976408,-5.606463,0.020023,FakeWhatsApp.BR_2018,whatsapp,v1,True,False,2018-2022,desconhecido,False
16077,0,2.610379,-2.962500,-5.572879,0.020489,FakeWhatsApp.BR_2018,whatsapp,v1,True,False,2018-2022,desconhecido,True
16076,0,2.501740,-2.845870,-5.347610,0.023904,FakeWhatsApp.BR_2018,whatsapp,v1,True,False,2018-2022,desconhecido,False
16107,1,-0.695529,0.894296,1.589825,0.758743,FakeWhatsApp.BR_2018,whatsapp,v1,True,False,2018-2022,desconhecido,False
16106,0,2.275840,-2.579090,-4.854929,0.033418,FakeWhatsApp.BR_2018,whatsapp,v1,True,False,2018-2022,desconhecido,True
16073,0,2.385087,-2.672065,-5.057153,0.029136,FakeWhatsApp.BR_2018,whatsapp,v1,True,False,2018-2022,desconhecido,True
16072,0,2.307013,-2.492586,-4.799599,0.034691,FakeWhatsApp.BR_2018,whatsapp,v1,True,False,2018-2022,desconhecido,False
16071,0,2.303192,-2.452562,-4.755754,0.035734,FakeWhatsApp.BR_2018,whatsapp,v1,True,False,2018-2022,desconhecido,True
16070,0,2.102311,-2.255801,-4.358112,0.046665,FakeWhatsApp.BR_2018,whatsapp,v1,True,False,2018-2022,desconhecido,True
16069,0,1.157307,-1.207583,-2.364890,0.164931,FakeWhatsApp.BR_2018,whatsapp,v1,True,False,2018-2022,desconhecido,False
16068,0,-0.663205,0.582689,1.245894,0.711995,FakeWhatsApp.BR_2018,whatsapp,v1,True,False,2018-2022,desconhecido,True
16067,0,1.403608,-1.558947,-2.962555,0.115039,FakeWhatsApp.BR_2018,whatsapp,v1,True,False,2018-2022,desconhecido,True
16066,1,1.463189,-1.882358,-3.345547,0.090437,FakeWhatsApp.BR_2018,whatsapp,v1,True,False,2018-2022,desconhecido,True
16065,0,0.192154,-0.302227,-0.494381,0.422413,FakeWhatsApp.BR_2018,whatsapp,v1,True,False,2018-2022,desconhecido,True
16064,0,1.344642,-1.527032,-2.871674,0.121675,FakeWhatsApp.BR_2018,whatsapp,v1,True,False,2018-2022,desconhecido,True
16063,0,2.477487,-2.864488,-5.341975,0.023997,FakeWhatsApp.BR_2018,whatsapp,v1,True,False,2018-2022,desconhecido,True
16062,0,1.571733,-1.985885,-3.557617,0.078947,FakeWhatsApp.BR_2018,whatsapp,v1,True,False,2018-2022,desconhecido,True
16061,0,-1.177398,1.215681,2.393078,0.846573,FakeWhatsApp.BR_2018,whatsapp,v1,True,False,2018-2022,desconhecido,False
16060,0,-1.160894,1.247288,2.408181,0.847941,FakeWhatsApp.BR_2018,whatsapp,v1,True,False,2018-2022,desconhecido,True
16091,0,0.982977,-1.036941,-2.019917,0.200921,FakeWhatsApp.BR_2018,whatsapp,v1,True,False,2018-2022,desconhecido,True
16090,0,0.393302,-0.651469,-1.044771,0.332239,FakeWhatsApp.BR_2018,whatsapp,v1,True,False,2018-2022,desconhecido,False
16057,0,0.827487,-1.201211,-2.028698,0.199936,FakeWhatsApp.BR_2018,whatsapp,v1,True,False,2018-2022,desconhecido,True
16056,1,-0.720075,0.719409,1.439485,0.738962,FakeWhatsApp.BR_2018,whatsapp,v1,True,False,2018-2022,desconhecido,True
16055,1,-1.786860,2.086082,3.872941,0.939555,FakeWhatsApp.BR_2018,whatsapp,v1,True,False,2018-2022,desconhecido,True
16054,1,-0.834530,0.954529,1.789059,0.783340,FakeWhatsApp.BR_2018,whatsapp,v1,True,False,2018-2022,desconhecido,True
16053,1,-2.499120,2.749093,5.248213,0.976018,FakeWhatsApp.BR_2018,whatsapp,v1,True,False,2018-2022,desconhecido,True
16052,1,-1.806192,2.054008,3.860200,0.939047,FakeWhatsApp.BR_2018,whatsapp,v1,True,False,2018-2022,desconhecido,False
16051,1,-1.593778,1.771722,3.365500,0.915949,FakeWhatsApp.BR_2018,whatsapp,v1,True,False,2018-2022,desconhecido,True
16050,0,0.004265,-0.463206,-0.467471,0.427015,FakeWhatsApp.BR_2018,whatsapp,v1,True,False,2018-2022,desconhecido,True
16049,1,-2.238942,2.509575,4.748518,0.966316,FakeWhatsApp.BR_2018,whatsapp,v1,True,False,2018-2022,desconhecido,False
16048,1,-1.363921,1.424210,2.788131,0.879155,FakeWhatsApp.BR_2018,whatsapp,v1,True,False,2018-2022,desconhecido,True
16047,0,2.308462,-2.301517,-4.609979,0.039420,FakeWhatsApp.BR_2018,whatsapp,v1,True,False,2018-2022,desconhecido,True
16046,0,0.141202,-0.264173,-0.405374,0.437681,FakeWhatsApp.BR_2018,whatsapp,v1,True,False,2018-2022,desconhecido,True
16045,1,-2.451747,2.754816,5.206563,0.975326,FakeWhatsApp.BR_2018,whatsapp,v1,True,False,2018-2022,desconhecido,True
16044,0,0.109149,-0.167443,-0.276591,0.459973,FakeWhatsApp.BR_2018,whatsapp,v1,True,False,2018-2022,desconhecido,False
16075,0,2.417609,-2.742553,-5.160162,0.027164,FakeWhatsApp.BR_2018,whatsapp,v1,True,False,2018-2022,desconhecido,True
16074,0,2.413588,-2.713608,-5.127195,0.027781,FakeWhatsApp.BR_2018,whatsapp,v1,True,False,2018-2022,desconhecido,True
16041,1,-2.146836,2.287952,4.434788,0.958389,FakeWhatsApp.BR_2018,whatsapp,v1,True,False,2018-2022,desconhecido,False
16040,0,0.966798,-1.213830,-2.180628,0.183468,FakeWhatsApp.BR_2018,whatsapp,v1,True,False,2018-2022,desconhecido,True
16039,1,-2.649286,2.909422,5.558708,0.980611,FakeWhatsApp.BR_2018,whatsapp,v1,True,False,2018-2022,desconhecido,True
16038,1,-0.893981,1.056065,1.950045,0.801851,FakeWhatsApp.BR_2018,whatsapp,v1,True,False,2018-2022,desconhecido,True
16037,0,-0.339689,0.135328,0.475017,0.590390,FakeWhatsApp.BR_2018,whatsapp,v1,True,False,2018-2022,desconhecido,True
16036,1,-2.584724,2.758135,5.342859,0.977521,FakeWhatsApp.BR_2018,whatsapp,v1,True,False,2018-2022,desconhecido,True
16035,0,0.348250,-0.279826,-0.628076,0.399765,FakeWhatsApp.BR_2018,whatsapp,v1,True,False,2018-2022,desconhecido,True
16034,0,0.581897,-0.659911,-1.241808,0.302383,FakeWhatsApp.BR_2018,whatsapp,v1,True,False,2018-2022,desconhecido,True
16033,1,-0.889651,0.904790,1.794441,0.783978,FakeWhatsApp.BR_2018,whatsapp,v1,True,False,2018-2022,desconhecido,False
16032,1,-0.538527,0.639346,1.177873,0.702135,FakeWhatsApp.BR_2018,whatsapp,v1,True,False,2018-2022,desconhecido,False
16031,1,-1.342533,1.246235,2.588768,0.863530,FakeWhatsApp.BR_2018,whatsapp,v1,True,False,2018-2022,desconhecido,True
16030,0,-1.848440,2.234210,4.082650,0.947372,FakeWhatsApp.BR_2018,whatsapp,v1,True,False,2018-2022,desconhecido,False
16029,0,1.748936,-2.176143,-3.925079,0.062157,FakeWhatsApp.BR_2018,whatsapp,v1,True,False,2018-2022,desconhecido,True
16028,1,-1.504627,1.620825,3.125453,0.902079,FakeWhatsApp.BR_2018,whatsapp,v1,True,False,2018-2022,desconhecido,True
16059,1,-0.565014,0.726689,1.291703,0.718524,FakeWhatsApp.BR_2018,whatsapp,v1,True,False,2018-2022,desconhecido,True
16058,1,0.128673,-0.104922,-0.233595,0.467457,FakeWhatsApp.BR_2018,whatsapp,v1,True,False,2018-2022,desconhecido,True
16025,1,-1.782139,2.006561,3.788701,0.936119,FakeWhatsApp.BR_2018,whatsapp,v1,True,False,2018-2022,desconhecido,False
16024,1,-2.008104,2.268692,4.276796,0.953749,FakeWhatsApp.BR_2018,whatsapp,v1,True,False,2018-2022,desconhecido,True
16023,0,-1.230998,1.488954,2.719952,0.873993,FakeWhatsApp.BR_2018,whatsapp,v1,True,False,2018-2022,desconhecido,True
16022,0,1.971880,-1.973832,-3.945712,0.061321,FakeWhatsApp.BR_2018,whatsapp,v1,True,False,2018-2022,desconhecido,False
16021,0,0.089316,-0.313420,-0.402736,0.438135,FakeWhatsApp.BR_2018,whatsapp,v1,True,False,2018-2022,desconhecido,True
16020,1,-1.508554,1.669721,3.178276,0.905296,FakeWhatsApp.BR_2018,whatsapp,v1,True,False,2018-2022,desconhecido,True
16019,0,-2.082971,2.318810,4.401781,0.957458,FakeWhatsApp.BR_2018,whatsapp,v1,True,False,2018-2022,desconhecido,True
16018,0,2.545467,-2.692767,-5.238234,0.025757,FakeWhatsApp.BR_2018,whatsapp,v1,True,False,2018-2022,desconhecido,True
16017,1,0.058046,-0.194808,-0.252854,0.464103,FakeWhatsApp.BR_2018,whatsapp,v1,True,False,2018-2022,desconhecido,False
16016,0,1.141640,-1.307757,-2.449397,0.156946,FakeWhatsApp.BR_2018,whatsapp,v1,True,False,2018-2022,desconhecido,True
16015,0,0.824627,-1.063137,-1.887764,0.216182,FakeWhatsApp.BR_2018,whatsapp,v1,True,False,2018-2022,desconhecido,False
16014,1,-0.908107,1.023610,1.931717,0.799805,FakeWhatsApp.BR_2018,whatsapp,v1,True,False,2018-2022,desconhecido,True
16013,1,-1.143597,1.282711,2.426308,0.849569,FakeWhatsApp.BR_2018,whatsapp,v1,True,False,2018-2022,desconhecido,True
16012,0,-1.396879,1.198443,2.595322,0.864070,FakeWhatsApp.BR_2018,whatsapp,v1,True,False,2018-2022,desconhecido,False
16043,0,-0.803773,0.978066,1.781839,0.782481,FakeWhatsApp.BR_2018,whatsapp,v1,True,False,2018-2022,desconhecido,True
16042,0,-0.794356,0.841840,1.636197,0.764633,FakeWhatsApp.BR_2018,whatsapp,v1,True,False,2018-2022,desconhecido,True
16009,1,-2.057292,2.498498,4.555790,0.961639,FakeWhatsApp.BR_2018,whatsapp,v1,True,False,2018-2022,desconhecido,True
16008,0,-0.488088,0.211708,0.699796,0.627824,FakeWhatsApp.BR_2018,whatsapp,v1,True,False,2018-2022,desconhecido,True
16007,0,1.056337,-1.220820,-2.277157,0.173563,FakeWhatsApp.BR_2018,whatsapp,v1,True,False,2018-2022,desconhecido,False
16006,1,-2.352664,2.622165,4.974829,0.971108,FakeWhatsApp.BR_2018,whatsapp,v1,True,False,2018-2022,desconhecido,True
16005,1,-2.248114,2.488115,4.736229,0.966035,FakeWhatsApp.BR_2018,whatsapp,v1,True,False,2018-2022,desconhecido,False
16004,1,-1.780592,1.971318,3.751909,0.934562,FakeWhatsApp.BR_2018,whatsapp,v1,True,False,2018-2022,desconhecido,True
16003,0,1.906596,-1.970654,-3.877250,0.064138,FakeWhatsApp.BR_2018,whatsapp,v1,True,False,2018-2022,desconhecido,True
16002,1,-2.509111,2.801672,5.310782,0.977022,FakeWhatsApp.BR_2018,whatsapp,v1,True,False,2018-2022,desconhecido,True
16001,1,-0.333187,0.280144,0.613331,0.613579,FakeWhatsApp.BR_2018,whatsapp,v1,True,False,2018-2022,desconhecido,True
16000,0,2.871031,-3.193336,-6.064366,0.014613,FakeWhatsApp.BR_2018,whatsapp,v1,True,False,2018-2022,desconhecido,True
15999,1,-2.315472,2.548736,4.864208,0.968854,FakeWhatsApp.BR_2018,whatsapp,v1,True,False,2018-2022,desconhecido,True
15998,1,-1.644004,2.013292,3.657295,0.930394,FakeWhatsApp.BR_2018,whatsapp,v1,True,False,2018-2022,desconhecido,False
15997,1,-2.085272,2.252142,4.337414,0.955585,FakeWhatsApp.BR_2018,whatsapp,v1,True,False,2018-2022,desconhecido,True
15996,0,0.231241,-0.189663,-0.420904,0.435008,FakeWhatsApp.BR_2018,whatsapp,v1,True,False,2018-2022,desconhecido,False
16027,0,2.200753,-2.554594,-4.755346,0.035743,FakeWhatsApp.BR_2018,whatsapp,v1,True,False,2018-2022,desconhecido,True
16026,0,2.252428,-2.556025,-4.808454,0.034484,FakeWhatsApp.BR_2018,whatsapp,v1,True,False,2018-2022,desconhecido,True
15993,0,2.764836,-3.167943,-5.932778,0.016000,FakeWhatsApp.BR_2018,whatsapp,v1,True,False,2018-2022,desconhecido,True
15992,0,-0.360382,0.396853,0.757235,0.637168,FakeWhatsApp.BR_2018,whatsapp,v1,True,False,2018-2022,desconhecido,False
15991,1,-1.811252,2.002722,3.813974,0.937169,FakeWhatsApp.BR_2018,whatsapp,v1,True,False,2018-2022,desconhecido,False
15990,0,0.345834,-0.210934,-0.556768,0.411798,FakeWhatsApp.BR_2018,whatsapp,v1,True,False,2018-2022,desconhecido,True
15989,0,0.752373,-0.829000,-1.581373,0.254714,FakeWhatsApp.BR_2018,whatsapp,v1,True,False,2018-2022,desconhecido,False
15988,0,0.841789,-0.891184,-1.732973,0.235102,FakeWhatsApp.BR_2018,whatsapp,v1,True,False,2018-2022,desconhecido,True
15987,1,-1.883973,2.127063,4.011036,0.944817,FakeWhatsApp.BR_2018,whatsapp,v1,True,False,2018-2022,desconhecido,True
15986,1,-1.377412,1.564790,2.942202,0.890151,FakeWhatsApp.BR_2018,whatsapp,v1,True,False,2018-2022,desconhecido,True
15985,0,0.090222,-0.108271,-0.198493,0.473577,FakeWhatsApp.BR_2018,whatsapp,v1,True,False,2018-2022,desconhecido,False
15984,0,-0.398966,0.465322,0.864288,0.654305,FakeWhatsApp.BR_2018,whatsapp,v1,True,False,2018-2022,desconhecido,False
15983,1,-1.216372,1.482772,2.699145,0.872381,FakeWhatsApp.BR_2018,whatsapp,v1,True,False,2018-2022,desconhecido,True
15982,0,2.601920,-2.756850,-5.358770,0.023723,FakeWhatsApp.BR_2018,whatsapp,v1,True,False,2018-2022,desconhecido,True
15981,1,-1.640797,2.014544,3.655341,0.930305,FakeWhatsApp.BR_2018,whatsapp,v1,True,False,2018-2022,desconhecido,True
15980,1,-1.568959,1.867813,3.436773,0.919710,FakeWhatsApp.BR_2018,whatsapp,v1,True,False,2018-2022,desconhecido,True
16011,0,2.357752,-2.703916,-5.061668,0.029047,FakeWhatsApp.BR_2018,whatsapp,v1,True,False,2018-2022,desconhecido,True
16010,0,1.060413,-1.312066,-2.372480,0.164201,FakeWhatsApp.BR_2018,whatsapp,v1,True,False,2018-2022,desconhecido,True
15977,1,-2.141273,2.452725,4.593998,0.962613,FakeWhatsApp.BR_2018,whatsapp,v1,True,False,2018-2022,desconhecido,True
15976,0,0.413720,-0.538188,-0.951908,0.346812,FakeWhatsApp.BR_2018,whatsapp,v1,True,False,2018-2022,desconhecido,True
15975,1,-0.781804,0.879822,1.661626,0.767821,FakeWhatsApp.BR_2018,whatsapp,v1,True,False,2018-2022,desconhecido,True
15974,1,-1.595215,1.749850,3.345065,0.914841,FakeWhatsApp.BR_2018,whatsapp,v1,True,False,2018-2022,desconhecido,False
15973,1,0.207187,-0.394838,-0.602026,0.404148,FakeWhatsApp.BR_2018,whatsapp,v1,True,False,2018-2022,desconhecido,True
15972,1,-1.814662,2.117077,3.931739,0.941851,FakeWhatsApp.BR_2018,whatsapp,v1,True,False,2018-2022,desconhecido,True
15971,1,-2.596003,2.890661,5.486665,0.979629,FakeWhatsApp.BR_2018,whatsapp,v1,True,False,2018-2022,desconhecido,True
15970,0,1.841616,-1.920199,-3.761816,0.069161,FakeWhatsApp.BR_2018,whatsapp,v1,True,False,2018-2022,desconhecido,True
15969,0,0.225438,-0.379019,-0.604457,0.403738,FakeWhatsApp.BR_2018,whatsapp,v1,True,False,2018-2022,desconhecido,True
15968,1,-1.272944,1.368055,2.640999,0.867781,FakeWhatsApp.BR_2018,whatsapp,v1,True,False,2018-2022,desconhecido,False
15967,1,-1.615572,1.670744,3.286316,0.911583,FakeWhatsApp.BR_2018,whatsapp,v1,True,False,2018-2022,desconhecido,True
15966,0,0.696742,-0.615916,-1.312658,0.292027,FakeWhatsApp.BR_2018,whatsapp,v1,True,False,2018-2022,desconhecido,True
15965,0,2.334658,-2.559276,-4.893934,0.032547,FakeWhatsApp.BR_2018,whatsapp,v1,True,False,2018-2022,desconhecido,True
15964,1,-1.173061,1.406931,2.579991,0.862805,FakeWhatsApp.BR_2018,whatsapp,v1,True,False,2018-2022,desconhecido,True
15995,0,2.764836,-3.167943,-5.932778,0.016000,FakeWhatsApp.BR_2018,whatsapp,v1,True,False,2018-2022,desconhecido,True
15994,0,2.764836,-3.167943,-5.932778,0.016000,FakeWhatsApp.BR_2018,whatsapp,v1,True,False,2018-2022,desconhecido,True
15961,1,-1.776834,2.002755,3.779590,0.935737,FakeWhatsApp.BR_2018,whatsapp,v1,True,False,2018-2022,desconhecido,True
15960,0,2.379194,-2.464320,-4.843514,0.033677,FakeWhatsApp.BR_2018,whatsapp,v1,True,False,2018-2022,desconhecido,False
15959,1,-2.402185,2.715679,5.117864,0.973788,FakeWhatsApp.BR_2018,whatsapp,v1,True,False,2018-2022,desconhecido,True
15958,1,-2.352087,2.704471,5.056559,0.972670,FakeWhatsApp.BR_2018,whatsapp,v1,True,False,2018-2022,desconhecido,True
15957,0,1.449239,-1.620166,-3.069405,0.107642,FakeWhatsApp.BR_2018,whatsapp,v1,True,False,2018-2022,desconhecido,True
15956,0,1.504748,-1.761361,-3.266109,0.095115,FakeWhatsApp.BR_2018,whatsapp,v1,True,False,2018-2022,desconhecido,True
15955,0,2.203140,-2.447371,-4.650511,0.038360,FakeWhatsApp.BR_2018,whatsapp,v1,True,False,2018-2022,desconhecido,True
15954,0,2.086059,-2.206780,-4.292839,0.048740,FakeWhatsApp.BR_2018,whatsapp,v1,True,False,2018-2022,desconhecido,False
15953,0,1.895635,-2.016807,-3.912442,0.062675,FakeWhatsApp.BR_2018,whatsapp,v1,True,False,2018-2022,desconhecido,True
15952,0,1.028430,-1.311813,-2.340243,0.167321,FakeWhatsApp.BR_2018,whatsapp,v1,True,False,2018-2022,desconhecido,True
15951,0,-0.241883,-0.025805,0.216079,0.545959,FakeWhatsApp.BR_2018,whatsapp,v1,True,False,2018-2022,desconhecido,False
15950,0,0.883616,-1.098898,-1.982514,0.205157,FakeWhatsApp.BR_2018,whatsapp,v1,True,False,2018-2022,desconhecido,True
15949,0,2.210874,-2.146272,-4.357146,0.046695,FakeWhatsApp.BR_2018,whatsapp,v1,True,False,2018-2022,desconhecido,True
15948,1,-1.588390,1.877941,3.466331,0.921225,FakeWhatsApp.BR_2018,whatsapp,v1,True,False,2018-2022,desconhecido,False
15979,1,-2.008962,2.185932,4.194895,0.951154,FakeWhatsApp.BR_2018,whatsapp,v1,True,False,2018-2022,desconhecido,False
15978,1,-1.130328,1.165862,2.296190,0.837557,FakeWhatsApp.BR_2018,whatsapp,v1,True,False,2018-2022,desconhecido,True
15945,1,-2.155396,2.307225,4.462621,0.959159,FakeWhatsApp.BR_2018,whatsapp,v1,True,False,2018-2022,desconhecido,False
15944,0,1.815019,-1.994160,-3.809179,0.067057,FakeWhatsApp.BR_2018,whatsapp,v1,True,False,2018-2022,desconhecido,True
15943,0,-0.373328,0.394844,0.768171,0.638936,FakeWhatsApp.BR_2018,whatsapp,v1,True,False,2018-2022,desconhecido,True
15942,1,-1.553857,1.592887,3.146744,0.903387,FakeWhatsApp.BR_2018,whatsapp,v1,True,False,2018-2022,desconhecido,True
15941,1,-1.530334,1.702868,3.233202,0.908541,FakeWhatsApp.BR_2018,whatsapp,v1,True,False,2018-2022,desconhecido,True
15940,1,-2.152683,2.360405,4.513088,0.960521,FakeWhatsApp.BR_2018,whatsapp,v1,True,False,2018-2022,desconhecido,True
15939,0,-0.265348,0.309545,0.574893,0.607181,FakeWhatsApp.BR_2018,whatsapp,v1,True,False,2018-2022,desconhecido,False
15938,0,-0.279399,0.329436,0.608834,0.612832,FakeWhatsApp.BR_2018,whatsapp,v1,True,False,2018-2022,desconhecido,True
15937,0,2.193570,-2.386265,-4.579835,0.040227,FakeWhatsApp.BR_2018,whatsapp,v1,True,False,2018-2022,desconhecido,True
15936,0,0.224545,-0.306209,-0.530755,0.416215,FakeWhatsApp.BR_2018,whatsapp,v1,True,False,2018-2022,desconhecido,True
15935,0,2.280068,-2.424386,-4.704454,0.036992,FakeWhatsApp.BR_2018,whatsapp,v1,True,False,2018-2022,desconhecido,True
15934,0,2.296112,-2.486958,-4.783069,0.035081,FakeWhatsApp.BR_2018,whatsapp,v1,True,False,2018-2022,desconhecido,False
15933,0,0.936732,-1.086687,-2.023419,0.200528,FakeWhatsApp.BR_2018,whatsapp,v1,True,False,2018-2022,desconhecido,True
15932,1,-2.482743,2.894680,5.377423,0.978046,FakeWhatsApp.BR_2018,whatsapp,v1,True,False,2018-2022,desconhecido,False
15963,0,-0.346860,0.454156,0.801017,0.644222,FakeWhatsApp.BR_2018,whatsapp,v1,True,False,2018-2022,desconhecido,False
15962,0,0.157138,-0.277301,-0.434438,0.432681,FakeWhatsApp.BR_2018,whatsapp,v1,True,False,2018-2022,desconhecido,True
15929,1,-0.646074,0.802827,1.448902,0.740231,FakeWhatsApp.BR_2018,whatsapp,v1,True,False,2018-2022,desconhecido,True
15928,0,0.052046,-0.091570,-0.143616,0.483160,FakeWhatsApp.BR_2018,whatsapp,v1,True,False,2018-2022,desconhecido,True
15927,0,-0.030557,-0.157533,-0.126976,0.486069,FakeWhatsApp.BR_2018,whatsapp,v1,True,False,2018-2022,desconhecido,True
15926,1,-0.719951,0.776604,1.496556,0.746593,FakeWhatsApp.BR_2018,whatsapp,v1,True,False,2018-2022,desconhecido,True
15925,0,0.787022,-0.812196,-1.599218,0.252351,FakeWhatsApp.BR_2018,whatsapp,v1,True,False,2018-2022,desconhecido,True
15924,0,2.006264,-2.375272,-4.381536,0.045941,FakeWhatsApp.BR_2018,whatsapp,v1,True,False,2018-2022,desconhecido,True
15923,0,1.638515,-2.092180,-3.730696,0.070576,FakeWhatsApp.BR_2018,whatsapp,v1,True,False,2018-2022,desconhecido,True
15922,1,-2.600945,2.869069,5.470015,0.979395,FakeWhatsApp.BR_2018,whatsapp,v1,True,False,2018-2022,desconhecido,False
15921,1,-1.636836,1.729707,3.366543,0.916005,FakeWhatsApp.BR_2018,whatsapp,v1,True,False,2018-2022,desconhecido,True
15920,0,2.872742,-3.197887,-6.070629,0.014550,FakeWhatsApp.BR_2018,whatsapp,v1,True,False,2018-2022,desconhecido,False
15919,0,1.320319,-1.502655,-2.822974,0.125364,FakeWhatsApp.BR_2018,whatsapp,v1,True,False,2018-2022,desconhecido,True
15918,0,2.088081,-2.273466,-4.361547,0.046558,FakeWhatsApp.BR_2018,whatsapp,v1,True,False,2018-2022,desconhecido,True
15917,1,-2.836843,3.252013,6.088857,0.986541,FakeWhatsApp.BR_2018,whatsapp,v1,True,False,2018-2022,desconhecido,True
15916,0,0.772309,-0.979103,-1.751412,0.232789,FakeWhatsApp.BR_2018,whatsapp,v1,True,False,2018-2022,desconhecido,True
15947,1,-2.546292,2.853209,5.399501,0.978376,FakeWhatsApp.BR_2018,whatsapp,v1,True,False,2018-2022,desconhecido,True
15946,0,1.893103,-1.955863,-3.848966,0.065336,FakeWhatsApp.BR_2018,whatsapp,v1,True,False,2018-2022,desconhecido,False
15913,1,-1.991492,2.326410,4.317902,0.955002,FakeWhatsApp.BR_2018,whatsapp,v1,True,False,2018-2022,desconhecido,True
15912,0,2.498253,-2.902862,-5.401114,0.023046,FakeWhatsApp.BR_2018,whatsapp,v1,True,False,2018-2022,desconhecido,True
15911,0,0.259260,-0.337102,-0.596362,0.405103,FakeWhatsApp.BR_2018,whatsapp,v1,True,False,2018-2022,desconhecido,True
15910,0,2.596696,-3.047903,-5.644600,0.019506,FakeWhatsApp.BR_2018,whatsapp,v1,True,False,2018-2022,desconhecido,True
15909,1,-0.025775,-0.251027,-0.225253,0.468910,FakeWhatsApp.BR_2018,whatsapp,v1,True,False,2018-2022,desconhecido,True
15908,1,-0.036953,-0.166413,-0.129460,0.485635,FakeWhatsApp.BR_2018,whatsapp,v1,True,False,2018-2022,desconhecido,True
15907,0,2.596696,-3.047903,-5.644600,0.019506,FakeWhatsApp.BR_2018,whatsapp,v1,True,False,2018-2022,desconhecido,False
15906,0,1.662149,-1.836069,-3.498218,0.082023,FakeWhatsApp.BR_2018,whatsapp,v1,True,False,2018-2022,desconhecido,False
15905,0,2.596696,-3.047903,-5.644600,0.019506,FakeWhatsApp.BR_2018,whatsapp,v1,True,False,2018-2022,desconhecido,False
15904,0,-0.031037,0.232365,0.263402,0.554156,FakeWhatsApp.BR_2018,whatsapp,v1,True,False,2018-2022,desconhecido,True
15903,0,2.052519,-2.104720,-4.157239,0.053333,FakeWhatsApp.BR_2018,whatsapp,v1,True,False,2018-2022,desconhecido,True
15902,0,-1.634447,1.853693,3.488140,0.922325,FakeWhatsApp.BR_2018,whatsapp,v1,True,False,2018-2022,desconhecido,True
15901,0,0.106886,-0.268078,-0.374964,0.442926,FakeWhatsApp.BR_2018,whatsapp,v1,True,False,2018-2022,desconhecido,False
15900,0,2.466928,-2.700819,-5.167746,0.027024,FakeWhatsApp.BR_2018,whatsapp,v1,True,False,2018-2022,desconhecido,True
15931,1,-1.061179,1.006446,2.067624,0.814602,FakeWhatsApp.BR_2018,whatsapp,v1,True,False,2018-2022,desconhecido,True
15930,0,2.385619,-2.614361,-4.999979,0.030289,FakeWhatsApp.BR_2018,whatsapp,v1,True,False,2018-2022,desconhecido,True
15897,0,2.043988,-2.319085,-4.363073,0.046510,FakeWhatsApp.BR_2018,whatsapp,v1,True,False,2018-2022,desconhecido,True
15896,1,-2.160338,2.467874,4.628213,0.963465,FakeWhatsApp.BR_2018,whatsapp,v1,True,False,2018-2022,desconhecido,False
15895,0,-0.322189,0.328017,0.650205,0.619679,FakeWhatsApp.BR_2018,whatsapp,v1,True,False,2018-2022,desconhecido,False
15894,0,2.750430,-3.107886,-5.858315,0.016841,FakeWhatsApp.BR_2018,whatsapp,v1,True,False,2018-2022,desconhecido,True
15893,0,2.750430,-3.107886,-5.858315,0.016841,FakeWhatsApp.BR_2018,whatsapp,v1,True,False,2018-2022,desconhecido,False
15892,1,1.160065,-1.646292,-2.806357,0.126645,FakeWhatsApp.BR_2018,whatsapp,v1,True,False,2018-2022,desconhecido,False
15891,1,-2.160338,2.467874,4.628213,0.963465,FakeWhatsApp.BR_2018,whatsapp,v1,True,False,2018-2022,desconhecido,True
15890,1,-2.015510,2.009489,4.024998,0.945324,FakeWhatsApp.BR_2018,whatsapp,v1,True,False,2018-2022,desconhecido,False
15889,0,-0.866567,1.054744,1.921311,0.798636,FakeWhatsApp.BR_2018,whatsapp,v1,True,False,2018-2022,desconhecido,True
15888,0,2.695101,-3.119581,-5.814682,0.017355,FakeWhatsApp.BR_2018,whatsapp,v1,True,False,2018-2022,desconhecido,True
15887,0,2.610862,-3.021824,-5.632686,0.019666,FakeWhatsApp.BR_2018,whatsapp,v1,True,False,2018-2022,desconhecido,True
15886,1,-0.318207,0.318592,0.636799,0.617465,FakeWhatsApp.BR_2018,whatsapp,v1,True,False,2018-2022,desconhecido,True
15885,1,-2.107577,2.291847,4.399425,0.957391,FakeWhatsApp.BR_2018,whatsapp,v1,True,False,2018-2022,desconhecido,True
15884,1,-2.158322,2.341581,4.499904,0.960169,FakeWhatsApp.BR_2018,whatsapp,v1,True,False,2018-2022,desconhecido,True
15915,1,-2.828024,3.060348,5.888372,0.984545,FakeWhatsApp.BR_2018,whatsapp,v1,True,False,2018-2022,desconhecido,True
15914,1,-0.035488,0.158906,0.194394,0.542194,FakeWhatsApp.BR_2018,whatsapp,v1,True,False,2018-2022,desconhecido,True
14809,0,2.559271,-2.787231,-5.346502,0.023922,FakeWhatsApp.BR_2018,whatsapp,v1,True,False,2018-2022,desconhecido,False
14808,0,2.007697,-1.992544,-4.000241,0.059161,FakeWhatsApp.BR_2018,whatsapp,v1,True,False,2018-2022,desconhecido,True
14807,0,0.501182,-0.652826,-1.154008,0.315501,FakeWhatsApp.BR_2018,whatsapp,v1,True,False,2018-2022,desconhecido,True
14806,0,0.323560,-0.249001,-0.572561,0.409124,FakeWhatsApp.BR_2018,whatsapp,v1,True,False,2018-2022,desconhecido,False
14805,0,1.393789,-1.422229,-2.816018,0.125899,FakeWhatsApp.BR_2018,whatsapp,v1,True,False,2018-2022,desconhecido,True
14804,0,2.068633,-2.298390,-4.367023,0.046388,FakeWhatsApp.BR_2018,whatsapp,v1,True,False,2018-2022,desconhecido,True
14803,1,-1.133562,1.371997,2.505559,0.856521,FakeWhatsApp.BR_2018,whatsapp,v1,True,False,2018-2022,desconhecido,True
14802,0,2.059414,-2.141051,-4.200466,0.051826,FakeWhatsApp.BR_2018,whatsapp,v1,True,False,2018-2022,desconhecido,False
14801,0,-2.531799,2.981487,5.513286,0.979998,FakeWhatsApp.BR_2018,whatsapp,v1,True,False,2018-2022,desconhecido,True
14800,1,-2.199628,2.540483,4.740111,0.966124,FakeWhatsApp.BR_2018,whatsapp,v1,True,False,2018-2022,desconhecido,True
14799,0,2.389794,-2.374079,-4.763873,0.035538,FakeWhatsApp.BR_2018,whatsapp,v1,True,False,2018-2022,desconhecido,True
14798,1,-1.084137,1.369250,2.453387,0.851975,FakeWhatsApp.BR_2018,whatsapp,v1,True,False,2018-2022,desconhecido,True
14797,0,0.521022,-0.625673,-1.146695,0.316607,FakeWhatsApp.BR_2018,whatsapp,v1,True,False,2018-2022,desconhecido,False
14796,0,2.387017,-2.552888,-4.939906,0.031549,FakeWhatsApp.BR_2018,whatsapp,v1,True,False,2018-2022,desconhecido,False
15899,0,0.945998,-1.169938,-2.115937,0.190348,FakeWhatsApp.BR_2018,whatsapp,v1,True,False,2018-2022,desconhecido,False
15898,0,0.839587,-1.054367,-1.893954,0.215448,FakeWhatsApp.BR_2018,whatsapp,v1,True,False,2018-2022,desconhecido,True
14795,1,-2.816461,3.043624,5.860085,0.984240,FakeWhatsApp.BR_2018,whatsapp,v1,True,False,2018-2022,desconhecido,True
14826,0,1.126628,-1.290981,-2.417609,0.159912,FakeWhatsApp.BR_2018,whatsapp,v1,True,False,2018-2022,desconhecido,True
14825,0,-0.879505,1.007681,1.887186,0.794768,FakeWhatsApp.BR_2018,whatsapp,v1,True,False,2018-2022,desconhecido,True
14824,1,-1.029440,1.082289,2.111730,0.819219,FakeWhatsApp.BR_2018,whatsapp,v1,True,False,2018-2022,desconhecido,False
14823,1,-2.491531,2.774613,5.266144,0.976310,FakeWhatsApp.BR_2018,whatsapp,v1,True,False,2018-2022,desconhecido,True
14822,0,0.905132,-1.147416,-2.052547,0.197279,FakeWhatsApp.BR_2018,whatsapp,v1,True,False,2018-2022,desconhecido,False
14821,1,-2.431799,2.671587,5.103385,0.973528,FakeWhatsApp.BR_2018,whatsapp,v1,True,False,2018-2022,desconhecido,True
14820,1,-1.233002,1.389089,2.622090,0.866255,FakeWhatsApp.BR_2018,whatsapp,v1,True,False,2018-2022,desconhecido,False
14819,1,-1.742648,2.012863,3.755511,0.934716,FakeWhatsApp.BR_2018,whatsapp,v1,True,False,2018-2022,desconhecido,True
14818,1,-0.120276,0.124846,0.245122,0.550992,FakeWhatsApp.BR_2018,whatsapp,v1,True,False,2018-2022,desconhecido,False
14817,1,0.643852,-0.665051,-1.308903,0.292570,FakeWhatsApp.BR_2018,whatsapp,v1,True,False,2018-2022,desconhecido,True
14816,1,-0.636402,0.647192,1.283594,0.717375,FakeWhatsApp.BR_2018,whatsapp,v1,True,False,2018-2022,desconhecido,True
14815,1,-1.174571,1.056936,2.231507,0.831303,FakeWhatsApp.BR_2018,whatsapp,v1,True,False,2018-2022,desconhecido,True
14814,1,-1.724920,1.933968,3.658888,0.930466,FakeWhatsApp.BR_2018,whatsapp,v1,True,False,2018-2022,desconhecido,True
14813,0,2.005004,-2.059644,-4.064648,0.056701,FakeWhatsApp.BR_2018,whatsapp,v1,True,False,2018-2022,desconhecido,False
14812,0,-1.921832,2.206429,4.128262,0.948941,FakeWhatsApp.BR_2018,whatsapp,v1,True,False,2018-2022,desconhecido,False
14811,1,-2.241227,2.580265,4.821492,0.967939,FakeWhatsApp.BR_2018,whatsapp,v1,True,False,2018-2022,desconhecido,False
14842,1,0.135610,-0.230999,-0.366609,0.444369,FakeWhatsApp.BR_2018,whatsapp,v1,True,False,2018-2022,desconhecido,True
14841,1,-1.812552,2.112243,3.924796,0.941584,FakeWhatsApp.BR_2018,whatsapp,v1,True,False,2018-2022,desconhecido,True
14840,0,0.904055,-1.108275,-2.012329,0.201775,FakeWhatsApp.BR_2018,whatsapp,v1,True,False,2018-2022,desconhecido,True
14839,1,-0.771051,0.923929,1.694981,0.771957,FakeWhatsApp.BR_2018,whatsapp,v1,True,False,2018-2022,desconhecido,True
14838,1,-1.936605,2.145337,4.081942,0.947348,FakeWhatsApp.BR_2018,whatsapp,v1,True,False,2018-2022,desconhecido,True
14837,0,1.918538,-2.184767,-4.103305,0.055271,FakeWhatsApp.BR_2018,whatsapp,v1,True,False,2018-2022,desconhecido,True
14836,0,-0.199905,0.124459,0.324364,0.564671,FakeWhatsApp.BR_2018,whatsapp,v1,True,False,2018-2022,desconhecido,True
14835,1,-1.488223,1.655040,3.143263,0.903174,FakeWhatsApp.BR_2018,whatsapp,v1,True,False,2018-2022,desconhecido,True
14834,1,-0.726484,0.917033,1.643518,0.765554,FakeWhatsApp.BR_2018,whatsapp,v1,True,False,2018-2022,desconhecido,True
14833,1,0.009321,-0.011837,-0.021158,0.504580,FakeWhatsApp.BR_2018,whatsapp,v1,True,False,2018-2022,desconhecido,True
14832,1,-0.841661,0.931276,1.772938,0.781419,FakeWhatsApp.BR_2018,whatsapp,v1,True,False,2018-2022,desconhecido,True
14831,0,1.968038,-2.274514,-4.242552,0.050397,FakeWhatsApp.BR_2018,whatsapp,v1,True,False,2018-2022,desconhecido,False
14830,0,-0.324786,0.452636,0.777422,0.640428,FakeWhatsApp.BR_2018,whatsapp,v1,True,False,2018-2022,desconhecido,True
14829,1,-2.600402,2.933343,5.533745,0.980277,FakeWhatsApp.BR_2018,whatsapp,v1,True,False,2018-2022,desconhecido,True
14828,1,-1.627100,1.762797,3.389897,0.917254,FakeWhatsApp.BR_2018,whatsapp,v1,True,False,2018-2022,desconhecido,True
15869,0,2.540751,-2.983647,-5.524398,0.021181,FakeWhatsApp.BR_2018,whatsapp,v1,True,False,2018-2022,desconhecido,True
15868,1,0.288853,-0.270289,-0.559142,0.411396,FakeWhatsApp.BR_2018,whatsapp,v1,True,False,2018-2022,desconhecido,True
14827,1,-1.107019,1.243956,2.350975,0.842706,FakeWhatsApp.BR_2018,whatsapp,v1,True,False,2018-2022,desconhecido,False
14858,0,2.173128,-2.224588,-4.397717,0.045447,FakeWhatsApp.BR_2018,whatsapp,v1,True,False,2018-2022,desconhecido,False
14857,1,-1.100959,1.270036,2.370995,0.844555,FakeWhatsApp.BR_2018,whatsapp,v1,True,False,2018-2022,desconhecido,True
14856,0,1.753598,-1.951949,-3.705548,0.071740,FakeWhatsApp.BR_2018,whatsapp,v1,True,False,2018-2022,desconhecido,False
14855,1,-1.534857,1.540137,3.074994,0.898914,FakeWhatsApp.BR_2018,whatsapp,v1,True,False,2018-2022,desconhecido,True
14854,1,-1.519300,1.757794,3.277094,0.911061,FakeWhatsApp.BR_2018,whatsapp,v1,True,False,2018-2022,desconhecido,True
14853,0,1.113505,-1.315045,-2.428551,0.158886,FakeWhatsApp.BR_2018,whatsapp,v1,True,False,2018-2022,desconhecido,True
14852,1,-2.316250,2.440798,4.757048,0.966510,FakeWhatsApp.BR_2018,whatsapp,v1,True,False,2018-2022,desconhecido,True
14851,1,-0.848804,0.878296,1.727100,0.775890,FakeWhatsApp.BR_2018,whatsapp,v1,True,False,2018-2022,desconhecido,True
14850,1,-2.372010,2.626184,4.998193,0.971563,FakeWhatsApp.BR_2018,whatsapp,v1,True,False,2018-2022,desconhecido,False
14848,1,-1.091960,1.295012,2.386972,0.846017,FakeWhatsApp.BR_2018,whatsapp,v1,True,False,2018-2022,desconhecido,True
14157,1,-2.015337,2.100926,4.116263,0.948533,FakeWhatsApp.BR_2018,whatsapp,v1,True,False,2018-2022,desconhecido,True
14847,0,1.825285,-2.198304,-4.023589,0.058258,FakeWhatsApp.BR_2018,whatsapp,v1,True,False,2018-2022,desconhecido,True
14846,1,-1.339273,1.681146,3.020419,0.895391,FakeWhatsApp.BR_2018,whatsapp,v1,True,False,2018-2022,desconhecido,False
14845,1,-1.531844,1.810729,3.342574,0.914705,FakeWhatsApp.BR_2018,whatsapp,v1,True,False,2018-2022,desconhecido,True
14844,0,0.509608,-0.740705,-1.250312,0.301129,FakeWhatsApp.BR_2018,whatsapp,v1,True,False,2018-2022,desconhecido,True
15883,0,2.949923,-3.261408,-6.211331,0.013203,FakeWhatsApp.BR_2018,whatsapp,v1,True,False,2018-2022,desconhecido,False
15882,1,-0.730384,0.788747,1.519131,0.749570,FakeWhatsApp.BR_2018,whatsapp,v1,True,False,2018-2022,desconhecido,True
15881,0,1.066455,-1.295500,-2.361955,0.165214,FakeWhatsApp.BR_2018,whatsapp,v1,True,False,2018-2022,desconhecido,True
15880,0,2.229185,-2.303616,-4.532801,0.041517,FakeWhatsApp.BR_2018,whatsapp,v1,True,False,2018-2022,desconhecido,True
15879,0,2.668362,-3.052582,-5.720943,0.018510,FakeWhatsApp.BR_2018,whatsapp,v1,True,False,2018-2022,desconhecido,True
15878,0,2.725902,-3.131608,-5.857511,0.016851,FakeWhatsApp.BR_2018,whatsapp,v1,True,False,2018-2022,desconhecido,True
15877,0,2.737177,-3.122371,-5.859548,0.016827,FakeWhatsApp.BR_2018,whatsapp,v1,True,False,2018-2022,desconhecido,True
15876,0,2.744712,-3.139618,-5.884330,0.016543,FakeWhatsApp.BR_2018,whatsapp,v1,True,False,2018-2022,desconhecido,True
15875,0,2.730007,-3.109166,-5.839173,0.017065,FakeWhatsApp.BR_2018,whatsapp,v1,True,False,2018-2022,desconhecido,True
15874,0,2.701971,-3.082586,-5.784556,0.017718,FakeWhatsApp.BR_2018,whatsapp,v1,True,False,2018-2022,desconhecido,True
15873,0,2.690756,-3.043744,-5.734499,0.018338,FakeWhatsApp.BR_2018,whatsapp,v1,True,False,2018-2022,desconhecido,True
15872,0,0.028285,-0.105171,-0.133456,0.484936,FakeWhatsApp.BR_2018,whatsapp,v1,True,False,2018-2022,desconhecido,True
15871,0,0.895078,-1.092512,-1.987590,0.204578,FakeWhatsApp.BR_2018,whatsapp,v1,True,False,2018-2022,desconhecido,True
15870,1,-2.363365,2.643123,5.006488,0.971723,FakeWhatsApp.BR_2018,whatsapp,v1,True,False,2018-2022,desconhecido,True
14843,1,-0.684540,0.844201,1.528742,0.750831,FakeWhatsApp.BR_2018,whatsapp,v1,True,False,2018-2022,desconhecido,True
14874,1,-1.786287,1.932631,3.718917,0.933136,FakeWhatsApp.BR_2018,whatsapp,v1,True,False,2018-2022,desconhecido,False
14873,0,0.154584,-0.324245,-0.478830,0.425071,FakeWhatsApp.BR_2018,whatsapp,v1,True,False,2018-2022,desconhecido,True
14872,1,-1.574884,1.692250,3.267134,0.910495,FakeWhatsApp.BR_2018,whatsapp,v1,True,False,2018-2022,desconhecido,True
14871,0,-2.119314,2.403376,4.522690,0.960775,FakeWhatsApp.BR_2018,whatsapp,v1,True,False,2018-2022,desconhecido,False
14870,0,1.941739,-2.077797,-4.019536,0.058413,FakeWhatsApp.BR_2018,whatsapp,v1,True,False,2018-2022,desconhecido,False
14869,0,1.293632,-1.474079,-2.767711,0.129667,FakeWhatsApp.BR_2018,whatsapp,v1,True,False,2018-2022,desconhecido,True
14868,1,-2.542392,2.846333,5.388725,0.978215,FakeWhatsApp.BR_2018,whatsapp,v1,True,False,2018-2022,desconhecido,False
14867,1,-2.503058,2.746705,5.249763,0.976044,FakeWhatsApp.BR_2018,whatsapp,v1,True,False,2018-2022,desconhecido,True
14866,1,-0.893609,1.053227,1.946836,0.801494,FakeWhatsApp.BR_2018,whatsapp,v1,True,False,2018-2022,desconhecido,True
14865,0,0.942963,-0.992626,-1.935589,0.210564,FakeWhatsApp.BR_2018,whatsapp,v1,True,False,2018-2022,desconhecido,True
14864,1,-2.527868,2.865804,5.393672,0.978289,FakeWhatsApp.BR_2018,whatsapp,v1,True,False,2018-2022,desconhecido,False
14863,1,-1.364536,1.595673,2.960209,0.891377,FakeWhatsApp.BR_2018,whatsapp,v1,True,False,2018-2022,desconhecido,True
14862,1,-0.423397,0.460565,0.883962,0.657413,FakeWhatsApp.BR_2018,whatsapp,v1,True,False,2018-2022,desconhecido,True
14861,0,0.763753,-0.803678,-1.567431,0.256571,FakeWhatsApp.BR_2018,whatsapp,v1,True,False,2018-2022,desconhecido,True
14860,0,-0.838112,0.940715,1.778827,0.782122,FakeWhatsApp.BR_2018,whatsapp,v1,True,False,2018-2022,desconhecido,False
14859,0,2.798094,-3.112142,-5.910236,0.016250,FakeWhatsApp.BR_2018,whatsapp,v1,True,False,2018-2022,desconhecido,True
14890,1,-1.543504,1.690021,3.233524,0.908560,FakeWhatsApp.BR_2018,whatsapp,v1,True,False,2018-2022,desconhecido,True
14889,1,-2.008505,2.287305,4.295810,0.954333,FakeWhatsApp.BR_2018,whatsapp,v1,True,False,2018-2022,desconhecido,True
14888,1,0.352489,-0.366195,-0.718685,0.384650,FakeWhatsApp.BR_2018,whatsapp,v1,True,False,2018-2022,desconhecido,True
14887,0,0.832964,-1.035127,-1.868091,0.218524,FakeWhatsApp.BR_2018,whatsapp,v1,True,False,2018-2022,desconhecido,True
14886,1,-0.308590,0.102844,0.411435,0.579587,FakeWhatsApp.BR_2018,whatsapp,v1,True,False,2018-2022,desconhecido,True
14885,0,-0.178222,0.217818,0.396040,0.576960,FakeWhatsApp.BR_2018,whatsapp,v1,True,False,2018-2022,desconhecido,True
14884,0,1.864724,-2.179363,-4.044087,0.057475,FakeWhatsApp.BR_2018,whatsapp,v1,True,False,2018-2022,desconhecido,True
14883,1,-2.656787,3.069276,5.726063,0.982717,FakeWhatsApp.BR_2018,whatsapp,v1,True,False,2018-2022,desconhecido,False
14882,1,-1.138939,1.218304,2.357243,0.843287,FakeWhatsApp.BR_2018,whatsapp,v1,True,False,2018-2022,desconhecido,True
14881,0,-2.359709,2.697248,5.056956,0.972677,FakeWhatsApp.BR_2018,whatsapp,v1,True,False,2018-2022,desconhecido,True
14880,1,-2.032111,2.274340,4.306451,0.954656,FakeWhatsApp.BR_2018,whatsapp,v1,True,False,2018-2022,desconhecido,True
14879,1,-2.561201,2.817871,5.379072,0.978071,FakeWhatsApp.BR_2018,whatsapp,v1,True,False,2018-2022,desconhecido,False
14878,1,-1.531092,1.717539,3.248631,0.909434,FakeWhatsApp.BR_2018,whatsapp,v1,True,False,2018-2022,desconhecido,True
14877,1,-2.659576,2.880595,5.540172,0.980363,FakeWhatsApp.BR_2018,whatsapp,v1,True,False,2018-2022,desconhecido,True
14876,0,-0.193026,0.225268,0.418294,0.580756,FakeWhatsApp.BR_2018,whatsapp,v1,True,False,2018-2022,desconhecido,True
14875,1,-1.324571,1.490517,2.815088,0.881145,FakeWhatsApp.BR_2018,whatsapp,v1,True,False,2018-2022,desconhecido,True
14906,1,-2.018913,2.150703,4.169617,0.950326,FakeWhatsApp.BR_2018,whatsapp,v1,True,False,2018-2022,desconhecido,True
14905,1,-1.961058,2.076147,4.037205,0.945764,FakeWhatsApp.BR_2018,whatsapp,v1,True,False,2018-2022,desconhecido,False
14904,0,2.404907,-2.467141,-4.872048,0.033033,FakeWhatsApp.BR_2018,whatsapp,v1,True,False,2018-2022,desconhecido,True
14903,1,-2.519086,2.882873,5.401959,0.978412,FakeWhatsApp.BR_2018,whatsapp,v1,True,False,2018-2022,desconhecido,False
14902,1,-2.405495,2.764856,5.170351,0.974709,FakeWhatsApp.BR_2018,whatsapp,v1,True,False,2018-2022,desconhecido,True
14901,1,-2.308259,2.276057,4.584315,0.962368,FakeWhatsApp.BR_2018,whatsapp,v1,True,False,2018-2022,desconhecido,True
14900,1,-1.175040,1.231927,2.406967,0.847831,FakeWhatsApp.BR_2018,whatsapp,v1,True,False,2018-2022,desconhecido,False
14899,1,-2.728131,3.090456,5.818587,0.983784,FakeWhatsApp.BR_2018,whatsapp,v1,True,False,2018-2022,desconhecido,True
14898,1,-1.810952,2.123009,3.933961,0.941936,FakeWhatsApp.BR_2018,whatsapp,v1,True,False,2018-2022,desconhecido,False
14897,1,-2.392200,2.641616,5.033816,0.972244,FakeWhatsApp.BR_2018,whatsapp,v1,True,False,2018-2022,desconhecido,True
14896,0,2.260326,-2.719141,-4.979466,0.030714,FakeWhatsApp.BR_2018,whatsapp,v1,True,False,2018-2022,desconhecido,True
14895,1,-0.974415,1.132843,2.107259,0.818755,FakeWhatsApp.BR_2018,whatsapp,v1,True,False,2018-2022,desconhecido,True
14894,0,1.923922,-2.108255,-4.032176,0.057929,FakeWhatsApp.BR_2018,whatsapp,v1,True,False,2018-2022,desconhecido,True
14893,0,-1.386812,1.638818,3.025630,0.895732,FakeWhatsApp.BR_2018,whatsapp,v1,True,False,2018-2022,desconhecido,True
14892,0,-1.380729,1.341814,2.722543,0.874193,FakeWhatsApp.BR_2018,whatsapp,v1,True,False,2018-2022,desconhecido,True
14891,1,-0.577357,0.756511,1.333868,0.724454,FakeWhatsApp.BR_2018,whatsapp,v1,True,False,2018-2022,desconhecido,True
14922,0,1.165730,-1.298743,-2.464473,0.155555,FakeWhatsApp.BR_2018,whatsapp,v1,True,False,2018-2022,desconhecido,True
14921,1,-0.692340,0.789147,1.481487,0.744592,FakeWhatsApp.BR_2018,whatsapp,v1,True,False,2018-2022,desconhecido,False
14920,1,-2.362001,2.640308,5.002310,0.971642,FakeWhatsApp.BR_2018,whatsapp,v1,True,False,2018-2022,desconhecido,False
14919,1,-2.012055,2.084943,4.096998,0.947871,FakeWhatsApp.BR_2018,whatsapp,v1,True,False,2018-2022,desconhecido,True
14918,1,-2.202006,2.453004,4.655011,0.964120,FakeWhatsApp.BR_2018,whatsapp,v1,True,False,2018-2022,desconhecido,True
14917,1,-0.147825,0.107438,0.255264,0.552748,FakeWhatsApp.BR_2018,whatsapp,v1,True,False,2018-2022,desconhecido,True
14916,0,1.185454,-1.355028,-2.540482,0.148695,FakeWhatsApp.BR_2018,whatsapp,v1,True,False,2018-2022,desconhecido,True
14915,1,-0.717373,0.765540,1.482913,0.744782,FakeWhatsApp.BR_2018,whatsapp,v1,True,False,2018-2022,desconhecido,False
14914,1,-1.864060,2.043799,3.907859,0.940928,FakeWhatsApp.BR_2018,whatsapp,v1,True,False,2018-2022,desconhecido,True
14913,0,0.568928,-0.526562,-1.095490,0.324412,FakeWhatsApp.BR_2018,whatsapp,v1,True,False,2018-2022,desconhecido,True
14912,0,-0.182663,0.231241,0.413904,0.580008,FakeWhatsApp.BR_2018,whatsapp,v1,True,False,2018-2022,desconhecido,True
14911,1,-2.213066,2.520345,4.733411,0.965970,FakeWhatsApp.BR_2018,whatsapp,v1,True,False,2018-2022,desconhecido,True
14910,1,-2.243444,2.544572,4.788016,0.967204,FakeWhatsApp.BR_2018,whatsapp,v1,True,False,2018-2022,desconhecido,True
14909,1,-1.530103,1.694343,3.224446,0.908030,FakeWhatsApp.BR_2018,whatsapp,v1,True,False,2018-2022,desconhecido,True
14908,1,-0.304017,0.350295,0.654312,0.620356,FakeWhatsApp.BR_2018,whatsapp,v1,True,False,2018-2022,desconhecido,True
14907,1,-1.915457,2.113876,4.029333,0.945480,FakeWhatsApp.BR_2018,whatsapp,v1,True,False,2018-2022,desconhecido,True
14938,0,2.558939,-2.803849,-5.362788,0.023658,FakeWhatsApp.BR_2018,whatsapp,v1,True,False,2018-2022,desconhecido,False
14937,0,0.247400,-0.121633,-0.369033,0.443950,FakeWhatsApp.BR_2018,whatsapp,v1,True,False,2018-2022,desconhecido,True
14936,1,-1.130423,1.233567,2.363990,0.843910,FakeWhatsApp.BR_2018,whatsapp,v1,True,False,2018-2022,desconhecido,True
14935,1,-0.471435,0.590550,1.061985,0.684899,FakeWhatsApp.BR_2018,whatsapp,v1,True,False,2018-2022,desconhecido,True
14934,0,2.664851,-2.971218,-5.636069,0.019620,FakeWhatsApp.BR_2018,whatsapp,v1,True,False,2018-2022,desconhecido,False
14933,0,1.110857,-1.283134,-2.393991,0.162145,FakeWhatsApp.BR_2018,whatsapp,v1,True,False,2018-2022,desconhecido,True
14932,1,-1.345493,1.625163,2.970656,0.892083,FakeWhatsApp.BR_2018,whatsapp,v1,True,False,2018-2022,desconhecido,False
14931,1,-1.268203,1.550914,2.819117,0.881440,FakeWhatsApp.BR_2018,whatsapp,v1,True,False,2018-2022,desconhecido,True
14930,0,-0.177707,0.220528,0.398236,0.577335,FakeWhatsApp.BR_2018,whatsapp,v1,True,False,2018-2022,desconhecido,True
14929,0,2.338788,-2.666428,-5.005216,0.030182,FakeWhatsApp.BR_2018,whatsapp,v1,True,False,2018-2022,desconhecido,True
14928,0,1.439611,-1.829696,-3.269306,0.094923,FakeWhatsApp.BR_2018,whatsapp,v1,True,False,2018-2022,desconhecido,True
14927,0,2.006708,-2.299313,-4.306021,0.048314,FakeWhatsApp.BR_2018,whatsapp,v1,True,False,2018-2022,desconhecido,True
14926,1,0.740407,-0.692699,-1.433106,0.274909,FakeWhatsApp.BR_2018,whatsapp,v1,True,False,2018-2022,desconhecido,True
14925,0,1.546616,-1.635959,-3.182575,0.100267,FakeWhatsApp.BR_2018,whatsapp,v1,True,False,2018-2022,desconhecido,False
14924,1,1.377456,-1.533217,-2.910673,0.118788,FakeWhatsApp.BR_2018,whatsapp,v1,True,False,2018-2022,desconhecido,False
14923,0,1.028936,-1.238691,-2.267627,0.174522,FakeWhatsApp.BR_2018,whatsapp,v1,True,False,2018-2022,desconhecido,False
14954,0,1.797504,-2.068810,-3.866313,0.064598,FakeWhatsApp.BR_2018,whatsapp,v1,True,False,2018-2022,desconhecido,True
14953,0,1.342592,-1.546636,-2.889227,0.120368,FakeWhatsApp.BR_2018,whatsapp,v1,True,False,2018-2022,desconhecido,True
14952,1,1.416951,-1.532186,-2.949137,0.115999,FakeWhatsApp.BR_2018,whatsapp,v1,True,False,2018-2022,desconhecido,True
14951,0,1.334513,-1.537406,-2.871919,0.121656,FakeWhatsApp.BR_2018,whatsapp,v1,True,False,2018-2022,desconhecido,True
14950,1,0.089359,-0.024712,-0.114071,0.488326,FakeWhatsApp.BR_2018,whatsapp,v1,True,False,2018-2022,desconhecido,True
14949,0,0.630942,-0.670095,-1.301036,0.293711,FakeWhatsApp.BR_2018,whatsapp,v1,True,False,2018-2022,desconhecido,False
14948,0,2.724337,-2.918605,-5.642942,0.019528,FakeWhatsApp.BR_2018,whatsapp,v1,True,False,2018-2022,desconhecido,False
14947,0,2.392249,-2.796415,-5.188664,0.026642,FakeWhatsApp.BR_2018,whatsapp,v1,True,False,2018-2022,desconhecido,True
14946,0,-1.163145,1.321553,2.484698,0.854718,FakeWhatsApp.BR_2018,whatsapp,v1,True,False,2018-2022,desconhecido,True
14945,1,0.737247,-0.881146,-1.618393,0.249827,FakeWhatsApp.BR_2018,whatsapp,v1,True,False,2018-2022,desconhecido,True
14944,0,-0.538203,0.832164,1.370367,0.729523,FakeWhatsApp.BR_2018,whatsapp,v1,True,False,2018-2022,desconhecido,False
14943,0,2.404911,-2.484591,-4.889502,0.032645,FakeWhatsApp.BR_2018,whatsapp,v1,True,False,2018-2022,desconhecido,False
14942,0,-1.918191,2.013126,3.931316,0.941834,FakeWhatsApp.BR_2018,whatsapp,v1,True,False,2018-2022,desconhecido,False
14941,1,-0.788678,0.746820,1.535498,0.751714,FakeWhatsApp.BR_2018,whatsapp,v1,True,False,2018-2022,desconhecido,True
14940,0,0.516369,-0.763724,-1.280093,0.296761,FakeWhatsApp.BR_2018,whatsapp,v1,True,False,2018-2022,desconhecido,False
14939,0,1.681341,-1.794929,-3.476270,0.083188,FakeWhatsApp.BR_2018,whatsapp,v1,True,False,2018-2022,desconhecido,True
14970,0,2.691328,-3.051339,-5.742667,0.018235,FakeWhatsApp.BR_2018,whatsapp,v1,True,False,2018-2022,desconhecido,True
14969,0,0.124526,-0.246047,-0.370573,0.443684,FakeWhatsApp.BR_2018,whatsapp,v1,True,False,2018-2022,desconhecido,False
14968,0,0.109137,-0.029180,-0.138316,0.484087,FakeWhatsApp.BR_2018,whatsapp,v1,True,False,2018-2022,desconhecido,True
14967,0,2.128937,-2.231982,-4.360919,0.046577,FakeWhatsApp.BR_2018,whatsapp,v1,True,False,2018-2022,desconhecido,True
14966,1,1.942196,-2.058600,-4.000796,0.059139,FakeWhatsApp.BR_2018,whatsapp,v1,True,False,2018-2022,desconhecido,True
14965,0,1.417257,-1.652490,-3.069747,0.107619,FakeWhatsApp.BR_2018,whatsapp,v1,True,False,2018-2022,desconhecido,False
14964,0,0.381091,-0.422499,-0.803590,0.370685,FakeWhatsApp.BR_2018,whatsapp,v1,True,False,2018-2022,desconhecido,True
14963,0,-1.013429,0.892390,1.905818,0.796887,FakeWhatsApp.BR_2018,whatsapp,v1,True,False,2018-2022,desconhecido,False
14962,1,-0.397198,0.387404,0.784602,0.641584,FakeWhatsApp.BR_2018,whatsapp,v1,True,False,2018-2022,desconhecido,True
14961,0,2.148627,-2.259125,-4.407752,0.045143,FakeWhatsApp.BR_2018,whatsapp,v1,True,False,2018-2022,desconhecido,True
14960,0,0.230161,-0.354878,-0.585039,0.407014,FakeWhatsApp.BR_2018,whatsapp,v1,True,False,2018-2022,desconhecido,False
14959,0,0.529400,-0.527279,-1.056679,0.330393,FakeWhatsApp.BR_2018,whatsapp,v1,True,False,2018-2022,desconhecido,True
14958,0,2.130699,-2.218236,-4.348935,0.046951,FakeWhatsApp.BR_2018,whatsapp,v1,True,False,2018-2022,desconhecido,True
14957,0,-1.576922,1.709480,3.286403,0.911588,FakeWhatsApp.BR_2018,whatsapp,v1,True,False,2018-2022,desconhecido,False
14956,1,-1.894835,2.111129,4.005964,0.944631,FakeWhatsApp.BR_2018,whatsapp,v1,True,False,2018-2022,desconhecido,True
15853,0,2.400816,-2.747617,-5.148433,0.027382,FakeWhatsApp.BR_2018,whatsapp,v1,True,False,2018-2022,desconhecido,False
15852,1,-1.310161,1.419468,2.729629,0.874737,FakeWhatsApp.BR_2018,whatsapp,v1,True,False,2018-2022,desconhecido,False
14955,0,0.858337,-1.017230,-1.875566,0.217632,FakeWhatsApp.BR_2018,whatsapp,v1,True,False,2018-2022,desconhecido,False
14986,0,2.056596,-2.051725,-4.108321,0.055088,FakeWhatsApp.BR_2018,whatsapp,v1,True,False,2018-2022,desconhecido,False
14985,0,0.604028,-0.859558,-1.463585,0.270677,FakeWhatsApp.BR_2018,whatsapp,v1,True,False,2018-2022,desconhecido,False
14984,0,1.315298,-1.473013,-2.788311,0.128049,FakeWhatsApp.BR_2018,whatsapp,v1,True,False,2018-2022,desconhecido,True
14983,1,-0.299432,-0.026187,0.273245,0.555857,FakeWhatsApp.BR_2018,whatsapp,v1,True,False,2018-2022,desconhecido,True
14982,1,-0.889805,0.935369,1.825174,0.787599,FakeWhatsApp.BR_2018,whatsapp,v1,True,False,2018-2022,desconhecido,True
14981,1,-2.413255,2.767874,5.181129,0.974894,FakeWhatsApp.BR_2018,whatsapp,v1,True,False,2018-2022,desconhecido,False
14980,0,0.280764,-0.356618,-0.637382,0.398204,FakeWhatsApp.BR_2018,whatsapp,v1,True,False,2018-2022,desconhecido,True
14979,0,2.387443,-2.413087,-4.800529,0.034669,FakeWhatsApp.BR_2018,whatsapp,v1,True,False,2018-2022,desconhecido,False
14978,1,0.334256,-0.457039,-0.791294,0.372695,FakeWhatsApp.BR_2018,whatsapp,v1,True,False,2018-2022,desconhecido,True
14977,0,2.760986,-3.147237,-5.908223,0.016273,FakeWhatsApp.BR_2018,whatsapp,v1,True,False,2018-2022,desconhecido,False
14976,0,2.740114,-3.128644,-5.868758,0.016721,FakeWhatsApp.BR_2018,whatsapp,v1,True,False,2018-2022,desconhecido,True
14975,0,2.717194,-3.105967,-5.823161,0.017254,FakeWhatsApp.BR_2018,whatsapp,v1,True,False,2018-2022,desconhecido,True
14974,0,-0.541112,0.666046,1.207158,0.706404,FakeWhatsApp.BR_2018,whatsapp,v1,True,False,2018-2022,desconhecido,True
14973,0,2.726254,-3.107103,-5.833358,0.017133,FakeWhatsApp.BR_2018,whatsapp,v1,True,False,2018-2022,desconhecido,True
14972,0,1.517246,-1.681227,-3.198473,0.099268,FakeWhatsApp.BR_2018,whatsapp,v1,True,False,2018-2022,desconhecido,True
15867,1,-0.210909,0.171380,0.382289,0.574609,FakeWhatsApp.BR_2018,whatsapp,v1,True,False,2018-2022,desconhecido,True
15866,0,2.489126,-2.895921,-5.385046,0.023301,FakeWhatsApp.BR_2018,whatsapp,v1,True,False,2018-2022,desconhecido,True
15865,0,1.720608,-1.841253,-3.561861,0.078732,FakeWhatsApp.BR_2018,whatsapp,v1,True,False,2018-2022,desconhecido,True
15864,0,2.655294,-2.774588,-5.429882,0.022597,FakeWhatsApp.BR_2018,whatsapp,v1,True,False,2018-2022,desconhecido,True
15863,0,0.392497,-0.354356,-0.746853,0.379995,FakeWhatsApp.BR_2018,whatsapp,v1,True,False,2018-2022,desconhecido,True
15862,0,1.356963,-1.564900,-2.921863,0.117970,FakeWhatsApp.BR_2018,whatsapp,v1,True,False,2018-2022,desconhecido,True
15861,0,0.896230,-0.980846,-1.877076,0.217452,FakeWhatsApp.BR_2018,whatsapp,v1,True,False,2018-2022,desconhecido,True
15860,0,-0.423218,0.293982,0.717200,0.630666,FakeWhatsApp.BR_2018,whatsapp,v1,True,False,2018-2022,desconhecido,False
15859,0,0.569796,-0.856106,-1.425902,0.275915,FakeWhatsApp.BR_2018,whatsapp,v1,True,False,2018-2022,desconhecido,False
15858,0,2.452204,-2.782853,-5.235057,0.025813,FakeWhatsApp.BR_2018,whatsapp,v1,True,False,2018-2022,desconhecido,False
15857,0,2.593451,-2.938092,-5.531544,0.021078,FakeWhatsApp.BR_2018,whatsapp,v1,True,False,2018-2022,desconhecido,True
15856,1,0.021055,-0.072791,-0.093846,0.491863,FakeWhatsApp.BR_2018,whatsapp,v1,True,False,2018-2022,desconhecido,False
15855,0,2.253957,-2.552054,-4.806011,0.034541,FakeWhatsApp.BR_2018,whatsapp,v1,True,False,2018-2022,desconhecido,True
15854,0,2.692793,-3.012006,-5.704799,0.018716,FakeWhatsApp.BR_2018,whatsapp,v1,True,False,2018-2022,desconhecido,True
14971,0,2.472122,-2.861205,-5.333327,0.024139,FakeWhatsApp.BR_2018,whatsapp,v1,True,False,2018-2022,desconhecido,True
15002,1,-0.982171,1.018926,2.001097,0.807467,FakeWhatsApp.BR_2018,whatsapp,v1,True,False,2018-2022,desconhecido,False
15001,1,-2.162948,2.338487,4.501435,0.960210,FakeWhatsApp.BR_2018,whatsapp,v1,True,False,2018-2022,desconhecido,True
15000,0,2.227816,-2.428147,-4.655963,0.038220,FakeWhatsApp.BR_2018,whatsapp,v1,True,False,2018-2022,desconhecido,False
14999,0,0.811974,-0.802986,-1.614960,0.250278,FakeWhatsApp.BR_2018,whatsapp,v1,True,False,2018-2022,desconhecido,True
14998,0,2.761306,-3.118319,-5.879624,0.016596,FakeWhatsApp.BR_2018,whatsapp,v1,True,False,2018-2022,desconhecido,True
14997,0,1.152449,-1.381923,-2.534373,0.149237,FakeWhatsApp.BR_2018,whatsapp,v1,True,False,2018-2022,desconhecido,False
14996,0,0.660483,-0.966902,-1.627385,0.248649,FakeWhatsApp.BR_2018,whatsapp,v1,True,False,2018-2022,desconhecido,False
14995,1,-1.951390,2.085916,4.037306,0.945767,FakeWhatsApp.BR_2018,whatsapp,v1,True,False,2018-2022,desconhecido,True
14994,1,-1.600581,1.599419,3.199999,0.906591,FakeWhatsApp.BR_2018,whatsapp,v1,True,False,2018-2022,desconhecido,True
14993,0,2.180799,-2.294019,-4.474817,0.043163,FakeWhatsApp.BR_2018,whatsapp,v1,True,False,2018-2022,desconhecido,True
14992,1,-1.881428,1.942488,3.823917,0.937577,FakeWhatsApp.BR_2018,whatsapp,v1,True,False,2018-2022,desconhecido,True
14991,0,0.150733,-0.174960,-0.325694,0.451450,FakeWhatsApp.BR_2018,whatsapp,v1,True,False,2018-2022,desconhecido,False
14990,1,-1.786015,2.099319,3.885335,0.940046,FakeWhatsApp.BR_2018,whatsapp,v1,True,False,2018-2022,desconhecido,True
14989,0,0.150232,-0.453180,-0.603412,0.403915,FakeWhatsApp.BR_2018,whatsapp,v1,True,False,2018-2022,desconhecido,True
14988,0,2.556642,-2.630575,-5.187216,0.026668,FakeWhatsApp.BR_2018,whatsapp,v1,True,False,2018-2022,desconhecido,False
14987,1,-2.382771,2.646988,5.029759,0.972167,FakeWhatsApp.BR_2018,whatsapp,v1,True,False,2018-2022,desconhecido,True
15018,0,0.840431,-1.198145,-2.038576,0.198832,FakeWhatsApp.BR_2018,whatsapp,v1,True,False,2018-2022,desconhecido,True
15017,0,1.478518,-1.501236,-2.979753,0.113819,FakeWhatsApp.BR_2018,whatsapp,v1,True,False,2018-2022,desconhecido,False
15016,0,0.653296,-1.016358,-1.669654,0.243164,FakeWhatsApp.BR_2018,whatsapp,v1,True,False,2018-2022,desconhecido,False
15015,1,-0.802402,0.676098,1.478500,0.744194,FakeWhatsApp.BR_2018,whatsapp,v1,True,False,2018-2022,desconhecido,False
15014,0,2.153991,-2.334647,-4.488637,0.042765,FakeWhatsApp.BR_2018,whatsapp,v1,True,False,2018-2022,desconhecido,True
15013,0,1.657445,-1.943555,-3.601000,0.076767,FakeWhatsApp.BR_2018,whatsapp,v1,True,False,2018-2022,desconhecido,True
15012,0,2.535088,-2.885287,-5.420375,0.022745,FakeWhatsApp.BR_2018,whatsapp,v1,True,False,2018-2022,desconhecido,True
15011,0,2.811215,-3.066582,-5.877796,0.016617,FakeWhatsApp.BR_2018,whatsapp,v1,True,False,2018-2022,desconhecido,True
15010,1,-2.765959,2.968742,5.734701,0.982820,FakeWhatsApp.BR_2018,whatsapp,v1,True,False,2018-2022,desconhecido,True
15009,0,0.351745,-0.635839,-0.987585,0.341177,FakeWhatsApp.BR_2018,whatsapp,v1,True,False,2018-2022,desconhecido,True
15008,0,2.379257,-2.642132,-5.021390,0.029852,FakeWhatsApp.BR_2018,whatsapp,v1,True,False,2018-2022,desconhecido,True
15007,1,-2.103968,2.160969,4.264937,0.953382,FakeWhatsApp.BR_2018,whatsapp,v1,True,False,2018-2022,desconhecido,False
15006,0,2.320199,-2.545566,-4.865766,0.033173,FakeWhatsApp.BR_2018,whatsapp,v1,True,False,2018-2022,desconhecido,True
15005,0,2.367992,-2.407204,-4.775196,0.035268,FakeWhatsApp.BR_2018,whatsapp,v1,True,False,2018-2022,desconhecido,True
15004,0,-1.488389,1.499583,2.987972,0.893244,FakeWhatsApp.BR_2018,whatsapp,v1,True,False,2018-2022,desconhecido,False
15003,0,0.485938,-0.820145,-1.306082,0.292979,FakeWhatsApp.BR_2018,whatsapp,v1,True,False,2018-2022,desconhecido,True
15034,0,2.750430,-3.107886,-5.858315,0.016841,FakeWhatsApp.BR_2018,whatsapp,v1,True,False,2018-2022,desconhecido,True
15033,0,0.555957,-0.576828,-1.132785,0.318717,FakeWhatsApp.BR_2018,whatsapp,v1,True,False,2018-2022,desconhecido,True
15032,0,-0.397694,0.751569,1.149263,0.697930,FakeWhatsApp.BR_2018,whatsapp,v1,True,False,2018-2022,desconhecido,False
15031,0,2.729870,-3.086159,-5.816029,0.017339,FakeWhatsApp.BR_2018,whatsapp,v1,True,False,2018-2022,desconhecido,False
15030,0,2.476002,-2.597602,-5.073605,0.028812,FakeWhatsApp.BR_2018,whatsapp,v1,True,False,2018-2022,desconhecido,True
15029,1,-1.188207,1.365444,2.553651,0.860608,FakeWhatsApp.BR_2018,whatsapp,v1,True,False,2018-2022,desconhecido,True
15028,0,2.755861,-3.094096,-5.849957,0.016939,FakeWhatsApp.BR_2018,whatsapp,v1,True,False,2018-2022,desconhecido,True
15027,0,-0.055315,-0.040079,0.015237,0.510946,FakeWhatsApp.BR_2018,whatsapp,v1,True,False,2018-2022,desconhecido,True
15026,0,0.243679,-0.785993,-1.029672,0.334588,FakeWhatsApp.BR_2018,whatsapp,v1,True,False,2018-2022,desconhecido,False
15025,0,2.731085,-2.905244,-5.636330,0.019617,FakeWhatsApp.BR_2018,whatsapp,v1,True,False,2018-2022,desconhecido,False
15024,0,2.757289,-3.071193,-5.828482,0.017191,FakeWhatsApp.BR_2018,whatsapp,v1,True,False,2018-2022,desconhecido,False
15023,0,2.729634,-3.031524,-5.761158,0.018005,FakeWhatsApp.BR_2018,whatsapp,v1,True,False,2018-2022,desconhecido,False
15022,0,2.729634,-3.031524,-5.761158,0.018005,FakeWhatsApp.BR_2018,whatsapp,v1,True,False,2018-2022,desconhecido,True
15021,0,1.466743,-1.519869,-2.986612,0.113336,FakeWhatsApp.BR_2018,whatsapp,v1,True,False,2018-2022,desconhecido,False
15020,0,-0.424741,0.544229,0.968971,0.670684,FakeWhatsApp.BR_2018,whatsapp,v1,True,False,2018-2022,desconhecido,True
15019,0,0.310001,-0.750737,-1.060738,0.329765,FakeWhatsApp.BR_2018,whatsapp,v1,True,False,2018-2022,desconhecido,False
15050,0,0.980891,-1.267905,-2.248796,0.176429,FakeWhatsApp.BR_2018,whatsapp,v1,True,False,2018-2022,desconhecido,True
15049,1,-1.313013,1.627740,2.940753,0.890052,FakeWhatsApp.BR_2018,whatsapp,v1,True,False,2018-2022,desconhecido,False
15048,1,2.264103,-2.525110,-4.789213,0.034935,FakeWhatsApp.BR_2018,whatsapp,v1,True,False,2018-2022,desconhecido,True
15047,1,-2.813322,3.086037,5.899360,0.984661,FakeWhatsApp.BR_2018,whatsapp,v1,True,False,2018-2022,desconhecido,True
15046,0,2.372263,-2.598602,-4.970866,0.030894,FakeWhatsApp.BR_2018,whatsapp,v1,True,False,2018-2022,desconhecido,True
15045,0,2.402744,-2.722342,-5.125086,0.027821,FakeWhatsApp.BR_2018,whatsapp,v1,True,False,2018-2022,desconhecido,True
15044,1,1.252319,-1.452439,-2.704758,0.134721,FakeWhatsApp.BR_2018,whatsapp,v1,True,False,2018-2022,desconhecido,True
15043,1,-1.717680,1.615962,3.333642,0.914217,FakeWhatsApp.BR_2018,whatsapp,v1,True,False,2018-2022,desconhecido,False
15042,1,0.306171,-0.260842,-0.567012,0.410063,FakeWhatsApp.BR_2018,whatsapp,v1,True,False,2018-2022,desconhecido,True
15041,1,-0.795834,0.607230,1.403064,0.734015,FakeWhatsApp.BR_2018,whatsapp,v1,True,False,2018-2022,desconhecido,False
15040,0,-0.282887,0.081368,0.364255,0.571521,FakeWhatsApp.BR_2018,whatsapp,v1,True,False,2018-2022,desconhecido,False
15039,0,2.617633,-2.952007,-5.569640,0.020535,FakeWhatsApp.BR_2018,whatsapp,v1,True,False,2018-2022,desconhecido,False
15038,0,1.718550,-1.825289,-3.543838,0.079651,FakeWhatsApp.BR_2018,whatsapp,v1,True,False,2018-2022,desconhecido,True
15037,0,2.612118,-2.927657,-5.539775,0.020959,FakeWhatsApp.BR_2018,whatsapp,v1,True,False,2018-2022,desconhecido,True
15036,0,0.350327,-0.586809,-0.937135,0.349158,FakeWhatsApp.BR_2018,whatsapp,v1,True,False,2018-2022,desconhecido,False
15836,0,0.583612,-0.581760,-1.165372,0.313786,FakeWhatsApp.BR_2018,whatsapp,v1,True,False,2018-2022,desconhecido,True
15035,0,-1.520785,1.585283,3.106068,0.900874,FakeWhatsApp.BR_2018,whatsapp,v1,True,False,2018-2022,desconhecido,False
15066,0,1.391659,-1.418422,-2.810081,0.126357,FakeWhatsApp.BR_2018,whatsapp,v1,True,False,2018-2022,desconhecido,True
15065,0,1.673589,-2.015472,-3.689061,0.072512,FakeWhatsApp.BR_2018,whatsapp,v1,True,False,2018-2022,desconhecido,True
15064,0,0.713704,-0.785752,-1.499455,0.265750,FakeWhatsApp.BR_2018,whatsapp,v1,True,False,2018-2022,desconhecido,True
15063,0,-0.613784,0.577981,1.191765,0.704164,FakeWhatsApp.BR_2018,whatsapp,v1,True,False,2018-2022,desconhecido,False
15062,1,-1.713169,1.882307,3.595477,0.927539,FakeWhatsApp.BR_2018,whatsapp,v1,True,False,2018-2022,desconhecido,True
15061,0,2.103482,-2.365637,-4.469119,0.043328,FakeWhatsApp.BR_2018,whatsapp,v1,True,False,2018-2022,desconhecido,True
15060,0,1.370342,-1.789428,-3.159770,0.101716,FakeWhatsApp.BR_2018,whatsapp,v1,True,False,2018-2022,desconhecido,True
15059,0,2.369901,-2.547521,-4.917421,0.032033,FakeWhatsApp.BR_2018,whatsapp,v1,True,False,2018-2022,desconhecido,True
15058,1,-0.886321,0.986773,1.873094,0.793155,FakeWhatsApp.BR_2018,whatsapp,v1,True,False,2018-2022,desconhecido,True
15057,0,-0.280456,0.224451,0.504907,0.595439,FakeWhatsApp.BR_2018,whatsapp,v1,True,False,2018-2022,desconhecido,True
15056,0,1.410181,-1.743043,-3.153224,0.102136,FakeWhatsApp.BR_2018,whatsapp,v1,True,False,2018-2022,desconhecido,True
15055,0,-0.847803,0.989358,1.837162,0.788999,FakeWhatsApp.BR_2018,whatsapp,v1,True,False,2018-2022,desconhecido,True
15054,0,1.328650,-1.380227,-2.708877,0.134385,FakeWhatsApp.BR_2018,whatsapp,v1,True,False,2018-2022,desconhecido,True
15053,0,1.340269,-1.443014,-2.783283,0.128442,FakeWhatsApp.BR_2018,whatsapp,v1,True,False,2018-2022,desconhecido,True
15052,0,2.494069,-2.652841,-5.146909,0.027411,FakeWhatsApp.BR_2018,whatsapp,v1,True,False,2018-2022,desconhecido,True
15851,0,2.568761,-2.881040,-5.449801,0.022291,FakeWhatsApp.BR_2018,whatsapp,v1,True,False,2018-2022,desconhecido,True
15850,0,0.815740,-1.001441,-1.817180,0.224669,FakeWhatsApp.BR_2018,whatsapp,v1,True,False,2018-2022,desconhecido,False
15849,1,-2.189524,2.499231,4.688756,0.964928,FakeWhatsApp.BR_2018,whatsapp,v1,True,False,2018-2022,desconhecido,False
15848,1,-1.587580,1.782318,3.369898,0.916186,FakeWhatsApp.BR_2018,whatsapp,v1,True,False,2018-2022,desconhecido,True
15847,1,0.349577,-0.557151,-0.906728,0.354009,FakeWhatsApp.BR_2018,whatsapp,v1,True,False,2018-2022,desconhecido,True
15846,0,0.109043,-0.294738,-0.403780,0.437955,FakeWhatsApp.BR_2018,whatsapp,v1,True,False,2018-2022,desconhecido,True
15845,0,1.492078,-1.639430,-3.131509,0.103538,FakeWhatsApp.BR_2018,whatsapp,v1,True,False,2018-2022,desconhecido,False
15844,0,-0.106206,-0.104918,0.001288,0.508507,FakeWhatsApp.BR_2018,whatsapp,v1,True,False,2018-2022,desconhecido,True
15843,0,-0.806008,0.940883,1.746891,0.778289,FakeWhatsApp.BR_2018,whatsapp,v1,True,False,2018-2022,desconhecido,True
15842,1,-2.706347,3.033354,5.739702,0.982879,FakeWhatsApp.BR_2018,whatsapp,v1,True,False,2018-2022,desconhecido,True
15841,0,1.573779,-1.618820,-3.192599,0.099636,FakeWhatsApp.BR_2018,whatsapp,v1,True,False,2018-2022,desconhecido,True
15840,1,-2.831078,3.119993,5.951071,0.985198,FakeWhatsApp.BR_2018,whatsapp,v1,True,False,2018-2022,desconhecido,False
15839,1,-0.721021,0.737630,1.458651,0.741541,FakeWhatsApp.BR_2018,whatsapp,v1,True,False,2018-2022,desconhecido,True
15838,0,0.455857,-0.763453,-1.219310,0.305715,FakeWhatsApp.BR_2018,whatsapp,v1,True,False,2018-2022,desconhecido,True
15837,1,0.299722,-0.464234,-0.763956,0.377179,FakeWhatsApp.BR_2018,whatsapp,v1,True,False,2018-2022,desconhecido,False
15051,0,0.418370,-0.462393,-0.880763,0.358176,FakeWhatsApp.BR_2018,whatsapp,v1,True,False,2018-2022,desconhecido,False
15082,0,0.354741,-0.214953,-0.569694,0.409609,FakeWhatsApp.BR_2018,whatsapp,v1,True,False,2018-2022,desconhecido,True
15081,1,-1.437499,1.673237,3.110736,0.901165,FakeWhatsApp.BR_2018,whatsapp,v1,True,False,2018-2022,desconhecido,True
15080,0,1.135755,-1.110935,-2.246690,0.176643,FakeWhatsApp.BR_2018,whatsapp,v1,True,False,2018-2022,desconhecido,False
15079,1,-2.434319,2.674029,5.108348,0.973617,FakeWhatsApp.BR_2018,whatsapp,v1,True,False,2018-2022,desconhecido,True
15078,0,-0.017649,0.022130,0.039779,0.515237,FakeWhatsApp.BR_2018,whatsapp,v1,True,False,2018-2022,desconhecido,True
15077,1,-0.777507,1.076355,1.853862,0.790938,FakeWhatsApp.BR_2018,whatsapp,v1,True,False,2018-2022,desconhecido,True
15076,1,-2.425944,2.787931,5.213875,0.975449,FakeWhatsApp.BR_2018,whatsapp,v1,True,False,2018-2022,desconhecido,False
15075,1,-1.059210,1.308032,2.367241,0.844209,FakeWhatsApp.BR_2018,whatsapp,v1,True,False,2018-2022,desconhecido,False
15074,0,-2.187384,2.443661,4.631045,0.963535,FakeWhatsApp.BR_2018,whatsapp,v1,True,False,2018-2022,desconhecido,False
15073,0,-1.817041,1.955946,3.772987,0.935458,FakeWhatsApp.BR_2018,whatsapp,v1,True,False,2018-2022,desconhecido,False
15072,0,0.052741,0.060146,0.007404,0.509576,FakeWhatsApp.BR_2018,whatsapp,v1,True,False,2018-2022,desconhecido,False
15071,0,0.916139,-1.124123,-2.040262,0.198645,FakeWhatsApp.BR_2018,whatsapp,v1,True,False,2018-2022,desconhecido,True
15070,0,1.384236,-1.558906,-2.943143,0.116429,FakeWhatsApp.BR_2018,whatsapp,v1,True,False,2018-2022,desconhecido,False
15069,0,-1.982578,2.169952,4.152530,0.949758,FakeWhatsApp.BR_2018,whatsapp,v1,True,False,2018-2022,desconhecido,False
15068,1,2.695691,-2.924052,-5.619743,0.019841,FakeWhatsApp.BR_2018,whatsapp,v1,True,False,2018-2022,desconhecido,True
15067,0,0.984511,-0.961111,-1.945622,0.209399,FakeWhatsApp.BR_2018,whatsapp,v1,True,False,2018-2022,desconhecido,True
15098,0,0.401230,-0.301425,-0.702655,0.387309,FakeWhatsApp.BR_2018,whatsapp,v1,True,False,2018-2022,desconhecido,True
15097,0,1.461311,-1.603425,-3.064736,0.107957,FakeWhatsApp.BR_2018,whatsapp,v1,True,False,2018-2022,desconhecido,False
15096,0,1.447163,-1.580833,-3.027996,0.110458,FakeWhatsApp.BR_2018,whatsapp,v1,True,False,2018-2022,desconhecido,True
15095,0,2.430739,-2.778392,-5.209131,0.026273,FakeWhatsApp.BR_2018,whatsapp,v1,True,False,2018-2022,desconhecido,False
15094,1,1.993438,-2.001370,-3.994808,0.059373,FakeWhatsApp.BR_2018,whatsapp,v1,True,False,2018-2022,desconhecido,True
15093,1,-0.994065,1.097380,2.091445,0.817107,FakeWhatsApp.BR_2018,whatsapp,v1,True,False,2018-2022,desconhecido,True
15092,0,2.596696,-3.047903,-5.644600,0.019506,FakeWhatsApp.BR_2018,whatsapp,v1,True,False,2018-2022,desconhecido,True
15091,0,-0.647319,0.791082,1.438400,0.738815,FakeWhatsApp.BR_2018,whatsapp,v1,True,False,2018-2022,desconhecido,True
15090,0,0.983564,-0.974457,-1.958021,0.207966,FakeWhatsApp.BR_2018,whatsapp,v1,True,False,2018-2022,desconhecido,True
15089,1,-1.665866,1.867724,3.533590,0.924574,FakeWhatsApp.BR_2018,whatsapp,v1,True,False,2018-2022,desconhecido,True
15088,1,-0.380325,0.451195,0.831520,0.649100,FakeWhatsApp.BR_2018,whatsapp,v1,True,False,2018-2022,desconhecido,False
15087,1,0.210423,-0.366673,-0.577096,0.408357,FakeWhatsApp.BR_2018,whatsapp,v1,True,False,2018-2022,desconhecido,True
15086,0,0.711009,-0.659159,-1.370168,0.283776,FakeWhatsApp.BR_2018,whatsapp,v1,True,False,2018-2022,desconhecido,True
15085,0,1.682591,-1.858821,-3.541412,0.079776,FakeWhatsApp.BR_2018,whatsapp,v1,True,False,2018-2022,desconhecido,False
15084,0,1.137580,-1.429420,-2.567000,0.146361,FakeWhatsApp.BR_2018,whatsapp,v1,True,False,2018-2022,desconhecido,False
15083,1,-0.644435,0.475039,1.119474,0.693517,FakeWhatsApp.BR_2018,whatsapp,v1,True,False,2018-2022,desconhecido,True
15114,0,0.032638,0.078388,0.045750,0.516281,FakeWhatsApp.BR_2018,whatsapp,v1,True,False,2018-2022,desconhecido,False
15113,0,2.923868,-3.265558,-6.189425,0.013405,FakeWhatsApp.BR_2018,whatsapp,v1,True,False,2018-2022,desconhecido,True
15112,0,2.869454,-3.161287,-6.030741,0.014956,FakeWhatsApp.BR_2018,whatsapp,v1,True,False,2018-2022,desconhecido,False
15111,0,0.818904,-1.176278,-1.995183,0.203715,FakeWhatsApp.BR_2018,whatsapp,v1,True,False,2018-2022,desconhecido,True
15110,0,2.670267,-3.169051,-5.839317,0.017063,FakeWhatsApp.BR_2018,whatsapp,v1,True,False,2018-2022,desconhecido,True
15109,0,2.192960,-2.349970,-4.542930,0.041236,FakeWhatsApp.BR_2018,whatsapp,v1,True,False,2018-2022,desconhecido,True
15108,0,1.175554,-1.295261,-2.470815,0.154973,FakeWhatsApp.BR_2018,whatsapp,v1,True,False,2018-2022,desconhecido,True
15107,0,-1.429365,1.454646,2.884010,0.886105,FakeWhatsApp.BR_2018,whatsapp,v1,True,False,2018-2022,desconhecido,False
15106,0,1.475202,-1.671772,-3.146974,0.102538,FakeWhatsApp.BR_2018,whatsapp,v1,True,False,2018-2022,desconhecido,False
15105,1,-1.979488,1.979356,3.958844,0.942881,FakeWhatsApp.BR_2018,whatsapp,v1,True,False,2018-2022,desconhecido,True
15104,1,-2.328207,2.562828,4.891035,0.969416,FakeWhatsApp.BR_2018,whatsapp,v1,True,False,2018-2022,desconhecido,False
15103,0,2.272692,-2.601618,-4.874310,0.032982,FakeWhatsApp.BR_2018,whatsapp,v1,True,False,2018-2022,desconhecido,True
15102,0,-0.595444,0.565045,1.160489,0.699584,FakeWhatsApp.BR_2018,whatsapp,v1,True,False,2018-2022,desconhecido,False
15101,1,-1.311331,1.354959,2.666291,0.869799,FakeWhatsApp.BR_2018,whatsapp,v1,True,False,2018-2022,desconhecido,True
15100,0,2.452657,-2.618318,-5.070975,0.028863,FakeWhatsApp.BR_2018,whatsapp,v1,True,False,2018-2022,desconhecido,True
15099,0,1.660312,-1.879480,-3.539792,0.079859,FakeWhatsApp.BR_2018,whatsapp,v1,True,False,2018-2022,desconhecido,False
15130,0,0.586281,-0.818732,-1.405014,0.278845,FakeWhatsApp.BR_2018,whatsapp,v1,True,False,2018-2022,desconhecido,True
15129,0,0.536908,-0.531639,-1.068547,0.328558,FakeWhatsApp.BR_2018,whatsapp,v1,True,False,2018-2022,desconhecido,True
15128,1,-0.951138,1.123428,2.074566,0.815335,FakeWhatsApp.BR_2018,whatsapp,v1,True,False,2018-2022,desconhecido,True
15127,0,-0.401348,0.635884,1.037233,0.681149,FakeWhatsApp.BR_2018,whatsapp,v1,True,False,2018-2022,desconhecido,True
15126,0,2.690034,-3.131137,-5.821171,0.017277,FakeWhatsApp.BR_2018,whatsapp,v1,True,False,2018-2022,desconhecido,True
15125,0,0.350987,-0.353942,-0.704930,0.386931,FakeWhatsApp.BR_2018,whatsapp,v1,True,False,2018-2022,desconhecido,True
15124,0,1.703843,-1.864267,-3.568110,0.078415,FakeWhatsApp.BR_2018,whatsapp,v1,True,False,2018-2022,desconhecido,True
15123,0,2.622804,-2.876666,-5.499470,0.021546,FakeWhatsApp.BR_2018,whatsapp,v1,True,False,2018-2022,desconhecido,True
15122,0,-1.232047,1.106419,2.338466,0.841542,FakeWhatsApp.BR_2018,whatsapp,v1,True,False,2018-2022,desconhecido,False
15121,0,-0.876326,1.134912,2.011237,0.808568,FakeWhatsApp.BR_2018,whatsapp,v1,True,False,2018-2022,desconhecido,False
15120,0,1.185300,-1.303225,-2.488525,0.153357,FakeWhatsApp.BR_2018,whatsapp,v1,True,False,2018-2022,desconhecido,False
15119,0,2.622911,-3.024733,-5.647644,0.019465,FakeWhatsApp.BR_2018,whatsapp,v1,True,False,2018-2022,desconhecido,False
15118,0,0.697271,-0.891174,-1.588445,0.253776,FakeWhatsApp.BR_2018,whatsapp,v1,True,False,2018-2022,desconhecido,False
15117,1,-1.741812,1.837739,3.579551,0.926787,FakeWhatsApp.BR_2018,whatsapp,v1,True,False,2018-2022,desconhecido,False
15116,0,2.510232,-2.762767,-5.272999,0.025154,FakeWhatsApp.BR_2018,whatsapp,v1,True,False,2018-2022,desconhecido,True
15834,0,1.193282,-1.590787,-2.784069,0.128380,FakeWhatsApp.BR_2018,whatsapp,v1,True,False,2018-2022,desconhecido,True
15833,1,-2.795032,3.032180,5.827211,0.983880,FakeWhatsApp.BR_2018,whatsapp,v1,True,False,2018-2022,desconhecido,True
15832,0,0.312012,-0.218906,-0.530918,0.416187,FakeWhatsApp.BR_2018,whatsapp,v1,True,False,2018-2022,desconhecido,True
15831,1,-1.399317,1.618991,3.018307,0.895252,FakeWhatsApp.BR_2018,whatsapp,v1,True,False,2018-2022,desconhecido,True
15830,0,0.777259,-0.929989,-1.707247,0.238355,FakeWhatsApp.BR_2018,whatsapp,v1,True,False,2018-2022,desconhecido,False
15829,1,-2.210134,2.393328,4.603462,0.962851,FakeWhatsApp.BR_2018,whatsapp,v1,True,False,2018-2022,desconhecido,False
15828,1,-1.182592,1.384738,2.567330,0.861753,FakeWhatsApp.BR_2018,whatsapp,v1,True,False,2018-2022,desconhecido,True
15827,0,0.905646,-0.904621,-1.810267,0.225513,FakeWhatsApp.BR_2018,whatsapp,v1,True,False,2018-2022,desconhecido,False
15826,0,1.598428,-1.766879,-3.365307,0.089305,FakeWhatsApp.BR_2018,whatsapp,v1,True,False,2018-2022,desconhecido,True
15825,0,0.080752,-0.092107,-0.172859,0.478052,FakeWhatsApp.BR_2018,whatsapp,v1,True,False,2018-2022,desconhecido,True
15824,0,1.975013,-2.075205,-4.050218,0.057244,FakeWhatsApp.BR_2018,whatsapp,v1,True,False,2018-2022,desconhecido,False
15823,1,-2.432099,2.627750,5.059849,0.972731,FakeWhatsApp.BR_2018,whatsapp,v1,True,False,2018-2022,desconhecido,True
15822,0,2.622904,-2.956765,-5.579670,0.020394,FakeWhatsApp.BR_2018,whatsapp,v1,True,False,2018-2022,desconhecido,True
15821,0,2.414483,-2.485276,-4.899759,0.032419,FakeWhatsApp.BR_2018,whatsapp,v1,True,False,2018-2022,desconhecido,True
15820,1,0.772530,-0.999700,-1.772231,0.230197,FakeWhatsApp.BR_2018,whatsapp,v1,True,False,2018-2022,desconhecido,False
15115,0,2.097095,-2.359110,-4.456204,0.043704,FakeWhatsApp.BR_2018,whatsapp,v1,True,False,2018-2022,desconhecido,True
15146,0,0.972167,-1.245650,-2.217817,0.179601,FakeWhatsApp.BR_2018,whatsapp,v1,True,False,2018-2022,desconhecido,True
15145,0,0.159279,-0.626564,-0.785843,0.373587,FakeWhatsApp.BR_2018,whatsapp,v1,True,False,2018-2022,desconhecido,False
15144,0,-0.399124,0.377844,0.776969,0.640355,FakeWhatsApp.BR_2018,whatsapp,v1,True,False,2018-2022,desconhecido,True
15143,0,-0.276955,0.369398,0.646353,0.619044,FakeWhatsApp.BR_2018,whatsapp,v1,True,False,2018-2022,desconhecido,True
15142,0,-0.830826,0.888184,1.719010,0.774904,FakeWhatsApp.BR_2018,whatsapp,v1,True,False,2018-2022,desconhecido,False
15141,1,0.124516,-0.118391,-0.242908,0.465835,FakeWhatsApp.BR_2018,whatsapp,v1,True,False,2018-2022,desconhecido,False
15140,1,-1.265954,1.367035,2.632990,0.867137,FakeWhatsApp.BR_2018,whatsapp,v1,True,False,2018-2022,desconhecido,True
15139,0,2.625576,-2.806109,-5.431685,0.022569,FakeWhatsApp.BR_2018,whatsapp,v1,True,False,2018-2022,desconhecido,True
15138,0,0.822882,-0.900921,-1.723803,0.236258,FakeWhatsApp.BR_2018,whatsapp,v1,True,False,2018-2022,desconhecido,True
15137,1,-0.303022,0.247137,0.550159,0.603045,FakeWhatsApp.BR_2018,whatsapp,v1,True,False,2018-2022,desconhecido,True
15136,0,2.197283,-2.634312,-4.831595,0.033949,FakeWhatsApp.BR_2018,whatsapp,v1,True,False,2018-2022,desconhecido,True
15135,1,-0.815978,0.868445,1.684423,0.770653,FakeWhatsApp.BR_2018,whatsapp,v1,True,False,2018-2022,desconhecido,False
15134,1,-2.168348,2.385810,4.554158,0.961596,FakeWhatsApp.BR_2018,whatsapp,v1,True,False,2018-2022,desconhecido,True
15133,0,1.215244,-1.428192,-2.643436,0.139803,FakeWhatsApp.BR_2018,whatsapp,v1,True,False,2018-2022,desconhecido,False
15132,0,1.691838,-1.943095,-3.634933,0.075101,FakeWhatsApp.BR_2018,whatsapp,v1,True,False,2018-2022,desconhecido,True
15835,0,2.149741,-2.431874,-4.581614,0.040179,FakeWhatsApp.BR_2018,whatsapp,v1,True,False,2018-2022,desconhecido,True
15131,1,-2.557114,2.856267,5.413382,0.978580,FakeWhatsApp.BR_2018,whatsapp,v1,True,False,2018-2022,desconhecido,True
15162,0,0.387899,-0.363296,-0.751196,0.379279,FakeWhatsApp.BR_2018,whatsapp,v1,True,False,2018-2022,desconhecido,True
15161,0,2.372252,-2.480869,-4.853121,0.033458,FakeWhatsApp.BR_2018,whatsapp,v1,True,False,2018-2022,desconhecido,True
15160,0,0.178267,-0.105567,-0.283834,0.458715,FakeWhatsApp.BR_2018,whatsapp,v1,True,False,2018-2022,desconhecido,False
15159,1,-2.005338,2.244677,4.250015,0.952915,FakeWhatsApp.BR_2018,whatsapp,v1,True,False,2018-2022,desconhecido,True
15158,0,2.479158,-2.868912,-5.348071,0.023897,FakeWhatsApp.BR_2018,whatsapp,v1,True,False,2018-2022,desconhecido,True
15157,0,0.563780,-0.709629,-1.273409,0.297738,FakeWhatsApp.BR_2018,whatsapp,v1,True,False,2018-2022,desconhecido,True
15156,0,1.766500,-1.975301,-3.741801,0.070068,FakeWhatsApp.BR_2018,whatsapp,v1,True,False,2018-2022,desconhecido,True
15155,0,0.112165,-0.140333,-0.252498,0.464165,FakeWhatsApp.BR_2018,whatsapp,v1,True,False,2018-2022,desconhecido,True
15154,0,1.179469,-1.141523,-2.320992,0.169206,FakeWhatsApp.BR_2018,whatsapp,v1,True,False,2018-2022,desconhecido,False
15153,0,1.170620,-1.698894,-2.869514,0.121836,FakeWhatsApp.BR_2018,whatsapp,v1,True,False,2018-2022,desconhecido,True
15152,0,2.656686,-3.128208,-5.784894,0.017714,FakeWhatsApp.BR_2018,whatsapp,v1,True,False,2018-2022,desconhecido,True
15151,0,0.247791,-0.094266,-0.342056,0.448616,FakeWhatsApp.BR_2018,whatsapp,v1,True,False,2018-2022,desconhecido,True
15150,0,-0.443429,0.638007,1.081437,0.687830,FakeWhatsApp.BR_2018,whatsapp,v1,True,False,2018-2022,desconhecido,False
15149,0,2.529266,-2.726633,-5.255899,0.025449,FakeWhatsApp.BR_2018,whatsapp,v1,True,False,2018-2022,desconhecido,False
15148,0,2.281281,-2.448915,-4.730196,0.036355,FakeWhatsApp.BR_2018,whatsapp,v1,True,False,2018-2022,desconhecido,True
15147,0,2.371296,-2.641035,-5.012331,0.030036,FakeWhatsApp.BR_2018,whatsapp,v1,True,False,2018-2022,desconhecido,True
15178,0,2.449114,-2.596921,-5.046035,0.029357,FakeWhatsApp.BR_2018,whatsapp,v1,True,False,2018-2022,desconhecido,True
15177,0,0.757157,-0.974407,-1.731564,0.235279,FakeWhatsApp.BR_2018,whatsapp,v1,True,False,2018-2022,desconhecido,True
15176,0,0.794007,-0.934872,-1.728878,0.235617,FakeWhatsApp.BR_2018,whatsapp,v1,True,False,2018-2022,desconhecido,True
15175,0,2.202350,-2.320674,-4.523024,0.041791,FakeWhatsApp.BR_2018,whatsapp,v1,True,False,2018-2022,desconhecido,True
15174,0,-1.642865,1.795345,3.438210,0.919785,FakeWhatsApp.BR_2018,whatsapp,v1,True,False,2018-2022,desconhecido,True
15173,1,-2.631633,2.890605,5.522238,0.980120,FakeWhatsApp.BR_2018,whatsapp,v1,True,False,2018-2022,desconhecido,False
15172,0,2.414819,-2.796834,-5.211653,0.026228,FakeWhatsApp.BR_2018,whatsapp,v1,True,False,2018-2022,desconhecido,True
15171,0,-1.593712,1.778649,3.372361,0.916318,FakeWhatsApp.BR_2018,whatsapp,v1,True,False,2018-2022,desconhecido,False
15170,1,-1.627512,1.823777,3.451289,0.920457,FakeWhatsApp.BR_2018,whatsapp,v1,True,False,2018-2022,desconhecido,False
15169,0,2.919682,-2.997856,-5.917537,0.016169,FakeWhatsApp.BR_2018,whatsapp,v1,True,False,2018-2022,desconhecido,True
15168,1,-2.632908,2.792466,5.425374,0.978755,FakeWhatsApp.BR_2018,whatsapp,v1,True,False,2018-2022,desconhecido,True
15167,1,-2.317357,2.430658,4.748015,0.966305,FakeWhatsApp.BR_2018,whatsapp,v1,True,False,2018-2022,desconhecido,True
15166,0,-0.415580,0.537435,0.953015,0.668213,FakeWhatsApp.BR_2018,whatsapp,v1,True,False,2018-2022,desconhecido,True
15165,0,0.546531,-0.599723,-1.146254,0.316674,FakeWhatsApp.BR_2018,whatsapp,v1,True,False,2018-2022,desconhecido,True
15164,0,1.876753,-2.384306,-4.261058,0.049781,FakeWhatsApp.BR_2018,whatsapp,v1,True,False,2018-2022,desconhecido,True
15163,0,2.431947,-2.736581,-5.168528,0.027010,FakeWhatsApp.BR_2018,whatsapp,v1,True,False,2018-2022,desconhecido,True
15194,0,-0.961164,1.145956,2.107120,0.818740,FakeWhatsApp.BR_2018,whatsapp,v1,True,False,2018-2022,desconhecido,False
15193,1,-2.544398,2.854177,5.398576,0.978362,FakeWhatsApp.BR_2018,whatsapp,v1,True,False,2018-2022,desconhecido,True
15192,1,-1.756305,1.988966,3.745271,0.934277,FakeWhatsApp.BR_2018,whatsapp,v1,True,False,2018-2022,desconhecido,True
15191,0,0.246185,-0.365553,-0.611738,0.402512,FakeWhatsApp.BR_2018,whatsapp,v1,True,False,2018-2022,desconhecido,False
15190,0,0.827724,-0.912582,-1.740306,0.234180,FakeWhatsApp.BR_2018,whatsapp,v1,True,False,2018-2022,desconhecido,False
15189,1,-2.171408,2.348609,4.520018,0.960704,FakeWhatsApp.BR_2018,whatsapp,v1,True,False,2018-2022,desconhecido,True
15188,1,-1.167343,1.219953,2.387296,0.846046,FakeWhatsApp.BR_2018,whatsapp,v1,True,False,2018-2022,desconhecido,True
15187,0,1.497304,-1.615347,-3.112651,0.104769,FakeWhatsApp.BR_2018,whatsapp,v1,True,False,2018-2022,desconhecido,False
15186,0,2.531034,-2.790965,-5.321999,0.024326,FakeWhatsApp.BR_2018,whatsapp,v1,True,False,2018-2022,desconhecido,True
15185,1,-1.011683,1.226508,2.238191,0.831958,FakeWhatsApp.BR_2018,whatsapp,v1,True,False,2018-2022,desconhecido,True
15184,0,-0.457503,0.632814,1.090317,0.689163,FakeWhatsApp.BR_2018,whatsapp,v1,True,False,2018-2022,desconhecido,False
15183,0,1.703704,-1.815939,-3.519644,0.080901,FakeWhatsApp.BR_2018,whatsapp,v1,True,False,2018-2022,desconhecido,True
15182,1,-2.150746,2.350614,4.501360,0.960208,FakeWhatsApp.BR_2018,whatsapp,v1,True,False,2018-2022,desconhecido,True
15181,0,-1.005755,1.303686,2.309441,0.838815,FakeWhatsApp.BR_2018,whatsapp,v1,True,False,2018-2022,desconhecido,True
15180,1,-2.157053,2.381901,4.538954,0.961201,FakeWhatsApp.BR_2018,whatsapp,v1,True,False,2018-2022,desconhecido,True
15179,0,0.349197,-0.388189,-0.737386,0.381557,FakeWhatsApp.BR_2018,whatsapp,v1,True,False,2018-2022,desconhecido,True
15210,1,-2.008962,2.185932,4.194895,0.951154,FakeWhatsApp.BR_2018,whatsapp,v1,True,False,2018-2022,desconhecido,True
15209,0,-0.261414,0.280932,0.542346,0.601735,FakeWhatsApp.BR_2018,whatsapp,v1,True,False,2018-2022,desconhecido,True
15208,0,-0.623690,0.749029,1.372719,0.729848,FakeWhatsApp.BR_2018,whatsapp,v1,True,False,2018-2022,desconhecido,True
15207,1,-2.420447,2.707327,5.127773,0.973964,FakeWhatsApp.BR_2018,whatsapp,v1,True,False,2018-2022,desconhecido,True
15206,1,-2.849149,3.030912,5.880060,0.984456,FakeWhatsApp.BR_2018,whatsapp,v1,True,False,2018-2022,desconhecido,False
15205,1,-0.679069,0.798801,1.477870,0.744110,FakeWhatsApp.BR_2018,whatsapp,v1,True,False,2018-2022,desconhecido,True
15204,1,-1.582986,1.761134,3.344120,0.914790,FakeWhatsApp.BR_2018,whatsapp,v1,True,False,2018-2022,desconhecido,False
15203,0,-0.133324,-0.066272,0.067052,0.520003,FakeWhatsApp.BR_2018,whatsapp,v1,True,False,2018-2022,desconhecido,True
15202,0,0.751578,-1.053305,-1.804883,0.226172,FakeWhatsApp.BR_2018,whatsapp,v1,True,False,2018-2022,desconhecido,True
15201,0,-0.442085,0.456387,0.898473,0.659696,FakeWhatsApp.BR_2018,whatsapp,v1,True,False,2018-2022,desconhecido,True
15200,0,0.839323,-0.920754,-1.760077,0.231707,FakeWhatsApp.BR_2018,whatsapp,v1,True,False,2018-2022,desconhecido,True
15199,0,2.819456,-3.224545,-6.044002,0.014819,FakeWhatsApp.BR_2018,whatsapp,v1,True,False,2018-2022,desconhecido,True
15198,0,2.584665,-2.978087,-5.562752,0.020632,FakeWhatsApp.BR_2018,whatsapp,v1,True,False,2018-2022,desconhecido,False
15197,0,0.996219,-1.157407,-2.153626,0.186316,FakeWhatsApp.BR_2018,whatsapp,v1,True,False,2018-2022,desconhecido,True
15196,1,-2.546292,2.853209,5.399501,0.978376,FakeWhatsApp.BR_2018,whatsapp,v1,True,False,2018-2022,desconhecido,True
15195,1,-0.272923,0.454496,0.727418,0.632330,FakeWhatsApp.BR_2018,whatsapp,v1,True,False,2018-2022,desconhecido,True
15226,0,2.311771,-2.671144,-4.982914,0.030642,FakeWhatsApp.BR_2018,whatsapp,v1,True,False,2018-2022,desconhecido,True
15225,0,-0.041033,0.163885,0.204918,0.544022,FakeWhatsApp.BR_2018,whatsapp,v1,True,False,2018-2022,desconhecido,False
15224,0,1.406077,-1.717550,-3.123628,0.104051,FakeWhatsApp.BR_2018,whatsapp,v1,True,False,2018-2022,desconhecido,True
15223,0,0.366177,-0.538604,-0.904781,0.354321,FakeWhatsApp.BR_2018,whatsapp,v1,True,False,2018-2022,desconhecido,True
15222,0,-0.335889,0.336611,0.672500,0.623350,FakeWhatsApp.BR_2018,whatsapp,v1,True,False,2018-2022,desconhecido,True
15221,1,-1.805339,1.965807,3.771146,0.935380,FakeWhatsApp.BR_2018,whatsapp,v1,True,False,2018-2022,desconhecido,False
15220,1,-1.433157,1.628644,3.061801,0.898072,FakeWhatsApp.BR_2018,whatsapp,v1,True,False,2018-2022,desconhecido,True
15219,0,-0.072635,0.147396,0.220031,0.546644,FakeWhatsApp.BR_2018,whatsapp,v1,True,False,2018-2022,desconhecido,True
15218,0,2.389002,-2.752070,-5.141072,0.027520,FakeWhatsApp.BR_2018,whatsapp,v1,True,False,2018-2022,desconhecido,True
15217,1,-2.659694,2.972632,5.632327,0.981567,FakeWhatsApp.BR_2018,whatsapp,v1,True,False,2018-2022,desconhecido,True
15216,1,-0.152126,0.238715,0.390841,0.576071,FakeWhatsApp.BR_2018,whatsapp,v1,True,False,2018-2022,desconhecido,False
15215,1,-2.260027,2.615087,4.875113,0.969084,FakeWhatsApp.BR_2018,whatsapp,v1,True,False,2018-2022,desconhecido,True
15214,1,-1.968670,2.083758,4.052428,0.946308,FakeWhatsApp.BR_2018,whatsapp,v1,True,False,2018-2022,desconhecido,True
15213,0,1.682899,-1.828854,-3.511753,0.081313,FakeWhatsApp.BR_2018,whatsapp,v1,True,False,2018-2022,desconhecido,True
15212,1,-0.762901,0.880848,1.643749,0.765583,FakeWhatsApp.BR_2018,whatsapp,v1,True,False,2018-2022,desconhecido,True
15211,0,0.196790,-0.258106,-0.454896,0.429170,FakeWhatsApp.BR_2018,whatsapp,v1,True,False,2018-2022,desconhecido,True
15242,1,-1.929062,2.222998,4.152060,0.949742,FakeWhatsApp.BR_2018,whatsapp,v1,True,False,2018-2022,desconhecido,True
14158,1,0.283168,-0.347040,-0.630209,0.399407,FakeWhatsApp.BR_2018,whatsapp,v1,True,False,2018-2022,desconhecido,True
15241,1,-2.379379,2.596270,4.975649,0.971124,FakeWhatsApp.BR_2018,whatsapp,v1,True,False,2018-2022,desconhecido,False
15240,0,0.536760,-0.624803,-1.161563,0.314360,FakeWhatsApp.BR_2018,whatsapp,v1,True,False,2018-2022,desconhecido,False
15239,1,-1.214791,1.402326,2.617117,0.865852,FakeWhatsApp.BR_2018,whatsapp,v1,True,False,2018-2022,desconhecido,True
15238,1,-1.551326,1.785982,3.337307,0.914418,FakeWhatsApp.BR_2018,whatsapp,v1,True,False,2018-2022,desconhecido,True
15237,1,-0.027703,-0.001235,0.026468,0.512910,FakeWhatsApp.BR_2018,whatsapp,v1,True,False,2018-2022,desconhecido,False
15236,1,-1.173223,1.233947,2.407170,0.847849,FakeWhatsApp.BR_2018,whatsapp,v1,True,False,2018-2022,desconhecido,True
15235,1,0.226027,-0.358499,-0.584526,0.407101,FakeWhatsApp.BR_2018,whatsapp,v1,True,False,2018-2022,desconhecido,True
15234,1,-1.728243,1.795534,3.523777,0.924094,FakeWhatsApp.BR_2018,whatsapp,v1,True,False,2018-2022,desconhecido,True
15233,1,-2.329107,2.604994,4.934101,0.970297,FakeWhatsApp.BR_2018,whatsapp,v1,True,False,2018-2022,desconhecido,True
15232,1,-2.299684,2.638161,4.937845,0.970372,FakeWhatsApp.BR_2018,whatsapp,v1,True,False,2018-2022,desconhecido,True
15231,1,-2.241367,2.436754,4.678121,0.964675,FakeWhatsApp.BR_2018,whatsapp,v1,True,False,2018-2022,desconhecido,True
15230,1,-2.251810,2.474401,4.726212,0.965804,FakeWhatsApp.BR_2018,whatsapp,v1,True,False,2018-2022,desconhecido,True
15229,1,-2.412517,2.705801,5.118318,0.973796,FakeWhatsApp.BR_2018,whatsapp,v1,True,False,2018-2022,desconhecido,True
15228,0,1.395998,-1.589800,-2.985799,0.113393,FakeWhatsApp.BR_2018,whatsapp,v1,True,False,2018-2022,desconhecido,True
15227,0,2.751562,-3.137808,-5.889369,0.016485,FakeWhatsApp.BR_2018,whatsapp,v1,True,False,2018-2022,desconhecido,True
15258,1,0.417151,-0.525701,-0.942852,0.348249,FakeWhatsApp.BR_2018,whatsapp,v1,True,False,2018-2022,desconhecido,True
15257,1,-1.735801,1.899588,3.635389,0.929394,FakeWhatsApp.BR_2018,whatsapp,v1,True,False,2018-2022,desconhecido,True
15256,0,-0.434130,0.520430,0.954560,0.668453,FakeWhatsApp.BR_2018,whatsapp,v1,True,False,2018-2022,desconhecido,True
15255,1,-2.940097,3.182130,6.122228,0.986847,FakeWhatsApp.BR_2018,whatsapp,v1,True,False,2018-2022,desconhecido,True
15254,1,-1.942117,1.849084,3.791201,0.936224,FakeWhatsApp.BR_2018,whatsapp,v1,True,False,2018-2022,desconhecido,True
15253,0,-0.399354,0.603225,1.002578,0.675858,FakeWhatsApp.BR_2018,whatsapp,v1,True,False,2018-2022,desconhecido,True
15252,0,1.976762,-2.125488,-4.102250,0.055310,FakeWhatsApp.BR_2018,whatsapp,v1,True,False,2018-2022,desconhecido,True
15251,0,2.600475,-3.025301,-5.625775,0.019759,FakeWhatsApp.BR_2018,whatsapp,v1,True,False,2018-2022,desconhecido,True
15250,1,-1.677280,1.710667,3.387946,0.917151,FakeWhatsApp.BR_2018,whatsapp,v1,True,False,2018-2022,desconhecido,False
15249,1,-1.100723,1.290282,2.391006,0.846384,FakeWhatsApp.BR_2018,whatsapp,v1,True,False,2018-2022,desconhecido,True
15248,1,-2.808397,3.057992,5.866389,0.984309,FakeWhatsApp.BR_2018,whatsapp,v1,True,False,2018-2022,desconhecido,True
15247,0,2.764836,-3.167943,-5.932778,0.016000,FakeWhatsApp.BR_2018,whatsapp,v1,True,False,2018-2022,desconhecido,True
15246,1,-0.560298,0.694459,1.254757,0.713265,FakeWhatsApp.BR_2018,whatsapp,v1,True,False,2018-2022,desconhecido,True
15245,0,2.287445,-2.705266,-4.992711,0.030439,FakeWhatsApp.BR_2018,whatsapp,v1,True,False,2018-2022,desconhecido,True
15804,1,-0.501540,0.503166,1.004706,0.676184,FakeWhatsApp.BR_2018,whatsapp,v1,True,False,2018-2022,desconhecido,False
15244,1,-1.601114,1.729375,3.330489,0.914043,FakeWhatsApp.BR_2018,whatsapp,v1,True,False,2018-2022,desconhecido,False
15243,0,2.764836,-3.167943,-5.932778,0.016000,FakeWhatsApp.BR_2018,whatsapp,v1,True,False,2018-2022,desconhecido,True
15275,1,-2.239483,2.520211,4.759694,0.966570,FakeWhatsApp.BR_2018,whatsapp,v1,True,False,2018-2022,desconhecido,True
15274,1,-1.169008,1.357300,2.526309,0.858297,FakeWhatsApp.BR_2018,whatsapp,v1,True,False,2018-2022,desconhecido,True
15273,0,-0.425433,0.522846,0.948279,0.667478,FakeWhatsApp.BR_2018,whatsapp,v1,True,False,2018-2022,desconhecido,True
15271,1,-1.131952,1.321016,2.452969,0.851938,FakeWhatsApp.BR_2018,whatsapp,v1,True,False,2018-2022,desconhecido,True
15270,0,0.224119,-0.148538,-0.372657,0.443324,FakeWhatsApp.BR_2018,whatsapp,v1,True,False,2018-2022,desconhecido,False
15269,1,-1.635629,1.656703,3.292332,0.911922,FakeWhatsApp.BR_2018,whatsapp,v1,True,False,2018-2022,desconhecido,True
15268,0,0.954418,-1.132383,-2.086802,0.193510,FakeWhatsApp.BR_2018,whatsapp,v1,True,False,2018-2022,desconhecido,True
15267,0,0.152179,-0.308707,-0.460886,0.428143,FakeWhatsApp.BR_2018,whatsapp,v1,True,False,2018-2022,desconhecido,True
15266,0,2.465204,-2.846611,-5.311814,0.024496,FakeWhatsApp.BR_2018,whatsapp,v1,True,False,2018-2022,desconhecido,True
15265,1,-0.760579,1.074602,1.835181,0.788768,FakeWhatsApp.BR_2018,whatsapp,v1,True,False,2018-2022,desconhecido,False
15264,0,2.854044,-3.249536,-6.103580,0.014223,FakeWhatsApp.BR_2018,whatsapp,v1,True,False,2018-2022,desconhecido,False
15263,1,-0.607180,0.881012,1.488191,0.745483,FakeWhatsApp.BR_2018,whatsapp,v1,True,False,2018-2022,desconhecido,True
15262,1,-2.732958,3.050205,5.783163,0.983383,FakeWhatsApp.BR_2018,whatsapp,v1,True,False,2018-2022,desconhecido,False
15261,1,-1.918816,2.285147,4.203962,0.951448,FakeWhatsApp.BR_2018,whatsapp,v1,True,False,2018-2022,desconhecido,False
15819,1,-1.348297,1.492606,2.840903,0.883024,FakeWhatsApp.BR_2018,whatsapp,v1,True,False,2018-2022,desconhecido,False
15818,0,-1.748639,1.830913,3.579552,0.926787,FakeWhatsApp.BR_2018,whatsapp,v1,True,False,2018-2022,desconhecido,False
15817,1,-0.567634,0.495374,1.063009,0.685054,FakeWhatsApp.BR_2018,whatsapp,v1,True,False,2018-2022,desconhecido,False
15816,1,-1.051479,1.154940,2.206419,0.828826,FakeWhatsApp.BR_2018,whatsapp,v1,True,False,2018-2022,desconhecido,True
15815,1,-1.644135,1.790182,3.434317,0.919583,FakeWhatsApp.BR_2018,whatsapp,v1,True,False,2018-2022,desconhecido,True
15814,1,-1.546701,1.793513,3.340214,0.914577,FakeWhatsApp.BR_2018,whatsapp,v1,True,False,2018-2022,desconhecido,True
15813,1,-0.528386,0.714246,1.242632,0.711526,FakeWhatsApp.BR_2018,whatsapp,v1,True,False,2018-2022,desconhecido,True
15812,1,-1.928176,2.304476,4.232652,0.952367,FakeWhatsApp.BR_2018,whatsapp,v1,True,False,2018-2022,desconhecido,True
15811,1,-1.029856,1.303142,2.332999,0.841031,FakeWhatsApp.BR_2018,whatsapp,v1,True,False,2018-2022,desconhecido,True
15810,0,1.098147,-1.200764,-2.298911,0.171390,FakeWhatsApp.BR_2018,whatsapp,v1,True,False,2018-2022,desconhecido,True
15809,0,-0.638816,0.667141,1.305957,0.720537,FakeWhatsApp.BR_2018,whatsapp,v1,True,False,2018-2022,desconhecido,True
15808,0,-1.149729,1.300174,2.449902,0.851667,FakeWhatsApp.BR_2018,whatsapp,v1,True,False,2018-2022,desconhecido,False
15807,1,-0.182654,0.276133,0.458787,0.587640,FakeWhatsApp.BR_2018,whatsapp,v1,True,False,2018-2022,desconhecido,True
15806,0,-1.249686,1.426107,2.675793,0.870550,FakeWhatsApp.BR_2018,whatsapp,v1,True,False,2018-2022,desconhecido,True
15805,1,-2.064276,2.347640,4.411917,0.957746,FakeWhatsApp.BR_2018,whatsapp,v1,True,False,2018-2022,desconhecido,False
15260,1,-1.852025,2.071790,3.923816,0.941546,FakeWhatsApp.BR_2018,whatsapp,v1,True,False,2018-2022,desconhecido,True
15259,1,0.409800,-0.425407,-0.835207,0.365538,FakeWhatsApp.BR_2018,whatsapp,v1,True,False,2018-2022,desconhecido,True
15291,0,-0.584383,0.618067,1.202451,0.705720,FakeWhatsApp.BR_2018,whatsapp,v1,True,False,2018-2022,desconhecido,True
15290,0,1.304849,-1.435247,-2.740096,0.131864,FakeWhatsApp.BR_2018,whatsapp,v1,True,False,2018-2022,desconhecido,True
15289,0,1.275184,-1.451626,-2.726810,0.132932,FakeWhatsApp.BR_2018,whatsapp,v1,True,False,2018-2022,desconhecido,False
15288,0,-1.347318,1.413587,2.760905,0.877116,FakeWhatsApp.BR_2018,whatsapp,v1,True,False,2018-2022,desconhecido,True
15287,0,2.241863,-2.335746,-4.577610,0.040287,FakeWhatsApp.BR_2018,whatsapp,v1,True,False,2018-2022,desconhecido,True
15286,1,-2.233807,2.430400,4.664207,0.964342,FakeWhatsApp.BR_2018,whatsapp,v1,True,False,2018-2022,desconhecido,True
15285,1,-1.531759,1.647063,3.178822,0.905329,FakeWhatsApp.BR_2018,whatsapp,v1,True,False,2018-2022,desconhecido,False
15284,0,2.359296,-2.783757,-5.143053,0.027483,FakeWhatsApp.BR_2018,whatsapp,v1,True,False,2018-2022,desconhecido,True
15283,0,2.475997,-2.829368,-5.305365,0.024604,FakeWhatsApp.BR_2018,whatsapp,v1,True,False,2018-2022,desconhecido,False
15282,1,-1.624556,1.643323,3.267879,0.910538,FakeWhatsApp.BR_2018,whatsapp,v1,True,False,2018-2022,desconhecido,False
15281,0,0.223875,-0.650607,-0.874482,0.359187,FakeWhatsApp.BR_2018,whatsapp,v1,True,False,2018-2022,desconhecido,True
15280,1,0.221075,-0.084472,-0.305547,0.454944,FakeWhatsApp.BR_2018,whatsapp,v1,True,False,2018-2022,desconhecido,True
15279,0,0.581062,-0.695556,-1.276618,0.297269,FakeWhatsApp.BR_2018,whatsapp,v1,True,False,2018-2022,desconhecido,True
15278,0,0.522625,-0.769483,-1.292108,0.295009,FakeWhatsApp.BR_2018,whatsapp,v1,True,False,2018-2022,desconhecido,False
15277,0,0.941668,-1.156522,-2.098189,0.192270,FakeWhatsApp.BR_2018,whatsapp,v1,True,False,2018-2022,desconhecido,True
15276,1,-2.189543,2.384296,4.573839,0.962102,FakeWhatsApp.BR_2018,whatsapp,v1,True,False,2018-2022,desconhecido,True
15307,1,-1.171188,1.286724,2.457912,0.852374,FakeWhatsApp.BR_2018,whatsapp,v1,True,False,2018-2022,desconhecido,True
15306,0,0.578041,-0.754284,-1.332325,0.289189,FakeWhatsApp.BR_2018,whatsapp,v1,True,False,2018-2022,desconhecido,True
15305,0,2.278903,-2.787016,-5.065919,0.028963,FakeWhatsApp.BR_2018,whatsapp,v1,True,False,2018-2022,desconhecido,True
15304,0,0.189199,-0.308544,-0.497743,0.421840,FakeWhatsApp.BR_2018,whatsapp,v1,True,False,2018-2022,desconhecido,True
15303,0,-1.087891,1.321172,2.409063,0.848020,FakeWhatsApp.BR_2018,whatsapp,v1,True,False,2018-2022,desconhecido,True
15302,0,1.594118,-1.818020,-3.412138,0.086675,FakeWhatsApp.BR_2018,whatsapp,v1,True,False,2018-2022,desconhecido,True
15301,1,-1.058921,1.189603,2.248523,0.832967,FakeWhatsApp.BR_2018,whatsapp,v1,True,False,2018-2022,desconhecido,True
15300,0,-0.966759,1.146500,2.113259,0.819377,FakeWhatsApp.BR_2018,whatsapp,v1,True,False,2018-2022,desconhecido,True
15299,0,-1.633893,1.716999,3.350892,0.915159,FakeWhatsApp.BR_2018,whatsapp,v1,True,False,2018-2022,desconhecido,True
15298,0,-0.388357,0.639976,1.028333,0.679794,FakeWhatsApp.BR_2018,whatsapp,v1,True,False,2018-2022,desconhecido,True
15297,1,-1.586507,1.561309,3.147815,0.903452,FakeWhatsApp.BR_2018,whatsapp,v1,True,False,2018-2022,desconhecido,False
14156,0,-0.176030,0.017904,0.193934,0.542114,FakeWhatsApp.BR_2018,whatsapp,v1,True,False,2018-2022,desconhecido,True
15296,0,0.924741,-1.108316,-2.033056,0.199449,FakeWhatsApp.BR_2018,whatsapp,v1,True,False,2018-2022,desconhecido,True
15295,0,0.759462,-0.744933,-1.504395,0.265076,FakeWhatsApp.BR_2018,whatsapp,v1,True,False,2018-2022,desconhecido,True
15294,1,-2.036870,2.289191,4.326061,0.955247,FakeWhatsApp.BR_2018,whatsapp,v1,True,False,2018-2022,desconhecido,False
15293,0,-0.189764,0.308160,0.497924,0.594261,FakeWhatsApp.BR_2018,whatsapp,v1,True,False,2018-2022,desconhecido,True
15292,0,0.660352,-0.683037,-1.343389,0.287600,FakeWhatsApp.BR_2018,whatsapp,v1,True,False,2018-2022,desconhecido,True
15323,0,1.725840,-1.919369,-3.645209,0.074603,FakeWhatsApp.BR_2018,whatsapp,v1,True,False,2018-2022,desconhecido,True
15322,1,-0.797984,0.999523,1.797506,0.784341,FakeWhatsApp.BR_2018,whatsapp,v1,True,False,2018-2022,desconhecido,True
15321,0,2.225417,-2.494565,-4.719983,0.036606,FakeWhatsApp.BR_2018,whatsapp,v1,True,False,2018-2022,desconhecido,True
15320,0,0.286949,-0.352852,-0.639801,0.397798,FakeWhatsApp.BR_2018,whatsapp,v1,True,False,2018-2022,desconhecido,True
15319,1,-1.898840,2.068052,3.966892,0.943183,FakeWhatsApp.BR_2018,whatsapp,v1,True,False,2018-2022,desconhecido,True
15318,1,-2.342085,2.669430,5.011515,0.971819,FakeWhatsApp.BR_2018,whatsapp,v1,True,False,2018-2022,desconhecido,True
15317,1,-0.651777,0.783262,1.435039,0.738361,FakeWhatsApp.BR_2018,whatsapp,v1,True,False,2018-2022,desconhecido,True
15316,1,-1.920409,2.169166,4.089575,0.947613,FakeWhatsApp.BR_2018,whatsapp,v1,True,False,2018-2022,desconhecido,False
15315,1,-2.629410,3.071964,5.701374,0.982421,FakeWhatsApp.BR_2018,whatsapp,v1,True,False,2018-2022,desconhecido,True
15314,0,-0.254086,0.215850,0.469936,0.589530,FakeWhatsApp.BR_2018,whatsapp,v1,True,False,2018-2022,desconhecido,True
15313,1,-2.527134,2.877555,5.404689,0.978452,FakeWhatsApp.BR_2018,whatsapp,v1,True,False,2018-2022,desconhecido,False
15312,0,-1.733855,1.787569,3.521425,0.923978,FakeWhatsApp.BR_2018,whatsapp,v1,True,False,2018-2022,desconhecido,True
15311,1,-1.514117,1.717113,3.231229,0.908426,FakeWhatsApp.BR_2018,whatsapp,v1,True,False,2018-2022,desconhecido,True
15310,1,-1.299012,1.342131,2.641143,0.867793,FakeWhatsApp.BR_2018,whatsapp,v1,True,False,2018-2022,desconhecido,False
15309,1,-2.243777,2.432316,4.676093,0.964627,FakeWhatsApp.BR_2018,whatsapp,v1,True,False,2018-2022,desconhecido,False
15308,1,-2.167979,2.372746,4.540725,0.961248,FakeWhatsApp.BR_2018,whatsapp,v1,True,False,2018-2022,desconhecido,True
15339,0,-1.450239,1.436822,2.887061,0.886320,FakeWhatsApp.BR_2018,whatsapp,v1,True,False,2018-2022,desconhecido,True
15338,1,-1.833691,2.218167,4.051858,0.946287,FakeWhatsApp.BR_2018,whatsapp,v1,True,False,2018-2022,desconhecido,True
15337,0,-1.565980,1.928151,3.494131,0.922625,FakeWhatsApp.BR_2018,whatsapp,v1,True,False,2018-2022,desconhecido,True
15336,0,1.897818,-2.038222,-3.936040,0.061712,FakeWhatsApp.BR_2018,whatsapp,v1,True,False,2018-2022,desconhecido,False
15335,1,-2.210528,2.513903,4.724432,0.965763,FakeWhatsApp.BR_2018,whatsapp,v1,True,False,2018-2022,desconhecido,True
15334,0,2.531078,-2.782218,-5.313296,0.024471,FakeWhatsApp.BR_2018,whatsapp,v1,True,False,2018-2022,desconhecido,True
15333,0,-0.725067,0.942567,1.667635,0.768570,FakeWhatsApp.BR_2018,whatsapp,v1,True,False,2018-2022,desconhecido,False
15332,1,0.232876,-0.330617,-0.563493,0.410659,FakeWhatsApp.BR_2018,whatsapp,v1,True,False,2018-2022,desconhecido,True
15331,1,-2.611275,2.869178,5.480453,0.979542,FakeWhatsApp.BR_2018,whatsapp,v1,True,False,2018-2022,desconhecido,True
15330,1,-0.060239,0.186062,0.246301,0.551197,FakeWhatsApp.BR_2018,whatsapp,v1,True,False,2018-2022,desconhecido,False
15329,1,-1.993065,1.969296,3.962361,0.943013,FakeWhatsApp.BR_2018,whatsapp,v1,True,False,2018-2022,desconhecido,False
15328,1,-2.247181,2.403096,4.650278,0.964005,FakeWhatsApp.BR_2018,whatsapp,v1,True,False,2018-2022,desconhecido,True
15327,0,-0.369699,0.241053,0.610752,0.613151,FakeWhatsApp.BR_2018,whatsapp,v1,True,False,2018-2022,desconhecido,True
15326,0,0.278478,-0.275713,-0.554191,0.412235,FakeWhatsApp.BR_2018,whatsapp,v1,True,False,2018-2022,desconhecido,True
15325,1,-1.341508,1.376783,2.718291,0.873865,FakeWhatsApp.BR_2018,whatsapp,v1,True,False,2018-2022,desconhecido,True
15324,0,2.085180,-2.080120,-4.165300,0.053049,FakeWhatsApp.BR_2018,whatsapp,v1,True,False,2018-2022,desconhecido,True
15355,0,-0.744642,0.752647,1.497289,0.746690,FakeWhatsApp.BR_2018,whatsapp,v1,True,False,2018-2022,desconhecido,False
15354,1,-0.894751,0.790560,1.685311,0.770763,FakeWhatsApp.BR_2018,whatsapp,v1,True,False,2018-2022,desconhecido,True
15353,0,2.452396,-2.691575,-5.143970,0.027465,FakeWhatsApp.BR_2018,whatsapp,v1,True,False,2018-2022,desconhecido,True
15352,0,0.226430,-0.364587,-0.591017,0.406005,FakeWhatsApp.BR_2018,whatsapp,v1,True,False,2018-2022,desconhecido,True
15351,1,-2.788330,3.114966,5.903296,0.984703,FakeWhatsApp.BR_2018,whatsapp,v1,True,False,2018-2022,desconhecido,True
15350,0,0.203373,-0.224836,-0.428209,0.433751,FakeWhatsApp.BR_2018,whatsapp,v1,True,False,2018-2022,desconhecido,True
15349,0,2.210775,-2.299208,-4.509983,0.042158,FakeWhatsApp.BR_2018,whatsapp,v1,True,False,2018-2022,desconhecido,True
15348,0,0.836370,-0.928847,-1.765217,0.231068,FakeWhatsApp.BR_2018,whatsapp,v1,True,False,2018-2022,desconhecido,False
15347,0,2.388062,-2.588633,-4.976694,0.030772,FakeWhatsApp.BR_2018,whatsapp,v1,True,False,2018-2022,desconhecido,True
15346,0,2.460326,-2.800140,-5.260467,0.025370,FakeWhatsApp.BR_2018,whatsapp,v1,True,False,2018-2022,desconhecido,True
15345,0,2.550001,-2.649102,-5.199103,0.026453,FakeWhatsApp.BR_2018,whatsapp,v1,True,False,2018-2022,desconhecido,False
15344,0,1.610251,-1.820170,-3.430421,0.085668,FakeWhatsApp.BR_2018,whatsapp,v1,True,False,2018-2022,desconhecido,True
15343,0,0.579016,-0.779382,-1.358398,0.285453,FakeWhatsApp.BR_2018,whatsapp,v1,True,False,2018-2022,desconhecido,True
15342,0,-0.643001,0.781940,1.424942,0.736994,FakeWhatsApp.BR_2018,whatsapp,v1,True,False,2018-2022,desconhecido,True
15341,0,0.214495,-0.445887,-0.660382,0.394353,FakeWhatsApp.BR_2018,whatsapp,v1,True,False,2018-2022,desconhecido,True
15340,0,-0.433149,0.376860,0.810008,0.645663,FakeWhatsApp.BR_2018,whatsapp,v1,True,False,2018-2022,desconhecido,False
15371,0,2.036313,-2.315959,-4.352272,0.046847,FakeWhatsApp.BR_2018,whatsapp,v1,True,False,2018-2022,desconhecido,False
15370,0,2.003851,-2.157812,-4.161663,0.053177,FakeWhatsApp.BR_2018,whatsapp,v1,True,False,2018-2022,desconhecido,True
15369,1,-0.812408,0.798868,1.611276,0.761480,FakeWhatsApp.BR_2018,whatsapp,v1,True,False,2018-2022,desconhecido,True
15368,0,0.782966,-0.795407,-1.578373,0.255113,FakeWhatsApp.BR_2018,whatsapp,v1,True,False,2018-2022,desconhecido,True
15367,0,2.028833,-2.298548,-4.327381,0.047631,FakeWhatsApp.BR_2018,whatsapp,v1,True,False,2018-2022,desconhecido,True
15366,0,-0.822351,0.829284,1.651635,0.766572,FakeWhatsApp.BR_2018,whatsapp,v1,True,False,2018-2022,desconhecido,True
15365,1,-2.227840,2.457957,4.685797,0.964858,FakeWhatsApp.BR_2018,whatsapp,v1,True,False,2018-2022,desconhecido,True
15364,0,2.657228,-2.771140,-5.428369,0.022620,FakeWhatsApp.BR_2018,whatsapp,v1,True,False,2018-2022,desconhecido,True
15363,1,0.452438,-0.610365,-1.062803,0.329445,FakeWhatsApp.BR_2018,whatsapp,v1,True,False,2018-2022,desconhecido,False
15362,0,2.342659,-2.651659,-4.994318,0.030406,FakeWhatsApp.BR_2018,whatsapp,v1,True,False,2018-2022,desconhecido,True
15361,0,-0.472982,0.809989,1.282972,0.717286,FakeWhatsApp.BR_2018,whatsapp,v1,True,False,2018-2022,desconhecido,True
15360,0,0.617405,-0.709397,-1.326802,0.289984,FakeWhatsApp.BR_2018,whatsapp,v1,True,False,2018-2022,desconhecido,True
15359,0,1.751193,-2.180110,-3.931303,0.061904,FakeWhatsApp.BR_2018,whatsapp,v1,True,False,2018-2022,desconhecido,True
15803,0,0.689439,-0.871943,-1.561382,0.257379,FakeWhatsApp.BR_2018,whatsapp,v1,True,False,2018-2022,desconhecido,True
15802,1,-2.587108,2.828485,5.415593,0.978613,FakeWhatsApp.BR_2018,whatsapp,v1,True,False,2018-2022,desconhecido,True
15801,1,-1.653652,1.541380,3.195033,0.906297,FakeWhatsApp.BR_2018,whatsapp,v1,True,False,2018-2022,desconhecido,False
15800,0,0.460277,-0.651377,-1.111655,0.321937,FakeWhatsApp.BR_2018,whatsapp,v1,True,False,2018-2022,desconhecido,True
15799,0,-0.875376,0.964681,1.840057,0.789336,FakeWhatsApp.BR_2018,whatsapp,v1,True,False,2018-2022,desconhecido,True
15798,0,0.072608,-0.204694,-0.277302,0.459850,FakeWhatsApp.BR_2018,whatsapp,v1,True,False,2018-2022,desconhecido,False
15797,1,-0.837197,1.047498,1.884695,0.794484,FakeWhatsApp.BR_2018,whatsapp,v1,True,False,2018-2022,desconhecido,True
15796,1,-1.945733,2.077756,4.023489,0.945269,FakeWhatsApp.BR_2018,whatsapp,v1,True,False,2018-2022,desconhecido,True
15795,1,-1.432003,1.705797,3.137801,0.902839,FakeWhatsApp.BR_2018,whatsapp,v1,True,False,2018-2022,desconhecido,False
15794,1,-2.519161,2.708561,5.227722,0.975680,FakeWhatsApp.BR_2018,whatsapp,v1,True,False,2018-2022,desconhecido,True
15793,0,1.858668,-2.046083,-3.904751,0.062992,FakeWhatsApp.BR_2018,whatsapp,v1,True,False,2018-2022,desconhecido,True
15792,0,2.346568,-2.637442,-4.984010,0.030619,FakeWhatsApp.BR_2018,whatsapp,v1,True,False,2018-2022,desconhecido,True
15791,1,-1.554770,1.572682,3.127451,0.902202,FakeWhatsApp.BR_2018,whatsapp,v1,True,False,2018-2022,desconhecido,True
15790,1,-2.419649,2.650332,5.069981,0.972919,FakeWhatsApp.BR_2018,whatsapp,v1,True,False,2018-2022,desconhecido,True
15789,1,-1.377744,1.590840,2.968584,0.891943,FakeWhatsApp.BR_2018,whatsapp,v1,True,False,2018-2022,desconhecido,True
15788,0,2.258382,-2.337487,-4.595868,0.039796,FakeWhatsApp.BR_2018,whatsapp,v1,True,False,2018-2022,desconhecido,True
15358,0,0.272070,-0.349792,-0.621862,0.400809,FakeWhatsApp.BR_2018,whatsapp,v1,True,False,2018-2022,desconhecido,True
15357,0,-0.613933,0.377329,0.991262,0.674121,FakeWhatsApp.BR_2018,whatsapp,v1,True,False,2018-2022,desconhecido,True
15356,0,1.896562,-2.021663,-3.918225,0.062438,FakeWhatsApp.BR_2018,whatsapp,v1,True,False,2018-2022,desconhecido,True
15387,0,1.423734,-1.589863,-3.013597,0.111452,FakeWhatsApp.BR_2018,whatsapp,v1,True,False,2018-2022,desconhecido,True
15386,0,-0.354382,0.323460,0.677842,0.624227,FakeWhatsApp.BR_2018,whatsapp,v1,True,False,2018-2022,desconhecido,True
15385,0,1.734688,-1.719426,-3.454113,0.084378,FakeWhatsApp.BR_2018,whatsapp,v1,True,False,2018-2022,desconhecido,True
15384,0,0.733212,-0.933671,-1.666883,0.243521,FakeWhatsApp.BR_2018,whatsapp,v1,True,False,2018-2022,desconhecido,True
15383,0,2.136637,-2.596192,-4.732829,0.036291,FakeWhatsApp.BR_2018,whatsapp,v1,True,False,2018-2022,desconhecido,False
15382,0,-0.014138,0.098843,0.112980,0.528021,FakeWhatsApp.BR_2018,whatsapp,v1,True,False,2018-2022,desconhecido,True
15381,1,0.949839,-1.177720,-2.127560,0.189098,FakeWhatsApp.BR_2018,whatsapp,v1,True,False,2018-2022,desconhecido,False
15380,0,1.049042,-1.105332,-2.154374,0.186237,FakeWhatsApp.BR_2018,whatsapp,v1,True,False,2018-2022,desconhecido,True
15379,0,-0.871856,0.984989,1.856845,0.791283,FakeWhatsApp.BR_2018,whatsapp,v1,True,False,2018-2022,desconhecido,False
15378,0,0.769602,-0.840290,-1.609891,0.250944,FakeWhatsApp.BR_2018,whatsapp,v1,True,False,2018-2022,desconhecido,True
15377,1,-1.360780,1.704467,3.065247,0.898293,FakeWhatsApp.BR_2018,whatsapp,v1,True,False,2018-2022,desconhecido,False
15376,0,2.810972,-3.042911,-5.853883,0.016893,FakeWhatsApp.BR_2018,whatsapp,v1,True,False,2018-2022,desconhecido,False
15375,0,2.687004,-2.905755,-5.592759,0.020212,FakeWhatsApp.BR_2018,whatsapp,v1,True,False,2018-2022,desconhecido,True
15374,0,-0.013426,-0.175072,-0.161646,0.480010,FakeWhatsApp.BR_2018,whatsapp,v1,True,False,2018-2022,desconhecido,True
15373,0,2.177754,-2.245868,-4.423623,0.044667,FakeWhatsApp.BR_2018,whatsapp,v1,True,False,2018-2022,desconhecido,True
15372,0,1.048967,-1.302522,-2.351490,0.166227,FakeWhatsApp.BR_2018,whatsapp,v1,True,False,2018-2022,desconhecido,True
15403,0,0.285691,-0.396015,-0.681707,0.390794,FakeWhatsApp.BR_2018,whatsapp,v1,True,False,2018-2022,desconhecido,True
15402,0,1.104543,-1.166117,-2.270660,0.174216,FakeWhatsApp.BR_2018,whatsapp,v1,True,False,2018-2022,desconhecido,True
15401,1,-2.278257,2.588505,4.866761,0.968908,FakeWhatsApp.BR_2018,whatsapp,v1,True,False,2018-2022,desconhecido,True
15400,0,2.640119,-2.970777,-5.610896,0.019962,FakeWhatsApp.BR_2018,whatsapp,v1,True,False,2018-2022,desconhecido,True
15399,0,0.754907,-0.940209,-1.695115,0.239900,FakeWhatsApp.BR_2018,whatsapp,v1,True,False,2018-2022,desconhecido,True
15398,0,-2.113399,2.527041,4.640440,0.963765,FakeWhatsApp.BR_2018,whatsapp,v1,True,False,2018-2022,desconhecido,False
15397,0,-0.037552,-0.043788,-0.006236,0.507190,FakeWhatsApp.BR_2018,whatsapp,v1,True,False,2018-2022,desconhecido,True
15396,0,-0.047810,0.154002,0.201812,0.543482,FakeWhatsApp.BR_2018,whatsapp,v1,True,False,2018-2022,desconhecido,True
15395,1,-1.599595,1.903176,3.502771,0.923056,FakeWhatsApp.BR_2018,whatsapp,v1,True,False,2018-2022,desconhecido,False
15394,1,-0.247355,0.264771,0.512126,0.596656,FakeWhatsApp.BR_2018,whatsapp,v1,True,False,2018-2022,desconhecido,True
15393,0,-0.085303,0.158376,0.243678,0.550743,FakeWhatsApp.BR_2018,whatsapp,v1,True,False,2018-2022,desconhecido,True
15392,0,1.687881,-1.905837,-3.593718,0.077129,FakeWhatsApp.BR_2018,whatsapp,v1,True,False,2018-2022,desconhecido,True
15391,1,-1.677872,1.803938,3.481810,0.922007,FakeWhatsApp.BR_2018,whatsapp,v1,True,False,2018-2022,desconhecido,True
15390,0,1.198780,-1.260044,-2.458823,0.156075,FakeWhatsApp.BR_2018,whatsapp,v1,True,False,2018-2022,desconhecido,True
15388,0,-1.189584,1.209983,2.399566,0.847162,FakeWhatsApp.BR_2018,whatsapp,v1,True,False,2018-2022,desconhecido,True
15419,0,-1.556706,1.811676,3.368382,0.916104,FakeWhatsApp.BR_2018,whatsapp,v1,True,False,2018-2022,desconhecido,True
15418,0,1.428434,-1.598420,-3.026853,0.110537,FakeWhatsApp.BR_2018,whatsapp,v1,True,False,2018-2022,desconhecido,True
15417,0,0.078331,-0.156494,-0.234825,0.467242,FakeWhatsApp.BR_2018,whatsapp,v1,True,False,2018-2022,desconhecido,True
15416,0,2.013583,-2.160455,-4.174038,0.052742,FakeWhatsApp.BR_2018,whatsapp,v1,True,False,2018-2022,desconhecido,False
15415,1,-0.149121,-0.046423,0.102697,0.526227,FakeWhatsApp.BR_2018,whatsapp,v1,True,False,2018-2022,desconhecido,True
15414,0,2.381859,-2.548354,-4.930213,0.031757,FakeWhatsApp.BR_2018,whatsapp,v1,True,False,2018-2022,desconhecido,True
15413,0,0.888235,-0.982086,-1.870322,0.218257,FakeWhatsApp.BR_2018,whatsapp,v1,True,False,2018-2022,desconhecido,True
15412,1,-0.306775,0.307087,0.613862,0.613667,FakeWhatsApp.BR_2018,whatsapp,v1,True,False,2018-2022,desconhecido,False
15411,1,-2.547290,2.964590,5.511880,0.979978,FakeWhatsApp.BR_2018,whatsapp,v1,True,False,2018-2022,desconhecido,False
15410,1,-2.112651,2.265658,4.378309,0.956784,FakeWhatsApp.BR_2018,whatsapp,v1,True,False,2018-2022,desconhecido,True
15409,0,0.973814,-1.085103,-2.058917,0.196574,FakeWhatsApp.BR_2018,whatsapp,v1,True,False,2018-2022,desconhecido,False
15408,0,-0.700262,0.916880,1.617142,0.762225,FakeWhatsApp.BR_2018,whatsapp,v1,True,False,2018-2022,desconhecido,True
15407,0,2.132747,-2.200184,-4.332931,0.047455,FakeWhatsApp.BR_2018,whatsapp,v1,True,False,2018-2022,desconhecido,False
15406,1,-2.005779,1.988721,3.994500,0.944210,FakeWhatsApp.BR_2018,whatsapp,v1,True,False,2018-2022,desconhecido,True
15405,0,2.399023,-2.638901,-5.037924,0.029519,FakeWhatsApp.BR_2018,whatsapp,v1,True,False,2018-2022,desconhecido,True
15404,1,0.024320,-0.016983,-0.041303,0.501055,FakeWhatsApp.BR_2018,whatsapp,v1,True,False,2018-2022,desconhecido,True
15435,0,1.220252,-1.540729,-2.760981,0.130199,FakeWhatsApp.BR_2018,whatsapp,v1,True,False,2018-2022,desconhecido,True
15434,0,0.836823,-0.961544,-1.798367,0.226971,FakeWhatsApp.BR_2018,whatsapp,v1,True,False,2018-2022,desconhecido,True
15433,0,-1.375031,1.710395,3.085426,0.899576,FakeWhatsApp.BR_2018,whatsapp,v1,True,False,2018-2022,desconhecido,False
15432,0,1.919714,-1.897235,-3.816949,0.066718,FakeWhatsApp.BR_2018,whatsapp,v1,True,False,2018-2022,desconhecido,True
15431,0,0.050761,-0.407020,-0.457782,0.428675,FakeWhatsApp.BR_2018,whatsapp,v1,True,False,2018-2022,desconhecido,True
15430,1,-1.129754,1.292333,2.422087,0.849191,FakeWhatsApp.BR_2018,whatsapp,v1,True,False,2018-2022,desconhecido,False
15429,1,-2.783792,3.100199,5.883990,0.984498,FakeWhatsApp.BR_2018,whatsapp,v1,True,False,2018-2022,desconhecido,False
15428,1,-2.125655,2.564161,4.689816,0.964953,FakeWhatsApp.BR_2018,whatsapp,v1,True,False,2018-2022,desconhecido,True
15427,1,-2.317128,2.595304,4.912432,0.969857,FakeWhatsApp.BR_2018,whatsapp,v1,True,False,2018-2022,desconhecido,True
15426,0,1.112643,-1.273540,-2.386183,0.162889,FakeWhatsApp.BR_2018,whatsapp,v1,True,False,2018-2022,desconhecido,True
15425,0,0.747303,-0.836538,-1.583842,0.254386,FakeWhatsApp.BR_2018,whatsapp,v1,True,False,2018-2022,desconhecido,True
15424,0,-0.540647,0.545993,1.086640,0.688611,FakeWhatsApp.BR_2018,whatsapp,v1,True,False,2018-2022,desconhecido,True
15423,1,-2.575121,2.787383,5.362504,0.977821,FakeWhatsApp.BR_2018,whatsapp,v1,True,False,2018-2022,desconhecido,True
15422,1,-2.051172,2.346314,4.397486,0.957336,FakeWhatsApp.BR_2018,whatsapp,v1,True,False,2018-2022,desconhecido,True
15421,1,-0.894921,1.029815,1.924736,0.799022,FakeWhatsApp.BR_2018,whatsapp,v1,True,False,2018-2022,desconhecido,False
15420,1,-1.834546,2.179253,4.013799,0.944917,FakeWhatsApp.BR_2018,whatsapp,v1,True,False,2018-2022,desconhecido,True
15451,0,1.656921,-1.627020,-3.283942,0.094046,FakeWhatsApp.BR_2018,whatsapp,v1,True,False,2018-2022,desconhecido,True
15450,0,0.366135,-0.263795,-0.629930,0.399454,FakeWhatsApp.BR_2018,whatsapp,v1,True,False,2018-2022,desconhecido,True
15449,1,-2.441083,2.668861,5.109944,0.973646,FakeWhatsApp.BR_2018,whatsapp,v1,True,False,2018-2022,desconhecido,True
15448,1,-1.580587,1.884015,3.464602,0.921137,FakeWhatsApp.BR_2018,whatsapp,v1,True,False,2018-2022,desconhecido,False
15447,0,2.070359,-2.273387,-4.343746,0.047114,FakeWhatsApp.BR_2018,whatsapp,v1,True,False,2018-2022,desconhecido,False
15446,0,2.512163,-2.739488,-5.251650,0.025523,FakeWhatsApp.BR_2018,whatsapp,v1,True,False,2018-2022,desconhecido,True
15445,0,2.538861,-3.014037,-5.552898,0.020772,FakeWhatsApp.BR_2018,whatsapp,v1,True,False,2018-2022,desconhecido,True
15444,0,0.452268,-0.512515,-0.964783,0.344773,FakeWhatsApp.BR_2018,whatsapp,v1,True,False,2018-2022,desconhecido,False
15443,1,-0.577023,0.585773,1.162796,0.699923,FakeWhatsApp.BR_2018,whatsapp,v1,True,False,2018-2022,desconhecido,True
15442,1,-1.609003,1.954182,3.563186,0.926006,FakeWhatsApp.BR_2018,whatsapp,v1,True,False,2018-2022,desconhecido,True
15441,0,1.000646,-1.097800,-2.098445,0.192242,FakeWhatsApp.BR_2018,whatsapp,v1,True,False,2018-2022,desconhecido,False
15440,1,-0.371213,0.535966,0.907179,0.661063,FakeWhatsApp.BR_2018,whatsapp,v1,True,False,2018-2022,desconhecido,True
15439,0,0.516187,-0.581060,-1.097247,0.324142,FakeWhatsApp.BR_2018,whatsapp,v1,True,False,2018-2022,desconhecido,True
15438,0,2.354899,-2.552969,-4.907868,0.032241,FakeWhatsApp.BR_2018,whatsapp,v1,True,False,2018-2022,desconhecido,True
15437,0,0.528937,-0.608623,-1.137560,0.317992,FakeWhatsApp.BR_2018,whatsapp,v1,True,False,2018-2022,desconhecido,True
15436,0,1.687018,-1.914875,-3.601892,0.076723,FakeWhatsApp.BR_2018,whatsapp,v1,True,False,2018-2022,desconhecido,True
15467,1,-1.185057,1.446524,2.631581,0.867023,FakeWhatsApp.BR_2018,whatsapp,v1,True,False,2018-2022,desconhecido,False
15466,0,0.431073,-0.561313,-0.992386,0.340423,FakeWhatsApp.BR_2018,whatsapp,v1,True,False,2018-2022,desconhecido,False
15465,1,-1.918858,2.239561,4.158419,0.949954,FakeWhatsApp.BR_2018,whatsapp,v1,True,False,2018-2022,desconhecido,True
15464,0,-0.925945,1.208642,2.134587,0.821576,FakeWhatsApp.BR_2018,whatsapp,v1,True,False,2018-2022,desconhecido,False
15463,1,-2.158322,2.341581,4.499904,0.960169,FakeWhatsApp.BR_2018,whatsapp,v1,True,False,2018-2022,desconhecido,True
15462,0,-0.502534,0.427483,0.930018,0.664635,FakeWhatsApp.BR_2018,whatsapp,v1,True,False,2018-2022,desconhecido,False
15461,0,2.716114,-2.847948,-5.564061,0.020613,FakeWhatsApp.BR_2018,whatsapp,v1,True,False,2018-2022,desconhecido,True
15460,0,1.603017,-1.842915,-3.445932,0.084821,FakeWhatsApp.BR_2018,whatsapp,v1,True,False,2018-2022,desconhecido,True
15459,1,1.026795,-1.149265,-2.176061,0.183947,FakeWhatsApp.BR_2018,whatsapp,v1,True,False,2018-2022,desconhecido,False
15458,0,0.644621,-0.811214,-1.455836,0.271749,FakeWhatsApp.BR_2018,whatsapp,v1,True,False,2018-2022,desconhecido,True
15457,1,-1.499187,1.589894,3.089081,0.899807,FakeWhatsApp.BR_2018,whatsapp,v1,True,False,2018-2022,desconhecido,True
15456,1,-1.550766,1.615742,3.166508,0.904587,FakeWhatsApp.BR_2018,whatsapp,v1,True,False,2018-2022,desconhecido,True
15455,0,0.556882,-0.903861,-1.460742,0.271070,FakeWhatsApp.BR_2018,whatsapp,v1,True,False,2018-2022,desconhecido,True
15454,1,-1.585244,1.771243,3.356487,0.915462,FakeWhatsApp.BR_2018,whatsapp,v1,True,False,2018-2022,desconhecido,True
15453,1,-1.774052,1.838215,3.612267,0.928325,FakeWhatsApp.BR_2018,whatsapp,v1,True,False,2018-2022,desconhecido,True
15452,1,-1.227695,1.433838,2.661533,0.869421,FakeWhatsApp.BR_2018,whatsapp,v1,True,False,2018-2022,desconhecido,True
15483,1,-0.974748,1.198561,2.173309,0.825514,FakeWhatsApp.BR_2018,whatsapp,v1,True,False,2018-2022,desconhecido,False
15482,1,-2.453435,2.776535,5.229970,0.975718,FakeWhatsApp.BR_2018,whatsapp,v1,True,False,2018-2022,desconhecido,False
15481,0,2.166517,-2.312169,-4.478686,0.043051,FakeWhatsApp.BR_2018,whatsapp,v1,True,False,2018-2022,desconhecido,True
15480,1,-0.276453,0.262699,0.539152,0.601199,FakeWhatsApp.BR_2018,whatsapp,v1,True,False,2018-2022,desconhecido,False
15479,0,0.130922,-0.160272,-0.291193,0.457436,FakeWhatsApp.BR_2018,whatsapp,v1,True,False,2018-2022,desconhecido,True
15478,0,0.024389,-0.003003,-0.027392,0.503489,FakeWhatsApp.BR_2018,whatsapp,v1,True,False,2018-2022,desconhecido,False
15477,1,-0.634484,0.947409,1.581893,0.757725,FakeWhatsApp.BR_2018,whatsapp,v1,True,False,2018-2022,desconhecido,True
15476,1,0.517744,-0.898257,-1.416002,0.277301,FakeWhatsApp.BR_2018,whatsapp,v1,True,False,2018-2022,desconhecido,True
15475,0,-1.920817,2.209284,4.130101,0.949004,FakeWhatsApp.BR_2018,whatsapp,v1,True,False,2018-2022,desconhecido,False
15474,0,1.146203,-1.349168,-2.495372,0.152736,FakeWhatsApp.BR_2018,whatsapp,v1,True,False,2018-2022,desconhecido,False
15473,0,0.405065,-0.571859,-0.976925,0.342856,FakeWhatsApp.BR_2018,whatsapp,v1,True,False,2018-2022,desconhecido,True
15472,1,-2.222385,2.474604,4.696989,0.965122,FakeWhatsApp.BR_2018,whatsapp,v1,True,False,2018-2022,desconhecido,True
15471,1,-2.129369,2.370027,4.499396,0.960156,FakeWhatsApp.BR_2018,whatsapp,v1,True,False,2018-2022,desconhecido,True
15470,1,-2.309086,2.633963,4.943048,0.970477,FakeWhatsApp.BR_2018,whatsapp,v1,True,False,2018-2022,desconhecido,True
15469,0,0.638326,-0.778223,-1.416548,0.277225,FakeWhatsApp.BR_2018,whatsapp,v1,True,False,2018-2022,desconhecido,True
15468,1,-1.705664,1.924439,3.630103,0.929151,FakeWhatsApp.BR_2018,whatsapp,v1,True,False,2018-2022,desconhecido,True
15499,0,1.178389,-1.373516,-2.551905,0.147685,FakeWhatsApp.BR_2018,whatsapp,v1,True,False,2018-2022,desconhecido,True
15498,0,1.605454,-1.696311,-3.301765,0.092989,FakeWhatsApp.BR_2018,whatsapp,v1,True,False,2018-2022,desconhecido,True
15497,0,1.251527,-1.326055,-2.577582,0.145438,FakeWhatsApp.BR_2018,whatsapp,v1,True,False,2018-2022,desconhecido,True
15496,1,-1.635629,1.656703,3.292332,0.911922,FakeWhatsApp.BR_2018,whatsapp,v1,True,False,2018-2022,desconhecido,True
15495,1,-0.107428,0.158969,0.266397,0.554673,FakeWhatsApp.BR_2018,whatsapp,v1,True,False,2018-2022,desconhecido,True
15494,0,-0.143433,-0.106745,0.036688,0.514697,FakeWhatsApp.BR_2018,whatsapp,v1,True,False,2018-2022,desconhecido,True
15493,1,-1.545717,1.848832,3.394550,0.917501,FakeWhatsApp.BR_2018,whatsapp,v1,True,False,2018-2022,desconhecido,True
15492,0,0.838736,-1.106591,-1.945328,0.209433,FakeWhatsApp.BR_2018,whatsapp,v1,True,False,2018-2022,desconhecido,True
15491,1,-1.611135,1.803232,3.414367,0.918545,FakeWhatsApp.BR_2018,whatsapp,v1,True,False,2018-2022,desconhecido,False
15490,1,-1.054200,1.225893,2.280093,0.836018,FakeWhatsApp.BR_2018,whatsapp,v1,True,False,2018-2022,desconhecido,False
15489,1,-0.696946,0.869321,1.566267,0.755712,FakeWhatsApp.BR_2018,whatsapp,v1,True,False,2018-2022,desconhecido,True
15488,1,-1.797745,2.099821,3.897566,0.940527,FakeWhatsApp.BR_2018,whatsapp,v1,True,False,2018-2022,desconhecido,True
15487,1,-1.791623,1.918725,3.710349,0.932760,FakeWhatsApp.BR_2018,whatsapp,v1,True,False,2018-2022,desconhecido,True
15486,0,2.604567,-2.824318,-5.428885,0.022612,FakeWhatsApp.BR_2018,whatsapp,v1,True,False,2018-2022,desconhecido,False
15485,0,-1.676018,1.897219,3.573237,0.926486,FakeWhatsApp.BR_2018,whatsapp,v1,True,False,2018-2022,desconhecido,True
15484,1,-2.089247,2.345228,4.434475,0.958381,FakeWhatsApp.BR_2018,whatsapp,v1,True,False,2018-2022,desconhecido,False
15515,1,-0.386659,0.375089,0.761748,0.637898,FakeWhatsApp.BR_2018,whatsapp,v1,True,False,2018-2022,desconhecido,True
15514,0,1.259763,-1.454587,-2.714350,0.133940,FakeWhatsApp.BR_2018,whatsapp,v1,True,False,2018-2022,desconhecido,True
15513,0,-1.096151,0.919568,2.015719,0.809053,FakeWhatsApp.BR_2018,whatsapp,v1,True,False,2018-2022,desconhecido,True
15512,0,-0.072700,-0.024539,0.048161,0.516702,FakeWhatsApp.BR_2018,whatsapp,v1,True,False,2018-2022,desconhecido,True
15511,0,1.077569,-0.937832,-2.015401,0.201429,FakeWhatsApp.BR_2018,whatsapp,v1,True,False,2018-2022,desconhecido,False
15510,1,0.027210,0.006409,-0.020801,0.504642,FakeWhatsApp.BR_2018,whatsapp,v1,True,False,2018-2022,desconhecido,True
15509,0,0.110352,-0.267814,-0.378167,0.442373,FakeWhatsApp.BR_2018,whatsapp,v1,True,False,2018-2022,desconhecido,True
15508,0,-1.717890,1.905730,3.623620,0.928852,FakeWhatsApp.BR_2018,whatsapp,v1,True,False,2018-2022,desconhecido,False
15507,0,-0.125465,-0.073284,0.052182,0.517405,FakeWhatsApp.BR_2018,whatsapp,v1,True,False,2018-2022,desconhecido,False
15506,0,0.226974,-0.514333,-0.741307,0.380910,FakeWhatsApp.BR_2018,whatsapp,v1,True,False,2018-2022,desconhecido,True
15505,1,-2.446347,2.820639,5.266986,0.976324,FakeWhatsApp.BR_2018,whatsapp,v1,True,False,2018-2022,desconhecido,True
15504,1,-2.204201,2.560585,4.764786,0.966685,FakeWhatsApp.BR_2018,whatsapp,v1,True,False,2018-2022,desconhecido,True
15503,1,-2.007391,2.112896,4.120287,0.948670,FakeWhatsApp.BR_2018,whatsapp,v1,True,False,2018-2022,desconhecido,True
15502,1,-2.629173,2.834984,5.464157,0.979313,FakeWhatsApp.BR_2018,whatsapp,v1,True,False,2018-2022,desconhecido,True
15501,1,-1.728479,1.933077,3.661556,0.930587,FakeWhatsApp.BR_2018,whatsapp,v1,True,False,2018-2022,desconhecido,True
15500,1,0.897424,-1.175811,-2.073235,0.194997,FakeWhatsApp.BR_2018,whatsapp,v1,True,False,2018-2022,desconhecido,False
15531,0,-0.678063,0.717800,1.395863,0.733030,FakeWhatsApp.BR_2018,whatsapp,v1,True,False,2018-2022,desconhecido,True
15530,0,0.317914,-0.493346,-0.811260,0.369434,FakeWhatsApp.BR_2018,whatsapp,v1,True,False,2018-2022,desconhecido,True
15529,0,2.148213,-2.245317,-4.393531,0.045574,FakeWhatsApp.BR_2018,whatsapp,v1,True,False,2018-2022,desconhecido,False
15528,1,-0.897894,0.853928,1.751822,0.778884,FakeWhatsApp.BR_2018,whatsapp,v1,True,False,2018-2022,desconhecido,True
15527,0,0.542462,-0.658615,-1.201077,0.308430,FakeWhatsApp.BR_2018,whatsapp,v1,True,False,2018-2022,desconhecido,True
15526,0,0.276771,-0.474746,-0.751517,0.379226,FakeWhatsApp.BR_2018,whatsapp,v1,True,False,2018-2022,desconhecido,True
15525,0,0.901645,-1.086064,-1.987709,0.204564,FakeWhatsApp.BR_2018,whatsapp,v1,True,False,2018-2022,desconhecido,True
15524,1,-1.964181,2.199237,4.163418,0.950120,FakeWhatsApp.BR_2018,whatsapp,v1,True,False,2018-2022,desconhecido,True
15523,1,-1.869187,1.967475,3.836662,0.938097,FakeWhatsApp.BR_2018,whatsapp,v1,True,False,2018-2022,desconhecido,True
15521,0,1.603772,-1.783229,-3.387000,0.088078,FakeWhatsApp.BR_2018,whatsapp,v1,True,False,2018-2022,desconhecido,True
15520,0,0.082496,-0.301532,-0.384028,0.441361,FakeWhatsApp.BR_2018,whatsapp,v1,True,False,2018-2022,desconhecido,False
15519,1,-1.742357,1.882191,3.624548,0.928895,FakeWhatsApp.BR_2018,whatsapp,v1,True,False,2018-2022,desconhecido,False
15518,0,2.285779,-2.432321,-4.718100,0.036653,FakeWhatsApp.BR_2018,whatsapp,v1,True,False,2018-2022,desconhecido,True
15517,0,1.811457,-2.033916,-3.845373,0.065490,FakeWhatsApp.BR_2018,whatsapp,v1,True,False,2018-2022,desconhecido,True
15773,0,0.060710,-0.355055,-0.415765,0.435892,FakeWhatsApp.BR_2018,whatsapp,v1,True,False,2018-2022,desconhecido,True
15772,0,-0.518149,0.574731,1.092880,0.689547,FakeWhatsApp.BR_2018,whatsapp,v1,True,False,2018-2022,desconhecido,False
15516,1,-3.019090,3.416046,6.435135,0.989407,FakeWhatsApp.BR_2018,whatsapp,v1,True,False,2018-2022,desconhecido,True
15547,1,-2.238488,2.523874,4.762362,0.966630,FakeWhatsApp.BR_2018,whatsapp,v1,True,False,2018-2022,desconhecido,True
15546,1,-0.344750,0.468224,0.812974,0.646137,FakeWhatsApp.BR_2018,whatsapp,v1,True,False,2018-2022,desconhecido,False
15545,1,0.202811,-0.210603,-0.413414,0.436296,FakeWhatsApp.BR_2018,whatsapp,v1,True,False,2018-2022,desconhecido,False
15544,1,0.329023,-0.314885,-0.643907,0.397110,FakeWhatsApp.BR_2018,whatsapp,v1,True,False,2018-2022,desconhecido,True
15543,0,2.005141,-2.113400,-4.118542,0.054717,FakeWhatsApp.BR_2018,whatsapp,v1,True,False,2018-2022,desconhecido,True
15542,1,-0.715869,0.539704,1.255573,0.713382,FakeWhatsApp.BR_2018,whatsapp,v1,True,False,2018-2022,desconhecido,False
15541,0,-0.445861,0.447905,0.893766,0.658956,FakeWhatsApp.BR_2018,whatsapp,v1,True,False,2018-2022,desconhecido,False
15540,1,-1.001008,0.962334,1.963342,0.803326,FakeWhatsApp.BR_2018,whatsapp,v1,True,False,2018-2022,desconhecido,False
15539,1,-1.728661,1.813152,3.541813,0.924974,FakeWhatsApp.BR_2018,whatsapp,v1,True,False,2018-2022,desconhecido,True
15538,0,0.724560,-0.729370,-1.453930,0.272013,FakeWhatsApp.BR_2018,whatsapp,v1,True,False,2018-2022,desconhecido,True
15537,0,0.587388,-0.607668,-1.195056,0.309330,FakeWhatsApp.BR_2018,whatsapp,v1,True,False,2018-2022,desconhecido,True
15536,0,2.537603,-2.636839,-5.174442,0.026901,FakeWhatsApp.BR_2018,whatsapp,v1,True,False,2018-2022,desconhecido,True
15535,1,-2.185111,2.513247,4.698358,0.965154,FakeWhatsApp.BR_2018,whatsapp,v1,True,False,2018-2022,desconhecido,True
15534,1,-1.459963,1.542271,3.002234,0.894192,FakeWhatsApp.BR_2018,whatsapp,v1,True,False,2018-2022,desconhecido,True
15533,1,-1.178030,1.255798,2.433827,0.850241,FakeWhatsApp.BR_2018,whatsapp,v1,True,False,2018-2022,desconhecido,False
15787,1,-2.123752,2.301419,4.425171,0.958120,FakeWhatsApp.BR_2018,whatsapp,v1,True,False,2018-2022,desconhecido,True
15786,0,0.892965,-0.947479,-1.840443,0.221846,FakeWhatsApp.BR_2018,whatsapp,v1,True,False,2018-2022,desconhecido,True
15785,0,-0.056145,-0.385737,-0.329592,0.450774,FakeWhatsApp.BR_2018,whatsapp,v1,True,False,2018-2022,desconhecido,True
15784,0,-0.147781,0.271588,0.419369,0.580940,FakeWhatsApp.BR_2018,whatsapp,v1,True,False,2018-2022,desconhecido,True
15783,0,0.487862,-0.584247,-1.072109,0.328008,FakeWhatsApp.BR_2018,whatsapp,v1,True,False,2018-2022,desconhecido,True
15782,0,2.734061,-3.053573,-5.787633,0.017680,FakeWhatsApp.BR_2018,whatsapp,v1,True,False,2018-2022,desconhecido,False
15781,1,-0.962054,1.146881,2.108935,0.818929,FakeWhatsApp.BR_2018,whatsapp,v1,True,False,2018-2022,desconhecido,True
15780,1,-1.319968,1.432555,2.752523,0.876483,FakeWhatsApp.BR_2018,whatsapp,v1,True,False,2018-2022,desconhecido,False
15779,1,-1.887117,2.074111,3.961228,0.942971,FakeWhatsApp.BR_2018,whatsapp,v1,True,False,2018-2022,desconhecido,True
15778,1,-2.635337,2.984689,5.620026,0.981411,FakeWhatsApp.BR_2018,whatsapp,v1,True,False,2018-2022,desconhecido,True
15777,0,-0.719152,0.756612,1.475764,0.743830,FakeWhatsApp.BR_2018,whatsapp,v1,True,False,2018-2022,desconhecido,True
15776,1,-2.228069,2.486084,4.714153,0.965524,FakeWhatsApp.BR_2018,whatsapp,v1,True,False,2018-2022,desconhecido,True
15775,1,-1.942513,2.011998,3.954511,0.942717,FakeWhatsApp.BR_2018,whatsapp,v1,True,False,2018-2022,desconhecido,True
15774,1,-2.307689,2.732219,5.039908,0.972358,FakeWhatsApp.BR_2018,whatsapp,v1,True,False,2018-2022,desconhecido,True
15532,0,0.773961,-1.035277,-1.809238,0.225639,FakeWhatsApp.BR_2018,whatsapp,v1,True,False,2018-2022,desconhecido,True
14155,0,1.072522,-1.276211,-2.348732,0.166495,FakeWhatsApp.BR_2018,whatsapp,v1,True,False,2018-2022,desconhecido,True
14186,1,-1.684464,1.800579,3.485043,0.922170,FakeWhatsApp.BR_2018,whatsapp,v1,True,False,2018-2022,desconhecido,False
15563,1,-2.560941,2.832157,5.393098,0.978281,FakeWhatsApp.BR_2018,whatsapp,v1,True,False,2018-2022,desconhecido,False
15562,1,-2.301708,2.588732,4.890440,0.969404,FakeWhatsApp.BR_2018,whatsapp,v1,True,False,2018-2022,desconhecido,False
15561,0,-1.631755,1.795057,3.426812,0.919194,FakeWhatsApp.BR_2018,whatsapp,v1,True,False,2018-2022,desconhecido,True
15560,0,2.575110,-2.747352,-5.322462,0.024319,FakeWhatsApp.BR_2018,whatsapp,v1,True,False,2018-2022,desconhecido,True
15559,1,-0.996749,1.047888,2.044636,0.812160,FakeWhatsApp.BR_2018,whatsapp,v1,True,False,2018-2022,desconhecido,True
15558,1,-1.779382,1.974577,3.753959,0.934650,FakeWhatsApp.BR_2018,whatsapp,v1,True,False,2018-2022,desconhecido,True
15557,0,1.520218,-1.635597,-3.155815,0.101970,FakeWhatsApp.BR_2018,whatsapp,v1,True,False,2018-2022,desconhecido,True
15556,1,-2.529922,2.765004,5.294926,0.976772,FakeWhatsApp.BR_2018,whatsapp,v1,True,False,2018-2022,desconhecido,True
15555,0,-0.896565,1.068616,1.965180,0.803529,FakeWhatsApp.BR_2018,whatsapp,v1,True,False,2018-2022,desconhecido,True
15554,0,0.626538,-0.772301,-1.398840,0.279715,FakeWhatsApp.BR_2018,whatsapp,v1,True,False,2018-2022,desconhecido,True
15553,0,1.341293,-1.569416,-2.910710,0.118785,FakeWhatsApp.BR_2018,whatsapp,v1,True,False,2018-2022,desconhecido,True
15552,0,0.250425,-0.242138,-0.492563,0.422724,FakeWhatsApp.BR_2018,whatsapp,v1,True,False,2018-2022,desconhecido,True
15551,1,-1.150818,1.365862,2.516680,0.857475,FakeWhatsApp.BR_2018,whatsapp,v1,True,False,2018-2022,desconhecido,True
15550,1,0.253134,-0.489265,-0.742399,0.380729,FakeWhatsApp.BR_2018,whatsapp,v1,True,False,2018-2022,desconhecido,False
15549,1,-1.246157,1.374579,2.620736,0.866146,FakeWhatsApp.BR_2018,whatsapp,v1,True,False,2018-2022,desconhecido,True
15548,0,0.224192,-0.398470,-0.622662,0.400675,FakeWhatsApp.BR_2018,whatsapp,v1,True,False,2018-2022,desconhecido,True
14185,1,-1.768765,2.044003,3.812768,0.937119,FakeWhatsApp.BR_2018,whatsapp,v1,True,False,2018-2022,desconhecido,True
14184,1,-2.916660,3.296922,6.213582,0.987652,FakeWhatsApp.BR_2018,whatsapp,v1,True,False,2018-2022,desconhecido,True
14183,1,-0.941526,1.031894,1.973420,0.804438,FakeWhatsApp.BR_2018,whatsapp,v1,True,False,2018-2022,desconhecido,True
14182,0,1.322526,-1.411865,-2.734391,0.132321,FakeWhatsApp.BR_2018,whatsapp,v1,True,False,2018-2022,desconhecido,True
14181,1,-1.317804,1.694704,3.012507,0.894871,FakeWhatsApp.BR_2018,whatsapp,v1,True,False,2018-2022,desconhecido,True
14180,1,0.023229,-0.005493,-0.028722,0.503257,FakeWhatsApp.BR_2018,whatsapp,v1,True,False,2018-2022,desconhecido,True
14179,1,-2.599580,2.953549,5.553129,0.980537,FakeWhatsApp.BR_2018,whatsapp,v1,True,False,2018-2022,desconhecido,True
14178,1,-1.378152,1.609600,2.987752,0.893230,FakeWhatsApp.BR_2018,whatsapp,v1,True,False,2018-2022,desconhecido,True
14177,0,0.746966,-0.749973,-1.496939,0.266094,FakeWhatsApp.BR_2018,whatsapp,v1,True,False,2018-2022,desconhecido,True
14176,1,-1.396879,1.198443,2.595322,0.864070,FakeWhatsApp.BR_2018,whatsapp,v1,True,False,2018-2022,desconhecido,True
14175,1,-1.625613,1.815082,3.440695,0.919913,FakeWhatsApp.BR_2018,whatsapp,v1,True,False,2018-2022,desconhecido,True
14174,0,2.896911,-3.176878,-6.073789,0.014518,FakeWhatsApp.BR_2018,whatsapp,v1,True,False,2018-2022,desconhecido,True
14173,0,1.590944,-1.623876,-3.214820,0.098250,FakeWhatsApp.BR_2018,whatsapp,v1,True,False,2018-2022,desconhecido,True
15579,0,-0.913408,0.817505,1.730913,0.776353,FakeWhatsApp.BR_2018,whatsapp,v1,True,False,2018-2022,desconhecido,False
15578,1,-1.853706,2.037220,3.890926,0.940266,FakeWhatsApp.BR_2018,whatsapp,v1,True,False,2018-2022,desconhecido,True
15577,0,0.362680,-0.490098,-0.852778,0.362691,FakeWhatsApp.BR_2018,whatsapp,v1,True,False,2018-2022,desconhecido,True
15576,1,-0.554196,0.699731,1.253927,0.713146,FakeWhatsApp.BR_2018,whatsapp,v1,True,False,2018-2022,desconhecido,True
15575,0,0.222631,-0.153840,-0.376471,0.442665,FakeWhatsApp.BR_2018,whatsapp,v1,True,False,2018-2022,desconhecido,False
15574,1,-0.414703,0.420051,0.834754,0.649615,FakeWhatsApp.BR_2018,whatsapp,v1,True,False,2018-2022,desconhecido,False
15573,0,1.929788,-2.081825,-4.011613,0.058719,FakeWhatsApp.BR_2018,whatsapp,v1,True,False,2018-2022,desconhecido,True
15572,0,-0.017808,-0.066068,-0.048261,0.499838,FakeWhatsApp.BR_2018,whatsapp,v1,True,False,2018-2022,desconhecido,False
15571,1,-1.903909,2.023435,3.927344,0.941682,FakeWhatsApp.BR_2018,whatsapp,v1,True,False,2018-2022,desconhecido,False
15570,1,-1.857628,2.126037,3.983665,0.943809,FakeWhatsApp.BR_2018,whatsapp,v1,True,False,2018-2022,desconhecido,False
15569,1,-1.669545,1.827082,3.496627,0.922750,FakeWhatsApp.BR_2018,whatsapp,v1,True,False,2018-2022,desconhecido,False
15568,0,1.109485,-1.150230,-2.259716,0.175321,FakeWhatsApp.BR_2018,whatsapp,v1,True,False,2018-2022,desconhecido,True
15567,0,0.111455,-0.260336,-0.371791,0.443473,FakeWhatsApp.BR_2018,whatsapp,v1,True,False,2018-2022,desconhecido,True
15566,1,-2.435730,2.624959,5.060689,0.972747,FakeWhatsApp.BR_2018,whatsapp,v1,True,False,2018-2022,desconhecido,False
15565,0,2.360129,-2.487677,-4.847806,0.033579,FakeWhatsApp.BR_2018,whatsapp,v1,True,False,2018-2022,desconhecido,True
15564,1,-2.418720,2.617515,5.036235,0.972289,FakeWhatsApp.BR_2018,whatsapp,v1,True,False,2018-2022,desconhecido,True
14172,1,0.936943,-1.098271,-2.035214,0.199208,FakeWhatsApp.BR_2018,whatsapp,v1,True,False,2018-2022,desconhecido,True
14171,0,2.258324,-2.590439,-4.848763,0.033557,FakeWhatsApp.BR_2018,whatsapp,v1,True,False,2018-2022,desconhecido,True
14202,1,-1.770224,2.031782,3.802007,0.936674,FakeWhatsApp.BR_2018,whatsapp,v1,True,False,2018-2022,desconhecido,True
14201,0,-0.322237,0.339874,0.662111,0.621641,FakeWhatsApp.BR_2018,whatsapp,v1,True,False,2018-2022,desconhecido,True
14200,0,1.061628,-1.138029,-2.199657,0.181481,FakeWhatsApp.BR_2018,whatsapp,v1,True,False,2018-2022,desconhecido,True
14199,0,0.350028,-0.359981,-0.710009,0.386088,FakeWhatsApp.BR_2018,whatsapp,v1,True,False,2018-2022,desconhecido,True
14198,0,0.823047,-0.901303,-1.724349,0.236189,FakeWhatsApp.BR_2018,whatsapp,v1,True,False,2018-2022,desconhecido,True
14197,0,-0.848597,0.733222,1.581818,0.757715,FakeWhatsApp.BR_2018,whatsapp,v1,True,False,2018-2022,desconhecido,False
14196,1,-2.536480,2.849023,5.385503,0.978167,FakeWhatsApp.BR_2018,whatsapp,v1,True,False,2018-2022,desconhecido,True
14195,0,2.032094,-1.992024,-4.024117,0.058237,FakeWhatsApp.BR_2018,whatsapp,v1,True,False,2018-2022,desconhecido,False
14194,1,-0.259120,0.295521,0.554641,0.603795,FakeWhatsApp.BR_2018,whatsapp,v1,True,False,2018-2022,desconhecido,True
14193,0,1.699998,-1.984130,-3.684129,0.072744,FakeWhatsApp.BR_2018,whatsapp,v1,True,False,2018-2022,desconhecido,True
14192,1,-2.028366,2.215132,4.243498,0.952710,FakeWhatsApp.BR_2018,whatsapp,v1,True,False,2018-2022,desconhecido,True
14191,1,-1.598412,1.986245,3.584657,0.927029,FakeWhatsApp.BR_2018,whatsapp,v1,True,False,2018-2022,desconhecido,True
14190,0,1.182870,-1.180979,-2.363849,0.165032,FakeWhatsApp.BR_2018,whatsapp,v1,True,False,2018-2022,desconhecido,True
14189,0,-1.466162,1.741737,3.207899,0.907059,FakeWhatsApp.BR_2018,whatsapp,v1,True,False,2018-2022,desconhecido,False
14188,0,2.597743,-3.005548,-5.603291,0.020066,FakeWhatsApp.BR_2018,whatsapp,v1,True,False,2018-2022,desconhecido,False
14187,0,-1.362772,1.786069,3.148841,0.903515,FakeWhatsApp.BR_2018,whatsapp,v1,True,False,2018-2022,desconhecido,False
14218,0,0.776716,-0.848528,-1.625244,0.248929,FakeWhatsApp.BR_2018,whatsapp,v1,True,False,2018-2022,desconhecido,True
14217,1,-2.064087,2.403664,4.467751,0.959300,FakeWhatsApp.BR_2018,whatsapp,v1,True,False,2018-2022,desconhecido,True
14216,0,2.305293,-2.648251,-4.953544,0.031259,FakeWhatsApp.BR_2018,whatsapp,v1,True,False,2018-2022,desconhecido,True
14215,1,-1.366532,1.340781,2.707313,0.873016,FakeWhatsApp.BR_2018,whatsapp,v1,True,False,2018-2022,desconhecido,True
14214,1,-1.571849,1.708026,3.279875,0.911219,FakeWhatsApp.BR_2018,whatsapp,v1,True,False,2018-2022,desconhecido,True
14213,0,1.780028,-1.962168,-3.742196,0.070050,FakeWhatsApp.BR_2018,whatsapp,v1,True,False,2018-2022,desconhecido,True
14212,1,-2.076755,2.342173,4.418928,0.957944,FakeWhatsApp.BR_2018,whatsapp,v1,True,False,2018-2022,desconhecido,False
14211,1,-1.861265,1.960436,3.821700,0.937486,FakeWhatsApp.BR_2018,whatsapp,v1,True,False,2018-2022,desconhecido,True
14210,0,1.976792,-2.072004,-4.048796,0.057297,FakeWhatsApp.BR_2018,whatsapp,v1,True,False,2018-2022,desconhecido,True
14209,1,-0.199786,-0.090142,0.109643,0.527439,FakeWhatsApp.BR_2018,whatsapp,v1,True,False,2018-2022,desconhecido,True
14208,0,-1.525475,1.646194,3.171669,0.904899,FakeWhatsApp.BR_2018,whatsapp,v1,True,False,2018-2022,desconhecido,False
14207,0,2.162623,-2.538116,-4.700739,0.037084,FakeWhatsApp.BR_2018,whatsapp,v1,True,False,2018-2022,desconhecido,False
14206,1,-0.956040,1.081934,2.037975,0.811448,FakeWhatsApp.BR_2018,whatsapp,v1,True,False,2018-2022,desconhecido,True
14205,0,0.877474,-1.080816,-1.958290,0.207935,FakeWhatsApp.BR_2018,whatsapp,v1,True,False,2018-2022,desconhecido,True
14204,1,-1.016356,1.253802,2.270158,0.835063,FakeWhatsApp.BR_2018,whatsapp,v1,True,False,2018-2022,desconhecido,False
14203,1,-1.012712,1.239102,2.251814,0.833287,FakeWhatsApp.BR_2018,whatsapp,v1,True,False,2018-2022,desconhecido,True
14234,1,-2.440928,2.746803,5.187731,0.975007,FakeWhatsApp.BR_2018,whatsapp,v1,True,False,2018-2022,desconhecido,True
14233,1,-2.699152,3.023377,5.722529,0.982675,FakeWhatsApp.BR_2018,whatsapp,v1,True,False,2018-2022,desconhecido,True
14232,0,-0.181778,0.158297,0.340075,0.567372,FakeWhatsApp.BR_2018,whatsapp,v1,True,False,2018-2022,desconhecido,True
14231,0,-1.870807,1.695688,3.566496,0.926164,FakeWhatsApp.BR_2018,whatsapp,v1,True,False,2018-2022,desconhecido,False
14230,1,-1.128818,1.261337,2.390155,0.846307,FakeWhatsApp.BR_2018,whatsapp,v1,True,False,2018-2022,desconhecido,False
14229,1,-0.725494,1.012147,1.737641,0.777170,FakeWhatsApp.BR_2018,whatsapp,v1,True,False,2018-2022,desconhecido,True
14228,1,0.080233,-0.028882,-0.109115,0.489192,FakeWhatsApp.BR_2018,whatsapp,v1,True,False,2018-2022,desconhecido,False
14227,0,0.745543,-1.025763,-1.771306,0.230311,FakeWhatsApp.BR_2018,whatsapp,v1,True,False,2018-2022,desconhecido,True
14226,1,-1.423542,1.339862,2.763404,0.877305,FakeWhatsApp.BR_2018,whatsapp,v1,True,False,2018-2022,desconhecido,True
14225,1,0.240598,-0.191112,-0.431710,0.433150,FakeWhatsApp.BR_2018,whatsapp,v1,True,False,2018-2022,desconhecido,False
14224,0,2.685772,-2.693556,-5.379328,0.023392,FakeWhatsApp.BR_2018,whatsapp,v1,True,False,2018-2022,desconhecido,True
14223,0,0.685207,-0.946133,-1.631340,0.248133,FakeWhatsApp.BR_2018,whatsapp,v1,True,False,2018-2022,desconhecido,True
14222,0,1.310394,-1.413887,-2.724280,0.133136,FakeWhatsApp.BR_2018,whatsapp,v1,True,False,2018-2022,desconhecido,True
14221,0,2.013379,-2.221737,-4.235116,0.050647,FakeWhatsApp.BR_2018,whatsapp,v1,True,False,2018-2022,desconhecido,True
14220,0,1.503215,-1.660534,-3.163750,0.101462,FakeWhatsApp.BR_2018,whatsapp,v1,True,False,2018-2022,desconhecido,False
14219,0,0.961638,-1.131332,-2.092970,0.192838,FakeWhatsApp.BR_2018,whatsapp,v1,True,False,2018-2022,desconhecido,True
14250,1,-1.194604,1.322115,2.516718,0.857478,FakeWhatsApp.BR_2018,whatsapp,v1,True,False,2018-2022,desconhecido,True
14249,0,-0.086019,0.094097,0.180116,0.539713,FakeWhatsApp.BR_2018,whatsapp,v1,True,False,2018-2022,desconhecido,True
14248,0,2.484786,-2.676340,-5.161125,0.027147,FakeWhatsApp.BR_2018,whatsapp,v1,True,False,2018-2022,desconhecido,True
14247,0,-0.426748,0.585096,1.011844,0.677277,FakeWhatsApp.BR_2018,whatsapp,v1,True,False,2018-2022,desconhecido,True
14246,1,-1.510098,1.634458,3.144556,0.903253,FakeWhatsApp.BR_2018,whatsapp,v1,True,False,2018-2022,desconhecido,False
14245,1,-2.738153,3.045137,5.783291,0.983385,FakeWhatsApp.BR_2018,whatsapp,v1,True,False,2018-2022,desconhecido,True
14244,1,-2.739220,3.038863,5.778083,0.983325,FakeWhatsApp.BR_2018,whatsapp,v1,True,False,2018-2022,desconhecido,True
14243,0,0.666106,-0.743459,-1.409565,0.278205,FakeWhatsApp.BR_2018,whatsapp,v1,True,False,2018-2022,desconhecido,True
14242,1,1.508504,-1.693879,-3.202384,0.099024,FakeWhatsApp.BR_2018,whatsapp,v1,True,False,2018-2022,desconhecido,True
14241,1,0.077022,-0.160857,-0.237879,0.466710,FakeWhatsApp.BR_2018,whatsapp,v1,True,False,2018-2022,desconhecido,True
14240,0,-0.681969,0.679607,1.361576,0.728308,FakeWhatsApp.BR_2018,whatsapp,v1,True,False,2018-2022,desconhecido,False
14239,0,-0.315071,0.327337,0.642409,0.618392,FakeWhatsApp.BR_2018,whatsapp,v1,True,False,2018-2022,desconhecido,False
14238,0,0.119428,-0.216074,-0.335501,0.449751,FakeWhatsApp.BR_2018,whatsapp,v1,True,False,2018-2022,desconhecido,True
14237,0,0.934930,-1.198017,-2.132948,0.188520,FakeWhatsApp.BR_2018,whatsapp,v1,True,False,2018-2022,desconhecido,True
15770,1,-1.149755,1.124810,2.274565,0.835487,FakeWhatsApp.BR_2018,whatsapp,v1,True,False,2018-2022,desconhecido,True
15769,1,-0.487230,0.523197,1.010427,0.677060,FakeWhatsApp.BR_2018,whatsapp,v1,True,False,2018-2022,desconhecido,False
15768,1,0.002711,-0.212109,-0.214820,0.470729,FakeWhatsApp.BR_2018,whatsapp,v1,True,False,2018-2022,desconhecido,True
15767,0,1.955989,-2.043103,-3.999092,0.059205,FakeWhatsApp.BR_2018,whatsapp,v1,True,False,2018-2022,desconhecido,True
15766,1,-0.945622,1.028228,1.973850,0.804485,FakeWhatsApp.BR_2018,whatsapp,v1,True,False,2018-2022,desconhecido,True
15765,1,1.936284,-2.234951,-4.171235,0.052840,FakeWhatsApp.BR_2018,whatsapp,v1,True,False,2018-2022,desconhecido,True
15764,1,-1.920713,2.035457,3.956170,0.942780,FakeWhatsApp.BR_2018,whatsapp,v1,True,False,2018-2022,desconhecido,True
15763,1,0.208921,-0.428779,-0.637700,0.398150,FakeWhatsApp.BR_2018,whatsapp,v1,True,False,2018-2022,desconhecido,True
15762,0,-1.135338,1.155368,2.290706,0.837034,FakeWhatsApp.BR_2018,whatsapp,v1,True,False,2018-2022,desconhecido,False
15761,1,-2.149529,2.311819,4.461349,0.959124,FakeWhatsApp.BR_2018,whatsapp,v1,True,False,2018-2022,desconhecido,True
15760,0,-2.001297,2.265129,4.266427,0.953428,FakeWhatsApp.BR_2018,whatsapp,v1,True,False,2018-2022,desconhecido,False
15759,0,2.375031,-2.651080,-5.026110,0.029757,FakeWhatsApp.BR_2018,whatsapp,v1,True,False,2018-2022,desconhecido,False
15758,1,-0.715697,0.931937,1.647635,0.766071,FakeWhatsApp.BR_2018,whatsapp,v1,True,False,2018-2022,desconhecido,True
15757,0,-0.091853,0.135633,0.227485,0.547937,FakeWhatsApp.BR_2018,whatsapp,v1,True,False,2018-2022,desconhecido,False
15756,0,1.794596,-1.973105,-3.767701,0.068896,FakeWhatsApp.BR_2018,whatsapp,v1,True,False,2018-2022,desconhecido,True
14236,0,0.803427,-0.950681,-1.754108,0.232452,FakeWhatsApp.BR_2018,whatsapp,v1,True,False,2018-2022,desconhecido,True
14235,1,-2.189257,2.386795,4.576052,0.962158,FakeWhatsApp.BR_2018,whatsapp,v1,True,False,2018-2022,desconhecido,True
14266,1,-2.183736,2.406928,4.590664,0.962529,FakeWhatsApp.BR_2018,whatsapp,v1,True,False,2018-2022,desconhecido,False
14265,0,2.446788,-2.827345,-5.274133,0.025134,FakeWhatsApp.BR_2018,whatsapp,v1,True,False,2018-2022,desconhecido,False
14264,1,0.629440,-0.737342,-1.366782,0.284257,FakeWhatsApp.BR_2018,whatsapp,v1,True,False,2018-2022,desconhecido,False
14263,1,-2.462911,2.819076,5.281987,0.976565,FakeWhatsApp.BR_2018,whatsapp,v1,True,False,2018-2022,desconhecido,False
14262,1,-0.403927,0.548388,0.952314,0.668104,FakeWhatsApp.BR_2018,whatsapp,v1,True,False,2018-2022,desconhecido,True
14261,0,2.427165,-2.785460,-5.212625,0.026211,FakeWhatsApp.BR_2018,whatsapp,v1,True,False,2018-2022,desconhecido,False
14260,1,-2.629410,3.071964,5.701374,0.982421,FakeWhatsApp.BR_2018,whatsapp,v1,True,False,2018-2022,desconhecido,True
14259,0,2.463922,-2.840774,-5.304696,0.024615,FakeWhatsApp.BR_2018,whatsapp,v1,True,False,2018-2022,desconhecido,True
14258,1,-2.545404,2.927080,5.472484,0.979430,FakeWhatsApp.BR_2018,whatsapp,v1,True,False,2018-2022,desconhecido,True
14257,0,-0.550299,0.641764,1.192063,0.704208,FakeWhatsApp.BR_2018,whatsapp,v1,True,False,2018-2022,desconhecido,True
14256,1,-2.441821,2.670678,5.112499,0.973692,FakeWhatsApp.BR_2018,whatsapp,v1,True,False,2018-2022,desconhecido,True
14255,0,-0.834404,0.759412,1.593817,0.759254,FakeWhatsApp.BR_2018,whatsapp,v1,True,False,2018-2022,desconhecido,False
14254,1,-0.668200,0.848740,1.516940,0.749282,FakeWhatsApp.BR_2018,whatsapp,v1,True,False,2018-2022,desconhecido,False
14253,0,0.922624,-0.899168,-1.821792,0.224108,FakeWhatsApp.BR_2018,whatsapp,v1,True,False,2018-2022,desconhecido,False
15771,0,0.784758,-1.007380,-1.792138,0.227737,FakeWhatsApp.BR_2018,whatsapp,v1,True,False,2018-2022,desconhecido,True
14252,1,-2.167379,2.220694,4.388073,0.957066,FakeWhatsApp.BR_2018,whatsapp,v1,True,False,2018-2022,desconhecido,False
14251,0,0.543362,-0.869071,-1.412433,0.277802,FakeWhatsApp.BR_2018,whatsapp,v1,True,False,2018-2022,desconhecido,True
14282,0,1.498318,-1.688186,-3.186504,0.100020,FakeWhatsApp.BR_2018,whatsapp,v1,True,False,2018-2022,desconhecido,True
14281,0,1.032694,-1.246731,-2.279425,0.173335,FakeWhatsApp.BR_2018,whatsapp,v1,True,False,2018-2022,desconhecido,True
14280,0,0.013806,-0.258008,-0.271814,0.460804,FakeWhatsApp.BR_2018,whatsapp,v1,True,False,2018-2022,desconhecido,True
14279,0,-0.304213,0.351470,0.655683,0.620582,FakeWhatsApp.BR_2018,whatsapp,v1,True,False,2018-2022,desconhecido,False
14278,0,0.076395,-0.026944,-0.103339,0.490202,FakeWhatsApp.BR_2018,whatsapp,v1,True,False,2018-2022,desconhecido,False
14277,1,-2.266319,2.467475,4.733794,0.965979,FakeWhatsApp.BR_2018,whatsapp,v1,True,False,2018-2022,desconhecido,True
14276,1,-2.812502,3.054247,5.866749,0.984313,FakeWhatsApp.BR_2018,whatsapp,v1,True,False,2018-2022,desconhecido,True
14275,1,-2.427969,2.651353,5.079322,0.973090,FakeWhatsApp.BR_2018,whatsapp,v1,True,False,2018-2022,desconhecido,True
14274,1,-1.652981,1.860256,3.513238,0.923574,FakeWhatsApp.BR_2018,whatsapp,v1,True,False,2018-2022,desconhecido,False
14273,1,-2.660263,2.938008,5.598271,0.981131,FakeWhatsApp.BR_2018,whatsapp,v1,True,False,2018-2022,desconhecido,False
14272,1,-2.710060,2.916731,5.626791,0.981497,FakeWhatsApp.BR_2018,whatsapp,v1,True,False,2018-2022,desconhecido,True
14271,0,2.435292,-2.796767,-5.232059,0.025866,FakeWhatsApp.BR_2018,whatsapp,v1,True,False,2018-2022,desconhecido,True
14270,1,-2.502303,2.754726,5.257029,0.976162,FakeWhatsApp.BR_2018,whatsapp,v1,True,False,2018-2022,desconhecido,False
14269,0,0.603363,-0.746920,-1.350284,0.286613,FakeWhatsApp.BR_2018,whatsapp,v1,True,False,2018-2022,desconhecido,True
14268,1,-2.360513,2.596018,4.956531,0.970746,FakeWhatsApp.BR_2018,whatsapp,v1,True,False,2018-2022,desconhecido,True
14267,1,-0.594638,0.688547,1.283186,0.717317,FakeWhatsApp.BR_2018,whatsapp,v1,True,False,2018-2022,desconhecido,True
14298,0,2.310330,-2.567797,-4.878127,0.032897,FakeWhatsApp.BR_2018,whatsapp,v1,True,False,2018-2022,desconhecido,True
14297,1,-1.225162,1.133257,2.358419,0.843396,FakeWhatsApp.BR_2018,whatsapp,v1,True,False,2018-2022,desconhecido,False
14296,0,-0.064235,-0.064023,0.000212,0.508318,FakeWhatsApp.BR_2018,whatsapp,v1,True,False,2018-2022,desconhecido,True
14295,0,0.836355,-0.897408,-1.733762,0.235002,FakeWhatsApp.BR_2018,whatsapp,v1,True,False,2018-2022,desconhecido,True
14294,0,0.761439,-0.621826,-1.383265,0.281916,FakeWhatsApp.BR_2018,whatsapp,v1,True,False,2018-2022,desconhecido,False
14293,0,2.441514,-2.491805,-4.933319,0.031690,FakeWhatsApp.BR_2018,whatsapp,v1,True,False,2018-2022,desconhecido,False
14292,1,-1.232589,1.294392,2.526981,0.858354,FakeWhatsApp.BR_2018,whatsapp,v1,True,False,2018-2022,desconhecido,True
14291,1,-1.928639,2.113843,4.042481,0.945953,FakeWhatsApp.BR_2018,whatsapp,v1,True,False,2018-2022,desconhecido,False
14290,0,0.528879,-0.362400,-0.891280,0.356486,FakeWhatsApp.BR_2018,whatsapp,v1,True,False,2018-2022,desconhecido,False
14289,1,-1.980045,2.150387,4.130432,0.949015,FakeWhatsApp.BR_2018,whatsapp,v1,True,False,2018-2022,desconhecido,False
14288,0,1.914092,-1.945179,-3.859271,0.064897,FakeWhatsApp.BR_2018,whatsapp,v1,True,False,2018-2022,desconhecido,True
14287,1,-1.729509,1.845540,3.575049,0.926573,FakeWhatsApp.BR_2018,whatsapp,v1,True,False,2018-2022,desconhecido,True
14286,1,-1.961798,2.066533,4.028331,0.945444,FakeWhatsApp.BR_2018,whatsapp,v1,True,False,2018-2022,desconhecido,True
14285,0,2.176102,-2.305221,-4.481322,0.042975,FakeWhatsApp.BR_2018,whatsapp,v1,True,False,2018-2022,desconhecido,True
14284,0,2.224621,-2.303866,-4.528487,0.041638,FakeWhatsApp.BR_2018,whatsapp,v1,True,False,2018-2022,desconhecido,True
14283,1,-1.025617,1.358337,2.383955,0.845742,FakeWhatsApp.BR_2018,whatsapp,v1,True,False,2018-2022,desconhecido,True
14314,1,-1.560277,1.817373,3.377650,0.916601,FakeWhatsApp.BR_2018,whatsapp,v1,True,False,2018-2022,desconhecido,True
14313,1,-0.747071,0.900780,1.647851,0.766098,FakeWhatsApp.BR_2018,whatsapp,v1,True,False,2018-2022,desconhecido,False
14312,1,-1.570169,1.532584,3.102753,0.900666,FakeWhatsApp.BR_2018,whatsapp,v1,True,False,2018-2022,desconhecido,False
14311,1,-2.230420,2.503138,4.733557,0.965974,FakeWhatsApp.BR_2018,whatsapp,v1,True,False,2018-2022,desconhecido,True
14310,0,1.020312,-1.391755,-2.412067,0.160434,FakeWhatsApp.BR_2018,whatsapp,v1,True,False,2018-2022,desconhecido,True
14309,1,-2.049239,2.368858,4.418097,0.957921,FakeWhatsApp.BR_2018,whatsapp,v1,True,False,2018-2022,desconhecido,False
14308,1,0.274846,-0.537714,-0.812560,0.369222,FakeWhatsApp.BR_2018,whatsapp,v1,True,False,2018-2022,desconhecido,False
14307,1,1.035194,-1.261333,-2.296527,0.171627,FakeWhatsApp.BR_2018,whatsapp,v1,True,False,2018-2022,desconhecido,True
14306,1,0.414895,-0.428991,-0.843886,0.364130,FakeWhatsApp.BR_2018,whatsapp,v1,True,False,2018-2022,desconhecido,False
14305,0,2.137019,-2.346756,-4.483775,0.042904,FakeWhatsApp.BR_2018,whatsapp,v1,True,False,2018-2022,desconhecido,True
14304,1,-2.425175,2.687940,5.113114,0.973703,FakeWhatsApp.BR_2018,whatsapp,v1,True,False,2018-2022,desconhecido,True
14303,1,0.552641,-0.563551,-1.116192,0.321244,FakeWhatsApp.BR_2018,whatsapp,v1,True,False,2018-2022,desconhecido,False
14302,1,-1.477890,1.407920,2.885810,0.886232,FakeWhatsApp.BR_2018,whatsapp,v1,True,False,2018-2022,desconhecido,True
14301,0,2.316788,-2.506041,-4.822829,0.034151,FakeWhatsApp.BR_2018,whatsapp,v1,True,False,2018-2022,desconhecido,True
14300,0,2.334658,-2.559276,-4.893934,0.032547,FakeWhatsApp.BR_2018,whatsapp,v1,True,False,2018-2022,desconhecido,True
14299,1,-1.042447,1.161346,2.203793,0.828566,FakeWhatsApp.BR_2018,whatsapp,v1,True,False,2018-2022,desconhecido,True
14330,0,1.990322,-1.965836,-3.956158,0.060901,FakeWhatsApp.BR_2018,whatsapp,v1,True,False,2018-2022,desconhecido,True
14329,1,-1.696541,1.609033,3.305574,0.912663,FakeWhatsApp.BR_2018,whatsapp,v1,True,False,2018-2022,desconhecido,True
14328,1,-2.201545,2.379056,4.580602,0.962274,FakeWhatsApp.BR_2018,whatsapp,v1,True,False,2018-2022,desconhecido,True
14327,0,2.000369,-2.092975,-4.093343,0.055636,FakeWhatsApp.BR_2018,whatsapp,v1,True,False,2018-2022,desconhecido,True
14326,0,1.600173,-1.659496,-3.259669,0.095504,FakeWhatsApp.BR_2018,whatsapp,v1,True,False,2018-2022,desconhecido,True
14325,1,-2.408076,2.666325,5.074401,0.973000,FakeWhatsApp.BR_2018,whatsapp,v1,True,False,2018-2022,desconhecido,True
14324,0,2.239337,-2.349825,-4.589162,0.039976,FakeWhatsApp.BR_2018,whatsapp,v1,True,False,2018-2022,desconhecido,True
14323,0,2.640345,-2.798894,-5.439239,0.022453,FakeWhatsApp.BR_2018,whatsapp,v1,True,False,2018-2022,desconhecido,True
14322,0,2.733569,-2.938858,-5.672426,0.019137,FakeWhatsApp.BR_2018,whatsapp,v1,True,False,2018-2022,desconhecido,True
14321,0,2.549738,-2.714204,-5.263942,0.025309,FakeWhatsApp.BR_2018,whatsapp,v1,True,False,2018-2022,desconhecido,True
14320,0,-0.713060,0.725873,1.438933,0.738887,FakeWhatsApp.BR_2018,whatsapp,v1,True,False,2018-2022,desconhecido,False
15595,0,2.415566,-2.527920,-4.943486,0.031472,FakeWhatsApp.BR_2018,whatsapp,v1,True,False,2018-2022,desconhecido,True
15594,1,-2.435674,2.718799,5.154472,0.974434,FakeWhatsApp.BR_2018,whatsapp,v1,True,False,2018-2022,desconhecido,True
15593,1,-1.749157,1.955437,3.704594,0.932507,FakeWhatsApp.BR_2018,whatsapp,v1,True,False,2018-2022,desconhecido,False
15592,0,1.721535,-2.012706,-3.734241,0.070414,FakeWhatsApp.BR_2018,whatsapp,v1,True,False,2018-2022,desconhecido,False
15591,0,-0.248121,0.300535,0.548657,0.602793,FakeWhatsApp.BR_2018,whatsapp,v1,True,False,2018-2022,desconhecido,True
15590,0,2.328666,-2.488369,-4.817036,0.034285,FakeWhatsApp.BR_2018,whatsapp,v1,True,False,2018-2022,desconhecido,True
15589,1,-2.824075,3.049816,5.873891,0.984390,FakeWhatsApp.BR_2018,whatsapp,v1,True,False,2018-2022,desconhecido,True
15588,1,-2.063884,2.247912,4.311796,0.954818,FakeWhatsApp.BR_2018,whatsapp,v1,True,False,2018-2022,desconhecido,True
15587,0,1.737098,-2.140095,-3.877193,0.064140,FakeWhatsApp.BR_2018,whatsapp,v1,True,False,2018-2022,desconhecido,False
15586,1,-2.037444,2.348337,4.385781,0.957000,FakeWhatsApp.BR_2018,whatsapp,v1,True,False,2018-2022,desconhecido,True
15585,0,2.126292,-2.197192,-4.323484,0.047755,FakeWhatsApp.BR_2018,whatsapp,v1,True,False,2018-2022,desconhecido,False
15584,1,-1.847627,2.142416,3.990042,0.944045,FakeWhatsApp.BR_2018,whatsapp,v1,True,False,2018-2022,desconhecido,False
15583,0,1.837970,-1.918362,-3.756333,0.069408,FakeWhatsApp.BR_2018,whatsapp,v1,True,False,2018-2022,desconhecido,True
15582,0,2.666986,-2.831241,-5.498227,0.021564,FakeWhatsApp.BR_2018,whatsapp,v1,True,False,2018-2022,desconhecido,True
15581,0,-0.279931,0.104262,0.384193,0.574935,FakeWhatsApp.BR_2018,whatsapp,v1,True,False,2018-2022,desconhecido,True
15580,1,-2.437694,2.683222,5.120915,0.973842,FakeWhatsApp.BR_2018,whatsapp,v1,True,False,2018-2022,desconhecido,True
14319,1,-1.914910,1.951881,3.866791,0.939311,FakeWhatsApp.BR_2018,whatsapp,v1,True,False,2018-2022,desconhecido,True
14318,1,0.930491,-0.999357,-1.929848,0.211232,FakeWhatsApp.BR_2018,whatsapp,v1,True,False,2018-2022,desconhecido,False
14317,1,-0.762223,0.983283,1.745506,0.778122,FakeWhatsApp.BR_2018,whatsapp,v1,True,False,2018-2022,desconhecido,True
15753,0,0.672174,-0.877579,-1.549753,0.258938,FakeWhatsApp.BR_2018,whatsapp,v1,True,False,2018-2022,desconhecido,True
15752,1,-1.055749,1.006735,2.062484,0.814058,FakeWhatsApp.BR_2018,whatsapp,v1,True,False,2018-2022,desconhecido,True
15751,0,0.501436,-0.638298,-1.139734,0.317662,FakeWhatsApp.BR_2018,whatsapp,v1,True,False,2018-2022,desconhecido,True
15750,0,-1.788917,2.024625,3.813542,0.937151,FakeWhatsApp.BR_2018,whatsapp,v1,True,False,2018-2022,desconhecido,False
15749,1,-1.976661,2.391073,4.367734,0.956477,FakeWhatsApp.BR_2018,whatsapp,v1,True,False,2018-2022,desconhecido,True
15748,0,-0.775563,0.838799,1.614361,0.761872,FakeWhatsApp.BR_2018,whatsapp,v1,True,False,2018-2022,desconhecido,True
15747,1,-2.272508,2.577158,4.849666,0.968546,FakeWhatsApp.BR_2018,whatsapp,v1,True,False,2018-2022,desconhecido,True
15746,0,0.145667,-0.682839,-0.828506,0.366626,FakeWhatsApp.BR_2018,whatsapp,v1,True,False,2018-2022,desconhecido,False
15745,0,-0.199558,0.432798,0.632356,0.616731,FakeWhatsApp.BR_2018,whatsapp,v1,True,False,2018-2022,desconhecido,True
15744,1,-1.537508,1.769495,3.307003,0.912743,FakeWhatsApp.BR_2018,whatsapp,v1,True,False,2018-2022,desconhecido,True
15743,1,-2.056747,2.404517,4.461264,0.959122,FakeWhatsApp.BR_2018,whatsapp,v1,True,False,2018-2022,desconhecido,True
15742,1,-1.715897,2.054040,3.769937,0.935329,FakeWhatsApp.BR_2018,whatsapp,v1,True,False,2018-2022,desconhecido,True
15741,0,2.925005,-3.347835,-6.272840,0.012654,FakeWhatsApp.BR_2018,whatsapp,v1,True,False,2018-2022,desconhecido,False
15740,0,0.107379,-0.199724,-0.307103,0.454674,FakeWhatsApp.BR_2018,whatsapp,v1,True,False,2018-2022,desconhecido,False
14316,0,-0.265262,0.177073,0.442335,0.584847,FakeWhatsApp.BR_2018,whatsapp,v1,True,False,2018-2022,desconhecido,True
14315,0,0.242216,-0.399758,-0.641974,0.397434,FakeWhatsApp.BR_2018,whatsapp,v1,True,False,2018-2022,desconhecido,True
14346,1,-1.795109,2.031881,3.826990,0.937703,FakeWhatsApp.BR_2018,whatsapp,v1,True,False,2018-2022,desconhecido,True
14345,1,-1.800633,1.930554,3.731187,0.933669,FakeWhatsApp.BR_2018,whatsapp,v1,True,False,2018-2022,desconhecido,True
14344,1,-0.690365,0.881828,1.572193,0.756476,FakeWhatsApp.BR_2018,whatsapp,v1,True,False,2018-2022,desconhecido,True
14343,1,-1.701492,1.990978,3.692470,0.931971,FakeWhatsApp.BR_2018,whatsapp,v1,True,False,2018-2022,desconhecido,False
14342,1,-0.653792,0.658025,1.311816,0.721362,FakeWhatsApp.BR_2018,whatsapp,v1,True,False,2018-2022,desconhecido,True
14341,0,-0.480386,0.555603,1.035989,0.680960,FakeWhatsApp.BR_2018,whatsapp,v1,True,False,2018-2022,desconhecido,True
14340,1,-2.527910,2.748301,5.276211,0.976473,FakeWhatsApp.BR_2018,whatsapp,v1,True,False,2018-2022,desconhecido,True
14339,0,0.447034,-0.469011,-0.916044,0.352519,FakeWhatsApp.BR_2018,whatsapp,v1,True,False,2018-2022,desconhecido,True
14338,1,-0.898416,1.069164,1.967580,0.803794,FakeWhatsApp.BR_2018,whatsapp,v1,True,False,2018-2022,desconhecido,False
14337,1,-2.333431,2.651737,4.985168,0.971310,FakeWhatsApp.BR_2018,whatsapp,v1,True,False,2018-2022,desconhecido,False
14336,0,1.320364,-1.416004,-2.736368,0.132163,FakeWhatsApp.BR_2018,whatsapp,v1,True,False,2018-2022,desconhecido,True
14335,1,-1.641319,1.776691,3.418010,0.918735,FakeWhatsApp.BR_2018,whatsapp,v1,True,False,2018-2022,desconhecido,True
14334,1,-1.316944,1.206504,2.523448,0.858053,FakeWhatsApp.BR_2018,whatsapp,v1,True,False,2018-2022,desconhecido,True
14332,1,-2.744525,3.162839,5.907364,0.984746,FakeWhatsApp.BR_2018,whatsapp,v1,True,False,2018-2022,desconhecido,True
15755,0,2.636603,-2.780861,-5.417463,0.022790,FakeWhatsApp.BR_2018,whatsapp,v1,True,False,2018-2022,desconhecido,True
15754,1,-1.296404,1.432976,2.729380,0.874718,FakeWhatsApp.BR_2018,whatsapp,v1,True,False,2018-2022,desconhecido,True
14331,0,-0.842132,1.035268,1.877400,0.793649,FakeWhatsApp.BR_2018,whatsapp,v1,True,False,2018-2022,desconhecido,True
14362,0,-1.015373,1.279986,2.295359,0.837478,FakeWhatsApp.BR_2018,whatsapp,v1,True,False,2018-2022,desconhecido,True
14361,1,-0.535729,0.453864,0.989593,0.673864,FakeWhatsApp.BR_2018,whatsapp,v1,True,False,2018-2022,desconhecido,True
14360,0,-0.328671,0.424266,0.752937,0.636472,FakeWhatsApp.BR_2018,whatsapp,v1,True,False,2018-2022,desconhecido,False
14359,1,-0.126707,0.053376,0.180084,0.539707,FakeWhatsApp.BR_2018,whatsapp,v1,True,False,2018-2022,desconhecido,False
14358,0,0.549308,-0.759478,-1.308785,0.292588,FakeWhatsApp.BR_2018,whatsapp,v1,True,False,2018-2022,desconhecido,True
14357,1,-0.746057,0.816782,1.562839,0.755268,FakeWhatsApp.BR_2018,whatsapp,v1,True,False,2018-2022,desconhecido,False
14356,1,-1.723205,1.915690,3.638895,0.929555,FakeWhatsApp.BR_2018,whatsapp,v1,True,False,2018-2022,desconhecido,True
14355,1,0.257340,-0.170170,-0.427509,0.433872,FakeWhatsApp.BR_2018,whatsapp,v1,True,False,2018-2022,desconhecido,True
14354,1,-0.583658,0.727536,1.311194,0.721275,FakeWhatsApp.BR_2018,whatsapp,v1,True,False,2018-2022,desconhecido,False
14353,1,-2.039806,2.289013,4.328819,0.955329,FakeWhatsApp.BR_2018,whatsapp,v1,True,False,2018-2022,desconhecido,True
14352,0,-2.048348,2.316041,4.364389,0.956380,FakeWhatsApp.BR_2018,whatsapp,v1,True,False,2018-2022,desconhecido,False
14351,0,-1.526770,1.707229,3.233999,0.908587,FakeWhatsApp.BR_2018,whatsapp,v1,True,False,2018-2022,desconhecido,False
14350,1,-1.029630,1.129588,2.159218,0.824089,FakeWhatsApp.BR_2018,whatsapp,v1,True,False,2018-2022,desconhecido,True
14349,1,-1.212794,1.458883,2.671677,0.870225,FakeWhatsApp.BR_2018,whatsapp,v1,True,False,2018-2022,desconhecido,False
14348,1,-2.382071,2.650984,5.033054,0.972229,FakeWhatsApp.BR_2018,whatsapp,v1,True,False,2018-2022,desconhecido,True
14347,1,-2.102880,2.356027,4.458906,0.959057,FakeWhatsApp.BR_2018,whatsapp,v1,True,False,2018-2022,desconhecido,False
14378,0,0.557551,-0.692115,-1.249666,0.301224,FakeWhatsApp.BR_2018,whatsapp,v1,True,False,2018-2022,desconhecido,True
14377,1,-0.786482,1.083634,1.870116,0.792813,FakeWhatsApp.BR_2018,whatsapp,v1,True,False,2018-2022,desconhecido,True
14376,1,-2.347246,2.610165,4.957412,0.970764,FakeWhatsApp.BR_2018,whatsapp,v1,True,False,2018-2022,desconhecido,True
14375,1,-2.042396,2.316952,4.359348,0.956232,FakeWhatsApp.BR_2018,whatsapp,v1,True,False,2018-2022,desconhecido,False
14374,0,2.650693,-3.038037,-5.688731,0.018924,FakeWhatsApp.BR_2018,whatsapp,v1,True,False,2018-2022,desconhecido,True
14373,0,1.559787,-1.870888,-3.430675,0.085654,FakeWhatsApp.BR_2018,whatsapp,v1,True,False,2018-2022,desconhecido,False
14372,0,-2.183590,2.434752,4.618341,0.963221,FakeWhatsApp.BR_2018,whatsapp,v1,True,False,2018-2022,desconhecido,True
14371,0,0.871976,-0.998743,-1.870720,0.218210,FakeWhatsApp.BR_2018,whatsapp,v1,True,False,2018-2022,desconhecido,False
14370,0,-1.033835,1.172987,2.206822,0.828866,FakeWhatsApp.BR_2018,whatsapp,v1,True,False,2018-2022,desconhecido,True
14369,1,-2.829239,3.039211,5.868450,0.984331,FakeWhatsApp.BR_2018,whatsapp,v1,True,False,2018-2022,desconhecido,True
14368,1,-1.997378,2.211029,4.208406,0.951592,FakeWhatsApp.BR_2018,whatsapp,v1,True,False,2018-2022,desconhecido,True
14367,1,-1.418539,1.673557,3.092096,0.899997,FakeWhatsApp.BR_2018,whatsapp,v1,True,False,2018-2022,desconhecido,False
14366,1,-1.360910,1.379266,2.740176,0.875544,FakeWhatsApp.BR_2018,whatsapp,v1,True,False,2018-2022,desconhecido,True
14365,1,-2.020917,2.012551,4.033467,0.945629,FakeWhatsApp.BR_2018,whatsapp,v1,True,False,2018-2022,desconhecido,True
14364,1,-1.583192,1.801224,3.384416,0.916963,FakeWhatsApp.BR_2018,whatsapp,v1,True,False,2018-2022,desconhecido,False
14363,1,-2.470966,2.732111,5.203077,0.975268,FakeWhatsApp.BR_2018,whatsapp,v1,True,False,2018-2022,desconhecido,False
14394,0,0.309998,-0.286592,-0.596590,0.405065,FakeWhatsApp.BR_2018,whatsapp,v1,True,False,2018-2022,desconhecido,False
14393,1,2.680098,-3.030475,-5.710573,0.018642,FakeWhatsApp.BR_2018,whatsapp,v1,True,False,2018-2022,desconhecido,False
14392,0,0.004545,-0.183589,-0.188133,0.475385,FakeWhatsApp.BR_2018,whatsapp,v1,True,False,2018-2022,desconhecido,True
14391,0,-0.533861,0.635053,1.168914,0.700822,FakeWhatsApp.BR_2018,whatsapp,v1,True,False,2018-2022,desconhecido,False
14390,1,-1.883973,2.127063,4.011036,0.944817,FakeWhatsApp.BR_2018,whatsapp,v1,True,False,2018-2022,desconhecido,True
14389,0,-1.534071,1.777840,3.311911,0.913016,FakeWhatsApp.BR_2018,whatsapp,v1,True,False,2018-2022,desconhecido,True
14388,1,-0.500166,0.453419,0.953585,0.668302,FakeWhatsApp.BR_2018,whatsapp,v1,True,False,2018-2022,desconhecido,False
14387,0,-1.081846,0.867390,1.949236,0.801761,FakeWhatsApp.BR_2018,whatsapp,v1,True,False,2018-2022,desconhecido,True
14386,0,0.894271,-0.902034,-1.796305,0.227225,FakeWhatsApp.BR_2018,whatsapp,v1,True,False,2018-2022,desconhecido,False
14385,1,0.784424,-0.911307,-1.695731,0.239821,FakeWhatsApp.BR_2018,whatsapp,v1,True,False,2018-2022,desconhecido,True
14384,0,0.320014,-0.294848,-0.614862,0.401986,FakeWhatsApp.BR_2018,whatsapp,v1,True,False,2018-2022,desconhecido,False
14383,1,-1.968764,2.232467,4.201231,0.951360,FakeWhatsApp.BR_2018,whatsapp,v1,True,False,2018-2022,desconhecido,True
14382,1,-0.274726,0.446252,0.720978,0.631281,FakeWhatsApp.BR_2018,whatsapp,v1,True,False,2018-2022,desconhecido,True
14381,0,0.426451,-0.603736,-1.030187,0.334508,FakeWhatsApp.BR_2018,whatsapp,v1,True,False,2018-2022,desconhecido,True
14380,1,-1.223470,1.385066,2.608536,0.865153,FakeWhatsApp.BR_2018,whatsapp,v1,True,False,2018-2022,desconhecido,False
14379,1,-1.488392,1.551125,3.039517,0.896636,FakeWhatsApp.BR_2018,whatsapp,v1,True,False,2018-2022,desconhecido,False
14410,1,-1.436142,1.598019,3.034161,0.896288,FakeWhatsApp.BR_2018,whatsapp,v1,True,False,2018-2022,desconhecido,True
14409,1,-0.804043,1.024508,1.828551,0.787994,FakeWhatsApp.BR_2018,whatsapp,v1,True,False,2018-2022,desconhecido,False
14408,1,-2.488554,2.714517,5.203071,0.975268,FakeWhatsApp.BR_2018,whatsapp,v1,True,False,2018-2022,desconhecido,True
14407,1,-2.074302,2.292431,4.366733,0.956448,FakeWhatsApp.BR_2018,whatsapp,v1,True,False,2018-2022,desconhecido,False
14406,1,0.003313,-0.214045,-0.217358,0.470287,FakeWhatsApp.BR_2018,whatsapp,v1,True,False,2018-2022,desconhecido,False
14405,1,-2.454153,2.763184,5.217336,0.975507,FakeWhatsApp.BR_2018,whatsapp,v1,True,False,2018-2022,desconhecido,False
14404,1,-1.783351,2.027074,3.810425,0.937022,FakeWhatsApp.BR_2018,whatsapp,v1,True,False,2018-2022,desconhecido,True
14403,1,-1.802690,1.884396,3.687086,0.931732,FakeWhatsApp.BR_2018,whatsapp,v1,True,False,2018-2022,desconhecido,False
14402,1,-1.345718,1.478849,2.824567,0.881838,FakeWhatsApp.BR_2018,whatsapp,v1,True,False,2018-2022,desconhecido,False
14401,1,-1.207230,1.396179,2.603409,0.864733,FakeWhatsApp.BR_2018,whatsapp,v1,True,False,2018-2022,desconhecido,True
14400,0,-0.225923,0.251760,0.477683,0.590841,FakeWhatsApp.BR_2018,whatsapp,v1,True,False,2018-2022,desconhecido,True
14399,0,-0.035110,-0.008370,0.026740,0.512958,FakeWhatsApp.BR_2018,whatsapp,v1,True,False,2018-2022,desconhecido,True
14398,1,-1.631212,1.920472,3.551684,0.925452,FakeWhatsApp.BR_2018,whatsapp,v1,True,False,2018-2022,desconhecido,True
14397,1,-0.696957,0.829736,1.526694,0.750562,FakeWhatsApp.BR_2018,whatsapp,v1,True,False,2018-2022,desconhecido,True
15611,1,-1.595244,1.625741,3.220984,0.907828,FakeWhatsApp.BR_2018,whatsapp,v1,True,False,2018-2022,desconhecido,True
15610,0,1.202771,-1.238919,-2.441690,0.157661,FakeWhatsApp.BR_2018,whatsapp,v1,True,False,2018-2022,desconhecido,True
15609,0,2.288925,-2.486668,-4.775593,0.035258,FakeWhatsApp.BR_2018,whatsapp,v1,True,False,2018-2022,desconhecido,True
15608,0,1.293044,-1.479051,-2.772095,0.129321,FakeWhatsApp.BR_2018,whatsapp,v1,True,False,2018-2022,desconhecido,False
15607,0,0.756787,-0.907842,-1.664628,0.243812,FakeWhatsApp.BR_2018,whatsapp,v1,True,False,2018-2022,desconhecido,False
15606,0,0.105409,-0.219053,-0.324462,0.451663,FakeWhatsApp.BR_2018,whatsapp,v1,True,False,2018-2022,desconhecido,True
15605,0,2.307606,-2.448865,-4.756471,0.035716,FakeWhatsApp.BR_2018,whatsapp,v1,True,False,2018-2022,desconhecido,True
15604,0,2.304459,-2.473082,-4.777541,0.035212,FakeWhatsApp.BR_2018,whatsapp,v1,True,False,2018-2022,desconhecido,False
15603,1,-0.799139,0.853542,1.652681,0.766703,FakeWhatsApp.BR_2018,whatsapp,v1,True,False,2018-2022,desconhecido,True
15602,1,-1.029594,1.194590,2.224184,0.830583,FakeWhatsApp.BR_2018,whatsapp,v1,True,False,2018-2022,desconhecido,True
15601,0,1.998232,-2.160629,-4.158861,0.053276,FakeWhatsApp.BR_2018,whatsapp,v1,True,False,2018-2022,desconhecido,False
15600,0,0.104822,-0.177854,-0.282676,0.458916,FakeWhatsApp.BR_2018,whatsapp,v1,True,False,2018-2022,desconhecido,True
15599,0,2.014113,-2.018028,-4.032141,0.057930,FakeWhatsApp.BR_2018,whatsapp,v1,True,False,2018-2022,desconhecido,True
15598,0,1.704770,-2.035938,-3.740708,0.070118,FakeWhatsApp.BR_2018,whatsapp,v1,True,False,2018-2022,desconhecido,True
15597,0,0.991319,-1.246486,-2.237805,0.177549,FakeWhatsApp.BR_2018,whatsapp,v1,True,False,2018-2022,desconhecido,True
15596,0,-0.796628,0.641714,1.438342,0.738807,FakeWhatsApp.BR_2018,whatsapp,v1,True,False,2018-2022,desconhecido,True
14396,1,-2.812360,3.087398,5.899758,0.984665,FakeWhatsApp.BR_2018,whatsapp,v1,True,False,2018-2022,desconhecido,True
14395,0,1.445879,-1.752741,-3.198620,0.099259,FakeWhatsApp.BR_2018,whatsapp,v1,True,False,2018-2022,desconhecido,True
14426,0,1.653951,-2.105895,-3.759845,0.069250,FakeWhatsApp.BR_2018,whatsapp,v1,True,False,2018-2022,desconhecido,True
14425,0,0.141628,-0.321650,-0.463278,0.427733,FakeWhatsApp.BR_2018,whatsapp,v1,True,False,2018-2022,desconhecido,False
14424,0,0.228458,-0.446658,-0.675116,0.391892,FakeWhatsApp.BR_2018,whatsapp,v1,True,False,2018-2022,desconhecido,True
14423,1,-1.677897,1.971029,3.648926,0.930014,FakeWhatsApp.BR_2018,whatsapp,v1,True,False,2018-2022,desconhecido,True
14422,1,-1.877419,1.792444,3.669863,0.930961,FakeWhatsApp.BR_2018,whatsapp,v1,True,False,2018-2022,desconhecido,False
14421,1,-2.117455,2.314937,4.432392,0.958322,FakeWhatsApp.BR_2018,whatsapp,v1,True,False,2018-2022,desconhecido,True
14420,0,1.619716,-2.041526,-3.661242,0.073832,FakeWhatsApp.BR_2018,whatsapp,v1,True,False,2018-2022,desconhecido,True
14419,0,2.666810,-2.768501,-5.435311,0.022513,FakeWhatsApp.BR_2018,whatsapp,v1,True,False,2018-2022,desconhecido,True
14418,1,-0.862835,0.981407,1.844241,0.789823,FakeWhatsApp.BR_2018,whatsapp,v1,True,False,2018-2022,desconhecido,True
14417,0,-0.251401,0.225213,0.476614,0.590660,FakeWhatsApp.BR_2018,whatsapp,v1,True,False,2018-2022,desconhecido,False
14416,1,-1.304772,1.546775,2.851548,0.883792,FakeWhatsApp.BR_2018,whatsapp,v1,True,False,2018-2022,desconhecido,True
14415,1,-0.970434,1.088781,2.059215,0.813711,FakeWhatsApp.BR_2018,whatsapp,v1,True,False,2018-2022,desconhecido,True
14414,0,0.347680,-0.473647,-0.821327,0.367794,FakeWhatsApp.BR_2018,whatsapp,v1,True,False,2018-2022,desconhecido,True
14413,0,1.164628,-1.299382,-2.464010,0.155598,FakeWhatsApp.BR_2018,whatsapp,v1,True,False,2018-2022,desconhecido,True
14412,1,-0.921254,1.083987,2.005241,0.807917,FakeWhatsApp.BR_2018,whatsapp,v1,True,False,2018-2022,desconhecido,False
15737,1,-1.760209,1.966013,3.726223,0.933454,FakeWhatsApp.BR_2018,whatsapp,v1,True,False,2018-2022,desconhecido,False
15736,0,1.919719,-1.976510,-3.896229,0.063345,FakeWhatsApp.BR_2018,whatsapp,v1,True,False,2018-2022,desconhecido,False
15735,0,1.179984,-1.348005,-2.527989,0.149805,FakeWhatsApp.BR_2018,whatsapp,v1,True,False,2018-2022,desconhecido,True
15734,0,-1.257473,1.488414,2.745886,0.875979,FakeWhatsApp.BR_2018,whatsapp,v1,True,False,2018-2022,desconhecido,True
15733,1,-1.620415,1.830015,3.450430,0.920413,FakeWhatsApp.BR_2018,whatsapp,v1,True,False,2018-2022,desconhecido,True
15732,0,-1.534406,1.726380,3.260787,0.910132,FakeWhatsApp.BR_2018,whatsapp,v1,True,False,2018-2022,desconhecido,False
15731,0,1.188325,-1.576436,-2.764760,0.129900,FakeWhatsApp.BR_2018,whatsapp,v1,True,False,2018-2022,desconhecido,False
15730,1,-0.629456,0.637481,1.266937,0.715005,FakeWhatsApp.BR_2018,whatsapp,v1,True,False,2018-2022,desconhecido,True
15729,1,-1.454539,1.755407,3.209946,0.907179,FakeWhatsApp.BR_2018,whatsapp,v1,True,False,2018-2022,desconhecido,True
15728,0,-0.992876,1.142515,2.135391,0.821658,FakeWhatsApp.BR_2018,whatsapp,v1,True,False,2018-2022,desconhecido,False
15727,1,-1.275346,1.508689,2.784035,0.878850,FakeWhatsApp.BR_2018,whatsapp,v1,True,False,2018-2022,desconhecido,False
15726,0,0.916556,-1.099323,-2.015880,0.201375,FakeWhatsApp.BR_2018,whatsapp,v1,True,False,2018-2022,desconhecido,True
15725,1,-1.617890,1.822645,3.440534,0.919905,FakeWhatsApp.BR_2018,whatsapp,v1,True,False,2018-2022,desconhecido,True
15724,0,1.649750,-1.912799,-3.562550,0.078697,FakeWhatsApp.BR_2018,whatsapp,v1,True,False,2018-2022,desconhecido,True
14411,0,1.255314,-1.237407,-2.492722,0.152976,FakeWhatsApp.BR_2018,whatsapp,v1,True,False,2018-2022,desconhecido,True
14442,0,2.060380,-2.159175,-4.219554,0.051173,FakeWhatsApp.BR_2018,whatsapp,v1,True,False,2018-2022,desconhecido,True
14441,0,1.814212,-1.856703,-3.670916,0.073371,FakeWhatsApp.BR_2018,whatsapp,v1,True,False,2018-2022,desconhecido,False
14440,1,-2.563067,2.838632,5.401699,0.978408,FakeWhatsApp.BR_2018,whatsapp,v1,True,False,2018-2022,desconhecido,True
14439,0,2.247522,-2.678426,-4.925948,0.031849,FakeWhatsApp.BR_2018,whatsapp,v1,True,False,2018-2022,desconhecido,True
14438,1,-2.246382,2.463481,4.709862,0.965424,FakeWhatsApp.BR_2018,whatsapp,v1,True,False,2018-2022,desconhecido,True
14437,0,1.324199,-1.626812,-2.951011,0.115864,FakeWhatsApp.BR_2018,whatsapp,v1,True,False,2018-2022,desconhecido,True
14436,1,-0.201488,0.195110,0.396598,0.577055,FakeWhatsApp.BR_2018,whatsapp,v1,True,False,2018-2022,desconhecido,False
14435,1,-2.197796,2.567326,4.765121,0.966692,FakeWhatsApp.BR_2018,whatsapp,v1,True,False,2018-2022,desconhecido,True
14434,1,-2.081480,2.372217,4.453698,0.958914,FakeWhatsApp.BR_2018,whatsapp,v1,True,False,2018-2022,desconhecido,False
14433,0,1.220620,-1.289981,-2.510601,0.151361,FakeWhatsApp.BR_2018,whatsapp,v1,True,False,2018-2022,desconhecido,True
14432,0,1.806376,-2.001645,-3.808021,0.067108,FakeWhatsApp.BR_2018,whatsapp,v1,True,False,2018-2022,desconhecido,True
14431,0,-0.706345,0.715538,1.421883,0.736578,FakeWhatsApp.BR_2018,whatsapp,v1,True,False,2018-2022,desconhecido,True
14430,0,0.504603,-0.925479,-1.430082,0.275331,FakeWhatsApp.BR_2018,whatsapp,v1,True,False,2018-2022,desconhecido,True
14429,0,2.635705,-2.765351,-5.401056,0.023047,FakeWhatsApp.BR_2018,whatsapp,v1,True,False,2018-2022,desconhecido,False
14428,1,-1.826880,2.131888,3.958768,0.942878,FakeWhatsApp.BR_2018,whatsapp,v1,True,False,2018-2022,desconhecido,True
15739,0,-0.211050,0.142048,0.353098,0.569608,FakeWhatsApp.BR_2018,whatsapp,v1,True,False,2018-2022,desconhecido,True
15738,1,1.370432,-1.622419,-2.992851,0.112898,FakeWhatsApp.BR_2018,whatsapp,v1,True,False,2018-2022,desconhecido,False
14427,0,2.033313,-2.101493,-4.134806,0.054131,FakeWhatsApp.BR_2018,whatsapp,v1,True,False,2018-2022,desconhecido,True
14458,0,2.025024,-2.138489,-4.163513,0.053112,FakeWhatsApp.BR_2018,whatsapp,v1,True,False,2018-2022,desconhecido,True
14457,1,-2.227021,2.375368,4.602389,0.962824,FakeWhatsApp.BR_2018,whatsapp,v1,True,False,2018-2022,desconhecido,True
14456,0,-0.347205,0.282605,0.629810,0.616310,FakeWhatsApp.BR_2018,whatsapp,v1,True,False,2018-2022,desconhecido,False
14455,0,-0.580735,0.576696,1.157431,0.699134,FakeWhatsApp.BR_2018,whatsapp,v1,True,False,2018-2022,desconhecido,False
14454,0,2.762091,-2.902998,-5.665089,0.019233,FakeWhatsApp.BR_2018,whatsapp,v1,True,False,2018-2022,desconhecido,True
14453,0,-2.366418,2.553847,4.920265,0.970017,FakeWhatsApp.BR_2018,whatsapp,v1,True,False,2018-2022,desconhecido,True
14452,0,2.231495,-2.632494,-4.863990,0.033213,FakeWhatsApp.BR_2018,whatsapp,v1,True,False,2018-2022,desconhecido,False
14451,1,-0.218130,0.330842,0.548972,0.602846,FakeWhatsApp.BR_2018,whatsapp,v1,True,False,2018-2022,desconhecido,True
14450,1,-1.635629,1.656703,3.292332,0.911922,FakeWhatsApp.BR_2018,whatsapp,v1,True,False,2018-2022,desconhecido,False
14449,0,-1.140529,1.360797,2.501326,0.856157,FakeWhatsApp.BR_2018,whatsapp,v1,True,False,2018-2022,desconhecido,False
14448,1,-1.240813,1.350672,2.591485,0.863754,FakeWhatsApp.BR_2018,whatsapp,v1,True,False,2018-2022,desconhecido,False
14447,1,-1.114251,1.129158,2.243410,0.832468,FakeWhatsApp.BR_2018,whatsapp,v1,True,False,2018-2022,desconhecido,False
14446,1,-1.492016,1.869152,3.361168,0.915715,FakeWhatsApp.BR_2018,whatsapp,v1,True,False,2018-2022,desconhecido,False
14445,0,1.257709,-1.473923,-2.731631,0.132543,FakeWhatsApp.BR_2018,whatsapp,v1,True,False,2018-2022,desconhecido,False
14444,0,-0.041016,0.020889,0.061905,0.519104,FakeWhatsApp.BR_2018,whatsapp,v1,True,False,2018-2022,desconhecido,False
14443,0,1.416424,-1.531143,-2.947566,0.116111,FakeWhatsApp.BR_2018,whatsapp,v1,True,False,2018-2022,desconhecido,True
14474,1,-1.592831,1.763302,3.356134,0.915443,FakeWhatsApp.BR_2018,whatsapp,v1,True,False,2018-2022,desconhecido,True
14473,1,0.355788,-0.523383,-0.879170,0.358432,FakeWhatsApp.BR_2018,whatsapp,v1,True,False,2018-2022,desconhecido,True
14472,0,0.517556,-0.642806,-1.160362,0.314541,FakeWhatsApp.BR_2018,whatsapp,v1,True,False,2018-2022,desconhecido,False
14471,1,-2.605388,2.852372,5.457760,0.979222,FakeWhatsApp.BR_2018,whatsapp,v1,True,False,2018-2022,desconhecido,True
14470,0,2.493354,-2.729127,-5.222481,0.026035,FakeWhatsApp.BR_2018,whatsapp,v1,True,False,2018-2022,desconhecido,False
14469,0,2.406076,-2.640034,-5.046110,0.029355,FakeWhatsApp.BR_2018,whatsapp,v1,True,False,2018-2022,desconhecido,True
14468,1,-1.462875,1.762123,3.224997,0.908062,FakeWhatsApp.BR_2018,whatsapp,v1,True,False,2018-2022,desconhecido,True
14467,1,-1.533585,1.597782,3.131366,0.902444,FakeWhatsApp.BR_2018,whatsapp,v1,True,False,2018-2022,desconhecido,True
14466,0,1.946818,-2.060045,-4.006863,0.058903,FakeWhatsApp.BR_2018,whatsapp,v1,True,False,2018-2022,desconhecido,True
14465,1,-0.511315,0.682701,1.194016,0.704492,FakeWhatsApp.BR_2018,whatsapp,v1,True,False,2018-2022,desconhecido,True
14464,1,-1.496328,1.699832,3.196161,0.906364,FakeWhatsApp.BR_2018,whatsapp,v1,True,False,2018-2022,desconhecido,True
14463,0,1.647000,-1.708326,-3.355326,0.089875,FakeWhatsApp.BR_2018,whatsapp,v1,True,False,2018-2022,desconhecido,True
14462,0,0.106930,-0.435922,-0.542852,0.414159,FakeWhatsApp.BR_2018,whatsapp,v1,True,False,2018-2022,desconhecido,True
14461,0,0.377275,-0.256966,-0.634241,0.398731,FakeWhatsApp.BR_2018,whatsapp,v1,True,False,2018-2022,desconhecido,True
14460,1,-1.806323,2.131314,3.937637,0.942076,FakeWhatsApp.BR_2018,whatsapp,v1,True,False,2018-2022,desconhecido,True
14459,0,2.323196,-2.444270,-4.767466,0.035452,FakeWhatsApp.BR_2018,whatsapp,v1,True,False,2018-2022,desconhecido,False
14490,0,0.033365,0.089216,0.055851,0.518046,FakeWhatsApp.BR_2018,whatsapp,v1,True,False,2018-2022,desconhecido,True
14489,1,-1.554845,1.685153,3.239998,0.908935,FakeWhatsApp.BR_2018,whatsapp,v1,True,False,2018-2022,desconhecido,True
14488,0,0.332369,-0.439781,-0.772149,0.375833,FakeWhatsApp.BR_2018,whatsapp,v1,True,False,2018-2022,desconhecido,True
14487,0,-1.195359,1.394680,2.590038,0.863635,FakeWhatsApp.BR_2018,whatsapp,v1,True,False,2018-2022,desconhecido,True
14486,1,1.041612,-1.119816,-2.161428,0.185490,FakeWhatsApp.BR_2018,whatsapp,v1,True,False,2018-2022,desconhecido,True
14485,1,1.962488,-2.089899,-4.052388,0.057162,FakeWhatsApp.BR_2018,whatsapp,v1,True,False,2018-2022,desconhecido,False
14484,1,-2.546292,2.853209,5.399501,0.978376,FakeWhatsApp.BR_2018,whatsapp,v1,True,False,2018-2022,desconhecido,True
14483,0,0.458038,-0.587706,-1.045745,0.332088,FakeWhatsApp.BR_2018,whatsapp,v1,True,False,2018-2022,desconhecido,False
14482,0,0.773596,-1.168096,-1.941692,0.209855,FakeWhatsApp.BR_2018,whatsapp,v1,True,False,2018-2022,desconhecido,True
14481,1,-0.792478,0.892040,1.684518,0.770665,FakeWhatsApp.BR_2018,whatsapp,v1,True,False,2018-2022,desconhecido,False
14480,0,1.109604,-1.344782,-2.454386,0.156485,FakeWhatsApp.BR_2018,whatsapp,v1,True,False,2018-2022,desconhecido,True
14479,0,1.329063,-1.394312,-2.723375,0.133209,FakeWhatsApp.BR_2018,whatsapp,v1,True,False,2018-2022,desconhecido,True
14478,0,1.303586,-1.454588,-2.758174,0.130422,FakeWhatsApp.BR_2018,whatsapp,v1,True,False,2018-2022,desconhecido,True
14477,1,-1.243674,1.515331,2.759005,0.876973,FakeWhatsApp.BR_2018,whatsapp,v1,True,False,2018-2022,desconhecido,True
14476,0,2.253280,-2.350216,-4.603496,0.039593,FakeWhatsApp.BR_2018,whatsapp,v1,True,False,2018-2022,desconhecido,True
14475,0,1.024882,-0.964486,-1.989368,0.204375,FakeWhatsApp.BR_2018,whatsapp,v1,True,False,2018-2022,desconhecido,True
14506,1,-1.509584,1.578594,3.088178,0.899750,FakeWhatsApp.BR_2018,whatsapp,v1,True,False,2018-2022,desconhecido,True
14505,0,2.441295,-2.624917,-5.066212,0.028957,FakeWhatsApp.BR_2018,whatsapp,v1,True,False,2018-2022,desconhecido,False
14504,1,-1.723205,1.915690,3.638895,0.929555,FakeWhatsApp.BR_2018,whatsapp,v1,True,False,2018-2022,desconhecido,True
14503,1,-1.784127,1.973088,3.757215,0.934789,FakeWhatsApp.BR_2018,whatsapp,v1,True,False,2018-2022,desconhecido,True
14502,1,-1.508477,1.713326,3.221803,0.907876,FakeWhatsApp.BR_2018,whatsapp,v1,True,False,2018-2022,desconhecido,True
14501,1,-1.694496,1.823438,3.517934,0.923806,FakeWhatsApp.BR_2018,whatsapp,v1,True,False,2018-2022,desconhecido,True
14500,0,0.324706,-0.566219,-0.890925,0.356543,FakeWhatsApp.BR_2018,whatsapp,v1,True,False,2018-2022,desconhecido,True
14499,1,-0.586864,0.659834,1.246698,0.712110,FakeWhatsApp.BR_2018,whatsapp,v1,True,False,2018-2022,desconhecido,True
14498,1,-1.619465,1.758038,3.377503,0.916594,FakeWhatsApp.BR_2018,whatsapp,v1,True,False,2018-2022,desconhecido,True
14497,0,1.371844,-1.409832,-2.781675,0.128568,FakeWhatsApp.BR_2018,whatsapp,v1,True,False,2018-2022,desconhecido,True
14496,1,-2.003520,2.195748,4.199267,0.951296,FakeWhatsApp.BR_2018,whatsapp,v1,True,False,2018-2022,desconhecido,False
14495,0,-1.682554,1.839351,3.521905,0.924002,FakeWhatsApp.BR_2018,whatsapp,v1,True,False,2018-2022,desconhecido,True
14494,0,1.303460,-1.480154,-2.783614,0.128416,FakeWhatsApp.BR_2018,whatsapp,v1,True,False,2018-2022,desconhecido,True
14493,1,-2.484423,2.795621,5.280045,0.976534,FakeWhatsApp.BR_2018,whatsapp,v1,True,False,2018-2022,desconhecido,True
14492,0,0.010205,0.089023,0.078818,0.522058,FakeWhatsApp.BR_2018,whatsapp,v1,True,False,2018-2022,desconhecido,True
14491,1,-2.803711,3.069586,5.873297,0.984383,FakeWhatsApp.BR_2018,whatsapp,v1,True,False,2018-2022,desconhecido,True
14522,1,-2.429457,2.768003,5.197461,0.975173,FakeWhatsApp.BR_2018,whatsapp,v1,True,False,2018-2022,desconhecido,False
14521,0,0.565518,-0.704856,-1.270374,0.298183,FakeWhatsApp.BR_2018,whatsapp,v1,True,False,2018-2022,desconhecido,False
14520,0,-0.726534,0.851651,1.578185,0.757248,FakeWhatsApp.BR_2018,whatsapp,v1,True,False,2018-2022,desconhecido,True
14519,0,-1.918992,2.042876,3.961868,0.942995,FakeWhatsApp.BR_2018,whatsapp,v1,True,False,2018-2022,desconhecido,False
14518,1,-1.086398,1.299745,2.386143,0.845941,FakeWhatsApp.BR_2018,whatsapp,v1,True,False,2018-2022,desconhecido,True
14517,0,-0.516499,0.577234,1.093733,0.689675,FakeWhatsApp.BR_2018,whatsapp,v1,True,False,2018-2022,desconhecido,True
14516,0,-1.717206,1.920128,3.637333,0.929484,FakeWhatsApp.BR_2018,whatsapp,v1,True,False,2018-2022,desconhecido,False
14515,0,1.801137,-1.993083,-3.794220,0.067715,FakeWhatsApp.BR_2018,whatsapp,v1,True,False,2018-2022,desconhecido,False
14514,1,0.246843,-0.146535,-0.393377,0.439748,FakeWhatsApp.BR_2018,whatsapp,v1,True,False,2018-2022,desconhecido,True
14513,0,0.416086,-0.614079,-1.030165,0.334511,FakeWhatsApp.BR_2018,whatsapp,v1,True,False,2018-2022,desconhecido,True
14512,0,1.637079,-1.746248,-3.383327,0.088285,FakeWhatsApp.BR_2018,whatsapp,v1,True,False,2018-2022,desconhecido,False
14511,0,0.757779,-0.809718,-1.567497,0.256562,FakeWhatsApp.BR_2018,whatsapp,v1,True,False,2018-2022,desconhecido,False
14510,0,0.119996,-0.454045,-0.574041,0.408873,FakeWhatsApp.BR_2018,whatsapp,v1,True,False,2018-2022,desconhecido,True
14509,0,0.969333,-1.034729,-2.004062,0.202708,FakeWhatsApp.BR_2018,whatsapp,v1,True,False,2018-2022,desconhecido,True
14508,1,-1.152223,1.234400,2.386622,0.845985,FakeWhatsApp.BR_2018,whatsapp,v1,True,False,2018-2022,desconhecido,True
15627,1,-0.033199,0.101361,0.134559,0.531783,FakeWhatsApp.BR_2018,whatsapp,v1,True,False,2018-2022,desconhecido,True
15626,1,-0.701229,0.826611,1.527840,0.750713,FakeWhatsApp.BR_2018,whatsapp,v1,True,False,2018-2022,desconhecido,False
15625,0,2.067087,-2.192359,-4.259446,0.049835,FakeWhatsApp.BR_2018,whatsapp,v1,True,False,2018-2022,desconhecido,False
15624,0,2.227286,-2.262621,-4.489907,0.042729,FakeWhatsApp.BR_2018,whatsapp,v1,True,False,2018-2022,desconhecido,True
15623,0,2.277506,-2.553775,-4.831281,0.033956,FakeWhatsApp.BR_2018,whatsapp,v1,True,False,2018-2022,desconhecido,True
15622,1,-2.150302,2.475333,4.625634,0.963402,FakeWhatsApp.BR_2018,whatsapp,v1,True,False,2018-2022,desconhecido,True
15621,0,-0.047923,0.126827,0.174750,0.538780,FakeWhatsApp.BR_2018,whatsapp,v1,True,False,2018-2022,desconhecido,True
15620,0,1.484570,-1.661270,-3.145840,0.102611,FakeWhatsApp.BR_2018,whatsapp,v1,True,False,2018-2022,desconhecido,True
15619,1,-1.821168,1.887728,3.708896,0.932697,FakeWhatsApp.BR_2018,whatsapp,v1,True,False,2018-2022,desconhecido,True
15618,1,-0.650895,0.777317,1.428211,0.737437,FakeWhatsApp.BR_2018,whatsapp,v1,True,False,2018-2022,desconhecido,True
15617,1,-1.885854,2.135012,4.020866,0.945174,FakeWhatsApp.BR_2018,whatsapp,v1,True,False,2018-2022,desconhecido,True
15616,0,2.343229,-2.636302,-4.979530,0.030713,FakeWhatsApp.BR_2018,whatsapp,v1,True,False,2018-2022,desconhecido,True
15615,1,-2.544398,2.854177,5.398576,0.978362,FakeWhatsApp.BR_2018,whatsapp,v1,True,False,2018-2022,desconhecido,True
15614,0,1.492965,-1.645194,-3.138158,0.103107,FakeWhatsApp.BR_2018,whatsapp,v1,True,False,2018-2022,desconhecido,False
15613,1,-2.546292,2.853209,5.399501,0.978376,FakeWhatsApp.BR_2018,whatsapp,v1,True,False,2018-2022,desconhecido,True
15612,0,0.139831,-0.311296,-0.451127,0.429816,FakeWhatsApp.BR_2018,whatsapp,v1,True,False,2018-2022,desconhecido,True
15709,0,0.177178,-0.289888,-0.467065,0.427085,FakeWhatsApp.BR_2018,whatsapp,v1,True,False,2018-2022,desconhecido,True
15708,0,2.618876,-2.797302,-5.416178,0.022810,FakeWhatsApp.BR_2018,whatsapp,v1,True,False,2018-2022,desconhecido,False
14507,0,0.472809,-0.794375,-1.267183,0.298650,FakeWhatsApp.BR_2018,whatsapp,v1,True,False,2018-2022,desconhecido,True
14538,0,2.764836,-3.167943,-5.932778,0.016000,FakeWhatsApp.BR_2018,whatsapp,v1,True,False,2018-2022,desconhecido,False
14537,0,0.460549,-0.623056,-1.083605,0.326237,FakeWhatsApp.BR_2018,whatsapp,v1,True,False,2018-2022,desconhecido,False
14536,1,-0.907567,0.993344,1.900911,0.796331,FakeWhatsApp.BR_2018,whatsapp,v1,True,False,2018-2022,desconhecido,True
14535,0,0.141339,-0.358532,-0.499871,0.421476,FakeWhatsApp.BR_2018,whatsapp,v1,True,False,2018-2022,desconhecido,False
14534,0,1.101396,-1.130821,-2.232216,0.178121,FakeWhatsApp.BR_2018,whatsapp,v1,True,False,2018-2022,desconhecido,True
14533,0,0.468788,-0.596792,-1.065580,0.329016,FakeWhatsApp.BR_2018,whatsapp,v1,True,False,2018-2022,desconhecido,True
14532,1,-0.405765,0.628268,1.034033,0.680662,FakeWhatsApp.BR_2018,whatsapp,v1,True,False,2018-2022,desconhecido,True
14531,0,2.563632,-2.787256,-5.350888,0.023851,FakeWhatsApp.BR_2018,whatsapp,v1,True,False,2018-2022,desconhecido,True
14530,1,-1.081887,1.327331,2.409218,0.848034,FakeWhatsApp.BR_2018,whatsapp,v1,True,False,2018-2022,desconhecido,True
14529,1,-0.849250,1.026432,1.875682,0.793452,FakeWhatsApp.BR_2018,whatsapp,v1,True,False,2018-2022,desconhecido,False
14528,1,-0.405536,0.459292,0.864828,0.654391,FakeWhatsApp.BR_2018,whatsapp,v1,True,False,2018-2022,desconhecido,True
14527,1,-0.066742,0.162242,0.228983,0.548197,FakeWhatsApp.BR_2018,whatsapp,v1,True,False,2018-2022,desconhecido,True
14526,1,-1.023590,1.297700,2.321290,0.839933,FakeWhatsApp.BR_2018,whatsapp,v1,True,False,2018-2022,desconhecido,True
14525,1,-1.941982,2.302326,4.244308,0.952736,FakeWhatsApp.BR_2018,whatsapp,v1,True,False,2018-2022,desconhecido,True
14524,1,-0.916624,0.980319,1.896943,0.795880,FakeWhatsApp.BR_2018,whatsapp,v1,True,False,2018-2022,desconhecido,True
15723,0,0.684569,-0.793848,-1.478417,0.268633,FakeWhatsApp.BR_2018,whatsapp,v1,True,False,2018-2022,desconhecido,False
15722,0,-0.623390,0.632581,1.255971,0.713439,FakeWhatsApp.BR_2018,whatsapp,v1,True,False,2018-2022,desconhecido,False
15721,0,2.769386,-2.993993,-5.763379,0.017978,FakeWhatsApp.BR_2018,whatsapp,v1,True,False,2018-2022,desconhecido,True
15720,1,-1.997118,2.327797,4.324915,0.955212,FakeWhatsApp.BR_2018,whatsapp,v1,True,False,2018-2022,desconhecido,False
15719,1,-2.583347,2.914014,5.497360,0.979778,FakeWhatsApp.BR_2018,whatsapp,v1,True,False,2018-2022,desconhecido,True
15718,1,-2.230785,2.434095,4.664880,0.964358,FakeWhatsApp.BR_2018,whatsapp,v1,True,False,2018-2022,desconhecido,True
15717,1,-2.412051,2.659194,5.071245,0.972942,FakeWhatsApp.BR_2018,whatsapp,v1,True,False,2018-2022,desconhecido,True
15716,0,-2.235715,2.379338,4.615053,0.963140,FakeWhatsApp.BR_2018,whatsapp,v1,True,False,2018-2022,desconhecido,False
15715,0,1.431246,-1.634075,-3.065320,0.107917,FakeWhatsApp.BR_2018,whatsapp,v1,True,False,2018-2022,desconhecido,True
15714,0,0.943517,-1.086273,-2.029789,0.199814,FakeWhatsApp.BR_2018,whatsapp,v1,True,False,2018-2022,desconhecido,True
15713,1,0.098039,-0.120190,-0.218229,0.470135,FakeWhatsApp.BR_2018,whatsapp,v1,True,False,2018-2022,desconhecido,False
15712,0,0.916351,-1.177277,-2.093628,0.192766,FakeWhatsApp.BR_2018,whatsapp,v1,True,False,2018-2022,desconhecido,True
15711,0,-0.880719,0.950026,1.830745,0.788250,FakeWhatsApp.BR_2018,whatsapp,v1,True,False,2018-2022,desconhecido,False
15710,0,1.646047,-1.737439,-3.383486,0.088276,FakeWhatsApp.BR_2018,whatsapp,v1,True,False,2018-2022,desconhecido,True
14523,1,-1.997319,2.334847,4.332166,0.955429,FakeWhatsApp.BR_2018,whatsapp,v1,True,False,2018-2022,desconhecido,False
14554,0,0.963995,-1.014517,-1.978512,0.205614,FakeWhatsApp.BR_2018,whatsapp,v1,True,False,2018-2022,desconhecido,False
14553,1,-1.245488,1.388503,2.633991,0.867217,FakeWhatsApp.BR_2018,whatsapp,v1,True,False,2018-2022,desconhecido,True
14552,0,2.418119,-2.866730,-5.284849,0.024951,FakeWhatsApp.BR_2018,whatsapp,v1,True,False,2018-2022,desconhecido,True
14551,1,-2.337839,2.709919,5.047758,0.972506,FakeWhatsApp.BR_2018,whatsapp,v1,True,False,2018-2022,desconhecido,True
14550,0,0.104099,-0.148770,-0.252869,0.464100,FakeWhatsApp.BR_2018,whatsapp,v1,True,False,2018-2022,desconhecido,True
14549,1,-2.107062,2.388033,4.495095,0.960040,FakeWhatsApp.BR_2018,whatsapp,v1,True,False,2018-2022,desconhecido,True
14548,1,-1.395718,1.423066,2.818783,0.881416,FakeWhatsApp.BR_2018,whatsapp,v1,True,False,2018-2022,desconhecido,True
14547,0,-0.277774,0.256668,0.534442,0.600409,FakeWhatsApp.BR_2018,whatsapp,v1,True,False,2018-2022,desconhecido,True
14546,0,0.371214,-0.449086,-0.820300,0.367961,FakeWhatsApp.BR_2018,whatsapp,v1,True,False,2018-2022,desconhecido,True
14545,0,2.015309,-2.145339,-4.160648,0.053213,FakeWhatsApp.BR_2018,whatsapp,v1,True,False,2018-2022,desconhecido,True
14544,0,2.764836,-3.167943,-5.932778,0.016000,FakeWhatsApp.BR_2018,whatsapp,v1,True,False,2018-2022,desconhecido,True
14543,0,2.764836,-3.167943,-5.932778,0.016000,FakeWhatsApp.BR_2018,whatsapp,v1,True,False,2018-2022,desconhecido,True
14542,1,-2.306980,2.585428,4.892408,0.969444,FakeWhatsApp.BR_2018,whatsapp,v1,True,False,2018-2022,desconhecido,True
14541,0,2.764836,-3.167943,-5.932778,0.016000,FakeWhatsApp.BR_2018,whatsapp,v1,True,False,2018-2022,desconhecido,True
14540,0,2.750144,-3.139664,-5.889808,0.016480,FakeWhatsApp.BR_2018,whatsapp,v1,True,False,2018-2022,desconhecido,True
14539,0,2.764836,-3.167943,-5.932778,0.016000,FakeWhatsApp.BR_2018,whatsapp,v1,True,False,2018-2022,desconhecido,True
14570,0,1.064323,-1.314152,-2.378475,0.163626,FakeWhatsApp.BR_2018,whatsapp,v1,True,False,2018-2022,desconhecido,True
14569,1,-2.548920,2.931332,5.480252,0.979540,FakeWhatsApp.BR_2018,whatsapp,v1,True,False,2018-2022,desconhecido,True
14568,0,0.133702,-0.181516,-0.315218,0.453266,FakeWhatsApp.BR_2018,whatsapp,v1,True,False,2018-2022,desconhecido,True
14567,0,1.136506,-1.319269,-2.455776,0.156356,FakeWhatsApp.BR_2018,whatsapp,v1,True,False,2018-2022,desconhecido,True
14566,0,1.523713,-1.534437,-3.058149,0.108401,FakeWhatsApp.BR_2018,whatsapp,v1,True,False,2018-2022,desconhecido,True
14565,1,-1.450413,1.631179,3.081593,0.899333,FakeWhatsApp.BR_2018,whatsapp,v1,True,False,2018-2022,desconhecido,True
14564,1,-1.000378,1.210886,2.211264,0.829307,FakeWhatsApp.BR_2018,whatsapp,v1,True,False,2018-2022,desconhecido,True
14563,1,-2.364313,2.611390,4.975703,0.971125,FakeWhatsApp.BR_2018,whatsapp,v1,True,False,2018-2022,desconhecido,False
14562,1,-1.859108,2.097250,3.956358,0.942787,FakeWhatsApp.BR_2018,whatsapp,v1,True,False,2018-2022,desconhecido,True
14561,1,-1.069404,1.272030,2.341435,0.841819,FakeWhatsApp.BR_2018,whatsapp,v1,True,False,2018-2022,desconhecido,True
14560,0,1.428046,-1.800437,-3.228484,0.097406,FakeWhatsApp.BR_2018,whatsapp,v1,True,False,2018-2022,desconhecido,False
14559,0,2.311140,-2.654269,-4.965408,0.031008,FakeWhatsApp.BR_2018,whatsapp,v1,True,False,2018-2022,desconhecido,True
14558,0,1.881536,-1.990691,-3.872227,0.064349,FakeWhatsApp.BR_2018,whatsapp,v1,True,False,2018-2022,desconhecido,True
14557,0,-0.133789,-0.186529,-0.052740,0.499054,FakeWhatsApp.BR_2018,whatsapp,v1,True,False,2018-2022,desconhecido,False
14556,0,0.570131,-0.692908,-1.263039,0.299258,FakeWhatsApp.BR_2018,whatsapp,v1,True,False,2018-2022,desconhecido,True
14555,1,-2.608690,2.976061,5.584751,0.980955,FakeWhatsApp.BR_2018,whatsapp,v1,True,False,2018-2022,desconhecido,True
14586,0,2.769112,-3.022008,-5.791121,0.017638,FakeWhatsApp.BR_2018,whatsapp,v1,True,False,2018-2022,desconhecido,True
14585,0,2.822533,-3.030097,-5.852630,0.016907,FakeWhatsApp.BR_2018,whatsapp,v1,True,False,2018-2022,desconhecido,True
14584,0,1.215891,-1.242391,-2.458282,0.156125,FakeWhatsApp.BR_2018,whatsapp,v1,True,False,2018-2022,desconhecido,True
14583,1,-1.720792,2.014796,3.735588,0.933860,FakeWhatsApp.BR_2018,whatsapp,v1,True,False,2018-2022,desconhecido,False
14582,0,1.504674,-1.583463,-3.088136,0.106390,FakeWhatsApp.BR_2018,whatsapp,v1,True,False,2018-2022,desconhecido,True
14581,0,1.944327,-2.189872,-4.134199,0.054153,FakeWhatsApp.BR_2018,whatsapp,v1,True,False,2018-2022,desconhecido,False
14580,1,-0.750572,0.720966,1.471537,0.743266,FakeWhatsApp.BR_2018,whatsapp,v1,True,False,2018-2022,desconhecido,False
14579,0,-0.042700,-0.106696,-0.063996,0.497085,FakeWhatsApp.BR_2018,whatsapp,v1,True,False,2018-2022,desconhecido,True
14578,1,-1.509969,1.746133,3.256103,0.909864,FakeWhatsApp.BR_2018,whatsapp,v1,True,False,2018-2022,desconhecido,False
14577,1,-1.818433,2.023893,3.842326,0.938327,FakeWhatsApp.BR_2018,whatsapp,v1,True,False,2018-2022,desconhecido,True
14576,0,1.720384,-1.918950,-3.639334,0.074887,FakeWhatsApp.BR_2018,whatsapp,v1,True,False,2018-2022,desconhecido,True
14575,1,-1.053947,1.180567,2.234515,0.831598,FakeWhatsApp.BR_2018,whatsapp,v1,True,False,2018-2022,desconhecido,True
14574,0,0.188174,-0.127283,-0.315457,0.453225,FakeWhatsApp.BR_2018,whatsapp,v1,True,False,2018-2022,desconhecido,False
14573,0,2.063375,-2.522541,-4.585916,0.040063,FakeWhatsApp.BR_2018,whatsapp,v1,True,False,2018-2022,desconhecido,True
14572,0,2.301309,-2.238338,-4.539648,0.041327,FakeWhatsApp.BR_2018,whatsapp,v1,True,False,2018-2022,desconhecido,True
14571,0,-1.361472,1.572104,2.933576,0.889559,FakeWhatsApp.BR_2018,whatsapp,v1,True,False,2018-2022,desconhecido,False
14602,0,-0.533448,0.582288,1.115736,0.692961,FakeWhatsApp.BR_2018,whatsapp,v1,True,False,2018-2022,desconhecido,False
14601,0,0.039242,0.080153,0.040911,0.515435,FakeWhatsApp.BR_2018,whatsapp,v1,True,False,2018-2022,desconhecido,False
14600,1,-2.537981,2.710573,5.248554,0.976024,FakeWhatsApp.BR_2018,whatsapp,v1,True,False,2018-2022,desconhecido,True
14599,1,0.474882,-0.819608,-1.294491,0.294663,FakeWhatsApp.BR_2018,whatsapp,v1,True,False,2018-2022,desconhecido,True
14598,0,0.618447,-0.848812,-1.467259,0.270170,FakeWhatsApp.BR_2018,whatsapp,v1,True,False,2018-2022,desconhecido,True
14597,0,2.754155,-3.031112,-5.785267,0.017709,FakeWhatsApp.BR_2018,whatsapp,v1,True,False,2018-2022,desconhecido,True
14596,0,2.819133,-3.147246,-5.966378,0.015634,FakeWhatsApp.BR_2018,whatsapp,v1,True,False,2018-2022,desconhecido,False
14595,1,-1.632073,1.892987,3.525060,0.924156,FakeWhatsApp.BR_2018,whatsapp,v1,True,False,2018-2022,desconhecido,True
14594,1,-1.905444,2.090009,3.995453,0.944245,FakeWhatsApp.BR_2018,whatsapp,v1,True,False,2018-2022,desconhecido,True
14593,0,0.696491,-0.950965,-1.647456,0.246034,FakeWhatsApp.BR_2018,whatsapp,v1,True,False,2018-2022,desconhecido,True
14592,0,2.890866,-3.090786,-5.981652,0.015470,FakeWhatsApp.BR_2018,whatsapp,v1,True,False,2018-2022,desconhecido,False
14591,0,2.791602,-3.052172,-5.843774,0.017011,FakeWhatsApp.BR_2018,whatsapp,v1,True,False,2018-2022,desconhecido,True
14590,1,-2.332541,2.586026,4.918568,0.969982,FakeWhatsApp.BR_2018,whatsapp,v1,True,False,2018-2022,desconhecido,False
14589,0,-0.927692,0.822779,1.750471,0.778721,FakeWhatsApp.BR_2018,whatsapp,v1,True,False,2018-2022,desconhecido,False
14588,1,-1.070916,1.396643,2.467559,0.853222,FakeWhatsApp.BR_2018,whatsapp,v1,True,False,2018-2022,desconhecido,True
14587,1,-2.570445,2.921534,5.491980,0.979703,FakeWhatsApp.BR_2018,whatsapp,v1,True,False,2018-2022,desconhecido,True
15643,1,-1.360680,1.527448,2.888127,0.886395,FakeWhatsApp.BR_2018,whatsapp,v1,True,False,2018-2022,desconhecido,True
15642,1,-1.887191,2.151812,4.039003,0.945828,FakeWhatsApp.BR_2018,whatsapp,v1,True,False,2018-2022,desconhecido,True
15641,1,-2.246885,2.548941,4.795825,0.967377,FakeWhatsApp.BR_2018,whatsapp,v1,True,False,2018-2022,desconhecido,True
15640,1,-1.614599,1.767635,3.382234,0.916846,FakeWhatsApp.BR_2018,whatsapp,v1,True,False,2018-2022,desconhecido,True
15639,1,-2.241893,2.281264,4.523156,0.960787,FakeWhatsApp.BR_2018,whatsapp,v1,True,False,2018-2022,desconhecido,True
15638,0,0.408694,-0.627308,-1.036002,0.333602,FakeWhatsApp.BR_2018,whatsapp,v1,True,False,2018-2022,desconhecido,False
15637,1,-2.589656,2.767102,5.356758,0.977734,FakeWhatsApp.BR_2018,whatsapp,v1,True,False,2018-2022,desconhecido,False
15636,1,-1.340366,1.598145,2.938511,0.889898,FakeWhatsApp.BR_2018,whatsapp,v1,True,False,2018-2022,desconhecido,True
15635,1,-0.763843,0.972638,1.736481,0.777029,FakeWhatsApp.BR_2018,whatsapp,v1,True,False,2018-2022,desconhecido,False
15634,0,0.965427,-1.214533,-2.179959,0.183538,FakeWhatsApp.BR_2018,whatsapp,v1,True,False,2018-2022,desconhecido,True
15633,1,-0.494981,0.527573,1.022554,0.678913,FakeWhatsApp.BR_2018,whatsapp,v1,True,False,2018-2022,desconhecido,True
15632,0,2.191937,-2.385285,-4.577221,0.040298,FakeWhatsApp.BR_2018,whatsapp,v1,True,False,2018-2022,desconhecido,True
15631,1,-1.517825,1.676554,3.194379,0.906258,FakeWhatsApp.BR_2018,whatsapp,v1,True,False,2018-2022,desconhecido,False
15630,1,-2.402185,2.715679,5.117864,0.973788,FakeWhatsApp.BR_2018,whatsapp,v1,True,False,2018-2022,desconhecido,True
15629,0,-1.257967,1.377313,2.635280,0.867321,FakeWhatsApp.BR_2018,whatsapp,v1,True,False,2018-2022,desconhecido,True
15628,1,-2.067240,2.162117,4.229357,0.952263,FakeWhatsApp.BR_2018,whatsapp,v1,True,False,2018-2022,desconhecido,False
14618,0,0.638956,-0.746961,-1.385918,0.281541,FakeWhatsApp.BR_2018,whatsapp,v1,True,False,2018-2022,desconhecido,True
14617,0,1.179901,-1.472081,-2.651983,0.139085,FakeWhatsApp.BR_2018,whatsapp,v1,True,False,2018-2022,desconhecido,False
14616,0,1.857419,-2.005851,-3.863270,0.064727,FakeWhatsApp.BR_2018,whatsapp,v1,True,False,2018-2022,desconhecido,True
14615,0,1.764076,-1.897917,-3.661993,0.073796,FakeWhatsApp.BR_2018,whatsapp,v1,True,False,2018-2022,desconhecido,True
14614,1,-1.197419,1.185760,2.383179,0.845671,FakeWhatsApp.BR_2018,whatsapp,v1,True,False,2018-2022,desconhecido,True
14613,1,-1.381218,1.512324,2.893543,0.886776,FakeWhatsApp.BR_2018,whatsapp,v1,True,False,2018-2022,desconhecido,True
14612,0,2.038265,-2.339670,-4.377935,0.046051,FakeWhatsApp.BR_2018,whatsapp,v1,True,False,2018-2022,desconhecido,True
14611,0,2.138395,-2.323010,-4.461405,0.043552,FakeWhatsApp.BR_2018,whatsapp,v1,True,False,2018-2022,desconhecido,True
14610,1,-2.232923,2.401263,4.634186,0.963612,FakeWhatsApp.BR_2018,whatsapp,v1,True,False,2018-2022,desconhecido,True
14609,1,-1.027745,1.096622,2.124368,0.820525,FakeWhatsApp.BR_2018,whatsapp,v1,True,False,2018-2022,desconhecido,True
14608,0,2.559141,-2.727720,-5.286860,0.024917,FakeWhatsApp.BR_2018,whatsapp,v1,True,False,2018-2022,desconhecido,True
14607,1,-2.759906,3.024433,5.784339,0.983397,FakeWhatsApp.BR_2018,whatsapp,v1,True,False,2018-2022,desconhecido,True
14606,1,-2.280174,2.521866,4.802041,0.967514,FakeWhatsApp.BR_2018,whatsapp,v1,True,False,2018-2022,desconhecido,True
14605,0,2.033041,-2.442477,-4.475519,0.043142,FakeWhatsApp.BR_2018,whatsapp,v1,True,False,2018-2022,desconhecido,True
14604,0,0.863476,-0.948999,-1.812475,0.225243,FakeWhatsApp.BR_2018,whatsapp,v1,True,False,2018-2022,desconhecido,False
15693,0,2.764836,-3.167943,-5.932778,0.016000,FakeWhatsApp.BR_2018,whatsapp,v1,True,False,2018-2022,desconhecido,False
15692,0,2.764836,-3.167943,-5.932778,0.016000,FakeWhatsApp.BR_2018,whatsapp,v1,True,False,2018-2022,desconhecido,True
14603,0,-0.220013,0.155083,0.375096,0.573378,FakeWhatsApp.BR_2018,whatsapp,v1,True,False,2018-2022,desconhecido,True
14634,0,2.691939,-2.856739,-5.548678,0.020832,FakeWhatsApp.BR_2018,whatsapp,v1,True,False,2018-2022,desconhecido,True
14633,0,-1.552407,1.658834,3.211241,0.907256,FakeWhatsApp.BR_2018,whatsapp,v1,True,False,2018-2022,desconhecido,False
14632,1,-2.430560,2.736806,5.167366,0.974658,FakeWhatsApp.BR_2018,whatsapp,v1,True,False,2018-2022,desconhecido,True
14631,1,-2.262449,2.537308,4.799756,0.967464,FakeWhatsApp.BR_2018,whatsapp,v1,True,False,2018-2022,desconhecido,True
14630,0,-0.720399,0.974628,1.695027,0.771962,FakeWhatsApp.BR_2018,whatsapp,v1,True,False,2018-2022,desconhecido,False
14629,1,-2.088421,2.384150,4.472571,0.959431,FakeWhatsApp.BR_2018,whatsapp,v1,True,False,2018-2022,desconhecido,True
14628,0,1.418584,-1.451500,-2.870084,0.121794,FakeWhatsApp.BR_2018,whatsapp,v1,True,False,2018-2022,desconhecido,True
14627,0,-0.098321,0.073417,0.171738,0.538256,FakeWhatsApp.BR_2018,whatsapp,v1,True,False,2018-2022,desconhecido,True
14626,1,1.580992,-1.918894,-3.499885,0.081936,FakeWhatsApp.BR_2018,whatsapp,v1,True,False,2018-2022,desconhecido,True
14625,1,-0.336612,0.290553,0.627165,0.615872,FakeWhatsApp.BR_2018,whatsapp,v1,True,False,2018-2022,desconhecido,True
14624,0,-1.305878,1.466885,2.772763,0.878008,FakeWhatsApp.BR_2018,whatsapp,v1,True,False,2018-2022,desconhecido,True
14622,1,-0.023719,-0.179081,-0.155362,0.481108,FakeWhatsApp.BR_2018,whatsapp,v1,True,False,2018-2022,desconhecido,True
14621,1,-2.670787,2.995025,5.665812,0.981986,FakeWhatsApp.BR_2018,whatsapp,v1,True,False,2018-2022,desconhecido,False
14620,1,-1.837057,2.027783,3.864840,0.939233,FakeWhatsApp.BR_2018,whatsapp,v1,True,False,2018-2022,desconhecido,True
14619,0,1.142272,-1.427018,-2.569289,0.146161,FakeWhatsApp.BR_2018,whatsapp,v1,True,False,2018-2022,desconhecido,True
15707,0,1.535671,-1.501101,-3.036772,0.109856,FakeWhatsApp.BR_2018,whatsapp,v1,True,False,2018-2022,desconhecido,True
15706,0,1.449784,-1.507196,-2.956980,0.115437,FakeWhatsApp.BR_2018,whatsapp,v1,True,False,2018-2022,desconhecido,False
15705,0,0.327268,-0.568271,-0.895539,0.355802,FakeWhatsApp.BR_2018,whatsapp,v1,True,False,2018-2022,desconhecido,False
15704,1,0.017651,0.059905,0.042254,0.515670,FakeWhatsApp.BR_2018,whatsapp,v1,True,False,2018-2022,desconhecido,False
15703,0,1.117884,-1.291251,-2.409135,0.160711,FakeWhatsApp.BR_2018,whatsapp,v1,True,False,2018-2022,desconhecido,True
15702,1,-2.243621,2.469298,4.712919,0.965496,FakeWhatsApp.BR_2018,whatsapp,v1,True,False,2018-2022,desconhecido,False
15701,1,-1.120519,1.128874,2.249393,0.833051,FakeWhatsApp.BR_2018,whatsapp,v1,True,False,2018-2022,desconhecido,True
15700,0,0.312164,-0.515572,-0.827736,0.366751,FakeWhatsApp.BR_2018,whatsapp,v1,True,False,2018-2022,desconhecido,True
15699,1,-0.808207,0.869080,1.677287,0.769769,FakeWhatsApp.BR_2018,whatsapp,v1,True,False,2018-2022,desconhecido,True
15698,0,2.764836,-3.167943,-5.932778,0.016000,FakeWhatsApp.BR_2018,whatsapp,v1,True,False,2018-2022,desconhecido,True
15697,0,2.764836,-3.167943,-5.932778,0.016000,FakeWhatsApp.BR_2018,whatsapp,v1,True,False,2018-2022,desconhecido,False
15696,0,2.764836,-3.167943,-5.932778,0.016000,FakeWhatsApp.BR_2018,whatsapp,v1,True,False,2018-2022,desconhecido,False
15695,0,2.764836,-3.167943,-5.932778,0.016000,FakeWhatsApp.BR_2018,whatsapp,v1,True,False,2018-2022,desconhecido,False
15694,0,2.764836,-3.167943,-5.932778,0.016000,FakeWhatsApp.BR_2018,whatsapp,v1,True,False,2018-2022,desconhecido,True
14650,0,1.127536,-1.302162,-2.429697,0.158779,FakeWhatsApp.BR_2018,whatsapp,v1,True,False,2018-2022,desconhecido,True
14649,0,0.081008,-0.034243,-0.115251,0.488119,FakeWhatsApp.BR_2018,whatsapp,v1,True,False,2018-2022,desconhecido,False
14648,1,-2.585358,2.869048,5.454406,0.979174,FakeWhatsApp.BR_2018,whatsapp,v1,True,False,2018-2022,desconhecido,True
14647,1,-0.452679,0.579445,1.032124,0.680372,FakeWhatsApp.BR_2018,whatsapp,v1,True,False,2018-2022,desconhecido,False
14646,1,-2.383631,2.582973,4.966603,0.970946,FakeWhatsApp.BR_2018,whatsapp,v1,True,False,2018-2022,desconhecido,True
14645,0,-0.032906,-0.061178,-0.028272,0.503335,FakeWhatsApp.BR_2018,whatsapp,v1,True,False,2018-2022,desconhecido,True
14644,0,0.301046,-0.421358,-0.722404,0.384034,FakeWhatsApp.BR_2018,whatsapp,v1,True,False,2018-2022,desconhecido,True
14643,0,1.452841,-1.722836,-3.175678,0.100704,FakeWhatsApp.BR_2018,whatsapp,v1,True,False,2018-2022,desconhecido,True
14642,1,0.873962,-1.095837,-1.969798,0.206612,FakeWhatsApp.BR_2018,whatsapp,v1,True,False,2018-2022,desconhecido,True
14641,0,1.117243,-1.243893,-2.361137,0.165293,FakeWhatsApp.BR_2018,whatsapp,v1,True,False,2018-2022,desconhecido,True
14640,0,2.267349,-2.386497,-4.653847,0.038274,FakeWhatsApp.BR_2018,whatsapp,v1,True,False,2018-2022,desconhecido,True
14639,1,-1.386726,1.343663,2.730389,0.874796,FakeWhatsApp.BR_2018,whatsapp,v1,True,False,2018-2022,desconhecido,True
14638,0,0.260023,-0.313899,-0.573922,0.408893,FakeWhatsApp.BR_2018,whatsapp,v1,True,False,2018-2022,desconhecido,True
14637,0,2.264899,-2.309097,-4.573996,0.040385,FakeWhatsApp.BR_2018,whatsapp,v1,True,False,2018-2022,desconhecido,False
14636,1,-0.838610,0.864111,1.702721,0.772909,FakeWhatsApp.BR_2018,whatsapp,v1,True,False,2018-2022,desconhecido,False
14635,0,-0.652106,0.542333,1.194438,0.704554,FakeWhatsApp.BR_2018,whatsapp,v1,True,False,2018-2022,desconhecido,True
14666,1,-2.549382,2.845934,5.395315,0.978314,FakeWhatsApp.BR_2018,whatsapp,v1,True,False,2018-2022,desconhecido,True
14665,1,-1.711622,1.697248,3.408870,0.918257,FakeWhatsApp.BR_2018,whatsapp,v1,True,False,2018-2022,desconhecido,True
14664,1,-1.429365,1.503796,2.933162,0.889531,FakeWhatsApp.BR_2018,whatsapp,v1,True,False,2018-2022,desconhecido,True
14663,1,-1.336534,1.415815,2.752349,0.876469,FakeWhatsApp.BR_2018,whatsapp,v1,True,False,2018-2022,desconhecido,True
14662,0,2.040796,-2.356704,-4.397500,0.045454,FakeWhatsApp.BR_2018,whatsapp,v1,True,False,2018-2022,desconhecido,True
14661,1,-1.847382,1.953303,3.800685,0.936619,FakeWhatsApp.BR_2018,whatsapp,v1,True,False,2018-2022,desconhecido,True
14660,0,0.882136,-1.053368,-1.935505,0.210574,FakeWhatsApp.BR_2018,whatsapp,v1,True,False,2018-2022,desconhecido,True
14659,1,-2.324893,2.383885,4.708777,0.965399,FakeWhatsApp.BR_2018,whatsapp,v1,True,False,2018-2022,desconhecido,True
14658,1,-1.364381,1.429585,2.793966,0.879588,FakeWhatsApp.BR_2018,whatsapp,v1,True,False,2018-2022,desconhecido,True
14657,1,2.124474,-2.467763,-4.592237,0.039893,FakeWhatsApp.BR_2018,whatsapp,v1,True,False,2018-2022,desconhecido,False
14656,0,0.372942,-0.575333,-0.948275,0.347388,FakeWhatsApp.BR_2018,whatsapp,v1,True,False,2018-2022,desconhecido,False
14655,0,1.966104,-2.147823,-4.113927,0.054884,FakeWhatsApp.BR_2018,whatsapp,v1,True,False,2018-2022,desconhecido,True
14654,0,1.987525,-2.000477,-3.988002,0.059639,FakeWhatsApp.BR_2018,whatsapp,v1,True,False,2018-2022,desconhecido,True
14653,1,-0.964926,0.947137,1.912062,0.797594,FakeWhatsApp.BR_2018,whatsapp,v1,True,False,2018-2022,desconhecido,True
14652,0,1.822413,-2.274371,-4.096784,0.055510,FakeWhatsApp.BR_2018,whatsapp,v1,True,False,2018-2022,desconhecido,True
14651,1,-0.099646,0.085698,0.185343,0.540621,FakeWhatsApp.BR_2018,whatsapp,v1,True,False,2018-2022,desconhecido,True
14682,0,1.074661,-1.100088,-2.174748,0.184085,FakeWhatsApp.BR_2018,whatsapp,v1,True,False,2018-2022,desconhecido,True
14681,1,-2.057883,2.234023,4.291906,0.954214,FakeWhatsApp.BR_2018,whatsapp,v1,True,False,2018-2022,desconhecido,True
14680,0,2.589961,-3.011311,-5.601272,0.020094,FakeWhatsApp.BR_2018,whatsapp,v1,True,False,2018-2022,desconhecido,True
14679,1,-1.272967,1.342336,2.615304,0.865704,FakeWhatsApp.BR_2018,whatsapp,v1,True,False,2018-2022,desconhecido,True
14678,0,-0.260072,0.420175,0.680247,0.624622,FakeWhatsApp.BR_2018,whatsapp,v1,True,False,2018-2022,desconhecido,False
14677,1,-2.261256,2.471418,4.732675,0.965953,FakeWhatsApp.BR_2018,whatsapp,v1,True,False,2018-2022,desconhecido,False
14676,1,-0.520794,0.623744,1.144538,0.697233,FakeWhatsApp.BR_2018,whatsapp,v1,True,False,2018-2022,desconhecido,True
14675,0,-0.272939,0.242478,0.515417,0.597210,FakeWhatsApp.BR_2018,whatsapp,v1,True,False,2018-2022,desconhecido,False
14674,0,1.553723,-1.601994,-3.155717,0.101976,FakeWhatsApp.BR_2018,whatsapp,v1,True,False,2018-2022,desconhecido,False
14673,1,-1.338067,1.495604,2.833672,0.882501,FakeWhatsApp.BR_2018,whatsapp,v1,True,False,2018-2022,desconhecido,False
14672,0,-0.301319,0.223927,0.525246,0.598863,FakeWhatsApp.BR_2018,whatsapp,v1,True,False,2018-2022,desconhecido,True
14671,1,-2.476187,2.742862,5.219049,0.975536,FakeWhatsApp.BR_2018,whatsapp,v1,True,False,2018-2022,desconhecido,True
14670,1,-2.134384,2.318747,4.453131,0.958898,FakeWhatsApp.BR_2018,whatsapp,v1,True,False,2018-2022,desconhecido,True
14669,1,-1.999954,2.218442,4.218396,0.951913,FakeWhatsApp.BR_2018,whatsapp,v1,True,False,2018-2022,desconhecido,True
14668,1,-2.221986,2.514103,4.736089,0.966032,FakeWhatsApp.BR_2018,whatsapp,v1,True,False,2018-2022,desconhecido,True
14667,0,-1.583646,1.793714,3.377361,0.916586,FakeWhatsApp.BR_2018,whatsapp,v1,True,False,2018-2022,desconhecido,True
14698,1,-1.343554,1.546306,2.889860,0.886517,FakeWhatsApp.BR_2018,whatsapp,v1,True,False,2018-2022,desconhecido,True
14697,0,-1.129074,1.269746,2.398821,0.847094,FakeWhatsApp.BR_2018,whatsapp,v1,True,False,2018-2022,desconhecido,True
14696,0,2.225535,-2.440203,-4.665738,0.037969,FakeWhatsApp.BR_2018,whatsapp,v1,True,False,2018-2022,desconhecido,True
14695,1,-2.092652,2.413463,4.506115,0.960335,FakeWhatsApp.BR_2018,whatsapp,v1,True,False,2018-2022,desconhecido,True
14694,1,-1.971579,2.301377,4.272956,0.953631,FakeWhatsApp.BR_2018,whatsapp,v1,True,False,2018-2022,desconhecido,False
14693,0,-0.857522,0.995648,1.853169,0.790858,FakeWhatsApp.BR_2018,whatsapp,v1,True,False,2018-2022,desconhecido,True
14692,0,-0.291808,0.479282,0.771090,0.639407,FakeWhatsApp.BR_2018,whatsapp,v1,True,False,2018-2022,desconhecido,True
14691,0,1.277676,-1.479610,-2.757285,0.130493,FakeWhatsApp.BR_2018,whatsapp,v1,True,False,2018-2022,desconhecido,True
14690,1,-2.475050,2.913226,5.388277,0.978209,FakeWhatsApp.BR_2018,whatsapp,v1,True,False,2018-2022,desconhecido,True
14689,1,-1.778995,1.728719,3.507714,0.923301,FakeWhatsApp.BR_2018,whatsapp,v1,True,False,2018-2022,desconhecido,True
14688,0,1.233378,-1.248035,-2.481413,0.154004,FakeWhatsApp.BR_2018,whatsapp,v1,True,False,2018-2022,desconhecido,True
14687,0,0.752582,-1.074432,-1.827015,0.223473,FakeWhatsApp.BR_2018,whatsapp,v1,True,False,2018-2022,desconhecido,True
14686,1,-0.577422,0.527950,1.105372,0.691415,FakeWhatsApp.BR_2018,whatsapp,v1,True,False,2018-2022,desconhecido,False
14685,0,1.494452,-1.774405,-3.268857,0.094950,FakeWhatsApp.BR_2018,whatsapp,v1,True,False,2018-2022,desconhecido,False
14684,0,1.466259,-1.562317,-3.028576,0.110418,FakeWhatsApp.BR_2018,whatsapp,v1,True,False,2018-2022,desconhecido,True
14683,1,-1.184043,1.287534,2.471576,0.853574,FakeWhatsApp.BR_2018,whatsapp,v1,True,False,2018-2022,desconhecido,True
14714,1,-0.485306,0.755660,1.240967,0.711287,FakeWhatsApp.BR_2018,whatsapp,v1,True,False,2018-2022,desconhecido,False
14713,1,-1.733558,1.983104,3.716662,0.933037,FakeWhatsApp.BR_2018,whatsapp,v1,True,False,2018-2022,desconhecido,True
14712,0,1.925903,-1.935285,-3.861188,0.064816,FakeWhatsApp.BR_2018,whatsapp,v1,True,False,2018-2022,desconhecido,True
14711,0,0.808855,-1.082321,-1.891176,0.215777,FakeWhatsApp.BR_2018,whatsapp,v1,True,False,2018-2022,desconhecido,False
14710,1,-0.359098,0.384801,0.743899,0.635008,FakeWhatsApp.BR_2018,whatsapp,v1,True,False,2018-2022,desconhecido,False
14709,0,1.355382,-1.600475,-2.955857,0.115517,FakeWhatsApp.BR_2018,whatsapp,v1,True,False,2018-2022,desconhecido,True
14708,1,-0.638341,0.974213,1.612554,0.761642,FakeWhatsApp.BR_2018,whatsapp,v1,True,False,2018-2022,desconhecido,True
14707,0,0.051750,-0.161571,-0.213321,0.470991,FakeWhatsApp.BR_2018,whatsapp,v1,True,False,2018-2022,desconhecido,False
14706,0,0.461199,-0.540630,-1.001829,0.338940,FakeWhatsApp.BR_2018,whatsapp,v1,True,False,2018-2022,desconhecido,True
14705,1,-2.423213,2.706268,5.129481,0.973994,FakeWhatsApp.BR_2018,whatsapp,v1,True,False,2018-2022,desconhecido,False
14704,0,1.639873,-1.691104,-3.330977,0.091279,FakeWhatsApp.BR_2018,whatsapp,v1,True,False,2018-2022,desconhecido,True
14703,1,-0.599925,0.654940,1.254865,0.713280,FakeWhatsApp.BR_2018,whatsapp,v1,True,False,2018-2022,desconhecido,False
14702,0,0.523901,-0.617812,-1.141714,0.317362,FakeWhatsApp.BR_2018,whatsapp,v1,True,False,2018-2022,desconhecido,False
14701,1,-2.453626,2.692396,5.146021,0.974286,FakeWhatsApp.BR_2018,whatsapp,v1,True,False,2018-2022,desconhecido,True
14700,0,-1.224827,1.433883,2.658710,0.869197,FakeWhatsApp.BR_2018,whatsapp,v1,True,False,2018-2022,desconhecido,False
14699,1,-0.523418,0.474941,0.998359,0.675211,FakeWhatsApp.BR_2018,whatsapp,v1,True,False,2018-2022,desconhecido,True
15677,0,1.353409,-1.585017,-2.938426,0.116769,FakeWhatsApp.BR_2018,whatsapp,v1,True,False,2018-2022,desconhecido,True
15676,1,-0.529214,0.718346,1.247560,0.712234,FakeWhatsApp.BR_2018,whatsapp,v1,True,False,2018-2022,desconhecido,True
14730,0,-1.475812,1.518659,2.994471,0.893677,FakeWhatsApp.BR_2018,whatsapp,v1,True,False,2018-2022,desconhecido,True
15659,1,-2.479514,2.823204,5.302718,0.976895,FakeWhatsApp.BR_2018,whatsapp,v1,True,False,2018-2022,desconhecido,False
15658,1,-1.839247,1.989112,3.828358,0.937759,FakeWhatsApp.BR_2018,whatsapp,v1,True,False,2018-2022,desconhecido,True
15657,0,-1.090746,0.843881,1.934627,0.800131,FakeWhatsApp.BR_2018,whatsapp,v1,True,False,2018-2022,desconhecido,True
15656,0,0.010430,0.112041,0.101611,0.526037,FakeWhatsApp.BR_2018,whatsapp,v1,True,False,2018-2022,desconhecido,True
15655,0,1.690854,-1.737986,-3.428840,0.085755,FakeWhatsApp.BR_2018,whatsapp,v1,True,False,2018-2022,desconhecido,True
15654,1,-1.387167,1.412484,2.799651,0.880009,FakeWhatsApp.BR_2018,whatsapp,v1,True,False,2018-2022,desconhecido,False
15653,1,-2.184739,2.490625,4.675364,0.964609,FakeWhatsApp.BR_2018,whatsapp,v1,True,False,2018-2022,desconhecido,False
15652,1,-1.865233,2.024974,3.890206,0.940238,FakeWhatsApp.BR_2018,whatsapp,v1,True,False,2018-2022,desconhecido,True
15651,1,-2.166499,2.520300,4.686799,0.964881,FakeWhatsApp.BR_2018,whatsapp,v1,True,False,2018-2022,desconhecido,True
15650,1,-2.008962,2.185932,4.194895,0.951154,FakeWhatsApp.BR_2018,whatsapp,v1,True,False,2018-2022,desconhecido,False
15649,1,0.467173,-0.593122,-1.060295,0.329833,FakeWhatsApp.BR_2018,whatsapp,v1,True,False,2018-2022,desconhecido,False
15648,0,0.807993,-1.052873,-1.860866,0.219388,FakeWhatsApp.BR_2018,whatsapp,v1,True,False,2018-2022,desconhecido,False
15647,1,-0.551289,0.560847,1.112136,0.692424,FakeWhatsApp.BR_2018,whatsapp,v1,True,False,2018-2022,desconhecido,True
15646,1,-1.858369,1.983072,3.841441,0.938291,FakeWhatsApp.BR_2018,whatsapp,v1,True,False,2018-2022,desconhecido,False
15645,0,2.384821,-2.814857,-5.199677,0.026443,FakeWhatsApp.BR_2018,whatsapp,v1,True,False,2018-2022,desconhecido,True
15691,0,2.764836,-3.167943,-5.932778,0.016000,FakeWhatsApp.BR_2018,whatsapp,v1,True,False,2018-2022,desconhecido,False
15690,0,2.764836,-3.167943,-5.932778,0.016000,FakeWhatsApp.BR_2018,whatsapp,v1,True,False,2018-2022,desconhecido,False
15689,0,2.764836,-3.167943,-5.932778,0.016000,FakeWhatsApp.BR_2018,whatsapp,v1,True,False,2018-2022,desconhecido,True
15688,0,2.764836,-3.167943,-5.932778,0.016000,FakeWhatsApp.BR_2018,whatsapp,v1,True,False,2018-2022,desconhecido,False
15687,0,0.698764,-0.821772,-1.520536,0.262881,FakeWhatsApp.BR_2018,whatsapp,v1,True,False,2018-2022,desconhecido,True
15686,1,-1.629520,1.812474,3.441994,0.919980,FakeWhatsApp.BR_2018,whatsapp,v1,True,False,2018-2022,desconhecido,True
15685,0,2.739087,-3.118493,-5.857581,0.016850,FakeWhatsApp.BR_2018,whatsapp,v1,True,False,2018-2022,desconhecido,False
15684,1,0.076197,-0.098321,-0.174519,0.477762,FakeWhatsApp.BR_2018,whatsapp,v1,True,False,2018-2022,desconhecido,True
15683,1,-1.458972,1.697788,3.156760,0.903997,FakeWhatsApp.BR_2018,whatsapp,v1,True,False,2018-2022,desconhecido,True
15682,0,-0.860735,0.865491,1.726226,0.775783,FakeWhatsApp.BR_2018,whatsapp,v1,True,False,2018-2022,desconhecido,True
15681,0,0.702613,-0.863242,-1.565855,0.256781,FakeWhatsApp.BR_2018,whatsapp,v1,True,False,2018-2022,desconhecido,True
15680,1,-1.877156,2.071097,3.948253,0.942480,FakeWhatsApp.BR_2018,whatsapp,v1,True,False,2018-2022,desconhecido,True
15679,1,-2.022947,2.217232,4.240179,0.952606,FakeWhatsApp.BR_2018,whatsapp,v1,True,False,2018-2022,desconhecido,False
15678,0,2.513960,-2.868016,-5.381977,0.023350,FakeWhatsApp.BR_2018,whatsapp,v1,True,False,2018-2022,desconhecido,True
15644,1,-1.267615,1.371256,2.638871,0.867610,FakeWhatsApp.BR_2018,whatsapp,v1,True,False,2018-2022,desconhecido,True
14729,0,1.188818,-1.338077,-2.526895,0.149902,FakeWhatsApp.BR_2018,whatsapp,v1,True,False,2018-2022,desconhecido,True
14728,1,-2.320431,2.660943,4.981374,0.971236,FakeWhatsApp.BR_2018,whatsapp,v1,True,False,2018-2022,desconhecido,True
14727,1,-1.016441,1.002234,2.018674,0.809372,FakeWhatsApp.BR_2018,whatsapp,v1,True,False,2018-2022,desconhecido,True
14726,1,-2.296571,2.630587,4.927158,0.970157,FakeWhatsApp.BR_2018,whatsapp,v1,True,False,2018-2022,desconhecido,True
14725,1,0.179222,-0.086305,-0.265528,0.461897,FakeWhatsApp.BR_2018,whatsapp,v1,True,False,2018-2022,desconhecido,True
14724,0,1.922709,-2.066965,-3.989675,0.059574,FakeWhatsApp.BR_2018,whatsapp,v1,True,False,2018-2022,desconhecido,True
14723,1,-1.622394,1.868719,3.491113,0.922474,FakeWhatsApp.BR_2018,whatsapp,v1,True,False,2018-2022,desconhecido,True
14722,0,-0.892313,1.023809,1.916122,0.798052,FakeWhatsApp.BR_2018,whatsapp,v1,True,False,2018-2022,desconhecido,True
14721,0,2.009232,-2.031557,-4.040790,0.057601,FakeWhatsApp.BR_2018,whatsapp,v1,True,False,2018-2022,desconhecido,True
14720,0,1.358620,-1.575494,-2.934114,0.117081,FakeWhatsApp.BR_2018,whatsapp,v1,True,False,2018-2022,desconhecido,False
14719,0,0.495204,-0.648868,-1.144072,0.317004,FakeWhatsApp.BR_2018,whatsapp,v1,True,False,2018-2022,desconhecido,True
14718,1,-1.654638,2.001537,3.656175,0.930343,FakeWhatsApp.BR_2018,whatsapp,v1,True,False,2018-2022,desconhecido,True
14717,1,-1.685711,1.861154,3.546865,0.925219,FakeWhatsApp.BR_2018,whatsapp,v1,True,False,2018-2022,desconhecido,True
14716,0,-0.025205,0.152996,0.178201,0.539380,FakeWhatsApp.BR_2018,whatsapp,v1,True,False,2018-2022,desconhecido,False
14715,0,-0.390543,0.422913,0.813456,0.646215,FakeWhatsApp.BR_2018,whatsapp,v1,True,False,2018-2022,desconhecido,True
14746,1,-1.164284,1.443807,2.608091,0.865116,FakeWhatsApp.BR_2018,whatsapp,v1,True,False,2018-2022,desconhecido,True
14745,0,2.570437,-2.743779,-5.314217,0.024456,FakeWhatsApp.BR_2018,whatsapp,v1,True,False,2018-2022,desconhecido,True
14744,0,-0.036658,0.139504,0.176162,0.539025,FakeWhatsApp.BR_2018,whatsapp,v1,True,False,2018-2022,desconhecido,False
14743,1,-1.409703,1.571422,2.981125,0.892787,FakeWhatsApp.BR_2018,whatsapp,v1,True,False,2018-2022,desconhecido,True
14742,1,-0.305580,0.357747,0.663327,0.621841,FakeWhatsApp.BR_2018,whatsapp,v1,True,False,2018-2022,desconhecido,False
14741,0,-0.420449,0.422650,0.843099,0.650943,FakeWhatsApp.BR_2018,whatsapp,v1,True,False,2018-2022,desconhecido,False
14740,1,-2.528880,2.917677,5.446558,0.979062,FakeWhatsApp.BR_2018,whatsapp,v1,True,False,2018-2022,desconhecido,True
14739,0,0.787306,-0.962856,-1.750162,0.232945,FakeWhatsApp.BR_2018,whatsapp,v1,True,False,2018-2022,desconhecido,True
14738,0,0.643325,-0.851244,-1.494569,0.266418,FakeWhatsApp.BR_2018,whatsapp,v1,True,False,2018-2022,desconhecido,True
14737,1,-2.504803,2.920827,5.425631,0.978759,FakeWhatsApp.BR_2018,whatsapp,v1,True,False,2018-2022,desconhecido,True
14736,1,-1.045211,1.245325,2.290537,0.837018,FakeWhatsApp.BR_2018,whatsapp,v1,True,False,2018-2022,desconhecido,True
14735,1,-1.406513,1.617743,3.024257,0.895642,FakeWhatsApp.BR_2018,whatsapp,v1,True,False,2018-2022,desconhecido,True
14734,0,-0.657333,0.681265,1.338598,0.725114,FakeWhatsApp.BR_2018,whatsapp,v1,True,False,2018-2022,desconhecido,True
14733,0,0.356211,-0.254781,-0.610992,0.402638,FakeWhatsApp.BR_2018,whatsapp,v1,True,False,2018-2022,desconhecido,False
14732,1,-2.541001,2.816038,5.357038,0.977738,FakeWhatsApp.BR_2018,whatsapp,v1,True,False,2018-2022,desconhecido,True
14731,0,0.420164,-0.653673,-1.073836,0.327742,FakeWhatsApp.BR_2018,whatsapp,v1,True,False,2018-2022,desconhecido,False
14762,1,-2.523559,2.765767,5.289325,0.976683,FakeWhatsApp.BR_2018,whatsapp,v1,True,False,2018-2022,desconhecido,True
14761,1,-2.613357,2.870274,5.483631,0.979587,FakeWhatsApp.BR_2018,whatsapp,v1,True,False,2018-2022,desconhecido,True
14760,0,2.475997,-2.829368,-5.305365,0.024604,FakeWhatsApp.BR_2018,whatsapp,v1,True,False,2018-2022,desconhecido,True
14759,1,-2.717091,2.975825,5.692917,0.982319,FakeWhatsApp.BR_2018,whatsapp,v1,True,False,2018-2022,desconhecido,True
14758,1,-2.643382,2.837512,5.480893,0.979549,FakeWhatsApp.BR_2018,whatsapp,v1,True,False,2018-2022,desconhecido,False
14757,0,-0.399992,0.517387,0.917379,0.662661,FakeWhatsApp.BR_2018,whatsapp,v1,True,False,2018-2022,desconhecido,True
14756,1,-0.951980,1.084350,2.036330,0.811271,FakeWhatsApp.BR_2018,whatsapp,v1,True,False,2018-2022,desconhecido,True
14755,0,-0.752427,0.776238,1.528665,0.750821,FakeWhatsApp.BR_2018,whatsapp,v1,True,False,2018-2022,desconhecido,True
14754,1,-2.016255,2.248719,4.264975,0.953383,FakeWhatsApp.BR_2018,whatsapp,v1,True,False,2018-2022,desconhecido,False
14753,1,-2.582390,2.831004,5.413394,0.978580,FakeWhatsApp.BR_2018,whatsapp,v1,True,False,2018-2022,desconhecido,True
14752,1,-1.036250,1.115230,2.151480,0.823302,FakeWhatsApp.BR_2018,whatsapp,v1,True,False,2018-2022,desconhecido,True
14751,1,-2.696569,2.954317,5.650886,0.981801,FakeWhatsApp.BR_2018,whatsapp,v1,True,False,2018-2022,desconhecido,False
14750,1,-2.399993,2.575548,4.975541,0.971122,FakeWhatsApp.BR_2018,whatsapp,v1,True,False,2018-2022,desconhecido,True
14749,1,-2.563639,2.812165,5.375805,0.978022,FakeWhatsApp.BR_2018,whatsapp,v1,True,False,2018-2022,desconhecido,False
14748,0,-2.210708,2.454176,4.664885,0.964358,FakeWhatsApp.BR_2018,whatsapp,v1,True,False,2018-2022,desconhecido,False
14747,1,0.243543,-0.181055,-0.424598,0.434372,FakeWhatsApp.BR_2018,whatsapp,v1,True,False,2018-2022,desconhecido,False
14778,1,-1.870929,2.043581,3.914510,0.941187,FakeWhatsApp.BR_2018,whatsapp,v1,True,False,2018-2022,desconhecido,False
14777,0,2.147754,-2.326293,-4.474047,0.043185,FakeWhatsApp.BR_2018,whatsapp,v1,True,False,2018-2022,desconhecido,False
14776,0,2.651762,-2.877933,-5.529696,0.021105,FakeWhatsApp.BR_2018,whatsapp,v1,True,False,2018-2022,desconhecido,False
14775,0,-1.223286,1.485176,2.708462,0.873105,FakeWhatsApp.BR_2018,whatsapp,v1,True,False,2018-2022,desconhecido,False
14774,0,0.940829,-1.077941,-2.018770,0.201050,FakeWhatsApp.BR_2018,whatsapp,v1,True,False,2018-2022,desconhecido,True
14773,1,-1.522340,1.619496,3.141837,0.903087,FakeWhatsApp.BR_2018,whatsapp,v1,True,False,2018-2022,desconhecido,True
14772,1,-2.639597,3.002335,5.641932,0.981688,FakeWhatsApp.BR_2018,whatsapp,v1,True,False,2018-2022,desconhecido,True
14771,0,-1.780284,2.099707,3.879990,0.939835,FakeWhatsApp.BR_2018,whatsapp,v1,True,False,2018-2022,desconhecido,False
14770,0,1.105055,-1.442863,-2.547918,0.148037,FakeWhatsApp.BR_2018,whatsapp,v1,True,False,2018-2022,desconhecido,True
14769,0,0.594331,-0.841195,-1.435526,0.274571,FakeWhatsApp.BR_2018,whatsapp,v1,True,False,2018-2022,desconhecido,True
14768,1,-0.117715,0.055898,0.173613,0.538582,FakeWhatsApp.BR_2018,whatsapp,v1,True,False,2018-2022,desconhecido,True
14767,1,-2.506933,2.801924,5.308857,0.976992,FakeWhatsApp.BR_2018,whatsapp,v1,True,False,2018-2022,desconhecido,False
14766,1,-2.149529,2.311819,4.461349,0.959124,FakeWhatsApp.BR_2018,whatsapp,v1,True,False,2018-2022,desconhecido,True
14765,0,0.209387,-0.421901,-0.631288,0.399226,FakeWhatsApp.BR_2018,whatsapp,v1,True,False,2018-2022,desconhecido,True
14764,1,-2.213066,2.404147,4.617213,0.963193,FakeWhatsApp.BR_2018,whatsapp,v1,True,False,2018-2022,desconhecido,False
14763,0,2.358456,-2.716031,-5.074487,0.028795,FakeWhatsApp.BR_2018,whatsapp,v1,True,False,2018-2022,desconhecido,False
17196,0,1.905640,-1.933784,-3.839424,0.065745,FakeWhatsApp.BR_2018,whatsapp,v1,True,False,2018-2022,desconhecido,True
14794,0,2.221401,-2.323261,-4.544662,0.041188,FakeWhatsApp.BR_2018,whatsapp,v1,True,False,2018-2022,desconhecido,True
14793,1,-2.266651,2.532185,4.798836,0.967444,FakeWhatsApp.BR_2018,whatsapp,v1,True,False,2018-2022,desconhecido,True
14792,0,1.661732,-1.979559,-3.641291,0.074793,FakeWhatsApp.BR_2018,whatsapp,v1,True,False,2018-2022,desconhecido,False
14791,0,0.806335,-1.007258,-1.813593,0.225107,FakeWhatsApp.BR_2018,whatsapp,v1,True,False,2018-2022,desconhecido,True
14790,0,-1.152609,1.383099,2.535708,0.859095,FakeWhatsApp.BR_2018,whatsapp,v1,True,False,2018-2022,desconhecido,True
14789,1,0.025966,0.031722,0.005755,0.509288,FakeWhatsApp.BR_2018,whatsapp,v1,True,False,2018-2022,desconhecido,True
14788,1,-1.533369,1.784677,3.318045,0.913357,FakeWhatsApp.BR_2018,whatsapp,v1,True,False,2018-2022,desconhecido,True
14787,1,-2.553270,2.915674,5.468945,0.979380,FakeWhatsApp.BR_2018,whatsapp,v1,True,False,2018-2022,desconhecido,True
14786,1,-2.561126,2.804524,5.365650,0.977869,FakeWhatsApp.BR_2018,whatsapp,v1,True,False,2018-2022,desconhecido,True
14785,1,-2.219902,2.416644,4.636546,0.963670,FakeWhatsApp.BR_2018,whatsapp,v1,True,False,2018-2022,desconhecido,True
14784,0,1.435482,-1.627096,-3.062578,0.108102,FakeWhatsApp.BR_2018,whatsapp,v1,True,False,2018-2022,desconhecido,True
14783,1,-2.406827,2.726702,5.133529,0.974066,FakeWhatsApp.BR_2018,whatsapp,v1,True,False,2018-2022,desconhecido,True
14782,0,0.898070,-1.120961,-2.019030,0.201020,FakeWhatsApp.BR_2018,whatsapp,v1,True,False,2018-2022,desconhecido,True
14781,0,0.062466,-0.074209,-0.136675,0.484374,FakeWhatsApp.BR_2018,whatsapp,v1,True,False,2018-2022,desconhecido,True
14780,0,1.793615,-2.095030,-3.888645,0.063661,FakeWhatsApp.BR_2018,whatsapp,v1,True,False,2018-2022,desconhecido,True
14779,0,-2.094484,2.198627,4.293111,0.954250,FakeWhatsApp.BR_2018,whatsapp,v1,True,False,2018-2022,desconhecido,False
17190,1,-1.882698,2.039828,3.922526,0.941496,FakeWhatsApp.BR_2018,whatsapp,v1,True,False,2018-2022,desconhecido,True
17189,1,0.044467,-0.014924,-0.059391,0.497891,FakeWhatsApp.BR_2018,whatsapp,v1,True,False,2018-2022,desconhecido,False
17188,0,0.898591,-0.945084,-1.843675,0.221456,FakeWhatsApp.BR_2018,whatsapp,v1,True,False,2018-2022,desconhecido,True
17187,0,0.642312,-0.701270,-1.343582,0.287572,FakeWhatsApp.BR_2018,whatsapp,v1,True,False,2018-2022,desconhecido,True
17186,0,2.039486,-2.091190,-4.130676,0.054279,FakeWhatsApp.BR_2018,whatsapp,v1,True,False,2018-2022,desconhecido,True
17185,1,-0.355205,0.451316,0.806521,0.645104,FakeWhatsApp.BR_2018,whatsapp,v1,True,False,2018-2022,desconhecido,True
17184,0,1.127566,-1.152490,-2.280056,0.173272,FakeWhatsApp.BR_2018,whatsapp,v1,True,False,2018-2022,desconhecido,True
17183,0,0.292079,-0.205378,-0.497458,0.421888,FakeWhatsApp.BR_2018,whatsapp,v1,True,False,2018-2022,desconhecido,False
17182,1,-2.123907,2.324165,4.448071,0.958759,FakeWhatsApp.BR_2018,whatsapp,v1,True,False,2018-2022,desconhecido,True
17181,0,0.878821,-0.903068,-1.781889,0.229001,FakeWhatsApp.BR_2018,whatsapp,v1,True,False,2018-2022,desconhecido,True
17180,1,-1.396665,1.530454,2.927119,0.889115,FakeWhatsApp.BR_2018,whatsapp,v1,True,False,2018-2022,desconhecido,False
17174,1,-2.571706,2.912766,5.484472,0.979599,FakeWhatsApp.BR_2018,whatsapp,v1,True,False,2018-2022,desconhecido,True
17173,0,0.653929,-0.826525,-1.480454,0.268353,FakeWhatsApp.BR_2018,whatsapp,v1,True,False,2018-2022,desconhecido,True
17172,1,-1.427223,1.516500,2.943723,0.890255,FakeWhatsApp.BR_2018,whatsapp,v1,True,False,2018-2022,desconhecido,False
17171,0,-0.143974,0.311315,0.455289,0.587047,FakeWhatsApp.BR_2018,whatsapp,v1,True,False,2018-2022,desconhecido,True
15660,0,0.336818,-0.492550,-0.829368,0.366486,FakeWhatsApp.BR_2018,whatsapp,v1,True,False,2018-2022,desconhecido,True
17170,1,-2.265337,2.553981,4.819318,0.967892,FakeWhatsApp.BR_2018,whatsapp,v1,True,False,2018-2022,desconhecido,True
17169,1,-1.236065,1.565125,2.801190,0.880123,FakeWhatsApp.BR_2018,whatsapp,v1,True,False,2018-2022,desconhecido,True
17168,0,1.858698,-1.945846,-3.804544,0.067260,FakeWhatsApp.BR_2018,whatsapp,v1,True,False,2018-2022,desconhecido,True
17167,0,-0.361695,0.443477,0.805172,0.644888,FakeWhatsApp.BR_2018,whatsapp,v1,True,False,2018-2022,desconhecido,True
17166,1,2.286008,-2.545408,-4.831416,0.033953,FakeWhatsApp.BR_2018,whatsapp,v1,True,False,2018-2022,desconhecido,True
17165,0,2.798451,-3.057758,-5.856209,0.016866,FakeWhatsApp.BR_2018,whatsapp,v1,True,False,2018-2022,desconhecido,True
17164,0,2.495554,-2.498815,-4.994369,0.030405,FakeWhatsApp.BR_2018,whatsapp,v1,True,False,2018-2022,desconhecido,True
17195,0,2.360415,-2.549563,-4.909978,0.032195,FakeWhatsApp.BR_2018,whatsapp,v1,True,False,2018-2022,desconhecido,True
17194,0,2.764836,-3.167943,-5.932778,0.016000,FakeWhatsApp.BR_2018,whatsapp,v1,True,False,2018-2022,desconhecido,False
17193,0,-1.170777,1.356850,2.527627,0.858409,FakeWhatsApp.BR_2018,whatsapp,v1,True,False,2018-2022,desconhecido,False
17192,1,-1.763879,2.006885,3.770764,0.935364,FakeWhatsApp.BR_2018,whatsapp,v1,True,False,2018-2022,desconhecido,True
17191,1,-0.783952,0.867415,1.651367,0.766539,FakeWhatsApp.BR_2018,whatsapp,v1,True,False,2018-2022,desconhecido,False
17158,0,2.299993,-2.354869,-4.654861,0.038248,FakeWhatsApp.BR_2018,whatsapp,v1,True,False,2018-2022,desconhecido,False
17157,0,1.432449,-1.616407,-3.048856,0.109032,FakeWhatsApp.BR_2018,whatsapp,v1,True,False,2018-2022,desconhecido,True
17156,0,2.341741,-2.682488,-5.024229,0.029795,FakeWhatsApp.BR_2018,whatsapp,v1,True,False,2018-2022,desconhecido,True
17155,0,0.429748,-0.213251,-0.642999,0.397262,FakeWhatsApp.BR_2018,whatsapp,v1,True,False,2018-2022,desconhecido,True
15675,0,0.340587,-0.407101,-0.747688,0.379857,FakeWhatsApp.BR_2018,whatsapp,v1,True,False,2018-2022,desconhecido,True
15674,1,-2.242989,2.437719,4.680708,0.964737,FakeWhatsApp.BR_2018,whatsapp,v1,True,False,2018-2022,desconhecido,True
15673,1,1.919630,-2.001409,-3.921039,0.062322,FakeWhatsApp.BR_2018,whatsapp,v1,True,False,2018-2022,desconhecido,False
15672,0,2.236177,-2.422466,-4.658643,0.038151,FakeWhatsApp.BR_2018,whatsapp,v1,True,False,2018-2022,desconhecido,False
15671,1,-2.160575,2.354239,4.514814,0.960566,FakeWhatsApp.BR_2018,whatsapp,v1,True,False,2018-2022,desconhecido,False
15670,1,-2.293705,2.481437,4.775142,0.966917,FakeWhatsApp.BR_2018,whatsapp,v1,True,False,2018-2022,desconhecido,True
15669,0,1.149585,-1.296115,-2.445700,0.157289,FakeWhatsApp.BR_2018,whatsapp,v1,True,False,2018-2022,desconhecido,False
15668,0,0.623365,-0.677104,-1.300469,0.293794,FakeWhatsApp.BR_2018,whatsapp,v1,True,False,2018-2022,desconhecido,False
15667,1,0.650777,-0.793444,-1.444221,0.273361,FakeWhatsApp.BR_2018,whatsapp,v1,True,False,2018-2022,desconhecido,False
15666,1,0.142094,-0.129794,-0.271887,0.460791,FakeWhatsApp.BR_2018,whatsapp,v1,True,False,2018-2022,desconhecido,True
15665,1,-1.304528,1.243296,2.547824,0.860118,FakeWhatsApp.BR_2018,whatsapp,v1,True,False,2018-2022,desconhecido,True
15664,0,0.358889,-0.349702,-0.708591,0.386324,FakeWhatsApp.BR_2018,whatsapp,v1,True,False,2018-2022,desconhecido,False
15663,0,2.141887,-2.260178,-4.402064,0.045315,FakeWhatsApp.BR_2018,whatsapp,v1,True,False,2018-2022,desconhecido,False
15662,1,-0.969623,1.093086,2.062709,0.814082,FakeWhatsApp.BR_2018,whatsapp,v1,True,False,2018-2022,desconhecido,False
15661,1,-0.658269,0.647439,1.305708,0.720502,FakeWhatsApp.BR_2018,whatsapp,v1,True,False,2018-2022,desconhecido,False
17154,0,1.347868,-1.512430,-2.860298,0.122528,FakeWhatsApp.BR_2018,whatsapp,v1,True,False,2018-2022,desconhecido,True
17153,1,-1.315956,1.566759,2.882714,0.886013,FakeWhatsApp.BR_2018,whatsapp,v1,True,False,2018-2022,desconhecido,True
17152,0,1.723446,-1.925781,-3.649227,0.074409,FakeWhatsApp.BR_2018,whatsapp,v1,True,False,2018-2022,desconhecido,True
17151,1,-1.133030,1.019492,2.152521,0.823408,FakeWhatsApp.BR_2018,whatsapp,v1,True,False,2018-2022,desconhecido,True
17150,0,0.493146,-0.414943,-0.908089,0.353791,FakeWhatsApp.BR_2018,whatsapp,v1,True,False,2018-2022,desconhecido,True
17149,1,-1.307892,1.464190,2.772082,0.877957,FakeWhatsApp.BR_2018,whatsapp,v1,True,False,2018-2022,desconhecido,True
17148,0,0.258906,-0.062582,-0.321487,0.452179,FakeWhatsApp.BR_2018,whatsapp,v1,True,False,2018-2022,desconhecido,True
17179,0,-1.034972,1.219495,2.254467,0.833545,FakeWhatsApp.BR_2018,whatsapp,v1,True,False,2018-2022,desconhecido,True
17178,1,-0.891560,0.894803,1.786363,0.783019,FakeWhatsApp.BR_2018,whatsapp,v1,True,False,2018-2022,desconhecido,True
17177,0,1.089599,-1.214250,-2.303849,0.170900,FakeWhatsApp.BR_2018,whatsapp,v1,True,False,2018-2022,desconhecido,False
17176,1,-2.053153,2.169932,4.223085,0.952063,FakeWhatsApp.BR_2018,whatsapp,v1,True,False,2018-2022,desconhecido,False
17175,1,-1.798781,1.915372,3.714153,0.932927,FakeWhatsApp.BR_2018,whatsapp,v1,True,False,2018-2022,desconhecido,True
17142,0,1.075725,-1.300258,-2.375983,0.163865,FakeWhatsApp.BR_2018,whatsapp,v1,True,False,2018-2022,desconhecido,True
17141,0,2.374495,-2.613361,-4.987856,0.030540,FakeWhatsApp.BR_2018,whatsapp,v1,True,False,2018-2022,desconhecido,True
17140,0,1.968417,-2.208449,-4.176866,0.052644,FakeWhatsApp.BR_2018,whatsapp,v1,True,False,2018-2022,desconhecido,True
17139,0,-0.066633,-0.051667,0.014966,0.510899,FakeWhatsApp.BR_2018,whatsapp,v1,True,False,2018-2022,desconhecido,False
17138,1,-1.633657,1.772200,3.405856,0.918098,FakeWhatsApp.BR_2018,whatsapp,v1,True,False,2018-2022,desconhecido,True
17137,0,2.376975,-2.622181,-4.999156,0.030306,FakeWhatsApp.BR_2018,whatsapp,v1,True,False,2018-2022,desconhecido,False
17136,1,-2.453626,2.692396,5.146021,0.974286,FakeWhatsApp.BR_2018,whatsapp,v1,True,False,2018-2022,desconhecido,True
17135,1,-1.751601,1.937221,3.688822,0.931809,FakeWhatsApp.BR_2018,whatsapp,v1,True,False,2018-2022,desconhecido,False
17134,1,-1.024303,1.196838,2.221141,0.830283,FakeWhatsApp.BR_2018,whatsapp,v1,True,False,2018-2022,desconhecido,True
17133,0,1.989533,-1.993236,-3.982769,0.059845,FakeWhatsApp.BR_2018,whatsapp,v1,True,False,2018-2022,desconhecido,False
17132,0,1.294825,-1.439437,-2.734263,0.132332,FakeWhatsApp.BR_2018,whatsapp,v1,True,False,2018-2022,desconhecido,True
17163,0,1.913589,-2.166209,-4.079798,0.056136,FakeWhatsApp.BR_2018,whatsapp,v1,True,False,2018-2022,desconhecido,True
17162,0,2.764836,-3.167943,-5.932778,0.016000,FakeWhatsApp.BR_2018,whatsapp,v1,True,False,2018-2022,desconhecido,True
17161,1,0.252382,-0.428848,-0.681231,0.390873,FakeWhatsApp.BR_2018,whatsapp,v1,True,False,2018-2022,desconhecido,False
17160,0,0.012423,-0.262434,-0.274856,0.460275,FakeWhatsApp.BR_2018,whatsapp,v1,True,False,2018-2022,desconhecido,True
17159,0,-1.751329,1.940947,3.692276,0.931963,FakeWhatsApp.BR_2018,whatsapp,v1,True,False,2018-2022,desconhecido,True
17126,0,2.610456,-2.947480,-5.557937,0.020700,FakeWhatsApp.BR_2018,whatsapp,v1,True,False,2018-2022,desconhecido,False
17125,0,2.663064,-3.000420,-5.663484,0.019254,FakeWhatsApp.BR_2018,whatsapp,v1,True,False,2018-2022,desconhecido,True
17124,0,2.527693,-2.704077,-5.231770,0.025871,FakeWhatsApp.BR_2018,whatsapp,v1,True,False,2018-2022,desconhecido,True
17123,0,2.547185,-2.819218,-5.366403,0.023599,FakeWhatsApp.BR_2018,whatsapp,v1,True,False,2018-2022,desconhecido,True
14160,0,0.972656,-1.204488,-2.177145,0.183834,FakeWhatsApp.BR_2018,whatsapp,v1,True,False,2018-2022,desconhecido,True
14161,1,-1.103965,1.248658,2.352623,0.842859,FakeWhatsApp.BR_2018,whatsapp,v1,True,False,2018-2022,desconhecido,True
14162,0,1.814968,-1.934891,-3.749859,0.069702,FakeWhatsApp.BR_2018,whatsapp,v1,True,False,2018-2022,desconhecido,False
14163,1,-2.314710,2.644350,4.959060,0.970796,FakeWhatsApp.BR_2018,whatsapp,v1,True,False,2018-2022,desconhecido,True
14164,0,0.184811,-0.022222,-0.207033,0.472087,FakeWhatsApp.BR_2018,whatsapp,v1,True,False,2018-2022,desconhecido,True
14165,1,-1.772476,1.958219,3.730695,0.933648,FakeWhatsApp.BR_2018,whatsapp,v1,True,False,2018-2022,desconhecido,True
14166,1,-1.664802,1.844066,3.508869,0.923358,FakeWhatsApp.BR_2018,whatsapp,v1,True,False,2018-2022,desconhecido,True
14167,0,-0.083013,0.107855,0.190868,0.541582,FakeWhatsApp.BR_2018,whatsapp,v1,True,False,2018-2022,desconhecido,True
14168,0,0.011654,-0.106495,-0.118149,0.487612,FakeWhatsApp.BR_2018,whatsapp,v1,True,False,2018-2022,desconhecido,True
14169,0,-0.910835,0.828503,1.739337,0.777375,FakeWhatsApp.BR_2018,whatsapp,v1,True,False,2018-2022,desconhecido,True
14170,1,-1.668161,1.916363,3.584524,0.927022,FakeWhatsApp.BR_2018,whatsapp,v1,True,False,2018-2022,desconhecido,False
14139,0,2.721528,-2.927211,-5.648739,0.019450,FakeWhatsApp.BR_2018,whatsapp,v1,True,False,2018-2022,desconhecido,False
14140,1,-1.643772,1.731437,3.375209,0.916471,FakeWhatsApp.BR_2018,whatsapp,v1,True,False,2018-2022,desconhecido,True
14141,1,-1.366690,1.598276,2.964966,0.891699,FakeWhatsApp.BR_2018,whatsapp,v1,True,False,2018-2022,desconhecido,False
14142,1,-1.811848,2.059870,3.871718,0.939507,FakeWhatsApp.BR_2018,whatsapp,v1,True,False,2018-2022,desconhecido,True
14143,0,0.610662,-0.536229,-1.146891,0.316577,FakeWhatsApp.BR_2018,whatsapp,v1,True,False,2018-2022,desconhecido,False
14144,1,-2.261256,2.471419,4.732675,0.965953,FakeWhatsApp.BR_2018,whatsapp,v1,True,False,2018-2022,desconhecido,False
14145,0,1.075166,-1.132865,-2.208031,0.180612,FakeWhatsApp.BR_2018,whatsapp,v1,True,False,2018-2022,desconhecido,True
14146,1,-2.524916,2.814411,5.339327,0.977466,FakeWhatsApp.BR_2018,whatsapp,v1,True,False,2018-2022,desconhecido,True
14147,0,-0.582009,0.425059,1.007068,0.676546,FakeWhatsApp.BR_2018,whatsapp,v1,True,False,2018-2022,desconhecido,True
14148,0,1.884760,-2.074512,-3.959272,0.060777,FakeWhatsApp.BR_2018,whatsapp,v1,True,False,2018-2022,desconhecido,True
14149,1,-0.641189,0.698513,1.339702,0.725268,FakeWhatsApp.BR_2018,whatsapp,v1,True,False,2018-2022,desconhecido,False
14150,1,-1.243411,1.242835,2.486246,0.854852,FakeWhatsApp.BR_2018,whatsapp,v1,True,False,2018-2022,desconhecido,False
14151,0,-0.411217,0.209891,0.621108,0.614868,FakeWhatsApp.BR_2018,whatsapp,v1,True,False,2018-2022,desconhecido,True
14152,0,0.381452,-0.653326,-1.034779,0.333793,FakeWhatsApp.BR_2018,whatsapp,v1,True,False,2018-2022,desconhecido,False
14153,1,-1.812917,1.868462,3.681379,0.931478,FakeWhatsApp.BR_2018,whatsapp,v1,True,False,2018-2022,desconhecido,True
14154,0,0.957012,-1.137139,-2.094150,0.192709,FakeWhatsApp.BR_2018,whatsapp,v1,True,False,2018-2022,desconhecido,True
16690,0,1.853237,-1.903172,-3.756409,0.069405,FakeWhatsApp.BR_2018,whatsapp,v1,True,False,2018-2022,desconhecido,False
