rid,group,publisher,dialeto,label,factcheck_rating,p_ft,p_dfr,sim_treino,word_len,text_no_url
2136,Fake.br,sem_url,PT-BR,fake,,0.0113095423505457,0.052570507831721944,0.2699559993941745,187,"Temer desabafa: ‘O que vou dizer aos meus filhos?’. Presidente desabafou com aliados poucas horas após tomar conhecimento da gravação de Joesley Batista. Drama político do presidente pode destruir para sempre a imagem de pai e avô.

Michel Temer estava inconsolável quando chegou ao Palácio Jaburu no final da noite de quarta-feira passada, dia em que o país conheceu seu assustador diálogo com Joesley Batista.

Cercado de alguns aliados, ele se esforçava para remontar com precisão as frases ditas ao empresário. Lá pelas tantas, desabafou. “Nessa altura da vida, com a trajetória que tenho, passar por uma coisa dessas! O que vou dizer aos meus filhos, aos meus netos? Que Deus me ajude a lembrar exatamente o que disse naquela noite”.

Aos 76 anos, Temer está em seu terceiro casamento. Do primeiro, com Maria Célia de Toledo, teve três filhas: Maristela, hoje com 47 anos; Luciana, de 44 anos; e Clarissa, que tem 42 anos. Foi casado também com Neuza, mas não teve filhos. Em 1998, teve seu primeiro filho homem (Eduardo – 19 anos) com uma jornalista. Dá uma pensão ao menino, mas o vê pouco."
42989,fakes,aosfatos.org,PT-BR,fake,distorcido,0.0160962973890199,0.030967931939492408,0.367089804907636,40,"O ex-presidente Luiz Inácio Lula da Silva foi homenageado, nesta manhã de quarta-feira (12), em Roma, pelo prefeito da cidade, Ignazio Marino. Lula recebeu a Loba Capitolina, símbolo da cidade, na sala Júlio Cesar, no centro histórico da capital italiana."
14393,FakeWhatsApp.BR_2018,sem_url,PT-BR,fake,,0.0186419118386677,0.22980566331743915,0.3347978324090304,389,"*Bolsonaro começa a avançar sobre Haddad no Nordeste, reduto histórico do lulopetismo. Como num jogo de war, conquista principalmente as capitais. Cai, assim, a última cidadela petista. Nas outras regiões, o ex-capitão massacra o PT*

No começo, o PT era um partido da classe média intelectualizada e dos operários das indústrias dos grandes centros. Em 2002, quando Lula foi eleito presidente pela primeira vez, o perfil era o mesmo. As políticas assistencialistas da era petista, como o Bolsa Família, provocaram uma mudança radical no quadro. As vitórias passaram a vir dos grotões nordestinos, onde vive a população de mais baixa renda e mais dependente desses projetos sociais. No primeiro turno das eleições deste ano, no entanto, começou a virada no curral eleitoral petista. Bolsonaro ganhou em 23 das 27 capitais brasileiras, entre as quais cinco capitais do Nordeste. Haddad só prevaleceu em três capitais nordestinas. Mesmo no Ceará, um Estado governado pelo PT, Bolsonaro ficou em segundo lugar, atrás de Ciro Gomes, ex-governador do Estado, mas bem à frente de Haddad. Também nas pesquisas feitas neste segundo turno, o candidato do PSL já subiu 7 pontos percentuais do que obteve no primeiro turno na região. A constatação é óbvia: o PT vem perdendo dia após dia seu feudo eleitoral.

Em 2014, a vantagem expressiva obtida por Dilma Rousseff no Nordeste foi fundamental para evitar que o senador Aécio Neves (PSDB-MG) triunfasse na apertada disputa. Dilma conseguiu na região, no segundo turno, 20 milhões de votos, contra 7,9 milhões dados a Aécio. Desta vez, o PT, sob orientação de Lula na cadeia, tentou manter a hegemonia do partido na região, às custas de um plano maquiavélico de tirar o apoio do PSB a Ciro Gomes, com o objetivo claro de carrear votos para o PT no Nordeste. Embora Haddad tenha vencido na região, Bolsonaro obteve no primeiro turno a maior quantidade de votos nordestinos dada a um opositor do PT desde o pleito de 2002: 7,7 milhões de votos. O desempenho de Bolsonaro foi melhor nas capitais que no interior. Das nove capitais nordestinas, Bolsonaro venceu em cinco delas: Recife, Maceió, Natal, João Pessoa e Aracaju. Haddad figurou em primeiro somente em três capitais: Salvador, São Luís e Teresina. Ao todo, o capitão reformado do Exército conseguiu, no primeiro turno, sagrar-se vitorioso em 42 cidades do Nordeste.

Continua no link.
👇"
47539,true,lupa.uol.com.br,PT-BR,true,,0.9802839638850864,0.8922580998240647,0.3176475396078423,12,"Michelle arrecadou num chá beneficente 5,3 milhões em doações para causas sociais"
48144,true,politica.estadao.com.br,PT-BR,true,,0.9800692776264603,0.9222319835977705,0.3684058722501635,11,Foto mostra crianças tendo aula pelo rádio durante epidemia de pólio
48191,true,poligrafo.sapo.pt,PT-PT,true,,0.979652849004165,0.9979342460001999,0.29863531264987975,11,Esta imagem mostra um campo de extração de lítio no Chile.
1732,COVID19.BR,sem_url,PT-BR,true,,0.9792194273235068,0.867236454643302,0.9719107990974742,102,"O Jornal alemão Bild fez uma série de denúncias do regime chinês ao longo do último mês, o que levou a embaixada da China a cobrar abertamente um pedido de desculpas do jornal por ""não estar cumprindo a amizade tradicional de nossos povos"".

A governo chinês vem utilizando o mesmo expediente no mundo inteiro, pressionando quem os critica e fazendo pressão econômica aos governos, algo semelhante ao que vem ocorrendo no Brasil. Porém, diferente da grande mídia brasileira, o jornal alemão não somente respondeu a carta, como fez um vídeo respondendo diretamente o ""presidente""Xi Jinping: ""Você está colocando em risco o mundo"""
12796,FakeWhatsApp.BR_2018,sem_url,PT-BR,true,,0.9784461590907282,0.9361972920908079,0.9957590123281471,2791,"PAULO GUEDES!!!!MENTE BRILHANTE MINISTRO DE BOLSONARO.Veja!!!Leiam LEIAM E REPASSEM.

Para quem não leu a entrevista do Paulo Guedes na Veja.

“Não sou suicida nem idiota”

Paulo Guedes
.
.
VEJA: O senhor é um economista renomado, banqueiro, Ph.D. por uma das melhores universidades do mundo. Jair Bolsonaro é um candidato vindo de um círculo no qual o senhor nunca transitou. Como ocorreu esse encontro?
.
GUEDES: - Ele me chamou para conversar depois de ter lido um artigo em que eu dizia que o Ciro Gomes era o legítimo candidato da esquerda e ele, Bolsonaro, o legítimo representante da direita. Foi o Winston Ling (empresário e presidente do conselho de administração da Petropar) que comentou esse artigo com ele. E, de repente, quatro ou cinco pessoas me ligaram ao mesmo tempo pedindo que eu fosse conversar com Bolsonaro. Isso foi no fim de 2017, quando eu ainda estava auxiliando Luciano Huck. Avisei o Huck que iria falar com Bolsonaro, e ele não viu problema algum. E, quando falei com ele, saí da bolha.
.
.
VEJA: O que significa sair da bolha? 
.
GUEDES: - A bolha é São Paulo, Rio, Florianópolis. Somos nós, a Folha de S.Paulo, a Globo, a VEJA. A bolha diz assim: “Ah, esse cara é chato, disgusting (repugnante, em inglês), tosco”. A bolha pensa em direitos humanos, que são demandas legítimas, corretas e sofisticadas da sociedade. Só que o povo está lá fora gritando socorro porque não sabe se levará um tiro hoje ou amanhã. Então, quando falei com ele, tudo ficou muito claro para mim. O que ele representa? A ordem, que é a função básica de qualquer governo. É isso que as pessoas querem. E é isso que ele defende quando fala de segurança. O que Bolsonaro fala remete aos preceitos liberais mais genuínos, que são a preservação de vidas e de propriedades, e que nortearam todo o pensamento dos constitucionalistas britânicos do século XVII.
.
.
VEJA: Como foi a sua transição de Luciano Huck para Jair Bolsonaro? 
.
GUEDES: - Procurei Luciano em 2016 e disse a ele que um tsunami aconteceria em sua vida. Ele tinha, então, mais de 40 milhões de seguidores nas redes sociais. Eu disse: “Você está ferrado porque vai ser presidente da República!”. Ele disse que não havia a menor possibilidade, que ele era “irmão” do Aécio (o senador tucano Aécio Neves era, então, o possível candidato do PSDB à Presidência) e que seria chamado de moleque pelo Fernando Henrique Cardoso caso entrasse para a política. Eu disse a ele que Aécio seria fulminado pela Lava-Jato por causa das denúncias envolvendo Furnas e que ele próprio pediria a Luciano que se candidatasse. Eu não tinha informação nenhuma, era um palpite. Essa conversa foi presenciada pelo Gilberto Sayão (banqueiro carioca). Seis meses depois, Luciano me liga dizendo que eu havia acertado todas as minhas previsões. Aécio o havia procurado oferecendo a vaga de vice. Ele sugeriu, só de sacanagem, ser ele mesmo o candidato à Presidência e Aécio ficar com a Vice. Chocado, Luciano me disse que Aécio tinha topado. Desde então, nós dois ficamos em contato. Depois da vitória de João Doria para a prefeitura de São Paulo, Fernando Henrique também visitou o Luciano e sugeriu que, se ele fosse pré-candidato pelo PSDB, teria chances reais de concorrer, já que o partido estava então rachado entre Alckmin e Aécio e poderia se unir em torno de um novo nome. Fernando Henrique se tocou, bem depois de mim, que o Luciano era um outsider como Doria e que o brasileiro queria votar em outsiders. Luciano, então, me disse: “Paulo, esse cara ia me chamar de moleque um ano atrás. E ele não fala que precisa de mim por causa dos meus milhões de votos, e sim porque ‘pode me ajudar’. Ninguém foi honesto comigo como você. Mas, olha, agora estou mesmo na campanha. Vamos nessa”. Ele montou uma equipe, e eu me dispus a ajudá-lo. Sugeri que o Armínio Fraga ficasse com a parte econômica. Armínio me disse: “Como assim? O apresentador de TV? Mas eu estou com Aécio!”. Aí eu expliquei tudo e ele topou. Montaram plano, equipe, tudo. Armínio estava a fim de ir de qualquer jeito para o governo. Ele gosta. É um cara espetacular. Mas, no fim de novembro, Luciano desistiu da ideia. E, então, eu me senti apto a ajudar Bolsonaro, com quem já havia me encontrado uma vez.
.
.
VEJA: Em sua trajetória parlamentar, Bolsonaro já demonstrou claramente que é um estatista e não tem simpatia por medidas de ajuste. O senhor acha que ele se tornou um liberal? 
.
GUEDES: - É o que eu digo a ele: “Se você não gosta do que a esquerda fez, gosta de uma economia mais aberta, então você quer uma economia liberal de mercado”. E ele não gosta do que a esquerda fez. A reforma da Previdência, por exemplo, não é ponto pacífico ainda no nosso programa. Ele me diz: “Paulo, você quer atropelar o Congresso? Os caras não conseguem aprovar nada, e você quer matar no peito? Você quer pegar o dinheiro dos velhinhos? E os 9 bilhões que deram ao Joesley?”. Aí eu explico a ele que as coisas não são bem assim, sou enfático quando digo que precisa haver reforma e que o presidente precisa encaminhá-la. É uma conversa respeitosa que temos. Às vezes é mais tranquila, às vezes, antagônica, mas sempre franca, porque ele é um cara de princípios.
.
.
VEJA: Bolsonaro já demonstrou claramente sua admiração pela ditadura militar. O senhor também acha que ele se tornou um democrata? 
.
GUEDES: - Bolsonaro faz parte de um enredo que está sendo escrito pela sociedade. Passamos por trinta anos de social-democracia e agora o povo dá sinais de que quer mudar. E ele é o agente da mudança. Sobre a questão da ditadura, acredita que os militares foram chamados pela sociedade porque a esquerda queria dar um golpe. Bolsonaro vê os militares como defensores da ordem. Mas ele mesmo diz que é preciso virar a página sobre esse assunto. A verdade é que, em vez de ameaça à democracia, Bolsonaro pode ser o primeiro presidente a amputar os próprios poderes presidenciais, retirando dinheiro do governo central e transferindo-o a estados e municípios. Isso é precisamente o contrário do que ocorre em um regime antidemocrático, porque regimes totalitários tendem a concentrar o dinheiro e o poder no topo. Bolsonaro está disposto a fazer o contrário, a descentralização de recursos que os constituintes tanto pediam. E ele fala que não quer ser reeleito porque quer dar o exemplo de como se faz política. Quem, além dele, disse isso?
.
.
VEJA: Bolsonaro não conseguiu reunir o apoio de outros partidos para sua candidatura, mesmo sendo líder nas pesquisas sem Lula. Se eleito, como teria uma base forte para aprovar as reformas que o senhor considera imprescindíveis? 
.
GUEDES: - Já contabilizamos mais de 110 parlamentares que nos apoiam em questões temáticas. Nada de toma lá dá cá, nada de ministérios. Vamos ter de dez a quinze ministérios, menos da metade do que temos hoje. É um novo eixo que se forma. Porque, ainda que um dirigente partidário não entenda a mudança, ele vai ver que sua bancada vai aderir a alianças temáticas porque o próprio povo vai pressionar para isso.
.
.
VEJA: Se os deputados votarão por princípios e com base em alianças temáticas, também o fariam num governo Alckmin, Marina, Ciro ou Haddad. Não votarão por princípios apenas no governo Bolsonaro, certo? 
.
GUEDES: - Votarão por princípios em governos de candidatos que têm agendas temáticas. Esse é o caso de Bolsonaro e Marina, com sua agenda ambiental.
.
.
VEJA: O fato de ter uma agenda temática não impediu Bolsonaro de negociar o apoio do PR, do notório Valdemar Costa Neto. 
.
GUEDES: - Os evangélicos estão com Bolsonaro, e por isso ele queria o Magno Malta como vice. O PR não quis dar essa garantia, então Bolsonaro rejeitou. Não foi Valdemar Costa Neto que disse não. Foi Bolsonaro. E toda a imprensa criticou essa aproximação, mas aplaudiu quando o Centrão se alinhou ao Alckmin.
.
.
VEJA: Se Bolsonaro ganhar, a Fazenda será um superministério e o senhor, um superministro? 
.
GUEDES: - A decisão dele é ter apenas um interlocutor em cada área. Na defesa, por exemplo, é o general Augusto Heleno. Na economia, sou eu. Não se trata de superministro, mas de tornar a gestão mais eficiente.
.
.
VEJA: E como seria um programa Paulo Guedes de ajuste fiscal? 
.
GUEDES: - Venho trabalhando nisso nos últimos trinta, quarenta anos. Não é algo que surgiu do nada. Mas tem algumas premissas. Começa com um programa de privatizações. Calculamos que temos cerca de 1 trilhão de reais em ativos a ser privatizados, incluindo as ações do Tesouro na Petrobras.
.
.
VEJA: Privatizaria o quê? 
.
GUEDES: - Bolsonaro já disse que não quer privatizar tudo. Que não quer privatizar Itaipu, Nuclebrás etc. Mas eu defendo privatizar tudo mesmo. O meu papel é sugerir tudo. Mas a decisão é dele. A história recente mostra que não há mais defesa para a manutenção dessa quantidade de estatais. Os grandes escândalos de corrupção aconteceram dentro delas. Petrobras, Caixa, Banco do Brasil. São empresas que perderam a capacidade de investimento, não conseguem se modernizar, competir. Por que os Correios são uma estatal? Não faz o menor sentido. Essa seria a primeira medida. Temos ainda mais de 700 000 imóveis da União que podem ser vendidos. Com isso, calculamos mais cerca de 800 bilhões a 1 trilhão de reais. Somadas essas duas medidas, já são 2 trilhões de reais que poderíamos usar para reduzir a dívida, que hoje é de 4 trilhões. Depois, faríamos concessões de tudo relacionado à infraestrutura.
.
.
VEJA: Tudo? Qual seria o limite? 
.
GUEDES: - Não há limites. A questão das concessões ainda está sendo estudada, e não conseguimos avaliar quanto arrecadaríamos, porque é incalculável. Há estradas, hidrovias, reservas para exploração do turismo. As possibilidades são enormes. Temos duas consultorias especializadas em infraestrutura e logística que estão montando um plano.
.
.
VEJA: Um plano dessa magnitude exigiria a participação de investidores estrangeiros. 
.
GUEDES: - É claro. China, Canadá, Estados Unidos. Todos querem investir. Os juros estão muito baixos no mundo todo e há uma enorme liquidez circulando. O Brasil perdeu grandes oportunidades de atrair o investidor privado nos últimos anos.
.
.
VEJA: Bolsonaro já revelou ter restrições ao investimento chinês, sobretudo nos setores mineral e agrícola. O senhor concorda? 
.
GUEDES: - Ele mantém seu ponto de vista. Mas eu digo sempre a ele que a força de um país hoje vem de sua capacidade tecnológica, de sua potência comercial e de suas Forças Armadas. Nada disso está associado à exploração de minério. Vamos trabalhar para destravar setores que têm limite de capital estrangeiro. Também precisamos discutir a desvinculação das receitas. E desvincular significa habilitar a classe política a fazer o que ela é paga para fazer: aprovar verba no lugar certo.
.
.
VEJA: Como assim? 
.
GUEDES: - Em vez de haver um ministro do Planejamento dizendo para onde vai o dinheiro, os deputados terão de aprender a votar o direcionamento dos recursos para onde eles são necessários.
.
.
VEJA: Mas isso implica mudança constitucional. 
.
GUEDES: - Precisaríamos de uma emenda constitucional, sim, mas não logo de cara.
.
.
VEJA: Os deputados seriam responsáveis por todos esses recursos? 
.
GUEDES: - Os próprios constituintes defendiam a descentralização de recursos na esfera federal. Sempre que recursos foram centralizados, o Estado corrompeu a classe política. Todos os heróis da redemocratização foram aniquilados pelo Estado. Olhe onde o Lula está. O gasto público é o grande vilão. Foi esse sistema centralizado que permitiu que Lula mandasse fazer um estádio de futebol para o time dele, que desse dinheiro a ditadores simpáticos a seu governo, que comprasse apoio de governadores, como Sérgio Cabral. É esse poder absoluto, que chega a ponto de um grupo político desenhar os vencedores do setor privado, que mina a democracia. A democracia não delega tantos poderes a um indivíduo. É por isso que esse “Estado-máquina” precisa ser desmontado. Porque, quando você descentraliza o poder, você resolve. O mote do nosso programa é “mais Brasil, menos Brasília”. Vamos simplificar a estrutura tributária e injetar na veia de estados e municípios, para que as pessoas vejam o dinheiro irrigando o seu cotidiano.
.
.
VEJA: O senhor considera que irrigar estados e municípios e garantir apoio de alianças temáticas seria suficiente para assegurar governabilidade, em caso de vitória? 
.
GUEDES: - Tenho feito alguns movimentos para me antecipar. Eu tive, há cerca de dois meses, uma conversa com o DEM, em que falamos justamente sobre uma reforma política para que as alianças sejam em torno de programas partidários a partir do ano que vem. Por exemplo: se um partido fecha questão para apoiar a reforma que descentraliza recursos, quem votar contra está expulso. O próprio DEM deu a isso o nome de “fidelidade programática”, e eu achei lindo. Quando o partido foi criado, deixando de ser PFL, suas lideranças me pediram que redigisse um programa liberal para o partido. Ou seja, ainda que elas não estejam com Bolsonaro, eu acredito que defendam ideias de centro-direita, como nós. O PSD de Guilherme Afif Domingos também. O Afif é um liberal, desenhei o programa dele quando ele concorreu à Presidência, em 1989. Ou seja, é um parceiro natural que pode trazer organicamente um PSD limpo para essa aliança de centro-direita. O que prevemos, para governar, é uma aliança de centro-direita conservadora nos costumes e liberal na economia. E repito: Bolsonaro já disse que, se eleito, não governará mirando reeleição. Ele mesmo diz: “Eu quero um mandato só para dar o exemplo, porque a reeleição faz mal ao país”. O FHC errou lá atrás ao usar isso porque, a partir de então, todos os presidentes passaram a governar para se perpetuar no poder.
.
.
VEJA: O senhor tem todo um governo na cabeça. Bolsonaro, não. Se o senhor sai do governo, acaba o governo Bolsonaro? 
.
GUEDES: - Não acho. Ele tem sido muito generoso ao dizer que não tem plano B. Ele fala isso para me prestigiar. Agora, se ele quiser um governo liberal, é só levantar a mão que muita gente vem para ajudar. Affonso Celso Pastore, Carlos Langoni, Gustavo Franco. Tem uma porção de gente que se atrai pela economia de mercado. Para a bolha, eu posso ser importante. Mas 99% de quem vota em Bolsonaro não está nem aí para mim. Querem ordem. Eu não me atribuo grande importância porque ele já existia quando eu cheguei.
.
.
VEJA: O senhor precisa explicar as coisas de modo muito didático para Bolsonaro? 
.
GUEDES: - Eu acho que a bolha trata Bolsonaro com muito desrespeito, como se fosse um cachorro vadio. Lula era melhor do que ele do ponto de vista intelectual? Não era, era um operário malandro. Ah, mas sabia negociar política, né? Agora, esse tipo de negociação nos levou aonde estamos hoje. Não acho que a inabilidade do Bolsonaro em pensar nesse tipo de acordo o descredencia para se tornar um presidente.
.
.
VEJA: O que o faria não estar num possível governo Bolsonaro? 
.
GUEDES: - Eu acredito num cenário de um sujeito chegando para acabar com a velha política, que foi condenada à morte pela Lava-Jato. Esse sujeito representa a ordem. Então, eu não vou me negar a dar a ele o progresso das ideias liberais para ajudar esse governo a acontecer. Estou com ele 100%. Agora, se a mídia detonar o cara, nenhum partido der governabilidade e ele mesmo não quiser fazer as reformas, o que eu vou fazer? Não sou suicida nem idiota. Estou lutando por uma grande visão. Se ninguém entender, como já aconteceu antes, paciência. No Plano Cruzado, quando eu dizia que tudo ia dar errado, me chamavam de Beato Salu (referência ao místico personagem da novela Roque Santeiro). Eu estou seguro da história que vislumbro. Tive a visão do Luciano Huck muito antes de Fernando Henrique, que chegou atrasado. Saí da bolha e vi o Bolsonaro subindo. Acho que estou no caminho certo. O Bolsonaro não está fazendo nada de errado. São os políticos que têm de se reinventar. Escutei algo parecido do Eduardo Campos pouco antes de sua morte. Perguntei por que ele não estava com Lula, como sempre esteve. Ele me disse: “Não sou santo, fiz política do jeito que todo mundo sempre fez. Só que não dá mais, isso vai acabar mal”. O cara era sagaz. Morreu.
.
.
Publicado em VEJA de 22 de agosto de 2018, edição no 2596"
48013,true,lupa.uol.com.br,PT-BR,true,,0.9784155084768756,0.4413508222290561,0.4054375502662978,54,"""Minha mulher, há uns 20 e poucos anos, foi condenada por tráfico de drogas. Três anos de cadeia. Cumpriu. Agora, é justo levantar isso? E agora tá todo mundo sabendo na vizinhança que ela foi condenada no passado e cumpriu três anos de cadeia. Como você acha que está a cabeça dela nesse momento?"""
49790,true,checamos.afp.com,PT-BR,true,,0.9772304365862567,0.9786408350141294,0.4564594078883206,13,"A revista Time já nomeou Hitler, Stalin e Khomeini como ""pessoa do ano"""
17100,FakeWhatsApp.BR_2018,sem_url,PT-BR,true,,0.9769877836394766,0.9932642611024023,0.5376109658639727,36,"🇧🇷95% dos caminhoneiros  com o
JAIR MESSIAS BOLSONARO 

 greve dos caminhoneiros é “boato da esquerda para anular as eleições 2018.” Não caia no golpe deles. Ouça com atenção o áudio de Ramiro Cruz líder dos caminhoneiros."
1025,COVID19.BR,sem_url,PT-BR,true,,0.9767666298340654,0.8005394091144115,0.9348015569382571,837,"Globo manda às favas a ética jornalística e parte para o ataque a Bolsonaro, esquecendo-se da sua responsabilidade social, de que não é dona da verdade e nem da concessão que usufrui.

A Rede Globo de televisão deixou a ética jornalística de lado e parte para o ativismo político determinada a derrubar o Presidente Jair Bolsonaro. Colocou todo o seu arsenal tecnológico e humano a serviço de um massacre jamais visto na história de qualquer pais civilizado do ocidente. Tem a seu favor o Coronavírus e um confinamento obrigatório de uma população desprotegida intelectualmente, com baixos níveis educacionais, incapaz de fazer juízo crítico do que consome na frente da TV.

A guerra a Bolsonaro já não é mais velada, tornou-se escancarada e desproporcional, levando a uma inversão de papéis que atenta contra a democracia brasileira. A Globo não é dona dos destinos do país e nem da verdade, precisa de limites, URGENTE. Na condição de jornalista não posso me furtar a manifestar repúdio a colegas que se prestam a fazer o jogo sujo da emissora em um momento de aflição e vulnerabilidade do povo e do próprio governo. Os profissionais que produzem o conteúdo da emissora perderam a noção de ética e razoabilidade, se acham donos da verdade absoluta, ficaram cegos e alienados.

Notícias manipuladas, tiradas do contextos com montagens

As noticias manipuladas e contextualizadas de acordo com os interesses da direção da Globo passam pelas mãos de jornalistas sujeitos à códigos subliminares, a um juramento que precisa ser lembrado e honrado. Por ordem de superiores não deviam tripudiar de um presidente eleito democraticamente seja ele quem for. Não tenho procuração para defender Bolsonaro, acho que ele também precisa de limites, precisa ouvir os profissionais que ele confia, especialmente os da comunicação, porém o que estão fazendo é um desrespeito não só a ele, mas ao povo brasileiro.

A população vem sendo submetida a uma lavagem cerebral em um momento que a televisão desempenha papel estratégico de informação e de segurança nacional. Por acidente, acompanhei o Jornal Nacional desta quarta feira (25) e o que assisti me chocou, como a milhões de brasileiros. Um espetáculo de sordidez inaceitável contra a imagem de um chefe de estado, sem direito ao contraditório.

Recurso áudio-visuais servindo para descontextualizar a fala do presidente, caso de polícia

Do inicio ao fim por uma hora e meia Bolsonaro foi alvo de ilações, acusações, montagens e manipulação de informações que receberam recursos áudio visuais distorcendo a verdade para massacrar o presidente sem que ele pudesse se defender. Devo lembrar que a emissora entra na casa de 92% da população e que esta briga começou antes mesmo da posse, motivada pelos cortes em verbas publicitárias portentosas que a Globo sempre usufruiu em governos anteriores, com pouco ou nenhum esforço, como se fosse um direito e não uma concessão com regras.

Porém, o resultado desse desentendimento ganha outros contornos na medida em que a veracidade do jornalismo na maior emissora do pais é corrompida. A Globo tem concessão pública e o dever de falar a verdade, sem manipulação ou artifícios no seu conteúdo jornalístico com propósitos descabidos. Se a Globo deixou de produzir noticias e passou a agir como um partido político, sua concessão precisa ser caçada imediatamente.

Jornalismo sem ética, a serviço dos interesses da emissora

No rastro da canalhice produzida por profissionais do jornalismo, governadores mal intencionados como João Dória e Witzel estão se aproveitando, da mesma forma que políticos que nunca fizeram nada pelo país, como o garoto mimado David Alcolumbre e Rodrigo Maia, vulgo “bota-fogo”, ambos sinônimos de oportunismo. A classe jornalística não pode se submeter a este papel.

As manifestações de Bolsonaro não são libelos, estão recheadas de oportunidades para seus adversários, mas não podem ser distorcidas ao bel prazer dos inimigos políticos e nem de editores interessados em chantagear o presidente e seus ministros. Com efeito, Bolsonaro tem defeitos, é humano, mas não se curva a chantagens de empresários da comunicação acostumados a usar e abusar do dinheiro público.

Bolsonaro não está propondo o fim do confinamento, mas um retorno gradual ao trabalho afim de evitar uma tragédia maior

A ciência já mostrou que o vírus representa maior risco para pessoas com morbidades e idosos, mostrou tambem que COVID 19 não é ameaça para população economicamente ativa, e que se os cuidados de higiene forem tomados, a população não precisa deixar de trabalhar, pode retornar lentamente aos seus postos evitando uma catástrofe ainda maior.

Para a Globo não é a saúde do povo brasileiro que importa, e sim a destruição do chefe da nação e dos sonhos de quem acredita nele apesar dos seus defeitos. Chega de CANALHICE, o Brasil é maior do que os interesses de uma emissora de televisão, tá na hora de um basta nessa perseguição covarde. Se você chegou até aqui e concorda com este artigo, replique para a sua lista e vamos reagir a esse espetáculo de INSENSATEZ da maior emissora do país.

Por: José Aparecido Ribeiro – Jornalista / Licenciado em Filosofia – BH-MG"
10524,LLM4BR_300,aosfatos.org,PT-BR,fake,,0.0233038926952072,0.057310272324287,0.5619562848179899,730,"Supostas trocas de emails de funcionários do Twitter no Brasil liberadas por Elon Musk e divulgadas por jornalistas conservadores serviram de artilharia para ataques contra o ministro Alexandre de Moraes, o TSE e o STF ao longo do fim de semana.

Os conteúdos, que não têm qualquer prova de autenticidade, supostamente mostram como integrantes da antiga equipe de consultoria jurídica da plataforma teriam reagido a pedidos feitos por autoridades brasileiras entre 2020 e 2022, antes de Musk comprar a empresa.

Embora não revelem a quais decisões se referem as supostas medidas tomadas pela Justiça contra a plataforma, os vazamentos iniciaram uma série de acusações contra Moraes nas redes. Os ataques foram insuflados por publicações de Musk, que pediu o impeachment do ministro e ameaçou descumprir decisões. Ao menos um perfil bloqueado pela Justiça brasileira voltou a ser exibido, como o Aos Fatos mostrou [].

Em resposta, Moraes incluiu o empresário na lista de investigados [] em inquérito sobre milícias digitais no Brasil.

Os conteúdos — chamados de Twitter Files Brazil — fazem parte de um pacote mais amplo de documentos vazados por Musk desde dezembro de 2022, logo após assumir o controle da plataforma.

Por aqui, a história começou na semana passada, quando o jornalista e ativista conservador Michael Shellenberger, conhecido por negar a gravidade das mudanças climáticas [] e se opor a ambientalistas, publicou supostas mensagens trocadas por funcionários da antiga equipe de consultoria jurídica da plataforma no Brasil entre 2020 e 2022.

Ao todo foram 22 capturas de tela, que mostravam as supostas respostas dadas pela empresa a investigações e decisões judiciais emitidas no Brasil. As medidas pediam ao Twitter o fornecimento de informações de usuários investigados por disseminação de desinformação e a remoção de publicações com conteúdo enganoso ou com ameaças ao sistema eleitoral brasileiro.

As mensagens não mostram os pedidos exatos feitos pelas autoridades judiciais à plataforma, que estão sob sigilo. Também não foi possível comprovar a veracidade dos conteúdos dos emails.

Da mesma forma como ocorreu nos Estados Unidos em 2022, o vazamento foi feito em conjunto com jornalistas de sites conservadores — o colunista da Gazeta do Povo, Eli Vieira, e o fundador do portal A Investigação, David Ágape — e repercutiu entre políticos e influenciadores de extrema-direita, que acusaram Moraes de censura e pediram seu impeachment [].

“O Brasil está à beira de uma ditadura”, dizia o título de uma transmissão ao vivo feita por Shellenberger, da qual participaram a comentarista da Revista Oeste Ana Paula Henkel e o deputado federal Marcel Van Hattem (Novo-RS). Nela, os integrantes acusaram o ministro Alexandre de Moraes e o TSE de abusos durante o pleito de 2022.

NOS ESTADOS UNIDOS

As primeiras publicações do Twitter Files nos Estados Unidos ocorreram ainda em 2022. Divulgados por jornalistas americanos conservadores, os registros também não tiveram a autenticidade confirmada e revelaram:

 * A política oculta de shadow banning [], ou redução do alcance de publicações de usuários em redes sociais, que afetaria as contas de alguns influenciadores de direita no país, entre outras pessoas — a lista completa não foi divulgada;
 * A colaboração da plataforma com investigações do FBI e do Pentágono [];
 * Como foi a tomada de decisão sobre o banimento do ex-presidente dos Estados Unidos Donald Trump da plataforma;
 * Diálogos de funcionários da empresa com autoridades de Justiça e saúde dos Estados Unidos sobre moderação de conteúdo desinformativo.

Na época, os vazamentos foram usados por Musk como estratégia [] para desqualificar a gestão anterior da empresa e justificar mudanças que foram implementadas nos meses seguintes, como a demissão de equipes de moderação, o fim de políticas contra conteúdos sobre Covid-19 e a mudança na política de selos de verificação.

As mensagens também serviram como munição para políticos e influenciadores de extrema-direita nos Estados Unidos, que acusaram o governo e as plataformas de praticarem censura e desrespeitarem a liberdade de expressão.

O caso motivou uma ação na Suprema Corte [] do país movida pelos estados republicanos de Louisiana e Missouri que pede a restrição da comunicação entre o governo de Joe Biden e as plataformas — embora os vazamentos não tenham revelado uma comunicação com a Presidência, apenas com outras autoridades do Executivo.

Referências:
1. Aos Fatos []
2. Agência Brasil []
3. Climate Feedback []
4. X (@elonmusk [])
5. Núcleo []
6. The New York Times []
7. NPR []
8. Reuters []"
48011,true,lupa.uol.com.br,PT-BR,true,,0.975608469216286,0.7768058033534182,0.5147598601623748,11,"""Real ou fake? Se isso for verdade, o que você acha?”"
48244,true,poligrafo.sapo.pt,PT-PT,true,,0.9752744767126152,0.8557211476556729,0.3779987373171627,10,Fotografia viral mostra a detenção de alegado incendiário em Montemor-o-Novo
48359,true,poligrafo.sapo.pt,PT-PT,true,,0.974863004761311,0.6471979081553568,0.34275426159289246,16,Bonnie e Clyde estavam entre fotos da Segunda Guerra Mundial no Dia da Vitória na Rússia
362,COVID19.BR,sem_url,PT-BR,true,,0.97414092715111,0.9716423253017002,1.0,28,"Em novembro de 2015 a televisão italiana apresentou uma matéria que denunciava que cientistas chineses haviam desenvolvido um super virus capaz de desencadear pneumonia aguda
em seres humanos."
17024,FakeWhatsApp.BR_2018,sem_url,PT-BR,true,,0.9727897071271544,0.3484256110361763,0.4337470439094028,9,Boletim médico confirma que estado de Bolsonaro é estável
335,COVID19.BR,sem_url,PT-BR,true,,0.9725742472503826,0.9480762420697394,0.4311398272586848,23,O mesmo que suspendeu a posse do ex-presidente Luiz Inácio Lula da Silva como ministro da Casa Civil da então presidente Dilma Rousseff.
7339,Fake.br,sem_url,PT-BR,true,,0.9721753065907724,0.1877258996196192,0.22119985201148729,139,"Povo não tem noção das falcatruas e sacanagens da CBF, diz Romário. Em entrevista ao Estado Baixinho fala sobre livro dos bastidores da CPI do Futebol. No caso de Um olho na bola, outro no cartola – o crime organizado no futebol brasileiro , novo livro de Romário publicado pela Editora Planeta, revelar a última frase da obra não é necessariamente sinônimo de spoiler. “Sou da paz, mas na guerra funciono melhor”, escreve o Baixinho no capítulo final. A guerra do senador atualmente é com a CBF . Em 239 páginas, o ex-jogador traz bastidores da CPI do Futebol , que tramitou no Senado entre 2015 e 2016, e parte para o ataque contra a CBF. Mais do que revelações da sua atuação como presidente da CPI, Romário publica documentos obtidos durante os trabalhos da comissão. A CBF chegou"
47175,true,lupa.uol.com.br,PT-BR,true,,0.9715153732210444,0.525595742346122,0.4442421760303612,99,"Através da ivermectina, mais de 250 mil vidas teriam sido salvas no Brasil. É o que conclui um estudo liderado pela Universidade de Oxford. Segundo esse estudo, publicado no Fórum Aberto de Doenças Infecciosas da própria instituição e assinado por cientistas de seis das principais universidades do Reino Unido, entre elas a Universidade de Liverpool e a Imperial College, a ivermectina reduz em 56% a mortalidade de pacientes em estado moderado e grave de Covid-19. Ou seja, se parte da imprensa e políticos esquerdistas não tivessem militado tanto contra a ivermectina, mais de 250 mil brasileiros teriam sido salvos."
831,COVID19.BR,sem_url,PT-BR,true,,0.9702506620406957,0.8667400390389172,0.33683318936564055,981,"*251. CARTA DE LY YANG, CÔNSUL DA CHINA NO BRASIL, PARA EDUARDO BOLSONARO!*



```Deputado Eduardo, no tuíte que você postou no dia 1o de abril, chamou o Covid-19 de “vírus chinês”, o que se trata de mais um insulto à China que você fez depois de ter postado tuítes em 18 de março para atacar maliciosamente a China. Você é realmente tão ingênuo e ignorante? Como deputado federal da República Federativa do Brasil que possui alguma experiência em tratar dos assuntos internacionais, você deveria saber que os vírus que causam pandemia são inimigos comuns do ser humano, e a comunidade internacional nunca chama os vírus pelo nome de um país ou região para evitar a estigmatização e a discriminação contra qualquer grupo étnico específico.```

```A Organização Mundial da Saúde seguiu esta regra do direito internacional para chamar o novo coronavírus de “Covid-19”. Além disso, ainda está por confirmar a origem deste vírus. O surto de Covid-19 em Wuhan não significa necessariamente que Wuhan foi a fonte inquestionável do novo coronavírus. O diretor do Centro de Controle e Prevenção de Doenças dos Estados Unidos já reconheceu que, durante a chamada “epidemia de gripe” nos Estados Unidos, no ano passado, algumas pessoas teriam morrido por Covid-19. Isso justifica que, muito provavelmente, os Estados Unidos foram a fonte de Covid-19. Mas podemos batizar o Covid-19 como “vírus norte-americano”? Não! Do mesmo modo, ninguém no mundo pode chamar o Zika como “vírus brasileiro”, apesar do fato da epidemia de Zika ter acontecido e ainda acontecer casos frequentemente no Brasil.```

```É por causa do seu ódio à China que ataca frequentemente a China? Mas de onde vem esse ódio? A aproximação entre a China e o Brasil é resultado de um desenvolvimento histórico com alicerce natural. Tanto a China como o Brasil são grandes países emergentes com território e população gigantes, com culturas ricas e coloridas e povos simpáticos e amigos. Ambos os países possuem planos grandiosos para promover a prosperidade e riqueza nacionais, bem como ambição para salvaguardar a paz e justiça internacionais.```

```É ainda mais importante o fato de que não há divergências históricas, nem conflitos atuais entre os dois países que já se tornaram parceiros estratégicos globais. O povo chinês sempre abraça o povo brasileiro com sincera amizade, tratando o Brasil como nosso país irmão e parceiro. O respeito recíproco e a cooperação de ganhos mútuos de longo prazo entre os dois países trazem benefícios pragmáticos para os dois povos. Por dois anos consecutivos, dois terços do superávit do comércio exterior do Brasil vieram da China, o seu maior parceiro comercial!```

```É por isso que tanto a geração do seu pai como a da sua idade estão todos se dedicando a promover a cooperação amigável sino-brasileira. Em resumo, os seus comportamentos remam contra a maré e não só colocam você no lugar adverso do povo chinês de 1,4 bilhões, mas também deixam a maioria absoluta dos brasileiros com vergonha, bem como criam transtornos ao seu pai, que é o Presidente da República. É realmente uma prova de ignorância a respeito do tempo atual!```

```Será que você recebeu uma lavagem cerebral dos Estados Unidos e quer ir firmemente na esteira deles contra a China? Os Estados Unidos eram realmente um país grande e glorioso. No entanto, neste ponto crítico do avanço da civilização humana, os EUA perderam sua posição histórica e o sentido de desenvolvimento, tornando-se quase totalmente causadores de problemas nos assuntos internacionais, e uma fonte de ameaça à paz e segurança mundiais. Os líderes atuais norte-americanos já se esqueceram dos ideais dos fundadores do país de assegurar a justiça.```

```Ademais, tornaram-se monstros políticos cheios de preconceitos ideológicos contra os outros países e sem capacidade de governar, o que pode ser justificado pelo desempenho horrível no combate à pandemia de Covid-19 nos EUA. Por outro lado, sendo uma potência cheia de vitalidade e em ascensão, o Brasil deve e é capaz de fazer contribuições importantes para o progresso da civilização humana, desde que tenha sua própria visão estratégica, possua sua perspectiva correta sobre os assuntos internacionais e desempenhe seu próprio papel construtivo. O Brasil não deve tornar-se um vassalo ou uma peça de xadrez de um outro país, senão o resultado seria uma derrota total num jogo com boas cartas, como diz um provérbio chinês.```

```Deputado Eduardo, há pelo menos uma semelhança entre a cultura confucionista chinesa e a cultura cristã brasileira que é a crença em que sempre existe a causalidade em tudo, razão pela qual temos que pensar nas consequências antes de fazer qualquer coisa. Como não é uma pessoa comum, você deveria entender melhor essa razão. O que é o mais importante para o Brasil agora? Sem dúvida, é salvaguardar a vida e a saúde de centenas de milhões de pessoas, e reduzir ao mínimo o impacto da pandemia na economia do Brasil, da China e do mundo, através da cooperação China-Brasil no combate ao Covid-19.```

```A China nunca quis e nem quer criar inimizades com nenhum país. No entanto, se algum país insistir em ser inimigo da China, nós seremos o seu inimigo mais qualificado! Felizmente, mesmo com todos os seus insultos à China, você não conseguirá tornar a China inimiga do Brasil, porque você realmente não pode representar o grande país que é o Brasil. Porém, como é um deputado federal, as suas palavras inevitavelmente causarão impactos negativos nas relações bilaterais. Isso seria uma grande pena! Contaminaria e poluiria totalmente o ambiente saudável que China e Brasil conquistaram até aqui.```

```Portanto, é melhor ser mais sábio e racional. Você pode não pensar na China, mas não pode deixar de pensar no Brasil. O demônio do Covid-19 chegou finalmente à maravilhosa terra brasileira. Neste momento crucial da cooperação bilateral no combate à pandemia de Covid-19, seria mais prudente não criar mais confusões. Ainda mais importante, seja um verdadeiro brasileiro responsável, ao invés de ser usado como arma pelos outros!```"
2679,Fake.br,sem_url,PT-BR,true,,0.9698441917696904,0.9045491103443921,0.3301981500330061,201,"“Houve ontem uma reunião PP, PT e PMDB onde ficou combinado que o Dep. Vacari vai falar com o presidente Gabrielli sobre o assunto da securitização. Ontem o Dep. Vacareza ficou de reunir-se com o Presidente Lula para conversar sobre o mesmo tema e dizer que os 3 partidos estão de acordo com a operação.” O registro acima é de um relatório dos lobistas Jorge Luz e Bruno Luz – pai e filho presos desde fevereiro, pela Lava Jato – com o então diretor de Abastecimento da Petrobrás Paulo Roberto Costa sobre um negócio de “securitização do petróleo” vinculado à multinacional Trafigura Group. O negócio estava no portfolio de interesses do “grupo criminoso” que formatou a Brasil Trade, uma “firma” usada pelos lobistas, em parceria com o advogado Tiago Cedraz – filho do ministro do Tribunal de Contas da União (TCU) Aroldo Cedraz -, executivos da Petrobrás e operadores de propinas que beneficiária políticos, em especial do PT e do PMDB. Entre eles, o ex-líder do governo e do PT na Câmara Cândido Vaccarezza e o ex-ministro de Minas e Energia Edison Lobão. Uma parceria que garantiu, em 2010, contratos de quase US$ 1 bilhão à norte-americana Sargeant Marine – uma"
16420,FakeWhatsApp.BR_2018,sem_url,PT-BR,true,,0.9678449819045052,0.8948557883259746,0.24881454751324739,127,"Só lembrando que durante a operação Satiagraha, comandada   por esse  Del PF foram presos o banqueiro Daniel Dantas, do Opportunity, e executivos do banco, além do megainvestidor Naji Nahas e do ex-prefeito de São Paulo Celso Pitta, suspeitos de crimes financeiros. 
Só que gravando os banqueiros bandidos acabou gravando também quem? Quem? Quem? 
Gilmar Mendes. Aí o STF se voltou contra a Operação e o Delegado acabou sendo afastado e posteriormente demitido da PF. 

Hoje ele está morando na Suíça . Na condição de perseguido político e de foragido pela “Justiça” brasileira.


Para o STF, a conversa entre Protógenes e seus superiores mostra que o gabinete do presidente do tribunal, ministro Gilmar Mendes, foi monitorado. 
Gilmar Mendes mandou tolerar por duas vezes esses banqueiros . É mole?"
11217,FakeWhatsApp.BR_2018,sem_url,PT-BR,fake,,0.0330577342054482,0.0222841405480992,0.21058697635677504,128,"Olá amigos e amigas!

Estamos lançando o ZAP DO Haddad! Envie para seus parentes e conhecidos! Sejam eles Haddad, indecisos, nulos, brancos, e os incentivem a compartilhar o material recebido. 

Lembrando que seu amigo deve escolher seu próprio estado, uma vez que só os DDD ́s dos seus estados poderão permanecer nos grupos. 

Vamos juntos ganhar esta eleição!

#HaddadSim #AgoraéHaddad #PQHaddad

MA-01 - 
MG-01 
MG-02 
MA-02 
MG-03 
DF-01 
SP-01 
DF-02 
MG04 
TO-01 
MG-05 
RS-01  
RS-02  
RS-03  
RS-04  
RS-05  
PR-01  
PR-02  
Sc-01  
SC-02 
SE-01  
SE-02  
CE-01  
CE-02  
AL-01  
AL-02  
PB-01  
PB-02  
GO  
TO-02 
SP-02 
SP-03 
MT  
SP -04 
MS 
SP-05 
BA- 01 
ES 
RR 
AM 
BA - 02 
BA-03 
BA-04 
BA-05 
PE-01 
PE-02 
PE-03 
PE-04 
PE-05 
RJ-01 
RJ-02 
AP 
PA 
RO 
AC 
PI-01 
PI-02 
RN-01 
RN-02 
RJ-03 
RJ-04 
RJ-05"
13703,FakeWhatsApp.BR_2018,sem_url,PT-BR,true,,0.9666571133377698,0.9169764932448474,0.27700210323625685,455,"Repassando.
Do Cel INF NORTON LUIS SILVA DA COSTA.
“Meus amigos...
realmente eu não entendi porque as manifestações em apoio a justa greve dos caminhoneiros, em grande parte das cidades acabou indo para na frente de alguns quartéis das FFAA. Estão ao meu ver batendo na porta errada. Deveriam sim estar cobrando ações de Vereadores, Prefeitos, Deputados e Senadores.
Não vejo absurdamente ninguém cobrar dessa corja ações ou mesmo que os mesmos trabalhem em favor daqueles que os elegeram. 
Não vejo ninguém descarregar suas frustrações ou anseios contra aqueles que realmente são os culpados por tudo que estamos vivendo atualmente. 
Não vejo o chamado povo cobrando explicações sobre a não atuação parlamentar, sobre os desvios de verbas, sobre os benefícios recebidos sobre os polpudos salários e das vantagens financeiras em termos de gastos públicos que nao têm prestacao de contas.
Não vejo ninguém também gritando na porta dos Palácios de governo ou assembléias exigindo seriedade, ações pro ativas, reversão de distribuição de recursos como o Fundo Partidário.
Não vejo cobranças sobre a real situação da Saúde e da educação nos níveis municipais e estaduais como se eles não fossem os reais responsáveis. Porque as cobranças nos quartéis, se a força das armas é menor que a força dos títulos eleitorais?
Sim, embora alguns não gostem de escutar ou ler nós não somos a solução dos problemas do País, nós não somos a sua representatividade legal nem constitucional, pois não fomos eleitos nem temos mandato. Somos Povo , Povo fardado que cumpre a Lei, que prega a Ordem e que só o faz dentro dos preceitos constitucionais. Os quartéis não têm ligação com Palácios ou Ministérios, com Câmaras ou Assembleias de espécie alguma.
Vocês erram a bater nas nossas portas enquanto os devidos responsáveis estão no vosso meio ainda tentando se aproveitar disso para se reeleger ou para tentar buscar apoio para as próximas eleições em outubro. 
Cobrem de que tem que ser cobrado. Busquem a solução junto aos seus eleitos e por vocês escolhidos como representantes democráticos. Em vez de ficarem se lamuriando nos aquartelamentos façam valer suas vozes junto a outros portões que não os das FFAA. Hoje pedem e amanhã nos esquecem e abandonam a própria sorte como já o fizeram passados 54 anos. Reclamem a quem de direito e em nome do Povo Fardado também.
Lutem em outra Seara que não os nossos portões.
Está na hora de sermos sérios para não nos convertermos em uma republiqueta de bananas ou num País convulsionado pelo fatricídio. Nós os militares faremos aquilo que estiver legalmente determinado e fundamentado nas Leis e na Ordem e Progresso, pois não existe a tal Intervenção Constitucional Cívico Militar tão solicitada .
Cel INF NORTON LUIS SILVA DA COSTA."
10549,LLM4BR_300,aosfatos.org,PT-BR,true,,0.9666549512557094,0.8605537338715225,0.3446368459543352,1076,"Sete meses depois da denúncia feita pelo Aos Fatos, o esquema [] de venda de certificados falsos de vacinação segue ocorrendo livremente no Telegram. É possível encontrar em grupos na plataforma publicações recentes que prometem a inserção de dados falsos diretamente no sistema Conecte SUS.

A última atualização sobre o caso ocorreu em outubro do ano passado, quando a AGU (Advocacia-Geral da União) acionou a Justiça [] para solicitar a exclusão dos grupos em que ocorrem as negociações.

A reportagem verificou que um dos usuários denunciados pelo texto publicado em setembro continua oferecendo o serviço ilegal. Em março, o perfil publicou em grupos antivacina promoções para a venda de certificados falsificados, prometendo “descontos surpreendentes”. São oferecidos registros de diversos imunizantes, desde a vacina da Covid-19 até as que constam no calendário infantil.

Mensagem compartilhada em grupo no Telegram em que criminoso oferece promoção para fraudar cartões de vacinação. []
'Preços jamais vistos'. Usuário denunciado em reportagem do Aos Fatos continua vendendo certificados de vacinação falsificados no Telegram (Reprodução/Telegram)

O esquema se assemelha ao caso que levou ao indiciamento [] do ex-presidente Jair Bolsonaro (PL), do tenente-coronel Mauro Cid e de outras 15 pessoas por falsificação de certificados de vacinas contra a Covid-19. Em janeiro, a CGU (Corregedoria-Geral da União) concluiu que a fraude [] ocorreu na Unidade Básica de Saúde Parque Peruche, em São Paulo. Até dezembro de 2021, as unidades de saúde da cidade possuíam login único, sem identificação de usuário.

O município do Rio de Janeiro, onde ocorreu a fraude revelada pelo Aos Fatos, também tem um sistema próprio de transmissão de dados de imunobiológicos, mas com login individual para cada usuário credenciado. Em nota [], a Secretaria Municipal de Saúde informou ainda que só é possível acessar o sistema pelos computadores das próprias unidades de saúde.

Foi dessa forma que o órgão conseguiu identificar a senha usada pelo fraudador [], que fez o registro falsificado na Clínica da Família Augusto Boal, na Maré, bairro da zona norte do Rio. Segundo as investigações, o criminoso trabalhou na clínica até novembro de 2022 e teria roubado a senha de uma profissional que ainda atua na unidade de saúde para inserir o registro de imunização no sistema. A funcionária que teve os dados roubados registrou um boletim de ocorrência à época com apoio da secretaria, mas o caso não avançou.

A venda de documentos falsos de vacinação pode ser enquadrada como crime de peculato digital [], associação criminosa [] e infração de medida sanitária preventiva [].

Mensagem compartilhada em grupo no Telegram com oferta de certificados falsos de vacinação lançados com datas retroativas e espaçamento entre as doses, oferecidos com o ‘melhor preço’. []
'Cubro qualquer oferta'. Novos usuários vendem certificados falsificados e apostam em preços mais baixos para 'disputar mercado' com outros fraudadores (Reprodução/Telegram)

Aos Fatos questionou diversas autoridades sobre o andamento das investigações:

 * A Secretaria Municipal de Saúde do Rio de Janeiro [] não deu informações e pediu que a reportagem questionasse a Polícia Civil;
 * A corporação, que respondeu a apenas um dos sete emails enviados pelo Aos Fatos desde outubro de 2023, não retornou o contato;
 * O Ministério Público Federal [] disse que há um processo que corre em sigilo envolvendo o Telegram e passaportes vacinais, mas não deu mais detalhes;
 * O Ministério Público Estadual do Rio de Janeiro não conseguiu encontrar informações sobre o caso a partir do número do boletim de ocorrência, único dado que o Aos Fatos conseguiu fornecer;
 * A AGU disse não ter novas atualizações.

O Ministério da Saúde afirmou que não foram identificadas quebras de segurança no caso da Clínica Augusto Boal, já que a inserção dos dados foi feita a partir de um login verdadeiro.

A conclusão é similar à do caso de Bolsonaro []. Em nota técnica [nota_tecnica_2971_2023_cisep_dirap_crg.pdf] publicada em janeiro de 2024, a CGU [nota_tecnica_2971_2023_cisep_dirap_crg.pdf] também concluiu que não houve quebra de segurança e que os protocolos de inserção de dados foram cumpridos de maneira correta (veja o item 4.38, p. 21 [nota_tecnica_2971_2023_cisep_dirap_crg.pdf]).

Questionado sobre como funciona a transmissão de dados de imunobiológicos (veja as notas aqui [] e aqui []), o Ministério da Saúde disse possuir um sistema centralizado de informações, a RNDS (Rede Nacional de Dados em Saúde), que funciona da seguinte forma:

 * Os dados são inseridos por profissionais de saúde nas salas de vacinação dos municípios;
 * Essas informações são encaminhadas à RNDS, onde passam por “diversas validações para garantir sua precisão e integridade”;
 * Finalizado o processo de autenticação, os dados vacinais aparecem em até 72 horas no aplicativo Conecte SUS, onde podem ser conferidos pelo paciente;
 * O Ministério da Saúde também ressaltou que a RNDS realiza auditorias dos dados e permite “correções por parte de gestores estaduais e municipais, caso algum dado seja registrado incorretamente”.

Para comprovar a existência da fraude, Aos Fatos, com respaldo jurídico, negociou há sete meses um registro fraudulento em um perfil verdadeiro do SUS. Os criminosos inseriram uma dose da vacina contra a febre amarela e apagaram o registro real de um imunizante aplicado contra a H1N1.

Depois da publicação da reportagem, o Ministério da Saúde foi procurado para reverter as mudanças no registro. A orientação, no entanto, foi que a pessoa que teve os dados falsificados procurasse a unidade de saúde em que a vacina teria sido aplicada.

O processo dificulta a correção em casos de fraude, já que o registro falso foi feito em um estado diferente daquele onde vive a titular do cartão. Outro problema é que, sem investigação, a pessoa que teve os registros fraudados pode acabar se colocando em perigo e ser novamente alvo de criminosos ao buscar a correção de seus dados - já que, no caso revelado pelo Aos Fatos, o roubo da senha que possibilitou o esquema aconteceu no âmbito da unidade de saúde.

Cartão físico de vacinação enviado pelo fraudador ao Aos Fatos. Nele, consta vacina falsa contra febre amarela acompanhada de carimbo e assinatura do aplicador. O documento está em nome da Clínica da Família Augusto Boal, no RJ []
Cartão. Cartão de vacina carimbado e em nome da Clínica da Família Augusto Boal, no Rio de Janeiro, enviado pelo fraudador (Reprodução)

Certificado internacional de vacinação digital, baixado diretamente do aplicativo ConecteSUS, mostra a vacina falsa inserida, além de com dados do vacinador, laboratório e lote []
Registro oficial. Certificado digital do aplicativo do governo federal mostra que inserção fraudulenta de vacina contra febre amarela foi bem-sucedida (Reprodução)"
48336,true,poligrafo.sapo.pt,PT-PT,true,,0.9665287032551698,0.5116972244636728,0.3260301159735455,14,Ex-militar francês que diz que só assistiu a crimes de guerra perpetrados por ucranianos
7731,Fake.br,sem_url,PT-BR,true,,0.9640588569944134,0.5817524063362691,0.2303886775598124,15,"Você viu? Jacaré apreendido na BR, nova recontagem de foragidos, deputados pedem ajuda a Temer"
12272,FakeWhatsApp.BR_2018,sem_url,PT-BR,true,,0.9639765338620389,0.32417179829588655,0.9655911000780009,259,"VAZOU O DISCURSO DE DESPEDIDA DA DILMA:
 
Prezados brasileiros e venezuelanos:
 
É com tristeza que venho me despedir de vocês. Se por um lado estou triste, pelo outro lado também estou. Na verdade eu estou completamente triste. 

A gente sabe que nada é eterno porque tudo tem um fim, a não ser que dure para sempre.  E se tem alguma coisa que acaba com o meu dia é quando chega a noite. 

O povo brasileiro vive reclamando da vida, mas não vive sem ela. Daqui para frente o futuro para mim não importa. Daqui pra frente o que passou ficou para trás.  Para mim o que importa mesmo é o presente porque é nele que vivemos. 

Fui presidenta deste país e posso dizer que não é só o Brasil que precisa mudar, mas o país inteiro. Para meus rivais eu deixo um aviso: a mão que atira a pedra é a mesma que apedreja. Um senador que não respeita a si próprio não vai saber respeitar ele mesmo.
 
Para finalizar eu só digo uma coisa: é melhor não dizer nada. E digo mais: só digo isso. Para aqui ninguém dizer que eu não disse nada. Existe uma frase que eu costumo aplicar no meu dia-a-dia:  Quando cair levante ! Porque não dá para andar deitado. E tem mais: andar para trás é como andar para frente só que de costas. Vamos em frente, mesmo que lá na frente vocês percebam que o Brasil ficou para trás. Mas aí é tarde demais, porque o futuro já era.
 
DILMA VANA ROUSSEFF"
48019,true,lupa.uol.com.br,PT-BR,true,,0.9637776532535632,0.8148801045878922,0.2699675034029487,16,URGENTE: Adolescente Brasileira de 14 anos da cidade de Cascavel-PR pega grave infecção após fumar maconha
1998,Fake.br,sem_url,PT-BR,fake,,0.0362654909834394,0.2590790179699186,0.3306418235522608,473,"‘O próximo presidente será de centro-direita’, diz cientista político. Para Christian Lohbauer, o vencedor das eleições em 2018 deverá ser Geraldo Alckmin, João Doria ou outro nome com o mesmo perfil que apareça daqui para a frente. Confira a entrevista com uma das maiores autoridades brasileiras quando o assunto é Ciência Política. Como o senhor analisa o atual quadro político no País? O sistema no qual a gente viveu nos últimos 30 anos, que é o modelo político, partidário e eleitoral da Constituição de 1988, faliu. O presidencialismo de coalizão se esgotou. A fragmentação do Congresso é absurda. Isso ficou comprovado já em 2015, quando a então presidente Dilma com a maioria absoluta de mais de 400 parlamentares na base do governo, não conseguia aprovar seus projetos. Com o impeachment, as denúncias, a Lava Jato, tudo isso, a gente está num momento de depuração, no fim de um ciclo político, e não sabe o que virá depois. Ao mesmo tempo, há uma oportunidade histórica de o Brasil dar um salto institucional. É um caminho cheio de riscos, mas, nesse ponto, sou otimista. Embora o caminho vá ser longo, acredito que haverá uma mudança para melhor. As últimas pesquisas para 2018 têm mostrado uma polarização entre o deputado Jair Bolsonaro e Lula. Qual o seu prognóstico para as próximas eleições? Há dois cenários para 2018: com Lula e sem Lula. No cenário com Lula, acredito que ele alcançará 40% no segundo turno e perderá as eleições. O cenário sem Lula é mais fragmentado, parecido com o de 1989. Haverá muitos candidatos, sem muita força. Tanto no primeiro caso quanto no segundo acredito que o próximo presidente vai ser quem ocupar o espaço de centro-direita. Não será ninguém da esquerda: Lula, Marina, Ciro ou alguém do PSOL. Também não será o Bolsonaro do outro lado. Pode ser o Alckmin, o Doria ou alguma figura com esse perfil que apareça e que a gente ainda não sabe quem é. O que o leva a acreditar que um candidato de centro-direita vencerá as eleições? Se você analisar as eleições presidenciais desde 2002, verá que houve um afunilamento constante da diferença entre os dois polos, o PT e o PSDB. Em 2006, a diferença entre Alckmin e Lula foi de quase 20 milhões de votos, o equivalente a 16% dos eleitores. Naquela época, apesar do mensalão, o Lula estava no auge. Nas eleições da Dilma contra o Aécio em 2014, a diferença foi de 3 milhões de votos. A população foi cansando do governo que comandou o País por 14 anos. Então, está desenhado o quadro. O eleitor brasileiro é conservador, religioso, cristão. Quer estabilidade e não revolução. Isso significa retorno do emprego, paz no campo, todas as coisas que a gente se desacostumou de ver no noticiário e que atrapalham a vida do cidadão. Quem vier com"
15716,FakeWhatsApp.BR_2018,sem_url,PT-BR,true,,0.9631396221262774,0.9996802296123874,0.9772429093179661,40,"*MAIS UMA FAKE NEWS do HADDAD DESMACARADA!!!* ..............O safado acusou *General Mourão* de torturar cantor, mas a mentira caiu por terra em poucos minutos!!! ........... *compartilhe com todos os seus contatos!!!* ............. vamos colocar este vídeo em alta no YouTube!!!!"
13389,FakeWhatsApp.BR_2018,sem_url,PT-BR,true,,0.9629910128009146,0.8397417133798863,0.23248682486069816,192,"🍩 Moradores do 4o andar. Essa é ótima!!!👍👏👏
 
Um prédio de 4 andares foi totalmente destruído pelo fogo; um incêndio terrível.
 
Todas as pessoas das 10 famílias de Sem-teto, que haviam invadido o 1o andar, filhos de presidiários que ganham salário de R$ 935,00, faleceram no incêndio.
 
No 2o andar, todos os componentes das 12 famílias de retirantes, que viviam dos proventos da ""Bolsa Família"", também não escaparam.
 
O 3o andar era ocupado por 4 famílias de ex-guerrilheiros, todos beneficiários de ações bem sucedidas contra o Governo, filiados a um partido político influente, com altos cargos em estatais e empresas governamentais, que também faleceram.
 
No 4o andar viviam músicos, engenheiros, médicos, enfermeiros, psicólogos,  advogados, professores, empresários, bancários, vendedores, comerciantes, policiais, e trabalhadores com suas famílias. Todos escaparam.

Imediatamente o ""Presidente da Nação"" indignado e toda a sua assessoria mandou instalar um inquérito para que o ""Chefe do Corpo de Bombeiros"" explicasse a morte dos ""queridos companheiros"" e por que somente os moradores, do 4o andar haviam escapado.
 
O Chefe dos Bombeiros prontamente respondeu:
 
- ""Todos tinham saído para trabalhar.""




Essa é top!
Tem que repassar.
 👏👍👊🙏
Bora trabalhar nós somos do quarto andar !!!!
😀😀😀😀"
16228,FakeWhatsApp.BR_2018,sem_url,PT-BR,true,,0.9628819004228348,0.4971721315119103,0.18361243759584933,18,"Alguns bombeiros que combatiam o incêndio no museu, inalaram fumaça de osso de dinossauros e estão sofrendo reações"
10603,LLM4BR_300,cnnbrasil.com.br,PT-BR,fake,,0.0372879020029071,0.37408080813169786,0.2923578292671636,822,"Uma estratégia recorrente dos apoiadores de Bolsonaro é tentar transformar um fato em uma piada para, assim, desviar a atenção do que realmente aconteceu. Ao tachar uma notícia desfavorável ao ex-presidente como “absurda” — ou ao criar memes para ridicularizar as manchetes —, eles fazem com que outros usuários acreditem que assuntos sérios não têm relevância.

Essa estratégia tem sido usada ao longo dos últimos dias para esconder a gravidade de uma infração ambiental cometida por Bolsonaro no ano passado.

Em novembro de 2023, foi noticiado que a PF abriu um inquérito para apurar se o ex-presidente importunou uma baleia jubarte [] enquanto andava de moto aquática em São Sebastião (SP). Um vídeo, segundo o MPF, mostrava Bolsonaro com o veículo ligado a cerca de 15 metros do animal. Em depoimento, o ex-presidente confirmou que era ele no vídeo [], mas negou que tenha importunado a baleia.



Já nessa época, apoiadores do ex-presidente começaram a ironizar a PF para dar a entender que o inquérito seria uma perseguição injusta.

Trecho de programa da JP News circula no TikTok junto de legenda que diz que importunação de baleia seria uma tentativa de incriminar Bolsonaro por qualquer coisa []
'Só o que faltava.' Exemplo de publicação que tratava infração ambiental como um motivo qualquer para incriminar Bolsonaro (Reprodução/TikTok)



No mês passado, a PF concluiu o inquérito e não indiciou Bolsonaro []. O Ministério Público de São Paulo, responsável pelo inquérito, ainda não se manifestou.

Porém, de maneira paralela, o Ibama (Instituto Brasileiro do Meio Ambiente e dos Recursos Naturais Renováveis) multou Bolsonaro em R$ 2.500 pela infração de “molestar de forma intencional espécime de cetáceo em águas jurisdicionais brasileiras”. Pela legislação brasileira, o Ibama é encarregado da responsabilização administrativa do dano ambiental e, por isso, tem competência para fiscalizar e aplicar multas por infrações ambientais.

Tuíte de Bolsonaro mostra auto de infração com multa de R$ 2.500 []
'Perseguição.' Bolsonaro diz que Ibama o multou mesmo que a PF tenha concluído que não houve molestamento, mas órgão ambiental tem atuação independente (Reprodução/X)



Aí, os bolsonaristas caíram matando: “Absurdo, até quando essa perseguição?”, “que inferno burocrático ridículo”, “estão chamando a Michelle de baleia” e “já já tem baleia acusando o Elon Musk” são alguns dos comentários sobre o caso.

Card diz ‘Bolsonaro entrou para história mundial como o único presidente q assediou sozinho simplesmente uma baleia kkkkk oloco, Bolsonaro’ []
'Oloco, Bolsonaro.' Publicações passaram a distorcer o significado de ‘molestar’ para fazer piada (Reprodução/X)



As piadas e os comentários irônicos fazem sugestões enganosas e até são acompanhadas de argumentos falsos sobre a história:

 1. A de que a infração seria uma “perseguição” a Bolsonaro, uma maneira que a Justiça encontrou de “pegar no pé” do ex-presidente;
 2. E a de que o caso seria uma “bobagem”.

Andar de jet-ski ou outra embarcação perto de uma baleia é proibido por lei desde 1987 []. Segundo o Ibama, considera-se “molestamento” []:

 * Aproximar-se de qualquer espécie de baleia com motor ligado a menos de 100 metros de distância;
 * Perseguir a baleia;
 * Interromper o curso ou deslocamento da baleia;
 * Produzir ruídos excessivos a menos de 300 metros de qualquer baleia;
 * Despejar detritos a menos de 500 metros de qualquer baleia.

Apesar de a infração parecer incomum, Bolsonaro não foi o único a ser multado por dirigir veículo motorizado perto de uma baleia ou animal semelhante. Nos últimos cinco anos, a base de autuações ambientais do Ibama [] registra cinco infrações pelo mesmo motivo: duas em 2023, uma em 2021 e duas em 2020.

Tratar o molestamento de uma baleia jubarte como algo “bobo” é ignorar que ações do tipo colocam em risco uma espécie que já esteve sob alerta de extinção []. Em nota enviada ao Aos Fatos, o Ibama explicou que se aproximar dos animais com veículos motorizados pode afetar sua migração.

> “A aproximação e o molestamento das baleias alteram seu comportamento, que na costa brasileira são de reprodução e berçário, podendo colocar em risco não só indivíduos, mas como toda recuperação populacional da espécie. O Ibama é o responsável pela responsabilização administrativa do dano ambiental, com aplicação de multa, que é uma apuração técnica e qualificada e totalmente independente da apuração criminal” — Ibama, em nota.

Eduardo Camargo, diretor do Instituto Baleia Jubarte, acrescenta ainda que a legislação existe não só para garantir a segurança dos animais, mas também dos humanos: “Um encontro com uma baleia, uma colisão de embarcação com uma baleia também pode ser muito perigoso, e por isso existe essa distância limite”.

Leis ambientais existem para proteger a fauna e a flora, e as multas servem como alerta para que o indivíduo não volte a cometer infrações. Essa, no entanto, não é a primeira vez de Bolsonaro: em 2012 [], ele também foi multado por pescar em local proibido em Angra dos Reis (RJ). Apesar de suas insistentes negativas, há fotos que comprovam a pescaria na estação ecológica."
47220,true,lupa.uol.com.br,PT-BR,true,,0.9626834091319416,0.815808949491093,0.23769924552665622,46,"“Mesmo em um estudo clínico em geral, quando você tem o recrutamento das pessoas que vai fazer o estudo, aquelas pessoas com maior risco de ter complicação são excluídas. Então na prática você só consegue ter o teste real quando ele é usado em larga escala.”"
1196,COVID19.BR,sem_url,PT-BR,true,,0.9623789494133812,0.93894280097402,0.2590013850906747,262,"Bolsonaro tá desesperado vendo seu governo ir ralo abaixo. Ele não tá preocupado com o desemprego. Tá preocupado com o projeto neoliberal que ele prometeu aos bilionários nesse país e que tá se afundando por conta do COVID-19. Sem classe trabalhadora não há enriquecimento dos ricos. Sem exploração de mão de obra os ricos perdem seus privilégios. Ele tá vendo o seu projeto de extermínio do SUS sendo questionado agora que uma pandemia exige fortalecimento do Sistema Único de Saúde, universal. É momento de tomada de consciência da realidade!

Romantizaram o trabalhador autônomo o chamando de micro-empreendedor, e hoje este está desesperado sem estabilidade financeira e sem poder sair de casa. Defenderam a flexibilidade trabalhista, as contratações temporárias, o fim da carteira de trabalho e agora o COVID-19 colocou o seu governo em cheque. Defenderam recursos mínimos e fim de políticas públicas. Aceitaram congelar investimentos na área da saúde e educação em 20 anos. Desrespeitaram universitários e cientistas. Aceitaram a destruição das universidades públicas, verdadeiros centros de pesquisas. Tudo isso sendo posto em cheque.

O ""líder"" que voltou de outro país se recusou a fazer quarentena, e pegou na mão de dezenas de manifestantes. Agora tá tossindo e prometendo pesquisas infundadas para tratamento com medicações sem respaldo científico. Tá brigando com governadores e países que estão adotando medidas de isolamento para proteger a população, por priorizar a economia. Economia de quem? Economia para quem? 

Bolsonaro acabou. Só resta o desespero de um pseudolíder que tá sendo pressionado por uma elite escravista que prioriza o lucro, independentemente da morte de milhares de pessoas!"
1058,COVID19.BR,sem_url,PT-BR,true,,0.9609405331514252,0.5814151646404893,0.3362367960048198,52,"Pesquisadores descobrem que pessoas que receberam a *vacina BCG* (contra tuberculose) têm menor morbidade e mortalidade se infectadas pelo novo coronavírus.

Esta é uma *boa notícia* para o Brasil, onde há muitos anos a BCG faz parte do programa de vacinação infantil.

O texto original do estudo norte-americano encontra-se no endereço abaixo:"
12872,FakeWhatsApp.BR_2018,sem_url,PT-BR,true,,0.960917215736512,0.6761568231844677,0.25983976921372676,93,"Mestre em Ciência da Computação pela Usp,professor, engenheiro, preside o conselho multidisciplinar independente de cientistas da computação o Cmind no Brasil a 20 anos e um dos principais criptógrafos no mundo Amilcar Brunazo te explica aqui por que é impossível auditar a Urna Eletrônica, no Brasil, os crimes do TSE QUE TORNOU o modelo de eleição e apuração no Brasil  ILEGAL E INCONSTITUCIONAe ILEGITIMA o professor denuncia a 20 anos isto foi gravado em audiência publica na Câmara Federal em 12 de Julho de 2018 "" A importancia do registro Físico do Voto'"
11034,FakeWhatsApp.BR_2018,sem_url,PT-BR,true,,0.96086817557603,0.9687759389305363,0.5233316130156866,13,"Cantor José Augusto declara seu voto em um show em Salvador, em 14/09/18."
14871,FakeWhatsApp.BR_2018,sem_url,PT-BR,true,,0.9607747353585226,0.9805009562867214,0.20574499974299276,52,Capa do Jornal O Globo de hoje: Bolsonaro e Hadadd lado a lado. Vejam o detalhe maquiavélico....por trás do Bolsonaro uma caveira...representa a morte...o medo....a escuridão...por trás do Hadadd nossa gloriosa bandeira...representa o amor à Pátria....o civismo....culto aos valores morais.....para os entendidos em semiótica e análise do discurso......tudo subliminar...imprensa canalha e tendensiosa...
48140,true,politica.estadao.com.br,PT-BR,true,,0.9599047447990264,0.7963805028416038,0.34830877212501643,7,Agricultou escreveu nome de Bolsonaro em plantação
4145,Fake.br,sem_url,PT-BR,true,,0.9591995022665812,0.6002241934879325,0.23327166191850512,603,"Neurocientista que estuda psicopatas descobre que ele mesmo tem o distúrbio. James Fallon concedeu entrevista exclusiva ao 'Aliás'. Mindhunter , a mais nova série da Netflix, que começou em outubro e já vai para a segunda temporada, devido ao grande sucesso, traz uma abordagem original sobre o comportamento dos serial killers. O neurocientista norte-americano James Fallon, um dos maiores especialistas na área, conversou com o Estado sobre mitos e verdades que cercam o mundo da psicopatia e como ele reagiu a chocante descoberta de ser ele mesmo um psicopata. A série Mindhunter , criada por Joe Penhall, marca a volta do cineasta David Fincher ( Seven ) à plataforma de streaming Netflix depois do sucesso de House of Cards . Inspirada em livro homônimo escrito por John E. Douglas e Mark Olshaker (Ed. Intrínseca R$ 39,90), conta a história real do nascimento da psicologia criminal nos Estados Unidos na década de 70 e é protagonizada por dois agentes do FBI, Holden Ford e Bill Tench, que se unem a uma cientista, Wendy Carr – baseada na psicóloga e socióloga Ann Wolbert Burgess. Desafiando a burocracia da agência, os dois agentes convencem seus superiores que tipos diferentes de crimes estavam ocorrendo. Eram crimes, aparentemente, sem causa específica, marcados por violência gratuita, perversão sexual e com uma estranha reincidência de padrão. Nascia, então, ainda que de maneira precária, a Unidade de Ciência Comportamental do FBI. Os agentes Ford e Tench, por sua vez, e ao contrário de seus superiores, acreditavam que a psicologia poderia ser a chave para entender esses crimes que desafiavam a racionalidade vigente. A partir dessa crença, eles começam a visitar presídios com o propósito de entrevistar esse tipo de assassinos. A empreitada se mostra bem-sucedida e os agentes começam a desvendar, paralelamente, alguns crimes em andamento, graças ao conhecimento obtido nas entrevistas. E, assim, foi estabelecido o conceito de ‘serial killer’, um tipo homicida que mata com frequência e segue um modus operandi próprio, como uma espécie de ‘assinatura’. No entanto, a grande questão do seriado e, também, da maioria dos filmes e livros sobre assassinos em série, é o fato da constante existência de um agente que cria fortes laços afetivos com os assassinos, conseguindo até, estranhamente, entender a lógica perversa por trás dos crimes. Em Mindhunter, esse papel fica por conta do agente Holden Ford, que, assim como os agentes Will Graham (Dragão Vermelho) e Clarice Starling (Silêncio dos Inocentes e Hannibal), da tetralogia Hannibal, de Thomas Harris, ao investigar assassinos psicopatas, acaba se envolvendo com eles de uma maneira atípica, criando uma tensão sutil no espectador, que, inevitavelmente, se pergunta: seriam esses personagens também psicopatas, no entanto úteis à sociedade? A resposta pode ser ‘sim’. O neurocientista James Fallon, professor emérito da Universidade da Califórnia, descobriu, acidentalmente, enquanto pesquisava neuroimagens de famosos assassinos seriais, em meio a sua pesquisa sobre esquizofrenia e o mal de Alzheimer, em 2006, que a neuroimagem de uma das pessoas do grupo de controle, considerada normal, batia com o padrão encontrado em psicopatas. A neuroimagem em questão era a do cérebro do próprio Fallon. Ao contar de forma descontraída para sua mãe sobre o ocorrido, ela não ficou surpresa. De fato, Fallon, quando criança, começou a apresentar um comportamento que chamou a atenção dos pais, que o orientaram da melhor forma possível. Se não bastasse, descobriu, também por sua mãe, da existência de pelo menos sete casos registrados de assassinos, todos da linhagem paterna, incluindo um ascendente de Fallon, que cometeu o primeiro matricídio na América colonial (1673) em Rhode Island, documentado no livro Killed Stangelly: The Death of Rebecca Cornell, de Elaine"
48368,true,poligrafo.sapo.pt,PT-PT,true,,0.9577592406240052,0.8940985476791373,0.4431244190470176,16,Mário Nogueira disse que ia deixar de ser sindicalista e começar a dar aulas em 2022
845,COVID19.BR,sem_url,PT-BR,true,,0.9575286807844444,0.9425913019099788,0.3014610093722948,99,"ATENÇÃO É GOLPE
COMPARTILHEM AO MÁXIMO
É #FAKE mensagem que fala em cadastro para receber de R$ 600 a R$ 1.200 de auxílio emergencial por causa do coronavírus
Texto que circula em redes sociais coloca link para que a pessoa clique e fique vulnerável ao golpes.
O link abaixo da mensagem pode fazer com que as pessoas caiam em golpes.
O Ministério da Economia diz que a medida anunciada precisa passar pela aprovação do Senado, para então serem viabilizados os processos de transferência de recursos.
Fiquem atentos!!!
CONSULTE AGORA: LINK QUE DÁ ACESSO AO GOLPE
*https: //  / FaçaSuaConsulta*"
47592,true,lupa.uol.com.br,PT-BR,true,,0.9574021756628348,0.9318932720949932,0.36211341297357613,107,"“A vacina da Pfizer, que temos ouvido falar mais, e da Moderna, usa outra estratégia. Esse coronavírus — ele é chamado corona porque tem uma ‘coroa’ — dentro dele tem o seu material genético, um RNA. A vacina Pfizer e da Moderna pegaram esse RNA e puseram esse RNA como se fosse dentro de uma gota de gordura. A gente chama de um lipossomo, dentro de um envelope. E isso é injetado dentro da gente. Aqui, na superfície desse envelope, como se fosse uma bolha de gordura. Lá dentro tem o material genético do vírus, [que] entra na nossa célula, produz anticorpo e produz [resposta das] células”"
47379,true,lupa.uol.com.br,PT-BR,true,,0.9565811193366626,0.9609927988476513,0.3555199310357544,11,“[Bolsonaro] comemorou a suspensão das pesquisas de vacinas contra a Covid”
13833,FakeWhatsApp.BR_2018,sem_url,PT-BR,fake,,0.0436052051464602,0.0033834365447830144,0.3304788361032178,9,*FACÇÕES CRIMINOSAS AMEAÇAM ESTADO DEMOCRÁTICO DE DIREITO NO CEARÁ*
14352,FakeWhatsApp.BR_2018,sem_url,PT-BR,true,,0.9563795682623336,0.9480034126367227,0.19396266071762835,52,"Filipe G. Martins
@filgmartin
O partido da vice de Haddad se chama literalmente Partido COMUNISTA do Brasil; o PT fundou uma organização que tem por objetivo ""resgatar na América Latina o que foi perdido no Leste Europeu"", ambos idolatram o regime cubano, mas inteligente mesmo é ver fascismo nas tias do Zap"
13505,FakeWhatsApp.BR_2018,sem_url,PT-BR,true,,0.9563570157359256,0.832472429750355,0.22291685959475682,25,Desenhos e escritas continuam aparecendo em plantações pelo Brasil afora. Cientistas dizem que são seres mais evoluídos que estão querendo dar algum recado para nós.
1278,COVID19.BR,sem_url,PT-BR,true,,0.9559290270071612,0.5493808193507856,0.3136783620833803,33,"O cientista britânico vencedor do prêmio Nobel de química em 2013, Michael Levitt, afirma que a pandemia de coronavírus não apresenta risco para a maioria das pessoas e que elas são naturalmente imunes."
48201,true,poligrafo.sapo.pt,PT-PT,true,,0.954308895582017,0.5998326840741722,0.3582974444838658,16,"Bolsonaro recuperou lema de Salazar, ""Deus, Pátria e Família"", em discurso sobre coração de D. Pedro"
1381,COVID19.BR,sem_url,PT-BR,true,,0.9534099389082392,0.2980463238961013,0.262485552155556,62,"Certíssimo, somente quando pelo menos 70% da população for contaminada é que a curva de contaminação começa a cair, pq a probabilidade de vc se contaminar novamente após a recuperação da primeira é aproximadamente de 20%, e ai vc fica praticamente imune, pq os leucócitos(glóbulos brancos) já saberão se defender e combater com mais eficacia da segunda vez.(Mesmo processo de uma vacina)"
48069,true,lupa.uol.com.br,PT-BR,true,,0.9527860920305536,0.9799940441899121,0.3709570435481556,24,Eu nunca apresentei projeto de lei para obrigar adolescente a mudar de sexo. Apresentei uma lei de identidade de gênero baseada na lei argentina
47382,true,lupa.uol.com.br,PT-BR,true,,0.9522846279771257,0.9953636473018177,0.33707712962352665,5,Favreto trabalhou com Tarso Genro
13739,FakeWhatsApp.BR_2018,sem_url,PT-BR,true,,0.9510061322665752,0.9919424646826474,0.2725874739256292,90,"*URGENTE!* *07/Setembro*
Patriotas, intervencionistas, bolsonarianos, cristãos e povo do bem, esquecam eleição, esquecam tudo! 😯
A esquerda está  articulando um golpe antes das eleições. 
É URGENTE POVO DO BEM!!!
*Vamos comparecer neste desfile de 7 de setembro.* 
Levem seus parentes, vizinhos, amigos etc.
Precisamos apoiar as Forças Armadas ou caos vermelho se instalará permanentemente em nossas vidas. 😓 

Precisamos lotar o desfile de 7 de setembro para evitar o pior. 
Socorro povo do bem!
É hora de ação! 🙏
Então vamos agir!
🇧🇷🤝🇧🇷🤝🇧🇷🤝🇧🇷🤝

Ouça o pronunciamento da Célia Regina do canal Front Brasil Oficial"
47235,true,lupa.uol.com.br,PT-BR,true,,0.9505867179106136,0.9427001099557177,0.7695752115483503,8,O Pastor Everaldo é investigado na Lava Jato
11984,FakeWhatsApp.BR_2018,sem_url,PT-BR,true,,0.9492424326969668,0.6335048971704714,0.34195159108569584,54,"BOLSONARO 60,6 x 39,4 HADDAD 


SÃO PAULO: BOLSONARO 68,4% x 31,6%


PESSOAL: VAMOS ESPALHAR ESTAS DUAS PESQUISAS RECENTES, de 25 e 26 de outubro. É importantíssimo. Não deixem os mentirosos Datafolha e Ibope darem o tom desta eleição, pois tudo que querem é pintar um quadro de proximidade e permitir a fraude do PT."
47428,true,lupa.uol.com.br,PT-BR,true,,0.9490937112102804,0.9908694291183364,0.4263438426421561,9,As pessoas dão sinais quando pensam em cometer suicídio
15475,FakeWhatsApp.BR_2018,sem_url,PT-BR,true,,0.94900364090043,0.9548813321931655,0.363353878232346,49,"CHEGA DE NOS ENGANAREM!!!! 🌹🌷

As Mulheres de bem do Brasil já decidiram: 

É BOLSONARO
 🇧🇷1⃣7⃣🇧🇷

*ASSISTAM ESSE VÍDEO PRA SABEREM O QUE AS MULHERES DO SERTÃO NORDESTINO. DAQUI DA REGIÃO DO VALE DO SÃO FRANCISCO(TRANSPOSIÇÃO)*
*MULHERES INTELIGENTES Q SABEM O QUE ESTÃO PASSANDO E QUEM DE FATO IRÁ DAr-LHES PROTEÇÃO*"
1640,COVID19.BR,sem_url,PT-BR,true,,0.9487351701180596,0.8117047747744707,0.19496811817009707,125,"O Governador de Rondônia, Coronel Marcos Rocha e o Chefe da Casa Civil, Júnior Gonçalves, insistem em perdoar a dívida de R$ 1 bilhão de reais da Energisa.

Por que será que eles insistem no perdão da dívida?
Pois a Energisa não pedoa a dívida dos trabalhadores

O Jornal Eletrônico Portal de Rondônia entrou em contato com o Governador, através de sua assessoria de comunicação, que nos respondeu dizendo que perdoar a dívida da energisa irá resultar em investimentos na saúde.

Entramos em contato com Júnior Gonçalves, através de sua assessoria de comunicação, mas não respondeu qual benefício o perdão da dívida irá trazer para os rondonienses.

🔰 Veja na íntegra o projeto de lei proposto pelo Governador para conceder o perdão:



__
Siga nosso instagram:"
361,COVID19.BR,sem_url,PT-BR,true,,0.9468835855131856,0.9469840248602284,0.19943238039672084,94,"O governador Witzel exonerou  nessa sexta (03/abril), a subsectretaria de saúde Dra. Mariana Tomasi, porque ela não concordou com a contratação da empresa O.S. OZZ Saúde Eireli para gestionar a SAMU.  Esse serviço era feito pelo Corpo de Bombeiros à custo zero e com excelente qualidade. O Gov. Witzel se aproveita da decretação de estado de emergência, para contratar sem licitação pelo valor de R$ 76.5 MILHÕES. Ela não concordou e foi demitida. Começaram os grandes roubos novamente contra o sofrido Estado do RJ. Este virus chinês já beneficia os corruptos até agora reprimidos."
12397,FakeWhatsApp.BR_2018,sem_url,PT-BR,true,,0.9450336661399372,0.6760476023242405,0.689159999993688,10,Urnas eletrônicas estão programadas para o horário de verão #boato
47655,true,lupa.uol.com.br,PT-BR,true,,0.9445115293946152,0.3818354027998302,0.292048709634923,22,“Cerveja pode retardar o envelhecimento. Estudo israelense mostra efeitos positivos das leveduras nas células; pesquisa revela também que café teria efeito contrário.”
11624,FakeWhatsApp.BR_2018,sem_url,PT-BR,fake,,0.0566009461253163,0.04228971551868923,0.3623680487352686,19,Vamos votar no Bolsonaro lá turma ele tá perdendo vamos compartilhar nos grupos e pedir pra todos votarem lá 👍👍
14519,FakeWhatsApp.BR_2018,sem_url,PT-BR,true,,0.942994725127743,0.6644382556436302,0.2421692988792965,198,"Quando a porta fecha, o Brasil sai. 

Diante das câmaras alguns dos representantes dos nossos três poderes e membros do setor privado, colocam o Brasil acima de tudo, mas a porta fechada, o Brasil sempre tem sido tratado com desdém por eles. O executivo, vende medidas provisórias contrárias ao interesse nacional, para garantir um extra. O legislativo, aprova leis para legalizar ações que prejudicam o país e enriquecem seus membros.  E o judiciário, que tem a função de corrigir as anormalidades, parece tão anormal quanto os outros poderes, tendo até  juízes se apropriando dos bens roubados pelos réus. 

Estas são situações recorrentes encontradas atualmente dentro das nossas principais instituições, que exigem respeito, mas não agem como merecedoras dele. Neste contexto, como esperar ordem e progresso? Angustiado, o povo brasileiro sofre as consequências nefastas de um cenário de total descompromisso com o Brasil. Que Deus, ilumine a todos que acordam todos os dias e contribuem com o Brasil, para que juntos encontrem uma solução democrática para reenquadrar todos aqueles que a cada dia só pensam em delapidar o nosso país em benefício próprio, dos seus e de seus comparsas do setor privado. Todos, que têm, amam o foro privilegiado."
11423,FakeWhatsApp.BR_2018,sem_url,PT-BR,true,,0.9420449647183888,0.022833766288215113,0.3624004488523931,10,Luciano Hang quer R$ 1 milhão de indenização de Gleisi
47200,true,lupa.uol.com.br,PT-BR,true,,0.942008737182438,0.6060406577879984,0.32621541093068807,11,Pintas ou sinais em crescimento são indícios do câncer de pele
14942,FakeWhatsApp.BR_2018,sem_url,PT-BR,true,,0.941834374414923,0.9780494583104137,0.3174075565042358,13,Além de um vasto relatório também que comprova que a urna é inalditável
48225,true,poligrafo.sapo.pt,PT-PT,true,,0.9408948860799516,0.43466850345418345,0.33380394823583037,11,Fotografias mostram vacas bravas submersas no mar em praia da Lourinhã.
15673,FakeWhatsApp.BR_2018,sem_url,PT-BR,fake,,0.0623223891720515,0.01795708968782165,0.4991992411290096,21,"Já fui excluído do Facebook e bloqueado no WhatsApp...
Isso é um sinal que tô fazendo bem a campanha do Capitão!!
🙏🏻❤🇧🇷🇮🇱1⃣7⃣
💪🏻😎😎👉🏻👉🏻"
49426,true,poligrafo.sapo.pt,PT-PT,true,,0.9374609680782164,0.7621632343854284,0.3087586365318167,15,É possível testar negativo à Covid-19 num dia e provocar um surto no dia seguinte?
13705,FakeWhatsApp.BR_2018,sem_url,PT-BR,true,,0.9371841869186012,0.4025560548586171,0.24570121263627787,450,"[21h02 01/08/2018] Rollemberg: *O DOIDO NO PSIQUIATRA*

*Um paciente diz ao psiquiatra:*
*- Toda vez que estou na cama, acho que tem alguém embaixo. Aí eu vou embaixo da cama e acho que tem alguém em cima...* *Pra baixo, pra cima, pra baixo, pra cima... Estou ficando maluco!*
*- Deixe-me tratar de você durante dois anos. Venha três vezes por semana e eu curo este problema - diz o psiquiatra.*
*- E quanto o senhor cobra? - pergunta o paciente.*
*- R$ 350,00 por sessão - responde o psiquiatra.*
*- Bem, eu vou pensar - conclui o sujeito.*
*Passados seis meses eles se encontram na rua.*
*- Por que você não me procurou mais? - pergunta o psiquiatra.*
*- A R$ 350,00 a sessão, 3 vezes por semana, 2 anos = R$ 109.200,00. Ia ficar caro demais.* *Aí um sujeito me curou por 10 reais.*
*- Ah é? Como? - pergunta o psiquiatra.*
*- Por 10 reais ele cortou os pés da cama!*
*Reflexão:*
*Muitas vezes o problema é sério, mas a solução pode ser muito simples.* *Há uma grande diferença entre foco no problema e foco na solução.* *Concentre-se na solução ao invés de ficar pensando no problema!*

*Boraaaaa ser feliz e cortar os pés da cama...*😌😏


🇧🇷🇧🇷🇧🇷🇧🇷🇧🇷🇧🇷🇧🇷🇧🇷

Rollemberg, obrigado por fazer parte do nosso grupo e ainda por trazer mensagens boas como essa, que logo hoje você não poderia ter feito melhor.

Hoje foi o dia dos meus 63 anos e essa mensagem caiu como um presente de algo necessário que estava me faltando.

Essa reflexão dessa mensagem é justamente o que estou tentando explicar pra o pessoal dos nossos grupos e precisamos explicar isso pra todo o povo brasileiro.

É o caso da correção governamental que precisamos fazer, que é uma problema exatamente igual a esse relatado nessa mensagem sua. É um problema sério de solução muito simples e o povo fica ocupado só em discutir o problema e não procuram articular solução, quando vai em busca da solução fazem justamente o que não resolve, que é justamente o que o próprio sistema ensinou a fazer que pra nunca ter solução.

Resolver o problema do nosso país é muito mais fácil de que tudo que já foi feito nesse sentido, que inclusive em termos de custo tem a mesma semelhança relatada na reflexão da sua mensagem.

Pra se ter uma ideia vamos ter uma mão de obra bem menor de que aquela aplicada no impeachment da Dilma e tantas outras ações que podemos usar como comparativo.

Muito obrigado por sua mensagem e eu conto com você e todos os demais em busca dessa solução.


*MISP*
*Movimento de Interferência Social e Política.*

José Luiz de Sousa
Zé do Choque"
12498,FakeWhatsApp.BR_2018,sem_url,PT-BR,true,,0.9371296266909545,0.9483119056977026,0.9772173655099509,323,"Bom dia grupo!🇧🇷
*Essa é a resposta da Juíza Daniele Moura, da EMERJ,  ao Ministro Toffoli:*👇
“Não Toffoli, é você e seus colegas do STF que constituem a maior ameaça à nossa democracia. Foi você quem votou pela libertação de José Dirceu, já condenado em 2a instância, contrariando a lei e a jurisprudência emanada pelo próprio pleno do STF. Foi seu colega Lewandowsky quem atropelou a Constituição e manteve os direitos políticos de Dilma Roussef no final do processo de impeachment. Foi seu colega Lewandowsky quem fez de tudo para dar ao presidiário Lula a oportunidade de conceder uma entrevista à mídia em pleno processo de campanha eleitoral, interferindo diretamente no processo. Foram seus colegas da 2a turma que tentaram de todas as formas revisar a jurisprudência da execução da pena a partir da 2a instância, tão somente para proteger criminosos poderosos. Foram seus colegas que decidiram não implantar o voto impresso, em decisão que contraria uma lei aprovada pelo Congresso Nacional e devidamente sancionada. Seu colega Gilmar Mendes se transformou na persona mais detestada do país, após ter se transformado em uma espécie de libertador geral da nação. Foram vocês que ao invés de reforçarem o papel legítimo de corte constitucional do STF, o transformaram em uma leniente vara penal vip para ricos e poderosos. Você e seus colegas frequentemente atuam como legisladores, assumindo ilegalmente uma função que segundo a Constituição é exclusiva do poder legislativo. Vocês atuam não como magistrados, mas como uma bancada legislativa a serviço daqueles que os indicaram para tão alto posto, subvertendo por completo a função e a essência legítima desta corte. Vocês se constituem em um grave problema. A nova legislatura terá que, dentro do processo legislativo constitucional existente, encontrar formas legais e legítimas para reformar profundamente esta corte, suas funções e mesmo a totalidade dos seus membros. Vocês é que são a ameaça à democracia que precisa ser anulada pelas instituições democráticas do estado brasileiro."
48914,true,poligrafo.sapo.pt,PT-PT,true,,0.9364015496223844,0.9360442455861301,0.3726146873549996,8,Não mudar a hora é recomendado pela ciência?
15073,FakeWhatsApp.BR_2018,sem_url,PT-BR,true,,0.9354582908546072,0.8700956756716229,0.37287963887532594,78,ESSE É UM PAÍS QUE TODOS OS MARGINAIS MANDAM NA JUSTIÇA SÓ QUEM É RUIN SÃO AS PESSOAS DE BEM MAS QUANDO NÓSSO MESSIAS BOLSONARO E HAMILTON MOURÃO NOSSO VICE PRESIDENTE FOREM ELEITO ESSE PAÍS SERÁ LIVRE SÓ PARA AS PESSOAS DE BEM QUEM FOR BANDIDOS VÃO SE FERRAR POR QUE TODA A NAÇÃO BRASILEIRA VAI ESTAR APOIANDO MOURÃO E BOLSONARO SE DEUS QUISER ELES SERÃO ELEITOS NO PRIMEIRO TURNO SE DEUS QUISER DEUS É PAI E FILHO
46303,COVID19.BR_raw,sem_url,PT-BR,true,Falso,0.935178064159386,0.972889510919081,0.5631463226822538,3,CORONAVIRUS ESTÁ MATANDO
11475,FakeWhatsApp.BR_2018,sem_url,PT-BR,fake,,0.0651221796600941,0.23150633416927016,0.4363632500091974,168,"*Ato cívico patriota em apoio aos valores militares* 🇧🇷

O evento acontecerá no dia 2⃣7⃣ de outubro, *neste sábado*, às 10h, na praça do Exército, na LO 19 (ao lado da Vila Militar, sentido praia do Prata).

Hugo Rezende, coordenador da página Direita Independente, afirma que estamos vivendo um processo de inversão de valores e enfraquecimento do Estado Democrático devido à ações constantes do marxismo cultural _. “Percebemos ações sistemáticas para relativizar, enfraquecer e até mesmo destruir instituições básicas da nossa sociedade como: família, direito de propriedade, respeito aos contratos, livre mercado, respeito à religião, força militar. Com efeito, buscamos resgatar os valores superiores como Pátria, Soberania, Ética”, conclui Rezende._  🖐

Será um evento aberto a toda comunidade voltado para a valorização da pátria, da soberania, dos militares, da Família, da ética, da ordem e do progresso, com a participação de oficiais R/2 das Forças Armadas, praças da reserva, familiares de militares e de agentes de segurança, participantes dos grupos de direita e sociedade civil.

Confira a página referência do evento:"
1465,COVID19.BR,sem_url,PT-BR,true,,0.933996656641882,0.7318400442103862,0.447361083758141,18,"Do desenvolvimento da vacina, n dos testes. Previsão de inicio dos testes em humanos em 1 de junho."
47393,true,lupa.uol.com.br,PT-BR,true,,0.9332587341206038,0.9446406380582931,0.32653501047539235,9,Demora horas para o álcool sair completamente do organismo
48116,true,lupa.uol.com.br,PT-BR,true,,0.933182151913638,0.3173658731792967,0.2951848031850741,26,"A Agência Federal da Concorrência Alemã condenou a empresa de água de Berlim a reduzir os seus preços em 18%, considerando abusivo o aumento de tarifas"
1120,COVID19.BR,sem_url,PT-BR,true,,0.9329011968948436,0.9485990855287848,0.3422831162299069,13,"Isto explicaria a cloroquina estar funcionando, pois também tem uma pequena função anticoagulante"
1052,COVID19.BR,sem_url,PT-BR,true,,0.932834584751542,0.8534605026529488,0.5566284233132931,124,"O documento coloca o Brasil como “Exemplo 1” no quadro “Melhores Práticas em Lidar com a Covid-19”: são mencionadas as políticas de redução tarifária, facilitação de comércio e agilização alfandegária.

---

👆Curioso isto!

Enquanto a esquerda, no Brasil, quer usar o coronavírus para derrubar o Governo Bolsonaro, o Banco Mundial destaca as ações do Governo Bolsonaro como Exemplo Número UM de *boas práticas econômicas para salvaguardar emprego e renda, dentro da pandemia de coronavírus*.

A esquerda brasileira sofre de esquizofrenia grave!

O Brasil tem *3 vezes MENOS mortes do que a Itália, nos mesmos estágios da pandemia*, e é citado como CASO DE SUCESSO nas soluções em economia pelo Banco Mundial. Mesmo assim, os esquizofrênicos, querem o impeachment do Bolsonaro.

Vai entender esta gente!"
49683,true,poligrafo.sapo.pt,PT-PT,true,,0.9328305543928812,0.9843955056295299,0.3290041730624169,11,"Papa Francisco sugeriu ""vender bens da Igreja"" para ""ajudar os pobres""?"
51204,MuMiN-PT,sem_url,PT-BR,true,,0.9318926484262198,0.868057904134159,0.26037471952672075,13,"“A infecção [Covid-19] em crianças em idade escolar é baixíssima, é muito pequena”"
156,COVID19.BR,sem_url,PT-BR,fake,,0.069379232675297,0.3345547636932855,0.18721576443366184,57,"🎥🎥🎥👉 *Coronavirus e o APOCALIPSE* 🎞️🎞️
🔔**Quais são as trombetas descritas há 2000 anos?* 
💡 _A interpretação da Bíblia_ 🎬🎬 Video para Fortes que mostra a articulação mundial para a Guerra: quais os paises que irão se aliar!♟️🇬🇧🇻🇳
🌞A relação dos fenômenos de 2019 🔥
📣O Alerta dos Anjos a João e a Humanidade. *Sua visão vai se abrir depois desta Revelação!* 👀"
1280,COVID19.BR,sem_url,PT-BR,true,,0.9304135943188596,0.7731880520226687,0.29982149121355306,27,"notícia de 28 de fevereiro, quanto a Itália tinha 650 casos, 17 mortes, os prefeitos decretaram o isolamento e o Roma mandou as pessoas voltarem a rotina."
14516,FakeWhatsApp.BR_2018,sem_url,PT-BR,true,,0.9294836996403928,0.959628316473278,0.28614685526485295,60,"*Estão enviando uma notícia que Bolsonaro morreu, e outro video dizendo que se for verdade Bolsonaro não vai ganhar as eleições... NÃO abram é vírus.... Mesmo sendo do seu familiar, uma vez aberto ele envia para todos os seus contatos sem você saber e rouba sua conta. passe essa informação para seus contatos.... Estão tentando raquear os seguidores do Bolsonaro.*"
15508,FakeWhatsApp.BR_2018,sem_url,PT-BR,true,,0.92885205199539,0.25524511374166703,0.9716801992698343,40,"Os médicos conseguiram controlar a hemorragia no abdômen de Bolsonaro.

Foram atingidos a artéria mesentérica, o intestino delgado e o intestino grosso. Todos os órgãos foram costurados.

Não houve lesão hepática, segundo os médicos, ao contrário do que se imaginava."
14231,FakeWhatsApp.BR_2018,sem_url,PT-BR,true,,0.926164227768678,0.5825568826434665,0.9973878312610471,216,"Cibercriminosos iniciaram uma campanha de mensagens falsas no WhatsApp utilizando o nome do candidato à presidência Jair Bolsonaro (PSL). O golpe de phishing busca os dados de vítimas para enviar notificações — o que pode se tornar, posteriormente, em golpes de roubo de dados ou informações ainda mais sensíveis.

O “golpe do Bolsonaro” pede o endereço de email das vítimas, além da permissão para enviar notificações no smartphones

Segundo analista da Kaspersky, Fabio Assolini, no Twitter, “demorou, mas apareceu uma campanha maliciosa no WhatsApp usando o nome de um candidato à presidência (...) É a mesma tática de golpes anteriores que utiliza um tema de grande interesse da população, neste caso, os candidados à presidência no Brasil. O criminoso ganha de muitas formas: pelos milhares de page-views no site cheio de propaganda, pela instalação dos aplicativos sugeridos pela página, num esquema de pay-per-install ou até mesmo com a oferta de instalação de apps maliciosos, como já vimos anteriormente”, finaliza o Assolini.

O phishing se vale da inocência dos eleitores oferecendo uma camiseta gratuita com o nome do candidato Jair Bolsonaro; mais abaixo, você entende melhor o que é um golpe de phishing.

“Pessoal, acabei de ganhar uma camisa personalizada do Bolsonaro! Tá disponível no masculino e feminino! Para ganhar também bastar acessar”, diz a mensagem falsa."
48107,true,lupa.uol.com.br,PT-BR,true,,0.9246054714770984,0.24454732004620358,0.43812669846672114,12,Médicos dos hospitais começam a postar fotos: Cadê os doentes do coronavirus
48876,true,poligrafo.sapo.pt,PT-PT,true,,0.9241763325290896,0.9854524958901215,0.33976118639833475,9,Papa Francisco recusou que fiéis beijassem o anel papal?
12918,FakeWhatsApp.BR_2018,sem_url,PT-BR,true,,0.923883343599433,0.8580578053342003,0.27780788784112787,82,"Este caminho do dinheiro chegou a você. A partir de agora não terás nenhum problema de dinheiro. Mas não deve reter este, porque o dinheiro acaba, manda-o a todas as pessoas que queres a prosperidade.
Neste setembro tem 5 luas, 5 domingos e 5 segundas. Isto ocorre a cada 823 anos. Se chama bolsa de dinheiro. Compartilhe e o dinheiro chegará em 4 dias. Baseado no Feng Shui chinês. Quem não consegue compartilhar ficará sem dinheiro. Compartilhe em 11 minutos após receber."
48125,true,lupa.uol.com.br,PT-BR,true,,0.9215882053241272,0.5149726906865834,0.3831815673440082,16,A reforma [da previdência] em relação aos militares não encarou os privilégios. Os privilégios continuam intactos
1308,COVID19.BR,sem_url,PT-BR,true,,0.9196838061463934,0.6134329857547224,0.916929195968979,245,"Seja vc Bolsonarista, Petista, centro, católico, Evangélico, Umbandista, Cardessista seja a porra que for !!!!!!!

Presta atenção burro !!!

Não é a Globo criatura!!!!!! 🤦🏻♂️
Na próxima um desenho resolve? Parem de achar q tudo é culpa da Globo, do Bolsonaro, do PT, do fulano, do ciclano. Temos que aprender a ter visão holística. 

Para quem está comparando mortalidade do coronavírus com sarampo, H1N1, dengue, malária, aids, (até com a fome, miséria e desigualdade)... etc., por ignorância ou má fé, reflita sobre o seguinte...

O isolamento ou distanciamento social (quarentena) não é pela saúde, não é pelo contágio, não é pelo número de mortes. 

A quarentena é por causa da VELOCIDADE!

Nenhuma dessas doenças ou situações matou mais de mil pessoas POR DIA, TODO DIA.

E a quarentena NÃO É por causa da quantidade de mortos.

Entendam...
A quarentena é por causa da quantidade de leitos, médicos, equipamentos e remédios!
Se não nos isolarmos, teremos o colapso do atendimento e muitas pessoas terão que morrer em casa, sem atendimento. E vão morrer de sarampo, H1N1, dengue, malária, aids, câncer, infarto, coronavirus, etc. POIS NÃO VAI TER LEITO PARA ATENDER ESSAS PESSOAS NO HOSPITAL.

Obs.: já não temos luvas, máscaras descartáveis estão sendo reaproveitadas, não temos papéis toalha, etc. O básico do básico já não temos, isso que no Brasil nem começou.

É para DESACELERAR a velocidade das contaminações!!! 
Parem de comparar. Busquem informações sérias, sem paixões, e principalmente sem fanatismo.

* RECEBI E ESTOU REPASSANDO *"
320,COVID19.BR,sem_url,PT-BR,true,,0.9191330464499184,0.8153336650496097,0.43633064897503404,16,Explicação de porque na Coreia do Sul não teve nenhum profissional da saúde infectado com Covid-19.
47240,true,lupa.uol.com.br,PT-BR,true,Falso,0.9184296351915676,0.0999964811159869,0.7232371294713791,15,A Lei da Ficha Limpa não permite que um condenado em segunda instância seja candidato
1260,COVID19.BR,sem_url,PT-BR,true,,0.9167119116119676,0.18280624231941425,0.6207604264397265,13,"Transmissão de Covid-19 a partir de pacientes assintomáticos é 'muito rara', revela OMS"
2110,Fake.br,sem_url,PT-BR,fake,,0.0835769881340631,0.1369347327237155,0.25939003477298406,456,"Movimentos pela volta da Monarquia crescem no Brasil. A volta da Monarquia seria uma solução? Em meio à mais grave crise política e econômica da história brasileira, questões que andavam para lá de adormecidas estão ressurgindo. Uma delas é a volta da monarquia no Brasil.

O movimento monarquista defende que se estabeleça novamente o império por aqui. Herdeiros dos dois imperadores do Brasil (Pedro I e Pedro II). Em carta endereçada à imprensa, há duas semanas, Dom Luiz de Orleans e Bragança, de 78 anos, bisneto da princesa Isabel e primeiro na linha sucessória em caso de retorno da monarquia ao país, aproveitou para se colocar à disposição na busca por uma solução.

“A Família Imperial, juntamente com a crescente corrente monárquica espalhada pelo Brasil, está disposta a cooperar na busca das soluções ponderadas que sejam uma saída para a crise que angustia aos brasileiros”, disse.

Um dos líderes do movimento no país, o médico carioca Rodrigo Siqueira da Rocha Dias, que pertence ao grupo chamado Brasil Real, disse que:

“O movimento pela mudança de República para monarquia está crescendo exponencialmente. Não é possível definir o número de membros, pois não temos estatísticas oficiais, mas existem diversos grupos, alguns até com personalidade jurídica”

Para ele, o retorno a monarquia após período republicano não é novo e que o sistema custaria muito menos aos cofres públicos do que a república atual.

“A restauração não seria inédita na história do século XX. A Espanha, por exemplo, era república e restaurou a monarquia. O presidente da República de Portugal, custa o dobro que o rei espanhol. Isso torna-se ainda mais espantoso quando comparamos a economia entre os dois países”, disse.

O médico ainda alega que países onde monarquias estão instauradas são menos corruptas.

“Será que a população tem ciência de que dos dez países menos corruptos do mundo sete são monarquias? O monarca tem algumas prerrogativas que lhe são próprias e que garantem coesão e estabilidade. Em caso de crise institucional, o imperador tem a prerrogativa de dissolver o parlamento e convocar novas eleições. Pergunte a qualquer brasileiro se ele aprova esse Congresso ou se preferiria que esses políticos fossem demitidos, na figura da dissolução do Parlamento, para convocação de novas eleições”, questiona.

 

Linha Sucessória da Monarquia Brasileira

1 – Luiz Gastão de Orleans e Bragança (Chefe da Casa Imperial)

2 – Bertrand Maria José de Orleans e Bragança, Príncipe Imperial do Brasil

3 – Antônio João de Orleans e Bragança, Príncipe do Brasil

4 – Rafael Antônio Maria de Orleans e Bragança (filho de Antônio)

5 – Maria Gabriela Fernanda de Orleans e Bragança (irmã de Rafael)

6 – Isabel Maria Josefa de Orleans e Bragança (irmã de Rafael)

7 – Eleonora Maria Josefa de Orleans e Bragança."
13370,FakeWhatsApp.BR_2018,sem_url,PT-BR,fake,,0.0838507772647671,0.010953394380635329,0.2798542920248863,15,"Desafio do dia.
Ir no zap do Caio narcio e mandar uma foto do mito"
13714,FakeWhatsApp.BR_2018,sem_url,PT-BR,true,,0.9151392064736666,0.07367770082684617,0.3787843986015381,10,Carros brasileiros terão placas do Mercosul a partir de setembro
47991,true,lupa.uol.com.br,PT-BR,true,,0.9140754074917214,0.9253765349676843,0.9999999999999998,21,Só para lembrar: STF afastou Bolsonaro do controle da Covid dando esse poder para Governadores e Prefeitos. Não cobrem do Presidente
13007,FakeWhatsApp.BR_2018,sem_url,PT-BR,fake,,0.0869365859784662,0.02842691953392549,0.5420104051955295,9,Pessoal vamos dar deslike o meu já tá lá
583,COVID19.BR,sem_url,PT-BR,fake,,0.0876800610864969,0.008497315156681687,0.4170250728638023,17,Agora vc entende porque o número de mortes por coronavírus é TÃO GRANDE no estado de SP👇
1501,COVID19.BR,sem_url,PT-BR,true,,0.9121808535249332,0.8053945437465508,0.435615774718735,21,"Pelo contrário Milena, as mortes que estão acontecendo não estão colocando na certidão de óbito que é covid-19 e sim pneumonia."
47259,true,lupa.uol.com.br,PT-BR,true,,0.9119384256975004,0.980957600247321,0.3573469190223795,9,Hidratante pode ser usado para colar glitter no corpo
47769,true,lupa.uol.com.br,PT-BR,true,,0.9118781131858252,0.31259528266415204,0.33444920258640476,25,"“Audiência de custódia: você sabe que o policial prende o marginal em flagrante e, em menos de 24 horas, metade deles são postos em liberdade”"
13228,FakeWhatsApp.BR_2018,sem_url,PT-BR,true,Falso,0.9103756581156544,0.9041454144993137,0.8628185497005565,43,"É de ARREPIAR 

Isso aconteceu em Brasilia há 5 meses atrás. Porque a Globo nao mostrou?
Já foi até retirado do YouTube.
Repassem sem dó.
Os diretores e o pessoal da Globo estão aflitos com a circulação desse vídeo. Faça-o continuar a circular"
49630,true,poligrafo.sapo.pt,PT-PT,true,,0.9090943689008668,0.37728147618009206,0.27679433715176527,20,"Obama alertou em 2014 que ""é muito provável que chegue uma doença que se transmita pelo ar e seja mortal""?"
14189,FakeWhatsApp.BR_2018,sem_url,PT-BR,true,,0.9070585706588477,0.8457569461554614,0.22821605698369918,10,Policiais orando pela vida do Bolsonaro é Deus agindo Sobrenaturalmente!
13028,FakeWhatsApp.BR_2018,sem_url,PT-BR,true,,0.906264804440267,0.9056732290411916,0.4206349061424435,62,"*ATENÇÃO!*
*Se você recebeu uma mensagem, pedindo para escrever 17 em seu comprovante de votação, fotografar e enviar para o Bolsonaro, ou para o site “Fiscais do Bolsonaro”, NÃO FAÇA ISSO! Fazendo você irá arranjar problemas para si e para o candidato. Isso é ilegal e pode ser vinculado à compra de voto ou a outra ação proibida.*

Isso você pode compartilhar!"
799,COVID19.BR,sem_url,PT-BR,fake,,0.093870357339094,0.3860247094599231,0.3793889713751786,4850,"Harvard dando razão ao doutor Osmar 👆🏻👆🏻 Citação
     Kissler, Stephen, Christine Tedijanto, Marc Lipsitch e Yonatan Grad.  Estratégias de distanciamento social para conter a epidemia de COVID-19 (março de 2020).
   Link citável
 Estratégias de distanciamento social para conter a epidemia de COVID-19
 A comunidade de Harvard disponibilizou este artigo abertamente.  Compartilhe como esse acesso beneficia você.  Sua história é importante
 
      Termos de uso
     Este artigo foi baixado do repositório DASH da Universidade de Harvard e está disponível nos termos e condições aplicáveis ​​a Outros Materiais Publicados, conforme estabelecido em http: //   .terms de uso # LAA
 
 Estratégias de distanciamento social para conter a epidemia de COVID-19
 1 2 2, 1, Stephen Kissler, Christine Tedijanto, Marc Lipsitch *, Yonatan H. Grad *
 1 Departamento de Imunologia e Doenças Infecciosas, Harvard T.H.  Escola de Saúde Pública Chan, Boston, MA, EUA
 2Departamento de Epidemiologia, Harvard.  o.  Escola de Saúde Pública Chan, Boston, MA, EUA
 * denota contribuição igual
 Correspondências para: ygrad@hsph.harvard.edu, mlipsitc@hsph.harvard.edu
 Contagem de palavras (máx. 2500): 2168
 Título curto (40 caracteres): Estratégias de distanciamento para COVID-19
 Resumo (125 caracteres): O distanciamento único resulta em um pico de queda no COVID-19.  Esforços intermitentes requerem maior capacidade e vigilância hospitalar.
 Resumo (125 palavras).  A pandemia de SARS-CoV-2 está sobrecarregando os recursos de saúde em todo o mundo, levando a medidas de distanciamento social para reduzir a intensidade da transmissão.  A quantidade de distanciamento social necessária para conter a epidemia de SARS-CoV-2 no contexto de transmissão sazonalmente variável permanece incerta.  Utilizando um modelo matemático, avaliamos que as intervenções únicas serão insuficientes para manter a prevalência de COVID-19 dentro da capacidade de cuidados intensivos dos Estados Unidos.  A variação sazonal da transmissão facilitará o controle da epidemia durante os meses de verão, mas poderá levar a um intenso ressurgimento no outono.  Medidas de distanciamento intermitentes podem manter o controle da epidemia, mas sem outras intervenções, essas medidas podem ser necessárias até 2022. O aumento da capacidade de cuidados críticos pode reduzir a duração da epidemia de SARS-CoV-2 e, ao mesmo tempo, garantir que pacientes gravemente enfermos recebam os cuidados adequados.
 Texto completo.  A pandemia de COVID-19 está causando mortalidade substancial e uma grande pressão nos sistemas de saúde (1,2).  Sem tratamentos farmacêuticos disponíveis, as intervenções se concentraram no rastreamento de contatos, quarentena e distanciamento social.  Testes intensivos, rastreamento e isolamento de casos permitiram o controle da transmissão em alguns locais, como Cingapura e Hong Kong (3).  No extremo oposto, muitos países carecem de recursos para testes e saúde pública para obter respostas semelhantes à epidemia COVID-19, o que poderia resultar em disseminação sem obstáculos e surtos catastróficos.  Entre essas respostas, muitos países estão adotando medidas denominadas “distanciamento social” ou “distanciamento físico”, fechando escolas e locais de trabalho e limitando o tamanho das reuniões.  O objetivo dessas estratégias é retardar a propagação da infecção e reduzir a intensidade da epidemia (“achatar a curva”) (3), reduzindo assim o risco de sistemas de saúde avassaladores e ganhando tempo para desenvolver tratamentos e vacinas.  No entanto, existe a preocupação de que tais medidas possam ter que permanecer em vigor por muito tempo.
  
 períodos, talvez com períodos ocasionais de relaxamento, à medida que a imunidade se acumula lentamente na população a um ponto em que impediria futuros surtos.
 A intensidade (tamanho do pico) dos surtos depende fortemente do grau de forçamento sazonal da transmissão (4).  A transmissão de muitos patógenos respiratórios, incluindo os coronavírus humanos que causam síndromes leves comuns do tipo resfriado, é sazonal em regiões temperadas, com pico nos meses de inverno (4).  Essa variação na força da transmissão pode ser motivada por uma variedade de fatores, incluindo o aumento da aglomeração interna no inverno, o início do período escolar no outono e fatores climáticos (5).  Se a transmissão de SARS-Cov-2 estiver igualmente sujeita a forçamentos sazonais, os surtos de verão teriam naturalmente picos mais baixos do que os surtos de inverno.  Isso está alinhado com as observações das pandemias de gripe, onde surtos relativamente pequenos de primavera e verão são frequentemente seguidos por surtos maiores de outono / inverno (6).  Devido à variação sazonal na força da transmissão, pode ser mais difícil aplainar as curvas epidêmicas no inverno do que no verão.  Além disso, um pico de inverno para o COVID-19 coincidirá com o pico da gripe (5), pressionando ainda mais os sistemas de saúde.
 Uma métrica chave para o sucesso de estratégias de achatamento de curvas é se as capacidades de cuidados intensivos são excedidas.  Os estudos de modelagem (7) e a experiência do surto de Wuhan (2) indicam que as capacidades de cuidados críticos, mesmo em países de alta renda, podem ser excedidas muitas vezes, se as medidas de distanciamento não forem implementadas com rapidez ou força o suficiente.  Para evitar que as capacidades de tratamento crítico sejam sobrecarregadas, pode ser necessário um distanciamento social prolongado ou intermitente (7).  No entanto, a duração, frequência e intensidade necessárias desse distanciamento permanecem incertas na presença de sazonalidade.  Para aliviar esses problemas, as abordagens para aumentar a capacidade de cuidados críticos incluíram a construção rápida ou o reaproveitamento de instalações hospitalares e a consideração do aumento da fabricação e distribuição de ventiladores (8–11).
 A duração das medidas de distanciamento social necessárias para manter o controle da epidemia de SARS-CoV-2 no contexto de transmissão sazonalmente variável permanece incerta, assim como o impacto do aumento da capacidade de cuidados intensivos na trajetória geral do surto.  Para abordar essas incógnitas, avaliamos aqui a transmissão do SARS-Cov-2 até 2021 usando um modelo matemático com forçamento de transmissão sazonal.
 Utilizamos um modelo matemático determinístico (equação diferencial ordinária) para simular a transmissão do SARS-CoV-2.  O modelo é um modelo SEIR (Susceptible-Exposed-Infectious-Recovered) adaptado com três faixas (Figura S1) para explicar indivíduos assintomáticos ou com sintomas leves (95,6%), indivíduos hospitalizados, mas que não necessitam de cuidados intensivos (  3,08%) e indivíduos internados e necessitam de cuidados intensivos (1,32%) (7).  O período médio de incubação foi de 4,6 dias, o período infeccioso / tempo médio de internação foi de 4 dias, o tempo médio de permanência hospitalar não crítica foi de 8 dias para os que não necessitaram de cuidados intensivos e de 6 dias para os que necessitaram de cuidados intensivos, e a média  a duração do tratamento intensivo foi de 10 dias (7).  O forçamento sazonal foi incorporado ao permitir que o número básico de reprodução (R0) seguisse uma curva de cosseno que atingisse o pico no início de dezembro (4).  Variamos o pico R0 (inverno) entre 2 e 2,5 e permitimos que o verão R0 varie entre 70% e 100% (ou seja, sem sazonalidade) do inverno R0 (4).

 Utilizamos a capacidade aberta de cuidados intensivos dos Estados Unidos, 0,89 camas gratuitas por 10.000 adultos, como referência para a demanda de cuidados intensivos (2).  Simulamos trajetórias epidêmicas com base no tempo de estabelecimento da epidemia de 11 de março de 2020. Simulamos o distanciamento social reduzindo R0 em uma proporção fixa, que variou entre 0 e 60%, a par da redução no R0 alcançada na China através de intensas medidas de distanciamento social  (3)  Avaliamos intervenções de distanciamento social 'únicas', para as quais o R0 foi reduzido em até 60% por um período fixo de tempo (até 20 semanas), iniciando duas semanas após o estabelecimento da epidemia.  Também avaliamos medidas intermitentes de distanciamento social, para as quais o distanciamento social foi ativado 'quando' a prevalência de infecção subiu acima de um limiar e 'desligado' quando caiu abaixo de um segundo limiar inferior, com o objetivo de manter o número de cuidados intensivos  pacientes abaixo de 0,89 por 10.000 adultos.  Um limiar ""on"" de 37,5 casos por 10.000 pessoas alcançou essa meta nos casos sazonais e não sazonais com inverno R0 = 2. Escolhemos 10 casos por 10.000 adultos como o limiar ""off"".  Realizamos uma análise de sensibilidade em torno desses valores limiares (Figuras S2-S3) para avaliar como eles afetaram a duração e a frequência das intervenções.  Por fim, avaliamos o impacto da duplicação da capacidade de cuidados intensivos (e dos limiares de ligar / desligar associados) na frequência e duração geral do período de medidas de distanciamento social.
 Avaliamos o impacto de esforços únicos de distanciamento social de eficácia e duração variadas no pico e época da epidemia com e sem forçamento sazonal.  Quando a transmissão não está sujeita a forçamentos sazonais, as medidas únicas de distanciamento social reduzem o tamanho do pico da epidemia (Figura 1, Figura S4).  Em todos os cenários, houve um ressurgimento da infecção quando as medidas simuladas de distanciamento social foram levantadas.  Contudo, o distanciamento social mais longo e mais rigoroso nem sempre se correlacionou com maiores reduções no tamanho do pico da epidemia.  No caso de um período de 20 semanas de distanciamento social com redução de 60% em R0, por exemplo, o tamanho máximo do ressurgimento é quase o mesmo que o tamanho máximo da epidemia não controlada: o distanciamento social é tão eficaz que praticamente nenhuma imunidade da população  É construído.  As maiores reduções no tamanho do pico vêm da intensidade e duração do distanciamento social, que dividem os casos aproximadamente igualmente entre os picos (12).
 Para simulações com forçamento sazonal, o pico ressurgente pós-intervenção pode exceder o tamanho da epidemia irrestrita (Figura 2, Figura S5), tanto em termos de prevalência de pico quanto em número total de infectados.  O forte distanciamento social mantém uma alta proporção de indivíduos suscetíveis na população, levando a uma epidemia intensa quando R0 aumenta no final do outono e inverno.  Nenhuma das intervenções pontuais foi eficaz para manter a prevalência de casos críticos abaixo da capacidade de cuidados intensivos.
 O distanciamento social intermitente pode impedir que a capacidade de atendimento crítico seja excedida (Figura 3, Figura S6).  Devido à história natural da infecção, há um atraso de aproximadamente três semanas entre o início do distanciamento social e o pico da demanda de cuidados críticos.  Quando a transmissão é forçada sazonalmente, o distanciamento social no verão pode ser menos frequente do que quando R0 permanece constante em seu valor máximo de inverno ao longo do ano.  O período de tempo entre as medidas de distanciamento aumenta à medida que a epidemia continua, à medida que o acúmulo de imunidade na população retarda o ressurgimento da infecção.  Sob as atuais capacidades de cuidados intensivos, no entanto, a duração geral da epidemia de SARS-CoV-2 pode durar até 2022, exigindo

 medidas de distanciamento entre 25% (no inverno R0 = 2 e sazonalidade, Figura S3A) e 70% (no inverno R0 = 2,5 e sem sazonalidade, Figura S2C) desse período.
 O aumento da capacidade de cuidados críticos permite que a imunidade da população seja acumulada mais rapidamente, reduzindo a duração geral da epidemia e a duração total das medidas de distanciamento social (Figura 3 C-D).  Embora a frequência e a duração das medidas de distanciamento social sejam semelhantes entre os cenários com capacidade de atendimento crítico atual e ampliada, a epidemia termina em julho de 2022 e as medidas de distanciamento social podem ser totalmente relaxadas no início e meados de 2021, dependendo novamente do grau  forçar sazonalmente a transmissão (Figura 3 CD).  Prevemos que o SARS-CoV-2 circule sazonalmente com picos de inverno nos anos subsequentes (4).
 Um único período de distanciamento social não será suficiente para impedir que as capacidades de cuidados críticos sejam sobrecarregadas pela epidemia do COVID-19, porque, em qualquer cenário considerado, deixa bastante da população suscetível a uma recuperação na transmissão após o final do período.  a uma epidemia que excede essa capacidade.  Esse ressurgimento pode ser especialmente intenso se coincidir com um aumento no inverno em R0.  O distanciamento social intermitente pode manter a prevalência da doença crítica COVID-19 dentro das capacidades atuais, mas essa estratégia pode prolongar a duração geral da epidemia até 2022. O aumento da capacidade de cuidados críticos reduziria substancialmente a duração geral da epidemia, garantindo cuidados adequados para a epidemia.  doente em estado crítico.
 Nossas descobertas concordam com estudos observacionais e de modelagem (2,7) que consideram que a implementação precoce de forte distanciamento social é essencial para controlar a disseminação da SARS-CoV-2 e que, na ausência do desenvolvimento de novas terapias ou medidas preventivas,  como a busca agressiva de casos e a quarentena (13), medidas intermitentes de distanciamento podem ser a única maneira de evitar a capacidade de tratamento intensivo e aumentar a imunidade da população.  A observação de que um forte distanciamento social pode levar a ressurgimentos especialmente grandes concorda com os dados da pandemia de gripe de 1918 nos Estados Unidos (14), na qual o tamanho do pico de infecção do outono de 1918 foi inversamente associado ao de um pico de inverno subsequente após  as intervenções não estavam mais em vigor.
 Para implementar uma estratégia eficaz de distanciamento social intermitente, será necessário realizar uma ampla vigilância para monitorar quando os limiares de prevalência que desencadeiam o início ou o fim do distanciamento foram ultrapassados.  Sem essa vigilância, a disponibilidade de leitos de cuidados intensivos pode ser usada como proxy da prevalência, mas essa métrica está longe de ser ideal, pois o atraso entre o distanciamento e o pico da demanda de cuidados críticos pode levar a uma ultrapassagem frequente dos recursos de cuidados críticos.  Sob algumas circunstâncias, o distanciamento social intenso pode ser capaz de reduzir a prevalência do COVID-19 o suficiente para garantir uma mudança na estratégia para contatar os esforços de rastreamento e contenção, como ocorreu em muitas partes da China (13,15,16).  Ainda assim, os países que atingiram esse nível de controle do surto devem se preparar para a possibilidade de ressurgimentos substanciais da infecção e o retorno às medidas de distanciamento social, especialmente se a forçagem sazonal contribuir para o aumento da transmissibilidade no inverno.

 Tratamentos ou vacinas para SARS-CoV-2 reduziriam a duração e a intensidade do distanciamento social necessário para manter o controle da epidemia.  Os tratamentos podem reduzir a proporção de infecções que requerem cuidados críticos e a duração da infecciosidade, o que direta e indiretamente (através de uma redução no R0) reduziria a demanda por recursos de cuidados críticos.  Uma vacina aceleraria o acúmulo de imunidade na população, reduzindo a duração geral da epidemia e evitando infecções que poderiam ter resultado na necessidade de cuidados críticos.  Ainda assim, o desenvolvimento e a ampla adoção de intervenções farmacêuticas levarão meses, na melhor das hipóteses, de modo que um período de distanciamento social sustentado ou intermitente será quase certamente necessário.
 O modelo que usamos é determinístico e assume que a população é bem mista, o que significa que cada pessoa tem uma probabilidade igual de entrar em contato potencialmente infeccioso com todas as outras pessoas.  A estrutura populacional pode reduzir o tamanho do pico de surto (17), portanto a modelagem aqui pode ser interpretada como o pior cenário possível.  O momento e a duração das intervenções provavelmente precisarão ser ajustados geograficamente devido à variação no tempo da epidemia, forçamento sazonal e capacidades de cuidados críticos.  Os modelos determinísticos também não podem capturar a possibilidade de eliminação do SARS-CoV-2.  No entanto, dada a ampla transmissão do SARS-CoV-2, acreditamos que a eliminação é improvável.  A reintrodução do SARS-CoV-2 de locais com surtos contínuos seria suficiente para iniciar novamente a transmissão local sustentada (18).  Também assumimos que a infecção por SARS-CoV-2 é imunizante permanentemente, uma vez que nosso foco estava no período inicial da pandemia.  Não existem dados sorológicos suficientes para avaliar a quantidade de imunidade existente na SARS-CoV-2 e sua duração.  Se a imunidade à SARS-CoV-2 diminuir rapidamente, as medidas de distanciamento social podem precisar ser estendidas por mais tempo.  No entanto, se houver muitas infecções assintomáticas não documentadas que levam à imunidade (19), menor distanciamento social pode ser necessário.  As estratégias de distanciamento social exigirão uma avaliação mais aprofundada, pois estudos sorológicos longitudinais esclarecem a extensão e a duração da imunidade ao SARS-Cov-2.
 Os esforços únicos de distanciamento social empurrarão o pico da epidemia de SARS-CoV-2 para o outono, potencialmente exacerbando a carga de recursos de cuidados intensivos se houver um aumento da transmissibilidade no inverno.  O distanciamento social intermitente pode manter a demanda de cuidados críticos dentro dos limites atuais, mas a vigilância generalizada será necessária para cronometrar as medidas de distanciamento corretamente e evitar o excesso de capacidade de cuidados críticos.  Novas terapias, vacinas ou outras intervenções, como rastreamento agressivo de contatos e quarentena - agora impraticáveis ​​em muitos lugares, mas mais práticas depois que os números de casos foram reduzidos e os testes aumentados (20) - poderiam aliviar a necessidade de distanciamento social rigoroso para manter o controle de  a epidemia.  Na ausência de tais intervenções, a vigilância e o distanciamento intermitente podem precisar ser mantidos até 2022, o que apresentaria uma carga social e econômica substancial.  Para encurtar a epidemia de SARS-CoV-2 e garantir atendimento adequado aos pacientes críticos, aumentar a capacidade de atendimento crítico e desenvolver intervenções adicionais são prioridades urgentes.

 A) E)
 😎 F)
 CG)
 D) H)
 Figura 1. (AD) Prevalência simulada de infecções por COVID-19 (sólidas) e casos críticos de COVID-19 (pontilhados) após o estabelecimento em 11 de março de 2020 com um período de distanciamento social (região azul sombreada) instalado duas semanas depois, com a duração  de distanciamento social com duração (A) quatro semanas, (B) oito semanas, (C) doze semanas e (D) vinte semanas.
         
 Não há forçamento sazonal;  R0 foi mantido constante em 2 (ver Figura S4 para R0 = 2,5).  A eficácia do distanciamento social variou de zero a 60% de redução no R0.  Os tamanhos cumulativos de infecção são mostrados ao lado de cada gráfico de prevalência (E-H) com o limiar de imunidade do rebanho (barra preta horizontal).  O distanciamento social de longo prazo (20 semanas), moderadamente eficaz (20% a 40%) produz o menor pico geral e o tamanho total do surto.

 A) E)
 😎 F)
 CG)
 D) H)
 Figura 2. (DA) Prevalência simulada, assumindo forçamento sazonal (inverno R0 = 2, verão R0 = 1,4), de infecções por COVID-19 (sólidas) e casos críticos de COVID-19 (pontilhados) após estabelecimento em 11 de março de 2020 com um período  de distanciamento social (região azul sombreada) instaurada duas semanas depois, com a duração do distanciamento social
         
 (A) quatro semanas, (B) oito semanas, (C) doze semanas e (D) vinte semanas (veja a Figura S5 para um cenário com inverno R0 = 2,5).  A eficácia do distanciamento social variou de zero a 60% de redução no R0.  Os tamanhos cumulativos de infecção são mostrados ao lado de cada gráfico de prevalência (E-H) com o limiar de imunidade do rebanho (barra preta horizontal).  Prevenir a infecção generalizada durante o verão pode achatar e prolongar a epidemia, mas também pode levar a uma alta densidade de indivíduos suscetíveis que podem ser infectados por uma intensa onda de outono.

 A) E)
 😎 F)
 CG)
 D) H)
 Figura 3. Prevalência de SARS-Cov-2 (curvas negras) e casos críticos (curvas vermelhas) sob distanciamento social intermitente (regiões sombreadas em azul) sem forçamentos sazonais (A, C) e com forçamentos sazonais (B, D).  Distanciamento gera uma redução de 60% em R0.  A capacidade de atendimento crítico é representada pelas barras pretas horizontais sólidas;  (A) e (B) são os cenários com capacidade atual de cuidados intensivos nos EUA e (C) e (D) são os cenários com o dobro da capacidade atual de cuidados intensivos.  O inverno máximo R0 é 2 e, para os cenários sazonais, o verão R0 é 1,4.  A prevalência está no preto e os casos de cuidados intensivos estão no vermelho.  À direita de cada parcela principal (E-H), a proporção imune ao longo do tempo é representada em verde com o limiar de imunidade do rebanho (barra preta horizontal).
        
 Referências
 1. Organização Mundial da Saúde.  Doença de coronavírus 2020 2019 (COVID-19) Relatório de Situação - 61. (doi: 10.3928 / 19382359-20200219-01)
 2. Li R, Rivers C, Tan Q, Murray M, Toner E, Lipsitch M. 2020 A demanda por leitos de pacientes internados e UTI por COVID-19 nos EUA: lições das cidades chinesas.  medRxiv
 3. Anderson RM, Heesterbeek H, Klinkenberg D, Hollingsworth TD.  2020 Como as medidas de mitigação baseadas no país influenciarão o curso da epidemia do COVID-19?  Lancet 2019, 1-4.  (doi: 10.1016 / S0140-6736 (20) 30567-5)
 4. Kissler SM, Tedijanto C, Goldstein EM, Grad YH.  2020 Projeto da dinâmica de transmissão do SARS-CoV-2 no período pós-pandemia.  medRxiv, 1–30.
 5. Lipsitch M, Viboud C. 2009 Sazonalidade da gripe: levantando a névoa.  Proc.  Natl.  Acad.  Sci.  U. S. A. 106, 3645-3646.  (doi: 10.1073 / pnas.0900933106)
 6. Simonsen L, Chowell G, Andreasen V, Gaffey R, Barry J, Olson D, Viboud C. 2018 Uma revisão da onda pandêmica heráldica de 1918: importância para as estratégias contemporâneas de resposta à pandemia.  Ann.  Epidemiol.  28, 281-288.  (doi: 10.1016 / j.annepidem.2018.02.013)
 7. Ferguson NM et al.  2020 Impacto das intervenções não farmacêuticas (NPIs) para reduzir a mortalidade por COVID-19 e a demanda de assistência à saúde.
 8. British Broadcasting Corporation.  Coronavírus 2020: milhares de camas e funcionários extras em hospitais.  21 de março.
 9. Chen C, Zhao B. 2020 Hospitais improvisados ​​para pacientes com COVID-19: onde os profissionais de saúde e os pacientes precisam de ventilação suficiente para obter mais proteção.  J. Hosp.  Infectar.  (doi: 10.1016 / j.jhin.2020.03.008)
 10. Associated Press.  O Pentágono 2020 diz que dará 5 milhões de respiradores, 2.000 ventiladores à Saúde e Serviços Humanos para resposta a vírus.  17 de março.
 11. Coronavírus Williams S. 2020: Como a China pode construir um hospital tão rapidamente?  31 de janeiro.
 12. Handel A, Longini IM, Antia R. 2007 Qual é a melhor estratégia de controle para múltiplas
 surtos de doenças infecciosas?  Proc.  R. Soc.  B Biol.  Sci.  274, 833-837.
 (doi: 10.1098 / rspb.2006.0015)
 13. Bi Q et al.  Epidemiologia e transmissão 2020 do COVID-19 em Shenzhen China:
 Análise de 391 casos e 1.286 de seus contatos próximos.  medRxiv
 14. Hatchett RJ, Mecher CE, Lipsitch M. 2007 Intervenções em saúde pública e epidemia
 intensidade durante a pandemia de gripe de 1918.  Proc.  Natl.  Acad.  Sci.  U. S. A. 104, 7582–
 7587. (doi: 10.1073 / pnas.0610941104)
 15. Ferretti L, Wymant C, Kendall M, Zhao L, Nurtay A, Bonsall DG, Fraser C. 2020
 A dinâmica de quantificação da transmissão de SARS-CoV-2 sugere que o controle e a prevenção de epidemias são viáveis ​​através do rastreamento instantâneo de contatos digitais.  medRxiv, 2020.03.08.20032946.  (doi: 10.1101 / 2020.03.08.20032946)
 16. Kraemer MUG et al.  2020 O efeito das medidas de mobilidade e controle humano na epidemia de COVID-19 na China.  medRxiv, 2020.03.02.20026708.  (doi: 10.1101 / 2020.03.02.20026708)
 17. Casa T, Keeling MJ.  2011 Previsão e controle de epidemias em populações agrupadas.  J. Theor.  Biol.  272, 1-7.  (doi: 10.1016 / j.jtbi.2010.12.009)
 18. Jesse M, Heesterbeek H. 2011 Dividir e conquistar?  Persistência de agentes infecciosos em metapopulações espaciais de hospedeiros.  J. Theor.  Biol.  275, 12-20.  (doi: 10.1016 / j.jtbi.2011.01.032)
 19. Li R, Pei S, Chen B, Canção Y, Zhang T, Yang W, Shaman J. 2020 A infecção não documentada substancial facilita a rápida disseminação de novos coronavírus (SARS-CoV2).  Ciência (80-).  , eabb3221.  (doi: 10.1126 / science.abb3221)
 20. Peak C, Kahn R, Grad Y, Childs L, Li R, Lipsitch M, Buckee C. 2020 Modelando o Impacto Comparativo da Quarentena Individual vs. Monitoramento Ativo de Contatos para o

 Mitigação de COVID-19.  medRxiv (documento: 10.1017 / CBO9781107415324.004)

 Suplemento
  Figura S1.  Diagrama esquemático do modelo de transmissão de doenças.  A população começa como suscetível (S).  A infecção é introduzida através de um pulso de meia semana na força da infecção a partir de 11 de março de 2020 (4).  A taxa de transmissão β (t) é um cosseno com período de 52 semanas parametrizado por uma mudança de fase (φ), um valor máximo (max (R0)) e um valor mínimo (Δ * max (R0)).  prossiga para um estado exposto (E), após o qual uma proporção de PR entra no braço de ""recuperação"", o pH entra no braço de ""hospitalização"" e o PC entra no braço de ""cuidados intensivos"".  Indivíduos expostos tornam-se infecciosos (I) na taxa v.  Os indivíduos no braço de recuperação se recuperam (R), mas os indivíduos no braço de hospitalização devem passar pelo estado de hospitalização (H) e os indivíduos no braço de cuidados intensivos devem passar pelos estados de hospitalização (H) e cuidados intensivos (C).  Os valores dos parâmetros são dados na Tabela S1.

 A) 😎
 C) D)
 Figura S2.  Duração (A, C) e número (B, D) de intervalos sociais de distanciamento para limiares de 'ligado' e 'desligado' entre 1 e 40 casos por 10.000 pessoas de simulações sem variação sazonal na transmissão.  As simulações foram realizadas de 1 de janeiro de 2020 a 1 de julho de 2022, com um tempo de estabelecimento epidêmico em 11 de março de 2020. Para as sub-figuras A e B, R0 é 2. Para as sub-figuras C e D, R0 é 2,5 (observe a diferença em  escalas de cores).  O limite 'ativado' deve ser maior que o limite 'desativado' (deixando a região superior esquerda de cada parcela em branco) e o número de casos de cuidados intensivos não pode exceder a capacidade atual dos EUA de 0,89 por 10.000 pessoas (deixando o lado direito  região de cada plotagem em branco).  As linhas tracejadas nas sub-figuras A e B marcam os valores limite usados ​​para produzir a Figura 3A.
        
 A) 😎
 C) D)
 Figura S3.  Duração (A, C) e número (B, D) de intervalos sociais de distanciamento para limiares de 'ligado' e 'desligado' entre 1 e 40 casos por 10.000 pessoas de simulações com transmissão sazonal.  As simulações foram realizadas de 1 de janeiro de 2020 a 1 de julho de 2022, com um horário de estabelecimento epidêmico em 11 de março de 2020. Para as sub-figuras A e B, o inverno R0 é 2 e o verão R0 é 1,4.  Para as sub-figuras C e D, o inverno R0 é 2,5 e o verão R0 é 1,75 (observe a diferença nas escalas de cores).  O limite 'ligado' deve ser maior que o limite 'desligado' (deixando a região superior esquerda de cada parcela em branco) e o número de casos de cuidados intensivos não pode exceder a capacidade atual dos EUA de 0,89 por 10.000 pessoas (deixando o lado direito  região de cada plotagem em branco).  As linhas tracejadas nas sub-figuras A e B marcam os valores limite usados ​​para produzir a Figura 3B.
        
 A) E)
   😎 F)
   CG)
   D) H)
   
 Figura S4.  (AD) Prevalência simulada de infecções por COVID-19 (sólidas) e casos críticos de COVID-19 (pontilhados) após o estabelecimento em 11 de março de 2020 com um período de distanciamento social (região azul sombreada) instalado duas semanas depois, com a duração do distanciamento social  duração (A) quatro semanas, (B) oito semanas, (C) doze semanas e (D) vinte semanas.  Não há forçamento sazonal;  R0 foi mantido constante a 2,5.  A eficácia do distanciamento social variou de zero a 60% de redução no R0.  Os tamanhos cumulativos de infecção são mostrados ao lado de cada gráfico de prevalência (E-H) com o limiar de imunidade do rebanho (barra preta horizontal).  O distanciamento social de longo prazo (20 semanas), moderadamente eficaz (40%) produz o menor pico geral e o tamanho total do surto.

 A) E)
 😎 F)
 CG)
 D) H)
 Figura S5.  (A-D) Prevalência simulada, assumindo forçamento sazonal (inverno R0 = 2,5, verão R0 = 1,75), de infecções por COVID-19 (sólidas) e casos críticos de COVID-19 (pontilhados) após estabelecimento em 11 de março de 2020 com um
         
 o período de distanciamento social (região azul sombreada) foi iniciado duas semanas depois, com a duração do distanciamento social durando (A) quatro semanas, (B) oito semanas, (C) doze semanas e (D) vinte semanas.  A eficácia do distanciamento social variou de zero a 60% de redução no R0.  Os tamanhos cumulativos de infecção são mostrados ao lado de cada gráfico de prevalência (E-H) com o limiar de imunidade do rebanho (barra preta horizontal).  Prevenir a infecção generalizada durante o verão pode achatar e prolongar a epidemia, mas também pode levar a uma alta densidade de indivíduos suscetíveis que podem ser infectados por uma intensa onda de outono.

 A) E)
 😎 F)
 CG)
 D) H)
 Figura S6.  Distanciamento social intermitente (regiões sombreadas em azul) sem forçamento sazonal (A, C) e com forçamento sazonal (B, D) com capacidade atual de cuidados intensivos (A, B; barra preta sólida) e dobrando a capacidade atual de cuidados intensivos (C, D  ; barra preta sólida).  O inverno máximo R0 é 2,5 e, para os cenários sazonais, o verão R0 é 1,75.  Distanciamento gera uma redução de 60% em R0.  A prevalência está no preto e os casos de cuidados intensivos estão no vermelho.  À direita de cada parcela principal (E-H), a proporção imune ao longo do tempo é representada em verde com o limiar de imunidade do rebanho (barra preta horizontal).
        
     Unidades de valor / intervalo de parâmetro
 pR 0,956 Nenhum pH 0,0308 Nenhum
 pC 0,0132 Nenhuma 1 / γ 5 dias 1 / δH 8 dias
 1 / δC 6 dias 1 / ξC 10 dias máx. (R0) [2, 2,5] Nenhuma Δ [0,7, 1,0] Nenhuma φ -3,8 semanas
 Significado
 Proporção de infecções que não são hospitalizadas
 Proporção de infecções hospitalizadas (excluindo cuidados intensivos)
 Proporção de infecções que recebem cuidados críticos Período infeccioso / período anterior à hospitalização
 Duração da internação para casos que não recebem cuidados intensivos
 Duração da internação antes dos cuidados intensivos Duração dos cuidados intensivos
 Número básico de reprodução
 Declínio proporcional em R0 no verão Mudança de fase do forçamento sazonal
                                             Quadro S1  Valores de parâmetro para o modelo de transmissão, de (4,7)."
47709,true,lupa.uol.com.br,PT-BR,true,,0.9059016638775408,0.7489533897704582,0.24270966871142963,20,"Quando dei meu voto, eu disse bem: estou votando e peço ao Senado que seja justo. Justo e não justiceiro"
48328,true,poligrafo.sapo.pt,PT-PT,true,,0.9048802037313968,0.15922147366215947,0.32770174258663043,9,"""Tiroteios em massa nos EUA aumentaram 95% desde 2017"""
798,COVID19.BR,sem_url,PT-BR,true,,0.9048333369509332,0.9490745281024363,0.26260076892193074,21,Anthony Wong...médico(chines naturalizado brasileiro) infectologista e toxilogista..professor da USP...membro da OMS..Organização Mundial da Saúde..dando entrevista ao maior programa da televisao gaúcha
47785,true,lupa.uol.com.br,PT-BR,true,,0.9023430600007885,0.8079294285950275,0.4364745428822461,20,“Ontem assinamos acordo de transferência de tecnologia para produção de vacinas no Brasil entre a AstraZeneca e a FioCruz (...)”
451,COVID19.BR,sem_url,PT-BR,true,,0.9018485146220864,0.027157840805030132,0.3397595197489529,9,Pastores criticam jejum convocado por Bolsonaro contra a covid-19
29932,fakes,boatos.org,PT-BR,fake,,0.099122877048545,0.001504579819519127,0.2777608650182972,12,FUTEBOL Atacante do Bahia assume ser homossexual Gilberto assume relacionamento com soteropolitano
45991,COVID19.BR_raw,sem_url,PT-BR,true,,0.8969933351637134,0.6886915332828609,0.5258805589229193,7,"Covid19
11.130 - contaminados
486 - mortes"
900,COVID19.BR,sem_url,PT-BR,true,,0.892967347416493,0.9685237489653781,0.4727819250916365,10,Aplicativo da Caixa vai identificar quem tem direito ao ‘coronavoucher’
1495,COVID19.BR,sem_url,PT-BR,fake,,0.1101056006915196,0.19897069467860146,0.3097165623814555,522,"RAIO X DO MINISTRO SUPER HEROI DO COVID 19 #GangaBrasil 
Mandetta é de uma família de políticos do Mato Grosso do Sul.
Como não conseguiu passar na Faculdade Federal de medicina do Mato Grosso do Sul...
Cursou medicina, na Universidade *Gama Filho* , no Rio de Janeiro, onde se formou em 1989, tal faculdade de tão boa que era , culminou por ser *descredenciada, pelo Ministério da Educação* (MEC), com o seu *fechamento definitivo* em 2014.
Iniciou sua carreira como médico no Hospital Geral do Exército.
De 1993 a 1995 foi médico da Santa Casa de Campo Grande e conselheiro fiscal para a Unimed e Santa Casa.
Em *2001* , aos 37 anos, foi eleito *presidente da Unimed Campo Grande* , ocupando o cargo até 2004.
Em *2005* , seu *primo* Nelsinho Trad, atual Senador pelo MS, foi eleito *prefeito de Campo Grande* , e convidou Mandetta para assumir a *Secretaria Municipal de Saúde* .
Durante seu mandato como secretário, ele, junto com o *prefeito e outros membros do governo municipal,* sofreram *acusações de fraude em licitação, tráfico de influência e caixa dois* na implementação de um sistema de prontuário eletrônico.
Após esse período, exerceu dois mandatos como deputado federal.
Em 20 de novembro de 2018, *Mandetta* foi confirmado pelo presidente eleito Jair Bolsonaropara assumir o Ministério da Saúde, tornando-se o terceiro ministro do Democratas junto com sua conterrânea Tereza Cristina e o gaúcho Onyx Lorenzoni.
*Pesou na sua indicação o apoio das UNIMEDS, de associações médicas, santas casas e da frente parlamentar de medicina* . No entanto, a nomeação foi criticada devido às *acusações de corrupção na sua gestão como secretário municipal*
Percebe que esse malandro nunca foi de fato um médico....
E, nem político, não passa de um *embusteiro* , um enganador, um *Zé ninguém.* ..
Agora, como conseguiu os *15 minutos de fama* , pois fala todo fim de tarde para o país, resolveu, *mancomunado com o pessoal do DEM: Maia, Alcolumbre e Ronaldo Caiado* , trair o Bolsonaro se achando "" *imexível* "", já pensando nas próximas eleições...
Aliás, bem a propósito disso, no fim do ano passado, *Mandetta* chegou a dizer a colegas da Câmara que se *candidataria a prefeito de Campo Grande (MS)* .
Recentemente, porém, ele disse a aliados que desistiu do plano e há quem diga que ele esteja *almejando voos mais altos, como o governo do Mato Grosso do Sul, em 2022* .
E a mídia esquerdopata batendo bumbo, trazendo pesquisa do *Datafake* onde diz que a *popularidade do Mandetta é de 76%* , enquanto a do *Bolsonaro seria se míseros 33%* ...
Tudo combinado!!!
Portanto, como se viu, há tempos que *Mandetta* deixou de ser médico e *enveredou pelas áreas sindical e política* .
Na Câmara, sua atuação foi primordialmente na área da Saúde, mas com um *indisfarçável componente corporativista* .
Eram comuns discursos em defesa de aumentos salariais para servidores da área e *apoio a greves.*
Logo, *fácil é se decepcionar com esse falso novo herói Mandetta*(glorificado pela extrema imprensa) ao conhecer quem ele realmente é. INSURGÊNCIA GANGA BRASIL ACORDA MACHO ! DESPERTA FANÁTICOS ! MUDA BRASÍL ! PQP ! AMÉM."
79,COVID19.BR,sem_url,PT-BR,fake,,0.1109580632485344,0.0031288036495306115,0.48966720595784174,15,ORGANIZAÇÃO MUNDIAL DE SAÚDE: O ABORTO É ESSENCIAL DURANTE A PANDEMIA DO CORONAVÍRUS CHINÊS |
119,COVID19.BR,sem_url,PT-BR,true,,0.8890372495733659,0.7743867390828665,0.23267542163829324,41,"Nota oficial explica que diferentemente do que tem sido alardeado pela imprensa brasileira, com as mudanças na divulgação de mortes por covid-19, a nova plataforma permite visualizar quantos falecimentos foram notificados no dia e a que data se refere cada óbito."
1611,COVID19.BR,sem_url,PT-BR,true,,0.8884495958299878,0.6070574564638612,0.5412061778600162,11,Quando o Brasil chegará ao pico da epidemia de Covid-19? Entenda
1021,COVID19.BR,sem_url,PT-BR,fake,,0.1141106626823165,0.0016080312559955674,0.25728092212531073,21,Estudo do Exército sobre o Covid-19 endossa posição de BOLSONARO sobre trabalhador informal e propõe inúmeras sugestões (veja a íntegra) -
632,COVID19.BR,sem_url,PT-BR,fake,,0.118123801124127,0.03827291718055634,0.9164550929857042,33,"*Governo Federal informa:*

Você que teve sua fonte de renda afetada durante a quarentena da COVID-19 tem direito de solicitar sua Cesta Básica Gratuita através do Programa *Mesa Brasil*!

Antecipe-se! Saiba mais em:"
1920,COVID19.BR,sem_url,PT-BR,true,,0.8818009788708784,0.5735856558024415,0.26725489306074757,77,"Vemos o povo estarrecido com o n° de mortes pelo MUNDO. Só que essas pessoas estão morrendo pelas suas complicações a quais elas viriam morrer como acontecem todos os dias no MUNDO. *O óbito vem acometer em cada paciente no seu individual de acordo com sua comorbidade.*
Antes do coronavírus... muitas Pessoas já vinham morrendo por suas doenças... e grande maioria tinha influenza mas ninguém falava nada... Ninguem sinalizava nos obituários às mortes por influenza *(gripe comum).*"
46838,COVID19.BR_raw,sem_url,PT-BR,true,,0.8806983650372111,0.9519327984349613,0.4127123428548064,4,Eu ODEIO A CHINA.
1932,COVID19.BR,sem_url,PT-BR,true,,0.8793419112351016,0.14740967159560314,0.21440663455938047,13,"Palavras da ""filósofa"" socialite Narcisa Tamborindeguy (agora numa fase clean), sobre o Covid."
24535,fakes,lupa.uol.com.br,PT-BR,fake,Falso,0.1269205437565087,0.05326362771251935,0.4449055936060644,43,"Lula diz que investirá em usina nuclear para solucionar as crises energéticas em Cuba

Preocupado com as constantes crises em Cuba, Argentina e Venezuela, Lula diz que após as eleições deverá investir pesado nesses países. Cuba terá prioridade e deverá ganhar usina nuclear"
1825,COVID19.BR,sem_url,PT-BR,true,,0.8665261850545837,0.06871405186648569,0.6568708480637141,10,Bolsonaro zera impostos de medicamentos para o combate ao Coronavirus
45094,COVID19.BR_raw,sem_url,PT-BR,fake,,0.135640555107837,0.3437124866891002,0.9971530463606767,1191,"Quem me conhece sabe que não gosto de me expor ou comprar uma briga facilmente, mas hoje decidi quebrar meu silêncio, fazer um testemunho aos meus amigos e arcar com as consequências dessa exposição.

Como muitos de vocês sabem, estou vivendo uma experiência única na minha vida pessoal e profissional. Assumi há quase 1 ano um cargo de confiança no Ministério da Economia (sem qualquer indicação ou conhecimento político). Foi uma escolha técnica, mediante processo seletivo com apresentação de currículo e entrevista presencial com o futuro chefe.

Estava em excelente fase da minha carreira profissional, na iniciativa privada, o que fez com que essa decisão tenha sido muito questionada por colegas de trabalho, amigos e familiares. Afinal de contas, essa decisão impôs diversas restrições em minha vida, como a ausência do lar e do dia a dia com meus filhos e minha esposa, além da redução drástica da minha remuneração. Contudo, acredito que não se deve questionar quando um desafio desse porte nos é apresentado: simplesmente aceita-se com orgulho e gratidão. É aquele sentimento de que precisamos fazer algo para mudar, fazer a diferença.

Assim, posso transmitir de forma isenta o que de fato acontece em Brasília. E o que vejo em primeira mão é uma realidade totalmente diversa do que escuto e leio na mídia. Fico extremamente desapontado ao ver pessoas do meu convívio postando coisas indignadas sobre o Presidente da República ou o atual Governo, disparando ofensas pessoais entre si, deixando de falar até mesmo com familiares e se afastando uns dos outros. Observo, sem entender, a mudança de opinião de jornalistas amigos sobre a pessoa do Presidente como que para defender a classe. É como se estivéssemos cercados por um barulho enorme onde se grita para ganhar um argumento enquanto a realidade de fato é ignorada.

Acreditem: o Brasil está tendo uma oportunidade única neste Governo.

Estamos vivendo um período de mudança drástica na forma de se gerir o Executivo. O meu caso particular está longe de ser uma exceção. Considerando-se o que se vivia no Brasil até um passado muito recente, é quase um milagre estar cercado por um grupo de profissionais da mais alta qualidade que, em sua grande maioria, não precisa do cargo para viver, não possui ou defende interesses políticos e não depende do salário de servidor para pagar suas contas. Essa liberdade e independência não tem preço e ninguém pode nos tirar. Também não posso deixar de mencionar a qualidade técnica do time da casa, servidores públicos de carreira que, independentemente do partido que defendem, alçaram-se a novos cargos nesse Governo em virtude apenas de sua competência. Antes eram achatados em cargos sem importância ou mecânicos, pois os comandos eram ocupados por indicações políticas sem qualquer critério baseado em meritocracia.

Falo, sem medo de parecer piegas, que o ar que se respira em Brasília é o da mudança. Também falo, sem qualquer dúvida, que esse desejo de mudança vem causando muito desconforto e insatisfação em vários segmentos da sociedade, principalmente na classe política. A pressão para voltar tudo a como era antes é diária (sem exagero!). Contudo, nas nossas conversas, costumamos dizer que, se não for para fazer o certo, voltaremos para nossa zona de conforto, nossas profissões, nossas empresas, nossas esposas/maridos, nossos filhos, cachorros, gatos, amigos, bairro, cidade... seria praticamente um favor à nossas famílias retornar para o status quo ante.

Então esse esforço tem que valer a pena. Isso tudo por uma causa, um ideal, por conta de um projeto, para cumprir com um único objetivo, ajudar o país a entrar nos eixos novamente, fazer a coisa certa, sem espaço para bandalheiras, esquemas, mensalão, petrolão, centrão, troca de cargos, favores, mordomias do poder, etc.

Sou testemunha de que todo esse jogo do Poder que existe desde o começo da República acabou.

O jogo que se joga agora é outro! Repetidamente, quase que diariamente, escutamos dos nossos Ministros e superiores novas verdades, quase que mantras, que permeiam nossas atitudes no serviço público, como “estamos aqui para servir ao povo e não para o povo nos servir”, “precisamos reduzir o tamanho do Estado para que ele cumpra o seu verdadeiro papel”, “o Estado não é empresário”, “não podemos deixar o Estado no cangote do cidadão”, “precisamos reduzir os gastos do Governo”.

O exemplo vem de cima. Aliás, que time de Ministros, Secretários Especiais e Secretários nós temos!  Se estivéssemos na iniciativa privada, essa empresa valeria muito somente pelo calibre de seus executivos. O mais incrível de tudo isso é ver essa gente trabalhando pela paixão em servir ao nosso país e querer mudar o rumo das coisas.

Tenho muito orgulho de fazer parte desse time e serei eternamente grato por tudo que tenho aprendido e passado em Brasília. Independentemente do partido político ou ideologia, e se fosse possível, claro, convidaria cada um dos meus amigos para passar um dia em Brasília e ver com os próprios olhos o que realmente está acontecendo, a verdade sobre os fatos. E não aquilo que é transmitido, propagado e reverberado por picuinha e posicionamento político-ideológico.

Muito já foi feito desde janeiro de 2019. O trabalho é intenso. No mínimo 12 horas por dia, mas ainda tem muito a ser feito. As próximas reformas estão aí. Algumas já enviadas ao Congresso e outras no forno para sair.

Passados esses dias de incertezas, angústias e isolamento por conta do Covid-19, precisamos juntos apoiar esse plano de governo, que é apartidário e que, com toda certeza, vai fazer com que o Brasil volte a crescer e prosperar.

Aos amigos que fazem oposição ao governo, tenham paciência e não torçam para as coisas darem errado. Por favor! Quando vejo vocês torcendo para o caos se instalar novamente, fico desanimado e penso até em desistir, pois não tem sido fácil lidar com essa torcida contra frente ao esforço e doação que estamos vivendo... Estejam certos que se tudo der errado e as coisas retornarem a ser como eram antes, será o mais fácil para mim pessoalmente, mas pior para todos como sociedade, como país!

Em 2022 teremos eleições e estejam certos de que o próximo presidente, seja ele quem for, encontrará um Brasil bem melhor, no prumo e principalmente com as contas equilibradas e sem corrupção.

Espero que, ao ler esse testemunho, aqueles que me conhecem e conhecem todo o meu histórico de vida pensem duas vezes antes de vociferar contra o governo, propagando mentiras e torcendo contra o nosso próprio país de forma masoquista. Estou aberto para debater e mostrar a cada um de vocês o que de fato estamos vivendo fora desse barulho todo.

Entendo que existem diferentes pontos de vista e ideologias. Gosto muito de entender o outro lado, pois sou curioso e sempre aprendo com o debate. Contudo, a propagação de mentiras e a manipulação de informações em troca de benefício próprio ou por preferência pessoal me soa como falta de caráter. E falta de caráter eu não tolero.

*Rafael Bussière trabalha na Secretaria de Coordenação e Governança do Patrimônio da União, que faz parte da Secretaria Especial de Desestatização, Desinvestimento e Mercados (ME), comandada por Salim Mattar.
TEXTO ESPETACULAR !
VALE A PENA LER E COMPARTILHAR !"
1805,COVID19.BR,sem_url,PT-BR,true,,0.8625371393607243,0.06185332735807565,0.39227859472487525,13,"Assim foram com a gripe espanhola... SARS, INFLUENZA (H1N1), e agora com Coronavirus"
830,COVID19.BR,sem_url,PT-BR,true,,0.8618150869226949,0.1958626272031155,0.28309899146681095,798,"*009. TERRORISTAS SÃO COMO MOSCAS EM LOJA DE PORCELANA?*



```Os terroristas são mestres no controle da mente. Eles matam pouquíssimas pessoas, mas ainda assim conseguem aterrorizar bilhões e sacudir enormes estruturas políticas, como a União Europeia ou os Estados Unidos. Desde 11 de setembro de 2001, todo ano terroristas têm matado cerca de cinquenta pessoas na União Europeia, dez nos Estados Unidos, sete na China e até 25 mil no mundo todo (principalmente no Iraque, no Afeganistão, no Paquistão, na Nigéria e na Síria). Em contraste, a cada ano acidentes de trânsito matam cerca de 80 mil europeus, 40 mil americanos, 270 mil chineses e 1,25 milhão no total. Diabetes e níveis elevados de açúcar matam até 3,5 milhões de pessoas por ano, e a poluição do ar, cerca de 7 milhões. Então por que temer o terrorismo mais do que o açúcar, e por que governos perdem eleições por causa de ataques terroristas esporádicos, mas não por causa da poluição crônica do ar?```

```Como indica o significado literal da palavra, o terrorismo é uma estratégia militar que espera mudar a situação política pelo medo, mais do que por danos materiais. Essa estratégia quase sempre é adotada por facções muito fracas que não são capazes de infligir grandes danos materiais a seus inimigos. É claro que toda ação militar inspira e difunde medo. Porém, na guerra convencional, o medo é só um subproduto de perdas materiais, e normalmente é proporcional à força que inflige essas perdas. No terrorismo, o medo é a narrativa principal, e há uma espantosa desproporção entre a força efetiva dos terroristas e o medo que eles conseguem inspirar.```

```Nem sempre é fácil mudar a situação política por meio de violência. No primeiro dia da Batalha do Somme, em 1o de julho de 1916, 19 mil soldados ingleses foram mortos e 40 mil foram feridos. Quando a batalha terminou, em novembro, ambos os lados tinham tido juntos mais de 1 milhão de baixas, incluindo 300 mil mortos. Mas essa terrível carnificina pouco alterou o equilíbrio de poder na Europa. Levou mais dois anos e milhões de baixas adicionais para que algo finalmente mudasse.```

```Comparado com a ofensiva do Somme, o terrorismo é coisa insignificante. Os ataques em Paris em 2015 mataram 130 pessoas, as bombas em Bruxelas em março de 2016 mataram 32, e na Arena de Manchester, em maio de 2017, 22. Em 2002, no auge da campanha de terror dos palestinos contra Israel, quando ônibus e restaurantes explodiam diariamente, o ano terminou com 451 israelenses mortos.5 No mesmo ano, 542 israelenses morreram em acidentes de carro. Alguns ataques terroristas como o atentado contra o voo 103 da Pan Am sobre Lockerbie, em 1988, matam centenas. Os ataques do Onze de Setembro estabeleceram novo recorde, matando quase 3 mil pessoas. Mas até mesmo esse ataque se torna pequeno diante do custo de uma guerra convencional. Se a tudo isso se acrescentar as pessoas mortas e feridas na Europa por ataques terroristas desde 1945 — inclusive vítimas de grupos tanto nacionalistas quanto religiosos, esquerdistas e de direita —, o total ainda será menor do que as baixas em qualquer número de batalhas obscuras da Primeira Guerra Mundial, como a terceira Batalha do Aisne (250 mil baixas) ou a Décima Batalha do Isonzo (225 mil).```

```Como, então, os terroristas esperam alcançar seus objetivos? Em seguida a um ato de terrorismo, o inimigo continua a ter o mesmo número de soldados, tanques e navios que tinha antes. A rede de comunicação do inimigo, as rodovias e ferrovias estão em grande parte intactas. Suas fábricas, portos e bases mal foram tocados. Contudo, os terroristas esperam que, mesmo sendo incapazes de arranhar o poder material do inimigo, o medo e a confusão o levarão a reagir exageradamente. Os terroristas calculam que quando o inimigo enfurecido usa sua força maciça contra eles, desencadeará uma tempestade militar e política muito mais violenta do que eles mesmos jamais poderiam criar. Durante cada uma dessas tempestades, surgem muitos imprevistos. Erros acontecem, atrocidades são cometidas, a opinião pública oscila, pessoas neutras mudam de posição e o equilíbrio de poder se modifica.```

```Por isso os terroristas se parecem com uma mosca tentando destruir uma loja de porcelanas. A mosca é tão fraca que não consegue mover uma única xícara de chá. Então como é que pode destruir a loja inteira? Ela acha um touro, entra em sua orelha e começa a zumbir. O touro se enfurece, de medo e de raiva, e destrói a loja. Foi isso que aconteceu após o Onze de Setembro, quando fundamentalistas islâmicos incitaram o touro americano a destruir a loja de porcelanas do Oriente Médio. Agora, eles florescem entre os escombros. E não faltam touros com pavio curto no mundo.```


_Yuval Harari no Livro 21 Lições Para o Século 21_"
2355,Fake.br,sem_url,PT-BR,true,,0.8615520758703034,0.5677060869447047,0.416610271237563,183,"Leitor da Folha prefere Alckmin e Lula em 2018 O governador Geraldo Alckmin (PSDB) e o ex-presidente Luiz Inácio Lula da Silva (PT) são os preferidos dos leitores da Folha para a eleição presidencial de 2018, segundo pesquisa do Datafolha. Alckmin tem 23% das intenções de voto entre leitores do jornal e Lula alcança 16%. Como a margem de erro da pesquisa é de quatro pontos, estão tecnicamente empatados. O Datafolha entrevistou, por telefone, 600 leitores que assinam a Folha ou residem com um assinante em todo o país, entre os dias 14 e 19 de dezembro passado. A pesquisa é representativa do total de leitores nas plataformas impressa e digital no Brasil. Pesquisa nacional feita pelo instituto no fim de novembro mostra Lula na liderança da corrida presidencial, com 36% das intenções de voto, e o deputado Jair Bolsonaro em segundo lugar, com 18%. Entre os leitores da Folha, Bolsonaro aparece com 8% das intenções de voto, empatado com o ministro da Fazenda, Henrique Meirelles (PSD), o ex-governador Ciro Gomes (PDT) e a ex-ministra Marina Silva (Rede). No conjunto do eleitorado, Alckmin"
906,COVID19.BR,sem_url,PT-BR,true,,0.8581148550528072,0.4920960317020805,0.322698553203177,35,"Sílvio Grimaldo - BSM  
O grande defensor do tratamento de coronavírus com cloroquina teve que enfrentar o lobby político da comunidade médica parisiense e a ditadura da metodologia para salvar a vida de seus pacientes."
470,COVID19.BR,sem_url,PT-BR,fake,,0.143265770276595,0.011190465541887825,0.36250677424013455,25,"Calma bebê 
Espume menos. Pode dar um AVC aí, estourar uma veia, sei lá. O pior é que a conta no final vai p coronavírus 😂"
699,COVID19.BR,sem_url,PT-BR,true,,0.8523777352996631,0.5256674302494011,0.21334340964169973,84,"O *LAR VICENTINO* É NOTÍCIA NA *FOLHA DE SÃO PAULO*.

Recebemos a visita do jornalista do *Grupo FOLHA* semana passada para a matéria sobre a situação dos idosos por conta do coronavírus.
A reportagem visitou dois asilos: O *Lar Vicentino* de Ermelino Matarazzo, que abriga idosos carentes, e o *Lar Sant’ana*, do Alto de Pinheiros, uma casa de repouso particular.

Leiam a matéria e saibam como vivem os idosos nesta época de isolamento, e as dificuldades de entidades filantrópicas com a escassez de doações."
10675,LLM4BR_300,noticias.uol.com.br,PT-BR,fake,Distorcido,0.1639644039864154,0.5677997057877178,0.359170870393154,116,"Um vídeo que passou a circular nas redes sociais nos últimos dias mostrando o ex-presidente Jair Bolsonaro em uma carreata cercada de apoiadores no Rio Grande do Sul foi gravado em março deste ano, antes das enchentes.

O vídeo também afirma ter sido gravado em Rio Claro (RS), mas o registro ocorreu em outra cidade gaúcha.

O UOL Confere considera distorcidos conteúdos que usam informações verdadeiras em contexto diferente do original, alterando seu significado de modo a enganar e confundir quem os recebe.


Zeca Camargo

Será que turistas merecem pistola d'água na cara?


Juca Kfouri

Javier Milei não precisa provar quem é


Milly Lacombe

O repugnante machismo em Lula


PVC

O qu… - Veja mais em"
29282,fakes,lupa.uol.com.br,PT-BR,fake,,0.1710030901787465,0.0079634264704328,0.6825755083263977,12,"Se autoproclamar presidente é fácil, quero ver governar. Boa noite a todos!"
47030,COVID19.BR_raw,sem_url,PT-BR,true,,0.8185850953495499,0.8414901392999655,0.3289779869255487,10,CONTRA O VIRUS CHINES É O FOCO - A DOENÇA
45756,COVID19.BR_raw,sem_url,PT-BR,true,,0.811524237737576,0.1737565336508059,0.7662798113593514,7,Sim. Ele estava com suspeita de covid-19
50665,MuMiN-PT,sem_url,PT-BR,true,,0.8079603687898427,0.2499932044770213,0.7656264144884176,13,"""Eduardo Cabrita diz que época de incêndios 'está a correr bem'. Nos ......"
45925,COVID19.BR_raw,sem_url,PT-BR,true,,0.7983033949836463,0.3544895922704531,0.30810016144348706,7,Então a Globo está imuni ao virus
30483,fakes,boatos.org,PT-BR,fake,,0.2077963384935427,0.03505888999091918,0.3694749877734873,20,A Intervias vai contratar 120 profissionais para trabalhar nas reformas e ampliações das rodovia Sertãozinho/Ribeirão preto Interessados entrar em contato:
3879,Fake.br,sem_url,PT-BR,true,,0.7841865913953386,0.4280411017267286,0.26163608815631434,17,"Modelo diz que foi agredida por porteiros e acusa o ex, ator, de ser o mandante. Jéssica"
30111,fakes,boatos.org,PT-BR,fake,,0.2177774015157736,0.003876672695167787,0.33439828789494663,20,"O único dia que eu queria dormir cedo me colocam ""O n..."" do Trump... Acho que nunca mais vou dormir.."
3747,Fake.br,sem_url,PT-BR,true,,0.7808851456241521,0.28506854095983275,0.22107841948383145,186,"Tecnologias podem resfriar o planeta e evitar uma catástrofe. Com Trump afastando os EUA dos acordos internacionais, a geoengenharia parece ainda mais atraente. Vocês se lembram do filme ""Expresso do Amanhã""? Nesse delirante thriller de ficção científica do diretor coreano Bong Joon-ho, uma tentativa de reverter o aquecimento global acaba tendo um resultado terrível. O planeta congela. Apenas os passageiros de um trem que nunca para de viajar em torno da Terra conseguem sobreviver. Os da primeira classe comem sushi e bebem vinho em abundância. As pessoas da terceira classe comem barras de proteína feitas de baratas. É sério. Os cientistas precisam começar a estudar essas coisas. As notícias sobre o clima estão se tornando alarmantes ao longo dos últimos meses. Em dezembro, os cientistas revelaram que as temperaturas de algumas partes do Ártico estavam em torno de 20º C acima das médias históricas. Em março, outros relataram que o gelo do Ártico havia caído para os níveis mais baixos da história. O oceano mais quente já havia matado uma enorme parcela da Grande Barreira de Corais na Austrália. Vamos falar sério agora. As chances de"
17333,Fake.br_raw,sem_url,PT-BR,fake,,0.219626082160584,0.3876886439905203,0.395038117228101,131,"Temer é o líder da mais perigosa organização criminosa do Brasil. Estas foram as palavras de Joesley Batista, dono da FRIBOI, ao revelar em entrevista bombástica a Revista Época como funcionava o sistema de corrupção nos bastidores do poder de Brasília. Joesley explicou minuciosamente, sempre fazendo referência aos documentos entregues à Procuradoria-Geral da República, como se tornou o maior comprador de políticos do Brasil. Discorreu sobre os motivos que o levaram a gravar o presidente Michel Temer e a se oferecer à PGR para flagrar crimes em andamento contra a Lava Jato. Atacou o presidente, a quem acusa, com casos e detalhes inéditos, de liderar “a maior e mais perigosa organização criminosa do Brasil” – e de usar a máquina do governo para retaliá-lo. ÉPOCA – Quando o senhor conheceu Temer?"
46704,COVID19.BR_raw,sem_url,PT-BR,true,Falso,0.7763836468724772,0.2649498806577065,0.5229307285027727,6,Olavo de Carvalho ao vivo. Cloroquina.
29308,fakes,lupa.uol.com.br,PT-BR,fake,,0.2257763141933548,0.009355764763813362,0.43048395669399064,8,Álcool gel no painel do carro em Itatiba…
45636,COVID19.BR_raw,sem_url,PT-BR,true,,0.773411135338205,0.8473849661235655,0.49047903500148415,3,Passou pela China.
45107,COVID19.BR_raw,sem_url,PT-BR,true,,0.7684503583920547,0.8956396883908353,0.4219184470016193,9,A face q a China não mostra ao mundo
31128,fakes,boatos.org,PT-BR,fake,,0.2369562335763915,0.3089322361721354,0.23534296956686362,125,"Mesmo preso, traficante consegue ser o mais votado para Conselheiro Tutelar

O Conselheiro Tutelar eleito com o maior número de votos em uma cidade no RJ, está preso desde o dia 6 de setembro no Centro de Detenção Provisória Masculino II, no Rio de Janeiro.

Otacílio Silva dos Santos, o Beterraba, Mesmo na cadeia, acusado pelos crimes de Homicídio qualificado, latrocínio ,tráfico de drogas, ligação à organização criminosa e tortura com resultado morte, ele recebeu 999 votos nas eleições deste domingo..

Os advogados do acusado informaram que entraram com recurso, na intenção de que ele responda o processo em liberdade e assuma o cargo.

A notícia deixou a população indignada, pois como que uma pessoa com histórico criminoso pode ser eleito conselheiro de alguma cidade."
30565,fakes,boatos.org,PT-BR,fake,,0.2481382486441825,0.005092710592132276,0.5685552670341444,22,Obrigado pelo conselho para contornar o Facebook... Funciona!! Eu tenho um perfil totalmente novo. Vejo publicações de pessoas que não via mais.
3036,Fake.br,sem_url,PT-BR,fake,,0.2523020444087859,0.32840180064479085,0.21261530748430735,338,"O sistema carcerário no Japão: disciplina, foco, organização, limpeza e rotina.  A filosofia que coordena o processo carcerário no continente asiático é bem diferente do que acontece em outros presídios ocidentais..  Confira como é a cadeia no Japão: O foco principal é levar o condenado ou condenada ao arrependimento pelo ato cometido. Eles acreditam que, por ter errado, a pessoa deixa de ser um ser humano honrado e deve pagar por isso. O Japão possui um dos sistemas carcerários mais severos do mundo. Tudo é autoritário. Pela cartilha de normas internas, o preso tem que pedir permissão para tudo em posição de sentido, dedos esticados, com o braço direito, tirar o boné com a mão esquerda e dizer ""hanashimassu"", que significa ""queria falar"". Caso algum preso descumprir essa ordem, será punido com isolamento na solitária. A organização e a limpeza ditam a lei e os presos possuem o que mais falta nas celas de outros países: ESPAÇO. A lei japonesa determina que no máximo seis detentos permaneçam em uma cela. Nenhum condenado fica sem trabalhar e não há tempo livre para imaginar ou planejar fugas. As normas rígidas valem para todos os encarcerados, porém, estrangeiros são tratados com uma severidade extra. O preso japonês acorda às 6h50 min. Vai para a oficina, onde trabalha na confecção de móveis ou brinquedos e retornam para a cela, de onde só saem no dia seguinte. Os banhos são escassos e acontecem duas vezes por semana. As celas possuem pouca iluminação, um cobertor, uma pia e um banheiro pequeno. Visitas são feitas por meio de paredes de vidros e acompanhadas por guardas. Cartas ou mensagens devem ser encaminhadas com uma tradução no idioma e o detento deve falar apenas japonês. A disciplina é bem mais rígida com os presos ocidentais. Os japoneses afirmam que os ocidentais não conhecem o significado da palavra disciplina. No Japão, há horários cronometrados para tudo: comer, dormir, trabalhar, assistir TV, etc... Estrangeiro é proibido de se comunicar em idioma pátrio e deve falar na língua dos japoneses."
26622,fakes,lupa.uol.com.br,PT-BR,fake,Insustentável,0.269511921017064,0.022814644301918253,0.2970959779918587,9,Eu nunca disse que queria ser vice do Aécio
46720,COVID19.BR_raw,sem_url,PT-BR,true,,0.7291499839085984,0.9758644647431278,0.5575855517199649,5,"*É IMORAL, É CRIMINOSO!*🤮




#bolsonarotemrazao💪🇧🇷"
5220,Fake.br,sem_url,PT-BR,fake,,0.272064801086136,0.30048196227169716,0.3910387220457544,109,"Quadro de saúde de Marisa é estável. Ela ficará na UTI para observação. Lula disse que está esperançoso. .  O Sírio Libanês informou que Dona Marisa Letícia foi imediatamente submetida a um atendimento de emergência, seguido de cirurgia endovascular (embolização) e oclusão do aneurisma. Ela deverá ficar na UTI por tempo indeterminado. O médico da família , dr. Kalil Roberto Filho, disse que o quadro de saúde de dona Marisa é estável, mas que ela ainda corre risco de morte. O presidente do Instituto Lula informou que tudo correu bem durante a cirurgia. Okamoto informou que Lula está ""preocupado e muito esperançoso"". Lula ainda não falou com a imprensa."
24928,fakes,lupa.uol.com.br,PT-BR,fake,,0.2735786558042661,0.060548602701445,0.6227344624264697,41,PT estabelece cronograma para recolhimento de todas as armas de fogo registradas no Brasil. Armas adquiridas com registro até 2022 serão recolhidas e poderão ser trocadas por cestas básicas nas unidades da polícia federal apartir do mês de março em 2023
33889,fakes,politica.estadao.com.br,PT-BR,fake,,0.2858490580620061,0.30218866058854404,0.26366772641005365,40,Número de processos dos integrantes da CPI Renan Calheiros: 13 Otto Alencar: 1 Tasso Jereissati: 1 Humberto Costa: 742 Randolfe Rodrigues: 1 Ciro Nogueira: 16 Jorginho Mello: 21 Eduardo Girão: 8 Marcos Rogério: 1294 Eduardo Braga: 306 Omar Aziz: 2
30756,fakes,boatos.org,PT-BR,fake,,0.2926630527197382,0.0431800428518763,0.25315387859740435,29,"Dória antecipa Natal e ano novo para semana q vem. Queima de fogos será na quarta feira. Gente o cara endoidou de vez, quero ver quem vai cumprir kkkkk"
45503,COVID19.BR_raw,sem_url,PT-BR,true,,0.6925038419707009,0.02842328189611752,0.33675476597509635,4,Comportamento made in china
49933,MuMiN-PT,sem_url,PT-BR,fake,,0.311854814064993,0.08520732019837712,0.484439245925843,12,Já perdi alguns amigos: Um. Isto do coronavírus não é uma brincadeira.
45059,COVID19.BR_raw,sem_url,PT-BR,true,,0.6862101370169829,0.11401379708196238,0.5086186062833785,12,Hospital Referência à Covid atende 54% dos pacientes do interior do Estado
41807,fakes,observador.pt,PT-PT,fake,Errado,0.3162834003978901,0.039350252776818855,0.8813238181029923,8,Áustria depois do bloqueio para os não vacinados-
38109,fakes,poligrafo.sapo.pt,PT-PT,fake,,0.3170833334685866,0.09689225967476683,0.4723467227712229,13,Joacine Katar Moreira do Livre só começou a gaguejar na presente campanha eleitoral?
37245,fakes,poligrafo.sapo.pt,PT-PT,fake,,0.3309487055934476,0.008707622007050579,0.45706691805357025,13,Dívida de Portugal atingiu um valor superior a 743 mil milhões de euros?
31808,fakes,boatos.org,PT-BR,fake,,0.3335533303514107,0.42607422618162344,0.24459919876993552,29,"*Amizade segundo Fernando Pessoa*_""Meus amigos são todos assim: metade loucura, outra metade santidade. Escolho-os não pela pele, mas pela pupila, que tem que ter brilho questionador e tonalidade inquietante"
25740,fakes,lupa.uol.com.br,PT-BR,fake,,0.3347195961290357,0.43242379642707535,0.27925856234126534,49,"Atenção Com o indeferimento da candidatura de Bruno Engler por conta do impasse com a vice Cláudia Romualdo, todos os votos no número 28 serão considerados NULOS. Com mais votos nulos, as chances de vitória de Alexandre Kalil no primeiro turno aumentam. Se você não quer Kalil, vote 23!"
28082,fakes,lupa.uol.com.br,PT-BR,fake,,0.336596366755435,0.1548593540089036,0.40196721679613556,30,A Prefeitura de Imperatriz é mais uma das gestões municipais na mira da Polícia Federal por suspeita de desvio de dinheiro público destinado para o combate à Covid-19 na cidade
32107,fakes,politica.estadao.com.br,PT-BR,fake,,0.3379767567123634,0.002925930657898374,0.314069657622408,12,Prefeitura agenda coleta de sangue para teste de coronavírus pelo número 156
45962,COVID19.BR_raw,sem_url,PT-BR,true,,0.6617748784053703,0.2618336542834503,0.25158527947970044,596,"El presidente de los Estados Unidos, Donald Trump, canceló el proyecto de Bill Gates conocido como ' ID2020' e hizo lo siguiente:

1.- Decretó que vacunas sean VOLUNTARIAS y no obligatorias, siento los militares quienes verifiquen su pureza y las distribuyan.

2.- Cortó los fondos a la Organización Mundial de la Salud (OMS) y quiere una investigación exhaustiva sobre sus operaciones. 

3.- Canceló la propuesta de ley 'H.R.6666' de los demócratas, conocida como Covid-19 TRACE Act (Testing, Reaching And Contacting Everyone) que fue la base del proyecto de ley de diagnóstico y seguimiento de Bill Gates (mismo que también se canceló).

4.- Canceló el proyecto de Bill Gates conocido como 'ID2020'. 

5.- Abrió una plataforma de informes para que la misma población pudiera denunciar la censura que le aplicaran en Facebook, Twitter y YouTube. El resultado fue rotundo, ya que en poco tiempo se saturó de denuncias y así Trump obtuvo la evidencia que necesitaba para tomar acciones en contra de la censura. 

6.- Detuvo el lanzamiento de 5G en todo el país. 

7.- Emitió una orden ejecutiva para reabrir la actividad comercial y laboral en todos los estados de EEUU al punto en que los gobernadores que se nieguen serán procesados. 

8.- Ejecutó la orden de que la Casa Blanca se haga cargo de todas las redes eléctricas que incluyen: servidores de Internet, sistemas de transmisión y sistemas electrónicos. (Bandera roja).

9.- Declaró 'Servicios esenciales' a los lugares de culto. Algunos alcaldes están multando a las personas por ir a la iglesia.

10.- Aplaudió a Australia y a 116 países por insistir en una estricta y rigurosa investigación a China por haber propagado el supuesto ""COVID-19"", a pesar de varias amenazas de China por rechazar exportaciones críticas.

NOTA: ID2020 es el nombre del proyecto que propone la identificación digital de prácticamente todas las personas del planeta. El término ""identificación digital "" significa la inserción de un microchip en el cuerpo humano que contiene toda la información personal de cada ciudadano. 
Poco se ha dicho sobre el tema en los medios, pero el proyecto ID2020 ha alcanzado una etapa muy avanzada. El sitio web oficial indica que ID2020 es un tipo de asociación público-privada que involucra a la ONU, a la OMS, a los gobiernos internacionales y a sus miembros fundadores, quienes también son sus patrocinadores más activos.
¿Quiénes son los miembros fundadores y financiadores? Los miembros fundadores incluyen nombres destacados como 'Microsoft' (de Bill Gates), 'GAVI' (la alianza global para vacunas e inmunización, interesada en promover el uso de vacunas en todo el mundo) y la familia Rockefeller. 
En la Administración ID2020 encontramos representantes de los ya conocidos organismos entrometidos en cada movimiento que da la élite del poder para imponer el Nuevo Orden Mundial: JP Morgan, Banco Santander, USB Bank, Deutsche Bank, IBM, Rockefeller Foundation, Microsoft... (Me llamó mucho la atención no encontrar en la lista a Goldman Sachs.
OBVIAMENTE ID2020 se presenta de manera positiva para que todos la acepten: como ""un activo para los ciudadanos"" (e incluso más que eso: lo manejan como un DERECHO), ""algo que le falta a nuestra vida para mejorar en todos los aspectos (sobre todo los más básicos)"".
En la primera página del proyecto podemos leer: ""La identidad es vital para las oportunidades políticas, económicas y sociales. Pero los sistemas de identificación son arcaicos e inseguros, falta una protección adecuada de la privacidad y, para más de mil millones de personas, son inaccesibles""...

Todo esto y más es lo que hay detrás de los recientes hechos en USA.. parece que le causo muchas molestias a algunos tiburones."
42506,fakes,aosfatos.org,PT-BR,fake,falso,0.3394510941782843,0.02902687327674167,0.7870214661893268,14,Óbitos por doenças respiratórias no Ceará foi maior em 2019 do que em 2020.
38172,fakes,poligrafo.sapo.pt,PT-PT,fake,,0.3404083885122771,0.006693310280564301,0.516622558266891,12,"Dívida pública portuguesa alcançou ""recorde absoluto"" de 268,8% do PIB em 2020?"
37971,fakes,poligrafo.sapo.pt,PT-PT,fake,,0.3421165819826575,0.0392727659629285,0.5034770724081796,13,"Número de desempregados aumentou 45,1% no terceiro trimestre de 2021 face ao anterior?"
2495,Fake.br,sem_url,PT-BR,true,,0.6542262639776618,0.039424929645212804,0.3215756874593195,137,"Fecha-se o cerco pró Anastasia em MG. Depois da pressão do governador e pré-candidato Geraldo Alckmin, agora intensifica-se a dos deputados federais e estatuais do PSDB de Minas para que o senador e ex-governador Antônio Anastasia aceite disputar o governo do estado pelo PSDB. Os sete deputados federais e os oito estaduais do partido têm jantar marcado para segunda-feira, em Belo Horizonte, na casa de um deles, Eduardo Barboza, presidente da Federação das APAEs e um dos principais especialistas em políticas sociais no Congresso. Anastasia tentava reagir à candidatura, mas conversou longamente com Alckmin nesta semana e está sendo convencido de que é peça estratégica para a campanha nacional do PSDB e para unir as oposições mineiras ao governo do petista Fernando Pimentel em outubro. Em desvantagem histórica no Nordeste, principal reduto do PT, o PSDB também"
27695,fakes,lupa.uol.com.br,PT-BR,fake,,0.3468074191068132,0.5429572468740004,0.9911760286878741,86,"➙ Observe que o pH do Coronavírus varia de 5,5 á 8,5. Portanto - tudo o que precisamos fazer - para eliminar o vírus é consumirmos mais alimentos alcalinos, acima do nível de acidez do vírus. Tais como; ◉ Bananas Limão verde → 9,9 pH ◉ Limão Amarelo → 8,2 pH ◉ Abacate - 15,6 pH ◉ Alho - 13,2 pH ◉ Manga - 8,7 pH ◉ Tangerina - 8,5 pH ◉ Abacaxi - 12,7 pH ◉ Agrião - 22,7 pH ◉ Laranjas - 9,2 pH"
28017,fakes,lupa.uol.com.br,PT-BR,fake,,0.3498053740053344,0.09864032881857183,0.33310135230090443,34,"O Ministério da Justiça já ofereceu ao Governo do Maranhão vagas em presídios federais de Segurança Máxima para receber presos do Complexo Penitenciário de Pedrinhas, em São Luís. A remoção deverá acontecer em breve"
51009,MuMiN-PT,sem_url,PT-BR,true,,0.6463508020209942,0.5787991565767686,0.3977799037938927,16,Já que a gente tem observado um aumento do suicídio nessa faixa etária [criança e adolescente]
26238,fakes,lupa.uol.com.br,PT-BR,fake,,0.3563230755030223,0.38008654484587706,0.3229897686063057,39,"Lula arriscou e foi assistir Atlético MG X América, domingo último em BH. Foi muito emocionante quando o estádio inteiro começou a gritar pelo seu nome. Não tem preço!!! 😂😂😂 56 % na pesquisa, diz o Datafolha e só crescendo.👇🏻👇🏻"
35827,fakes,poligrafo.sapo.pt,PT-PT,fake,,0.3612894895194946,0.1213627548772937,0.43106809400788626,14,Receita do ISP em janeiro de 2022 aumentou 25% em relação ao período homólogo?
3117,Fake.br,sem_url,PT-BR,true,,0.6362567429534055,0.43570976322953764,0.32973057956578533,205,"Lobão, em nova carta, diz que previa a falta de respostas de Chico, Caetano e Gil. Texto publicado no Facebook do músico, segundo ele mesmo explica, complementa o primeiro que foi divulgado na semana passada. Lobão mantém a ideia de debater com os medalhões da MPB. Depois de publicar uma carta aberta endereçada a Gilberto Gil, Caetano Veloso e Chico Buarque, e ficar praticamente sem resposta, o músico resolveu agir de novo. Publicou mais uma carta – maior do que a primeira, diga-se de passagem –, na sua conta do Facebook. + Lobão lança disco e livro, mas diz sofrer boicote político ao não conseguir marcar shows No texto, Lobão abre seu fluxo de pensamento endereçando-se diretamente à ausência de manifestações por parte dos três. Gil disse não ter lido a primeira carta, mas que aceitava o pedido de perdão. Chico se manifestou afirmando que não tinha a intenção de ler. Caetano, fora do País, não se pronunciou. “Saliento comovido e contente o meigo e solitário depoimento de Gil ao aceitar as minhas desculpas. Contudo, se Gil se dispusesse a ler o texto com atenção constataria que o cerne da questão gira em torno de um outro intento: uma convocação”,escreve Lobão. “Chico deixou bem claro"
26548,fakes,lupa.uol.com.br,PT-BR,fake,,0.3729413725422227,0.06567841307488334,0.2845606514584853,13,Renata abreu é um exemplo da valorização das mulheres no nosso partido [Podemos]
46892,COVID19.BR_raw,sem_url,PT-BR,true,,0.625477822058854,0.04124703762405878,0.6514897416443728,4,Coronavírus é política é
37597,fakes,poligrafo.sapo.pt,PT-PT,fake,,0.3791124658080999,0.1188037053255555,0.40421774279282774,21,Debate OE. PSD: dois terços dos utentes de Lisboa e Vale do Tejo não têm médico de família. Verdadeiro ou falso?
31027,fakes,boatos.org,PT-BR,fake,,0.381295699602865,0.1868578093383352,0.3269530281988018,24,"ADEUS BORRACHEIRO. Outra profissão acabando, olha o fim dos borracheiros sendo anunciado. Pneu no Japão já é vendido com esta tecnologia, sem custo adicional."
44156,fakes,aosfatos.org,PT-BR,fake,,0.3815263590003157,0.010816765820483907,0.37224354393428016,10,#BolsonaroDay 31/05/ 2020 🔰💪💪💚💛💙#fechadocomBolsonaro 🔰 — em Rio Grande do Sul.
25467,fakes,lupa.uol.com.br,PT-BR,fake,,0.3818597374094521,0.655725723438135,0.38380707978260853,17,O VAGABUNDO DO LULA É IMPEDIDO DE SEGUIR PERCURSO EM PERNAMBUCO. AGORA É DO AEROPORTO PRA TRÁS. 😡
46182,COVID19.BR_raw,sem_url,PT-BR,true,,0.6180628059227614,0.3545682718911928,0.25834210465922225,4,NÃO Cliquem é virus
26295,fakes,lupa.uol.com.br,PT-BR,fake,,0.3821469803566861,0.02154178271067538,0.4305203999608387,19,“Fortaleza e o estado do Ceará tiveram quase 900 mil pessoas que morreram por câncer de mama em 2017.”
31505,fakes,boatos.org,PT-BR,fake,,0.3826645010942743,0.13837216121346047,0.5653760954380329,13,Casa do Secretário de Saúde da Paraíba.../Casa do secretário de saúde do Pará
36415,fakes,poligrafo.sapo.pt,PT-PT,fake,,0.3879274113419316,0.045657189278306524,0.29640799441878496,17,Mamadou Ba é membro da CICDR e decide sanções sobre casos de racismo denunciados pelo próprio? (Atualizado)
38625,fakes,poligrafo.sapo.pt,PT-PT,fake,,0.3881226847068809,0.017288004649001185,0.3344627181408857,15,Portugal estabeleceu acordo com a Índia para acolher 700 mil imigrantes nos próximos três anos?
31472,fakes,boatos.org,PT-BR,fake,,0.3896646639370168,0.0019984346809732764,0.3197453316483472,31,Surto de esquistossomose em jovens universitários preocupa autoridades Já são mais de 30 casos de estudantes que foram afetados pela “barrida d’água”; suspeita é de vazamento de fezes de banheiros químicos
6007,Fake.br,sem_url,PT-BR,true,,0.6084739247418576,0.6513148659843689,0.19818358412900794,159,"Ao acusar a Lava Jato de ser a responsável pela falência do Rio de Janeiro e a penúria do cidadão fluminense em discurso no Comperj, refinaria da Petrobrás cujos cofres foram devastados no desgoverno dele e no de seu poste Dilma, o multirréu Luiz Inácio Lula da Silva está criando uma nova jurisprudência no direito internacional: se o réu está encalacrado ele pode culpar o juiz, promotores e policiais que o condenam pelo crime que ele cometeu e assim sair inocente do processo. Ou seja, a culpa pelo crime não é do criminoso, mas da lei e da justiça. O cinismo dele atingiu o cúmulo, superando o ex-governador Sérgio Cabral, do PMDB, ao qual o PT se associou para produzir a desgraça geral: patrocinaram a falência do Estado e a penúria do cidadão fluminense, culpou os agentes da lei e ele correu pra galera. Eles não têm limites mesmo. (Comentário no Jornal da Gazeta da Rádio Gazeta – FM"
25359,fakes,lupa.uol.com.br,PT-BR,fake,,0.394850837759298,0.15620123058830276,0.3175334077251749,19,"Comecei uma campanha [em 2008] com 3% das intenções de votos, os meu adversários tinham 38%, outro tinha 26%"
43293,fakes,aosfatos.org,PT-BR,fake,,0.4028505495516529,0.1097620063031292,0.8555050882647145,11,Sou há favor dos corte na educassão governo já investi muinto.
31142,fakes,boatos.org,PT-BR,fake,,0.4065461450557329,0.3739007232850013,0.43197303797382214,21,"Boulos está internado no Einstein, ele não foi morar na periferia? Deveria também se tratar no SUS. Mais vai nada heim!!!"
45542,COVID19.BR_raw,sem_url,PT-BR,fake,,0.4106028006200481,0.34811391928146473,0.36863094401955077,6,Toda morte pulmonar agora e' corona
18587,Fake.br_raw,sem_url,PT-BR,true,,0.5572255789180401,0.25620556493819957,0.6220608046698072,11,Imagens da semana de 9 a 15 de dezembro de 2017.
46773,COVID19.BR_raw,sem_url,PT-BR,true,,0.5173322210566764,0.1960472218914948,0.4552991365920258,7,CORONA MEU PAU TA NA SUA LONA
