rid,dataset_name,source_type,source_description,label,date_iso,url_review,text,text_clean,text_no_url,extracted_urls,is_duplicated,is_null,too_short,factcheck_rating,factcheck_claimant,factcheck_url,subsets_involved,labels_involved,row_count
59,COVID19.BR,news,Mensagens de WhatsApp em português brasileiro sobre COVID-19 coletadas em grupos públicos em 2020.,fake,,,"A FRAUDE PAULISTA

Das 201 mortes, 119 tiveram resultado negativo para o coronavírus. Outros 37 exames foram considerados inadequados, ou seja, não foi possível fazer a análise porque as amostras estavam prejudicadas seja por falta de material, coleta incorreta ou danificada durante o transporte.
De acordo com a secretaria 19 exames foram classificados como “extraído”, ou seja, houve dúvida na análise e os testes estão sendo refeitos.

Trocando em miúdos:

201 - 119 negativos = 82

82 - 37 inadequados = 45

45 - 19 extraídos = 26

APENAS 26 MORTOS EM SÃO PAULO.
Pelo jeito eles vão esquartejar os corpos e jogar um pedaço em cada Covas, digo, cova.

fonte:","a fraude paulista das 201 mortes, 119 tiveram resultado negativo para o coronavirus. outros 37 exames foram considerados inadequados, ou seja, nao foi possivel fazer a analise porque as amostras estavam prejudicadas seja por falta de material, coleta incorreta ou danificada durante o transporte. de acordo com a secretaria 19 exames foram classificados como “extraido”, ou seja, houve duvida na analise e os testes estao sendo refeitos. trocando em miudos: 201 - 119 negativos = 82 82 - 37 inadequados = 45 45 - 19 extraidos = 26 apenas 26 mortos em sao paulo. pelo jeito eles vao esquartejar os corpos e jogar um pedaco em cada covas, digo, cova. fonte:","A FRAUDE PAULISTA

Das 201 mortes, 119 tiveram resultado negativo para o coronavírus. Outros 37 exames foram considerados inadequados, ou seja, não foi possível fazer a análise porque as amostras estavam prejudicadas seja por falta de material, coleta incorreta ou danificada durante o transporte.
De acordo com a secretaria 19 exames foram classificados como “extraído”, ou seja, houve dúvida na análise e os testes estão sendo refeitos.

Trocando em miúdos:

201 - 119 negativos = 82

82 - 37 inadequados = 45

45 - 19 extraídos = 26

APENAS 26 MORTOS EM SÃO PAULO.
Pelo jeito eles vão esquartejar os corpos e jogar um pedaço em cada Covas, digo, cova.

fonte:",[],0,0,0,falso,desinformação,https://www.aosfatos.org/noticias/e-falso-que-sp-revisou-dados-e-agora-registra-apenas-26-mortes-por-covid-19/,"['COVID19.BR', 'COVID19.BR_raw']","['fake', 'true']",2
104,COVID19.BR,news,Mensagens de WhatsApp em português brasileiro sobre COVID-19 coletadas em grupos públicos em 2020.,fake,,,"SORRIAM, VOCÊS ESTÃO SENDO ENGANADOS.

A FRAUDE PAULISTA:

Das 201 mortes, 119 tiveram resultado negativo para o coronavírus. Outros 37 exames foram considerados inadequados, ou seja, não foi possível fazer a análise porque as amostras estavam prejudicadas seja por falta de material, coleta incorreta, ou danificada durante o transporte.

De acordo com a secretaria, 19 exames foram classificados como “extraído”, ou seja, houve dúvida na análise e os testes estão sendo refeitos.

Trocando em miúdos:

201 - 119 negativos = 82

82 - 37 inadequados = 45

45 - 19 extraídos = 26

APENAS 26 MORTOS EM SÃO PAULO!!!!!

Pelo jeito eles vão esquartejar os corpos e jogar um pedaço em cada Covas, digo, cova.","sorriam, voces estao sendo enganados. a fraude paulista: das 201 mortes, 119 tiveram resultado negativo para o coronavirus. outros 37 exames foram considerados inadequados, ou seja, nao foi possivel fazer a analise porque as amostras estavam prejudicadas seja por falta de material, coleta incorreta, ou danificada durante o transporte. de acordo com a secretaria, 19 exames foram classificados como “extraido”, ou seja, houve duvida na analise e os testes estao sendo refeitos. trocando em miudos: 201 - 119 negativos = 82 82 - 37 inadequados = 45 45 - 19 extraidos = 26 apenas 26 mortos em sao paulo!!!!! pelo jeito eles vao esquartejar os corpos e jogar um pedaco em cada covas, digo, cova.","SORRIAM, VOCÊS ESTÃO SENDO ENGANADOS.

A FRAUDE PAULISTA:

Das 201 mortes, 119 tiveram resultado negativo para o coronavírus. Outros 37 exames foram considerados inadequados, ou seja, não foi possível fazer a análise porque as amostras estavam prejudicadas seja por falta de material, coleta incorreta, ou danificada durante o transporte.

De acordo com a secretaria, 19 exames foram classificados como “extraído”, ou seja, houve dúvida na análise e os testes estão sendo refeitos.

Trocando em miúdos:

201 - 119 negativos = 82

82 - 37 inadequados = 45

45 - 19 extraídos = 26

APENAS 26 MORTOS EM SÃO PAULO!!!!!

Pelo jeito eles vão esquartejar os corpos e jogar um pedaço em cada Covas, digo, cova.",[],0,0,0,,,,"['COVID19.BR', 'COVID19.BR_raw']","['fake', 'true']",2
203,COVID19.BR,news,Mensagens de WhatsApp em português brasileiro sobre COVID-19 coletadas em grupos públicos em 2020.,fake,,,"Acabou de sair um estudo da Universidade de Turim que mostra que os atingidos pelo covid tinham, em grande parte, carência de vitamina D.

Isso explicaria também o impacto da epidemia no auge do inverno no hemisfério norte, quando as populações tem a menor exposicão anual à luz do sol, que é fundamental p/ produzir a vitamina D.



Cientistas da Universidade de Turim recomendam tomar vitamina D para combater a pandemia de coronavírus.  O estudo dos professores de Geriatria, Giancarlo Isaia e Histologia, Enzo Medico, foi submetido aos membros da Academia de Medicina de Turim, que consideraram os primeiros resultados ""muito interessantes"".  O documento analisa as possíveis causas do contágio do Covid-19 e propõe a vitamina D certamente não como uma cura, mas como uma ferramenta para reduzir os fatores de risco.

 Os primeiros dados preliminares coletados atualmente em Turim indicam que os pacientes hospitalizados por Covid-19 têm uma prevalência muito alta de hipovitaminose D. ""A compensação por essa ampla deficiência de vitamina pode ser alcançada principalmente pela exposição à luz solar, tanto quanto possível, mesmo em varandas.  e terraços, alimentando-se de alimentos ricos em vitamina D e, sob supervisão médica, tomando medicamentos específicos "", afirmam os pesquisadores.

 A análise, também realizada seguindo as recomendações recentes da Associação Dietética Britânica, investigou o papel que a falta de vitamina D poderia desempenhar, o que na Itália afeta grande parte da população, especialmente os idosos, nessa pandemia.  No documento, os autores sugerem aos médicos, em associação com as conhecidas medidas gerais de prevenção, garantir níveis adequados de vitamina D na população "", mas sobretudo naqueles já infectados, em seus familiares, nos profissionais de saúde, em idosos frágeis,  nos hóspedes das residências assistenciais, nas pessoas em regime de clausura e em todos aqueles que, por várias razões, não se expõem adequadamente à luz do sol "".  Além disso, a administração da forma ativa de vitamina D, calcitriol, por via intravenosa em pacientes com coronavírus e com função respiratória particularmente comprometida também pode ser considerada.

 ""Essas indicações derivam de inúmeras evidências científicas - escrevem os professores - que demonstraram um papel ativo da vitamina D na modulação do sistema imunológico, a associação frequente da hipovitaminose D com inúmeras patologias crônicas que podem reduzir a expectativa de vida em idosos""  , ainda mais no caso da infecção por Covid-19, um efeito da vitamina D na redução do risco de infecções respiratórias de origem viral, incluindo aquelas causadas por coronavírus e a capacidade da vitamina D de neutralizar os danos pulmonares causados ​​pela hiperinflamação "".","acabou de sair um estudo da universidade de turim que mostra que os atingidos pelo covid tinham, em grande parte, carencia de vitamina d. isso explicaria tambem o impacto da epidemia no auge do inverno no hemisferio norte, quando as populacoes tem a menor exposicao anual a luz do sol, que e fundamental p/ produzir a vitamina d. cientistas da universidade de turim recomendam tomar vitamina d para combater a pandemia de coronavirus. o estudo dos professores de geriatria, giancarlo isaia e histologia, enzo medico, foi submetido aos membros da academia de medicina de turim, que consideraram os primeiros resultados ""muito interessantes"". o documento analisa as possiveis causas do contagio do covid-19 e propoe a vitamina d certamente nao como uma cura, mas como uma ferramenta para reduzir os fatores de risco. os primeiros dados preliminares coletados atualmente em turim indicam que os pacientes hospitalizados por covid-19 tem uma prevalencia muito alta de hipovitaminose d. ""a compensacao por essa ampla deficiencia de vitamina pode ser alcancada principalmente pela exposicao a luz solar, tanto quanto possivel, mesmo em varandas. e terracos, alimentando-se de alimentos ricos em vitamina d e, sob supervisao medica, tomando medicamentos especificos "", afirmam os pesquisadores. a analise, tambem realizada seguindo as recomendacoes recentes da associacao dietetica britanica, investigou o papel que a falta de vitamina d poderia desempenhar, o que na italia afeta grande parte da populacao, especialmente os idosos, nessa pandemia. no documento, os autores sugerem aos medicos, em associacao com as conhecidas medidas gerais de prevencao, garantir niveis adequados de vitamina d na populacao "", mas sobretudo naqueles ja infectados, em seus familiares, nos profissionais de saude, em idosos frageis, nos hospedes das residencias assistenciais, nas pessoas em regime de clausura e em todos aqueles que, por varias razoes, nao se expoem adequadamente a luz do sol "". alem disso, a administracao da forma ativa de vitamina d, calcitriol, por via intravenosa em pacientes com coronavirus e com funcao respiratoria particularmente comprometida tambem pode ser considerada. ""essas indicacoes derivam de inumeras evidencias cientificas - escrevem os professores - que demonstraram um papel ativo da vitamina d na modulacao do sistema imunologico, a associacao frequente da hipovitaminose d com inumeras patologias cronicas que podem reduzir a expectativa de vida em idosos"" , ainda mais no caso da infeccao por covid-19, um efeito da vitamina d na reducao do risco de infeccoes respiratorias de origem viral, incluindo aquelas causadas por coronavirus e a capacidade da vitamina d de neutralizar os danos pulmonares causados ​​pela hiperinflamacao "".","Acabou de sair um estudo da Universidade de Turim que mostra que os atingidos pelo covid tinham, em grande parte, carência de vitamina D.

Isso explicaria também o impacto da epidemia no auge do inverno no hemisfério norte, quando as populações tem a menor exposicão anual à luz do sol, que é fundamental p/ produzir a vitamina D.



Cientistas da Universidade de Turim recomendam tomar vitamina D para combater a pandemia de coronavírus.  O estudo dos professores de Geriatria, Giancarlo Isaia e Histologia, Enzo Medico, foi submetido aos membros da Academia de Medicina de Turim, que consideraram os primeiros resultados ""muito interessantes"".  O documento analisa as possíveis causas do contágio do Covid-19 e propõe a vitamina D certamente não como uma cura, mas como uma ferramenta para reduzir os fatores de risco.

 Os primeiros dados preliminares coletados atualmente em Turim indicam que os pacientes hospitalizados por Covid-19 têm uma prevalência muito alta de hipovitaminose D. ""A compensação por essa ampla deficiência de vitamina pode ser alcançada principalmente pela exposição à luz solar, tanto quanto possível, mesmo em varandas.  e terraços, alimentando-se de alimentos ricos em vitamina D e, sob supervisão médica, tomando medicamentos específicos "", afirmam os pesquisadores.

 A análise, também realizada seguindo as recomendações recentes da Associação Dietética Britânica, investigou o papel que a falta de vitamina D poderia desempenhar, o que na Itália afeta grande parte da população, especialmente os idosos, nessa pandemia.  No documento, os autores sugerem aos médicos, em associação com as conhecidas medidas gerais de prevenção, garantir níveis adequados de vitamina D na população "", mas sobretudo naqueles já infectados, em seus familiares, nos profissionais de saúde, em idosos frágeis,  nos hóspedes das residências assistenciais, nas pessoas em regime de clausura e em todos aqueles que, por várias razões, não se expõem adequadamente à luz do sol "".  Além disso, a administração da forma ativa de vitamina D, calcitriol, por via intravenosa em pacientes com coronavírus e com função respiratória particularmente comprometida também pode ser considerada.

 ""Essas indicações derivam de inúmeras evidências científicas - escrevem os professores - que demonstraram um papel ativo da vitamina D na modulação do sistema imunológico, a associação frequente da hipovitaminose D com inúmeras patologias crônicas que podem reduzir a expectativa de vida em idosos""  , ainda mais no caso da infecção por Covid-19, um efeito da vitamina D na redução do risco de infecções respiratórias de origem viral, incluindo aquelas causadas por coronavírus e a capacidade da vitamina D de neutralizar os danos pulmonares causados ​​pela hiperinflamação "".",[],0,0,0,,,,"['COVID19.BR', 'COVID19.BR_raw']","['fake', 'true']",2
207,COVID19.BR,news,Mensagens de WhatsApp em português brasileiro sobre COVID-19 coletadas em grupos públicos em 2020.,fake,,,"*Filhos das Prostitutas* (sensacional e verídico)!!!

O sujeito se chama Marc Faber, e é norte-americano, ele é Analista de Investimentos e empresário. Em junho de 2008, quando o Governo Bush estudava lançar um projeto de ajuda à economia americana, Marc Faber encerrava seu clipping mensal com um comentário bem-humorado:
*""O Governo Federal está concedendo a cada um de nós uma bolsa de U$ 600,00.""*
*Se gastarmos esse dinheiro no supermercado Walt-Mart, esse dinheiro vai para a China.*
*Se gastarmos com gasolina, vai para os árabes.*
*Se comprarmos um computador, vai para a Índia.*
*Se comprarmos frutas e vegetais, irá para o México, Honduras e Guatemala.*
*Se comprarmos um bom carro, irá para a Alemanha ou Japão.*
*Se comprarmos bugigangas, irá para Taiwan....*
*E, nenhum centavo desse dinheiro ajudará a economia americana. O único meio de manter esse dinheiro na América é gastá-lo com prostitutas e cerveja, considerando que são os únicos bens ainda produzidos por aqui.* 
*Estou fazendo a minha parte...*
*(Marc Faber)*

Resposta de um brasileiro igualmente bem humorado:
*""Realmente a situação dos americanos parece cada vez pior. Lamento informar que, depois desse seu e-mail, a Budweiser foi comprada pela brasileira AmBev... portanto, restaram apenas as prostitutas. Porém, se elas (as prostitutas) repassarem parte da verba para seus filhos, o dinheiro virá para Brasília, onde existe a maior concentração de filhos da puta do mundo...*
*Abraços,*
*de um Brasileiro*","*filhos das prostitutas* (sensacional e veridico)!!! o sujeito se chama marc faber, e e norte-americano, ele e analista de investimentos e empresario. em junho de 2008, quando o governo bush estudava lancar um projeto de ajuda a economia americana, marc faber encerrava seu clipping mensal com um comentario bem-humorado: *""o governo federal esta concedendo a cada um de nos uma bolsa de u$ 600,00.""* *se gastarmos esse dinheiro no supermercado walt-mart, esse dinheiro vai para a china.* *se gastarmos com gasolina, vai para os arabes.* *se comprarmos um computador, vai para a india.* *se comprarmos frutas e vegetais, ira para o mexico, honduras e guatemala.* *se comprarmos um bom carro, ira para a alemanha ou japao.* *se comprarmos bugigangas, ira para taiwan....* *e, nenhum centavo desse dinheiro ajudara a economia americana. o unico meio de manter esse dinheiro na america e gasta-lo com prostitutas e cerveja, considerando que sao os unicos bens ainda produzidos por aqui.* *estou fazendo a minha parte...* *(marc faber)* resposta de um brasileiro igualmente bem humorado: *""realmente a situacao dos americanos parece cada vez pior. lamento informar que, depois desse seu e-mail, a budweiser foi comprada pela brasileira ambev... portanto, restaram apenas as prostitutas. porem, se elas (as prostitutas) repassarem parte da verba para seus filhos, o dinheiro vira para brasilia, onde existe a maior concentracao de filhos da puta do mundo...* *abracos,* *de um brasileiro*","*Filhos das Prostitutas* (sensacional e verídico)!!!

O sujeito se chama Marc Faber, e é norte-americano, ele é Analista de Investimentos e empresário. Em junho de 2008, quando o Governo Bush estudava lançar um projeto de ajuda à economia americana, Marc Faber encerrava seu clipping mensal com um comentário bem-humorado:
*""O Governo Federal está concedendo a cada um de nós uma bolsa de U$ 600,00.""*
*Se gastarmos esse dinheiro no supermercado Walt-Mart, esse dinheiro vai para a China.*
*Se gastarmos com gasolina, vai para os árabes.*
*Se comprarmos um computador, vai para a Índia.*
*Se comprarmos frutas e vegetais, irá para o México, Honduras e Guatemala.*
*Se comprarmos um bom carro, irá para a Alemanha ou Japão.*
*Se comprarmos bugigangas, irá para Taiwan....*
*E, nenhum centavo desse dinheiro ajudará a economia americana. O único meio de manter esse dinheiro na América é gastá-lo com prostitutas e cerveja, considerando que são os únicos bens ainda produzidos por aqui.* 
*Estou fazendo a minha parte...*
*(Marc Faber)*

Resposta de um brasileiro igualmente bem humorado:
*""Realmente a situação dos americanos parece cada vez pior. Lamento informar que, depois desse seu e-mail, a Budweiser foi comprada pela brasileira AmBev... portanto, restaram apenas as prostitutas. Porém, se elas (as prostitutas) repassarem parte da verba para seus filhos, o dinheiro virá para Brasília, onde existe a maior concentração de filhos da puta do mundo...*
*Abraços,*
*de um Brasileiro*",[],0,0,0,,,,"['COVID19.BR', 'FakeWhatsApp.BR_2018', 'COVID19.BR_raw']","['fake', 'true', 'fake']",3
211,COVID19.BR,news,Mensagens de WhatsApp em português brasileiro sobre COVID-19 coletadas em grupos públicos em 2020.,fake,,,"*Banco Mundial classifica o Brasil como melhor país no combate ao Coronavírus*

*MEDIDAS ADOTADAS POR BOLSONARO É RECONHECIDA PELO BANCO MUNDIAL NO COMBATE AO CORONAVÍRUS, A ESQUERDA ODEIA NOTÍCIAS BOAS COMO ESSA*

*http://www.folhadapolitica.com/2020/04/banco-mundial-classifica-o-brasil-como.html?m=1*","*banco mundial classifica o brasil como melhor pais no combate ao coronavirus* *medidas adotadas por bolsonaro e reconhecida pelo banco mundial no combate ao coronavirus, a esquerda odeia noticias boas como essa* *http://www.folhadapolitica.com/2020/04/banco-mundial-classifica-o-brasil-como.html?m=1*","*Banco Mundial classifica o Brasil como melhor país no combate ao Coronavírus*

*MEDIDAS ADOTADAS POR BOLSONARO É RECONHECIDA PELO BANCO MUNDIAL NO COMBATE AO CORONAVÍRUS, A ESQUERDA ODEIA NOTÍCIAS BOAS COMO ESSA*

*http://www.folhadapolitica.com/2020/04/banco-mundial-classifica-o-brasil-como.html?m=1*",[],0,0,0,,,,"['COVID19.BR', 'COVID19.BR_raw']","['fake', 'true']",2
228,COVID19.BR,news,Mensagens de WhatsApp em português brasileiro sobre COVID-19 coletadas em grupos públicos em 2020.,fake,,,"Médica e cientista Nise Yamaguchi reúne-se com o presidente Bolsonaro e propõe a adoção do tratamento precoce com cloroquina em todo o Brasil.

Quando a Dra. Nise Yamaguchi adentrou o Palácio do Planalto para conversar com o presidente Jair Bolsonaro, na última sexta-feira, vivia um dos momentos mais decisivos em seus 40 anos dedicados à medicina. Imunologista e cancerologista de renome internacional, participante de sociedades científicas na Europa e nos Estados Unidos, médica do Hospital Israelita Albert Einstein, Nise esteve na linha de frente em diversas batalhas pela saúde no Brasil e no mundo, ao trabalhar com pacientes de aids desde o surgimento dos primeiros casos da doença no Brasil; ao realizar cursos na Alemanha e Suíça sobre atendimento humanizado de pacientes com câncer; ao organizar no país centros de alta complexidade no atendimento à saúde; ao atuar na guerra contra a gripe H1N1; e ao contribuir, como sócia-fundadora e cientista sênior da World Cancer Alliance (sediada em Lyon, na França), para melhorar o acesso ao tratamento de câncer em países de baixa e média renda. Contudo, talvez nenhuma dessas notáveis realizações supere a dimensão do desafio que ela enfrenta agora: ajudar o Brasil a vencer a pandemia de coronavírus que tanto medo e sofrimento vem semeando no planeta.

Existem pessoas que fazem parte da solução e pessoas que fazem parte do problema. Definitivamente, como atesta a sua trajetória profissional, Nise Yamaguchi pertence ao primeiro grupo, e foi como tal que ela se apresentou ao presidente da República, portando a boa nova que pode mudar os rumos da história da epidemia em nosso país e oferecer um modelo de sucesso ao mundo. Nas últimas semanas, a médica foi testemunha e participante ativa de uma surpreendente reviravolta no tratamento de pacientes de Covid-19. O caso envolve uma comunidade de 450 mil pessoas com mais de 60 anos atendidas pela rede Prevent Senior na cidade de São Paulo. “Em fevereiro, os hospitais da rede registraram cerca de 80 mortes causadas por coronavírus em pacientes idosos”, conta Nise. “Com base em estudos clínicos realizados recentemente na França e em outros países, decidimos adotar um tratamento preventivo com essa população, oferecendo hidroxicloroquina nos primeiros dias da infecção. Imediatamente percebemos que isso diminuía muito o risco do agravamento da doença.”

Por meio da telemedicina e do uso de um aplicativo de celular, a Prevent Senior monitorou essa população de risco. Cerca de 400 pessoas que apresentaram os sintomas de coronavírus receberam a hidroxicloroquina em casa, sem precisar passar pelo pronto-socorro. Desse total, 200 já receberam alta e nenhum ― repetimos: nenhum ― precisou ser internado. “É um achado muito significativo, porque estamos falando de quase meio milhão de pessoas, com mais de 60 anos, vulneráveis, com comorbidades (outras doenças)”, observa a médica. “Em duas semanas, nós mudamos completamente a realidade: de prontos-socorros apinhados e dezenas de mortes para uma situação próxima da normalidade. A mudança foi tão súbita que chegamos a ser acusados de subnotificação. Mas nós não estávamos deixando de notificar as mortes, é que elas não estavam ocorrendo!”

Nise Yamaguchi está agora empenhada em replicar esse modelo para todo o Brasil, de modo que todas as pessoas que apresentarem os primeiros sintomas da doença possam receber a hidroxicloroquina em casa. “É importante construir UTIs, aumentar os leitos hospitalares, promover o isolamento vertical e adotar medidas de prevenção ― mas não podemos nos limitar a isso. O tratamento precoce com hidroxicloroquina pode ser feito em larga escala, como fizemos com o Tamiflu durante a epidemia de H1N1.” A médica explica que a hidroxicloroquina, em associação com o antibiótico azitromicina, atua fortalecendo as células humanas e diminuindo a capacidade de replicação do vírus. Se aplicado até o 4o dia de aparecimento dos sintomas, esse tratamento diminui exponencialmente o risco de internação e a necessidade de uso do respirador. “Não podemos esperar para tratar só quem está com os sintomas graves. Também não se trata de escolher entre equipamentos ou medicamentos, prevenção ou tratamento. Não devemos usar o ‘ou’, mas o ‘e’. Só uma estratégia não será suficiente. Temos que usar todas as estratégias.” Sobre o isolamento social, Dra. Nise observa, com base em sua experiência no tratamento a comunidades pobres: “Não é possível fazer o isolamento social em locais em que dez pessoas moram na mesma casa. Nesses locais, é preciso tratar quem está doente logo no início da infecção.” 

Logicamente, é um desafio gigantesco tornar o tratamento disponível à população de um país como o Brasil, com dimensões continentais e enormes disparidades entre as regiões. Um primeiro passo é estimular que os pacientes, logo ao surgimento dos primeiros sintomas da Covid-19, assinem um protocolo de adesão para uso da hidroxicloroquina. Trata-se de um documento em que o paciente aceita receber o medicamento e assume as consequências por essa decisão. Para que o medicamento possa chegar a todas as pessoas necessitadas, incluindo as comunidades carentes, será preciso realizar um grande esforço conjunto entre ministérios, governos e órgãos de saúde ― e uma coordenação centralizada. “A hidroxicloroquina precisa estar disponível nas farmácias populares, e o protocolo de adesão poderá ser enviado pelo aplicativo do SUS. Fazer o medicamento chegar a todos que precisem, onde quer que estejam, é uma grande batalha, mas, se não nos colocarmos nesse caminho, vamos perder o bonde da história.”

Para Nise Yamaguchi, o momento atual é decisivo. “Não podemos ficar de braços cruzados, esperando a hora de ir para o matadouro. Temos que curar os que podem ser curados e usar o tratamento que está disponível. É necessário combinar a ousadia com o conhecimento. Sabemos como se comporta esse vírus; já está claro que o uso da hidroxicloroquina reduz a carga viral e salva a vida das pessoas. Ademais, não estamos falando de introduzir um novo medicamento, mas de usar um produto que está no mercado há mais de 70 anos, na forma de quinino. Quando se aplica o método precoce com a hidroxicloroquina, as pessoas percebem que é como um ovo de Colombo. Como não havíamos pensado nisso antes? Por que tantos tiveram de morrer? Agora precisamos desenhar padrões que possam ser replicados e beneficiar o maior número de pessoas. Ao final, podemos mudar o curso da epidemia. Esse é o meu sonho para o Brasil.”

E foi isso que a Dra. Nise disse ao presidente.","medica e cientista nise yamaguchi reune-se com o presidente bolsonaro e propoe a adocao do tratamento precoce com cloroquina em todo o brasil. quando a dra. nise yamaguchi adentrou o palacio do planalto para conversar com o presidente jair bolsonaro, na ultima sexta-feira, vivia um dos momentos mais decisivos em seus 40 anos dedicados a medicina. imunologista e cancerologista de renome internacional, participante de sociedades cientificas na europa e nos estados unidos, medica do hospital israelita albert einstein, nise esteve na linha de frente em diversas batalhas pela saude no brasil e no mundo, ao trabalhar com pacientes de aids desde o surgimento dos primeiros casos da doenca no brasil; ao realizar cursos na alemanha e suica sobre atendimento humanizado de pacientes com cancer; ao organizar no pais centros de alta complexidade no atendimento a saude; ao atuar na guerra contra a gripe h1n1; e ao contribuir, como socia-fundadora e cientista senior da world cancer alliance (sediada em lyon, na franca), para melhorar o acesso ao tratamento de cancer em paises de baixa e media renda. contudo, talvez nenhuma dessas notaveis realizacoes supere a dimensao do desafio que ela enfrenta agora: ajudar o brasil a vencer a pandemia de coronavirus que tanto medo e sofrimento vem semeando no planeta. existem pessoas que fazem parte da solucao e pessoas que fazem parte do problema. definitivamente, como atesta a sua trajetoria profissional, nise yamaguchi pertence ao primeiro grupo, e foi como tal que ela se apresentou ao presidente da republica, portando a boa nova que pode mudar os rumos da historia da epidemia em nosso pais e oferecer um modelo de sucesso ao mundo. nas ultimas semanas, a medica foi testemunha e participante ativa de uma surpreendente reviravolta no tratamento de pacientes de covid-19. o caso envolve uma comunidade de 450 mil pessoas com mais de 60 anos atendidas pela rede prevent senior na cidade de sao paulo. “em fevereiro, os hospitais da rede registraram cerca de 80 mortes causadas por coronavirus em pacientes idosos”, conta nise. “com base em estudos clinicos realizados recentemente na franca e em outros paises, decidimos adotar um tratamento preventivo com essa populacao, oferecendo hidroxicloroquina nos primeiros dias da infeccao. imediatamente percebemos que isso diminuia muito o risco do agravamento da doenca.” por meio da telemedicina e do uso de um aplicativo de celular, a prevent senior monitorou essa populacao de risco. cerca de 400 pessoas que apresentaram os sintomas de coronavirus receberam a hidroxicloroquina em casa, sem precisar passar pelo pronto-socorro. desse total, 200 ja receberam alta e nenhum ― repetimos: nenhum ― precisou ser internado. “e um achado muito significativo, porque estamos falando de quase meio milhao de pessoas, com mais de 60 anos, vulneraveis, com comorbidades (outras doencas)”, observa a medica. “em duas semanas, nos mudamos completamente a realidade: de prontos-socorros apinhados e dezenas de mortes para uma situacao proxima da normalidade. a mudanca foi tao subita que chegamos a ser acusados de subnotificacao. mas nos nao estavamos deixando de notificar as mortes, e que elas nao estavam ocorrendo!” nise yamaguchi esta agora empenhada em replicar esse modelo para todo o brasil, de modo que todas as pessoas que apresentarem os primeiros sintomas da doenca possam receber a hidroxicloroquina em casa. “e importante construir utis, aumentar os leitos hospitalares, promover o isolamento vertical e adotar medidas de prevencao ― mas nao podemos nos limitar a isso. o tratamento precoce com hidroxicloroquina pode ser feito em larga escala, como fizemos com o tamiflu durante a epidemia de h1n1.” a medica explica que a hidroxicloroquina, em associacao com o antibiotico azitromicina, atua fortalecendo as celulas humanas e diminuindo a capacidade de replicacao do virus. se aplicado ate o 4o dia de aparecimento dos sintomas, esse tratamento diminui exponencialmente o risco de internacao e a necessidade de uso do respirador. “nao podemos esperar para tratar so quem esta com os sintomas graves. tambem nao se trata de escolher entre equipamentos ou medicamentos, prevencao ou tratamento. nao devemos usar o ‘ou’, mas o ‘e’. so uma estrategia nao sera suficiente. temos que usar todas as estrategias.” sobre o isolamento social, dra. nise observa, com base em sua experiencia no tratamento a comunidades pobres: “nao e possivel fazer o isolamento social em locais em que dez pessoas moram na mesma casa. nesses locais, e preciso tratar quem esta doente logo no inicio da infeccao.” logicamente, e um desafio gigantesco tornar o tratamento disponivel a populacao de um pais como o brasil, com dimensoes continentais e enormes disparidades entre as regioes. um primeiro passo e estimular que os pacientes, logo ao surgimento dos primeiros sintomas da covid-19, assinem um protocolo de adesao para uso da hidroxicloroquina. trata-se de um documento em que o paciente aceita receber o medicamento e assume as consequencias por essa decisao. para que o medicamento possa chegar a todas as pessoas necessitadas, incluindo as comunidades carentes, sera preciso realizar um grande esforco conjunto entre ministerios, governos e orgaos de saude ― e uma coordenacao centralizada. “a hidroxicloroquina precisa estar disponivel nas farmacias populares, e o protocolo de adesao podera ser enviado pelo aplicativo do sus. fazer o medicamento chegar a todos que precisem, onde quer que estejam, e uma grande batalha, mas, se nao nos colocarmos nesse caminho, vamos perder o bonde da historia.” para nise yamaguchi, o momento atual e decisivo. “nao podemos ficar de bracos cruzados, esperando a hora de ir para o matadouro. temos que curar os que podem ser curados e usar o tratamento que esta disponivel. e necessario combinar a ousadia com o conhecimento. sabemos como se comporta esse virus; ja esta claro que o uso da hidroxicloroquina reduz a carga viral e salva a vida das pessoas. ademais, nao estamos falando de introduzir um novo medicamento, mas de usar um produto que esta no mercado ha mais de 70 anos, na forma de quinino. quando se aplica o metodo precoce com a hidroxicloroquina, as pessoas percebem que e como um ovo de colombo. como nao haviamos pensado nisso antes? por que tantos tiveram de morrer? agora precisamos desenhar padroes que possam ser replicados e beneficiar o maior numero de pessoas. ao final, podemos mudar o curso da epidemia. esse e o meu sonho para o brasil.” e foi isso que a dra. nise disse ao presidente.","Médica e cientista Nise Yamaguchi reúne-se com o presidente Bolsonaro e propõe a adoção do tratamento precoce com cloroquina em todo o Brasil.

Quando a Dra. Nise Yamaguchi adentrou o Palácio do Planalto para conversar com o presidente Jair Bolsonaro, na última sexta-feira, vivia um dos momentos mais decisivos em seus 40 anos dedicados à medicina. Imunologista e cancerologista de renome internacional, participante de sociedades científicas na Europa e nos Estados Unidos, médica do Hospital Israelita Albert Einstein, Nise esteve na linha de frente em diversas batalhas pela saúde no Brasil e no mundo, ao trabalhar com pacientes de aids desde o surgimento dos primeiros casos da doença no Brasil; ao realizar cursos na Alemanha e Suíça sobre atendimento humanizado de pacientes com câncer; ao organizar no país centros de alta complexidade no atendimento à saúde; ao atuar na guerra contra a gripe H1N1; e ao contribuir, como sócia-fundadora e cientista sênior da World Cancer Alliance (sediada em Lyon, na França), para melhorar o acesso ao tratamento de câncer em países de baixa e média renda. Contudo, talvez nenhuma dessas notáveis realizações supere a dimensão do desafio que ela enfrenta agora: ajudar o Brasil a vencer a pandemia de coronavírus que tanto medo e sofrimento vem semeando no planeta.

Existem pessoas que fazem parte da solução e pessoas que fazem parte do problema. Definitivamente, como atesta a sua trajetória profissional, Nise Yamaguchi pertence ao primeiro grupo, e foi como tal que ela se apresentou ao presidente da República, portando a boa nova que pode mudar os rumos da história da epidemia em nosso país e oferecer um modelo de sucesso ao mundo. Nas últimas semanas, a médica foi testemunha e participante ativa de uma surpreendente reviravolta no tratamento de pacientes de Covid-19. O caso envolve uma comunidade de 450 mil pessoas com mais de 60 anos atendidas pela rede Prevent Senior na cidade de São Paulo. “Em fevereiro, os hospitais da rede registraram cerca de 80 mortes causadas por coronavírus em pacientes idosos”, conta Nise. “Com base em estudos clínicos realizados recentemente na França e em outros países, decidimos adotar um tratamento preventivo com essa população, oferecendo hidroxicloroquina nos primeiros dias da infecção. Imediatamente percebemos que isso diminuía muito o risco do agravamento da doença.”

Por meio da telemedicina e do uso de um aplicativo de celular, a Prevent Senior monitorou essa população de risco. Cerca de 400 pessoas que apresentaram os sintomas de coronavírus receberam a hidroxicloroquina em casa, sem precisar passar pelo pronto-socorro. Desse total, 200 já receberam alta e nenhum ― repetimos: nenhum ― precisou ser internado. “É um achado muito significativo, porque estamos falando de quase meio milhão de pessoas, com mais de 60 anos, vulneráveis, com comorbidades (outras doenças)”, observa a médica. “Em duas semanas, nós mudamos completamente a realidade: de prontos-socorros apinhados e dezenas de mortes para uma situação próxima da normalidade. A mudança foi tão súbita que chegamos a ser acusados de subnotificação. Mas nós não estávamos deixando de notificar as mortes, é que elas não estavam ocorrendo!”

Nise Yamaguchi está agora empenhada em replicar esse modelo para todo o Brasil, de modo que todas as pessoas que apresentarem os primeiros sintomas da doença possam receber a hidroxicloroquina em casa. “É importante construir UTIs, aumentar os leitos hospitalares, promover o isolamento vertical e adotar medidas de prevenção ― mas não podemos nos limitar a isso. O tratamento precoce com hidroxicloroquina pode ser feito em larga escala, como fizemos com o Tamiflu durante a epidemia de H1N1.” A médica explica que a hidroxicloroquina, em associação com o antibiótico azitromicina, atua fortalecendo as células humanas e diminuindo a capacidade de replicação do vírus. Se aplicado até o 4o dia de aparecimento dos sintomas, esse tratamento diminui exponencialmente o risco de internação e a necessidade de uso do respirador. “Não podemos esperar para tratar só quem está com os sintomas graves. Também não se trata de escolher entre equipamentos ou medicamentos, prevenção ou tratamento. Não devemos usar o ‘ou’, mas o ‘e’. Só uma estratégia não será suficiente. Temos que usar todas as estratégias.” Sobre o isolamento social, Dra. Nise observa, com base em sua experiência no tratamento a comunidades pobres: “Não é possível fazer o isolamento social em locais em que dez pessoas moram na mesma casa. Nesses locais, é preciso tratar quem está doente logo no início da infecção.” 

Logicamente, é um desafio gigantesco tornar o tratamento disponível à população de um país como o Brasil, com dimensões continentais e enormes disparidades entre as regiões. Um primeiro passo é estimular que os pacientes, logo ao surgimento dos primeiros sintomas da Covid-19, assinem um protocolo de adesão para uso da hidroxicloroquina. Trata-se de um documento em que o paciente aceita receber o medicamento e assume as consequências por essa decisão. Para que o medicamento possa chegar a todas as pessoas necessitadas, incluindo as comunidades carentes, será preciso realizar um grande esforço conjunto entre ministérios, governos e órgãos de saúde ― e uma coordenação centralizada. “A hidroxicloroquina precisa estar disponível nas farmácias populares, e o protocolo de adesão poderá ser enviado pelo aplicativo do SUS. Fazer o medicamento chegar a todos que precisem, onde quer que estejam, é uma grande batalha, mas, se não nos colocarmos nesse caminho, vamos perder o bonde da história.”

Para Nise Yamaguchi, o momento atual é decisivo. “Não podemos ficar de braços cruzados, esperando a hora de ir para o matadouro. Temos que curar os que podem ser curados e usar o tratamento que está disponível. É necessário combinar a ousadia com o conhecimento. Sabemos como se comporta esse vírus; já está claro que o uso da hidroxicloroquina reduz a carga viral e salva a vida das pessoas. Ademais, não estamos falando de introduzir um novo medicamento, mas de usar um produto que está no mercado há mais de 70 anos, na forma de quinino. Quando se aplica o método precoce com a hidroxicloroquina, as pessoas percebem que é como um ovo de Colombo. Como não havíamos pensado nisso antes? Por que tantos tiveram de morrer? Agora precisamos desenhar padrões que possam ser replicados e beneficiar o maior número de pessoas. Ao final, podemos mudar o curso da epidemia. Esse é o meu sonho para o Brasil.”

E foi isso que a Dra. Nise disse ao presidente.",[],0,0,0,,,,"['COVID19.BR', 'COVID19.BR_raw']","['fake', 'true']",2
327,COVID19.BR,news,Mensagens de WhatsApp em português brasileiro sobre COVID-19 coletadas em grupos públicos em 2020.,fake,,,"Dra Nise, médica do Albert Einstein 
_Cerca de 400 pessoas que apresentaram os sintomas de coronavírus receberam a hidroxicloroquina em casa, sem precisar passar pelo pronto-socorro. Desse total, 200 já receberam alta e nenhum ― repetimos: nenhum ― precisou ser internado_  todos os 400 tem mais de 60 anos.","dra nise, medica do albert einstein _cerca de 400 pessoas que apresentaram os sintomas de coronavirus receberam a hidroxicloroquina em casa, sem precisar passar pelo pronto-socorro. desse total, 200 ja receberam alta e nenhum ― repetimos: nenhum ― precisou ser internado_ todos os 400 tem mais de 60 anos.","Dra Nise, médica do Albert Einstein 
_Cerca de 400 pessoas que apresentaram os sintomas de coronavírus receberam a hidroxicloroquina em casa, sem precisar passar pelo pronto-socorro. Desse total, 200 já receberam alta e nenhum ― repetimos: nenhum ― precisou ser internado_  todos os 400 tem mais de 60 anos.",[],0,0,0,,,,"['COVID19.BR', 'COVID19.BR_raw']","['fake', 'true']",2
622,COVID19.BR,news,Mensagens de WhatsApp em português brasileiro sobre COVID-19 coletadas em grupos públicos em 2020.,fake,,,"""Quando a Dra. Nise Yamaguchi adentrou o Palácio do Planalto para conversar com o presidente Jair Bolsonaro, na última sexta-feira, vivia um dos momentos mais decisivos em seus 40 anos dedicados à medicina. Imunologista e cancerologista de renome internacional, participante de sociedades científicas na Europa e nos Estados Unidos, médica do Hospital Israelita Albert Einstein, Nise esteve na linha de frente em diversas batalhas pela saúde no Brasil e no mundo, ao trabalhar com pacientes de aids desde o surgimento dos primeiros casos da doença no Brasil; ao realizar cursos na Alemanha e Suíça sobre atendimento humanizado de pacientes com câncer; ao organizar no país centros de alta complexidade no atendimento à saúde; ao atuar na guerra contra a gripe H1N1; e ao contribuir, como sócia-fundadora e cientista sênior da World Cancer Alliance (sediada em Lyon, na França), para melhorar o acesso ao tratamento de câncer em países de baixa e média renda. Contudo, talvez nenhuma dessas notáveis realizações supere a dimensão do desafio que ela enfrenta agora: ajudar o Brasil a vencer a pandemia de coronavírus que tanto medo e sofrimento vem semeando no planeta.

Existem pessoas que fazem parte da solução e pessoas que fazem parte do problema. Definitivamente, como atesta a sua trajetória profissional, Nise Yamaguchi pertence ao primeiro grupo, e foi como tal que ela se apresentou ao presidente da República, portando a boa nova que pode mudar os rumos da história da epidemia em nosso país e oferecer um modelo de sucesso ao mundo. Nas últimas semanas, a médica foi testemunha e participante ativa de uma surpreendente reviravolta no tratamento de pacientes de Covid-19. O caso envolve uma comunidade de 450 mil pessoas com mais de 60 anos atendidas pela rede Prevent Senior na cidade de São Paulo. “Em fevereiro, os hospitais da rede registraram cerca de 80 mortes causadas por coronavírus em pacientes idosos”, conta Nise. “Com base em estudos clínicos realizados recentemente na França e em outros países, decidimos adotar um tratamento preventivo com essa população, oferecendo hidroxicloroquina nos primeiros dias da infecção. Imediatamente percebemos que isso diminuía muito o risco do agravamento da doença.”

Por meio da telemedicina e do uso de um aplicativo de celular, a Prevent Senior monitorou essa população de risco. Cerca de 400 pessoas que apresentaram os sintomas de coronavírus receberam a hidroxicloroquina em casa, sem precisar passar pelo pronto-socorro. Desse total, 200 já receberam alta e nenhum ― repetimos: nenhum ― precisou ser internado. “É um achado muito significativo, porque estamos falando de quase meio milhão de pessoas, com mais de 60 anos, vulneráveis, com comorbidades (outras doenças)”, observa a médica. “Em duas semanas, nós mudamos completamente a realidade: de prontos-socorros apinhados e dezenas de mortes para uma situação próxima da normalidade. A mudança foi tão súbita que chegamos a ser acusados de subnotificação. Mas nós não estávamos deixando de notificar as mortes, é que elas não estavam ocorrendo!”

Nise Yamaguchi está agora empenhada em replicar esse modelo para todo o Brasil, de modo que todas as pessoas que apresentarem os primeiros sintomas da doença possam receber a hidroxicloroquina em casa. “É importante construir UTIs, aumentar os leitos hospitalares, promover o isolamento vertical e adotar medidas de prevenção ― mas não podemos nos limitar a isso. O tratamento precoce com hidroxicloroquina pode ser feito em larga escala, como fizemos com o Tamiflu durante a epidemia de H1N1.” A médica explica que a hidroxicloroquina, em associação com o antibiótico azitromicina, atua fortalecendo as células humanas e diminuindo a capacidade de replicação do vírus. Se aplicado até o 4o dia de aparecimento dos sintomas, esse tratamento diminui exponencialmente o risco de internação e a necessidade de uso do respirador. “Não podemos esperar para tratar só quem está com os sintomas graves. Também não se trata de escolher entre equipamentos ou medicamentos, prevenção ou tratamento. Não devemos usar o ‘ou’, mas o ‘e’. Só uma estratégia não será suficiente. Temos que usar todas as estratégias.” Sobre o isolamento social, Dra. Nise observa, com base em sua experiência no tratamento a comunidades pobres: “Não é possível fazer o isolamento social em locais em que dez pessoas moram na mesma casa. Nesses locais, é preciso tratar quem está doente logo no início da infecção.” 

Logicamente, é um desafio gigantesco tornar o tratamento disponível à população de um país como o Brasil, com dimensões continentais e enormes disparidades entre as regiões. Um primeiro passo é estimular que os pacientes, logo ao surgimento dos primeiros sintomas da Covid-19, assinem um protocolo de adesão para uso da hidroxicloroquina. Trata-se de um documento em que o paciente aceita receber o medicamento e assume as consequências por essa decisão. Para que o medicamento possa chegar a todas as pessoas necessitadas, incluindo as comunidades carentes, será preciso realizar um grande esforço conjunto entre ministérios, governos e órgãos de saúde ― e uma coordenação centralizada. “A hidroxicloroquina precisa estar disponível nas farmácias populares, e o protocolo de adesão poderá ser enviado pelo aplicativo do SUS. Fazer o medicamento chegar a todos que precisem, onde quer que estejam, é uma grande batalha, mas, se não nos colocarmos nesse caminho, vamos perder o bonde da história.”

Para Nise Yamaguchi, o momento atual é decisivo. “Não podemos ficar de braços cruzados, esperando a hora de ir para o matadouro. Temos que curar os que podem ser curados e usar o tratamento que está disponível. É necessário combinar a ousadia com o conhecimento. Sabemos como se comporta esse vírus; já está claro que o uso da hidroxicloroquina reduz a carga viral e salva a vida das pessoas. Ademais, não estamos falando de introduzir um novo medicamento, mas de usar um produto que está no mercado há mais de 70 anos, na forma de quinino. Quando se aplica o método precoce com a hidroxicloroquina, as pessoas percebem que é como um ovo de Colombo. Como não havíamos pensado nisso antes? Por que tantos tiveram de morrer? Agora precisamos desenhar padrões que possam ser replicados e beneficiar o maior número de pessoas. Ao final, podemos mudar o curso da epidemia. Esse é o meu sonho para o Brasil.”

E foi isso que a Dra. Nise disse ao presidente.""

Fonte:","""quando a dra. nise yamaguchi adentrou o palacio do planalto para conversar com o presidente jair bolsonaro, na ultima sexta-feira, vivia um dos momentos mais decisivos em seus 40 anos dedicados a medicina. imunologista e cancerologista de renome internacional, participante de sociedades cientificas na europa e nos estados unidos, medica do hospital israelita albert einstein, nise esteve na linha de frente em diversas batalhas pela saude no brasil e no mundo, ao trabalhar com pacientes de aids desde o surgimento dos primeiros casos da doenca no brasil; ao realizar cursos na alemanha e suica sobre atendimento humanizado de pacientes com cancer; ao organizar no pais centros de alta complexidade no atendimento a saude; ao atuar na guerra contra a gripe h1n1; e ao contribuir, como socia-fundadora e cientista senior da world cancer alliance (sediada em lyon, na franca), para melhorar o acesso ao tratamento de cancer em paises de baixa e media renda. contudo, talvez nenhuma dessas notaveis realizacoes supere a dimensao do desafio que ela enfrenta agora: ajudar o brasil a vencer a pandemia de coronavirus que tanto medo e sofrimento vem semeando no planeta. existem pessoas que fazem parte da solucao e pessoas que fazem parte do problema. definitivamente, como atesta a sua trajetoria profissional, nise yamaguchi pertence ao primeiro grupo, e foi como tal que ela se apresentou ao presidente da republica, portando a boa nova que pode mudar os rumos da historia da epidemia em nosso pais e oferecer um modelo de sucesso ao mundo. nas ultimas semanas, a medica foi testemunha e participante ativa de uma surpreendente reviravolta no tratamento de pacientes de covid-19. o caso envolve uma comunidade de 450 mil pessoas com mais de 60 anos atendidas pela rede prevent senior na cidade de sao paulo. “em fevereiro, os hospitais da rede registraram cerca de 80 mortes causadas por coronavirus em pacientes idosos”, conta nise. “com base em estudos clinicos realizados recentemente na franca e em outros paises, decidimos adotar um tratamento preventivo com essa populacao, oferecendo hidroxicloroquina nos primeiros dias da infeccao. imediatamente percebemos que isso diminuia muito o risco do agravamento da doenca.” por meio da telemedicina e do uso de um aplicativo de celular, a prevent senior monitorou essa populacao de risco. cerca de 400 pessoas que apresentaram os sintomas de coronavirus receberam a hidroxicloroquina em casa, sem precisar passar pelo pronto-socorro. desse total, 200 ja receberam alta e nenhum ― repetimos: nenhum ― precisou ser internado. “e um achado muito significativo, porque estamos falando de quase meio milhao de pessoas, com mais de 60 anos, vulneraveis, com comorbidades (outras doencas)”, observa a medica. “em duas semanas, nos mudamos completamente a realidade: de prontos-socorros apinhados e dezenas de mortes para uma situacao proxima da normalidade. a mudanca foi tao subita que chegamos a ser acusados de subnotificacao. mas nos nao estavamos deixando de notificar as mortes, e que elas nao estavam ocorrendo!” nise yamaguchi esta agora empenhada em replicar esse modelo para todo o brasil, de modo que todas as pessoas que apresentarem os primeiros sintomas da doenca possam receber a hidroxicloroquina em casa. “e importante construir utis, aumentar os leitos hospitalares, promover o isolamento vertical e adotar medidas de prevencao ― mas nao podemos nos limitar a isso. o tratamento precoce com hidroxicloroquina pode ser feito em larga escala, como fizemos com o tamiflu durante a epidemia de h1n1.” a medica explica que a hidroxicloroquina, em associacao com o antibiotico azitromicina, atua fortalecendo as celulas humanas e diminuindo a capacidade de replicacao do virus. se aplicado ate o 4o dia de aparecimento dos sintomas, esse tratamento diminui exponencialmente o risco de internacao e a necessidade de uso do respirador. “nao podemos esperar para tratar so quem esta com os sintomas graves. tambem nao se trata de escolher entre equipamentos ou medicamentos, prevencao ou tratamento. nao devemos usar o ‘ou’, mas o ‘e’. so uma estrategia nao sera suficiente. temos que usar todas as estrategias.” sobre o isolamento social, dra. nise observa, com base em sua experiencia no tratamento a comunidades pobres: “nao e possivel fazer o isolamento social em locais em que dez pessoas moram na mesma casa. nesses locais, e preciso tratar quem esta doente logo no inicio da infeccao.” logicamente, e um desafio gigantesco tornar o tratamento disponivel a populacao de um pais como o brasil, com dimensoes continentais e enormes disparidades entre as regioes. um primeiro passo e estimular que os pacientes, logo ao surgimento dos primeiros sintomas da covid-19, assinem um protocolo de adesao para uso da hidroxicloroquina. trata-se de um documento em que o paciente aceita receber o medicamento e assume as consequencias por essa decisao. para que o medicamento possa chegar a todas as pessoas necessitadas, incluindo as comunidades carentes, sera preciso realizar um grande esforco conjunto entre ministerios, governos e orgaos de saude ― e uma coordenacao centralizada. “a hidroxicloroquina precisa estar disponivel nas farmacias populares, e o protocolo de adesao podera ser enviado pelo aplicativo do sus. fazer o medicamento chegar a todos que precisem, onde quer que estejam, e uma grande batalha, mas, se nao nos colocarmos nesse caminho, vamos perder o bonde da historia.” para nise yamaguchi, o momento atual e decisivo. “nao podemos ficar de bracos cruzados, esperando a hora de ir para o matadouro. temos que curar os que podem ser curados e usar o tratamento que esta disponivel. e necessario combinar a ousadia com o conhecimento. sabemos como se comporta esse virus; ja esta claro que o uso da hidroxicloroquina reduz a carga viral e salva a vida das pessoas. ademais, nao estamos falando de introduzir um novo medicamento, mas de usar um produto que esta no mercado ha mais de 70 anos, na forma de quinino. quando se aplica o metodo precoce com a hidroxicloroquina, as pessoas percebem que e como um ovo de colombo. como nao haviamos pensado nisso antes? por que tantos tiveram de morrer? agora precisamos desenhar padroes que possam ser replicados e beneficiar o maior numero de pessoas. ao final, podemos mudar o curso da epidemia. esse e o meu sonho para o brasil.” e foi isso que a dra. nise disse ao presidente."" fonte:","""Quando a Dra. Nise Yamaguchi adentrou o Palácio do Planalto para conversar com o presidente Jair Bolsonaro, na última sexta-feira, vivia um dos momentos mais decisivos em seus 40 anos dedicados à medicina. Imunologista e cancerologista de renome internacional, participante de sociedades científicas na Europa e nos Estados Unidos, médica do Hospital Israelita Albert Einstein, Nise esteve na linha de frente em diversas batalhas pela saúde no Brasil e no mundo, ao trabalhar com pacientes de aids desde o surgimento dos primeiros casos da doença no Brasil; ao realizar cursos na Alemanha e Suíça sobre atendimento humanizado de pacientes com câncer; ao organizar no país centros de alta complexidade no atendimento à saúde; ao atuar na guerra contra a gripe H1N1; e ao contribuir, como sócia-fundadora e cientista sênior da World Cancer Alliance (sediada em Lyon, na França), para melhorar o acesso ao tratamento de câncer em países de baixa e média renda. Contudo, talvez nenhuma dessas notáveis realizações supere a dimensão do desafio que ela enfrenta agora: ajudar o Brasil a vencer a pandemia de coronavírus que tanto medo e sofrimento vem semeando no planeta.

Existem pessoas que fazem parte da solução e pessoas que fazem parte do problema. Definitivamente, como atesta a sua trajetória profissional, Nise Yamaguchi pertence ao primeiro grupo, e foi como tal que ela se apresentou ao presidente da República, portando a boa nova que pode mudar os rumos da história da epidemia em nosso país e oferecer um modelo de sucesso ao mundo. Nas últimas semanas, a médica foi testemunha e participante ativa de uma surpreendente reviravolta no tratamento de pacientes de Covid-19. O caso envolve uma comunidade de 450 mil pessoas com mais de 60 anos atendidas pela rede Prevent Senior na cidade de São Paulo. “Em fevereiro, os hospitais da rede registraram cerca de 80 mortes causadas por coronavírus em pacientes idosos”, conta Nise. “Com base em estudos clínicos realizados recentemente na França e em outros países, decidimos adotar um tratamento preventivo com essa população, oferecendo hidroxicloroquina nos primeiros dias da infecção. Imediatamente percebemos que isso diminuía muito o risco do agravamento da doença.”

Por meio da telemedicina e do uso de um aplicativo de celular, a Prevent Senior monitorou essa população de risco. Cerca de 400 pessoas que apresentaram os sintomas de coronavírus receberam a hidroxicloroquina em casa, sem precisar passar pelo pronto-socorro. Desse total, 200 já receberam alta e nenhum ― repetimos: nenhum ― precisou ser internado. “É um achado muito significativo, porque estamos falando de quase meio milhão de pessoas, com mais de 60 anos, vulneráveis, com comorbidades (outras doenças)”, observa a médica. “Em duas semanas, nós mudamos completamente a realidade: de prontos-socorros apinhados e dezenas de mortes para uma situação próxima da normalidade. A mudança foi tão súbita que chegamos a ser acusados de subnotificação. Mas nós não estávamos deixando de notificar as mortes, é que elas não estavam ocorrendo!”

Nise Yamaguchi está agora empenhada em replicar esse modelo para todo o Brasil, de modo que todas as pessoas que apresentarem os primeiros sintomas da doença possam receber a hidroxicloroquina em casa. “É importante construir UTIs, aumentar os leitos hospitalares, promover o isolamento vertical e adotar medidas de prevenção ― mas não podemos nos limitar a isso. O tratamento precoce com hidroxicloroquina pode ser feito em larga escala, como fizemos com o Tamiflu durante a epidemia de H1N1.” A médica explica que a hidroxicloroquina, em associação com o antibiótico azitromicina, atua fortalecendo as células humanas e diminuindo a capacidade de replicação do vírus. Se aplicado até o 4o dia de aparecimento dos sintomas, esse tratamento diminui exponencialmente o risco de internação e a necessidade de uso do respirador. “Não podemos esperar para tratar só quem está com os sintomas graves. Também não se trata de escolher entre equipamentos ou medicamentos, prevenção ou tratamento. Não devemos usar o ‘ou’, mas o ‘e’. Só uma estratégia não será suficiente. Temos que usar todas as estratégias.” Sobre o isolamento social, Dra. Nise observa, com base em sua experiência no tratamento a comunidades pobres: “Não é possível fazer o isolamento social em locais em que dez pessoas moram na mesma casa. Nesses locais, é preciso tratar quem está doente logo no início da infecção.” 

Logicamente, é um desafio gigantesco tornar o tratamento disponível à população de um país como o Brasil, com dimensões continentais e enormes disparidades entre as regiões. Um primeiro passo é estimular que os pacientes, logo ao surgimento dos primeiros sintomas da Covid-19, assinem um protocolo de adesão para uso da hidroxicloroquina. Trata-se de um documento em que o paciente aceita receber o medicamento e assume as consequências por essa decisão. Para que o medicamento possa chegar a todas as pessoas necessitadas, incluindo as comunidades carentes, será preciso realizar um grande esforço conjunto entre ministérios, governos e órgãos de saúde ― e uma coordenação centralizada. “A hidroxicloroquina precisa estar disponível nas farmácias populares, e o protocolo de adesão poderá ser enviado pelo aplicativo do SUS. Fazer o medicamento chegar a todos que precisem, onde quer que estejam, é uma grande batalha, mas, se não nos colocarmos nesse caminho, vamos perder o bonde da história.”

Para Nise Yamaguchi, o momento atual é decisivo. “Não podemos ficar de braços cruzados, esperando a hora de ir para o matadouro. Temos que curar os que podem ser curados e usar o tratamento que está disponível. É necessário combinar a ousadia com o conhecimento. Sabemos como se comporta esse vírus; já está claro que o uso da hidroxicloroquina reduz a carga viral e salva a vida das pessoas. Ademais, não estamos falando de introduzir um novo medicamento, mas de usar um produto que está no mercado há mais de 70 anos, na forma de quinino. Quando se aplica o método precoce com a hidroxicloroquina, as pessoas percebem que é como um ovo de Colombo. Como não havíamos pensado nisso antes? Por que tantos tiveram de morrer? Agora precisamos desenhar padrões que possam ser replicados e beneficiar o maior número de pessoas. Ao final, podemos mudar o curso da epidemia. Esse é o meu sonho para o Brasil.”

E foi isso que a Dra. Nise disse ao presidente.""

Fonte:",[],0,0,0,,,,"['COVID19.BR', 'COVID19.BR_raw']","['fake', 'true']",2
821,COVID19.BR,news,Mensagens de WhatsApp em português brasileiro sobre COVID-19 coletadas em grupos públicos em 2020.,fake,,,"A imprensa americana foi dura com o Trump quando ele promoveu a hidroxicloroquina, recebendo críticas da Fox News, CNN e outras emissoras. Só que essa situação mudou. 

Apesar do caos causado pela imprensa, no dia 28 de março, a hidroxicloroquina foi aprovada pela FDA (Food and Drug Administration) como recurso de tratamento para casos de Covid-19.

O New York Times publicou um artigo no qual diz que “A droga ajuda pacientes a se recuperarem do vírus”, percebam pelo tom usado no texto, que, mesmo a droga se mostrando eficaz, os jornais ainda criam certa repudia ao criar notas sobre o tratamento, já que foi sugerido pelo odiado Donald Trump.

A governadora de Michigan, Gretchen Whitmer (Democrata), ameaçava os hospitais e médicas regionais que prescrevessem o uso da hidroxicloroquina à pacientes. Agora, Whitmer pediu à presidência que encaminhasse estoques do medicamento a seu estado.

O uso do medicamento em casos graves tem ajudado pacientes em todo o país a se recuperarem da enfermidade, aos poucos parece que a grande mídia está aceitando que o presidente estava certo e assim como os veículos de comunicação, os governadores estão mais dispostos a utilizar o tratamento em seus estados.

Fonte:","a imprensa americana foi dura com o trump quando ele promoveu a hidroxicloroquina, recebendo criticas da fox news, cnn e outras emissoras. so que essa situacao mudou. apesar do caos causado pela imprensa, no dia 28 de marco, a hidroxicloroquina foi aprovada pela fda (food and drug administration) como recurso de tratamento para casos de covid-19. o new york times publicou um artigo no qual diz que “a droga ajuda pacientes a se recuperarem do virus”, percebam pelo tom usado no texto, que, mesmo a droga se mostrando eficaz, os jornais ainda criam certa repudia ao criar notas sobre o tratamento, ja que foi sugerido pelo odiado donald trump. a governadora de michigan, gretchen whitmer (democrata), ameacava os hospitais e medicas regionais que prescrevessem o uso da hidroxicloroquina a pacientes. agora, whitmer pediu a presidencia que encaminhasse estoques do medicamento a seu estado. o uso do medicamento em casos graves tem ajudado pacientes em todo o pais a se recuperarem da enfermidade, aos poucos parece que a grande midia esta aceitando que o presidente estava certo e assim como os veiculos de comunicacao, os governadores estao mais dispostos a utilizar o tratamento em seus estados. fonte:","A imprensa americana foi dura com o Trump quando ele promoveu a hidroxicloroquina, recebendo críticas da Fox News, CNN e outras emissoras. Só que essa situação mudou. 

Apesar do caos causado pela imprensa, no dia 28 de março, a hidroxicloroquina foi aprovada pela FDA (Food and Drug Administration) como recurso de tratamento para casos de Covid-19.

O New York Times publicou um artigo no qual diz que “A droga ajuda pacientes a se recuperarem do vírus”, percebam pelo tom usado no texto, que, mesmo a droga se mostrando eficaz, os jornais ainda criam certa repudia ao criar notas sobre o tratamento, já que foi sugerido pelo odiado Donald Trump.

A governadora de Michigan, Gretchen Whitmer (Democrata), ameaçava os hospitais e médicas regionais que prescrevessem o uso da hidroxicloroquina à pacientes. Agora, Whitmer pediu à presidência que encaminhasse estoques do medicamento a seu estado.

O uso do medicamento em casos graves tem ajudado pacientes em todo o país a se recuperarem da enfermidade, aos poucos parece que a grande mídia está aceitando que o presidente estava certo e assim como os veículos de comunicação, os governadores estão mais dispostos a utilizar o tratamento em seus estados.

Fonte:",[],0,0,0,,,,"['COVID19.BR', 'COVID19.BR_raw']","['fake', 'true']",2
878,COVID19.BR,news,Mensagens de WhatsApp em português brasileiro sobre COVID-19 coletadas em grupos públicos em 2020.,fake,,,"Antiparasitário mata coronavírus em 48 horas em laboratório
4 abr 2020, 17:47
A ivermectina é eficiente também no tratamento de outras doenças, como dengue e zika. Testes clínicos ainda precisam ser realizados","antiparasitario mata coronavirus em 48 horas em laboratorio 4 abr 2020, 17:47 a ivermectina e eficiente tambem no tratamento de outras doencas, como dengue e zika. testes clinicos ainda precisam ser realizados","Antiparasitário mata coronavírus em 48 horas em laboratório
4 abr 2020, 17:47
A ivermectina é eficiente também no tratamento de outras doenças, como dengue e zika. Testes clínicos ainda precisam ser realizados",[],0,0,0,,,,"['COVID19.BR', 'COVID19.BR_raw']","['fake', 'true']",2
950,COVID19.BR,news,Mensagens de WhatsApp em português brasileiro sobre COVID-19 coletadas em grupos públicos em 2020.,fake,,,OMS pede desculpa pelo erro na controvérsia sobre a hidroxicloroquina -,oms pede desculpa pelo erro na controversia sobre a hidroxicloroquina -,OMS pede desculpa pelo erro na controvérsia sobre a hidroxicloroquina -,[],0,0,0,Fake,Jornal da Cidade Online,https://oglobo.globo.com/fato-ou-fake/e-fake-que-oms-pediu-desculpas-por-erro-mudou-posicionamento-agora-recomenda-hidroxicloroquina-para-tratar-covid-19-24616662,"['COVID19.BR', 'COVID19.BR_raw']","['fake', 'true']",2
963,COVID19.BR,news,Mensagens de WhatsApp em português brasileiro sobre COVID-19 coletadas em grupos públicos em 2020.,fake,,,"Acabou de sair um estudo da Universidade de Turim que mostra que os atingidos pelo covid tinham, em grande parte, carência de vitamina D.

Isso explicaria também o impacto da epidemia no auge do inverno no hemisfério norte, quando as populações tem a menor exposicão anual à luz do sol, que é fundamental p/ produzir a vitamina D.



Cientistas da Universidade de Turim recomendam tomar vitamina D para combater a pandemia de coronavírus.  O estudo dos professores de Geriatria, Giancarlo Isaia e Histologia, Enzo Medico, foi submetido aos membros da Academia de Medicina de Turim, que consideraram os primeiros resultados ""muito interessantes"".  O documento analisa as possíveis causas do contágio do Covid-19 e propõe a vitamina D certamente não como uma cura, mas como uma ferramenta para reduzir os fatores de risco.

 Os primeiros dados preliminares coletados atualmente em Turim indicam que os pacientes hospitalizados por Covid-19 têm uma prevalência muito alta de hipovitaminose D. ""A compensação por essa ampla deficiência de vitamina pode ser alcançada principalmente pela exposição à luz solar, tanto quanto possível, mesmo em varandas.  e terraços, alimentando-se de alimentos ricos em vitamina D e, sob supervisão médica, tomando medicamentos específicos "", afirmam os pesquisadores.

 A análise, também realizada seguindo as recomendações recentes da Associação Dietética Britânica, investigou o papel que a falta de vitamina D poderia desempenhar, o que na Itália afeta grande parte da população, especialmente os idosos, nessa pandemia.  No documento, os autores sugerem aos médicos, em associação com as conhecidas medidas gerais de prevenção, garantir níveis adequados de vitamina D na população "", mas sobretudo naqueles já infectados, em seus familiares, nos profissionais de saúde, em idosos frágeis,  nos hóspedes das residências assistenciais, nas pessoas em regime de clausura e em todos aqueles que, por várias razões, não se expõem adequadamente à luz do sol "".  Além disso, a administração da forma ativa de vitamina D, calcitriol, por via intravenosa em pacientes com coronavírus e com função respiratória particularmente comprometida também pode ser considerada.

 ""Essas indicações derivam de inúmeras evidências científicas - escrevem os professores - que demonstraram um papel ativo da vitamina D na modulação do sistema imunológico, a associação frequente da hipovitaminose D com inúmeras patologias crônicas que podem reduzir a expectativa de vida em idosos""  , ainda mais no caso da infecção por Covid-19, um efeito da vitamina D na redução do risco de infecções respiratórias de origem viral, incluindo aquelas causadas por coronavírus e a capacidade da vitamina D de neutralizar os danos pulmonares causados pela hiperinflamação "".","acabou de sair um estudo da universidade de turim que mostra que os atingidos pelo covid tinham, em grande parte, carencia de vitamina d. isso explicaria tambem o impacto da epidemia no auge do inverno no hemisferio norte, quando as populacoes tem a menor exposicao anual a luz do sol, que e fundamental p/ produzir a vitamina d. cientistas da universidade de turim recomendam tomar vitamina d para combater a pandemia de coronavirus. o estudo dos professores de geriatria, giancarlo isaia e histologia, enzo medico, foi submetido aos membros da academia de medicina de turim, que consideraram os primeiros resultados ""muito interessantes"". o documento analisa as possiveis causas do contagio do covid-19 e propoe a vitamina d certamente nao como uma cura, mas como uma ferramenta para reduzir os fatores de risco. os primeiros dados preliminares coletados atualmente em turim indicam que os pacientes hospitalizados por covid-19 tem uma prevalencia muito alta de hipovitaminose d. ""a compensacao por essa ampla deficiencia de vitamina pode ser alcancada principalmente pela exposicao a luz solar, tanto quanto possivel, mesmo em varandas. e terracos, alimentando-se de alimentos ricos em vitamina d e, sob supervisao medica, tomando medicamentos especificos "", afirmam os pesquisadores. a analise, tambem realizada seguindo as recomendacoes recentes da associacao dietetica britanica, investigou o papel que a falta de vitamina d poderia desempenhar, o que na italia afeta grande parte da populacao, especialmente os idosos, nessa pandemia. no documento, os autores sugerem aos medicos, em associacao com as conhecidas medidas gerais de prevencao, garantir niveis adequados de vitamina d na populacao "", mas sobretudo naqueles ja infectados, em seus familiares, nos profissionais de saude, em idosos frageis, nos hospedes das residencias assistenciais, nas pessoas em regime de clausura e em todos aqueles que, por varias razoes, nao se expoem adequadamente a luz do sol "". alem disso, a administracao da forma ativa de vitamina d, calcitriol, por via intravenosa em pacientes com coronavirus e com funcao respiratoria particularmente comprometida tambem pode ser considerada. ""essas indicacoes derivam de inumeras evidencias cientificas - escrevem os professores - que demonstraram um papel ativo da vitamina d na modulacao do sistema imunologico, a associacao frequente da hipovitaminose d com inumeras patologias cronicas que podem reduzir a expectativa de vida em idosos"" , ainda mais no caso da infeccao por covid-19, um efeito da vitamina d na reducao do risco de infeccoes respiratorias de origem viral, incluindo aquelas causadas por coronavirus e a capacidade da vitamina d de neutralizar os danos pulmonares causados pela hiperinflamacao "".","Acabou de sair um estudo da Universidade de Turim que mostra que os atingidos pelo covid tinham, em grande parte, carência de vitamina D.

Isso explicaria também o impacto da epidemia no auge do inverno no hemisfério norte, quando as populações tem a menor exposicão anual à luz do sol, que é fundamental p/ produzir a vitamina D.



Cientistas da Universidade de Turim recomendam tomar vitamina D para combater a pandemia de coronavírus.  O estudo dos professores de Geriatria, Giancarlo Isaia e Histologia, Enzo Medico, foi submetido aos membros da Academia de Medicina de Turim, que consideraram os primeiros resultados ""muito interessantes"".  O documento analisa as possíveis causas do contágio do Covid-19 e propõe a vitamina D certamente não como uma cura, mas como uma ferramenta para reduzir os fatores de risco.

 Os primeiros dados preliminares coletados atualmente em Turim indicam que os pacientes hospitalizados por Covid-19 têm uma prevalência muito alta de hipovitaminose D. ""A compensação por essa ampla deficiência de vitamina pode ser alcançada principalmente pela exposição à luz solar, tanto quanto possível, mesmo em varandas.  e terraços, alimentando-se de alimentos ricos em vitamina D e, sob supervisão médica, tomando medicamentos específicos "", afirmam os pesquisadores.

 A análise, também realizada seguindo as recomendações recentes da Associação Dietética Britânica, investigou o papel que a falta de vitamina D poderia desempenhar, o que na Itália afeta grande parte da população, especialmente os idosos, nessa pandemia.  No documento, os autores sugerem aos médicos, em associação com as conhecidas medidas gerais de prevenção, garantir níveis adequados de vitamina D na população "", mas sobretudo naqueles já infectados, em seus familiares, nos profissionais de saúde, em idosos frágeis,  nos hóspedes das residências assistenciais, nas pessoas em regime de clausura e em todos aqueles que, por várias razões, não se expõem adequadamente à luz do sol "".  Além disso, a administração da forma ativa de vitamina D, calcitriol, por via intravenosa em pacientes com coronavírus e com função respiratória particularmente comprometida também pode ser considerada.

 ""Essas indicações derivam de inúmeras evidências científicas - escrevem os professores - que demonstraram um papel ativo da vitamina D na modulação do sistema imunológico, a associação frequente da hipovitaminose D com inúmeras patologias crônicas que podem reduzir a expectativa de vida em idosos""  , ainda mais no caso da infecção por Covid-19, um efeito da vitamina D na redução do risco de infecções respiratórias de origem viral, incluindo aquelas causadas por coronavírus e a capacidade da vitamina D de neutralizar os danos pulmonares causados pela hiperinflamação "".",[],0,0,0,,,,"['COVID19.BR', 'COVID19.BR_raw']","['fake', 'true']",2
1219,COVID19.BR,news,Mensagens de WhatsApp em português brasileiro sobre COVID-19 coletadas em grupos públicos em 2020.,fake,,,"Dra. Nise e a batalha para salvar o Brasil do vírus



Paulo Briguet5 de Abril de 2020 às 11:52



Médica e cientista Nise Yamaguchi reúne-se com o presidente Bolsonaro e propõe a adoção do tratamento precoce com cloroquina em todo o Brasil.

Quando a Dra. Nise Yamaguchi adentrou o Palácio do Planalto para conversar com o presidente Jair Bolsonaro, na última sexta-feira, vivia um dos momentos mais decisivos em seus 40 anos dedicados à medicina. Imunologista e cancerologista de renome internacional, participante de sociedades científicas na Europa e nos Estados Unidos, médica do Hospital Israelita Albert Einstein, Nise esteve na linha de frente em diversas batalhas pela saúde no Brasil e no mundo, ao trabalhar com pacientes de aids desde o surgimento dos primeiros casos da doença no Brasil; ao realizar cursos na Alemanha e Suíça sobre atendimento humanizado de pacientes com câncer; ao organizar no país centros de alta complexidade no atendimento à saúde; ao atuar na guerra contra a gripe H1N1; e ao contribuir, como sócia-fundadora e cientista sênior da World Cancer Alliance (sediada em Lyon, na França), para melhorar o acesso ao tratamento de câncer em países de baixa e média renda. 

Contudo, talvez nenhuma dessas notáveis realizações supere a dimensão do desafio que ela enfrenta agora: ajudar o Brasil a vencer a pandemia de coronavírus que tanto medo e sofrimento vem semeando no planeta.
Existem pessoas que fazem parte da solução e pessoas que fazem parte do problema. Definitivamente, como atesta a sua trajetória profissional, Nise Yamaguchi pertence ao primeiro grupo, e foi como tal que ela se apresentou ao presidente da República, portando a boa nova que pode mudar os rumos da história da epidemia em nosso país e oferecer um modelo de sucesso ao mundo. 

Nas últimas semanas, a médica foi testemunha e participante ativa de uma surpreendente reviravolta no tratamento de pacientes de Covid-19. O caso envolve uma comunidade de 450 mil pessoas com mais de 60 anos atendidas pela rede Prevent Senior na cidade de São Paulo. “Em fevereiro, os hospitais da rede registraram cerca de 80 mortes causadas por coronavírus em pacientes idosos”, conta Nise. “Com base em estudos clínicos realizados recentemente na França e em outros países, decidimos adotar um tratamento preventivo com essa população, oferecendo hidroxicloroquina nos primeiros dias da infecção. Imediatamente percebemos que isso diminuía muito o risco do agravamento da doença.”

Por meio da telemedicina e do uso de um aplicativo de celular, a Prevent Senior monitorou essa população de risco. Cerca de 400 pessoas que apresentaram os sintomas de coronavírus receberam a hidroxicloroquina em casa, sem precisar passar pelo pronto-socorro. Desse total, 200 já receberam alta e nenhum ― repetimos: nenhum ― precisou ser internado. “É um achado muito significativo, porque estamos falando de quase meio milhão de pessoas, com mais de 60 anos, vulneráveis, com comorbidades (outras doenças)”, observa a médica. “Em duas semanas, nós mudamos completamente a realidade: de prontos-socorros apinhados e dezenas de mortes para uma situação próxima da normalidade. A mudança foi tão súbita que chegamos a ser acusados de subnotificação. Mas nós não estávamos deixando de notificar as mortes, é que elas não estavam ocorrendo!”

Nise Yamaguchi está agora empenhada em replicar esse modelo para todo o Brasil, de modo que todas as pessoas que apresentarem os primeiros sintomas da doença possam receber a hidroxicloroquina em casa. “É importante construir UTIs, aumentar os leitos hospitalares, promover o isolamento vertical e adotar medidas de prevenção ― mas não podemos nos limitar a isso. O tratamento precoce com hidroxicloroquina pode ser feito em larga escala, como fizemos com o Tamiflu durante a epidemia de H1N1.” A médica explica que a hidroxicloroquina, em associação com o antibiótico azitromicina, atua fortalecendo as células humanas e diminuindo a capacidade de replicação do vírus. Se aplicado até o 4o dia de aparecimento dos sintomas, esse tratamento diminui exponencialmente o risco de internação e a necessidade de uso do respirador. “Não podemos esperar para tratar só quem está com os sintomas graves. Também não se trata de escolher entre equipamentos ou medicamentos, prevenção ou tratamento. Não devemos usar o ‘ou’, mas o ‘e’. Só uma estratégia não será suficiente. Temos que usar todas as estratégias.” 

Sobre o isolamento social, Dra. Nise observa, com base em sua experiência no tratamento a comunidades pobres: “Não é possível fazer o isolamento social em locais em que dez pessoas moram na mesma casa. Nesses locais, é preciso tratar quem está doente logo no início da infecção.” 
Logicamente, é um desafio gigantesco tornar o tratamento disponível à população de um país como o Brasil, com dimensões continentais e enormes disparidades entre as regiões. 

Um primeiro passo é estimular que os pacientes, logo ao surgimento dos primeiros sintomas da Covid-19, assinem um protocolo de adesão para uso da hidroxicloroquina. Trata-se de um documento em que o paciente aceita receber o medicamento e assume as consequências por essa decisão. Para que o medicamento possa chegar a todas as pessoas necessitadas, incluindo as comunidades carentes, será preciso realizar um grande esforço conjunto entre ministérios, governos e órgãos de saúde ― e uma coordenação centralizada. “A hidroxicloroquina precisa estar disponível nas farmácias populares, e o protocolo de adesão poderá ser enviado pelo aplicativo do SUS. Fazer o medicamento chegar a todos que precisem, onde quer que estejam, é uma grande batalha, mas, se não nos colocarmos nesse caminho, vamos perder o bonde da história.”

Para Nise Yamaguchi, o momento atual é decisivo. “Não podemos ficar de braços cruzados, esperando a hora de ir para o matadouro. Temos que curar os que podem ser curados e usar o tratamento que está disponível. É necessário combinar a ousadia com o conhecimento. Sabemos como se comporta esse vírus; já está claro que o uso da hidroxicloroquina reduz a carga viral e salva a vida das pessoas. Ademais, não estamos falando de introduzir um novo medicamento, mas de usar um produto que está no mercado há mais de 70 anos, na forma de quinino. 

Quando se aplica o método precoce com a hidroxicloroquina, as pessoas percebem que é como um ovo de Colombo. Como não havíamos pensado nisso antes? Por que tantos tiveram de morrer? 

Agora precisamos desenhar padrões que possam ser replicados e beneficiar o maior número de pessoas. Ao final, podemos mudar o curso da epidemia. Esse é o meu sonho para o Brasil.”

E foi isso que a Dra. Nise disse ao presidente.","dra. nise e a batalha para salvar o brasil do virus paulo briguet5 de abril de 2020 as 11:52 medica e cientista nise yamaguchi reune-se com o presidente bolsonaro e propoe a adocao do tratamento precoce com cloroquina em todo o brasil. quando a dra. nise yamaguchi adentrou o palacio do planalto para conversar com o presidente jair bolsonaro, na ultima sexta-feira, vivia um dos momentos mais decisivos em seus 40 anos dedicados a medicina. imunologista e cancerologista de renome internacional, participante de sociedades cientificas na europa e nos estados unidos, medica do hospital israelita albert einstein, nise esteve na linha de frente em diversas batalhas pela saude no brasil e no mundo, ao trabalhar com pacientes de aids desde o surgimento dos primeiros casos da doenca no brasil; ao realizar cursos na alemanha e suica sobre atendimento humanizado de pacientes com cancer; ao organizar no pais centros de alta complexidade no atendimento a saude; ao atuar na guerra contra a gripe h1n1; e ao contribuir, como socia-fundadora e cientista senior da world cancer alliance (sediada em lyon, na franca), para melhorar o acesso ao tratamento de cancer em paises de baixa e media renda. contudo, talvez nenhuma dessas notaveis realizacoes supere a dimensao do desafio que ela enfrenta agora: ajudar o brasil a vencer a pandemia de coronavirus que tanto medo e sofrimento vem semeando no planeta. existem pessoas que fazem parte da solucao e pessoas que fazem parte do problema. definitivamente, como atesta a sua trajetoria profissional, nise yamaguchi pertence ao primeiro grupo, e foi como tal que ela se apresentou ao presidente da republica, portando a boa nova que pode mudar os rumos da historia da epidemia em nosso pais e oferecer um modelo de sucesso ao mundo. nas ultimas semanas, a medica foi testemunha e participante ativa de uma surpreendente reviravolta no tratamento de pacientes de covid-19. o caso envolve uma comunidade de 450 mil pessoas com mais de 60 anos atendidas pela rede prevent senior na cidade de sao paulo. “em fevereiro, os hospitais da rede registraram cerca de 80 mortes causadas por coronavirus em pacientes idosos”, conta nise. “com base em estudos clinicos realizados recentemente na franca e em outros paises, decidimos adotar um tratamento preventivo com essa populacao, oferecendo hidroxicloroquina nos primeiros dias da infeccao. imediatamente percebemos que isso diminuia muito o risco do agravamento da doenca.” por meio da telemedicina e do uso de um aplicativo de celular, a prevent senior monitorou essa populacao de risco. cerca de 400 pessoas que apresentaram os sintomas de coronavirus receberam a hidroxicloroquina em casa, sem precisar passar pelo pronto-socorro. desse total, 200 ja receberam alta e nenhum ― repetimos: nenhum ― precisou ser internado. “e um achado muito significativo, porque estamos falando de quase meio milhao de pessoas, com mais de 60 anos, vulneraveis, com comorbidades (outras doencas)”, observa a medica. “em duas semanas, nos mudamos completamente a realidade: de prontos-socorros apinhados e dezenas de mortes para uma situacao proxima da normalidade. a mudanca foi tao subita que chegamos a ser acusados de subnotificacao. mas nos nao estavamos deixando de notificar as mortes, e que elas nao estavam ocorrendo!” nise yamaguchi esta agora empenhada em replicar esse modelo para todo o brasil, de modo que todas as pessoas que apresentarem os primeiros sintomas da doenca possam receber a hidroxicloroquina em casa. “e importante construir utis, aumentar os leitos hospitalares, promover o isolamento vertical e adotar medidas de prevencao ― mas nao podemos nos limitar a isso. o tratamento precoce com hidroxicloroquina pode ser feito em larga escala, como fizemos com o tamiflu durante a epidemia de h1n1.” a medica explica que a hidroxicloroquina, em associacao com o antibiotico azitromicina, atua fortalecendo as celulas humanas e diminuindo a capacidade de replicacao do virus. se aplicado ate o 4o dia de aparecimento dos sintomas, esse tratamento diminui exponencialmente o risco de internacao e a necessidade de uso do respirador. “nao podemos esperar para tratar so quem esta com os sintomas graves. tambem nao se trata de escolher entre equipamentos ou medicamentos, prevencao ou tratamento. nao devemos usar o ‘ou’, mas o ‘e’. so uma estrategia nao sera suficiente. temos que usar todas as estrategias.” sobre o isolamento social, dra. nise observa, com base em sua experiencia no tratamento a comunidades pobres: “nao e possivel fazer o isolamento social em locais em que dez pessoas moram na mesma casa. nesses locais, e preciso tratar quem esta doente logo no inicio da infeccao.” logicamente, e um desafio gigantesco tornar o tratamento disponivel a populacao de um pais como o brasil, com dimensoes continentais e enormes disparidades entre as regioes. um primeiro passo e estimular que os pacientes, logo ao surgimento dos primeiros sintomas da covid-19, assinem um protocolo de adesao para uso da hidroxicloroquina. trata-se de um documento em que o paciente aceita receber o medicamento e assume as consequencias por essa decisao. para que o medicamento possa chegar a todas as pessoas necessitadas, incluindo as comunidades carentes, sera preciso realizar um grande esforco conjunto entre ministerios, governos e orgaos de saude ― e uma coordenacao centralizada. “a hidroxicloroquina precisa estar disponivel nas farmacias populares, e o protocolo de adesao podera ser enviado pelo aplicativo do sus. fazer o medicamento chegar a todos que precisem, onde quer que estejam, e uma grande batalha, mas, se nao nos colocarmos nesse caminho, vamos perder o bonde da historia.” para nise yamaguchi, o momento atual e decisivo. “nao podemos ficar de bracos cruzados, esperando a hora de ir para o matadouro. temos que curar os que podem ser curados e usar o tratamento que esta disponivel. e necessario combinar a ousadia com o conhecimento. sabemos como se comporta esse virus; ja esta claro que o uso da hidroxicloroquina reduz a carga viral e salva a vida das pessoas. ademais, nao estamos falando de introduzir um novo medicamento, mas de usar um produto que esta no mercado ha mais de 70 anos, na forma de quinino. quando se aplica o metodo precoce com a hidroxicloroquina, as pessoas percebem que e como um ovo de colombo. como nao haviamos pensado nisso antes? por que tantos tiveram de morrer? agora precisamos desenhar padroes que possam ser replicados e beneficiar o maior numero de pessoas. ao final, podemos mudar o curso da epidemia. esse e o meu sonho para o brasil.” e foi isso que a dra. nise disse ao presidente.","Dra. Nise e a batalha para salvar o Brasil do vírus



Paulo Briguet5 de Abril de 2020 às 11:52



Médica e cientista Nise Yamaguchi reúne-se com o presidente Bolsonaro e propõe a adoção do tratamento precoce com cloroquina em todo o Brasil.

Quando a Dra. Nise Yamaguchi adentrou o Palácio do Planalto para conversar com o presidente Jair Bolsonaro, na última sexta-feira, vivia um dos momentos mais decisivos em seus 40 anos dedicados à medicina. Imunologista e cancerologista de renome internacional, participante de sociedades científicas na Europa e nos Estados Unidos, médica do Hospital Israelita Albert Einstein, Nise esteve na linha de frente em diversas batalhas pela saúde no Brasil e no mundo, ao trabalhar com pacientes de aids desde o surgimento dos primeiros casos da doença no Brasil; ao realizar cursos na Alemanha e Suíça sobre atendimento humanizado de pacientes com câncer; ao organizar no país centros de alta complexidade no atendimento à saúde; ao atuar na guerra contra a gripe H1N1; e ao contribuir, como sócia-fundadora e cientista sênior da World Cancer Alliance (sediada em Lyon, na França), para melhorar o acesso ao tratamento de câncer em países de baixa e média renda. 

Contudo, talvez nenhuma dessas notáveis realizações supere a dimensão do desafio que ela enfrenta agora: ajudar o Brasil a vencer a pandemia de coronavírus que tanto medo e sofrimento vem semeando no planeta.
Existem pessoas que fazem parte da solução e pessoas que fazem parte do problema. Definitivamente, como atesta a sua trajetória profissional, Nise Yamaguchi pertence ao primeiro grupo, e foi como tal que ela se apresentou ao presidente da República, portando a boa nova que pode mudar os rumos da história da epidemia em nosso país e oferecer um modelo de sucesso ao mundo. 

Nas últimas semanas, a médica foi testemunha e participante ativa de uma surpreendente reviravolta no tratamento de pacientes de Covid-19. O caso envolve uma comunidade de 450 mil pessoas com mais de 60 anos atendidas pela rede Prevent Senior na cidade de São Paulo. “Em fevereiro, os hospitais da rede registraram cerca de 80 mortes causadas por coronavírus em pacientes idosos”, conta Nise. “Com base em estudos clínicos realizados recentemente na França e em outros países, decidimos adotar um tratamento preventivo com essa população, oferecendo hidroxicloroquina nos primeiros dias da infecção. Imediatamente percebemos que isso diminuía muito o risco do agravamento da doença.”

Por meio da telemedicina e do uso de um aplicativo de celular, a Prevent Senior monitorou essa população de risco. Cerca de 400 pessoas que apresentaram os sintomas de coronavírus receberam a hidroxicloroquina em casa, sem precisar passar pelo pronto-socorro. Desse total, 200 já receberam alta e nenhum ― repetimos: nenhum ― precisou ser internado. “É um achado muito significativo, porque estamos falando de quase meio milhão de pessoas, com mais de 60 anos, vulneráveis, com comorbidades (outras doenças)”, observa a médica. “Em duas semanas, nós mudamos completamente a realidade: de prontos-socorros apinhados e dezenas de mortes para uma situação próxima da normalidade. A mudança foi tão súbita que chegamos a ser acusados de subnotificação. Mas nós não estávamos deixando de notificar as mortes, é que elas não estavam ocorrendo!”

Nise Yamaguchi está agora empenhada em replicar esse modelo para todo o Brasil, de modo que todas as pessoas que apresentarem os primeiros sintomas da doença possam receber a hidroxicloroquina em casa. “É importante construir UTIs, aumentar os leitos hospitalares, promover o isolamento vertical e adotar medidas de prevenção ― mas não podemos nos limitar a isso. O tratamento precoce com hidroxicloroquina pode ser feito em larga escala, como fizemos com o Tamiflu durante a epidemia de H1N1.” A médica explica que a hidroxicloroquina, em associação com o antibiótico azitromicina, atua fortalecendo as células humanas e diminuindo a capacidade de replicação do vírus. Se aplicado até o 4o dia de aparecimento dos sintomas, esse tratamento diminui exponencialmente o risco de internação e a necessidade de uso do respirador. “Não podemos esperar para tratar só quem está com os sintomas graves. Também não se trata de escolher entre equipamentos ou medicamentos, prevenção ou tratamento. Não devemos usar o ‘ou’, mas o ‘e’. Só uma estratégia não será suficiente. Temos que usar todas as estratégias.” 

Sobre o isolamento social, Dra. Nise observa, com base em sua experiência no tratamento a comunidades pobres: “Não é possível fazer o isolamento social em locais em que dez pessoas moram na mesma casa. Nesses locais, é preciso tratar quem está doente logo no início da infecção.” 
Logicamente, é um desafio gigantesco tornar o tratamento disponível à população de um país como o Brasil, com dimensões continentais e enormes disparidades entre as regiões. 

Um primeiro passo é estimular que os pacientes, logo ao surgimento dos primeiros sintomas da Covid-19, assinem um protocolo de adesão para uso da hidroxicloroquina. Trata-se de um documento em que o paciente aceita receber o medicamento e assume as consequências por essa decisão. Para que o medicamento possa chegar a todas as pessoas necessitadas, incluindo as comunidades carentes, será preciso realizar um grande esforço conjunto entre ministérios, governos e órgãos de saúde ― e uma coordenação centralizada. “A hidroxicloroquina precisa estar disponível nas farmácias populares, e o protocolo de adesão poderá ser enviado pelo aplicativo do SUS. Fazer o medicamento chegar a todos que precisem, onde quer que estejam, é uma grande batalha, mas, se não nos colocarmos nesse caminho, vamos perder o bonde da história.”

Para Nise Yamaguchi, o momento atual é decisivo. “Não podemos ficar de braços cruzados, esperando a hora de ir para o matadouro. Temos que curar os que podem ser curados e usar o tratamento que está disponível. É necessário combinar a ousadia com o conhecimento. Sabemos como se comporta esse vírus; já está claro que o uso da hidroxicloroquina reduz a carga viral e salva a vida das pessoas. Ademais, não estamos falando de introduzir um novo medicamento, mas de usar um produto que está no mercado há mais de 70 anos, na forma de quinino. 

Quando se aplica o método precoce com a hidroxicloroquina, as pessoas percebem que é como um ovo de Colombo. Como não havíamos pensado nisso antes? Por que tantos tiveram de morrer? 

Agora precisamos desenhar padrões que possam ser replicados e beneficiar o maior número de pessoas. Ao final, podemos mudar o curso da epidemia. Esse é o meu sonho para o Brasil.”

E foi isso que a Dra. Nise disse ao presidente.",[],0,0,0,,,,"['COVID19.BR', 'COVID19.BR_raw']","['fake', 'true']",2
1382,COVID19.BR,news,Mensagens de WhatsApp em português brasileiro sobre COVID-19 coletadas em grupos públicos em 2020.,fake,,,"201 - 119 negativos = 82

82 - 37 inadequados = 45

45 - 19 extraídos = 26
🤔🤔🤔🤔🤔 

*FRAUDE!!!!!*

*Das 201 mortes, 119 tiveram resultado negativo para o coronavírus. Outros 37 exames foram considerados inadequados, ou seja, não foi possível fazer a análise porque as amostras estavam prejudicadas seja por falta de material, coleta incorreta ou danificada durante o transporte.*

*De acordo com a secretaria 19 exames foram classificados como “extraído”, ou seja, houve dúvida na análise e os testes estão sendo refeitos.*

*ACORDA, POVO BRASILEIRO!!!*","201 - 119 negativos = 82 82 - 37 inadequados = 45 45 - 19 extraidos = 26 *fraude!!!!!* *das 201 mortes, 119 tiveram resultado negativo para o coronavirus. outros 37 exames foram considerados inadequados, ou seja, nao foi possivel fazer a analise porque as amostras estavam prejudicadas seja por falta de material, coleta incorreta ou danificada durante o transporte.* *de acordo com a secretaria 19 exames foram classificados como “extraido”, ou seja, houve duvida na analise e os testes estao sendo refeitos.* *acorda, povo brasileiro!!!*","201 - 119 negativos = 82

82 - 37 inadequados = 45

45 - 19 extraídos = 26
🤔🤔🤔🤔🤔 

*FRAUDE!!!!!*

*Das 201 mortes, 119 tiveram resultado negativo para o coronavírus. Outros 37 exames foram considerados inadequados, ou seja, não foi possível fazer a análise porque as amostras estavam prejudicadas seja por falta de material, coleta incorreta ou danificada durante o transporte.*

*De acordo com a secretaria 19 exames foram classificados como “extraído”, ou seja, houve dúvida na análise e os testes estão sendo refeitos.*

*ACORDA, POVO BRASILEIRO!!!*",[],0,0,0,,,,"['COVID19.BR', 'COVID19.BR_raw']","['fake', 'true']",2
1451,COVID19.BR,news,Mensagens de WhatsApp em português brasileiro sobre COVID-19 coletadas em grupos públicos em 2020.,fake,,,"*SORRIAM, VOCÊS ESTÃO SENDO ENGANADOS.*

A FRAUDE PAULISTA:

Das 201 mortes, 119 tiveram resultado negativo para o coronavírus. Outros 37 exames foram considerados inadequados, ou seja, não foi possível fazer a análise porque as amostras estavam prejudicadas seja por falta de material, coleta incorreta, ou danificada durante o transporte.

De acordo com a secretaria, 19 exames foram classificados como “extraído”, ou seja, houve dúvida na análise e os testes estão sendo refeitos.

Trocando em miúdos:

201 - 119 negativos = 82

82 - 37 inadequados = 45

45 - 19 extraídos = 26

APENAS 26 MORTOS EM SÃO PAULO!!!!!

Pelo jeito eles vão esquartejar os corpos e jogar um pedaço em cada Covas, digo, cova.","*sorriam, voces estao sendo enganados.* a fraude paulista: das 201 mortes, 119 tiveram resultado negativo para o coronavirus. outros 37 exames foram considerados inadequados, ou seja, nao foi possivel fazer a analise porque as amostras estavam prejudicadas seja por falta de material, coleta incorreta, ou danificada durante o transporte. de acordo com a secretaria, 19 exames foram classificados como “extraido”, ou seja, houve duvida na analise e os testes estao sendo refeitos. trocando em miudos: 201 - 119 negativos = 82 82 - 37 inadequados = 45 45 - 19 extraidos = 26 apenas 26 mortos em sao paulo!!!!! pelo jeito eles vao esquartejar os corpos e jogar um pedaco em cada covas, digo, cova.","*SORRIAM, VOCÊS ESTÃO SENDO ENGANADOS.*

A FRAUDE PAULISTA:

Das 201 mortes, 119 tiveram resultado negativo para o coronavírus. Outros 37 exames foram considerados inadequados, ou seja, não foi possível fazer a análise porque as amostras estavam prejudicadas seja por falta de material, coleta incorreta, ou danificada durante o transporte.

De acordo com a secretaria, 19 exames foram classificados como “extraído”, ou seja, houve dúvida na análise e os testes estão sendo refeitos.

Trocando em miúdos:

201 - 119 negativos = 82

82 - 37 inadequados = 45

45 - 19 extraídos = 26

APENAS 26 MORTOS EM SÃO PAULO!!!!!

Pelo jeito eles vão esquartejar os corpos e jogar um pedaço em cada Covas, digo, cova.",[],0,0,0,,,,"['COVID19.BR', 'COVID19.BR_raw']","['fake', 'true']",2
1456,COVID19.BR,news,Mensagens de WhatsApp em português brasileiro sobre COVID-19 coletadas em grupos públicos em 2020.,fake,,,"- Após pedirem desculpas pela Hidroxicloroquina, agora a OMS conclui que pacientes assintomáticos (a grande maioria) não têm potencial de infectar outras pessoas.

- Milhões ficaram trancados em casa, perderam seus empregos e afetaram negativamente a Economia.","- apos pedirem desculpas pela hidroxicloroquina, agora a oms conclui que pacientes assintomaticos (a grande maioria) nao tem potencial de infectar outras pessoas. - milhoes ficaram trancados em casa, perderam seus empregos e afetaram negativamente a economia.","- Após pedirem desculpas pela Hidroxicloroquina, agora a OMS conclui que pacientes assintomáticos (a grande maioria) não têm potencial de infectar outras pessoas.

- Milhões ficaram trancados em casa, perderam seus empregos e afetaram negativamente a Economia.",[],0,0,0,,,,"['COVID19.BR', 'COVID19.BR_raw']","['fake', 'true']",2
1511,COVID19.BR,news,Mensagens de WhatsApp em português brasileiro sobre COVID-19 coletadas em grupos públicos em 2020.,fake,,,"Paulo Briguet
5 de Abril de 2020 às 11:52

Médica e cientista Nise Yamaguchi propõe ao presidente Jair Bolsonaro a adoção do tratamento precoce com cloroquina em todo o Brasil

Quando a Dra. Nise Yamaguchi adentrar o Palácio do Planalto para conversar com o presidente Jair Bolsonaro, estará vivendo um dos momentos mais decisivos em seus 40 anos dedicados à medicina. Imunologista e cancerologista de renome internacional, participante de sociedades científicas na Europa e nos Estados Unidos, médica do Hospital Israelita Albert Einstein, Nise esteve na linha de frente em diversas batalhas pela saúde no Brasil e no mundo, ao trabalhar com pacientes de aids desde o surgimento dos primeiros casos da doença no Brasil; ao realizar cursos na Alemanha e Suíça sobre atendimento humanizado de pacientes com câncer; ao organizar no país centros de alta complexidade no atendimento à saúde; ao atuar na guerra contra a gripe H1N1; e ao contribuir, como sócia-fundadora e cientista sênior da World Cancer Alliance (sediada em Lyon, na França), para melhorar o acesso ao tratamento de câncer em países de baixa e média renda. Contudo, talvez nenhuma dessas notáveis realizações supere a dimensão do desafio que ela enfrenta agora: ajudar o Brasil a vencer a pandemia de coronavírus que tanto medo e sofrimento vem semeando no planeta.

Existem pessoas que fazem parte da solução e pessoas que fazem parte do problema. Definitivamente, como atesta a sua trajetória profissional, Nise Yamaguchi pertence ao primeiro grupo, e é como tal que ela se apresenta ao presidente da República, portando a boa nova que pode mudar os rumos da história da epidemia em nosso país e oferecer um modelo de sucesso ao mundo. Nas últimas semanas, a médica foi testemunha de uma surpreendente reviravolta no tratamento de pacientes de Covid-19. 

O caso envolve uma comunidade de 450 mil pessoas com mais de 60 anos atendidas pela rede Prevent Senior na cidade de São Paulo. “Em fevereiro, os hospitais da rede registraram cerca de 80 mortes causadas por coronavírus em pacientes idosos”, conta Nise. “Com base em estudos clínicos realizados recentemente na França e em outros países, decidiu-se adotar um tratamento preventivo com essa população, oferecendo hidroxicloroquina nos primeiros dias da infecção. Imediatamente percebeu-se que isso diminuía muito o risco do agravamento da doença.”

Por meio da telemedicina e do uso de um aplicativo de celular, a Prevent Senior monitorou essa população de risco. Cerca de 400 pessoas que apresentaram os sintomas de coronavírus receberam a hidroxicloroquina em casa, sem precisar passar pelo pronto-socorro. Desse total, 200 já receberam alta e nenhum ― repetimos: nenhum ― precisou ser internado. “É um achado muito significativo, porque estamos falando de quase meio milhão de pessoas, com mais de 60 anos, vulneráveis, com comorbidades (outras doenças)”, observa a médica. “Em duas semanas, essa realidade mudou completamente: de prontos-socorros apinhados e dezenas de mortes para uma situação próxima da normalidade. A mudança foi tão súbita que a Prevent Senior chegou a ser acusada de subnotificação. Mas não estavam deixando de notificar as mortes, é que elas não estavam ocorrendo!”

Nise Yamaguchi está agora empenhada em replicar esse modelo para todo o Brasil, de modo que todas as pessoas que apresentarem os primeiros sintomas da doença possam receber a hidroxicloroquina em casa. “É importante construir UTIs, aumentar os leitos hospitalares, promover o isolamento vertical e adotar medidas de prevenção ― mas não podemos nos limitar a isso. O tratamento precoce com hidroxicloroquina pode ser feito em larga escala, como fizemos com o Tamiflu durante a epidemia de H1N1.” A médica explica que a hidroxicloroquina, em associação com o antibiótico azitromicina, atua fortalecendo as células humanas e diminuindo a capacidade de replicação do vírus. Se aplicado até o 4o dia de aparecimento dos sintomas, esse tratamento diminui exponencialmente o risco de internação e a necessidade de uso do respirador. “Não podemos esperar para tratar só quem está com os sintomas graves. Também não se trata de escolher entre equipamentos ou medicamentos, prevenção ou tratamento. Não devemos usar o ‘ou’, mas o ‘e’. Só uma estratégia não será suficiente. Temos que usar todas as estratégias.” Sobre o isolamento social, Dra. Nise observa, com base em sua experiência no tratamento a comunidades pobres: “Não é possível fazer o isolamento social em locais em que dez pessoas moram na mesma casa. Nesses locais, é preciso tratar quem está doente logo no início da infecção.” 

Logicamente, é um desafio gigantesco tornar o tratamento disponível à população de um país como o Brasil, com dimensões continentais e enormes disparidades entre as regiões. Um primeiro passo é estimular que os pacientes, logo ao surgimento dos primeiros sintomas da Covid-19, assinem um protocolo de adesão para uso da hidroxicloroquina. Trata-se de um documento em que o paciente aceita receber o medicamento e assume as consequências por essa decisão. Para que o medicamento possa chegar a todas as pessoas necessitadas, incluindo as comunidades carentes, será preciso realizar um grande esforço conjunto entre ministérios, governos e órgãos de saúde ― e uma coordenação centralizada. “A hidroxicloroquina precisa estar disponível nas farmácias populares, e o protocolo de adesão poderá ser enviado pelo aplicativo do SUS. Fazer o medicamento chegar a todos que precisem, onde quer que estejam, é uma grande batalha, mas, se não nos colocarmos nesse caminho, vamos perder o bonde da história.”

Para Nise Yamaguchi, o momento atual é decisivo. “Não podemos ficar de braços cruzados, esperando a hora de ir para o matadouro. Temos que curar os que podem ser curados e usar o tratamento que está disponível. É necessário combinar a ousadia com o conhecimento. Sabemos como se comporta esse vírus; já está claro que o uso da hidroxicloroquina reduz a carga viral e salva a vida das pessoas. Ademais, não estamos falando de introduzir um novo medicamento, mas de usar um produto que está no mercado há mais de 70 anos, na forma de quinino. Quando se aplica o método precoce com a hidroxicloroquina, as pessoas percebem que é como um ovo de Colombo. Como não havíamos pensado nisso antes? Por que tantos tiveram de morrer? Agora precisamos desenhar padrões que possam ser replicados e beneficiar o maior número de pessoas. Ao final, podemos mudar o curso da epidemia. Esse é o meu sonho para o Brasil.”

E é isso que a Dra. Nise vai dizer ao presidente.
 

***","paulo briguet 5 de abril de 2020 as 11:52 medica e cientista nise yamaguchi propoe ao presidente jair bolsonaro a adocao do tratamento precoce com cloroquina em todo o brasil quando a dra. nise yamaguchi adentrar o palacio do planalto para conversar com o presidente jair bolsonaro, estara vivendo um dos momentos mais decisivos em seus 40 anos dedicados a medicina. imunologista e cancerologista de renome internacional, participante de sociedades cientificas na europa e nos estados unidos, medica do hospital israelita albert einstein, nise esteve na linha de frente em diversas batalhas pela saude no brasil e no mundo, ao trabalhar com pacientes de aids desde o surgimento dos primeiros casos da doenca no brasil; ao realizar cursos na alemanha e suica sobre atendimento humanizado de pacientes com cancer; ao organizar no pais centros de alta complexidade no atendimento a saude; ao atuar na guerra contra a gripe h1n1; e ao contribuir, como socia-fundadora e cientista senior da world cancer alliance (sediada em lyon, na franca), para melhorar o acesso ao tratamento de cancer em paises de baixa e media renda. contudo, talvez nenhuma dessas notaveis realizacoes supere a dimensao do desafio que ela enfrenta agora: ajudar o brasil a vencer a pandemia de coronavirus que tanto medo e sofrimento vem semeando no planeta. existem pessoas que fazem parte da solucao e pessoas que fazem parte do problema. definitivamente, como atesta a sua trajetoria profissional, nise yamaguchi pertence ao primeiro grupo, e e como tal que ela se apresenta ao presidente da republica, portando a boa nova que pode mudar os rumos da historia da epidemia em nosso pais e oferecer um modelo de sucesso ao mundo. nas ultimas semanas, a medica foi testemunha de uma surpreendente reviravolta no tratamento de pacientes de covid-19. o caso envolve uma comunidade de 450 mil pessoas com mais de 60 anos atendidas pela rede prevent senior na cidade de sao paulo. “em fevereiro, os hospitais da rede registraram cerca de 80 mortes causadas por coronavirus em pacientes idosos”, conta nise. “com base em estudos clinicos realizados recentemente na franca e em outros paises, decidiu-se adotar um tratamento preventivo com essa populacao, oferecendo hidroxicloroquina nos primeiros dias da infeccao. imediatamente percebeu-se que isso diminuia muito o risco do agravamento da doenca.” por meio da telemedicina e do uso de um aplicativo de celular, a prevent senior monitorou essa populacao de risco. cerca de 400 pessoas que apresentaram os sintomas de coronavirus receberam a hidroxicloroquina em casa, sem precisar passar pelo pronto-socorro. desse total, 200 ja receberam alta e nenhum ― repetimos: nenhum ― precisou ser internado. “e um achado muito significativo, porque estamos falando de quase meio milhao de pessoas, com mais de 60 anos, vulneraveis, com comorbidades (outras doencas)”, observa a medica. “em duas semanas, essa realidade mudou completamente: de prontos-socorros apinhados e dezenas de mortes para uma situacao proxima da normalidade. a mudanca foi tao subita que a prevent senior chegou a ser acusada de subnotificacao. mas nao estavam deixando de notificar as mortes, e que elas nao estavam ocorrendo!” nise yamaguchi esta agora empenhada em replicar esse modelo para todo o brasil, de modo que todas as pessoas que apresentarem os primeiros sintomas da doenca possam receber a hidroxicloroquina em casa. “e importante construir utis, aumentar os leitos hospitalares, promover o isolamento vertical e adotar medidas de prevencao ― mas nao podemos nos limitar a isso. o tratamento precoce com hidroxicloroquina pode ser feito em larga escala, como fizemos com o tamiflu durante a epidemia de h1n1.” a medica explica que a hidroxicloroquina, em associacao com o antibiotico azitromicina, atua fortalecendo as celulas humanas e diminuindo a capacidade de replicacao do virus. se aplicado ate o 4o dia de aparecimento dos sintomas, esse tratamento diminui exponencialmente o risco de internacao e a necessidade de uso do respirador. “nao podemos esperar para tratar so quem esta com os sintomas graves. tambem nao se trata de escolher entre equipamentos ou medicamentos, prevencao ou tratamento. nao devemos usar o ‘ou’, mas o ‘e’. so uma estrategia nao sera suficiente. temos que usar todas as estrategias.” sobre o isolamento social, dra. nise observa, com base em sua experiencia no tratamento a comunidades pobres: “nao e possivel fazer o isolamento social em locais em que dez pessoas moram na mesma casa. nesses locais, e preciso tratar quem esta doente logo no inicio da infeccao.” logicamente, e um desafio gigantesco tornar o tratamento disponivel a populacao de um pais como o brasil, com dimensoes continentais e enormes disparidades entre as regioes. um primeiro passo e estimular que os pacientes, logo ao surgimento dos primeiros sintomas da covid-19, assinem um protocolo de adesao para uso da hidroxicloroquina. trata-se de um documento em que o paciente aceita receber o medicamento e assume as consequencias por essa decisao. para que o medicamento possa chegar a todas as pessoas necessitadas, incluindo as comunidades carentes, sera preciso realizar um grande esforco conjunto entre ministerios, governos e orgaos de saude ― e uma coordenacao centralizada. “a hidroxicloroquina precisa estar disponivel nas farmacias populares, e o protocolo de adesao podera ser enviado pelo aplicativo do sus. fazer o medicamento chegar a todos que precisem, onde quer que estejam, e uma grande batalha, mas, se nao nos colocarmos nesse caminho, vamos perder o bonde da historia.” para nise yamaguchi, o momento atual e decisivo. “nao podemos ficar de bracos cruzados, esperando a hora de ir para o matadouro. temos que curar os que podem ser curados e usar o tratamento que esta disponivel. e necessario combinar a ousadia com o conhecimento. sabemos como se comporta esse virus; ja esta claro que o uso da hidroxicloroquina reduz a carga viral e salva a vida das pessoas. ademais, nao estamos falando de introduzir um novo medicamento, mas de usar um produto que esta no mercado ha mais de 70 anos, na forma de quinino. quando se aplica o metodo precoce com a hidroxicloroquina, as pessoas percebem que e como um ovo de colombo. como nao haviamos pensado nisso antes? por que tantos tiveram de morrer? agora precisamos desenhar padroes que possam ser replicados e beneficiar o maior numero de pessoas. ao final, podemos mudar o curso da epidemia. esse e o meu sonho para o brasil.” e e isso que a dra. nise vai dizer ao presidente. ***","Paulo Briguet
5 de Abril de 2020 às 11:52

Médica e cientista Nise Yamaguchi propõe ao presidente Jair Bolsonaro a adoção do tratamento precoce com cloroquina em todo o Brasil

Quando a Dra. Nise Yamaguchi adentrar o Palácio do Planalto para conversar com o presidente Jair Bolsonaro, estará vivendo um dos momentos mais decisivos em seus 40 anos dedicados à medicina. Imunologista e cancerologista de renome internacional, participante de sociedades científicas na Europa e nos Estados Unidos, médica do Hospital Israelita Albert Einstein, Nise esteve na linha de frente em diversas batalhas pela saúde no Brasil e no mundo, ao trabalhar com pacientes de aids desde o surgimento dos primeiros casos da doença no Brasil; ao realizar cursos na Alemanha e Suíça sobre atendimento humanizado de pacientes com câncer; ao organizar no país centros de alta complexidade no atendimento à saúde; ao atuar na guerra contra a gripe H1N1; e ao contribuir, como sócia-fundadora e cientista sênior da World Cancer Alliance (sediada em Lyon, na França), para melhorar o acesso ao tratamento de câncer em países de baixa e média renda. Contudo, talvez nenhuma dessas notáveis realizações supere a dimensão do desafio que ela enfrenta agora: ajudar o Brasil a vencer a pandemia de coronavírus que tanto medo e sofrimento vem semeando no planeta.

Existem pessoas que fazem parte da solução e pessoas que fazem parte do problema. Definitivamente, como atesta a sua trajetória profissional, Nise Yamaguchi pertence ao primeiro grupo, e é como tal que ela se apresenta ao presidente da República, portando a boa nova que pode mudar os rumos da história da epidemia em nosso país e oferecer um modelo de sucesso ao mundo. Nas últimas semanas, a médica foi testemunha de uma surpreendente reviravolta no tratamento de pacientes de Covid-19. 

O caso envolve uma comunidade de 450 mil pessoas com mais de 60 anos atendidas pela rede Prevent Senior na cidade de São Paulo. “Em fevereiro, os hospitais da rede registraram cerca de 80 mortes causadas por coronavírus em pacientes idosos”, conta Nise. “Com base em estudos clínicos realizados recentemente na França e em outros países, decidiu-se adotar um tratamento preventivo com essa população, oferecendo hidroxicloroquina nos primeiros dias da infecção. Imediatamente percebeu-se que isso diminuía muito o risco do agravamento da doença.”

Por meio da telemedicina e do uso de um aplicativo de celular, a Prevent Senior monitorou essa população de risco. Cerca de 400 pessoas que apresentaram os sintomas de coronavírus receberam a hidroxicloroquina em casa, sem precisar passar pelo pronto-socorro. Desse total, 200 já receberam alta e nenhum ― repetimos: nenhum ― precisou ser internado. “É um achado muito significativo, porque estamos falando de quase meio milhão de pessoas, com mais de 60 anos, vulneráveis, com comorbidades (outras doenças)”, observa a médica. “Em duas semanas, essa realidade mudou completamente: de prontos-socorros apinhados e dezenas de mortes para uma situação próxima da normalidade. A mudança foi tão súbita que a Prevent Senior chegou a ser acusada de subnotificação. Mas não estavam deixando de notificar as mortes, é que elas não estavam ocorrendo!”

Nise Yamaguchi está agora empenhada em replicar esse modelo para todo o Brasil, de modo que todas as pessoas que apresentarem os primeiros sintomas da doença possam receber a hidroxicloroquina em casa. “É importante construir UTIs, aumentar os leitos hospitalares, promover o isolamento vertical e adotar medidas de prevenção ― mas não podemos nos limitar a isso. O tratamento precoce com hidroxicloroquina pode ser feito em larga escala, como fizemos com o Tamiflu durante a epidemia de H1N1.” A médica explica que a hidroxicloroquina, em associação com o antibiótico azitromicina, atua fortalecendo as células humanas e diminuindo a capacidade de replicação do vírus. Se aplicado até o 4o dia de aparecimento dos sintomas, esse tratamento diminui exponencialmente o risco de internação e a necessidade de uso do respirador. “Não podemos esperar para tratar só quem está com os sintomas graves. Também não se trata de escolher entre equipamentos ou medicamentos, prevenção ou tratamento. Não devemos usar o ‘ou’, mas o ‘e’. Só uma estratégia não será suficiente. Temos que usar todas as estratégias.” Sobre o isolamento social, Dra. Nise observa, com base em sua experiência no tratamento a comunidades pobres: “Não é possível fazer o isolamento social em locais em que dez pessoas moram na mesma casa. Nesses locais, é preciso tratar quem está doente logo no início da infecção.” 

Logicamente, é um desafio gigantesco tornar o tratamento disponível à população de um país como o Brasil, com dimensões continentais e enormes disparidades entre as regiões. Um primeiro passo é estimular que os pacientes, logo ao surgimento dos primeiros sintomas da Covid-19, assinem um protocolo de adesão para uso da hidroxicloroquina. Trata-se de um documento em que o paciente aceita receber o medicamento e assume as consequências por essa decisão. Para que o medicamento possa chegar a todas as pessoas necessitadas, incluindo as comunidades carentes, será preciso realizar um grande esforço conjunto entre ministérios, governos e órgãos de saúde ― e uma coordenação centralizada. “A hidroxicloroquina precisa estar disponível nas farmácias populares, e o protocolo de adesão poderá ser enviado pelo aplicativo do SUS. Fazer o medicamento chegar a todos que precisem, onde quer que estejam, é uma grande batalha, mas, se não nos colocarmos nesse caminho, vamos perder o bonde da história.”

Para Nise Yamaguchi, o momento atual é decisivo. “Não podemos ficar de braços cruzados, esperando a hora de ir para o matadouro. Temos que curar os que podem ser curados e usar o tratamento que está disponível. É necessário combinar a ousadia com o conhecimento. Sabemos como se comporta esse vírus; já está claro que o uso da hidroxicloroquina reduz a carga viral e salva a vida das pessoas. Ademais, não estamos falando de introduzir um novo medicamento, mas de usar um produto que está no mercado há mais de 70 anos, na forma de quinino. Quando se aplica o método precoce com a hidroxicloroquina, as pessoas percebem que é como um ovo de Colombo. Como não havíamos pensado nisso antes? Por que tantos tiveram de morrer? Agora precisamos desenhar padrões que possam ser replicados e beneficiar o maior número de pessoas. Ao final, podemos mudar o curso da epidemia. Esse é o meu sonho para o Brasil.”

E é isso que a Dra. Nise vai dizer ao presidente.
 

***",[],0,0,0,,,,"['COVID19.BR', 'COVID19.BR_raw']","['fake', 'true']",2
1599,COVID19.BR,news,Mensagens de WhatsApp em português brasileiro sobre COVID-19 coletadas em grupos públicos em 2020.,fake,,,Segundo entendi é uma matéria informando como é quem criou o novo corona causador da covid-19,segundo entendi e uma materia informando como e quem criou o novo corona causador da covid-19,Segundo entendi é uma matéria informando como é quem criou o novo corona causador da covid-19,[],0,0,0,,,,"['COVID19.BR', 'COVID19.BR_raw']","['fake', 'true']",2
1684,COVID19.BR,news,Mensagens de WhatsApp em português brasileiro sobre COVID-19 coletadas em grupos públicos em 2020.,fake,,,Fernanda Torres disse que torce para que o coronavírus mate muitos brasileiros #boato,fernanda torres disse que torce para que o coronavirus mate muitos brasileiros #boato,Fernanda Torres disse que torce para que o coronavírus mate muitos brasileiros #boato,[],0,0,0,,,,"['COVID19.BR', 'COVID19.BR_raw']","['fake', 'true']",2
9440,MuMiN-PT_raw,news,Dataset MuMiN-PT_raw,fake,,,"“Nunca, em tão pouco tempo, tivemos vacinas eficazes para combater uma doença viral como a Covid”","“nunca, em tao pouco tempo, tivemos vacinas eficazes para combater uma doenca viral como a covid”","“Nunca, em tão pouco tempo, tivemos vacinas eficazes para combater uma doença viral como a Covid”",[],0,0,0,,,,"['MuMiN-PT_raw', 'true', 'MuMiN-PT']","['fake', 'true', 'fake']",3
9461,MuMiN-PT_raw,news,Dataset MuMiN-PT_raw,true,,,A Associação Médica Americana retirou restrições e passou a recomendar a hidroxicloroquina contra a covid-19,a associacao medica americana retirou restricoes e passou a recomendar a hidroxicloroquina contra a covid-19,A Associação Médica Americana retirou restrições e passou a recomendar a hidroxicloroquina contra a covid-19,[],0,0,0,,,,"['MuMiN-PT_raw', 'fakes', 'MuMiN-PT']","['true', 'fake', 'fake']",3
9554,MuMiN-PT_raw,news,Dataset MuMiN-PT_raw,fake,,,Esta imagem mostra uma redução na poluição devido à quarentena imposta para reduzir o contágio do novo coronavírus,esta imagem mostra uma reducao na poluicao devido a quarentena imposta para reduzir o contagio do novo coronavirus,Esta imagem mostra uma redução na poluição devido à quarentena imposta para reduzir o contágio do novo coronavírus,[],0,0,0,,,,"['MuMiN-PT_raw', 'true', 'MuMiN-PT']","['fake', 'true', 'fake']",3
9622,MuMiN-PT_raw,news,Dataset MuMiN-PT_raw,fake,,,Teste em cão dá positivo para o novo coronavírus,teste em cao da positivo para o novo coronavirus,Teste em cão dá positivo para o novo coronavírus,[],0,0,0,Verdadeiro,[site:name],https://checamos.afp.com/um-cachorro-foi-colocado-em-quarentena-em-hong-kong-apos-dar-positivo-para-o-novo-coronavirus,"['MuMiN-PT_raw', 'true', 'MuMiN-PT']","['fake', 'true', 'fake']",3
9941,MuMiN-PT_raw,news,Dataset MuMiN-PT_raw,fake,,,"Junto com os EUA, o Brasil foi um dos primeiros países a reconhecer o legítimo presidente interino da Venezuela, Juan Guaidó","junto com os eua, o brasil foi um dos primeiros paises a reconhecer o legitimo presidente interino da venezuela, juan guaido","Junto com os EUA, o Brasil foi um dos primeiros países a reconhecer o legítimo presidente interino da Venezuela, Juan Guaidó",[],0,0,0,Contraditorio,Jair Bolsonaro,https://lupa.uol.com.br/jornalismo/2019/03/20/bolsonaro-trump-encontro/,"['MuMiN-PT_raw', 'true', 'MuMiN-PT']","['fake', 'true', 'fake']",3
9961,MuMiN-PT_raw,news,Dataset MuMiN-PT_raw,true,,,"""A produtividade em Portugal é hoje mais baixa em relação à média da ......","""a produtividade em portugal e hoje mais baixa em relacao a media da ......","""A produtividade em Portugal é hoje mais baixa em relação à média da ......",[],0,0,0,Errado,Utilizador do Facebook,https://observador.pt/factchecks/fact-check-portugal-esta-no-ultimo-lugar-da-europa-no-ranking-da-produtividade/,"['MuMiN-PT_raw', 'MuMiN-PT']","['true', 'fake']",2
9999,MuMiN-PT_raw,news,Dataset MuMiN-PT_raw,true,,,É uma decisão de muita reflexão e dificuldade. Nunca na história de um mandato houve tantos pedidos de impeachment. Não tenho nenhuma felicidade no ato que estou praticando.,e uma decisao de muita reflexao e dificuldade. nunca na historia de um mandato houve tantos pedidos de impeachment. nao tenho nenhuma felicidade no ato que estou praticando.,É uma decisão de muita reflexão e dificuldade. Nunca na história de um mandato houve tantos pedidos de impeachment. Não tenho nenhuma felicidade no ato que estou praticando.,[],0,0,0,verdadeiro,,https://www.aosfatos.org/noticias/nunca-houve-tantos-pedidos-de-impeachment-na-histo/,"['MuMiN-PT_raw', 'fakes', 'MuMiN-PT']","['true', 'fake', 'true']",3
10246,MuMiN-PT_raw,news,Dataset MuMiN-PT_raw,fake,,,uma única dose da vacina contra covid-19 não é suficiente para assegurar a exposição em atividades e locais com ampla circulação de pessoas e aglomerações em geral,uma unica dose da vacina contra covid-19 nao e suficiente para assegurar a exposicao em atividades e locais com ampla circulacao de pessoas e aglomeracoes em geral,uma única dose da vacina contra covid-19 não é suficiente para assegurar a exposição em atividades e locais com ampla circulação de pessoas e aglomerações em geral,[],0,0,0,Sátira,infectologista Marcius Burgarelli,https://noticias.uol.com.br/comprova/ultimas-noticias/2021/02/17/medidas-de-protecao-ainda-devem-ser-mantidas-apos-o-recebimento-da-vacina.htm,"['MuMiN-PT_raw', 'true', 'MuMiN-PT']","['fake', 'true', 'fake']",3
10248,MuMiN-PT_raw,news,Dataset MuMiN-PT_raw,true,,,Capa do Wall Street Journal (...) relata como a economia brasileira voltou ao patamar antes da Covid-19,capa do wall street journal (...) relata como a economia brasileira voltou ao patamar antes da covid-19,Capa do Wall Street Journal (...) relata como a economia brasileira voltou ao patamar antes da Covid-19,[],0,0,0,falso,desinformação,https://www.aosfatos.org/noticias/reportagem-do-wall-street-journal-sobre-brasil-nao-cita-crime-estatais-ferrovias-e-fabrica-de-vacina/,"['MuMiN-PT_raw', 'fakes', 'MuMiN-PT']","['true', 'fake', 'true']",3
10250,MuMiN-PT_raw,news,Dataset MuMiN-PT_raw,true,,,O Paraguai aboliu isso [o uso de urnas eletrônicas brasileiras],o paraguai aboliu isso [o uso de urnas eletronicas brasileiras],O Paraguai aboliu isso [o uso de urnas eletrônicas brasileiras],[],0,0,0,,,,"['MuMiN-PT_raw', 'fakes', 'MuMiN-PT']","['true', 'fake', 'true']",3
10257,MuMiN-PT_raw,news,Dataset MuMiN-PT_raw,true,,,"São 13,7 milhões de brasileiros desempregados","sao 13,7 milhoes de brasileiros desempregados","São 13,7 milhões de brasileiros desempregados",[],0,0,0,Falso,Boatos em redes sociais,https://www.estadao.com.br/estadao-verifica/video-inventa-fechamento-de-montadoras-e-faz-falsa-projecao-de-desemprego/,"['MuMiN-PT_raw', 'fakes', 'MuMiN-PT']","['true', 'fake', 'true']",3
10263,MuMiN-PT_raw,news,Dataset MuMiN-PT_raw,true,,,"A classe trabalhadora tem mais de 27 milhões de desempregados, se contarmos os que perderam o emprego recentemente mais os desempregados por desalento","a classe trabalhadora tem mais de 27 milhoes de desempregados, se contarmos os que perderam o emprego recentemente mais os desempregados por desalento","A classe trabalhadora tem mais de 27 milhões de desempregados, se contarmos os que perderam o emprego recentemente mais os desempregados por desalento",[],0,0,0,,,,"['MuMiN-PT_raw', 'fakes', 'MuMiN-PT']","['true', 'fake', 'true']",3
10267,MuMiN-PT_raw,news,Dataset MuMiN-PT_raw,true,,,Um Senado composto majoritariamente por homens vetou isso [a legalização do aborto na Argentina],um senado composto majoritariamente por homens vetou isso [a legalizacao do aborto na argentina],Um Senado composto majoritariamente por homens vetou isso [a legalização do aborto na Argentina],[],0,0,0,,,,"['MuMiN-PT_raw', 'fakes', 'MuMiN-PT']","['true', 'fake', 'true']",3
10302,MuMiN-PT_raw,news,Dataset MuMiN-PT_raw,fake,,,População carcerária [no Brasil é] de 750 mil pessoas,populacao carceraria [no brasil e] de 750 mil pessoas,População carcerária [no Brasil é] de 750 mil pessoas,[],0,0,0,,,,"['MuMiN-PT_raw', 'true', 'MuMiN-PT']","['fake', 'true', 'fake']",3
10307,MuMiN-PT_raw,news,Dataset MuMiN-PT_raw,true,,,"O desmatamento [na Amazônia] caiu até 2012, mas vem subindo desde então","o desmatamento [na amazonia] caiu ate 2012, mas vem subindo desde entao","O desmatamento [na Amazônia] caiu até 2012, mas vem subindo desde então",[],0,0,0,,,,"['MuMiN-PT_raw', 'fakes', 'MuMiN-PT']","['true', 'fake', 'true']",3
10316,MuMiN-PT_raw,news,Dataset MuMiN-PT_raw,true,,,"Pela primeira vez, um chefe de governo do estado de Israel concordou em reconhecer um futuro Estado palestino com base em um mapa integrante do plano","pela primeira vez, um chefe de governo do estado de israel concordou em reconhecer um futuro estado palestino com base em um mapa integrante do plano","Pela primeira vez, um chefe de governo do estado de Israel concordou em reconhecer um futuro Estado palestino com base em um mapa integrante do plano",[],0,0,0,,,,"['MuMiN-PT_raw', 'fakes', 'MuMiN-PT']","['true', 'fake', 'true']",3
10330,MuMiN-PT_raw,news,Dataset MuMiN-PT_raw,true,,,Mais de 6 milhões de brasileiros estão abaixo da linha da pobreza,mais de 6 milhoes de brasileiros estao abaixo da linha da pobreza,Mais de 6 milhões de brasileiros estão abaixo da linha da pobreza,[],0,0,0,,,,"['MuMiN-PT_raw', 'fakes', 'MuMiN-PT']","['true', 'fake', 'true']",3
10369,MuMiN-PT_raw,news,Dataset MuMiN-PT_raw,true,,,... foi considerada a melhor foto deste século. Uma leoa e seu filhote estava em enorme dificuldade. Um elefante percebeu que o filhote morreria e o levou em sua tromba até uma poça d’água caminhando ao lado da mãe. E nós chamamos animais selvagens!,... foi considerada a melhor foto deste seculo. uma leoa e seu filhote estava em enorme dificuldade. um elefante percebeu que o filhote morreria e o levou em sua tromba ate uma poca d’agua caminhando ao lado da mae. e nos chamamos animais selvagens!,... foi considerada a melhor foto deste século. Uma leoa e seu filhote estava em enorme dificuldade. Um elefante percebeu que o filhote morreria e o levou em sua tromba até uma poça d’água caminhando ao lado da mãe. E nós chamamos animais selvagens!,[],0,0,0,Falso,[site:name],https://checamos.afp.com/elefante-leva-um-filhote-de-leao-em-sua-tromba-uma-bela-historia-mas-e-falsa,"['MuMiN-PT_raw', 'true', 'MuMiN-PT']","['true', 'true', 'fake']",3
10375,MuMiN-PT_raw,news,Dataset MuMiN-PT_raw,true,,,A vitória de Bolsonaro precisa ser relativizada. O Bolsonaro teve 39% do conjunto da sociedade brasileira [eleitores na eleição de 2018]. Ele teve 55% do conjunto dos que votaram,a vitoria de bolsonaro precisa ser relativizada. o bolsonaro teve 39% do conjunto da sociedade brasileira [eleitores na eleicao de 2018]. ele teve 55% do conjunto dos que votaram,A vitória de Bolsonaro precisa ser relativizada. O Bolsonaro teve 39% do conjunto da sociedade brasileira [eleitores na eleição de 2018]. Ele teve 55% do conjunto dos que votaram,[],0,0,0,,,,"['MuMiN-PT_raw', 'fakes', 'MuMiN-PT']","['true', 'fake', 'true']",3
10399,MuMiN-PT_raw,news,Dataset MuMiN-PT_raw,true,,,“Somos o quinto país que mais vacinou”,“somos o quinto pais que mais vacinou”,“Somos o quinto país que mais vacinou”,[],0,0,0,falso,Jair Bolsonaro,https://www.aosfatos.org/noticias/bolsonaro-repete-mentiras-sobre-acoes-contra-covid-19-em-pronunciamento/,"['MuMiN-PT_raw', 'fakes', 'MuMiN-PT']","['true', 'fake', 'true']",3
10476,MuMiN-PT_raw,news,Dataset MuMiN-PT_raw,true,,,Tuberculose tem letalidade maior que covid-19,tuberculose tem letalidade maior que covid-19,Tuberculose tem letalidade maior que covid-19,[],0,0,0,Falso,Boato de internet,https://noticias.uol.com.br/comprova/ultimas-noticias/2020/09/08/post-confunde-ao-comparar-letalidade-da-covid-19-com-outras-doencas.htm,"['MuMiN-PT_raw', 'fakes', 'MuMiN-PT']","['true', 'fake', 'true']",3
10496,MuMiN-PT_raw,news,Dataset MuMiN-PT_raw,true,,,Áudio de Roberto Zeballos no WhatsApp afirma que coronavírus veio de laboratório da China,audio de roberto zeballos no whatsapp afirma que coronavirus veio de laboratorio da china,Áudio de Roberto Zeballos no WhatsApp afirma que coronavírus veio de laboratório da China,[],0,0,0,"Enganoso: O áudio foi realmente gravado por Roberto Zeballos. Porém, ao comentar sobre tratamento para a covid-19, o médico afirma a outro profissional que o coronavírus “veio de um laboratório de Wuhan”. No entanto, não há evidências disso e um estudo publicado pela Nature Medicine descarta a hipótese.",Laci Hahn,https://projetocomprova.com.br/publica%C3%A7%C3%B5es/audio-de-medico-e-verdadeiro-mas-opiniao-sobre-origem-do-coronavirus-nao-tem-respaldo-cientifico/,"['MuMiN-PT_raw', 'fakes', 'MuMiN-PT']","['true', 'fake', 'true']",3
10511,MuMiN-PT_raw,news,Dataset MuMiN-PT_raw,true,,,"Covid-19: após um mês de lockdown, aumenta o número de pacientes internados em leitos de UTI em Araraquara","covid-19: apos um mes de lockdown, aumenta o numero de pacientes internados em leitos de uti em araraquara","Covid-19: após um mês de lockdown, aumenta o número de pacientes internados em leitos de UTI em Araraquara",[],0,0,0,,,,"['MuMiN-PT_raw', 'fakes', 'MuMiN-PT']","['true', 'fake', 'fake']",3
12349,FakeWhatsApp.BR_2018,whatsapp messages,"Mensagens públicas de WhatsApp em português brasileiro de 2018, anotadas para detecção de desinformação.",true,2018-10-14,,Jean Wyllys pode ficar fora da Câmara em 2019 https://diariodorio.com/jean-wyllys-pode-ficar-fora-da-camara-em-2019/,jean wyllys pode ficar fora da camara em 2019,Jean Wyllys pode ficar fora da Câmara em 2019,['https://diariodorio.com/jean-wyllys-pode-ficar-fora-da-camara-em-2019/'],0,0,0,,,,"['FakeWhatsApp.BR_2018', 'fakes']","['true', 'fake']",2
15272,FakeWhatsApp.BR_2018,whatsapp messages,"Mensagens públicas de WhatsApp em português brasileiro de 2018, anotadas para detecção de desinformação.",true,2018-05-09,,"*Filhos das Prostitutas* (sensacional e verídico)!!!

O sujeito se chama Marc Faber, e é norte-americano, ele é Analista de Investimentos e empresário. Em junho de 2008, quando o Governo Bush estudava lançar um projeto de ajuda à economia americana, Marc Faber encerrava seu clipping mensal com um comentário bem-humorado:
*""O Governo Federal está concedendo a cada um de nós uma bolsa de U$ 600,00.""*
*Se gastarmos esse dinheiro no supermercado Walt-Mart, esse dinheiro vai para a China.*
*Se gastarmos com gasolina, vai para os árabes.*
*Se comprarmos um computador, vai para a Índia.*
*Se comprarmos frutas e vegetais, irá para o México, Honduras e Guatemala.*
*Se comprarmos um bom carro, irá para a Alemanha ou Japão.*
*Se comprarmos bugigangas, irá para Taiwan....*
*E, nenhum centavo desse dinheiro ajudará a economia americana. O único meio de manter esse dinheiro na América é gastá-lo com prostitutas e cerveja, considerando que são os únicos bens ainda produzidos por aqui.* 
*Estou fazendo a minha parte...*
*(Marc Faber)*

Resposta de um brasileiro igualmente bem humorado:
*""Realmente a situação dos americanos parece cada vez pior. Lamento informar que, depois desse seu e-mail, a Budweiser foi comprada pela brasileira AmBev... portanto, restaram apenas as prostitutas. Porém, se elas (as prostitutas) repassarem parte da verba para seus filhos, o dinheiro virá para Brasília, onde existe a maior concentração de filhos da puta do mundo...*
*Abraços,*
*de um Brasileiro*","*filhos das prostitutas* (sensacional e veridico)!!! o sujeito se chama marc faber, e e norte-americano, ele e analista de investimentos e empresario. em junho de 2008, quando o governo bush estudava lancar um projeto de ajuda a economia americana, marc faber encerrava seu clipping mensal com um comentario bem-humorado: *""o governo federal esta concedendo a cada um de nos uma bolsa de u$ 600,00.""* *se gastarmos esse dinheiro no supermercado walt-mart, esse dinheiro vai para a china.* *se gastarmos com gasolina, vai para os arabes.* *se comprarmos um computador, vai para a india.* *se comprarmos frutas e vegetais, ira para o mexico, honduras e guatemala.* *se comprarmos um bom carro, ira para a alemanha ou japao.* *se comprarmos bugigangas, ira para taiwan....* *e, nenhum centavo desse dinheiro ajudara a economia americana. o unico meio de manter esse dinheiro na america e gasta-lo com prostitutas e cerveja, considerando que sao os unicos bens ainda produzidos por aqui.* *estou fazendo a minha parte...* *(marc faber)* resposta de um brasileiro igualmente bem humorado: *""realmente a situacao dos americanos parece cada vez pior. lamento informar que, depois desse seu e-mail, a budweiser foi comprada pela brasileira ambev... portanto, restaram apenas as prostitutas. porem, se elas (as prostitutas) repassarem parte da verba para seus filhos, o dinheiro vira para brasilia, onde existe a maior concentracao de filhos da puta do mundo...* *abracos,* *de um brasileiro*","*Filhos das Prostitutas* (sensacional e verídico)!!!

O sujeito se chama Marc Faber, e é norte-americano, ele é Analista de Investimentos e empresário. Em junho de 2008, quando o Governo Bush estudava lançar um projeto de ajuda à economia americana, Marc Faber encerrava seu clipping mensal com um comentário bem-humorado:
*""O Governo Federal está concedendo a cada um de nós uma bolsa de U$ 600,00.""*
*Se gastarmos esse dinheiro no supermercado Walt-Mart, esse dinheiro vai para a China.*
*Se gastarmos com gasolina, vai para os árabes.*
*Se comprarmos um computador, vai para a Índia.*
*Se comprarmos frutas e vegetais, irá para o México, Honduras e Guatemala.*
*Se comprarmos um bom carro, irá para a Alemanha ou Japão.*
*Se comprarmos bugigangas, irá para Taiwan....*
*E, nenhum centavo desse dinheiro ajudará a economia americana. O único meio de manter esse dinheiro na América é gastá-lo com prostitutas e cerveja, considerando que são os únicos bens ainda produzidos por aqui.* 
*Estou fazendo a minha parte...*
*(Marc Faber)*

Resposta de um brasileiro igualmente bem humorado:
*""Realmente a situação dos americanos parece cada vez pior. Lamento informar que, depois desse seu e-mail, a Budweiser foi comprada pela brasileira AmBev... portanto, restaram apenas as prostitutas. Porém, se elas (as prostitutas) repassarem parte da verba para seus filhos, o dinheiro virá para Brasília, onde existe a maior concentração de filhos da puta do mundo...*
*Abraços,*
*de um Brasileiro*",[],0,0,0,,,,"['COVID19.BR', 'FakeWhatsApp.BR_2018', 'COVID19.BR_raw']","['fake', 'true', 'fake']",3
24869,fakes,news,Dataset fakes,fake,2021-06-07,https://lupa.uol.com.br/jornalismo/2021/06/07/verificamos-wall-street-journal,Capa do Wall Street Journal (...) relata como a economia brasileira voltou ao patamar antes da Covid-19,capa do wall street journal (...) relata como a economia brasileira voltou ao patamar antes da covid-19,Capa do Wall Street Journal (...) relata como a economia brasileira voltou ao patamar antes da Covid-19,[],0,0,0,falso,desinformação,https://www.aosfatos.org/noticias/reportagem-do-wall-street-journal-sobre-brasil-nao-cita-crime-estatais-ferrovias-e-fabrica-de-vacina/,"['MuMiN-PT_raw', 'fakes', 'MuMiN-PT']","['true', 'fake', 'true']",3
25654,fakes,news,Dataset fakes,fake,2020-09-30,https://lupa.uol.com.br/jornalismo/2020/09/30/entrevistas-salles-dados-amazonia,"O desmatamento [na Amazônia] caiu até 2012, mas vem subindo desde então","o desmatamento [na amazonia] caiu ate 2012, mas vem subindo desde entao","O desmatamento [na Amazônia] caiu até 2012, mas vem subindo desde então",[],0,0,0,,,,"['MuMiN-PT_raw', 'fakes', 'MuMiN-PT']","['true', 'fake', 'true']",3
26660,fakes,news,Dataset fakes,fake,2018-10-04,https://lupa.uol.com.br/jornalismo/2018/10/04/debate-globo,"São 13,7 milhões de brasileiros desempregados","sao 13,7 milhoes de brasileiros desempregados","São 13,7 milhões de brasileiros desempregados",[],0,0,0,Falso,Boatos em redes sociais,https://www.estadao.com.br/estadao-verifica/video-inventa-fechamento-de-montadoras-e-faz-falsa-projecao-de-desemprego/,"['MuMiN-PT_raw', 'fakes', 'MuMiN-PT']","['true', 'fake', 'true']",3
26989,fakes,news,Dataset fakes,fake,2018-09-24,https://lupa.uol.com.br/jornalismo/2018/09/24/joao-goulart-filho,Mais de 6 milhões de brasileiros estão abaixo da linha da pobreza,mais de 6 milhoes de brasileiros estao abaixo da linha da pobreza,Mais de 6 milhões de brasileiros estão abaixo da linha da pobreza,[],0,0,0,,,,"['MuMiN-PT_raw', 'fakes', 'MuMiN-PT']","['true', 'fake', 'true']",3
27196,fakes,news,Dataset fakes,fake,2018-08-10,https://lupa.uol.com.br/jornalismo/2018/08/09/debate-band-tempo-real-2018,Um Senado composto majoritariamente por homens vetou isso [a legalização do aborto na Argentina],um senado composto majoritariamente por homens vetou isso [a legalizacao do aborto na argentina],Um Senado composto majoritariamente por homens vetou isso [a legalização do aborto na Argentina],[],0,0,0,,,,"['MuMiN-PT_raw', 'fakes', 'MuMiN-PT']","['true', 'fake', 'true']",3
27406,fakes,news,Dataset fakes,fake,2021-03-24,https://lupa.uol.com.br/jornalismo/2021/03/23/pronunciamento-bolsonaro-vacinacao,“Somos o quinto país que mais vacinou”,“somos o quinto pais que mais vacinou”,“Somos o quinto país que mais vacinou”,[],0,0,0,falso,Jair Bolsonaro,https://www.aosfatos.org/noticias/bolsonaro-repete-mentiras-sobre-acoes-contra-covid-19-em-pronunciamento/,"['MuMiN-PT_raw', 'fakes', 'MuMiN-PT']","['true', 'fake', 'true']",3
27745,fakes,news,Dataset fakes,fake,2020-03-07,https://lupa.uol.com.br/jornalismo/2020/03/07/ernesto-araujo-israel,"Pela primeira vez, um chefe de governo do estado de Israel concordou em reconhecer um futuro Estado palestino com base em um mapa integrante do plano","pela primeira vez, um chefe de governo do estado de israel concordou em reconhecer um futuro estado palestino com base em um mapa integrante do plano","Pela primeira vez, um chefe de governo do estado de Israel concordou em reconhecer um futuro Estado palestino com base em um mapa integrante do plano",[],0,0,0,,,,"['MuMiN-PT_raw', 'fakes', 'MuMiN-PT']","['true', 'fake', 'true']",3
29049,fakes,news,Dataset fakes,fake,2021-07-21,https://lupa.uol.com.br/jornalismo/2021/07/21/bolsonaro-fraude-eleicoes-urnas,O Paraguai aboliu isso [o uso de urnas eletrônicas brasileiras],o paraguai aboliu isso [o uso de urnas eletronicas brasileiras],O Paraguai aboliu isso [o uso de urnas eletrônicas brasileiras],[],0,0,0,,,,"['MuMiN-PT_raw', 'fakes', 'MuMiN-PT']","['true', 'fake', 'true']",3
29078,fakes,news,Dataset fakes,fake,2018-07-30,https://lupa.uol.com.br/jornalismo/2018/07/30/boulos-vera-esquerda-na-eleicao,"A classe trabalhadora tem mais de 27 milhões de desempregados, se contarmos os que perderam o emprego recentemente mais os desempregados por desalento","a classe trabalhadora tem mais de 27 milhoes de desempregados, se contarmos os que perderam o emprego recentemente mais os desempregados por desalento","A classe trabalhadora tem mais de 27 milhões de desempregados, se contarmos os que perderam o emprego recentemente mais os desempregados por desalento",[],0,0,0,,,,"['MuMiN-PT_raw', 'fakes', 'MuMiN-PT']","['true', 'fake', 'true']",3
29165,fakes,news,Dataset fakes,fake,2019-09-07,https://lupa.uol.com.br/jornalismo/2019/09/07/entrevista-lula-historia-brasil,A vitória de Bolsonaro precisa ser relativizada. O Bolsonaro teve 39% do conjunto da sociedade brasileira [eleitores na eleição de 2018]. Ele teve 55% do conjunto dos que votaram,a vitoria de bolsonaro precisa ser relativizada. o bolsonaro teve 39% do conjunto da sociedade brasileira [eleitores na eleicao de 2018]. ele teve 55% do conjunto dos que votaram,A vitória de Bolsonaro precisa ser relativizada. O Bolsonaro teve 39% do conjunto da sociedade brasileira [eleitores na eleição de 2018]. Ele teve 55% do conjunto dos que votaram,[],0,0,0,,,,"['MuMiN-PT_raw', 'fakes', 'MuMiN-PT']","['true', 'fake', 'true']",3
32321,fakes,news,Dataset fakes,fake,2021-04-08,https://politica.estadao.com.br/blogs/estadao-verifica/texto-com-informacoes-incompletas-sobre-lockdown-de-araraquara-e-usado-para-atacar/,"Covid-19: após um mês de lockdown, aumenta o número de pacientes internados em leitos de UTI em Araraquara","covid-19: apos um mes de lockdown, aumenta o numero de pacientes internados em leitos de uti em araraquara","Covid-19: após um mês de lockdown, aumenta o número de pacientes internados em leitos de UTI em Araraquara",[],0,0,0,,,,"['MuMiN-PT_raw', 'fakes', 'MuMiN-PT']","['true', 'fake', 'fake']",3
32651,fakes,news,Dataset fakes,fake,2020-11-26,https://politica.estadao.com.br/blogs/estadao-verifica/medico-ignora-diferencas-entre-covid-19-e-tuberculose-para-minimizar-pandemia-em-video-no-whatsapp/,Tuberculose tem letalidade maior que covid-19,tuberculose tem letalidade maior que covid-19,Tuberculose tem letalidade maior que covid-19,[],0,0,0,Falso,Boato de internet,https://noticias.uol.com.br/comprova/ultimas-noticias/2020/09/08/post-confunde-ao-comparar-letalidade-da-covid-19-com-outras-doencas.htm,"['MuMiN-PT_raw', 'fakes', 'MuMiN-PT']","['true', 'fake', 'true']",3
33348,fakes,news,Dataset fakes,fake,2020-05-05,https://politica.estadao.com.br/blogs/estadao-verifica/audio-de-medico-e-verdadeiro-mas-opiniao-sobre-origem-do-coronavirus-nao-tem-respaldo-cientifico/,Áudio de Roberto Zeballos no WhatsApp afirma que coronavírus veio de laboratório da China,audio de roberto zeballos no whatsapp afirma que coronavirus veio de laboratorio da china,Áudio de Roberto Zeballos no WhatsApp afirma que coronavírus veio de laboratório da China,[],0,0,0,"Enganoso: O áudio foi realmente gravado por Roberto Zeballos. Porém, ao comentar sobre tratamento para a covid-19, o médico afirma a outro profissional que o coronavírus “veio de um laboratório de Wuhan”. No entanto, não há evidências disso e um estudo publicado pela Nature Medicine descarta a hipótese.",Laci Hahn,https://projetocomprova.com.br/publica%C3%A7%C3%B5es/audio-de-medico-e-verdadeiro-mas-opiniao-sobre-origem-do-coronavirus-nao-tem-respaldo-cientifico/,"['MuMiN-PT_raw', 'fakes', 'MuMiN-PT']","['true', 'fake', 'true']",3
40103,fakes,news,Dataset fakes,fake,2020-12-21,https://checamos.afp.com/associacao-medica-americana-nao-passou-recomendar-hidroxicloroquina-contra-covid-19,A Associação Médica Americana retirou restrições e passou a recomendar a hidroxicloroquina contra a covid-19,a associacao medica americana retirou restricoes e passou a recomendar a hidroxicloroquina contra a covid-19,A Associação Médica Americana retirou restrições e passou a recomendar a hidroxicloroquina contra a covid-19,[],0,0,0,,,,"['MuMiN-PT_raw', 'fakes', 'MuMiN-PT']","['true', 'fake', 'fake']",3
42709,fakes,news,Dataset fakes,fake,2018-10-24,https://www.aosfatos.org/noticias/jean-wyllys-nao-corre-o-risco-de-perder-vaga-na-camara/,Jean Wyllys pode ficar fora da Câmara em 2019,jean wyllys pode ficar fora da camara em 2019,Jean Wyllys pode ficar fora da Câmara em 2019,[],0,0,0,falso,desinformação,https://aosfatos.org/noticias/jean-wyllys-nao-corre-o-risco-de-perder-vaga-na-camara/,"['FakeWhatsApp.BR_2018', 'fakes']","['true', 'fake']",2
44445,fakes,news,Dataset fakes,fake,2015-12-03,https://www.aosfatos.org/noticias/nunca-houve-tantos-pedidos-de-impeachment-na-histo/,É uma decisão de muita reflexão e dificuldade. Nunca na história de um mandato houve tantos pedidos de impeachment. Não tenho nenhuma felicidade no ato que estou praticando.,e uma decisao de muita reflexao e dificuldade. nunca na historia de um mandato houve tantos pedidos de impeachment. nao tenho nenhuma felicidade no ato que estou praticando.,É uma decisão de muita reflexão e dificuldade. Nunca na história de um mandato houve tantos pedidos de impeachment. Não tenho nenhuma felicidade no ato que estou praticando.,[],0,0,0,verdadeiro,,https://www.aosfatos.org/noticias/nunca-houve-tantos-pedidos-de-impeachment-na-histo/,"['MuMiN-PT_raw', 'fakes', 'MuMiN-PT']","['true', 'fake', 'true']",3
44819,COVID19.BR_raw,news,Dataset COVID19.BR_raw,true,,,"A FRAUDE PAULISTA

Das 201 mortes, 119 tiveram resultado negativo para o coronavírus. Outros 37 exames foram considerados inadequados, ou seja, não foi possível fazer a análise porque as amostras estavam prejudicadas seja por falta de material, coleta incorreta ou danificada durante o transporte.
De acordo com a secretaria 19 exames foram classificados como “extraído”, ou seja, houve dúvida na análise e os testes estão sendo refeitos.

Trocando em miúdos:

201 - 119 negativos = 82

82 - 37 inadequados = 45

45 - 19 extraídos = 26

APENAS 26 MORTOS EM SÃO PAULO.
Pelo jeito eles vão esquartejar os corpos e jogar um pedaço em cada Covas, digo, cova.

fonte:","a fraude paulista das 201 mortes, 119 tiveram resultado negativo para o coronavirus. outros 37 exames foram considerados inadequados, ou seja, nao foi possivel fazer a analise porque as amostras estavam prejudicadas seja por falta de material, coleta incorreta ou danificada durante o transporte. de acordo com a secretaria 19 exames foram classificados como “extraido”, ou seja, houve duvida na analise e os testes estao sendo refeitos. trocando em miudos: 201 - 119 negativos = 82 82 - 37 inadequados = 45 45 - 19 extraidos = 26 apenas 26 mortos em sao paulo. pelo jeito eles vao esquartejar os corpos e jogar um pedaco em cada covas, digo, cova. fonte:","A FRAUDE PAULISTA

Das 201 mortes, 119 tiveram resultado negativo para o coronavírus. Outros 37 exames foram considerados inadequados, ou seja, não foi possível fazer a análise porque as amostras estavam prejudicadas seja por falta de material, coleta incorreta ou danificada durante o transporte.
De acordo com a secretaria 19 exames foram classificados como “extraído”, ou seja, houve dúvida na análise e os testes estão sendo refeitos.

Trocando em miúdos:

201 - 119 negativos = 82

82 - 37 inadequados = 45

45 - 19 extraídos = 26

APENAS 26 MORTOS EM SÃO PAULO.
Pelo jeito eles vão esquartejar os corpos e jogar um pedaço em cada Covas, digo, cova.

fonte:",[],0,0,0,falso,desinformação,https://www.aosfatos.org/noticias/e-falso-que-sp-revisou-dados-e-agora-registra-apenas-26-mortes-por-covid-19/,"['COVID19.BR', 'COVID19.BR_raw']","['fake', 'true']",2
44868,COVID19.BR_raw,news,Dataset COVID19.BR_raw,true,,,"SORRIAM, VOCÊS ESTÃO SENDO ENGANADOS.

A FRAUDE PAULISTA:

Das 201 mortes, 119 tiveram resultado negativo para o coronavírus. Outros 37 exames foram considerados inadequados, ou seja, não foi possível fazer a análise porque as amostras estavam prejudicadas seja por falta de material, coleta incorreta, ou danificada durante o transporte.

De acordo com a secretaria, 19 exames foram classificados como “extraído”, ou seja, houve dúvida na análise e os testes estão sendo refeitos.

Trocando em miúdos:

201 - 119 negativos = 82

82 - 37 inadequados = 45

45 - 19 extraídos = 26

APENAS 26 MORTOS EM SÃO PAULO!!!!!

Pelo jeito eles vão esquartejar os corpos e jogar um pedaço em cada Covas, digo, cova.","sorriam, voces estao sendo enganados. a fraude paulista: das 201 mortes, 119 tiveram resultado negativo para o coronavirus. outros 37 exames foram considerados inadequados, ou seja, nao foi possivel fazer a analise porque as amostras estavam prejudicadas seja por falta de material, coleta incorreta, ou danificada durante o transporte. de acordo com a secretaria, 19 exames foram classificados como “extraido”, ou seja, houve duvida na analise e os testes estao sendo refeitos. trocando em miudos: 201 - 119 negativos = 82 82 - 37 inadequados = 45 45 - 19 extraidos = 26 apenas 26 mortos em sao paulo!!!!! pelo jeito eles vao esquartejar os corpos e jogar um pedaco em cada covas, digo, cova.","SORRIAM, VOCÊS ESTÃO SENDO ENGANADOS.

A FRAUDE PAULISTA:

Das 201 mortes, 119 tiveram resultado negativo para o coronavírus. Outros 37 exames foram considerados inadequados, ou seja, não foi possível fazer a análise porque as amostras estavam prejudicadas seja por falta de material, coleta incorreta, ou danificada durante o transporte.

De acordo com a secretaria, 19 exames foram classificados como “extraído”, ou seja, houve dúvida na análise e os testes estão sendo refeitos.

Trocando em miúdos:

201 - 119 negativos = 82

82 - 37 inadequados = 45

45 - 19 extraídos = 26

APENAS 26 MORTOS EM SÃO PAULO!!!!!

Pelo jeito eles vão esquartejar os corpos e jogar um pedaço em cada Covas, digo, cova.",[],0,0,0,,,,"['COVID19.BR', 'COVID19.BR_raw']","['fake', 'true']",2
44982,COVID19.BR_raw,news,Dataset COVID19.BR_raw,true,,,"Acabou de sair um estudo da Universidade de Turim que mostra que os atingidos pelo covid tinham, em grande parte, carência de vitamina D.

Isso explicaria também o impacto da epidemia no auge do inverno no hemisfério norte, quando as populações tem a menor exposicão anual à luz do sol, que é fundamental p/ produzir a vitamina D.



Cientistas da Universidade de Turim recomendam tomar vitamina D para combater a pandemia de coronavírus.  O estudo dos professores de Geriatria, Giancarlo Isaia e Histologia, Enzo Medico, foi submetido aos membros da Academia de Medicina de Turim, que consideraram os primeiros resultados ""muito interessantes"".  O documento analisa as possíveis causas do contágio do Covid-19 e propõe a vitamina D certamente não como uma cura, mas como uma ferramenta para reduzir os fatores de risco.

 Os primeiros dados preliminares coletados atualmente em Turim indicam que os pacientes hospitalizados por Covid-19 têm uma prevalência muito alta de hipovitaminose D. ""A compensação por essa ampla deficiência de vitamina pode ser alcançada principalmente pela exposição à luz solar, tanto quanto possível, mesmo em varandas.  e terraços, alimentando-se de alimentos ricos em vitamina D e, sob supervisão médica, tomando medicamentos específicos "", afirmam os pesquisadores.

 A análise, também realizada seguindo as recomendações recentes da Associação Dietética Britânica, investigou o papel que a falta de vitamina D poderia desempenhar, o que na Itália afeta grande parte da população, especialmente os idosos, nessa pandemia.  No documento, os autores sugerem aos médicos, em associação com as conhecidas medidas gerais de prevenção, garantir níveis adequados de vitamina D na população "", mas sobretudo naqueles já infectados, em seus familiares, nos profissionais de saúde, em idosos frágeis,  nos hóspedes das residências assistenciais, nas pessoas em regime de clausura e em todos aqueles que, por várias razões, não se expõem adequadamente à luz do sol "".  Além disso, a administração da forma ativa de vitamina D, calcitriol, por via intravenosa em pacientes com coronavírus e com função respiratória particularmente comprometida também pode ser considerada.

 ""Essas indicações derivam de inúmeras evidências científicas - escrevem os professores - que demonstraram um papel ativo da vitamina D na modulação do sistema imunológico, a associação frequente da hipovitaminose D com inúmeras patologias crônicas que podem reduzir a expectativa de vida em idosos""  , ainda mais no caso da infecção por Covid-19, um efeito da vitamina D na redução do risco de infecções respiratórias de origem viral, incluindo aquelas causadas por coronavírus e a capacidade da vitamina D de neutralizar os danos pulmonares causados ​​pela hiperinflamação "".","acabou de sair um estudo da universidade de turim que mostra que os atingidos pelo covid tinham, em grande parte, carencia de vitamina d. isso explicaria tambem o impacto da epidemia no auge do inverno no hemisferio norte, quando as populacoes tem a menor exposicao anual a luz do sol, que e fundamental p/ produzir a vitamina d. cientistas da universidade de turim recomendam tomar vitamina d para combater a pandemia de coronavirus. o estudo dos professores de geriatria, giancarlo isaia e histologia, enzo medico, foi submetido aos membros da academia de medicina de turim, que consideraram os primeiros resultados ""muito interessantes"". o documento analisa as possiveis causas do contagio do covid-19 e propoe a vitamina d certamente nao como uma cura, mas como uma ferramenta para reduzir os fatores de risco. os primeiros dados preliminares coletados atualmente em turim indicam que os pacientes hospitalizados por covid-19 tem uma prevalencia muito alta de hipovitaminose d. ""a compensacao por essa ampla deficiencia de vitamina pode ser alcancada principalmente pela exposicao a luz solar, tanto quanto possivel, mesmo em varandas. e terracos, alimentando-se de alimentos ricos em vitamina d e, sob supervisao medica, tomando medicamentos especificos "", afirmam os pesquisadores. a analise, tambem realizada seguindo as recomendacoes recentes da associacao dietetica britanica, investigou o papel que a falta de vitamina d poderia desempenhar, o que na italia afeta grande parte da populacao, especialmente os idosos, nessa pandemia. no documento, os autores sugerem aos medicos, em associacao com as conhecidas medidas gerais de prevencao, garantir niveis adequados de vitamina d na populacao "", mas sobretudo naqueles ja infectados, em seus familiares, nos profissionais de saude, em idosos frageis, nos hospedes das residencias assistenciais, nas pessoas em regime de clausura e em todos aqueles que, por varias razoes, nao se expoem adequadamente a luz do sol "". alem disso, a administracao da forma ativa de vitamina d, calcitriol, por via intravenosa em pacientes com coronavirus e com funcao respiratoria particularmente comprometida tambem pode ser considerada. ""essas indicacoes derivam de inumeras evidencias cientificas - escrevem os professores - que demonstraram um papel ativo da vitamina d na modulacao do sistema imunologico, a associacao frequente da hipovitaminose d com inumeras patologias cronicas que podem reduzir a expectativa de vida em idosos"" , ainda mais no caso da infeccao por covid-19, um efeito da vitamina d na reducao do risco de infeccoes respiratorias de origem viral, incluindo aquelas causadas por coronavirus e a capacidade da vitamina d de neutralizar os danos pulmonares causados ​​pela hiperinflamacao "".","Acabou de sair um estudo da Universidade de Turim que mostra que os atingidos pelo covid tinham, em grande parte, carência de vitamina D.

Isso explicaria também o impacto da epidemia no auge do inverno no hemisfério norte, quando as populações tem a menor exposicão anual à luz do sol, que é fundamental p/ produzir a vitamina D.



Cientistas da Universidade de Turim recomendam tomar vitamina D para combater a pandemia de coronavírus.  O estudo dos professores de Geriatria, Giancarlo Isaia e Histologia, Enzo Medico, foi submetido aos membros da Academia de Medicina de Turim, que consideraram os primeiros resultados ""muito interessantes"".  O documento analisa as possíveis causas do contágio do Covid-19 e propõe a vitamina D certamente não como uma cura, mas como uma ferramenta para reduzir os fatores de risco.

 Os primeiros dados preliminares coletados atualmente em Turim indicam que os pacientes hospitalizados por Covid-19 têm uma prevalência muito alta de hipovitaminose D. ""A compensação por essa ampla deficiência de vitamina pode ser alcançada principalmente pela exposição à luz solar, tanto quanto possível, mesmo em varandas.  e terraços, alimentando-se de alimentos ricos em vitamina D e, sob supervisão médica, tomando medicamentos específicos "", afirmam os pesquisadores.

 A análise, também realizada seguindo as recomendações recentes da Associação Dietética Britânica, investigou o papel que a falta de vitamina D poderia desempenhar, o que na Itália afeta grande parte da população, especialmente os idosos, nessa pandemia.  No documento, os autores sugerem aos médicos, em associação com as conhecidas medidas gerais de prevenção, garantir níveis adequados de vitamina D na população "", mas sobretudo naqueles já infectados, em seus familiares, nos profissionais de saúde, em idosos frágeis,  nos hóspedes das residências assistenciais, nas pessoas em regime de clausura e em todos aqueles que, por várias razões, não se expõem adequadamente à luz do sol "".  Além disso, a administração da forma ativa de vitamina D, calcitriol, por via intravenosa em pacientes com coronavírus e com função respiratória particularmente comprometida também pode ser considerada.

 ""Essas indicações derivam de inúmeras evidências científicas - escrevem os professores - que demonstraram um papel ativo da vitamina D na modulação do sistema imunológico, a associação frequente da hipovitaminose D com inúmeras patologias crônicas que podem reduzir a expectativa de vida em idosos""  , ainda mais no caso da infecção por Covid-19, um efeito da vitamina D na redução do risco de infecções respiratórias de origem viral, incluindo aquelas causadas por coronavírus e a capacidade da vitamina D de neutralizar os danos pulmonares causados ​​pela hiperinflamação "".",[],0,0,0,,,,"['COVID19.BR', 'COVID19.BR_raw']","['fake', 'true']",2
44986,COVID19.BR_raw,news,Dataset COVID19.BR_raw,fake,,,"*Filhos das Prostitutas* (sensacional e verídico)!!!

O sujeito se chama Marc Faber, e é norte-americano, ele é Analista de Investimentos e empresário. Em junho de 2008, quando o Governo Bush estudava lançar um projeto de ajuda à economia americana, Marc Faber encerrava seu clipping mensal com um comentário bem-humorado:
*""O Governo Federal está concedendo a cada um de nós uma bolsa de U$ 600,00.""*
*Se gastarmos esse dinheiro no supermercado Walt-Mart, esse dinheiro vai para a China.*
*Se gastarmos com gasolina, vai para os árabes.*
*Se comprarmos um computador, vai para a Índia.*
*Se comprarmos frutas e vegetais, irá para o México, Honduras e Guatemala.*
*Se comprarmos um bom carro, irá para a Alemanha ou Japão.*
*Se comprarmos bugigangas, irá para Taiwan....*
*E, nenhum centavo desse dinheiro ajudará a economia americana. O único meio de manter esse dinheiro na América é gastá-lo com prostitutas e cerveja, considerando que são os únicos bens ainda produzidos por aqui.* 
*Estou fazendo a minha parte...*
*(Marc Faber)*

Resposta de um brasileiro igualmente bem humorado:
*""Realmente a situação dos americanos parece cada vez pior. Lamento informar que, depois desse seu e-mail, a Budweiser foi comprada pela brasileira AmBev... portanto, restaram apenas as prostitutas. Porém, se elas (as prostitutas) repassarem parte da verba para seus filhos, o dinheiro virá para Brasília, onde existe a maior concentração de filhos da puta do mundo...*
*Abraços,*
*de um Brasileiro*","*filhos das prostitutas* (sensacional e veridico)!!! o sujeito se chama marc faber, e e norte-americano, ele e analista de investimentos e empresario. em junho de 2008, quando o governo bush estudava lancar um projeto de ajuda a economia americana, marc faber encerrava seu clipping mensal com um comentario bem-humorado: *""o governo federal esta concedendo a cada um de nos uma bolsa de u$ 600,00.""* *se gastarmos esse dinheiro no supermercado walt-mart, esse dinheiro vai para a china.* *se gastarmos com gasolina, vai para os arabes.* *se comprarmos um computador, vai para a india.* *se comprarmos frutas e vegetais, ira para o mexico, honduras e guatemala.* *se comprarmos um bom carro, ira para a alemanha ou japao.* *se comprarmos bugigangas, ira para taiwan....* *e, nenhum centavo desse dinheiro ajudara a economia americana. o unico meio de manter esse dinheiro na america e gasta-lo com prostitutas e cerveja, considerando que sao os unicos bens ainda produzidos por aqui.* *estou fazendo a minha parte...* *(marc faber)* resposta de um brasileiro igualmente bem humorado: *""realmente a situacao dos americanos parece cada vez pior. lamento informar que, depois desse seu e-mail, a budweiser foi comprada pela brasileira ambev... portanto, restaram apenas as prostitutas. porem, se elas (as prostitutas) repassarem parte da verba para seus filhos, o dinheiro vira para brasilia, onde existe a maior concentracao de filhos da puta do mundo...* *abracos,* *de um brasileiro*","*Filhos das Prostitutas* (sensacional e verídico)!!!

O sujeito se chama Marc Faber, e é norte-americano, ele é Analista de Investimentos e empresário. Em junho de 2008, quando o Governo Bush estudava lançar um projeto de ajuda à economia americana, Marc Faber encerrava seu clipping mensal com um comentário bem-humorado:
*""O Governo Federal está concedendo a cada um de nós uma bolsa de U$ 600,00.""*
*Se gastarmos esse dinheiro no supermercado Walt-Mart, esse dinheiro vai para a China.*
*Se gastarmos com gasolina, vai para os árabes.*
*Se comprarmos um computador, vai para a Índia.*
*Se comprarmos frutas e vegetais, irá para o México, Honduras e Guatemala.*
*Se comprarmos um bom carro, irá para a Alemanha ou Japão.*
*Se comprarmos bugigangas, irá para Taiwan....*
*E, nenhum centavo desse dinheiro ajudará a economia americana. O único meio de manter esse dinheiro na América é gastá-lo com prostitutas e cerveja, considerando que são os únicos bens ainda produzidos por aqui.* 
*Estou fazendo a minha parte...*
*(Marc Faber)*

Resposta de um brasileiro igualmente bem humorado:
*""Realmente a situação dos americanos parece cada vez pior. Lamento informar que, depois desse seu e-mail, a Budweiser foi comprada pela brasileira AmBev... portanto, restaram apenas as prostitutas. Porém, se elas (as prostitutas) repassarem parte da verba para seus filhos, o dinheiro virá para Brasília, onde existe a maior concentração de filhos da puta do mundo...*
*Abraços,*
*de um Brasileiro*",[],0,0,0,,,,"['COVID19.BR', 'FakeWhatsApp.BR_2018', 'COVID19.BR_raw']","['fake', 'true', 'fake']",3
44990,COVID19.BR_raw,news,Dataset COVID19.BR_raw,true,,,"*Banco Mundial classifica o Brasil como melhor país no combate ao Coronavírus*

*MEDIDAS ADOTADAS POR BOLSONARO É RECONHECIDA PELO BANCO MUNDIAL NO COMBATE AO CORONAVÍRUS, A ESQUERDA ODEIA NOTÍCIAS BOAS COMO ESSA*

*http://www.folhadapolitica.com/2020/04/banco-mundial-classifica-o-brasil-como.html?m=1*","*banco mundial classifica o brasil como melhor pais no combate ao coronavirus* *medidas adotadas por bolsonaro e reconhecida pelo banco mundial no combate ao coronavirus, a esquerda odeia noticias boas como essa* *http://www.folhadapolitica.com/2020/04/banco-mundial-classifica-o-brasil-como.html?m=1*","*Banco Mundial classifica o Brasil como melhor país no combate ao Coronavírus*

*MEDIDAS ADOTADAS POR BOLSONARO É RECONHECIDA PELO BANCO MUNDIAL NO COMBATE AO CORONAVÍRUS, A ESQUERDA ODEIA NOTÍCIAS BOAS COMO ESSA*

*http://www.folhadapolitica.com/2020/04/banco-mundial-classifica-o-brasil-como.html?m=1*",[],0,0,0,,,,"['COVID19.BR', 'COVID19.BR_raw']","['fake', 'true']",2
45008,COVID19.BR_raw,news,Dataset COVID19.BR_raw,true,,,"Médica e cientista Nise Yamaguchi reúne-se com o presidente Bolsonaro e propõe a adoção do tratamento precoce com cloroquina em todo o Brasil.

Quando a Dra. Nise Yamaguchi adentrou o Palácio do Planalto para conversar com o presidente Jair Bolsonaro, na última sexta-feira, vivia um dos momentos mais decisivos em seus 40 anos dedicados à medicina. Imunologista e cancerologista de renome internacional, participante de sociedades científicas na Europa e nos Estados Unidos, médica do Hospital Israelita Albert Einstein, Nise esteve na linha de frente em diversas batalhas pela saúde no Brasil e no mundo, ao trabalhar com pacientes de aids desde o surgimento dos primeiros casos da doença no Brasil; ao realizar cursos na Alemanha e Suíça sobre atendimento humanizado de pacientes com câncer; ao organizar no país centros de alta complexidade no atendimento à saúde; ao atuar na guerra contra a gripe H1N1; e ao contribuir, como sócia-fundadora e cientista sênior da World Cancer Alliance (sediada em Lyon, na França), para melhorar o acesso ao tratamento de câncer em países de baixa e média renda. Contudo, talvez nenhuma dessas notáveis realizações supere a dimensão do desafio que ela enfrenta agora: ajudar o Brasil a vencer a pandemia de coronavírus que tanto medo e sofrimento vem semeando no planeta.

Existem pessoas que fazem parte da solução e pessoas que fazem parte do problema. Definitivamente, como atesta a sua trajetória profissional, Nise Yamaguchi pertence ao primeiro grupo, e foi como tal que ela se apresentou ao presidente da República, portando a boa nova que pode mudar os rumos da história da epidemia em nosso país e oferecer um modelo de sucesso ao mundo. Nas últimas semanas, a médica foi testemunha e participante ativa de uma surpreendente reviravolta no tratamento de pacientes de Covid-19. O caso envolve uma comunidade de 450 mil pessoas com mais de 60 anos atendidas pela rede Prevent Senior na cidade de São Paulo. “Em fevereiro, os hospitais da rede registraram cerca de 80 mortes causadas por coronavírus em pacientes idosos”, conta Nise. “Com base em estudos clínicos realizados recentemente na França e em outros países, decidimos adotar um tratamento preventivo com essa população, oferecendo hidroxicloroquina nos primeiros dias da infecção. Imediatamente percebemos que isso diminuía muito o risco do agravamento da doença.”

Por meio da telemedicina e do uso de um aplicativo de celular, a Prevent Senior monitorou essa população de risco. Cerca de 400 pessoas que apresentaram os sintomas de coronavírus receberam a hidroxicloroquina em casa, sem precisar passar pelo pronto-socorro. Desse total, 200 já receberam alta e nenhum ― repetimos: nenhum ― precisou ser internado. “É um achado muito significativo, porque estamos falando de quase meio milhão de pessoas, com mais de 60 anos, vulneráveis, com comorbidades (outras doenças)”, observa a médica. “Em duas semanas, nós mudamos completamente a realidade: de prontos-socorros apinhados e dezenas de mortes para uma situação próxima da normalidade. A mudança foi tão súbita que chegamos a ser acusados de subnotificação. Mas nós não estávamos deixando de notificar as mortes, é que elas não estavam ocorrendo!”

Nise Yamaguchi está agora empenhada em replicar esse modelo para todo o Brasil, de modo que todas as pessoas que apresentarem os primeiros sintomas da doença possam receber a hidroxicloroquina em casa. “É importante construir UTIs, aumentar os leitos hospitalares, promover o isolamento vertical e adotar medidas de prevenção ― mas não podemos nos limitar a isso. O tratamento precoce com hidroxicloroquina pode ser feito em larga escala, como fizemos com o Tamiflu durante a epidemia de H1N1.” A médica explica que a hidroxicloroquina, em associação com o antibiótico azitromicina, atua fortalecendo as células humanas e diminuindo a capacidade de replicação do vírus. Se aplicado até o 4o dia de aparecimento dos sintomas, esse tratamento diminui exponencialmente o risco de internação e a necessidade de uso do respirador. “Não podemos esperar para tratar só quem está com os sintomas graves. Também não se trata de escolher entre equipamentos ou medicamentos, prevenção ou tratamento. Não devemos usar o ‘ou’, mas o ‘e’. Só uma estratégia não será suficiente. Temos que usar todas as estratégias.” Sobre o isolamento social, Dra. Nise observa, com base em sua experiência no tratamento a comunidades pobres: “Não é possível fazer o isolamento social em locais em que dez pessoas moram na mesma casa. Nesses locais, é preciso tratar quem está doente logo no início da infecção.” 

Logicamente, é um desafio gigantesco tornar o tratamento disponível à população de um país como o Brasil, com dimensões continentais e enormes disparidades entre as regiões. Um primeiro passo é estimular que os pacientes, logo ao surgimento dos primeiros sintomas da Covid-19, assinem um protocolo de adesão para uso da hidroxicloroquina. Trata-se de um documento em que o paciente aceita receber o medicamento e assume as consequências por essa decisão. Para que o medicamento possa chegar a todas as pessoas necessitadas, incluindo as comunidades carentes, será preciso realizar um grande esforço conjunto entre ministérios, governos e órgãos de saúde ― e uma coordenação centralizada. “A hidroxicloroquina precisa estar disponível nas farmácias populares, e o protocolo de adesão poderá ser enviado pelo aplicativo do SUS. Fazer o medicamento chegar a todos que precisem, onde quer que estejam, é uma grande batalha, mas, se não nos colocarmos nesse caminho, vamos perder o bonde da história.”

Para Nise Yamaguchi, o momento atual é decisivo. “Não podemos ficar de braços cruzados, esperando a hora de ir para o matadouro. Temos que curar os que podem ser curados e usar o tratamento que está disponível. É necessário combinar a ousadia com o conhecimento. Sabemos como se comporta esse vírus; já está claro que o uso da hidroxicloroquina reduz a carga viral e salva a vida das pessoas. Ademais, não estamos falando de introduzir um novo medicamento, mas de usar um produto que está no mercado há mais de 70 anos, na forma de quinino. Quando se aplica o método precoce com a hidroxicloroquina, as pessoas percebem que é como um ovo de Colombo. Como não havíamos pensado nisso antes? Por que tantos tiveram de morrer? Agora precisamos desenhar padrões que possam ser replicados e beneficiar o maior número de pessoas. Ao final, podemos mudar o curso da epidemia. Esse é o meu sonho para o Brasil.”

E foi isso que a Dra. Nise disse ao presidente.","medica e cientista nise yamaguchi reune-se com o presidente bolsonaro e propoe a adocao do tratamento precoce com cloroquina em todo o brasil. quando a dra. nise yamaguchi adentrou o palacio do planalto para conversar com o presidente jair bolsonaro, na ultima sexta-feira, vivia um dos momentos mais decisivos em seus 40 anos dedicados a medicina. imunologista e cancerologista de renome internacional, participante de sociedades cientificas na europa e nos estados unidos, medica do hospital israelita albert einstein, nise esteve na linha de frente em diversas batalhas pela saude no brasil e no mundo, ao trabalhar com pacientes de aids desde o surgimento dos primeiros casos da doenca no brasil; ao realizar cursos na alemanha e suica sobre atendimento humanizado de pacientes com cancer; ao organizar no pais centros de alta complexidade no atendimento a saude; ao atuar na guerra contra a gripe h1n1; e ao contribuir, como socia-fundadora e cientista senior da world cancer alliance (sediada em lyon, na franca), para melhorar o acesso ao tratamento de cancer em paises de baixa e media renda. contudo, talvez nenhuma dessas notaveis realizacoes supere a dimensao do desafio que ela enfrenta agora: ajudar o brasil a vencer a pandemia de coronavirus que tanto medo e sofrimento vem semeando no planeta. existem pessoas que fazem parte da solucao e pessoas que fazem parte do problema. definitivamente, como atesta a sua trajetoria profissional, nise yamaguchi pertence ao primeiro grupo, e foi como tal que ela se apresentou ao presidente da republica, portando a boa nova que pode mudar os rumos da historia da epidemia em nosso pais e oferecer um modelo de sucesso ao mundo. nas ultimas semanas, a medica foi testemunha e participante ativa de uma surpreendente reviravolta no tratamento de pacientes de covid-19. o caso envolve uma comunidade de 450 mil pessoas com mais de 60 anos atendidas pela rede prevent senior na cidade de sao paulo. “em fevereiro, os hospitais da rede registraram cerca de 80 mortes causadas por coronavirus em pacientes idosos”, conta nise. “com base em estudos clinicos realizados recentemente na franca e em outros paises, decidimos adotar um tratamento preventivo com essa populacao, oferecendo hidroxicloroquina nos primeiros dias da infeccao. imediatamente percebemos que isso diminuia muito o risco do agravamento da doenca.” por meio da telemedicina e do uso de um aplicativo de celular, a prevent senior monitorou essa populacao de risco. cerca de 400 pessoas que apresentaram os sintomas de coronavirus receberam a hidroxicloroquina em casa, sem precisar passar pelo pronto-socorro. desse total, 200 ja receberam alta e nenhum ― repetimos: nenhum ― precisou ser internado. “e um achado muito significativo, porque estamos falando de quase meio milhao de pessoas, com mais de 60 anos, vulneraveis, com comorbidades (outras doencas)”, observa a medica. “em duas semanas, nos mudamos completamente a realidade: de prontos-socorros apinhados e dezenas de mortes para uma situacao proxima da normalidade. a mudanca foi tao subita que chegamos a ser acusados de subnotificacao. mas nos nao estavamos deixando de notificar as mortes, e que elas nao estavam ocorrendo!” nise yamaguchi esta agora empenhada em replicar esse modelo para todo o brasil, de modo que todas as pessoas que apresentarem os primeiros sintomas da doenca possam receber a hidroxicloroquina em casa. “e importante construir utis, aumentar os leitos hospitalares, promover o isolamento vertical e adotar medidas de prevencao ― mas nao podemos nos limitar a isso. o tratamento precoce com hidroxicloroquina pode ser feito em larga escala, como fizemos com o tamiflu durante a epidemia de h1n1.” a medica explica que a hidroxicloroquina, em associacao com o antibiotico azitromicina, atua fortalecendo as celulas humanas e diminuindo a capacidade de replicacao do virus. se aplicado ate o 4o dia de aparecimento dos sintomas, esse tratamento diminui exponencialmente o risco de internacao e a necessidade de uso do respirador. “nao podemos esperar para tratar so quem esta com os sintomas graves. tambem nao se trata de escolher entre equipamentos ou medicamentos, prevencao ou tratamento. nao devemos usar o ‘ou’, mas o ‘e’. so uma estrategia nao sera suficiente. temos que usar todas as estrategias.” sobre o isolamento social, dra. nise observa, com base em sua experiencia no tratamento a comunidades pobres: “nao e possivel fazer o isolamento social em locais em que dez pessoas moram na mesma casa. nesses locais, e preciso tratar quem esta doente logo no inicio da infeccao.” logicamente, e um desafio gigantesco tornar o tratamento disponivel a populacao de um pais como o brasil, com dimensoes continentais e enormes disparidades entre as regioes. um primeiro passo e estimular que os pacientes, logo ao surgimento dos primeiros sintomas da covid-19, assinem um protocolo de adesao para uso da hidroxicloroquina. trata-se de um documento em que o paciente aceita receber o medicamento e assume as consequencias por essa decisao. para que o medicamento possa chegar a todas as pessoas necessitadas, incluindo as comunidades carentes, sera preciso realizar um grande esforco conjunto entre ministerios, governos e orgaos de saude ― e uma coordenacao centralizada. “a hidroxicloroquina precisa estar disponivel nas farmacias populares, e o protocolo de adesao podera ser enviado pelo aplicativo do sus. fazer o medicamento chegar a todos que precisem, onde quer que estejam, e uma grande batalha, mas, se nao nos colocarmos nesse caminho, vamos perder o bonde da historia.” para nise yamaguchi, o momento atual e decisivo. “nao podemos ficar de bracos cruzados, esperando a hora de ir para o matadouro. temos que curar os que podem ser curados e usar o tratamento que esta disponivel. e necessario combinar a ousadia com o conhecimento. sabemos como se comporta esse virus; ja esta claro que o uso da hidroxicloroquina reduz a carga viral e salva a vida das pessoas. ademais, nao estamos falando de introduzir um novo medicamento, mas de usar um produto que esta no mercado ha mais de 70 anos, na forma de quinino. quando se aplica o metodo precoce com a hidroxicloroquina, as pessoas percebem que e como um ovo de colombo. como nao haviamos pensado nisso antes? por que tantos tiveram de morrer? agora precisamos desenhar padroes que possam ser replicados e beneficiar o maior numero de pessoas. ao final, podemos mudar o curso da epidemia. esse e o meu sonho para o brasil.” e foi isso que a dra. nise disse ao presidente.","Médica e cientista Nise Yamaguchi reúne-se com o presidente Bolsonaro e propõe a adoção do tratamento precoce com cloroquina em todo o Brasil.

Quando a Dra. Nise Yamaguchi adentrou o Palácio do Planalto para conversar com o presidente Jair Bolsonaro, na última sexta-feira, vivia um dos momentos mais decisivos em seus 40 anos dedicados à medicina. Imunologista e cancerologista de renome internacional, participante de sociedades científicas na Europa e nos Estados Unidos, médica do Hospital Israelita Albert Einstein, Nise esteve na linha de frente em diversas batalhas pela saúde no Brasil e no mundo, ao trabalhar com pacientes de aids desde o surgimento dos primeiros casos da doença no Brasil; ao realizar cursos na Alemanha e Suíça sobre atendimento humanizado de pacientes com câncer; ao organizar no país centros de alta complexidade no atendimento à saúde; ao atuar na guerra contra a gripe H1N1; e ao contribuir, como sócia-fundadora e cientista sênior da World Cancer Alliance (sediada em Lyon, na França), para melhorar o acesso ao tratamento de câncer em países de baixa e média renda. Contudo, talvez nenhuma dessas notáveis realizações supere a dimensão do desafio que ela enfrenta agora: ajudar o Brasil a vencer a pandemia de coronavírus que tanto medo e sofrimento vem semeando no planeta.

Existem pessoas que fazem parte da solução e pessoas que fazem parte do problema. Definitivamente, como atesta a sua trajetória profissional, Nise Yamaguchi pertence ao primeiro grupo, e foi como tal que ela se apresentou ao presidente da República, portando a boa nova que pode mudar os rumos da história da epidemia em nosso país e oferecer um modelo de sucesso ao mundo. Nas últimas semanas, a médica foi testemunha e participante ativa de uma surpreendente reviravolta no tratamento de pacientes de Covid-19. O caso envolve uma comunidade de 450 mil pessoas com mais de 60 anos atendidas pela rede Prevent Senior na cidade de São Paulo. “Em fevereiro, os hospitais da rede registraram cerca de 80 mortes causadas por coronavírus em pacientes idosos”, conta Nise. “Com base em estudos clínicos realizados recentemente na França e em outros países, decidimos adotar um tratamento preventivo com essa população, oferecendo hidroxicloroquina nos primeiros dias da infecção. Imediatamente percebemos que isso diminuía muito o risco do agravamento da doença.”

Por meio da telemedicina e do uso de um aplicativo de celular, a Prevent Senior monitorou essa população de risco. Cerca de 400 pessoas que apresentaram os sintomas de coronavírus receberam a hidroxicloroquina em casa, sem precisar passar pelo pronto-socorro. Desse total, 200 já receberam alta e nenhum ― repetimos: nenhum ― precisou ser internado. “É um achado muito significativo, porque estamos falando de quase meio milhão de pessoas, com mais de 60 anos, vulneráveis, com comorbidades (outras doenças)”, observa a médica. “Em duas semanas, nós mudamos completamente a realidade: de prontos-socorros apinhados e dezenas de mortes para uma situação próxima da normalidade. A mudança foi tão súbita que chegamos a ser acusados de subnotificação. Mas nós não estávamos deixando de notificar as mortes, é que elas não estavam ocorrendo!”

Nise Yamaguchi está agora empenhada em replicar esse modelo para todo o Brasil, de modo que todas as pessoas que apresentarem os primeiros sintomas da doença possam receber a hidroxicloroquina em casa. “É importante construir UTIs, aumentar os leitos hospitalares, promover o isolamento vertical e adotar medidas de prevenção ― mas não podemos nos limitar a isso. O tratamento precoce com hidroxicloroquina pode ser feito em larga escala, como fizemos com o Tamiflu durante a epidemia de H1N1.” A médica explica que a hidroxicloroquina, em associação com o antibiótico azitromicina, atua fortalecendo as células humanas e diminuindo a capacidade de replicação do vírus. Se aplicado até o 4o dia de aparecimento dos sintomas, esse tratamento diminui exponencialmente o risco de internação e a necessidade de uso do respirador. “Não podemos esperar para tratar só quem está com os sintomas graves. Também não se trata de escolher entre equipamentos ou medicamentos, prevenção ou tratamento. Não devemos usar o ‘ou’, mas o ‘e’. Só uma estratégia não será suficiente. Temos que usar todas as estratégias.” Sobre o isolamento social, Dra. Nise observa, com base em sua experiência no tratamento a comunidades pobres: “Não é possível fazer o isolamento social em locais em que dez pessoas moram na mesma casa. Nesses locais, é preciso tratar quem está doente logo no início da infecção.” 

Logicamente, é um desafio gigantesco tornar o tratamento disponível à população de um país como o Brasil, com dimensões continentais e enormes disparidades entre as regiões. Um primeiro passo é estimular que os pacientes, logo ao surgimento dos primeiros sintomas da Covid-19, assinem um protocolo de adesão para uso da hidroxicloroquina. Trata-se de um documento em que o paciente aceita receber o medicamento e assume as consequências por essa decisão. Para que o medicamento possa chegar a todas as pessoas necessitadas, incluindo as comunidades carentes, será preciso realizar um grande esforço conjunto entre ministérios, governos e órgãos de saúde ― e uma coordenação centralizada. “A hidroxicloroquina precisa estar disponível nas farmácias populares, e o protocolo de adesão poderá ser enviado pelo aplicativo do SUS. Fazer o medicamento chegar a todos que precisem, onde quer que estejam, é uma grande batalha, mas, se não nos colocarmos nesse caminho, vamos perder o bonde da história.”

Para Nise Yamaguchi, o momento atual é decisivo. “Não podemos ficar de braços cruzados, esperando a hora de ir para o matadouro. Temos que curar os que podem ser curados e usar o tratamento que está disponível. É necessário combinar a ousadia com o conhecimento. Sabemos como se comporta esse vírus; já está claro que o uso da hidroxicloroquina reduz a carga viral e salva a vida das pessoas. Ademais, não estamos falando de introduzir um novo medicamento, mas de usar um produto que está no mercado há mais de 70 anos, na forma de quinino. Quando se aplica o método precoce com a hidroxicloroquina, as pessoas percebem que é como um ovo de Colombo. Como não havíamos pensado nisso antes? Por que tantos tiveram de morrer? Agora precisamos desenhar padrões que possam ser replicados e beneficiar o maior número de pessoas. Ao final, podemos mudar o curso da epidemia. Esse é o meu sonho para o Brasil.”

E foi isso que a Dra. Nise disse ao presidente.",[],0,0,0,,,,"['COVID19.BR', 'COVID19.BR_raw']","['fake', 'true']",2
45116,COVID19.BR_raw,news,Dataset COVID19.BR_raw,true,,,"Dra Nise, médica do Albert Einstein 
_Cerca de 400 pessoas que apresentaram os sintomas de coronavírus receberam a hidroxicloroquina em casa, sem precisar passar pelo pronto-socorro. Desse total, 200 já receberam alta e nenhum ― repetimos: nenhum ― precisou ser internado_  todos os 400 tem mais de 60 anos.","dra nise, medica do albert einstein _cerca de 400 pessoas que apresentaram os sintomas de coronavirus receberam a hidroxicloroquina em casa, sem precisar passar pelo pronto-socorro. desse total, 200 ja receberam alta e nenhum ― repetimos: nenhum ― precisou ser internado_ todos os 400 tem mais de 60 anos.","Dra Nise, médica do Albert Einstein 
_Cerca de 400 pessoas que apresentaram os sintomas de coronavírus receberam a hidroxicloroquina em casa, sem precisar passar pelo pronto-socorro. Desse total, 200 já receberam alta e nenhum ― repetimos: nenhum ― precisou ser internado_  todos os 400 tem mais de 60 anos.",[],0,0,0,,,,"['COVID19.BR', 'COVID19.BR_raw']","['fake', 'true']",2
45432,COVID19.BR_raw,news,Dataset COVID19.BR_raw,true,,,"""Quando a Dra. Nise Yamaguchi adentrou o Palácio do Planalto para conversar com o presidente Jair Bolsonaro, na última sexta-feira, vivia um dos momentos mais decisivos em seus 40 anos dedicados à medicina. Imunologista e cancerologista de renome internacional, participante de sociedades científicas na Europa e nos Estados Unidos, médica do Hospital Israelita Albert Einstein, Nise esteve na linha de frente em diversas batalhas pela saúde no Brasil e no mundo, ao trabalhar com pacientes de aids desde o surgimento dos primeiros casos da doença no Brasil; ao realizar cursos na Alemanha e Suíça sobre atendimento humanizado de pacientes com câncer; ao organizar no país centros de alta complexidade no atendimento à saúde; ao atuar na guerra contra a gripe H1N1; e ao contribuir, como sócia-fundadora e cientista sênior da World Cancer Alliance (sediada em Lyon, na França), para melhorar o acesso ao tratamento de câncer em países de baixa e média renda. Contudo, talvez nenhuma dessas notáveis realizações supere a dimensão do desafio que ela enfrenta agora: ajudar o Brasil a vencer a pandemia de coronavírus que tanto medo e sofrimento vem semeando no planeta.

Existem pessoas que fazem parte da solução e pessoas que fazem parte do problema. Definitivamente, como atesta a sua trajetória profissional, Nise Yamaguchi pertence ao primeiro grupo, e foi como tal que ela se apresentou ao presidente da República, portando a boa nova que pode mudar os rumos da história da epidemia em nosso país e oferecer um modelo de sucesso ao mundo. Nas últimas semanas, a médica foi testemunha e participante ativa de uma surpreendente reviravolta no tratamento de pacientes de Covid-19. O caso envolve uma comunidade de 450 mil pessoas com mais de 60 anos atendidas pela rede Prevent Senior na cidade de São Paulo. “Em fevereiro, os hospitais da rede registraram cerca de 80 mortes causadas por coronavírus em pacientes idosos”, conta Nise. “Com base em estudos clínicos realizados recentemente na França e em outros países, decidimos adotar um tratamento preventivo com essa população, oferecendo hidroxicloroquina nos primeiros dias da infecção. Imediatamente percebemos que isso diminuía muito o risco do agravamento da doença.”

Por meio da telemedicina e do uso de um aplicativo de celular, a Prevent Senior monitorou essa população de risco. Cerca de 400 pessoas que apresentaram os sintomas de coronavírus receberam a hidroxicloroquina em casa, sem precisar passar pelo pronto-socorro. Desse total, 200 já receberam alta e nenhum ― repetimos: nenhum ― precisou ser internado. “É um achado muito significativo, porque estamos falando de quase meio milhão de pessoas, com mais de 60 anos, vulneráveis, com comorbidades (outras doenças)”, observa a médica. “Em duas semanas, nós mudamos completamente a realidade: de prontos-socorros apinhados e dezenas de mortes para uma situação próxima da normalidade. A mudança foi tão súbita que chegamos a ser acusados de subnotificação. Mas nós não estávamos deixando de notificar as mortes, é que elas não estavam ocorrendo!”

Nise Yamaguchi está agora empenhada em replicar esse modelo para todo o Brasil, de modo que todas as pessoas que apresentarem os primeiros sintomas da doença possam receber a hidroxicloroquina em casa. “É importante construir UTIs, aumentar os leitos hospitalares, promover o isolamento vertical e adotar medidas de prevenção ― mas não podemos nos limitar a isso. O tratamento precoce com hidroxicloroquina pode ser feito em larga escala, como fizemos com o Tamiflu durante a epidemia de H1N1.” A médica explica que a hidroxicloroquina, em associação com o antibiótico azitromicina, atua fortalecendo as células humanas e diminuindo a capacidade de replicação do vírus. Se aplicado até o 4o dia de aparecimento dos sintomas, esse tratamento diminui exponencialmente o risco de internação e a necessidade de uso do respirador. “Não podemos esperar para tratar só quem está com os sintomas graves. Também não se trata de escolher entre equipamentos ou medicamentos, prevenção ou tratamento. Não devemos usar o ‘ou’, mas o ‘e’. Só uma estratégia não será suficiente. Temos que usar todas as estratégias.” Sobre o isolamento social, Dra. Nise observa, com base em sua experiência no tratamento a comunidades pobres: “Não é possível fazer o isolamento social em locais em que dez pessoas moram na mesma casa. Nesses locais, é preciso tratar quem está doente logo no início da infecção.” 

Logicamente, é um desafio gigantesco tornar o tratamento disponível à população de um país como o Brasil, com dimensões continentais e enormes disparidades entre as regiões. Um primeiro passo é estimular que os pacientes, logo ao surgimento dos primeiros sintomas da Covid-19, assinem um protocolo de adesão para uso da hidroxicloroquina. Trata-se de um documento em que o paciente aceita receber o medicamento e assume as consequências por essa decisão. Para que o medicamento possa chegar a todas as pessoas necessitadas, incluindo as comunidades carentes, será preciso realizar um grande esforço conjunto entre ministérios, governos e órgãos de saúde ― e uma coordenação centralizada. “A hidroxicloroquina precisa estar disponível nas farmácias populares, e o protocolo de adesão poderá ser enviado pelo aplicativo do SUS. Fazer o medicamento chegar a todos que precisem, onde quer que estejam, é uma grande batalha, mas, se não nos colocarmos nesse caminho, vamos perder o bonde da história.”

Para Nise Yamaguchi, o momento atual é decisivo. “Não podemos ficar de braços cruzados, esperando a hora de ir para o matadouro. Temos que curar os que podem ser curados e usar o tratamento que está disponível. É necessário combinar a ousadia com o conhecimento. Sabemos como se comporta esse vírus; já está claro que o uso da hidroxicloroquina reduz a carga viral e salva a vida das pessoas. Ademais, não estamos falando de introduzir um novo medicamento, mas de usar um produto que está no mercado há mais de 70 anos, na forma de quinino. Quando se aplica o método precoce com a hidroxicloroquina, as pessoas percebem que é como um ovo de Colombo. Como não havíamos pensado nisso antes? Por que tantos tiveram de morrer? Agora precisamos desenhar padrões que possam ser replicados e beneficiar o maior número de pessoas. Ao final, podemos mudar o curso da epidemia. Esse é o meu sonho para o Brasil.”

E foi isso que a Dra. Nise disse ao presidente.""

Fonte:","""quando a dra. nise yamaguchi adentrou o palacio do planalto para conversar com o presidente jair bolsonaro, na ultima sexta-feira, vivia um dos momentos mais decisivos em seus 40 anos dedicados a medicina. imunologista e cancerologista de renome internacional, participante de sociedades cientificas na europa e nos estados unidos, medica do hospital israelita albert einstein, nise esteve na linha de frente em diversas batalhas pela saude no brasil e no mundo, ao trabalhar com pacientes de aids desde o surgimento dos primeiros casos da doenca no brasil; ao realizar cursos na alemanha e suica sobre atendimento humanizado de pacientes com cancer; ao organizar no pais centros de alta complexidade no atendimento a saude; ao atuar na guerra contra a gripe h1n1; e ao contribuir, como socia-fundadora e cientista senior da world cancer alliance (sediada em lyon, na franca), para melhorar o acesso ao tratamento de cancer em paises de baixa e media renda. contudo, talvez nenhuma dessas notaveis realizacoes supere a dimensao do desafio que ela enfrenta agora: ajudar o brasil a vencer a pandemia de coronavirus que tanto medo e sofrimento vem semeando no planeta. existem pessoas que fazem parte da solucao e pessoas que fazem parte do problema. definitivamente, como atesta a sua trajetoria profissional, nise yamaguchi pertence ao primeiro grupo, e foi como tal que ela se apresentou ao presidente da republica, portando a boa nova que pode mudar os rumos da historia da epidemia em nosso pais e oferecer um modelo de sucesso ao mundo. nas ultimas semanas, a medica foi testemunha e participante ativa de uma surpreendente reviravolta no tratamento de pacientes de covid-19. o caso envolve uma comunidade de 450 mil pessoas com mais de 60 anos atendidas pela rede prevent senior na cidade de sao paulo. “em fevereiro, os hospitais da rede registraram cerca de 80 mortes causadas por coronavirus em pacientes idosos”, conta nise. “com base em estudos clinicos realizados recentemente na franca e em outros paises, decidimos adotar um tratamento preventivo com essa populacao, oferecendo hidroxicloroquina nos primeiros dias da infeccao. imediatamente percebemos que isso diminuia muito o risco do agravamento da doenca.” por meio da telemedicina e do uso de um aplicativo de celular, a prevent senior monitorou essa populacao de risco. cerca de 400 pessoas que apresentaram os sintomas de coronavirus receberam a hidroxicloroquina em casa, sem precisar passar pelo pronto-socorro. desse total, 200 ja receberam alta e nenhum ― repetimos: nenhum ― precisou ser internado. “e um achado muito significativo, porque estamos falando de quase meio milhao de pessoas, com mais de 60 anos, vulneraveis, com comorbidades (outras doencas)”, observa a medica. “em duas semanas, nos mudamos completamente a realidade: de prontos-socorros apinhados e dezenas de mortes para uma situacao proxima da normalidade. a mudanca foi tao subita que chegamos a ser acusados de subnotificacao. mas nos nao estavamos deixando de notificar as mortes, e que elas nao estavam ocorrendo!” nise yamaguchi esta agora empenhada em replicar esse modelo para todo o brasil, de modo que todas as pessoas que apresentarem os primeiros sintomas da doenca possam receber a hidroxicloroquina em casa. “e importante construir utis, aumentar os leitos hospitalares, promover o isolamento vertical e adotar medidas de prevencao ― mas nao podemos nos limitar a isso. o tratamento precoce com hidroxicloroquina pode ser feito em larga escala, como fizemos com o tamiflu durante a epidemia de h1n1.” a medica explica que a hidroxicloroquina, em associacao com o antibiotico azitromicina, atua fortalecendo as celulas humanas e diminuindo a capacidade de replicacao do virus. se aplicado ate o 4o dia de aparecimento dos sintomas, esse tratamento diminui exponencialmente o risco de internacao e a necessidade de uso do respirador. “nao podemos esperar para tratar so quem esta com os sintomas graves. tambem nao se trata de escolher entre equipamentos ou medicamentos, prevencao ou tratamento. nao devemos usar o ‘ou’, mas o ‘e’. so uma estrategia nao sera suficiente. temos que usar todas as estrategias.” sobre o isolamento social, dra. nise observa, com base em sua experiencia no tratamento a comunidades pobres: “nao e possivel fazer o isolamento social em locais em que dez pessoas moram na mesma casa. nesses locais, e preciso tratar quem esta doente logo no inicio da infeccao.” logicamente, e um desafio gigantesco tornar o tratamento disponivel a populacao de um pais como o brasil, com dimensoes continentais e enormes disparidades entre as regioes. um primeiro passo e estimular que os pacientes, logo ao surgimento dos primeiros sintomas da covid-19, assinem um protocolo de adesao para uso da hidroxicloroquina. trata-se de um documento em que o paciente aceita receber o medicamento e assume as consequencias por essa decisao. para que o medicamento possa chegar a todas as pessoas necessitadas, incluindo as comunidades carentes, sera preciso realizar um grande esforco conjunto entre ministerios, governos e orgaos de saude ― e uma coordenacao centralizada. “a hidroxicloroquina precisa estar disponivel nas farmacias populares, e o protocolo de adesao podera ser enviado pelo aplicativo do sus. fazer o medicamento chegar a todos que precisem, onde quer que estejam, e uma grande batalha, mas, se nao nos colocarmos nesse caminho, vamos perder o bonde da historia.” para nise yamaguchi, o momento atual e decisivo. “nao podemos ficar de bracos cruzados, esperando a hora de ir para o matadouro. temos que curar os que podem ser curados e usar o tratamento que esta disponivel. e necessario combinar a ousadia com o conhecimento. sabemos como se comporta esse virus; ja esta claro que o uso da hidroxicloroquina reduz a carga viral e salva a vida das pessoas. ademais, nao estamos falando de introduzir um novo medicamento, mas de usar um produto que esta no mercado ha mais de 70 anos, na forma de quinino. quando se aplica o metodo precoce com a hidroxicloroquina, as pessoas percebem que e como um ovo de colombo. como nao haviamos pensado nisso antes? por que tantos tiveram de morrer? agora precisamos desenhar padroes que possam ser replicados e beneficiar o maior numero de pessoas. ao final, podemos mudar o curso da epidemia. esse e o meu sonho para o brasil.” e foi isso que a dra. nise disse ao presidente."" fonte:","""Quando a Dra. Nise Yamaguchi adentrou o Palácio do Planalto para conversar com o presidente Jair Bolsonaro, na última sexta-feira, vivia um dos momentos mais decisivos em seus 40 anos dedicados à medicina. Imunologista e cancerologista de renome internacional, participante de sociedades científicas na Europa e nos Estados Unidos, médica do Hospital Israelita Albert Einstein, Nise esteve na linha de frente em diversas batalhas pela saúde no Brasil e no mundo, ao trabalhar com pacientes de aids desde o surgimento dos primeiros casos da doença no Brasil; ao realizar cursos na Alemanha e Suíça sobre atendimento humanizado de pacientes com câncer; ao organizar no país centros de alta complexidade no atendimento à saúde; ao atuar na guerra contra a gripe H1N1; e ao contribuir, como sócia-fundadora e cientista sênior da World Cancer Alliance (sediada em Lyon, na França), para melhorar o acesso ao tratamento de câncer em países de baixa e média renda. Contudo, talvez nenhuma dessas notáveis realizações supere a dimensão do desafio que ela enfrenta agora: ajudar o Brasil a vencer a pandemia de coronavírus que tanto medo e sofrimento vem semeando no planeta.

Existem pessoas que fazem parte da solução e pessoas que fazem parte do problema. Definitivamente, como atesta a sua trajetória profissional, Nise Yamaguchi pertence ao primeiro grupo, e foi como tal que ela se apresentou ao presidente da República, portando a boa nova que pode mudar os rumos da história da epidemia em nosso país e oferecer um modelo de sucesso ao mundo. Nas últimas semanas, a médica foi testemunha e participante ativa de uma surpreendente reviravolta no tratamento de pacientes de Covid-19. O caso envolve uma comunidade de 450 mil pessoas com mais de 60 anos atendidas pela rede Prevent Senior na cidade de São Paulo. “Em fevereiro, os hospitais da rede registraram cerca de 80 mortes causadas por coronavírus em pacientes idosos”, conta Nise. “Com base em estudos clínicos realizados recentemente na França e em outros países, decidimos adotar um tratamento preventivo com essa população, oferecendo hidroxicloroquina nos primeiros dias da infecção. Imediatamente percebemos que isso diminuía muito o risco do agravamento da doença.”

Por meio da telemedicina e do uso de um aplicativo de celular, a Prevent Senior monitorou essa população de risco. Cerca de 400 pessoas que apresentaram os sintomas de coronavírus receberam a hidroxicloroquina em casa, sem precisar passar pelo pronto-socorro. Desse total, 200 já receberam alta e nenhum ― repetimos: nenhum ― precisou ser internado. “É um achado muito significativo, porque estamos falando de quase meio milhão de pessoas, com mais de 60 anos, vulneráveis, com comorbidades (outras doenças)”, observa a médica. “Em duas semanas, nós mudamos completamente a realidade: de prontos-socorros apinhados e dezenas de mortes para uma situação próxima da normalidade. A mudança foi tão súbita que chegamos a ser acusados de subnotificação. Mas nós não estávamos deixando de notificar as mortes, é que elas não estavam ocorrendo!”

Nise Yamaguchi está agora empenhada em replicar esse modelo para todo o Brasil, de modo que todas as pessoas que apresentarem os primeiros sintomas da doença possam receber a hidroxicloroquina em casa. “É importante construir UTIs, aumentar os leitos hospitalares, promover o isolamento vertical e adotar medidas de prevenção ― mas não podemos nos limitar a isso. O tratamento precoce com hidroxicloroquina pode ser feito em larga escala, como fizemos com o Tamiflu durante a epidemia de H1N1.” A médica explica que a hidroxicloroquina, em associação com o antibiótico azitromicina, atua fortalecendo as células humanas e diminuindo a capacidade de replicação do vírus. Se aplicado até o 4o dia de aparecimento dos sintomas, esse tratamento diminui exponencialmente o risco de internação e a necessidade de uso do respirador. “Não podemos esperar para tratar só quem está com os sintomas graves. Também não se trata de escolher entre equipamentos ou medicamentos, prevenção ou tratamento. Não devemos usar o ‘ou’, mas o ‘e’. Só uma estratégia não será suficiente. Temos que usar todas as estratégias.” Sobre o isolamento social, Dra. Nise observa, com base em sua experiência no tratamento a comunidades pobres: “Não é possível fazer o isolamento social em locais em que dez pessoas moram na mesma casa. Nesses locais, é preciso tratar quem está doente logo no início da infecção.” 

Logicamente, é um desafio gigantesco tornar o tratamento disponível à população de um país como o Brasil, com dimensões continentais e enormes disparidades entre as regiões. Um primeiro passo é estimular que os pacientes, logo ao surgimento dos primeiros sintomas da Covid-19, assinem um protocolo de adesão para uso da hidroxicloroquina. Trata-se de um documento em que o paciente aceita receber o medicamento e assume as consequências por essa decisão. Para que o medicamento possa chegar a todas as pessoas necessitadas, incluindo as comunidades carentes, será preciso realizar um grande esforço conjunto entre ministérios, governos e órgãos de saúde ― e uma coordenação centralizada. “A hidroxicloroquina precisa estar disponível nas farmácias populares, e o protocolo de adesão poderá ser enviado pelo aplicativo do SUS. Fazer o medicamento chegar a todos que precisem, onde quer que estejam, é uma grande batalha, mas, se não nos colocarmos nesse caminho, vamos perder o bonde da história.”

Para Nise Yamaguchi, o momento atual é decisivo. “Não podemos ficar de braços cruzados, esperando a hora de ir para o matadouro. Temos que curar os que podem ser curados e usar o tratamento que está disponível. É necessário combinar a ousadia com o conhecimento. Sabemos como se comporta esse vírus; já está claro que o uso da hidroxicloroquina reduz a carga viral e salva a vida das pessoas. Ademais, não estamos falando de introduzir um novo medicamento, mas de usar um produto que está no mercado há mais de 70 anos, na forma de quinino. Quando se aplica o método precoce com a hidroxicloroquina, as pessoas percebem que é como um ovo de Colombo. Como não havíamos pensado nisso antes? Por que tantos tiveram de morrer? Agora precisamos desenhar padrões que possam ser replicados e beneficiar o maior número de pessoas. Ao final, podemos mudar o curso da epidemia. Esse é o meu sonho para o Brasil.”

E foi isso que a Dra. Nise disse ao presidente.""

Fonte:",[],0,0,0,,,,"['COVID19.BR', 'COVID19.BR_raw']","['fake', 'true']",2
45669,COVID19.BR_raw,news,Dataset COVID19.BR_raw,true,,,"A imprensa americana foi dura com o Trump quando ele promoveu a hidroxicloroquina, recebendo críticas da Fox News, CNN e outras emissoras. Só que essa situação mudou. 

Apesar do caos causado pela imprensa, no dia 28 de março, a hidroxicloroquina foi aprovada pela FDA (Food and Drug Administration) como recurso de tratamento para casos de Covid-19.

O New York Times publicou um artigo no qual diz que “A droga ajuda pacientes a se recuperarem do vírus”, percebam pelo tom usado no texto, que, mesmo a droga se mostrando eficaz, os jornais ainda criam certa repudia ao criar notas sobre o tratamento, já que foi sugerido pelo odiado Donald Trump.

A governadora de Michigan, Gretchen Whitmer (Democrata), ameaçava os hospitais e médicas regionais que prescrevessem o uso da hidroxicloroquina à pacientes. Agora, Whitmer pediu à presidência que encaminhasse estoques do medicamento a seu estado.

O uso do medicamento em casos graves tem ajudado pacientes em todo o país a se recuperarem da enfermidade, aos poucos parece que a grande mídia está aceitando que o presidente estava certo e assim como os veículos de comunicação, os governadores estão mais dispostos a utilizar o tratamento em seus estados.

Fonte:","a imprensa americana foi dura com o trump quando ele promoveu a hidroxicloroquina, recebendo criticas da fox news, cnn e outras emissoras. so que essa situacao mudou. apesar do caos causado pela imprensa, no dia 28 de marco, a hidroxicloroquina foi aprovada pela fda (food and drug administration) como recurso de tratamento para casos de covid-19. o new york times publicou um artigo no qual diz que “a droga ajuda pacientes a se recuperarem do virus”, percebam pelo tom usado no texto, que, mesmo a droga se mostrando eficaz, os jornais ainda criam certa repudia ao criar notas sobre o tratamento, ja que foi sugerido pelo odiado donald trump. a governadora de michigan, gretchen whitmer (democrata), ameacava os hospitais e medicas regionais que prescrevessem o uso da hidroxicloroquina a pacientes. agora, whitmer pediu a presidencia que encaminhasse estoques do medicamento a seu estado. o uso do medicamento em casos graves tem ajudado pacientes em todo o pais a se recuperarem da enfermidade, aos poucos parece que a grande midia esta aceitando que o presidente estava certo e assim como os veiculos de comunicacao, os governadores estao mais dispostos a utilizar o tratamento em seus estados. fonte:","A imprensa americana foi dura com o Trump quando ele promoveu a hidroxicloroquina, recebendo críticas da Fox News, CNN e outras emissoras. Só que essa situação mudou. 

Apesar do caos causado pela imprensa, no dia 28 de março, a hidroxicloroquina foi aprovada pela FDA (Food and Drug Administration) como recurso de tratamento para casos de Covid-19.

O New York Times publicou um artigo no qual diz que “A droga ajuda pacientes a se recuperarem do vírus”, percebam pelo tom usado no texto, que, mesmo a droga se mostrando eficaz, os jornais ainda criam certa repudia ao criar notas sobre o tratamento, já que foi sugerido pelo odiado Donald Trump.

A governadora de Michigan, Gretchen Whitmer (Democrata), ameaçava os hospitais e médicas regionais que prescrevessem o uso da hidroxicloroquina à pacientes. Agora, Whitmer pediu à presidência que encaminhasse estoques do medicamento a seu estado.

O uso do medicamento em casos graves tem ajudado pacientes em todo o país a se recuperarem da enfermidade, aos poucos parece que a grande mídia está aceitando que o presidente estava certo e assim como os veículos de comunicação, os governadores estão mais dispostos a utilizar o tratamento em seus estados.

Fonte:",[],0,0,0,,,,"['COVID19.BR', 'COVID19.BR_raw']","['fake', 'true']",2
45733,COVID19.BR_raw,news,Dataset COVID19.BR_raw,true,,,"Antiparasitário mata coronavírus em 48 horas em laboratório
4 abr 2020, 17:47
A ivermectina é eficiente também no tratamento de outras doenças, como dengue e zika. Testes clínicos ainda precisam ser realizados","antiparasitario mata coronavirus em 48 horas em laboratorio 4 abr 2020, 17:47 a ivermectina e eficiente tambem no tratamento de outras doencas, como dengue e zika. testes clinicos ainda precisam ser realizados","Antiparasitário mata coronavírus em 48 horas em laboratório
4 abr 2020, 17:47
A ivermectina é eficiente também no tratamento de outras doenças, como dengue e zika. Testes clínicos ainda precisam ser realizados",[],0,0,0,,,,"['COVID19.BR', 'COVID19.BR_raw']","['fake', 'true']",2
45820,COVID19.BR_raw,news,Dataset COVID19.BR_raw,true,,,OMS pede desculpa pelo erro na controvérsia sobre a hidroxicloroquina -,oms pede desculpa pelo erro na controversia sobre a hidroxicloroquina -,OMS pede desculpa pelo erro na controvérsia sobre a hidroxicloroquina -,[],0,0,0,Fake,Jornal da Cidade Online,https://oglobo.globo.com/fato-ou-fake/e-fake-que-oms-pediu-desculpas-por-erro-mudou-posicionamento-agora-recomenda-hidroxicloroquina-para-tratar-covid-19-24616662,"['COVID19.BR', 'COVID19.BR_raw']","['fake', 'true']",2
45836,COVID19.BR_raw,news,Dataset COVID19.BR_raw,true,,,"Acabou de sair um estudo da Universidade de Turim que mostra que os atingidos pelo covid tinham, em grande parte, carência de vitamina D.

Isso explicaria também o impacto da epidemia no auge do inverno no hemisfério norte, quando as populações tem a menor exposicão anual à luz do sol, que é fundamental p/ produzir a vitamina D.



Cientistas da Universidade de Turim recomendam tomar vitamina D para combater a pandemia de coronavírus.  O estudo dos professores de Geriatria, Giancarlo Isaia e Histologia, Enzo Medico, foi submetido aos membros da Academia de Medicina de Turim, que consideraram os primeiros resultados ""muito interessantes"".  O documento analisa as possíveis causas do contágio do Covid-19 e propõe a vitamina D certamente não como uma cura, mas como uma ferramenta para reduzir os fatores de risco.

 Os primeiros dados preliminares coletados atualmente em Turim indicam que os pacientes hospitalizados por Covid-19 têm uma prevalência muito alta de hipovitaminose D. ""A compensação por essa ampla deficiência de vitamina pode ser alcançada principalmente pela exposição à luz solar, tanto quanto possível, mesmo em varandas.  e terraços, alimentando-se de alimentos ricos em vitamina D e, sob supervisão médica, tomando medicamentos específicos "", afirmam os pesquisadores.

 A análise, também realizada seguindo as recomendações recentes da Associação Dietética Britânica, investigou o papel que a falta de vitamina D poderia desempenhar, o que na Itália afeta grande parte da população, especialmente os idosos, nessa pandemia.  No documento, os autores sugerem aos médicos, em associação com as conhecidas medidas gerais de prevenção, garantir níveis adequados de vitamina D na população "", mas sobretudo naqueles já infectados, em seus familiares, nos profissionais de saúde, em idosos frágeis,  nos hóspedes das residências assistenciais, nas pessoas em regime de clausura e em todos aqueles que, por várias razões, não se expõem adequadamente à luz do sol "".  Além disso, a administração da forma ativa de vitamina D, calcitriol, por via intravenosa em pacientes com coronavírus e com função respiratória particularmente comprometida também pode ser considerada.

 ""Essas indicações derivam de inúmeras evidências científicas - escrevem os professores - que demonstraram um papel ativo da vitamina D na modulação do sistema imunológico, a associação frequente da hipovitaminose D com inúmeras patologias crônicas que podem reduzir a expectativa de vida em idosos""  , ainda mais no caso da infecção por Covid-19, um efeito da vitamina D na redução do risco de infecções respiratórias de origem viral, incluindo aquelas causadas por coronavírus e a capacidade da vitamina D de neutralizar os danos pulmonares causados pela hiperinflamação "".","acabou de sair um estudo da universidade de turim que mostra que os atingidos pelo covid tinham, em grande parte, carencia de vitamina d. isso explicaria tambem o impacto da epidemia no auge do inverno no hemisferio norte, quando as populacoes tem a menor exposicao anual a luz do sol, que e fundamental p/ produzir a vitamina d. cientistas da universidade de turim recomendam tomar vitamina d para combater a pandemia de coronavirus. o estudo dos professores de geriatria, giancarlo isaia e histologia, enzo medico, foi submetido aos membros da academia de medicina de turim, que consideraram os primeiros resultados ""muito interessantes"". o documento analisa as possiveis causas do contagio do covid-19 e propoe a vitamina d certamente nao como uma cura, mas como uma ferramenta para reduzir os fatores de risco. os primeiros dados preliminares coletados atualmente em turim indicam que os pacientes hospitalizados por covid-19 tem uma prevalencia muito alta de hipovitaminose d. ""a compensacao por essa ampla deficiencia de vitamina pode ser alcancada principalmente pela exposicao a luz solar, tanto quanto possivel, mesmo em varandas. e terracos, alimentando-se de alimentos ricos em vitamina d e, sob supervisao medica, tomando medicamentos especificos "", afirmam os pesquisadores. a analise, tambem realizada seguindo as recomendacoes recentes da associacao dietetica britanica, investigou o papel que a falta de vitamina d poderia desempenhar, o que na italia afeta grande parte da populacao, especialmente os idosos, nessa pandemia. no documento, os autores sugerem aos medicos, em associacao com as conhecidas medidas gerais de prevencao, garantir niveis adequados de vitamina d na populacao "", mas sobretudo naqueles ja infectados, em seus familiares, nos profissionais de saude, em idosos frageis, nos hospedes das residencias assistenciais, nas pessoas em regime de clausura e em todos aqueles que, por varias razoes, nao se expoem adequadamente a luz do sol "". alem disso, a administracao da forma ativa de vitamina d, calcitriol, por via intravenosa em pacientes com coronavirus e com funcao respiratoria particularmente comprometida tambem pode ser considerada. ""essas indicacoes derivam de inumeras evidencias cientificas - escrevem os professores - que demonstraram um papel ativo da vitamina d na modulacao do sistema imunologico, a associacao frequente da hipovitaminose d com inumeras patologias cronicas que podem reduzir a expectativa de vida em idosos"" , ainda mais no caso da infeccao por covid-19, um efeito da vitamina d na reducao do risco de infeccoes respiratorias de origem viral, incluindo aquelas causadas por coronavirus e a capacidade da vitamina d de neutralizar os danos pulmonares causados pela hiperinflamacao "".","Acabou de sair um estudo da Universidade de Turim que mostra que os atingidos pelo covid tinham, em grande parte, carência de vitamina D.

Isso explicaria também o impacto da epidemia no auge do inverno no hemisfério norte, quando as populações tem a menor exposicão anual à luz do sol, que é fundamental p/ produzir a vitamina D.



Cientistas da Universidade de Turim recomendam tomar vitamina D para combater a pandemia de coronavírus.  O estudo dos professores de Geriatria, Giancarlo Isaia e Histologia, Enzo Medico, foi submetido aos membros da Academia de Medicina de Turim, que consideraram os primeiros resultados ""muito interessantes"".  O documento analisa as possíveis causas do contágio do Covid-19 e propõe a vitamina D certamente não como uma cura, mas como uma ferramenta para reduzir os fatores de risco.

 Os primeiros dados preliminares coletados atualmente em Turim indicam que os pacientes hospitalizados por Covid-19 têm uma prevalência muito alta de hipovitaminose D. ""A compensação por essa ampla deficiência de vitamina pode ser alcançada principalmente pela exposição à luz solar, tanto quanto possível, mesmo em varandas.  e terraços, alimentando-se de alimentos ricos em vitamina D e, sob supervisão médica, tomando medicamentos específicos "", afirmam os pesquisadores.

 A análise, também realizada seguindo as recomendações recentes da Associação Dietética Britânica, investigou o papel que a falta de vitamina D poderia desempenhar, o que na Itália afeta grande parte da população, especialmente os idosos, nessa pandemia.  No documento, os autores sugerem aos médicos, em associação com as conhecidas medidas gerais de prevenção, garantir níveis adequados de vitamina D na população "", mas sobretudo naqueles já infectados, em seus familiares, nos profissionais de saúde, em idosos frágeis,  nos hóspedes das residências assistenciais, nas pessoas em regime de clausura e em todos aqueles que, por várias razões, não se expõem adequadamente à luz do sol "".  Além disso, a administração da forma ativa de vitamina D, calcitriol, por via intravenosa em pacientes com coronavírus e com função respiratória particularmente comprometida também pode ser considerada.

 ""Essas indicações derivam de inúmeras evidências científicas - escrevem os professores - que demonstraram um papel ativo da vitamina D na modulação do sistema imunológico, a associação frequente da hipovitaminose D com inúmeras patologias crônicas que podem reduzir a expectativa de vida em idosos""  , ainda mais no caso da infecção por Covid-19, um efeito da vitamina D na redução do risco de infecções respiratórias de origem viral, incluindo aquelas causadas por coronavírus e a capacidade da vitamina D de neutralizar os danos pulmonares causados pela hiperinflamação "".",[],0,0,0,,,,"['COVID19.BR', 'COVID19.BR_raw']","['fake', 'true']",2
46167,COVID19.BR_raw,news,Dataset COVID19.BR_raw,true,,,"Dra. Nise e a batalha para salvar o Brasil do vírus



Paulo Briguet5 de Abril de 2020 às 11:52



Médica e cientista Nise Yamaguchi reúne-se com o presidente Bolsonaro e propõe a adoção do tratamento precoce com cloroquina em todo o Brasil.

Quando a Dra. Nise Yamaguchi adentrou o Palácio do Planalto para conversar com o presidente Jair Bolsonaro, na última sexta-feira, vivia um dos momentos mais decisivos em seus 40 anos dedicados à medicina. Imunologista e cancerologista de renome internacional, participante de sociedades científicas na Europa e nos Estados Unidos, médica do Hospital Israelita Albert Einstein, Nise esteve na linha de frente em diversas batalhas pela saúde no Brasil e no mundo, ao trabalhar com pacientes de aids desde o surgimento dos primeiros casos da doença no Brasil; ao realizar cursos na Alemanha e Suíça sobre atendimento humanizado de pacientes com câncer; ao organizar no país centros de alta complexidade no atendimento à saúde; ao atuar na guerra contra a gripe H1N1; e ao contribuir, como sócia-fundadora e cientista sênior da World Cancer Alliance (sediada em Lyon, na França), para melhorar o acesso ao tratamento de câncer em países de baixa e média renda. 

Contudo, talvez nenhuma dessas notáveis realizações supere a dimensão do desafio que ela enfrenta agora: ajudar o Brasil a vencer a pandemia de coronavírus que tanto medo e sofrimento vem semeando no planeta.
Existem pessoas que fazem parte da solução e pessoas que fazem parte do problema. Definitivamente, como atesta a sua trajetória profissional, Nise Yamaguchi pertence ao primeiro grupo, e foi como tal que ela se apresentou ao presidente da República, portando a boa nova que pode mudar os rumos da história da epidemia em nosso país e oferecer um modelo de sucesso ao mundo. 

Nas últimas semanas, a médica foi testemunha e participante ativa de uma surpreendente reviravolta no tratamento de pacientes de Covid-19. O caso envolve uma comunidade de 450 mil pessoas com mais de 60 anos atendidas pela rede Prevent Senior na cidade de São Paulo. “Em fevereiro, os hospitais da rede registraram cerca de 80 mortes causadas por coronavírus em pacientes idosos”, conta Nise. “Com base em estudos clínicos realizados recentemente na França e em outros países, decidimos adotar um tratamento preventivo com essa população, oferecendo hidroxicloroquina nos primeiros dias da infecção. Imediatamente percebemos que isso diminuía muito o risco do agravamento da doença.”

Por meio da telemedicina e do uso de um aplicativo de celular, a Prevent Senior monitorou essa população de risco. Cerca de 400 pessoas que apresentaram os sintomas de coronavírus receberam a hidroxicloroquina em casa, sem precisar passar pelo pronto-socorro. Desse total, 200 já receberam alta e nenhum ― repetimos: nenhum ― precisou ser internado. “É um achado muito significativo, porque estamos falando de quase meio milhão de pessoas, com mais de 60 anos, vulneráveis, com comorbidades (outras doenças)”, observa a médica. “Em duas semanas, nós mudamos completamente a realidade: de prontos-socorros apinhados e dezenas de mortes para uma situação próxima da normalidade. A mudança foi tão súbita que chegamos a ser acusados de subnotificação. Mas nós não estávamos deixando de notificar as mortes, é que elas não estavam ocorrendo!”

Nise Yamaguchi está agora empenhada em replicar esse modelo para todo o Brasil, de modo que todas as pessoas que apresentarem os primeiros sintomas da doença possam receber a hidroxicloroquina em casa. “É importante construir UTIs, aumentar os leitos hospitalares, promover o isolamento vertical e adotar medidas de prevenção ― mas não podemos nos limitar a isso. O tratamento precoce com hidroxicloroquina pode ser feito em larga escala, como fizemos com o Tamiflu durante a epidemia de H1N1.” A médica explica que a hidroxicloroquina, em associação com o antibiótico azitromicina, atua fortalecendo as células humanas e diminuindo a capacidade de replicação do vírus. Se aplicado até o 4o dia de aparecimento dos sintomas, esse tratamento diminui exponencialmente o risco de internação e a necessidade de uso do respirador. “Não podemos esperar para tratar só quem está com os sintomas graves. Também não se trata de escolher entre equipamentos ou medicamentos, prevenção ou tratamento. Não devemos usar o ‘ou’, mas o ‘e’. Só uma estratégia não será suficiente. Temos que usar todas as estratégias.” 

Sobre o isolamento social, Dra. Nise observa, com base em sua experiência no tratamento a comunidades pobres: “Não é possível fazer o isolamento social em locais em que dez pessoas moram na mesma casa. Nesses locais, é preciso tratar quem está doente logo no início da infecção.” 
Logicamente, é um desafio gigantesco tornar o tratamento disponível à população de um país como o Brasil, com dimensões continentais e enormes disparidades entre as regiões. 

Um primeiro passo é estimular que os pacientes, logo ao surgimento dos primeiros sintomas da Covid-19, assinem um protocolo de adesão para uso da hidroxicloroquina. Trata-se de um documento em que o paciente aceita receber o medicamento e assume as consequências por essa decisão. Para que o medicamento possa chegar a todas as pessoas necessitadas, incluindo as comunidades carentes, será preciso realizar um grande esforço conjunto entre ministérios, governos e órgãos de saúde ― e uma coordenação centralizada. “A hidroxicloroquina precisa estar disponível nas farmácias populares, e o protocolo de adesão poderá ser enviado pelo aplicativo do SUS. Fazer o medicamento chegar a todos que precisem, onde quer que estejam, é uma grande batalha, mas, se não nos colocarmos nesse caminho, vamos perder o bonde da história.”

Para Nise Yamaguchi, o momento atual é decisivo. “Não podemos ficar de braços cruzados, esperando a hora de ir para o matadouro. Temos que curar os que podem ser curados e usar o tratamento que está disponível. É necessário combinar a ousadia com o conhecimento. Sabemos como se comporta esse vírus; já está claro que o uso da hidroxicloroquina reduz a carga viral e salva a vida das pessoas. Ademais, não estamos falando de introduzir um novo medicamento, mas de usar um produto que está no mercado há mais de 70 anos, na forma de quinino. 

Quando se aplica o método precoce com a hidroxicloroquina, as pessoas percebem que é como um ovo de Colombo. Como não havíamos pensado nisso antes? Por que tantos tiveram de morrer? 

Agora precisamos desenhar padrões que possam ser replicados e beneficiar o maior número de pessoas. Ao final, podemos mudar o curso da epidemia. Esse é o meu sonho para o Brasil.”

E foi isso que a Dra. Nise disse ao presidente.","dra. nise e a batalha para salvar o brasil do virus paulo briguet5 de abril de 2020 as 11:52 medica e cientista nise yamaguchi reune-se com o presidente bolsonaro e propoe a adocao do tratamento precoce com cloroquina em todo o brasil. quando a dra. nise yamaguchi adentrou o palacio do planalto para conversar com o presidente jair bolsonaro, na ultima sexta-feira, vivia um dos momentos mais decisivos em seus 40 anos dedicados a medicina. imunologista e cancerologista de renome internacional, participante de sociedades cientificas na europa e nos estados unidos, medica do hospital israelita albert einstein, nise esteve na linha de frente em diversas batalhas pela saude no brasil e no mundo, ao trabalhar com pacientes de aids desde o surgimento dos primeiros casos da doenca no brasil; ao realizar cursos na alemanha e suica sobre atendimento humanizado de pacientes com cancer; ao organizar no pais centros de alta complexidade no atendimento a saude; ao atuar na guerra contra a gripe h1n1; e ao contribuir, como socia-fundadora e cientista senior da world cancer alliance (sediada em lyon, na franca), para melhorar o acesso ao tratamento de cancer em paises de baixa e media renda. contudo, talvez nenhuma dessas notaveis realizacoes supere a dimensao do desafio que ela enfrenta agora: ajudar o brasil a vencer a pandemia de coronavirus que tanto medo e sofrimento vem semeando no planeta. existem pessoas que fazem parte da solucao e pessoas que fazem parte do problema. definitivamente, como atesta a sua trajetoria profissional, nise yamaguchi pertence ao primeiro grupo, e foi como tal que ela se apresentou ao presidente da republica, portando a boa nova que pode mudar os rumos da historia da epidemia em nosso pais e oferecer um modelo de sucesso ao mundo. nas ultimas semanas, a medica foi testemunha e participante ativa de uma surpreendente reviravolta no tratamento de pacientes de covid-19. o caso envolve uma comunidade de 450 mil pessoas com mais de 60 anos atendidas pela rede prevent senior na cidade de sao paulo. “em fevereiro, os hospitais da rede registraram cerca de 80 mortes causadas por coronavirus em pacientes idosos”, conta nise. “com base em estudos clinicos realizados recentemente na franca e em outros paises, decidimos adotar um tratamento preventivo com essa populacao, oferecendo hidroxicloroquina nos primeiros dias da infeccao. imediatamente percebemos que isso diminuia muito o risco do agravamento da doenca.” por meio da telemedicina e do uso de um aplicativo de celular, a prevent senior monitorou essa populacao de risco. cerca de 400 pessoas que apresentaram os sintomas de coronavirus receberam a hidroxicloroquina em casa, sem precisar passar pelo pronto-socorro. desse total, 200 ja receberam alta e nenhum ― repetimos: nenhum ― precisou ser internado. “e um achado muito significativo, porque estamos falando de quase meio milhao de pessoas, com mais de 60 anos, vulneraveis, com comorbidades (outras doencas)”, observa a medica. “em duas semanas, nos mudamos completamente a realidade: de prontos-socorros apinhados e dezenas de mortes para uma situacao proxima da normalidade. a mudanca foi tao subita que chegamos a ser acusados de subnotificacao. mas nos nao estavamos deixando de notificar as mortes, e que elas nao estavam ocorrendo!” nise yamaguchi esta agora empenhada em replicar esse modelo para todo o brasil, de modo que todas as pessoas que apresentarem os primeiros sintomas da doenca possam receber a hidroxicloroquina em casa. “e importante construir utis, aumentar os leitos hospitalares, promover o isolamento vertical e adotar medidas de prevencao ― mas nao podemos nos limitar a isso. o tratamento precoce com hidroxicloroquina pode ser feito em larga escala, como fizemos com o tamiflu durante a epidemia de h1n1.” a medica explica que a hidroxicloroquina, em associacao com o antibiotico azitromicina, atua fortalecendo as celulas humanas e diminuindo a capacidade de replicacao do virus. se aplicado ate o 4o dia de aparecimento dos sintomas, esse tratamento diminui exponencialmente o risco de internacao e a necessidade de uso do respirador. “nao podemos esperar para tratar so quem esta com os sintomas graves. tambem nao se trata de escolher entre equipamentos ou medicamentos, prevencao ou tratamento. nao devemos usar o ‘ou’, mas o ‘e’. so uma estrategia nao sera suficiente. temos que usar todas as estrategias.” sobre o isolamento social, dra. nise observa, com base em sua experiencia no tratamento a comunidades pobres: “nao e possivel fazer o isolamento social em locais em que dez pessoas moram na mesma casa. nesses locais, e preciso tratar quem esta doente logo no inicio da infeccao.” logicamente, e um desafio gigantesco tornar o tratamento disponivel a populacao de um pais como o brasil, com dimensoes continentais e enormes disparidades entre as regioes. um primeiro passo e estimular que os pacientes, logo ao surgimento dos primeiros sintomas da covid-19, assinem um protocolo de adesao para uso da hidroxicloroquina. trata-se de um documento em que o paciente aceita receber o medicamento e assume as consequencias por essa decisao. para que o medicamento possa chegar a todas as pessoas necessitadas, incluindo as comunidades carentes, sera preciso realizar um grande esforco conjunto entre ministerios, governos e orgaos de saude ― e uma coordenacao centralizada. “a hidroxicloroquina precisa estar disponivel nas farmacias populares, e o protocolo de adesao podera ser enviado pelo aplicativo do sus. fazer o medicamento chegar a todos que precisem, onde quer que estejam, e uma grande batalha, mas, se nao nos colocarmos nesse caminho, vamos perder o bonde da historia.” para nise yamaguchi, o momento atual e decisivo. “nao podemos ficar de bracos cruzados, esperando a hora de ir para o matadouro. temos que curar os que podem ser curados e usar o tratamento que esta disponivel. e necessario combinar a ousadia com o conhecimento. sabemos como se comporta esse virus; ja esta claro que o uso da hidroxicloroquina reduz a carga viral e salva a vida das pessoas. ademais, nao estamos falando de introduzir um novo medicamento, mas de usar um produto que esta no mercado ha mais de 70 anos, na forma de quinino. quando se aplica o metodo precoce com a hidroxicloroquina, as pessoas percebem que e como um ovo de colombo. como nao haviamos pensado nisso antes? por que tantos tiveram de morrer? agora precisamos desenhar padroes que possam ser replicados e beneficiar o maior numero de pessoas. ao final, podemos mudar o curso da epidemia. esse e o meu sonho para o brasil.” e foi isso que a dra. nise disse ao presidente.","Dra. Nise e a batalha para salvar o Brasil do vírus



Paulo Briguet5 de Abril de 2020 às 11:52



Médica e cientista Nise Yamaguchi reúne-se com o presidente Bolsonaro e propõe a adoção do tratamento precoce com cloroquina em todo o Brasil.

Quando a Dra. Nise Yamaguchi adentrou o Palácio do Planalto para conversar com o presidente Jair Bolsonaro, na última sexta-feira, vivia um dos momentos mais decisivos em seus 40 anos dedicados à medicina. Imunologista e cancerologista de renome internacional, participante de sociedades científicas na Europa e nos Estados Unidos, médica do Hospital Israelita Albert Einstein, Nise esteve na linha de frente em diversas batalhas pela saúde no Brasil e no mundo, ao trabalhar com pacientes de aids desde o surgimento dos primeiros casos da doença no Brasil; ao realizar cursos na Alemanha e Suíça sobre atendimento humanizado de pacientes com câncer; ao organizar no país centros de alta complexidade no atendimento à saúde; ao atuar na guerra contra a gripe H1N1; e ao contribuir, como sócia-fundadora e cientista sênior da World Cancer Alliance (sediada em Lyon, na França), para melhorar o acesso ao tratamento de câncer em países de baixa e média renda. 

Contudo, talvez nenhuma dessas notáveis realizações supere a dimensão do desafio que ela enfrenta agora: ajudar o Brasil a vencer a pandemia de coronavírus que tanto medo e sofrimento vem semeando no planeta.
Existem pessoas que fazem parte da solução e pessoas que fazem parte do problema. Definitivamente, como atesta a sua trajetória profissional, Nise Yamaguchi pertence ao primeiro grupo, e foi como tal que ela se apresentou ao presidente da República, portando a boa nova que pode mudar os rumos da história da epidemia em nosso país e oferecer um modelo de sucesso ao mundo. 

Nas últimas semanas, a médica foi testemunha e participante ativa de uma surpreendente reviravolta no tratamento de pacientes de Covid-19. O caso envolve uma comunidade de 450 mil pessoas com mais de 60 anos atendidas pela rede Prevent Senior na cidade de São Paulo. “Em fevereiro, os hospitais da rede registraram cerca de 80 mortes causadas por coronavírus em pacientes idosos”, conta Nise. “Com base em estudos clínicos realizados recentemente na França e em outros países, decidimos adotar um tratamento preventivo com essa população, oferecendo hidroxicloroquina nos primeiros dias da infecção. Imediatamente percebemos que isso diminuía muito o risco do agravamento da doença.”

Por meio da telemedicina e do uso de um aplicativo de celular, a Prevent Senior monitorou essa população de risco. Cerca de 400 pessoas que apresentaram os sintomas de coronavírus receberam a hidroxicloroquina em casa, sem precisar passar pelo pronto-socorro. Desse total, 200 já receberam alta e nenhum ― repetimos: nenhum ― precisou ser internado. “É um achado muito significativo, porque estamos falando de quase meio milhão de pessoas, com mais de 60 anos, vulneráveis, com comorbidades (outras doenças)”, observa a médica. “Em duas semanas, nós mudamos completamente a realidade: de prontos-socorros apinhados e dezenas de mortes para uma situação próxima da normalidade. A mudança foi tão súbita que chegamos a ser acusados de subnotificação. Mas nós não estávamos deixando de notificar as mortes, é que elas não estavam ocorrendo!”

Nise Yamaguchi está agora empenhada em replicar esse modelo para todo o Brasil, de modo que todas as pessoas que apresentarem os primeiros sintomas da doença possam receber a hidroxicloroquina em casa. “É importante construir UTIs, aumentar os leitos hospitalares, promover o isolamento vertical e adotar medidas de prevenção ― mas não podemos nos limitar a isso. O tratamento precoce com hidroxicloroquina pode ser feito em larga escala, como fizemos com o Tamiflu durante a epidemia de H1N1.” A médica explica que a hidroxicloroquina, em associação com o antibiótico azitromicina, atua fortalecendo as células humanas e diminuindo a capacidade de replicação do vírus. Se aplicado até o 4o dia de aparecimento dos sintomas, esse tratamento diminui exponencialmente o risco de internação e a necessidade de uso do respirador. “Não podemos esperar para tratar só quem está com os sintomas graves. Também não se trata de escolher entre equipamentos ou medicamentos, prevenção ou tratamento. Não devemos usar o ‘ou’, mas o ‘e’. Só uma estratégia não será suficiente. Temos que usar todas as estratégias.” 

Sobre o isolamento social, Dra. Nise observa, com base em sua experiência no tratamento a comunidades pobres: “Não é possível fazer o isolamento social em locais em que dez pessoas moram na mesma casa. Nesses locais, é preciso tratar quem está doente logo no início da infecção.” 
Logicamente, é um desafio gigantesco tornar o tratamento disponível à população de um país como o Brasil, com dimensões continentais e enormes disparidades entre as regiões. 

Um primeiro passo é estimular que os pacientes, logo ao surgimento dos primeiros sintomas da Covid-19, assinem um protocolo de adesão para uso da hidroxicloroquina. Trata-se de um documento em que o paciente aceita receber o medicamento e assume as consequências por essa decisão. Para que o medicamento possa chegar a todas as pessoas necessitadas, incluindo as comunidades carentes, será preciso realizar um grande esforço conjunto entre ministérios, governos e órgãos de saúde ― e uma coordenação centralizada. “A hidroxicloroquina precisa estar disponível nas farmácias populares, e o protocolo de adesão poderá ser enviado pelo aplicativo do SUS. Fazer o medicamento chegar a todos que precisem, onde quer que estejam, é uma grande batalha, mas, se não nos colocarmos nesse caminho, vamos perder o bonde da história.”

Para Nise Yamaguchi, o momento atual é decisivo. “Não podemos ficar de braços cruzados, esperando a hora de ir para o matadouro. Temos que curar os que podem ser curados e usar o tratamento que está disponível. É necessário combinar a ousadia com o conhecimento. Sabemos como se comporta esse vírus; já está claro que o uso da hidroxicloroquina reduz a carga viral e salva a vida das pessoas. Ademais, não estamos falando de introduzir um novo medicamento, mas de usar um produto que está no mercado há mais de 70 anos, na forma de quinino. 

Quando se aplica o método precoce com a hidroxicloroquina, as pessoas percebem que é como um ovo de Colombo. Como não havíamos pensado nisso antes? Por que tantos tiveram de morrer? 

Agora precisamos desenhar padrões que possam ser replicados e beneficiar o maior número de pessoas. Ao final, podemos mudar o curso da epidemia. Esse é o meu sonho para o Brasil.”

E foi isso que a Dra. Nise disse ao presidente.",[],0,0,0,,,,"['COVID19.BR', 'COVID19.BR_raw']","['fake', 'true']",2
46374,COVID19.BR_raw,news,Dataset COVID19.BR_raw,true,,,"201 - 119 negativos = 82

82 - 37 inadequados = 45

45 - 19 extraídos = 26
🤔🤔🤔🤔🤔 

*FRAUDE!!!!!*

*Das 201 mortes, 119 tiveram resultado negativo para o coronavírus. Outros 37 exames foram considerados inadequados, ou seja, não foi possível fazer a análise porque as amostras estavam prejudicadas seja por falta de material, coleta incorreta ou danificada durante o transporte.*

*De acordo com a secretaria 19 exames foram classificados como “extraído”, ou seja, houve dúvida na análise e os testes estão sendo refeitos.*

*ACORDA, POVO BRASILEIRO!!!*","201 - 119 negativos = 82 82 - 37 inadequados = 45 45 - 19 extraidos = 26 *fraude!!!!!* *das 201 mortes, 119 tiveram resultado negativo para o coronavirus. outros 37 exames foram considerados inadequados, ou seja, nao foi possivel fazer a analise porque as amostras estavam prejudicadas seja por falta de material, coleta incorreta ou danificada durante o transporte.* *de acordo com a secretaria 19 exames foram classificados como “extraido”, ou seja, houve duvida na analise e os testes estao sendo refeitos.* *acorda, povo brasileiro!!!*","201 - 119 negativos = 82

82 - 37 inadequados = 45

45 - 19 extraídos = 26
🤔🤔🤔🤔🤔 

*FRAUDE!!!!!*

*Das 201 mortes, 119 tiveram resultado negativo para o coronavírus. Outros 37 exames foram considerados inadequados, ou seja, não foi possível fazer a análise porque as amostras estavam prejudicadas seja por falta de material, coleta incorreta ou danificada durante o transporte.*

*De acordo com a secretaria 19 exames foram classificados como “extraído”, ou seja, houve dúvida na análise e os testes estão sendo refeitos.*

*ACORDA, POVO BRASILEIRO!!!*",[],0,0,0,,,,"['COVID19.BR', 'COVID19.BR_raw']","['fake', 'true']",2
46463,COVID19.BR_raw,news,Dataset COVID19.BR_raw,true,,,"*SORRIAM, VOCÊS ESTÃO SENDO ENGANADOS.*

A FRAUDE PAULISTA:

Das 201 mortes, 119 tiveram resultado negativo para o coronavírus. Outros 37 exames foram considerados inadequados, ou seja, não foi possível fazer a análise porque as amostras estavam prejudicadas seja por falta de material, coleta incorreta, ou danificada durante o transporte.

De acordo com a secretaria, 19 exames foram classificados como “extraído”, ou seja, houve dúvida na análise e os testes estão sendo refeitos.

Trocando em miúdos:

201 - 119 negativos = 82

82 - 37 inadequados = 45

45 - 19 extraídos = 26

APENAS 26 MORTOS EM SÃO PAULO!!!!!

Pelo jeito eles vão esquartejar os corpos e jogar um pedaço em cada Covas, digo, cova.","*sorriam, voces estao sendo enganados.* a fraude paulista: das 201 mortes, 119 tiveram resultado negativo para o coronavirus. outros 37 exames foram considerados inadequados, ou seja, nao foi possivel fazer a analise porque as amostras estavam prejudicadas seja por falta de material, coleta incorreta, ou danificada durante o transporte. de acordo com a secretaria, 19 exames foram classificados como “extraido”, ou seja, houve duvida na analise e os testes estao sendo refeitos. trocando em miudos: 201 - 119 negativos = 82 82 - 37 inadequados = 45 45 - 19 extraidos = 26 apenas 26 mortos em sao paulo!!!!! pelo jeito eles vao esquartejar os corpos e jogar um pedaco em cada covas, digo, cova.","*SORRIAM, VOCÊS ESTÃO SENDO ENGANADOS.*

A FRAUDE PAULISTA:

Das 201 mortes, 119 tiveram resultado negativo para o coronavírus. Outros 37 exames foram considerados inadequados, ou seja, não foi possível fazer a análise porque as amostras estavam prejudicadas seja por falta de material, coleta incorreta, ou danificada durante o transporte.

De acordo com a secretaria, 19 exames foram classificados como “extraído”, ou seja, houve dúvida na análise e os testes estão sendo refeitos.

Trocando em miúdos:

201 - 119 negativos = 82

82 - 37 inadequados = 45

45 - 19 extraídos = 26

APENAS 26 MORTOS EM SÃO PAULO!!!!!

Pelo jeito eles vão esquartejar os corpos e jogar um pedaço em cada Covas, digo, cova.",[],0,0,0,,,,"['COVID19.BR', 'COVID19.BR_raw']","['fake', 'true']",2
46470,COVID19.BR_raw,news,Dataset COVID19.BR_raw,true,,,"- Após pedirem desculpas pela Hidroxicloroquina, agora a OMS conclui que pacientes assintomáticos (a grande maioria) não têm potencial de infectar outras pessoas.

- Milhões ficaram trancados em casa, perderam seus empregos e afetaram negativamente a Economia.","- apos pedirem desculpas pela hidroxicloroquina, agora a oms conclui que pacientes assintomaticos (a grande maioria) nao tem potencial de infectar outras pessoas. - milhoes ficaram trancados em casa, perderam seus empregos e afetaram negativamente a economia.","- Após pedirem desculpas pela Hidroxicloroquina, agora a OMS conclui que pacientes assintomáticos (a grande maioria) não têm potencial de infectar outras pessoas.

- Milhões ficaram trancados em casa, perderam seus empregos e afetaram negativamente a Economia.",[],0,0,0,,,,"['COVID19.BR', 'COVID19.BR_raw']","['fake', 'true']",2
46535,COVID19.BR_raw,news,Dataset COVID19.BR_raw,true,,,"Paulo Briguet
5 de Abril de 2020 às 11:52

Médica e cientista Nise Yamaguchi propõe ao presidente Jair Bolsonaro a adoção do tratamento precoce com cloroquina em todo o Brasil

Quando a Dra. Nise Yamaguchi adentrar o Palácio do Planalto para conversar com o presidente Jair Bolsonaro, estará vivendo um dos momentos mais decisivos em seus 40 anos dedicados à medicina. Imunologista e cancerologista de renome internacional, participante de sociedades científicas na Europa e nos Estados Unidos, médica do Hospital Israelita Albert Einstein, Nise esteve na linha de frente em diversas batalhas pela saúde no Brasil e no mundo, ao trabalhar com pacientes de aids desde o surgimento dos primeiros casos da doença no Brasil; ao realizar cursos na Alemanha e Suíça sobre atendimento humanizado de pacientes com câncer; ao organizar no país centros de alta complexidade no atendimento à saúde; ao atuar na guerra contra a gripe H1N1; e ao contribuir, como sócia-fundadora e cientista sênior da World Cancer Alliance (sediada em Lyon, na França), para melhorar o acesso ao tratamento de câncer em países de baixa e média renda. Contudo, talvez nenhuma dessas notáveis realizações supere a dimensão do desafio que ela enfrenta agora: ajudar o Brasil a vencer a pandemia de coronavírus que tanto medo e sofrimento vem semeando no planeta.

Existem pessoas que fazem parte da solução e pessoas que fazem parte do problema. Definitivamente, como atesta a sua trajetória profissional, Nise Yamaguchi pertence ao primeiro grupo, e é como tal que ela se apresenta ao presidente da República, portando a boa nova que pode mudar os rumos da história da epidemia em nosso país e oferecer um modelo de sucesso ao mundo. Nas últimas semanas, a médica foi testemunha de uma surpreendente reviravolta no tratamento de pacientes de Covid-19. 

O caso envolve uma comunidade de 450 mil pessoas com mais de 60 anos atendidas pela rede Prevent Senior na cidade de São Paulo. “Em fevereiro, os hospitais da rede registraram cerca de 80 mortes causadas por coronavírus em pacientes idosos”, conta Nise. “Com base em estudos clínicos realizados recentemente na França e em outros países, decidiu-se adotar um tratamento preventivo com essa população, oferecendo hidroxicloroquina nos primeiros dias da infecção. Imediatamente percebeu-se que isso diminuía muito o risco do agravamento da doença.”

Por meio da telemedicina e do uso de um aplicativo de celular, a Prevent Senior monitorou essa população de risco. Cerca de 400 pessoas que apresentaram os sintomas de coronavírus receberam a hidroxicloroquina em casa, sem precisar passar pelo pronto-socorro. Desse total, 200 já receberam alta e nenhum ― repetimos: nenhum ― precisou ser internado. “É um achado muito significativo, porque estamos falando de quase meio milhão de pessoas, com mais de 60 anos, vulneráveis, com comorbidades (outras doenças)”, observa a médica. “Em duas semanas, essa realidade mudou completamente: de prontos-socorros apinhados e dezenas de mortes para uma situação próxima da normalidade. A mudança foi tão súbita que a Prevent Senior chegou a ser acusada de subnotificação. Mas não estavam deixando de notificar as mortes, é que elas não estavam ocorrendo!”

Nise Yamaguchi está agora empenhada em replicar esse modelo para todo o Brasil, de modo que todas as pessoas que apresentarem os primeiros sintomas da doença possam receber a hidroxicloroquina em casa. “É importante construir UTIs, aumentar os leitos hospitalares, promover o isolamento vertical e adotar medidas de prevenção ― mas não podemos nos limitar a isso. O tratamento precoce com hidroxicloroquina pode ser feito em larga escala, como fizemos com o Tamiflu durante a epidemia de H1N1.” A médica explica que a hidroxicloroquina, em associação com o antibiótico azitromicina, atua fortalecendo as células humanas e diminuindo a capacidade de replicação do vírus. Se aplicado até o 4o dia de aparecimento dos sintomas, esse tratamento diminui exponencialmente o risco de internação e a necessidade de uso do respirador. “Não podemos esperar para tratar só quem está com os sintomas graves. Também não se trata de escolher entre equipamentos ou medicamentos, prevenção ou tratamento. Não devemos usar o ‘ou’, mas o ‘e’. Só uma estratégia não será suficiente. Temos que usar todas as estratégias.” Sobre o isolamento social, Dra. Nise observa, com base em sua experiência no tratamento a comunidades pobres: “Não é possível fazer o isolamento social em locais em que dez pessoas moram na mesma casa. Nesses locais, é preciso tratar quem está doente logo no início da infecção.” 

Logicamente, é um desafio gigantesco tornar o tratamento disponível à população de um país como o Brasil, com dimensões continentais e enormes disparidades entre as regiões. Um primeiro passo é estimular que os pacientes, logo ao surgimento dos primeiros sintomas da Covid-19, assinem um protocolo de adesão para uso da hidroxicloroquina. Trata-se de um documento em que o paciente aceita receber o medicamento e assume as consequências por essa decisão. Para que o medicamento possa chegar a todas as pessoas necessitadas, incluindo as comunidades carentes, será preciso realizar um grande esforço conjunto entre ministérios, governos e órgãos de saúde ― e uma coordenação centralizada. “A hidroxicloroquina precisa estar disponível nas farmácias populares, e o protocolo de adesão poderá ser enviado pelo aplicativo do SUS. Fazer o medicamento chegar a todos que precisem, onde quer que estejam, é uma grande batalha, mas, se não nos colocarmos nesse caminho, vamos perder o bonde da história.”

Para Nise Yamaguchi, o momento atual é decisivo. “Não podemos ficar de braços cruzados, esperando a hora de ir para o matadouro. Temos que curar os que podem ser curados e usar o tratamento que está disponível. É necessário combinar a ousadia com o conhecimento. Sabemos como se comporta esse vírus; já está claro que o uso da hidroxicloroquina reduz a carga viral e salva a vida das pessoas. Ademais, não estamos falando de introduzir um novo medicamento, mas de usar um produto que está no mercado há mais de 70 anos, na forma de quinino. Quando se aplica o método precoce com a hidroxicloroquina, as pessoas percebem que é como um ovo de Colombo. Como não havíamos pensado nisso antes? Por que tantos tiveram de morrer? Agora precisamos desenhar padrões que possam ser replicados e beneficiar o maior número de pessoas. Ao final, podemos mudar o curso da epidemia. Esse é o meu sonho para o Brasil.”

E é isso que a Dra. Nise vai dizer ao presidente.
 

***","paulo briguet 5 de abril de 2020 as 11:52 medica e cientista nise yamaguchi propoe ao presidente jair bolsonaro a adocao do tratamento precoce com cloroquina em todo o brasil quando a dra. nise yamaguchi adentrar o palacio do planalto para conversar com o presidente jair bolsonaro, estara vivendo um dos momentos mais decisivos em seus 40 anos dedicados a medicina. imunologista e cancerologista de renome internacional, participante de sociedades cientificas na europa e nos estados unidos, medica do hospital israelita albert einstein, nise esteve na linha de frente em diversas batalhas pela saude no brasil e no mundo, ao trabalhar com pacientes de aids desde o surgimento dos primeiros casos da doenca no brasil; ao realizar cursos na alemanha e suica sobre atendimento humanizado de pacientes com cancer; ao organizar no pais centros de alta complexidade no atendimento a saude; ao atuar na guerra contra a gripe h1n1; e ao contribuir, como socia-fundadora e cientista senior da world cancer alliance (sediada em lyon, na franca), para melhorar o acesso ao tratamento de cancer em paises de baixa e media renda. contudo, talvez nenhuma dessas notaveis realizacoes supere a dimensao do desafio que ela enfrenta agora: ajudar o brasil a vencer a pandemia de coronavirus que tanto medo e sofrimento vem semeando no planeta. existem pessoas que fazem parte da solucao e pessoas que fazem parte do problema. definitivamente, como atesta a sua trajetoria profissional, nise yamaguchi pertence ao primeiro grupo, e e como tal que ela se apresenta ao presidente da republica, portando a boa nova que pode mudar os rumos da historia da epidemia em nosso pais e oferecer um modelo de sucesso ao mundo. nas ultimas semanas, a medica foi testemunha de uma surpreendente reviravolta no tratamento de pacientes de covid-19. o caso envolve uma comunidade de 450 mil pessoas com mais de 60 anos atendidas pela rede prevent senior na cidade de sao paulo. “em fevereiro, os hospitais da rede registraram cerca de 80 mortes causadas por coronavirus em pacientes idosos”, conta nise. “com base em estudos clinicos realizados recentemente na franca e em outros paises, decidiu-se adotar um tratamento preventivo com essa populacao, oferecendo hidroxicloroquina nos primeiros dias da infeccao. imediatamente percebeu-se que isso diminuia muito o risco do agravamento da doenca.” por meio da telemedicina e do uso de um aplicativo de celular, a prevent senior monitorou essa populacao de risco. cerca de 400 pessoas que apresentaram os sintomas de coronavirus receberam a hidroxicloroquina em casa, sem precisar passar pelo pronto-socorro. desse total, 200 ja receberam alta e nenhum ― repetimos: nenhum ― precisou ser internado. “e um achado muito significativo, porque estamos falando de quase meio milhao de pessoas, com mais de 60 anos, vulneraveis, com comorbidades (outras doencas)”, observa a medica. “em duas semanas, essa realidade mudou completamente: de prontos-socorros apinhados e dezenas de mortes para uma situacao proxima da normalidade. a mudanca foi tao subita que a prevent senior chegou a ser acusada de subnotificacao. mas nao estavam deixando de notificar as mortes, e que elas nao estavam ocorrendo!” nise yamaguchi esta agora empenhada em replicar esse modelo para todo o brasil, de modo que todas as pessoas que apresentarem os primeiros sintomas da doenca possam receber a hidroxicloroquina em casa. “e importante construir utis, aumentar os leitos hospitalares, promover o isolamento vertical e adotar medidas de prevencao ― mas nao podemos nos limitar a isso. o tratamento precoce com hidroxicloroquina pode ser feito em larga escala, como fizemos com o tamiflu durante a epidemia de h1n1.” a medica explica que a hidroxicloroquina, em associacao com o antibiotico azitromicina, atua fortalecendo as celulas humanas e diminuindo a capacidade de replicacao do virus. se aplicado ate o 4o dia de aparecimento dos sintomas, esse tratamento diminui exponencialmente o risco de internacao e a necessidade de uso do respirador. “nao podemos esperar para tratar so quem esta com os sintomas graves. tambem nao se trata de escolher entre equipamentos ou medicamentos, prevencao ou tratamento. nao devemos usar o ‘ou’, mas o ‘e’. so uma estrategia nao sera suficiente. temos que usar todas as estrategias.” sobre o isolamento social, dra. nise observa, com base em sua experiencia no tratamento a comunidades pobres: “nao e possivel fazer o isolamento social em locais em que dez pessoas moram na mesma casa. nesses locais, e preciso tratar quem esta doente logo no inicio da infeccao.” logicamente, e um desafio gigantesco tornar o tratamento disponivel a populacao de um pais como o brasil, com dimensoes continentais e enormes disparidades entre as regioes. um primeiro passo e estimular que os pacientes, logo ao surgimento dos primeiros sintomas da covid-19, assinem um protocolo de adesao para uso da hidroxicloroquina. trata-se de um documento em que o paciente aceita receber o medicamento e assume as consequencias por essa decisao. para que o medicamento possa chegar a todas as pessoas necessitadas, incluindo as comunidades carentes, sera preciso realizar um grande esforco conjunto entre ministerios, governos e orgaos de saude ― e uma coordenacao centralizada. “a hidroxicloroquina precisa estar disponivel nas farmacias populares, e o protocolo de adesao podera ser enviado pelo aplicativo do sus. fazer o medicamento chegar a todos que precisem, onde quer que estejam, e uma grande batalha, mas, se nao nos colocarmos nesse caminho, vamos perder o bonde da historia.” para nise yamaguchi, o momento atual e decisivo. “nao podemos ficar de bracos cruzados, esperando a hora de ir para o matadouro. temos que curar os que podem ser curados e usar o tratamento que esta disponivel. e necessario combinar a ousadia com o conhecimento. sabemos como se comporta esse virus; ja esta claro que o uso da hidroxicloroquina reduz a carga viral e salva a vida das pessoas. ademais, nao estamos falando de introduzir um novo medicamento, mas de usar um produto que esta no mercado ha mais de 70 anos, na forma de quinino. quando se aplica o metodo precoce com a hidroxicloroquina, as pessoas percebem que e como um ovo de colombo. como nao haviamos pensado nisso antes? por que tantos tiveram de morrer? agora precisamos desenhar padroes que possam ser replicados e beneficiar o maior numero de pessoas. ao final, podemos mudar o curso da epidemia. esse e o meu sonho para o brasil.” e e isso que a dra. nise vai dizer ao presidente. ***","Paulo Briguet
5 de Abril de 2020 às 11:52

Médica e cientista Nise Yamaguchi propõe ao presidente Jair Bolsonaro a adoção do tratamento precoce com cloroquina em todo o Brasil

Quando a Dra. Nise Yamaguchi adentrar o Palácio do Planalto para conversar com o presidente Jair Bolsonaro, estará vivendo um dos momentos mais decisivos em seus 40 anos dedicados à medicina. Imunologista e cancerologista de renome internacional, participante de sociedades científicas na Europa e nos Estados Unidos, médica do Hospital Israelita Albert Einstein, Nise esteve na linha de frente em diversas batalhas pela saúde no Brasil e no mundo, ao trabalhar com pacientes de aids desde o surgimento dos primeiros casos da doença no Brasil; ao realizar cursos na Alemanha e Suíça sobre atendimento humanizado de pacientes com câncer; ao organizar no país centros de alta complexidade no atendimento à saúde; ao atuar na guerra contra a gripe H1N1; e ao contribuir, como sócia-fundadora e cientista sênior da World Cancer Alliance (sediada em Lyon, na França), para melhorar o acesso ao tratamento de câncer em países de baixa e média renda. Contudo, talvez nenhuma dessas notáveis realizações supere a dimensão do desafio que ela enfrenta agora: ajudar o Brasil a vencer a pandemia de coronavírus que tanto medo e sofrimento vem semeando no planeta.

Existem pessoas que fazem parte da solução e pessoas que fazem parte do problema. Definitivamente, como atesta a sua trajetória profissional, Nise Yamaguchi pertence ao primeiro grupo, e é como tal que ela se apresenta ao presidente da República, portando a boa nova que pode mudar os rumos da história da epidemia em nosso país e oferecer um modelo de sucesso ao mundo. Nas últimas semanas, a médica foi testemunha de uma surpreendente reviravolta no tratamento de pacientes de Covid-19. 

O caso envolve uma comunidade de 450 mil pessoas com mais de 60 anos atendidas pela rede Prevent Senior na cidade de São Paulo. “Em fevereiro, os hospitais da rede registraram cerca de 80 mortes causadas por coronavírus em pacientes idosos”, conta Nise. “Com base em estudos clínicos realizados recentemente na França e em outros países, decidiu-se adotar um tratamento preventivo com essa população, oferecendo hidroxicloroquina nos primeiros dias da infecção. Imediatamente percebeu-se que isso diminuía muito o risco do agravamento da doença.”

Por meio da telemedicina e do uso de um aplicativo de celular, a Prevent Senior monitorou essa população de risco. Cerca de 400 pessoas que apresentaram os sintomas de coronavírus receberam a hidroxicloroquina em casa, sem precisar passar pelo pronto-socorro. Desse total, 200 já receberam alta e nenhum ― repetimos: nenhum ― precisou ser internado. “É um achado muito significativo, porque estamos falando de quase meio milhão de pessoas, com mais de 60 anos, vulneráveis, com comorbidades (outras doenças)”, observa a médica. “Em duas semanas, essa realidade mudou completamente: de prontos-socorros apinhados e dezenas de mortes para uma situação próxima da normalidade. A mudança foi tão súbita que a Prevent Senior chegou a ser acusada de subnotificação. Mas não estavam deixando de notificar as mortes, é que elas não estavam ocorrendo!”

Nise Yamaguchi está agora empenhada em replicar esse modelo para todo o Brasil, de modo que todas as pessoas que apresentarem os primeiros sintomas da doença possam receber a hidroxicloroquina em casa. “É importante construir UTIs, aumentar os leitos hospitalares, promover o isolamento vertical e adotar medidas de prevenção ― mas não podemos nos limitar a isso. O tratamento precoce com hidroxicloroquina pode ser feito em larga escala, como fizemos com o Tamiflu durante a epidemia de H1N1.” A médica explica que a hidroxicloroquina, em associação com o antibiótico azitromicina, atua fortalecendo as células humanas e diminuindo a capacidade de replicação do vírus. Se aplicado até o 4o dia de aparecimento dos sintomas, esse tratamento diminui exponencialmente o risco de internação e a necessidade de uso do respirador. “Não podemos esperar para tratar só quem está com os sintomas graves. Também não se trata de escolher entre equipamentos ou medicamentos, prevenção ou tratamento. Não devemos usar o ‘ou’, mas o ‘e’. Só uma estratégia não será suficiente. Temos que usar todas as estratégias.” Sobre o isolamento social, Dra. Nise observa, com base em sua experiência no tratamento a comunidades pobres: “Não é possível fazer o isolamento social em locais em que dez pessoas moram na mesma casa. Nesses locais, é preciso tratar quem está doente logo no início da infecção.” 

Logicamente, é um desafio gigantesco tornar o tratamento disponível à população de um país como o Brasil, com dimensões continentais e enormes disparidades entre as regiões. Um primeiro passo é estimular que os pacientes, logo ao surgimento dos primeiros sintomas da Covid-19, assinem um protocolo de adesão para uso da hidroxicloroquina. Trata-se de um documento em que o paciente aceita receber o medicamento e assume as consequências por essa decisão. Para que o medicamento possa chegar a todas as pessoas necessitadas, incluindo as comunidades carentes, será preciso realizar um grande esforço conjunto entre ministérios, governos e órgãos de saúde ― e uma coordenação centralizada. “A hidroxicloroquina precisa estar disponível nas farmácias populares, e o protocolo de adesão poderá ser enviado pelo aplicativo do SUS. Fazer o medicamento chegar a todos que precisem, onde quer que estejam, é uma grande batalha, mas, se não nos colocarmos nesse caminho, vamos perder o bonde da história.”

Para Nise Yamaguchi, o momento atual é decisivo. “Não podemos ficar de braços cruzados, esperando a hora de ir para o matadouro. Temos que curar os que podem ser curados e usar o tratamento que está disponível. É necessário combinar a ousadia com o conhecimento. Sabemos como se comporta esse vírus; já está claro que o uso da hidroxicloroquina reduz a carga viral e salva a vida das pessoas. Ademais, não estamos falando de introduzir um novo medicamento, mas de usar um produto que está no mercado há mais de 70 anos, na forma de quinino. Quando se aplica o método precoce com a hidroxicloroquina, as pessoas percebem que é como um ovo de Colombo. Como não havíamos pensado nisso antes? Por que tantos tiveram de morrer? Agora precisamos desenhar padrões que possam ser replicados e beneficiar o maior número de pessoas. Ao final, podemos mudar o curso da epidemia. Esse é o meu sonho para o Brasil.”

E é isso que a Dra. Nise vai dizer ao presidente.
 

***",[],0,0,0,,,,"['COVID19.BR', 'COVID19.BR_raw']","['fake', 'true']",2
46648,COVID19.BR_raw,news,Dataset COVID19.BR_raw,true,,,Segundo entendi é uma matéria informando como é quem criou o novo corona causador da covid-19,segundo entendi e uma materia informando como e quem criou o novo corona causador da covid-19,Segundo entendi é uma matéria informando como é quem criou o novo corona causador da covid-19,[],0,0,0,,,,"['COVID19.BR', 'COVID19.BR_raw']","['fake', 'true']",2
46749,COVID19.BR_raw,news,Dataset COVID19.BR_raw,true,,,Fernanda Torres disse que torce para que o coronavírus mate muitos brasileiros #boato,fernanda torres disse que torce para que o coronavirus mate muitos brasileiros #boato,Fernanda Torres disse que torce para que o coronavírus mate muitos brasileiros #boato,[],0,0,0,,,,"['COVID19.BR', 'COVID19.BR_raw']","['fake', 'true']",2
47503,true,tweets with only true info,Notícias verdadeiras do dataset Kaggle fabioselau/fakes-news-portuguese.,true,2019-03-20,https://lupa.uol.com.br/jornalismo/2019/03/20/bolsonaro-trump-encontro,"Junto com os EUA, o Brasil foi um dos primeiros países a reconhecer o legítimo presidente interino da Venezuela, Juan Guaidó","junto com os eua, o brasil foi um dos primeiros paises a reconhecer o legitimo presidente interino da venezuela, juan guaido","Junto com os EUA, o Brasil foi um dos primeiros países a reconhecer o legítimo presidente interino da Venezuela, Juan Guaidó",[],0,0,0,Falso,Donald Trump,https://lupa.uol.com.br/jornalismo/2019/03/20/bolsonaro-trump-encontro/,"['MuMiN-PT_raw', 'true', 'MuMiN-PT']","['fake', 'true', 'fake']",3
47590,true,tweets with only true info,Notícias verdadeiras do dataset Kaggle fabioselau/fakes-news-portuguese.,true,2019-06-18,https://lupa.uol.com.br/jornalismo/2019/06/18/verificamos-leoa-elefante,... foi considerada a melhor foto deste século. Uma leoa e seu filhote estava em enorme dificuldade. Um elefante percebeu que o filhote morreria e o levou em sua tromba até uma poça d’água caminhando ao lado da mãe. E nós chamamos animais selvagens!,... foi considerada a melhor foto deste seculo. uma leoa e seu filhote estava em enorme dificuldade. um elefante percebeu que o filhote morreria e o levou em sua tromba ate uma poca d’agua caminhando ao lado da mae. e nos chamamos animais selvagens!,... foi considerada a melhor foto deste século. Uma leoa e seu filhote estava em enorme dificuldade. Um elefante percebeu que o filhote morreria e o levou em sua tromba até uma poça d’água caminhando ao lado da mãe. E nós chamamos animais selvagens!,[],0,0,0,Falso,[site:name],https://checamos.afp.com/elefante-leva-um-filhote-de-leao-em-sua-tromba-uma-bela-historia-mas-e-falsa,"['MuMiN-PT_raw', 'true', 'MuMiN-PT']","['true', 'true', 'fake']",3
47839,true,tweets with only true info,Notícias verdadeiras do dataset Kaggle fabioselau/fakes-news-portuguese.,true,2021-05-21,https://lupa.uol.com.br/jornalismo/2021/05/21/cpi-da-covid-queiroga-vacina,"“Nunca, em tão pouco tempo, tivemos vacinas eficazes para combater uma doença viral como a Covid”","“nunca, em tao pouco tempo, tivemos vacinas eficazes para combater uma doenca viral como a covid”","“Nunca, em tão pouco tempo, tivemos vacinas eficazes para combater uma doença viral como a Covid”",[],0,0,0,,,,"['MuMiN-PT_raw', 'true', 'MuMiN-PT']","['fake', 'true', 'fake']",3
47883,true,tweets with only true info,Notícias verdadeiras do dataset Kaggle fabioselau/fakes-news-portuguese.,true,2018-09-24,https://lupa.uol.com.br/jornalismo/2018/09/24/joao-goulart-filho,População carcerária [no Brasil é] de 750 mil pessoas,populacao carceraria [no brasil e] de 750 mil pessoas,População carcerária [no Brasil é] de 750 mil pessoas,[],0,0,0,,,,"['MuMiN-PT_raw', 'true', 'MuMiN-PT']","['fake', 'true', 'fake']",3
48164,true,tweets with only true info,Notícias verdadeiras do dataset Kaggle fabioselau/fakes-news-portuguese.,true,2021-02-17,https://politica.estadao.com.br/blogs/estadao-verifica/medidas-de-protecao-contra-a-covid-19-devem-ser-mantidas-mesmo-apos-recebimento-das-doses-da-vacina/,uma única dose da vacina contra covid-19 não é suficiente para assegurar a exposição em atividades e locais com ampla circulação de pessoas e aglomerações em geral,uma unica dose da vacina contra covid-19 nao e suficiente para assegurar a exposicao em atividades e locais com ampla circulacao de pessoas e aglomeracoes em geral,uma única dose da vacina contra covid-19 não é suficiente para assegurar a exposição em atividades e locais com ampla circulação de pessoas e aglomerações em geral,[],0,0,0,Sátira,infectologista Marcius Burgarelli,https://noticias.uol.com.br/comprova/ultimas-noticias/2021/02/17/medidas-de-protecao-ainda-devem-ser-mantidas-apos-o-recebimento-da-vacina.htm,"['MuMiN-PT_raw', 'true', 'MuMiN-PT']","['fake', 'true', 'fake']",3
49795,true,tweets with only true info,Notícias verdadeiras do dataset Kaggle fabioselau/fakes-news-portuguese.,true,2020-03-18,https://checamos.afp.com/essas-imagens-mostram-variacao-da-poluicao-em-pequim-antes-e-depois-da-quarentena-decretada-em-razao,Esta imagem mostra uma redução na poluição devido à quarentena imposta para reduzir o contágio do novo coronavírus,esta imagem mostra uma reducao na poluicao devido a quarentena imposta para reduzir o contagio do novo coronavirus,Esta imagem mostra uma redução na poluição devido à quarentena imposta para reduzir o contágio do novo coronavírus,[],0,0,0,,,,"['MuMiN-PT_raw', 'true', 'MuMiN-PT']","['fake', 'true', 'fake']",3
49797,true,tweets with only true info,Notícias verdadeiras do dataset Kaggle fabioselau/fakes-news-portuguese.,true,2020-02-28,https://checamos.afp.com/um-cachorro-foi-colocado-em-quarentena-em-hong-kong-apos-dar-positivo-para-o-novo-coronavirus,Teste em cão dá positivo para o novo coronavírus,teste em cao da positivo para o novo coronavirus,Teste em cão dá positivo para o novo coronavírus,[],0,0,0,Verdadeiro,[site:name],https://checamos.afp.com/um-cachorro-foi-colocado-em-quarentena-em-hong-kong-apos-dar-positivo-para-o-novo-coronavirus,"['MuMiN-PT_raw', 'true', 'MuMiN-PT']","['fake', 'true', 'fake']",3
50130,MuMiN-PT,news,Subconjunto em português do MuMiN com alegações verificadas e tweets associados.,fake,,,"“Nunca, em tão pouco tempo, tivemos vacinas eficazes para combater uma doença viral como a Covid”","“nunca, em tao pouco tempo, tivemos vacinas eficazes para combater uma doenca viral como a covid”","“Nunca, em tão pouco tempo, tivemos vacinas eficazes para combater uma doença viral como a Covid”",[],0,0,0,,,,"['MuMiN-PT_raw', 'true', 'MuMiN-PT']","['fake', 'true', 'fake']",3
50151,MuMiN-PT,news,Subconjunto em português do MuMiN com alegações verificadas e tweets associados.,fake,,,A Associação Médica Americana retirou restrições e passou a recomendar a hidroxicloroquina contra a covid-19,a associacao medica americana retirou restricoes e passou a recomendar a hidroxicloroquina contra a covid-19,A Associação Médica Americana retirou restrições e passou a recomendar a hidroxicloroquina contra a covid-19,[],0,0,0,,,,"['MuMiN-PT_raw', 'fakes', 'MuMiN-PT']","['true', 'fake', 'fake']",3
50244,MuMiN-PT,news,Subconjunto em português do MuMiN com alegações verificadas e tweets associados.,fake,,,Esta imagem mostra uma redução na poluição devido à quarentena imposta para reduzir o contágio do novo coronavírus,esta imagem mostra uma reducao na poluicao devido a quarentena imposta para reduzir o contagio do novo coronavirus,Esta imagem mostra uma redução na poluição devido à quarentena imposta para reduzir o contágio do novo coronavírus,[],0,0,0,,,,"['MuMiN-PT_raw', 'true', 'MuMiN-PT']","['fake', 'true', 'fake']",3
50312,MuMiN-PT,news,Subconjunto em português do MuMiN com alegações verificadas e tweets associados.,fake,,,Teste em cão dá positivo para o novo coronavírus,teste em cao da positivo para o novo coronavirus,Teste em cão dá positivo para o novo coronavírus,[],0,0,0,Verdadeiro,[site:name],https://checamos.afp.com/um-cachorro-foi-colocado-em-quarentena-em-hong-kong-apos-dar-positivo-para-o-novo-coronavirus,"['MuMiN-PT_raw', 'true', 'MuMiN-PT']","['fake', 'true', 'fake']",3
50631,MuMiN-PT,news,Subconjunto em português do MuMiN com alegações verificadas e tweets associados.,fake,,,"Junto com os EUA, o Brasil foi um dos primeiros países a reconhecer o legítimo presidente interino da Venezuela, Juan Guaidó","junto com os eua, o brasil foi um dos primeiros paises a reconhecer o legitimo presidente interino da venezuela, juan guaido","Junto com os EUA, o Brasil foi um dos primeiros países a reconhecer o legítimo presidente interino da Venezuela, Juan Guaidó",[],0,0,0,Verdadeiro,Donald Trump,https://lupa.uol.com.br/jornalismo/2019/03/20/bolsonaro-trump-encontro/,"['MuMiN-PT_raw', 'true', 'MuMiN-PT']","['fake', 'true', 'fake']",3
50651,MuMiN-PT,news,Subconjunto em português do MuMiN com alegações verificadas e tweets associados.,fake,,,"""A produtividade em Portugal é hoje mais baixa em relação à média da ......","""a produtividade em portugal e hoje mais baixa em relacao a media da ......","""A produtividade em Portugal é hoje mais baixa em relação à média da ......",[],0,0,0,Errado,Utilizador do Facebook,https://observador.pt/factchecks/fact-check-portugal-esta-no-ultimo-lugar-da-europa-no-ranking-da-produtividade/,"['MuMiN-PT_raw', 'MuMiN-PT']","['true', 'fake']",2
50689,MuMiN-PT,news,Subconjunto em português do MuMiN com alegações verificadas e tweets associados.,true,,,É uma decisão de muita reflexão e dificuldade. Nunca na história de um mandato houve tantos pedidos de impeachment. Não tenho nenhuma felicidade no ato que estou praticando.,e uma decisao de muita reflexao e dificuldade. nunca na historia de um mandato houve tantos pedidos de impeachment. nao tenho nenhuma felicidade no ato que estou praticando.,É uma decisão de muita reflexão e dificuldade. Nunca na história de um mandato houve tantos pedidos de impeachment. Não tenho nenhuma felicidade no ato que estou praticando.,[],0,0,0,verdadeiro,,https://www.aosfatos.org/noticias/nunca-houve-tantos-pedidos-de-impeachment-na-histo/,"['MuMiN-PT_raw', 'fakes', 'MuMiN-PT']","['true', 'fake', 'true']",3
50936,MuMiN-PT,news,Subconjunto em português do MuMiN com alegações verificadas e tweets associados.,fake,,,uma única dose da vacina contra covid-19 não é suficiente para assegurar a exposição em atividades e locais com ampla circulação de pessoas e aglomerações em geral,uma unica dose da vacina contra covid-19 nao e suficiente para assegurar a exposicao em atividades e locais com ampla circulacao de pessoas e aglomeracoes em geral,uma única dose da vacina contra covid-19 não é suficiente para assegurar a exposição em atividades e locais com ampla circulação de pessoas e aglomerações em geral,[],0,0,0,Sátira,infectologista Marcius Burgarelli,https://noticias.uol.com.br/comprova/ultimas-noticias/2021/02/17/medidas-de-protecao-ainda-devem-ser-mantidas-apos-o-recebimento-da-vacina.htm,"['MuMiN-PT_raw', 'true', 'MuMiN-PT']","['fake', 'true', 'fake']",3
50938,MuMiN-PT,news,Subconjunto em português do MuMiN com alegações verificadas e tweets associados.,true,,,Capa do Wall Street Journal (...) relata como a economia brasileira voltou ao patamar antes da Covid-19,capa do wall street journal (...) relata como a economia brasileira voltou ao patamar antes da covid-19,Capa do Wall Street Journal (...) relata como a economia brasileira voltou ao patamar antes da Covid-19,[],0,0,0,falso,desinformação,https://www.aosfatos.org/noticias/reportagem-do-wall-street-journal-sobre-brasil-nao-cita-crime-estatais-ferrovias-e-fabrica-de-vacina/,"['MuMiN-PT_raw', 'fakes', 'MuMiN-PT']","['true', 'fake', 'true']",3
50940,MuMiN-PT,news,Subconjunto em português do MuMiN com alegações verificadas e tweets associados.,true,,,O Paraguai aboliu isso [o uso de urnas eletrônicas brasileiras],o paraguai aboliu isso [o uso de urnas eletronicas brasileiras],O Paraguai aboliu isso [o uso de urnas eletrônicas brasileiras],[],0,0,0,,,,"['MuMiN-PT_raw', 'fakes', 'MuMiN-PT']","['true', 'fake', 'true']",3
50947,MuMiN-PT,news,Subconjunto em português do MuMiN com alegações verificadas e tweets associados.,true,,,"São 13,7 milhões de brasileiros desempregados","sao 13,7 milhoes de brasileiros desempregados","São 13,7 milhões de brasileiros desempregados",[],0,0,0,Falso,Boatos em redes sociais,https://www.estadao.com.br/estadao-verifica/video-inventa-fechamento-de-montadoras-e-faz-falsa-projecao-de-desemprego/,"['MuMiN-PT_raw', 'fakes', 'MuMiN-PT']","['true', 'fake', 'true']",3
50953,MuMiN-PT,news,Subconjunto em português do MuMiN com alegações verificadas e tweets associados.,true,,,"A classe trabalhadora tem mais de 27 milhões de desempregados, se contarmos os que perderam o emprego recentemente mais os desempregados por desalento","a classe trabalhadora tem mais de 27 milhoes de desempregados, se contarmos os que perderam o emprego recentemente mais os desempregados por desalento","A classe trabalhadora tem mais de 27 milhões de desempregados, se contarmos os que perderam o emprego recentemente mais os desempregados por desalento",[],0,0,0,,,,"['MuMiN-PT_raw', 'fakes', 'MuMiN-PT']","['true', 'fake', 'true']",3
50957,MuMiN-PT,news,Subconjunto em português do MuMiN com alegações verificadas e tweets associados.,true,,,Um Senado composto majoritariamente por homens vetou isso [a legalização do aborto na Argentina],um senado composto majoritariamente por homens vetou isso [a legalizacao do aborto na argentina],Um Senado composto majoritariamente por homens vetou isso [a legalização do aborto na Argentina],[],0,0,0,,,,"['MuMiN-PT_raw', 'fakes', 'MuMiN-PT']","['true', 'fake', 'true']",3
50992,MuMiN-PT,news,Subconjunto em português do MuMiN com alegações verificadas e tweets associados.,fake,,,População carcerária [no Brasil é] de 750 mil pessoas,populacao carceraria [no brasil e] de 750 mil pessoas,População carcerária [no Brasil é] de 750 mil pessoas,[],0,0,0,,,,"['MuMiN-PT_raw', 'true', 'MuMiN-PT']","['fake', 'true', 'fake']",3
50997,MuMiN-PT,news,Subconjunto em português do MuMiN com alegações verificadas e tweets associados.,true,,,"O desmatamento [na Amazônia] caiu até 2012, mas vem subindo desde então","o desmatamento [na amazonia] caiu ate 2012, mas vem subindo desde entao","O desmatamento [na Amazônia] caiu até 2012, mas vem subindo desde então",[],0,0,0,,,,"['MuMiN-PT_raw', 'fakes', 'MuMiN-PT']","['true', 'fake', 'true']",3
51006,MuMiN-PT,news,Subconjunto em português do MuMiN com alegações verificadas e tweets associados.,true,,,"Pela primeira vez, um chefe de governo do estado de Israel concordou em reconhecer um futuro Estado palestino com base em um mapa integrante do plano","pela primeira vez, um chefe de governo do estado de israel concordou em reconhecer um futuro estado palestino com base em um mapa integrante do plano","Pela primeira vez, um chefe de governo do estado de Israel concordou em reconhecer um futuro Estado palestino com base em um mapa integrante do plano",[],0,0,0,,,,"['MuMiN-PT_raw', 'fakes', 'MuMiN-PT']","['true', 'fake', 'true']",3
51020,MuMiN-PT,news,Subconjunto em português do MuMiN com alegações verificadas e tweets associados.,true,,,Mais de 6 milhões de brasileiros estão abaixo da linha da pobreza,mais de 6 milhoes de brasileiros estao abaixo da linha da pobreza,Mais de 6 milhões de brasileiros estão abaixo da linha da pobreza,[],0,0,0,,,,"['MuMiN-PT_raw', 'fakes', 'MuMiN-PT']","['true', 'fake', 'true']",3
51059,MuMiN-PT,news,Subconjunto em português do MuMiN com alegações verificadas e tweets associados.,fake,,,... foi considerada a melhor foto deste século. Uma leoa e seu filhote estava em enorme dificuldade. Um elefante percebeu que o filhote morreria e o levou em sua tromba até uma poça d’água caminhando ao lado da mãe. E nós chamamos animais selvagens!,... foi considerada a melhor foto deste seculo. uma leoa e seu filhote estava em enorme dificuldade. um elefante percebeu que o filhote morreria e o levou em sua tromba ate uma poca d’agua caminhando ao lado da mae. e nos chamamos animais selvagens!,... foi considerada a melhor foto deste século. Uma leoa e seu filhote estava em enorme dificuldade. Um elefante percebeu que o filhote morreria e o levou em sua tromba até uma poça d’água caminhando ao lado da mãe. E nós chamamos animais selvagens!,[],0,0,0,Falso,[site:name],https://checamos.afp.com/elefante-leva-um-filhote-de-leao-em-sua-tromba-uma-bela-historia-mas-e-falsa,"['MuMiN-PT_raw', 'true', 'MuMiN-PT']","['true', 'true', 'fake']",3
51065,MuMiN-PT,news,Subconjunto em português do MuMiN com alegações verificadas e tweets associados.,true,,,A vitória de Bolsonaro precisa ser relativizada. O Bolsonaro teve 39% do conjunto da sociedade brasileira [eleitores na eleição de 2018]. Ele teve 55% do conjunto dos que votaram,a vitoria de bolsonaro precisa ser relativizada. o bolsonaro teve 39% do conjunto da sociedade brasileira [eleitores na eleicao de 2018]. ele teve 55% do conjunto dos que votaram,A vitória de Bolsonaro precisa ser relativizada. O Bolsonaro teve 39% do conjunto da sociedade brasileira [eleitores na eleição de 2018]. Ele teve 55% do conjunto dos que votaram,[],0,0,0,,,,"['MuMiN-PT_raw', 'fakes', 'MuMiN-PT']","['true', 'fake', 'true']",3
51089,MuMiN-PT,news,Subconjunto em português do MuMiN com alegações verificadas e tweets associados.,true,,,“Somos o quinto país que mais vacinou”,“somos o quinto pais que mais vacinou”,“Somos o quinto país que mais vacinou”,[],0,0,0,falso,Jair Bolsonaro,https://www.aosfatos.org/noticias/bolsonaro-repete-mentiras-sobre-acoes-contra-covid-19-em-pronunciamento/,"['MuMiN-PT_raw', 'fakes', 'MuMiN-PT']","['true', 'fake', 'true']",3
51166,MuMiN-PT,news,Subconjunto em português do MuMiN com alegações verificadas e tweets associados.,true,,,Tuberculose tem letalidade maior que covid-19,tuberculose tem letalidade maior que covid-19,Tuberculose tem letalidade maior que covid-19,[],0,0,0,Falso,Boato de internet,https://noticias.uol.com.br/comprova/ultimas-noticias/2020/09/08/post-confunde-ao-comparar-letalidade-da-covid-19-com-outras-doencas.htm,"['MuMiN-PT_raw', 'fakes', 'MuMiN-PT']","['true', 'fake', 'true']",3
51186,MuMiN-PT,news,Subconjunto em português do MuMiN com alegações verificadas e tweets associados.,true,,,Áudio de Roberto Zeballos no WhatsApp afirma que coronavírus veio de laboratório da China,audio de roberto zeballos no whatsapp afirma que coronavirus veio de laboratorio da china,Áudio de Roberto Zeballos no WhatsApp afirma que coronavírus veio de laboratório da China,[],0,0,0,"Enganoso: O áudio foi realmente gravado por Roberto Zeballos. Porém, ao comentar sobre tratamento para a covid-19, o médico afirma a outro profissional que o coronavírus “veio de um laboratório de Wuhan”. No entanto, não há evidências disso e um estudo publicado pela Nature Medicine descarta a hipótese.",Laci Hahn,https://projetocomprova.com.br/publica%C3%A7%C3%B5es/audio-de-medico-e-verdadeiro-mas-opiniao-sobre-origem-do-coronavirus-nao-tem-respaldo-cientifico/,"['MuMiN-PT_raw', 'fakes', 'MuMiN-PT']","['true', 'fake', 'true']",3
51201,MuMiN-PT,news,Subconjunto em português do MuMiN com alegações verificadas e tweets associados.,fake,,,"Covid-19: após um mês de lockdown, aumenta o número de pacientes internados em leitos de UTI em Araraquara","covid-19: apos um mes de lockdown, aumenta o numero de pacientes internados em leitos de uti em araraquara","Covid-19: após um mês de lockdown, aumenta o número de pacientes internados em leitos de UTI em Araraquara",[],0,0,0,,,,"['MuMiN-PT_raw', 'fakes', 'MuMiN-PT']","['true', 'fake', 'fake']",3
