rid,split,logit_true,logit_fake,p_fake
33871,test,-2.065835,2.32277,0.9570811556441818
16804,test,2.2647219,-2.2778287,0.04124672052408969
44265,test,-2.4138029,2.8370223,0.9760610504894176
1611,test,-1.2746204,1.6428869,0.8884495958299878
1610,test,1.7691408,-1.7251552,0.08223040106521738
4553,test,3.1375303,-3.5178766,0.009710544327108061
11134,test,-2.0348985,2.1919394,0.952182330401986
25132,test,-2.0504956,2.4505057,0.9601986686577011
28871,test,-0.72524375,0.72141343,0.7399288751176669
7409,test,1.4861101,-1.7556812,0.09659002488881908
47874,test,-0.5993039,0.86667186,0.7425222241091449
38430,test,-0.20287363,0.3120824,0.5971322174216658
36254,test,-0.81720144,0.9137539,0.7763585585250963
27349,test,-0.01780949,0.07257753,0.5240782157094314
32559,test,-2.692367,2.9593434,0.9818110669401988
30915,test,-2.6152844,2.9339943,0.9804856272851151
15860,test,-0.42321828,0.29398218,0.6306659344727572
13621,test,-1.6071135,1.7575191,0.9159023043900696
504,test,-1.2933935,1.3528678,0.8682032319062901
47691,test,-1.0509971,1.2752014,0.8403940213490771
38117,test,0.124338776,-0.15766238,0.4590331592954429
550,test,-2.0845127,2.2506287,0.9555176014282845
7575,test,2.7832975,-3.1225514,0.016299412243598023
24863,test,-0.37435153,0.6563458,0.6801544070361817
42012,test,-2.756144,3.1454663,0.9846849047476258
41807,test,0.44906458,-0.6997692,0.31628340039789016
33772,test,-1.8930607,2.080727,0.9434415282729007
49426,test,-1.8523556,1.9687248,0.9374609680782164
37189,test,-0.986492,1.1563131,0.8224172614696684
11250,test,-1.3970505,1.6448492,0.8967903500461877
25139,test,-1.6478356,1.8694705,0.9237752070092292
7235,test,2.8014026,-3.2439265,0.014805937815195971
43557,test,-2.4218879,2.6854973,0.9735998088869682
43095,test,-0.782324,0.55638355,0.7251291294453129
31603,test,-2.9559472,3.3475876,0.9883965000565073
4562,test,-2.6458497,2.9178061,0.980677223159789
43815,test,-1.4035298,1.5564806,0.8913638024274805
6820,test,-3.260092,3.6208158,0.9922236593328403
12473,test,-0.9930993,1.1375488,0.8211712408469911
33221,test,-2.1748993,2.52351,0.9651556898303132
29539,test,-2.2108026,2.4022598,0.9630901258357062
10575,test,-2.084548,2.1793447,0.9533493610441395
8810,test,-2.9572296,3.3036504,0.9880490836670427
8226,test,-3.2618625,3.588285,0.9920557782651215
5403,test,3.3208225,-3.5856538,0.008158519514629991
25836,test,-1.996022,2.1168668,0.9484174781698976
43937,test,-2.28961,2.7165647,0.9717167593089928
34039,test,-1.2183294,1.4472653,0.8697438160416884
48873,test,-0.585473,0.7783774,0.7286225196417744
17061,test,-2.2912097,2.6023328,0.9694678551357824
8546,test,-3.0217507,3.3690495,0.9890764603418156
11872,test,-0.63754463,0.8365927,0.7436127499751444
42542,test,-1.3536227,1.6585587,0.8948493081245478
47603,test,-1.4432913,1.6635938,0.9009246560656752
6384,test,-2.662927,2.9324844,0.9810938987385552
14858,test,2.173128,-2.2245884,0.045446966112581734
16938,test,-0.4998916,0.66796607,0.7006669374939054
1257,test,-0.18687294,0.34306872,0.5996526691976478
1394,test,1.0985624,-1.0723218,0.184491830784815
35057,test,-2.607059,3.0394588,0.9817460523920909
30574,test,-1.5292085,1.7553247,0.9114824487571946
49099,test,-0.8974238,1.0849731,0.8054240854953483
35795,test,-1.9063872,2.1564918,0.9466780776631546
27382,test,-0.55230534,0.5703939,0.6939965891141224
2477,test,2.6551394,-3.144447,0.01753574270087522
40209,test,-1.5530226,1.7095493,0.9102344907646126
24963,test,-0.6821449,0.85729605,0.7522289111284565
202,test,1.3517095,-1.5293491,0.12097436898983856
38479,test,-0.32525158,0.39670753,0.6314413428381089
43767,test,-2.707072,3.0280313,0.9828245509578362
35857,test,-0.40035084,0.35294434,0.6365303545571931
2116,test,-2.727139,3.1096983,0.9839860272850403
4531,test,3.030219,-3.38343,0.011480186020921025
28337,test,-1.9165076,2.3590086,0.9537098254135625
37646,test,-0.57812583,0.6480675,0.7091590087682966
27572,test,-1.4755281,1.557338,0.8962037036766672
14675,test,-0.272939,0.24247836,0.5972098831126209
37252,test,-0.2839835,0.4330333,0.6306359921771977
37402,test,-0.4806406,0.72198516,0.7057453383915233
15032,test,-0.39769402,0.7515687,0.6979303564676991
31194,test,-1.9648734,2.1740088,0.9493002384499373
39247,test,-2.766447,3.0609953,0.9838820881939082
43314,test,-2.5826616,2.9782453,0.9806407323507481
13751,test,-0.14319552,0.08665338,0.548346594648114
30717,test,-1.9114095,2.116878,0.9454427162724923
43318,test,-2.7448592,3.0352068,0.9833477519960696
43310,test,-0.9749229,1.0767077,0.8129055097979975
44749,test,-2.607704,2.884622,0.9797081876731745
34243,test,-2.7421737,3.0658026,0.9836646105328325
26562,test,-0.51687115,0.70229214,0.7081431852649289
2934,test,-3.1687524,3.5868466,0.9915169244663691
32287,test,-1.787002,2.2320404,0.9451080044496215
35072,test,-2.2679167,2.5173492,0.9671431990127484
7527,test,3.2747078,-3.5817194,0.008446901739406914
38226,test,0.15755789,-0.20102216,0.44575663492922524
235,test,0.53754926,-0.61812174,0.3152495294232792
15571,test,-1.9039091,2.0234346,0.9416818784021673
35137,test,-2.3908112,2.751037,0.9742127275864811
48391,test,0.5468536,-0.3976711,0.3479833968465059
29297,test,-0.9487278,1.2801267,0.8310426200997302
16983,test,-2.5005548,2.820941,0.9771899201081847
42808,test,-2.89998,3.1764414,0.9864246009567256
2564,test,-3.024831,3.399623,0.9893280248063773
3466,test,-2.9325523,3.258635,0.9874592107556691
10753,test,2.983086,-3.4109557,0.011636963378380685
34076,test,-2.8378272,3.3171263,0.9871412640463199
29380,test,-2.3990903,2.7333024,0.9740459563021794
7998,test,-3.1160927,3.4571009,0.9903729334573402
11525,test,-1.8427249,2.1836522,0.9453737083977002
43323,test,-2.054099,2.464364,0.9606631014524832
32103,test,-1.6509758,1.8660551,0.9237616469782401
32395,test,-1.8440682,2.1126227,0.9427996516864867
5203,test,3.238773,-3.5698383,0.00873184858599677
39353,test,-2.7563868,3.1672769,0.98491593074965
27075,test,-0.5482035,0.69755155,0.7119746383317805
5522,test,-3.1872773,3.5345507,0.9913157981015553
10672,test,-2.1230543,2.2269032,0.95595625896384
31575,test,-2.6135902,2.920035,0.9802749028483645
24719,test,-2.297073,2.6109328,0.9697660559822779
42299,test,-1.5257775,1.6219896,0.9034494157316685
13115,test,-2.147274,2.3957431,0.96130738261781
15411,test,-2.5472898,2.9645898,0.9799784677109955
11200,test,-1.4210502,1.5691808,0.8933950070121736
32443,test,0.2229141,-0.11171405,0.4499017827927377
31860,test,-0.9202215,1.0428584,0.8032966265547231
16206,test,-0.4146059,0.63959783,0.6837226615690315
13891,test,-1.9983548,2.158433,0.9498999854162349
36235,test,-0.3128405,0.4172689,0.6327678275414601
43973,test,-1.3403498,1.5741477,0.8882406598883562
25752,test,-2.2575154,2.4713616,0.9658657312415893
29569,test,-0.27154166,0.35679072,0.6160648840488024
37022,test,-0.030672535,0.06681686,0.5253178661974085
1900,test,2.426991,-2.8228612,0.025553864882496027
17045,test,-0.6738159,0.70744306,0.7310249033991243
36224,test,-1.6987966,2.0028687,0.9323782733847378
6816,test,-3.154422,3.4903092,0.9908387579885687
34936,test,-2.0857902,2.3154328,0.9574424372471599
41772,test,-2.1117601,2.3276083,0.958517052272681
34164,test,-2.482654,2.901647,0.9781494002673831
26994,test,-2.0344722,2.4680076,0.9602381935340562
7650,test,-3.1512823,3.4719172,0.9907009511197015
11770,test,-2.8036368,3.1177535,0.9848922753463117
13583,test,2.6422665,-2.82859,0.021972315521288113
33684,test,-2.4590125,2.6913817,0.9743625626012248
12741,test,2.5361118,-2.7793207,0.02443552253041889
42540,test,-1.7019211,2.029232,0.9336679025703896
31967,test,-2.458771,2.901894,0.9777930312088146
39844,test,-2.2461348,2.7224336,0.9709843635457464
32158,test,-2.639241,3.0910828,0.9827679932305005
25472,test,-2.0223453,2.182745,0.9514845362632726
13192,test,-1.7177742,1.961873,0.9314002050470135
34278,test,-0.07249792,0.21789123,0.5588171045964316
37657,test,-2.6573458,2.9473355,0.9812138630107798
16732,test,1.8016723,-2.1164317,0.06244253343394665
40012,test,-2.8551283,3.2513618,0.98670353925298
45237,test,-0.21099211,0.33649668,0.6025972466464067
14707,test,0.051749825,-0.16157074,0.4709905863286201
7293,test,2.0772955,-2.2257876,0.04840822679794585
17063,test,1.4956341,-1.59612,0.10614906699065597
5024,test,-3.1925654,3.525533,0.991293298442836
16711,test,-0.19772905,0.053668726,0.5520788983376833
38236,test,-0.40451232,0.4487358,0.652555280550678
15572,test,-0.017807646,-0.06606816,0.49983807593998386
37200,test,-1.51339,1.657016,0.9048226822019765
27046,test,-1.2044387,1.3217323,0.8582848762262362
3731,test,2.844472,-3.1745152,0.01507727646565483
14313,test,-0.7470711,0.9007796,0.7660980271190445
28777,test,-1.8629242,1.9854268,0.9385706309140972
31193,test,-1.5147353,1.687403,0.9067181254922722
36717,test,-0.3078887,0.33483005,0.6184435912363063
49439,test,-0.033155408,0.054941718,0.5236784731852737
6289,test,3.2779813,-3.509667,0.008859758812684896
48786,test,0.1044724,-0.12767915,0.4677081738750297
14581,test,1.9443271,-2.1898723,0.054152878792280076
37299,test,0.013552156,-0.01681534,0.502968732932039
35576,test,-1.1716777,1.2064196,0.8452059780685419
16885,test,-1.09801,1.1711661,0.834968051204581
31889,test,-2.6806746,3.0827527,0.9831559893327426
26766,test,-0.5003094,0.6025588,0.6910412299213748
453,test,-0.35554996,0.4872134,0.6508897117203516
30142,test,-0.33764476,0.42623892,0.6382431172551515
1221,test,-0.31020138,0.24094237,0.6032096574571578
10686,test,-3.0302348,3.3325791,0.9888628011109222
33924,test,-2.3720522,2.7275147,0.9734588027079535
37676,test,-1.6034636,1.8503213,0.9205852506254778
29260,test,-2.7319396,2.9875393,0.982638983277134
38172,test,0.43855864,-0.5539173,0.3404083885122771
33217,test,-1.4072509,1.7226552,0.9023535139537833
17094,test,-2.2589383,2.6111825,0.9689788961861819
45925,test,-0.88460803,1.0337448,0.7983033949836463
5730,test,-3.0660186,3.4973006,0.9903068199362027
6519,test,3.1933289,-3.5215597,0.009318288901522625
29283,test,-1.8726938,2.012804,0.9400525801526916
47169,test,0.12691115,-0.045830008,0.4780721130742814
13841,test,-0.54431313,0.72034997,0.7146806852898825
3338,test,-2.0465634,2.3021436,0.9559193953503717
26174,test,-1.1809032,1.3924115,0.8622508084716354
17100,test,-2.4531791,2.8554149,0.9769877836394766
41428,test,-2.321903,2.6393602,0.9708399738969266
5392,test,-3.0494618,3.4490247,0.9898614286994019
43105,test,-2.3493052,2.6512313,0.9716081095596429
7055,test,3.2880163,-3.565938,0.008461409564762271
43610,test,-2.6478767,3.026946,0.9820976919354726
13926,test,-2.2637954,2.4794455,0.966195614033719
37109,test,-0.50342077,0.5738958,0.6872102110578467
35353,test,-2.4413874,2.7844443,0.9756489102498812
38736,test,-2.3315911,2.6389225,0.9710226953884259
16100,test,-2.158592,2.453328,0.9630616914399981
38912,test,-2.610258,3.0113056,0.9814304265310245
47947,test,-1.2060415,1.3744153,0.8628434291401545
30585,test,-2.067155,2.3515687,0.9579387189061728
12142,test,1.9555888,-2.1729708,0.05435540755528093
6419,test,3.0593877,-3.35818,0.011449104263176085
33055,test,-1.2106061,1.3749746,0.8632672740981022
2319,test,2.828305,-3.2666628,0.014307635475904261
39304,test,-1.0497034,1.084956,0.8215831343088201
1540,test,1.0458992,-0.97829217,0.2004409823778604
24637,test,-0.50248855,0.5831317,0.6884580373257667
10874,test,-0.48051792,0.45394212,0.6653277311250364
33417,test,-1.818479,1.9758862,0.9363557832537514
41031,test,-2.8249044,3.1436896,0.9853760471898559
32062,test,-2.2435513,2.5577402,0.9674977441891256
1271,test,-1.9817604,2.2425904,0.9521030156421267
32294,test,-1.7859161,2.0723987,0.9389714558476754
13986,test,1.1113375,-1.2088345,0.16928708542262327
5850,test,-3.0915854,3.4486938,0.990150802135794
38051,test,-0.10913906,0.12272927,0.5486966008894512
25527,test,-0.8568037,1.1235553,0.805200471576904
33195,test,-1.803604,2.1877408,0.9440936294017906
3913,test,3.0962124,-3.5157962,0.010007012545674009
43650,test,-2.0732276,2.1624289,0.9524625603390429
26210,test,-2.0546362,2.324565,0.9568099926102178
47279,test,-0.81616795,0.82825947,0.7656684378999853
3673,test,3.263521,-3.522922,0.008867168757498376
38056,test,-1.9956405,2.2310703,0.952178280821101
14189,test,-1.4661622,1.7417368,0.9070585706588477
11710,test,0.3278375,-0.36431286,0.38905498904417346
47695,test,-1.2108895,1.2503184,0.8526642083709639
34096,test,-2.3786666,2.833343,0.9754180221126145
29697,test,-0.7566108,0.23952048,0.6748688617813396
26820,test,-0.7955977,0.8523279,0.7661074156728643
32665,test,-2.481648,2.8006425,0.9765702453069302
12342,test,1.3508233,-1.5297178,0.12101288765147798
44206,test,-2.7747521,3.1794767,0.985230462425275
44707,test,-1.8973464,2.015503,0.9411222859753549
5753,test,3.2867885,-3.5656626,0.008470240748333866
49003,test,-0.7310579,0.61333066,0.7259208917984382
42166,test,-2.5287843,2.9064794,0.9788988564877972
4680,test,-2.921885,3.2571425,0.9873533851240066
28668,test,-0.06966267,0.26788503,0.5669376267032031
10698,test,-1.6595284,1.7346547,0.9174816564222009
13347,test,0.9684897,-1.1852479,0.18630417481452793
29318,test,-2.4616232,2.7884488,0.9760487308623607
13534,test,-1.2056447,1.2871498,0.8554198094658836
4647,test,2.9809422,-3.1975327,0.013506376359158152
43566,test,-2.6439552,2.9130607,0.980588966372531
24898,test,-0.17233819,0.15909575,0.5658867913924598
44676,test,-0.9352145,1.0908936,0.8101736202856445
34229,test,-1.5085605,1.6272374,0.9027162463324501
8814,test,-2.8027606,3.1992233,0.9857089976844401
16764,test,-1.5538573,1.5928867,0.9033869416911078
1622,test,0.18317929,-0.49180463,0.39191444928241964
43627,test,-2.2544925,2.5334136,0.9672018671922605
25888,test,-1.9295502,2.1775348,0.948218399716169
13244,test,1.1830913,-1.1470631,0.16830687294461752
44527,test,-0.9783315,1.1686745,0.8228462482859497
26587,test,-1.2348421,1.466657,0.8725642450842312
34182,test,-1.2907507,1.6395597,0.8893345631200557
44173,test,-2.89678,3.2588305,0.9871471000611668
32915,test,-0.15586028,0.36153334,0.5975425500399101
40632,test,-2.7211223,3.058099,0.9833380685010097
1307,test,2.8708432,-3.1758604,0.014791912545881348
51027,test,-2.170369,2.4427114,0.9630905706975111
38344,test,-2.4779642,2.9084067,0.9781803384229951
910,test,-1.9102615,2.158915,0.9469001243519356
13309,test,-2.204201,2.560585,0.9666846653352299
14955,test,0.85833657,-1.0172299,0.21763150299152845
4380,test,-3.04802,3.3360198,0.9890252213652257
4978,test,-3.225974,3.5758023,0.9917844824355657
14008,test,-2.491531,2.774613,0.9763102824639709
45,test,1.769447,-1.7742208,0.07966004033045633
7910,test,-3.230115,3.589354,0.991884763216186
2274,test,-3.18415,3.5130506,0.991166153630195
42009,test,-2.5315335,2.9204335,0.9791389802443263
32013,test,-1.3280991,1.6205896,0.8905941348926119
34975,test,-2.789836,3.1211128,0.9847831542057596
39672,test,-1.9391214,2.245693,0.9508252652548819
39778,test,-2.7113266,3.089309,0.98358185280929
27181,test,-1.3425488,1.5690259,0.8880374376220327
30756,test,0.5517379,-0.7565262,0.29266305271973825
40442,test,-2.3031306,2.5797884,0.9692470089783706
2257,test,2.6316283,-3.1007032,0.0183653578595584
26380,test,-1.0281209,1.1242878,0.8233967641604347
831,test,-2.315712,2.6160953,0.9702506620406955
46683,test,1.3237175,-1.5720084,0.11988701539929268
42828,test,-2.2152395,2.5763845,0.9672843099987957
2136,test,3.0185578,-3.416736,0.01130954235054578
43772,test,-2.5946102,2.963423,0.980602514104191
12584,test,-0.11526952,0.24843915,0.5714272748944804
24768,test,-1.3225652,1.5097116,0.8823994575703415
8584,test,-3.0616639,3.4643848,0.9900531997370248
29087,test,-1.4433402,1.6853746,0.9022800284311232
49076,test,-0.09386842,0.120733604,0.5457024922034096
31470,test,-0.6742639,0.6757025,0.7266969001424834
3520,test,-2.9909108,3.3160667,0.9884241015953058
30508,test,-2.4863396,2.8249254,0.9770297741930448
1247,test,-0.376752,0.47326717,0.6520427351243561
4317,test,3.2107174,-3.5308416,0.009147544899776594
14934,test,2.6648512,-2.9712176,0.019620174215976526
30847,test,-0.65389794,0.737155,0.732370553346199
36171,test,-0.48293522,0.3682228,0.6522235518951586
4968,test,-2.894062,3.2324572,0.9868861979268458
16022,test,1.9718803,-1.9738319,0.06132086917797264
6987,test,2.9535441,-3.3977334,0.011986276521721314
5543,test,3.0131445,-3.3821921,0.011626544987391688
463,test,1.9272361,-2.2274837,0.053421963998659505
4635,test,3.3404207,-3.5762038,0.008101246921422247
44078,test,-1.2707932,1.533038,0.8803177923311191
42956,test,-1.85439,2.2172453,0.9469865824350518
34818,test,-2.3839753,2.6280518,0.9718291124590026
37422,test,-0.29854673,0.41351923,0.6298285274489909
11826,test,-2.0320458,2.2773924,0.9547467116336048
39856,test,-2.1985939,2.6089325,0.9676346818513343
40390,test,-2.3275733,2.5819738,0.9697976690847473
16936,test,-2.465983,2.658061,0.9738978329082775
42077,test,-2.7257366,3.0404348,0.9831877651839744
12940,test,-2.6600077,2.9330153,0.98106287055345
3909,test,2.8065264,-3.1587276,0.015646030669709276
15593,test,-1.749157,1.9554372,0.9325073976516879
39661,test,-2.0524764,2.4529705,0.960317403866718
32499,test,-2.2022514,2.5318503,0.9659860812783818
8929,test,3.0856137,-3.4135985,0.010820116969754472
43363,test,-2.2534719,2.4360037,0.9649448052037909
11886,test,-2.028887,2.3371556,0.9564278179211838
35396,test,-0.78137857,0.7834967,0.7555316977303428
39,test,-0.5288058,0.6892093,0.7079770710109659
39139,test,-2.2151494,2.442796,0.9641906536977547
5878,test,-3.0820243,3.4774418,0.9902808999065502
38339,test,-1.2027751,1.167663,0.8445033587220887
48730,test,0.30551517,-0.40298596,0.38633847156736134
10574,test,-1.6074251,1.7376332,0.9148410716968383
35679,test,-2.1163583,2.2330666,0.9559405612616608
38374,test,0.35196367,-0.21778224,0.409600003735856
39451,test,-2.195954,2.3413677,0.9611588486504931
406,test,2.8451858,-3.150479,0.015321594493654517
35316,test,-0.47676417,0.7004098,0.7020326470373172
28153,test,-0.1780154,0.3563806,0.6004008422211552
37002,test,-0.6388924,0.6552668,0.7188714116423399
8607,test,2.2529254,-2.4718986,0.03648700984910033
16585,test,0.5553857,-0.56683743,0.32032450948295516
40630,test,-2.2368941,2.501882,0.9660934088896358
8309,test,3.007166,-3.35359,0.011907971312396246
49370,test,0.100217514,0.019407483,0.4941432436377731
11163,test,0.8381373,-0.9126182,0.23287083162738115
8576,test,-3.0945563,3.2813804,0.9889634958138341
32124,test,-2.0051851,2.286406,0.9542039739428826
16033,test,-0.8896505,0.90479,0.783978168568888
15853,test,2.4008157,-2.7476163,0.02738215191823728
912,test,-0.2039998,0.29905522,0.5951269004347537
27556,test,-0.93086034,1.0608318,0.8064415676693812
1664,test,0.9642467,-1.205675,0.18459319542386068
47552,test,-0.23075308,0.3673424,0.6110473552017331
25339,test,-1.4829093,1.6045593,0.8997050865556662
41845,test,-1.8543736,2.206782,0.9466171636633691
12239,test,0.2869492,-0.3528517,0.3977980273998681
12560,test,0.6485444,-1.0678781,0.23719087736655642
32854,test,-1.5787812,1.9999336,0.9267469096399805
43771,test,-2.4777586,2.9469326,0.9787454741918504
4575,test,3.093672,-3.4795074,0.010279850780684037
12382,test,0.5879939,-0.6581173,0.3017483199000696
40043,test,-1.938985,2.2800088,0.9519317504949194
42100,test,-0.36554086,0.6239094,0.673842048859814
40005,test,-2.144104,2.5187762,0.9643097089190555
33491,test,-2.1437278,2.5807323,0.9657636675104503
5713,test,3.2585928,-3.5328383,0.008836539781691926
36016,test,0.031792987,-0.11349775,0.4828676729822259
39547,test,-2.0126305,2.4687858,0.9596715075735097
40769,test,-2.1630802,2.3671613,0.960973431712031
42944,test,-2.319326,2.6858706,0.9716979418219716
3066,test,-2.6719174,2.970361,0.9816928060354285
32865,test,-2.7587361,3.051138,0.9836859393865542
30646,test,-2.0354614,2.297247,0.9554451688958742
6812,test,-3.1176178,3.4827414,0.9905525252308937
14349,test,-1.2127942,1.4588829,0.8702253189265231
48601,test,-0.090104,0.07545339,0.5371804501911609
25052,test,-0.6846023,0.69099903,0.730245627623692
42187,test,-1.5766867,1.7299198,0.9127209618275748
34519,test,-2.4786112,2.8332026,0.9770383931693133
12361,test,0.2731351,-0.45149916,0.3836650302678523
4105,test,3.2698755,-3.5410867,0.008717619396524792
26718,test,-0.43310055,0.51499313,0.6674490016484973
15705,test,0.3272678,-0.56827134,0.3558019913263535
26232,test,-0.3872936,0.6376279,0.6792743854823012
8419,test,3.232585,-3.5787973,0.008715079036064662
39396,test,-2.3795002,2.831963,0.9754088502390975
28524,test,-2.9456491,3.3089576,0.987997129384227
470,test,1.166309,-1.4363989,0.14326577027659507
11692,test,-2.6371458,3.004377,0.9816832972687566
40477,test,-2.8713923,3.3074596,0.9873518494561012
4781,test,3.2051954,-3.5277212,0.00920253144570127
46820,test,0.63969564,-0.59660876,0.30319639509013147
34680,test,-2.35214,2.6346157,0.9713408371009851
13628,test,-0.69138575,0.8745163,0.7556644072338778
1547,test,-2.1740024,2.3679621,0.9612799715742453
31960,test,-2.605609,2.9072487,0.9799918930019804
10571,test,-2.5811684,2.9028077,0.9795916856842732
15716,test,-2.235715,2.3793383,0.9631396221262774
30375,test,-2.271854,2.5528307,0.9680086584157135
45503,test,-0.46777502,0.64489436,0.6925038419707009
4833,test,3.258152,-3.5600448,0.008673973329732954
82,test,-0.6685913,0.862218,0.7511012749325773
3690,test,-3.0433948,3.3951697,0.9894317893967287
42179,test,-2.153846,2.4468784,0.9627819449190216
32439,test,-2.8397055,3.1376977,0.9854646230866656
11766,test,-0.93001735,1.1653839,0.8175200063241511
15040,test,-0.28288677,0.0813681,0.5715208908069098
26458,test,-2.572204,2.8940735,0.9793425774035599
43090,test,-0.25068974,0.41278204,0.6218649890665192
6779,test,3.3031693,-3.56338,0.008387774493576937
27314,test,0.09595619,-0.15117301,0.4650994132718582
30616,test,-1.5350426,1.7908038,0.9137876910905104
6303,test,2.873979,-3.312836,0.013428824984886387
40778,test,-2.7548294,3.0815747,0.9839812490935511
43036,test,-2.7499075,3.0565066,0.9836470338477715
44057,test,-2.7781947,3.1311238,0.9847660465119275
8776,test,-2.9170742,3.2186024,0.9869688837419154
6362,test,-2.9954526,3.3888416,0.9890271555297766
4250,test,-2.499529,2.789438,0.9766769210930628
14883,test,-2.6567867,3.0692763,0.9827174203214807
14013,test,-1.5379254,1.7745656,0.9130484755066589
30674,test,-2.5390222,2.7130842,0.9760819940841658
46188,test,0.9602111,-1.1764103,0.18812697212863955
32208,test,-1.6311597,1.715862,0.9149480630701169
13178,test,0.37257516,-0.4044026,0.37504014307290784
37225,test,-0.14722507,0.076745376,0.5473274711396046
8492,test,-3.2111552,3.585174,0.9917533614916341
4989,test,3.0766907,-3.472634,0.010451106766454025
49658,test,-0.14098361,0.053408448,0.5421937439510637
25740,test,0.44357294,-0.58525354,0.33471959612903573
15206,test,-2.8491488,3.0309117,0.9844557874229533
15379,test,-0.8718557,0.9849891,0.7912830179122301
48700,test,-0.6953834,0.7427033,0.7387729603903359
46838,test,-1.2074913,1.6015083,0.8806983650372111
4170,test,-3.0813198,3.454939,0.9901233236358008
26036,test,-1.5048499,1.6693538,0.9050513342146022
34638,test,-1.4171661,1.8274901,0.9092047024945921
47769,test,-1.5435207,1.7480338,0.9118781131858252
38831,test,-2.798347,3.142426,0.9850927988351766
44313,test,-1.9018111,2.1038547,0.9446202928388981
9070,test,-3.1832218,3.4805007,0.9909586242083467
28001,test,-0.09423049,0.20462477,0.5602773855893775
5698,test,-2.0057125,2.1866088,0.9510703383074064
32859,test,-2.46955,2.9161675,0.9781705744214748
24549,test,-2.2594383,2.5922492,0.9685887550728232
33184,test,-1.7812257,1.99982,0.9357979925036684
6063,test,2.5552793,-2.899512,0.022215235730625386
35904,test,-0.25489214,0.29560247,0.6031009136804866
42038,test,-2.7065804,3.0725894,0.9833374779649903
39177,test,-1.6002465,1.8286753,0.9193037561906149
30012,test,-1.772698,1.9543381,0.9334892300385268
1368,test,2.7382832,-3.0812378,0.0172969941514223
15570,test,-1.8576277,2.1260374,0.9438092656311671
32493,test,-2.5599504,2.857264,0.9786363446144237
30718,test,-1.454415,1.6062855,0.8980018825555832
44592,test,-2.5120525,2.834546,0.9775782571407177
48497,test,0.20410456,-0.25880614,0.42779614711524394
36120,test,-1.4320978,1.7168776,0.9035231558888909
34966,test,-2.6051607,2.9403367,0.9804349272544127
1195,test,1.7625377,-2.0319319,0.06770410369651576
50664,test,-0.78293157,0.98840773,0.7812274750601819
48708,test,0.062772065,-0.07195724,0.48471363372134607
29181,test,-0.761663,1.0411955,0.784974264774224
40560,test,-2.4435496,2.7465992,0.9750484891757817
39105,test,-2.852859,3.2741938,0.9868910300022018
35418,test,-0.4678034,0.5651998,0.6805053788676497
11650,test,-1.868263,2.0869255,0.9427429205977905
11022,test,-0.709242,1.0070325,0.77456954312217
42931,test,-2.326481,2.5168476,0.9684102823390128
204,test,-1.1872736,1.2384174,0.8495140022734338
44540,test,-0.5324765,0.7274334,0.714001858644683
2916,test,-3.030624,3.414156,0.9894771777326726
16946,test,-0.7542075,0.8949676,0.7662640821482993
27974,test,-0.39046517,0.47221687,0.6540507358458763
4277,test,2.9771767,-3.2293568,0.013247214144676417
24745,test,-0.031982876,0.13225953,0.5369516356763067
36366,test,-1.5619738,1.6571687,0.9077198348716726
7839,test,3.2702506,-3.552352,0.008647499782058391
905,test,-0.91790754,1.1395098,0.8135206859385004
34651,test,-2.2552252,2.474133,0.9658768310958111
42953,test,-1.7523471,2.0116622,0.9350779127364565
3245,test,3.0930648,-3.4649422,0.010388451534214674
15041,test,-0.7958335,0.6072304,0.7340149643260899
5610,test,-3.1235604,3.5581052,0.9910704469971309
25658,test,-2.1922083,2.3929548,0.9623897196566548
28789,test,-1.2299222,1.4177978,0.8683200013626728
28168,test,-1.4559075,1.7381735,0.9062400737057396
7021,test,3.1391385,-3.5051398,0.009785728243143823
13012,test,-2.5984287,2.85674,0.9791847010859284
35932,test,-0.6397881,0.65454024,0.7188953283391263
30347,test,-1.6862468,2.062575,0.9344296480396936
38689,test,-2.3641875,2.7964897,0.9745417261149368
49182,test,-0.9767181,1.1288174,0.818575716095528
49704,test,-0.036356017,0.23347741,0.5552673529440705
14293,test,2.441514,-2.4918056,0.03169005570710352
1465,test,-1.7475398,1.9912156,0.9339966566418821
40686,test,-2.4864721,2.7526498,0.9758689184666358
43342,test,-1.9319118,2.2254026,0.9499175240721763
48590,test,-0.11322651,0.19758056,0.5623371187868111
44352,test,-2.2420917,2.645226,0.9693386361523827
29884,test,-2.3603463,2.7088573,0.9729042034624986
42443,test,-2.6639094,2.9753282,0.9816545195105192
6430,test,-3.169735,3.5042632,0.991022831086925
15409,test,0.9738137,-1.0851023,0.19657445570411572
26002,test,-2.1227217,2.3397446,0.9591550798083972
30547,test,-2.8969548,3.1827538,0.9864553730644695
13119,test,-1.5223478,1.7101887,0.908502052024497
27024,test,-1.4171144,1.4695934,0.8862953298449197
42569,test,-2.6246448,2.9402447,0.9806935762078236
32314,test,-2.230221,2.5394197,0.966793914423312
26619,test,-0.056525994,0.19511239,0.5521205399562388
31258,test,-2.1268778,2.2972875,0.9580919022586608
6536,test,-3.1695247,3.547875,0.9912890763004002
29828,test,-1.8705982,2.3239307,0.9511421882807111
15430,test,-1.1297544,1.292333,0.8491913014603903
2531,test,2.7434,-2.9756966,0.018533092939416705
8707,test,3.1249504,-3.4806895,0.010051266151568962
42412,test,-2.2455955,2.5008674,0.9662691877015173
47722,test,-0.00468153,0.025982024,0.5136438155453245
46579,test,2.518296,-2.9039764,0.022715012094704244
31390,test,-2.4598696,2.5465453,0.9717213815418011
26428,test,-2.598736,2.9414177,0.9803630589115745
34566,test,-1.8070089,2.0535297,0.9390605831645603
35476,test,-1.1960245,1.133343,0.8406912803835145
38243,test,0.21479757,-0.3292057,0.4139638804719001
28374,test,-0.38012263,0.42360586,0.6446565780781018
28228,test,-0.370128,0.30483666,0.6237545493320255
14117,test,-1.6904594,1.7677342,0.9208105286868674
13029,test,-0.92867875,1.1237575,0.8129912470402838
28123,test,-2.209755,2.5288246,0.9660888992489417
36008,test,-0.5138897,0.43469638,0.667525482815013
43337,test,-1.0029881,1.2563119,0.8340134076260891
34894,test,-1.1904013,1.293023,0.8546068554483864
38265,test,0.0055519915,-0.10566099,0.48882531592517237
25868,test,-2.1126919,2.3967233,0.9604231037065397
9088,test,-3.1462169,3.460073,0.9905912892871109
14592,test,2.8908656,-3.0907865,0.015470258647612431
4255,test,3.280784,-3.5761957,0.008443664209434805
11988,test,-0.71843,0.70132464,0.7362893400875486
27378,test,-1.3787707,1.3612349,0.8755309533944203
49533,test,0.31551066,-0.36243093,0.39142124660726463
607,test,2.9182928,-3.138716,0.014687174354784628
48913,test,0.15982908,-0.21568407,0.44283068179809615
40290,test,-2.6024225,3.0627785,0.9819789100980865
26767,test,-1.799817,2.0445812,0.9384109333490458
8506,test,-0.34083435,0.18402512,0.5987984724817617
8752,test,-3.2455187,3.5952563,0.9920039148787602
46720,test,-0.5787435,0.78892076,0.7291499839085984
40565,test,-1.7583362,1.863138,0.9287527265680567
42302,test,-2.4768853,2.8794959,0.9777278360891519
25938,test,-0.8638517,1.0744358,0.8005404807060842
42738,test,-2.76899,3.059516,0.9838938882619483
32736,test,-2.5022585,2.8364758,0.9774572986829673
25556,test,-1.3679045,1.6993815,0.8984232730060846
138,test,-0.30257937,0.33274224,0.6172212191430401
40742,test,-2.3655782,2.6824372,0.9725105334336872
14118,test,1.1423236,-1.3986845,0.14864800099763922
38392,test,-1.1933106,1.4836823,0.8706448916502717
40821,test,-2.6065793,2.935746,0.980392295295305
13487,test,-0.5883376,0.55512303,0.6970735807407508
40520,test,-1.0509719,1.3206998,0.8446166969763531
6710,test,-3.166584,3.5256753,0.9911358227097402
33889,test,0.4936682,-0.8619551,0.28584905806200617
7109,test,3.1840348,-3.540725,0.009254728365185837
36774,test,-1.6454184,1.7289654,0.9164264784309983
9034,test,-3.1428885,3.4609942,0.9905755751761084
49451,test,-0.040032063,0.044685062,0.5230883772617041
30369,test,-2.5193586,2.79847,0.9771326432474676
47932,test,-1.0340426,1.1180989,0.8233695624273722
2196,test,-3.0595953,3.42374,0.9897544556276847
44093,test,-2.0598972,2.3271382,0.9570360052464205
49312,test,0.07083459,-0.15697618,0.46846457447537426
27051,test,-1.7130071,1.848432,0.9259218532661846
40081,test,-2.8201017,3.1876626,0.985765874771904
26048,test,-1.1055568,1.1933656,0.837816809678908
38305,test,-0.13958944,0.087403804,0.5478515717154515
37987,test,-0.5586113,0.72096545,0.716804257543713
34610,test,-2.3052998,2.7156563,0.9719996934675144
49142,test,0.069880694,0.062500894,0.5069904065597645
12576,test,0.88336986,-1.2068478,0.19313759635921757
10970,test,-2.0174687,2.1622565,0.9506584624273174
13047,test,1.3107618,-1.5438598,0.12295574331889128
25253,test,-2.1943426,2.5745497,0.966777095198655
5787,test,3.244274,-3.522594,0.008988385673435286
42586,test,-2.5342617,2.6551628,0.9750361532344097
5702,test,-2.98238,3.323687,0.9884168080321389
11979,test,0.35688037,-0.52985317,0.35721579257808755
30019,test,-2.3530583,2.5172505,0.9689828533008262
3004,test,-2.5385194,2.6632366,0.9752453644032592
28529,test,-0.68573505,0.9027499,0.7585707820127595
12593,test,0.3583591,-0.5814829,0.3487273543967518
38653,test,-1.5500022,1.6682552,0.9076679317809887
4238,test,-3.0970948,3.3860173,0.9897528717251597
15340,test,-0.43314853,0.37685987,0.6456627462121286
39962,test,-2.2090542,2.444879,0.96409357703332
11743,test,2.3940654,-2.775996,0.02698187046824521
33012,test,-2.1814299,2.3583639,0.9612233832580539
10524,test,2.4469228,-2.9379182,0.02330389269520724
16334,test,-1.5653396,1.6127952,0.9052874923773123
27434,test,-1.1279901,1.3390888,0.8531796623856092
8894,test,-3.1320815,3.4088411,0.9901551931627575
35892,test,-1.2931739,1.3892394,0.8710715357396348
27159,test,-1.1493025,1.3851753,0.8589905378214948
49027,test,-0.3584854,0.26396936,0.6150914446439004
1408,test,-2.1967287,2.4442847,0.9637792434976378
49215,test,-0.4925358,0.3810016,0.655767751537787
27312,test,-1.4411607,1.7540072,0.9063046915964629
42594,test,-1.6161289,1.8238342,0.9198751580434729
3617,test,2.815516,-3.1263466,0.015900173390589713
47122,test,-0.69145066,0.6725296,0.7286404844314449
40041,test,-2.5663211,2.5911336,0.9744857117628909
16993,test,-2.3296218,2.7090783,0.9723357056698152
3916,test,-2.8397765,3.1386776,0.9854751550838386
6084,test,-3.2117999,3.5537496,0.9915752992117264
41451,test,-0.9726639,0.95795566,0.7996821829456395
27514,test,-0.3003461,0.42642564,0.6322248555913379
3206,test,-2.958438,3.2872033,0.9879224910119859
28225,test,-1.6414648,2.0464656,0.9317696851890739
48517,test,-0.07869213,0.16638157,0.5509841453465021
31886,test,-2.6629148,2.99926,0.9819413913988929
37164,test,-1.3759824,1.4317206,0.8806029933013146
29536,test,-1.5179822,1.9822389,0.9229289656467443
15021,test,1.466743,-1.5198693,0.11333600888553909
35890,test,-0.52949613,0.51512367,0.6822704098065618
33624,test,-2.387608,2.7166584,0.9735436479454685
25525,test,-1.8323822,2.0324016,0.9392303826936969
3002,test,-2.6009746,2.8725903,0.9794455047274645
14279,test,-0.304213,0.35147,0.6205823092711983
10570,test,-2.8890119,3.284238,0.9873027948461804
47558,test,-1.0140702,1.1440932,0.8239816527006584
5485,test,2.8951054,-3.3088362,0.013270946607074839
11154,test,2.4688394,-2.781164,0.025551230743002015
1613,test,0.15107161,-0.03740189,0.47532545369546986
12917,test,2.273448,-2.4946458,0.03543719706800724
30893,test,-1.5763147,1.9787033,0.9256130220036974
24783,test,-0.23243354,0.2812139,0.5969118780611492
48676,test,0.16867301,-0.026571346,0.4741438005900316
42516,test,-1.5864836,1.7296776,0.9132521884494762
11071,test,-1.0468985,1.3137836,0.8436046257702974
29668,test,-0.32600844,0.35112426,0.624110578301151
40776,test,-0.7483021,0.69562954,0.7395616347736542
49791,test,-0.8933244,0.8645937,0.7796178483131526
29135,test,-1.0809139,1.3882351,0.8533610493800975
7765,test,3.2929626,-3.5980244,0.00824670981277736
1815,test,1.6399864,-1.9576433,0.0769348197302541
13100,test,-0.8974157,0.8945282,0.783682106462298
39155,test,-2.204817,2.3894277,0.9626191024603895
13403,test,-0.7776478,0.9111321,0.7711918162925272
14557,test,-0.13378853,-0.186529,0.4990542311294101
1079,test,2.6898346,-2.774256,0.022074303501186315
27844,test,-0.7378543,0.89897656,0.7647131865048069
4973,test,3.2278042,-3.522012,0.009095313802430605
6631,test,3.218986,-3.5545616,0.00894683841245996
35021,test,-2.636804,3.0150776,0.9818132063372912
46773,test,0.1589002,0.21066464,0.5173322210566764
44029,test,-2.4268165,2.6550937,0.9731376513272803
47128,test,-0.22091137,0.2948675,0.5972707418307828
31983,test,-2.8581374,3.1184878,0.9854568219823413
297,test,-2.0725913,2.3253589,0.9573490092528566
26351,test,-0.7874525,1.0808939,0.7926093296614287
43060,test,-2.3374262,2.495676,0.9681905950151786
4824,test,-2.9533503,3.241228,0.9874885662761708
42592,test,-2.374127,2.7480657,0.9738648753529208
5586,test,-2.139902,2.1596735,0.9544475452101517
7017,test,3.1626124,-3.4726198,0.009847266889520713
13210,test,-0.35190722,0.5259068,0.6564430840301333
26320,test,-0.5379593,0.8547588,0.7325989071450751
33361,test,-2.6562874,3.0823865,0.9828666830380768
49645,test,0.41579568,-0.4338942,0.36319044662261735
43116,test,-2.0694969,2.1477554,0.951875948371297
28475,test,-0.7311962,0.9154321,0.7659446935391927
33600,test,-1.9850746,2.2421184,0.9521936454682799
40397,test,-2.7287312,3.1888378,0.9848524291092308
49220,test,0.16113813,0.06663574,0.49174801065046253
34492,test,-0.9892843,1.2882855,0.835775949042044
27359,test,-0.36022076,0.70812804,0.6858595281596386
27335,test,-1.8892671,2.0613222,0.9425689235728643
44231,test,-2.1069212,2.3210015,0.9581973640382287
27725,test,-0.1431525,0.23321451,0.5735954872499901
12697,test,1.2808564,-1.4675242,0.13120136325688736
25148,test,-1.180097,1.2141436,0.8466783966508451
10853,test,-0.7716223,0.9007755,0.7691624148825239
31526,test,-2.1591034,2.6239197,0.9670932826927533
30212,test,-2.074406,2.3443933,0.9579408501142048
25712,test,-1.1222205,1.4729787,0.8640599222494285
10783,test,3.040976,-3.383543,0.011394172505124789
41501,test,-1.6650625,1.8915037,0.9256875973439642
40974,test,-2.2876234,2.585849,0.9690493288765006
35586,test,-2.7250757,3.1153412,0.9840254561985751
11879,test,-1.1570028,1.3968985,0.8606290877394012
47729,test,-1.3801489,1.4885509,0.8850190301736528
697,test,-0.5407266,0.6577745,0.7051455030291098
36118,test,-0.5545698,0.6007233,0.6988193928738538
17026,test,1.3026243,-1.4491427,0.1309314368522959
1814,test,0.43165457,-0.6465408,0.3270699698287565
43160,test,-1.5993954,1.7804005,0.916716122116417
3825,test,2.957878,-3.0902328,0.01477756510593768
4539,test,3.1585875,-3.452807,0.010011271772529346
16906,test,-2.2560577,2.4559703,0.9654748123447742
43481,test,-0.046279315,0.1438113,0.5414463973025938
43885,test,-2.2588894,2.3949227,0.9640906425678234
32607,test,-2.0237317,2.371289,0.9572652159292488
32710,test,-2.4212663,2.702357,0.9738903493868858
42431,test,-2.6741395,3.0865653,0.983124406378314
29480,test,-2.002118,2.3262963,0.9553170640205317
26965,test,-0.5138853,0.69600606,0.7068002260529724
6665,test,3.3448157,-3.5677328,0.008124202072046543
38201,test,-1.6013795,1.7549007,0.9154509505354809
31524,test,-1.6140171,1.8724058,0.9222392440353966
25155,test,-0.35037354,0.66477084,0.6777818028352478
32165,test,-2.6711307,3.0566928,0.9827383338594826
44439,test,-2.19441,2.5177963,0.9654789725067584
37283,test,-0.51283693,0.7589561,0.7156971165431489
28468,test,-1.712178,2.135188,0.9385308764061392
33730,test,-2.0896726,2.2346344,0.9551941929907658
3899,test,2.3713586,-2.801952,0.026922233589114334
5679,test,2.5836356,-3.0198398,0.020063794191863497
13858,test,-1.6642873,1.8809253,0.9251391362957941
29100,test,-0.2871368,0.39173278,0.6243957080375907
40252,test,-0.7340276,1.0411087,0.7816813217532983
32271,test,-1.4675767,1.7677761,0.9086657661986437
7532,test,-3.1326823,3.4887884,0.9906897980668328
30758,test,-1.6800604,1.9400588,0.9286899526173601
43422,test,0.19580428,-0.31352353,0.4198633380814302
36730,test,0.064083695,-0.06687411,0.48537293196013553
13124,test,1.1624585,-1.4588181,0.14167805258697944
41565,test,-2.63791,2.9850707,0.9814484906477157
11829,test,-1.5291134,1.8039513,0.9141848414562966
7967,test,3.3109493,-3.5243912,0.008571408438454933
39776,test,-2.3355012,2.8200197,0.974452039746056
4090,test,-3.0061073,3.3585384,0.9888769111290238
41324,test,-2.5723524,2.9065447,0.9795205003674449
28145,test,-1.9602339,2.0020554,0.9430105860880089
43418,test,-2.4340374,2.62014,0.9726255938835747
465,test,1.3796641,-1.5325462,0.1186750371802287
25746,test,-1.070383,1.3195754,0.8462889388907204
16720,test,-2.3674636,2.656376,0.9720545643742675
8393,test,3.3072438,-3.5634828,0.008363492724364843
49551,test,-0.67081565,0.86049485,0.7511668399995503
32337,test,-2.5764308,2.8002484,0.9780350959598727
31382,test,0.052883163,-0.02699153,0.49430687540884805
6444,test,-3.2036095,3.5472765,0.9914891351817777
13114,test,-2.0325947,2.3751535,0.9576281313672347
376,test,2.7879453,-2.9117725,0.01878141083393627
29676,test,-0.21244718,-0.0189758,0.5420337983288382
33355,test,-1.6569173,1.7391137,0.9175795215602597
40696,test,-1.0246562,1.021165,0.8122863491197381
15191,test,0.24618484,-0.36555296,0.4025123083886378
36109,test,-0.38855562,0.3572907,0.635323365375562
261,test,-1.0029639,1.2532276,0.8337120172192941
14749,test,-2.5636392,2.8121655,0.9780219438016088
31753,test,-2.7409503,3.159132,0.9846687689938801
34047,test,-2.3299932,2.543861,0.9690573403010637
12316,test,1.1021256,-1.3734109,0.1545406299098006
31135,test,-1.9729909,2.1838415,0.949901470353552
36771,test,-1.0986617,1.1167947,0.8297219089687919
699,test,-1.161465,1.2964872,0.8523777352996631
40818,test,-0.6355067,0.7177986,0.7271607574460159
41988,test,-2.5514762,2.9582357,0.9799486793624687
47682,test,-0.9756473,1.2662562,0.8323210610423469
39903,test,-2.563769,2.804987,0.9779156562506254
16847,test,1.9949436,-2.0925066,0.055853373253240905
30509,test,-2.6419902,3.0684824,0.9825311253011791
26554,test,-1.2853757,1.294279,0.8627769860333372
28185,test,-0.8537268,0.94539887,0.7845329712439635
12585,test,0.1466694,-0.3416893,0.4234421474088559
8345,test,3.2591722,-3.4749448,0.009194874254622228
12149,test,-0.24741384,0.19209361,0.5843668669049613
37290,test,-1.6217163,1.7696548,0.9173325346218293
42452,test,-2.6168377,3.001596,0.9813904619771998
4501,test,3.3287635,-3.5706644,0.008198533618756325
24597,test,-1.7817861,1.98424,0.9351635473778237
34717,test,-1.6066035,1.6498967,0.9098866776013579
14187,test,-1.3627719,1.7860692,0.9035149593660653
5763,test,3.278743,-3.5698364,0.008493028223936336
33842,test,-1.2993498,1.4012082,0.8724909838382492
38333,test,-0.69646955,0.85018677,0.7531689005074441
12794,test,-0.15485148,0.26432374,0.5809065812894094
31578,test,-2.1143565,2.3199034,0.9583746556183471
15601,test,1.9982319,-2.1606293,0.05327558765391964
4128,test,-2.969296,3.416096,0.9890354895871087
16713,test,1.2048938,-1.2120614,0.15997369658866958
34581,test,-1.7323436,1.99432,0.933473040768169
30757,test,-2.3360972,2.581611,0.9699645168527827
6554,test,-3.205553,3.6045365,0.9918317533574854
6711,test,2.936139,-3.3987339,0.012123007155140446
34992,test,-2.0963187,2.3250718,0.9580138605577224
46851,test,1.5671588,-1.779624,0.09036541640011993
8785,test,2.8505645,-3.2309747,0.014440786151903766
7267,test,3.312149,-3.5943193,0.008158564072622724
31108,test,-2.647445,3.024976,0.9820681135455693
47959,test,-0.22591992,0.47352806,0.627767291865818
33901,test,-1.8982352,2.1758122,0.9470712682299864
12552,test,1.6679953,-1.6963094,0.0893624473436917
48571,test,-0.23815669,0.24249041,0.5913425941195931
36453,test,-0.40347704,0.46805474,0.6554508246392958
25464,test,-0.7452517,0.90035933,0.7658170343157322
25867,test,-1.983434,2.215621,0.9512891797310171
44041,test,-2.346583,2.5973008,0.970493652639218
44016,test,-2.3889008,2.6678576,0.9726736451090952
16528,test,1.9620591,-2.100981,0.056761137231666835
231,test,-0.011116522,-0.21043466,0.4734329809453829
47962,test,-0.35035637,0.48464087,0.6496536316302675
6504,test,-3.1410146,3.5036807,0.990838529272573
855,test,2.5581694,-2.508224,0.028953492372853797
31214,test,-1.7303909,1.9245478,0.9302870296697786
34560,test,-0.8842926,1.0743598,0.8028065427169602
5501,test,2.641667,-2.8379138,0.021841486857111708
11902,test,-2.6112747,2.8691776,0.9795423231674937
7127,test,3.3183122,-3.5696602,0.008263983155177405
306,test,-1.6062889,1.8070413,0.9184905367445243
34484,test,-2.3094342,2.5647388,0.969064029127955
38155,test,-0.08284859,-0.013949347,0.5203259900184334
28238,test,-2.5207698,2.729916,0.9760587734426829
36474,test,0.021935722,-0.119628266,0.4835189951753579
29622,test,-2.4763014,2.7871041,0.9762659183208581
12014,test,2.100905,-2.367075,0.04336071824366262
49492,test,0.09407368,-0.05849808,0.48159534103005747
12111,test,-0.77155125,0.5180326,0.718223816609785
27469,test,-0.31700966,0.34478605,0.621589110959096
5161,test,3.3318377,-3.551311,0.0082916973554514
7291,test,3.2818804,-3.5777938,0.008427889622692484
9016,test,-3.0937018,3.4673085,0.990291296357968
37833,test,-2.3541045,2.6404734,0.9714928445021203
40193,test,-1.8184615,2.010612,0.9377881383607203
37820,test,-1.3473934,1.4552201,0.8802279719100157
48977,test,1.2391974,-1.6043336,0.12379523087426988
41235,test,-2.122734,2.277957,0.9574272660508588
5350,test,-3.1858468,3.528586,0.9912711279509715
25404,test,-2.0296602,2.381054,0.9577122784885863
40807,test,-1.2685055,1.4525334,0.8740771439102866
26783,test,0.14183266,0.05412344,0.492936312529431
30020,test,-2.0476117,2.334608,0.9568972123491273
38387,test,-1.2316914,1.4103829,0.8678675518399596
48245,test,0.00840369,0.06831213,0.5187552973612727
33632,test,-2.604865,3.0014105,0.9812344198428931
923,test,2.411486,-2.5132062,0.031875863239407505
40271,test,-0.52268296,0.7047298,0.7093350048444218
24877,test,-1.6472042,1.9175712,0.9260818517166896
28296,test,-1.4991156,1.8532535,0.9152388422771136
34262,test,-1.6333646,1.7836843,0.9186851657999868
42106,test,-2.0870533,2.2869945,0.9566607005352438
36679,test,0.068755455,0.052125085,0.5053721084342075
40693,test,-2.006043,2.2931485,0.9544358564263823
34205,test,-2.5779564,2.8559957,0.9788798879761229
42026,test,-2.6269732,2.9357066,0.9806642739592226
48404,test,-0.054588255,0.006903427,0.5190319170572285
32369,test,-2.237493,2.5444558,0.967069346585494
2856,test,-2.956421,3.293135,0.9879551365169563
914,test,-1.068496,1.0054471,0.8152689292625008
48462,test,0.057222087,-0.1285942,0.4757892664560269
48320,test,-1.1702635,1.5014924,0.8702315468197762
49174,test,-0.7433195,0.93429404,0.7698099037605199
5231,test,3.1676128,-3.5016208,0.009617929781782986
6101,test,3.0459704,-3.4290688,0.011002697156136214
42910,test,-1.8637563,2.1841526,0.9461467263110539
16348,test,-2.0049844,2.1057563,0.9483438783773047
40116,test,-1.7058717,1.9886763,0.9320635390089326
5424,test,-3.0631394,3.4073207,0.9896626758275202
29870,test,-0.3262735,0.097126305,0.5816262185256915
331,test,-1.3140274,1.5156444,0.8822101380515945
35814,test,-0.85136527,0.995371,0.7901122022834949
1685,test,-2.3186994,2.6013935,0.970013100889113
7856,test,-3.1973343,3.547088,0.9914508764995154
39590,test,-2.1578226,2.385754,0.9613219466589311
25544,test,-2.1569495,2.5307727,0.9649032731739695
47935,test,-0.3816602,0.57210064,0.6683287712009423
25864,test,-0.50467056,0.74480206,0.7125078850446633
41686,test,-2.5167224,2.7137985,0.9757267589289185
922,test,0.73952013,-0.9293265,0.2432679470394153
39511,test,-2.3125515,2.5749383,0.9693422165933009
41277,test,-2.520211,2.8215861,0.9775044815293193
28322,test,-0.24193977,0.46016592,0.6282018366196177
223,test,0.110379174,-0.15504494,0.4619154643043837
27453,test,-1.3047925,1.3892381,0.8719818975591063
28502,test,-1.9128262,2.1301584,0.9459708531788162
32258,test,-2.218996,2.5094929,0.965856774014144
48287,test,-0.7746002,0.8228323,0.7597157750834382
16698,test,-1.9934767,2.1553795,0.9496351530313848
34516,test,-1.6353346,1.7383759,0.9163903812636447
5390,test,-3.1042345,3.4588366,0.9903051523793611
14720,test,1.3586198,-1.575494,0.11708103601147143
44571,test,-2.476749,2.828217,0.9769306279358007
13508,test,-0.118333,-0.008435947,0.5274827439598129
27741,test,-1.2259127,1.4665965,0.8718629842342883
11142,test,1.2481663,-1.2986681,0.1481327017410885
26568,test,-1.9775169,2.2550654,0.9523650499116387
48184,test,-0.6351617,0.89765376,0.7513636607192973
29316,test,-0.85890466,1.0360588,0.7956547816811447
27601,test,-0.58289915,0.66705793,0.71257733386914
14870,test,1.9417385,-2.077796,0.05841348889237881
44298,test,-2.6610026,2.9725704,0.9815829871910842
36862,test,-1.5810702,1.7512884,0.9141460661239129
10764,test,3.0423028,-3.4408975,0.010940718011993008
50445,test,-2.5604684,2.770791,0.9773417377546944
3787,test,3.2637599,-3.4788816,0.009140681097109058
39230,test,-2.6112163,2.8976407,0.979936918526166
27016,test,-0.06763987,0.3065094,0.5732158188776323
27929,test,-0.42767993,0.52040666,0.6674478998033759
5511,test,1.563913,-1.917179,0.08293051447854147
11892,test,2.8070006,-2.8973243,0.018722080860103914
41660,test,-2.1470292,2.4081068,0.9616216279739144
36986,test,-0.93967766,1.0967697,0.8112839778503205
25422,test,-0.5320698,0.6600647,0.7042182291903452
7526,test,-3.1428375,3.518814,0.990945629222433
6666,test,-3.0838737,3.4686456,0.9902339946231815
6350,test,-3.0850062,3.4267998,0.9899545553151833
7931,test,3.1913495,-3.545718,0.009176081257426432
320,test,-1.5986184,1.8270186,0.9191330464499183
7547,test,3.3314342,-3.5572834,0.008259709298330347
2482,test,-2.8618793,3.314881,0.9873335573250102
48919,test,-0.07206806,0.01338813,0.5232174118392855
35624,test,-0.07151058,0.110853754,0.5401035427204821
24832,test,-2.624551,2.8532481,0.979505080543558
33913,test,-2.131096,2.431015,0.9618013781573107
30483,test,0.956919,-1.0025738,0.20779633849354273
35757,test,-1.3655174,1.6031057,0.8919461169793115
8579,test,3.143017,-3.4219296,0.010338639126646397
6298,test,-3.2330596,3.544775,0.9916468222522343
38080,test,0.1103562,0.071777984,0.5015321565678129
40174,test,-0.8082356,0.9053717,0.7742434316737563
11552,test,-2.4101133,2.6508904,0.9727525061117815
5612,test,-3.1611502,3.524856,0.9910972916581328
40561,test,-2.3448606,2.5628624,0.9697602531004617
15447,test,2.0703592,-2.273387,0.0471139973598511
12604,test,1.2614495,-1.4177616,0.136818647096116
4862,test,-3.2004309,3.5174038,0.9912917054742525
28948,test,-2.2748334,2.5890872,0.9688481980741159
31201,test,-1.3458095,1.561242,0.8877222947016022
4148,test,-3.046765,3.4641526,0.9899483706462904
40627,test,-2.674182,3.0992265,0.9832712816752757
38589,test,-0.7403325,0.7849955,0.7503834071164365
11891,test,0.24372534,-0.10613583,0.4472646932254858
41543,test,-2.711699,3.0330722,0.9829383958877376
906,test,-1.2864903,1.2376844,0.8581148550528072
2790,test,-2.9573727,3.2055619,0.987211972900863
3385,test,3.2583423,-3.5705092,0.008610087894663587
6945,test,3.3077788,-3.5904784,0.00820519822198245
25208,test,-0.94753116,1.0093994,0.8026157063324846
2997,test,3.0124345,-3.359746,0.011814258959837896
14195,test,2.0320945,-1.9920245,0.05823726220490017
8982,test,-2.6245213,2.9191322,0.9804101569938223
4283,test,3.3198667,-3.5698326,0.008254083893736474
26313,test,-1.1460092,1.257574,0.8475252714759455
7165,test,3.271027,-3.5871491,0.008436655409748988
38109,test,0.5342226,-0.6093293,0.3170833334685866
15637,test,-2.5896559,2.7671018,0.9777335728234926
31714,test,-1.1780225,1.4119178,0.863627023460704
1116,test,-1.0428866,1.1077977,0.8232212053570827
29254,test,-0.053984795,0.26846033,0.564340718017643
34363,test,-2.2252655,2.4516087,0.9646452538737861
16122,test,2.298556,-2.5498106,0.03356619205860527
13311,test,1.5477191,-1.6111739,0.10177253482916784
16852,test,-0.004990692,0.056622993,0.5190532326701482
29854,test,-2.0082765,2.0044107,0.9448768011119106
29012,test,-1.9636728,2.1357982,0.9479561276994101
36128,test,-0.8558009,1.1592596,0.8089816582573328
35432,test,-2.5410657,2.7275,0.9763494532465236
11095,test,-0.5125025,0.6244858,0.6961162067566266
29651,test,-2.0669804,2.3818917,0.9587807160452164
38224,test,-0.18168117,0.2267845,0.5790807244896703
12397,test,-1.9505929,2.0664034,0.9450336661399373
6606,test,-3.1354618,3.507894,0.9908300158039053
1934,test,1.6891884,-1.8786792,0.07842714888261469
39429,test,-2.7649915,3.1246831,0.9845584190400418
38120,test,-0.34017512,0.19227786,0.600074540328724
2984,test,-2.5212626,2.8099566,0.9773411132690293
17333,test,0.7761708,-1.0827128,0.21962608216058402
39790,test,-2.5896902,2.7992728,0.9782190246668816
26304,test,-2.1041746,2.5372255,0.9637886903755138
7121,test,2.8669863,-3.2880685,0.01372651980922083
583,test,1.6605357,-1.733563,0.08768006108649692
30496,test,-2.0925877,2.4267514,0.9606862617754234
29043,test,-1.4923774,1.7071594,0.9065640148966927
13227,test,-1.8460542,2.0208623,0.9393155230399628
6650,test,-3.013299,3.4378898,0.989523777863742
14751,test,-2.6965687,2.954317,0.9818007568286179
11660,test,-2.3894248,2.6850524,0.9730013296897108
10586,test,-2.9476178,3.3626742,0.9884506134568193
33724,test,-1.4287275,1.5662316,0.8937097508131161
35165,test,-2.4526563,2.9214284,0.9779960544714615
11050,test,-2.371551,2.5143754,0.9693096851770242
48093,test,-0.9648512,1.0040518,0.8039397944174567
28766,test,-0.91878563,1.1114435,0.8106167858439446
36044,test,-0.32798043,0.3721856,0.6278847145780883
35121,test,-2.5425048,3.0019255,0.9804205953784617
13764,test,-2.3279753,2.5822,0.9698105447414683
7847,test,3.2683818,-3.5895424,0.008438130981367907
44545,test,-2.4196563,2.82263,0.9759210144097676
39883,test,-2.6201081,3.0722222,0.9823118540563972
900,test,-1.5954986,1.3883278,0.892967347416493
43752,test,-2.5293684,2.8704896,0.9783808979377855
6739,test,3.18787,-3.481224,0.009618859642508505
34739,test,-1.5382289,1.9316317,0.9214038938898987
48439,test,-0.27516398,0.27033848,0.6022642880784561
4551,test,3.2708354,-3.518783,0.008847658123727757
26574,test,-0.98132014,1.1562232,0.8218788021796414
42034,test,-0.58440256,0.38120964,0.6701647805557921
37176,test,-0.58690304,0.59603214,0.7028753988965728
2468,test,-3.1912198,3.5806746,0.9916123146743763
12550,test,1.1885811,-1.3218766,0.1513742126829485
15120,test,1.1852996,-1.3032254,0.15335664870384577
41261,test,-1.9853303,2.170579,0.9498707188816614
29623,test,-1.1668837,1.4973007,0.8696319599065725
17020,test,-1.1594548,1.3676943,0.8583681190123759
40378,test,-2.3681483,2.6219764,0.9714064036493678
5814,test,-3.180947,3.5218616,0.9912004533403932
31421,test,-2.7933059,3.0679562,0.9842531721874496
46467,test,2.1185904,-2.2667603,0.04582388275069528
14809,test,2.5592706,-2.7872312,0.023922494963307676
1732,test,-2.635122,2.822483,0.9792194273235069
25565,test,-1.1871614,1.4134946,0.8645078857984203
35642,test,-0.08305599,0.013740434,0.5251969281812332
13109,test,-0.27146465,0.23353083,0.5954540855903679
40410,test,-1.817686,1.9139847,0.9336903292312907
39839,test,-1.3138385,1.6605035,0.8923312674720887
48995,test,1.0238314,-1.0882564,0.19076354619617245
2900,test,-2.5647404,2.8928266,0.9792188840482196
11422,test,-0.020892782,-0.25870034,0.4667228130100469
30337,test,-1.6795973,1.921442,0.9278005433434524
36207,test,0.008370281,-0.060224775,0.4962802650034645
1328,test,0.8559018,-0.95028764,0.22601209797442756
5401,test,3.3005452,-3.5720901,0.008352420689367765
13143,test,-1.09229,1.3743974,0.8531453383164426
29941,test,-1.7573656,2.0849938,0.9383284165930057
43979,test,-0.18936534,0.23892134,0.5824582414428258
2943,test,3.282309,-3.576938,0.008430388827590592
42897,test,0.16340289,-0.14466155,0.4545070599581043
33460,test,-2.204894,2.5318437,0.9660466445234788
36061,test,-0.4671638,0.5797403,0.6826168715540227
43845,test,-2.3569288,2.619288,0.9711347958125274
12095,test,0.0062617376,0.086534426,0.5223123493903027
47504,test,-0.055491365,0.15763472,0.5454463969349905
11654,test,-1.9044399,1.9940763,0.9405639737173768
34107,test,-1.8193007,2.0690844,0.9401663527065232
28500,test,-0.12683442,0.34922034,0.5905656730645799
30231,test,-1.8135521,2.0014203,0.9372098744682416
14700,test,-1.2248268,1.4338832,0.8691969704631587
17081,test,1.3579639,-1.4491986,0.12658267756392533
7504,test,-3.1869504,3.5117779,0.9911755108670514
27670,test,-0.2576271,-0.17081527,0.5234540874070427
44433,test,-2.1166391,2.506624,0.9633430688122974
47995,test,-0.054293904,0.20920332,0.5541720023980626
31125,test,-1.5402921,1.7261165,0.9104536525245263
13501,test,0.12932982,-0.02303589,0.48163134582722905
47470,test,-0.045421634,0.10504386,0.5345534558494921
36996,test,-2.1347845,2.2575965,0.9571895738133503
34915,test,-2.3488817,2.69046,0.9723477814249853
12813,test,-0.17984296,0.21494457,0.5767456156695435
40641,test,-2.1893656,2.3586428,0.9614371066690042
3359,test,3.1562645,-3.5171418,0.009590151389640741
14589,test,-0.9276923,0.8227789,0.7787210763668527
33802,test,-2.003581,2.2984257,0.9545214644276511
37931,test,-1.4823678,1.6392301,0.9018399770964802
25517,test,-0.6616115,0.85465115,0.7491931355162305
33165,test,-1.4659642,1.739331,0.9069048309285465
36388,test,-0.28155681,0.3846694,0.6223181868748977
32686,test,-2.6093209,2.9139953,0.9801349102178488
47991,test,-1.5472873,1.7837853,0.9140754074917214
34299,test,-2.4623005,2.7749643,0.9758382935101991
31353,test,-2.6690893,3.082538,0.983018679234413
43735,test,-2.6196237,2.942851,0.9806615527237482
25093,test,-0.22597083,0.36412144,0.609715300031649
933,test,-1.0604533,1.3136438,0.8448393434650049
4147,test,3.2288022,-3.4372659,0.009639055578813591
7733,test,2.9130673,-3.3255415,0.012956956241627023
14459,test,2.3231955,-2.4442697,0.03545224045610547
30386,test,-1.909659,2.1842363,0.9477632731290415
37366,test,-0.77458626,0.77754486,0.7538805336158322
15486,test,2.6045668,-2.8243184,0.022612499819394786
28650,test,-0.7859012,0.96834916,0.7791764996483304
42987,test,-0.31667316,0.49464744,0.6458728239333111
13081,test,-2.7117214,2.9183521,0.9815386587655598
38115,test,-0.64039856,0.70047855,0.7254316688118849
25401,test,-1.7288619,1.6619118,0.917300831517775
2069,test,2.8718371,-3.334338,0.013250492845532584
6425,test,3.2124434,-3.5343127,0.0091146361101105
12027,test,1.9838296,-2.3397932,0.047750323773801055
2434,test,-3.0165808,3.3489828,0.9888839750992869
33791,test,-2.1011994,2.4461098,0.9614189574679732
40646,test,-2.5554,2.952387,0.9799221899222929
31782,test,-1.1257888,1.2041723,0.8407469071267352
43858,test,-2.6623785,2.903867,0.980711538158756
34003,test,-2.0370011,2.180163,0.951873120150862
32360,test,-1.7516953,2.1112332,0.9391562300690819
6211,test,2.945323,-3.347052,0.012484427754113011
48216,test,-0.293088,0.59222645,0.6576259623285777
15121,test,-0.8763258,1.1349117,0.8085678506051246
40274,test,-2.6214561,2.9659784,0.9809900686329603
28516,test,-2.3240113,2.4883785,0.9677411123039609
32633,test,-1.3402921,1.5245358,0.8847429885543305
39614,test,-2.3399189,2.7129416,0.9726010416982133
1202,test,-2.555196,2.8937433,0.979095654376521
40253,test,-2.0513906,2.2921991,0.9557682393628721
25381,test,-1.250666,1.5141927,0.8774141339092452
43985,test,-2.3539426,2.5806832,0.9703075481544767
34149,test,-0.95157164,1.1203767,0.8150585777529287
35752,test,-0.7766749,0.9037358,0.7701566237209225
34520,test,-2.6335993,3.0160766,0.9817856195843976
24823,test,-1.4205786,1.5295998,0.8906956759028632
39878,test,-2.2862816,2.4465652,0.9659572091989349
6917,test,3.289232,-3.5389948,0.00861382042675407
15283,test,2.475997,-2.829368,0.024604049843821044
10851,test,-0.42211846,0.58196354,0.6760886292654417
47911,test,-0.9906618,1.1554761,0.8227576690798376
1182,test,-2.4486113,2.7517128,0.9752211586001682
36138,test,-0.12972637,0.003933611,0.5316259274567757
27366,test,-0.7927143,0.97858375,0.7812225413140952
34328,test,-1.9071554,2.053544,0.942950757344226
43774,test,-0.89055085,1.0110244,0.7964061083137154
44729,test,-2.3524148,2.6107326,0.9708772829980256
36195,test,-1.9302071,2.0713072,0.94446810251979
1120,test,-1.7718369,1.9417218,0.9329011968948436
29256,test,-1.2548207,1.3629087,0.8659014499445457
11360,test,-0.993087,1.3591164,0.8428201237004104
32605,test,-2.0660667,2.18578,0.9529729826015801
39395,test,-2.0773468,2.3163064,0.957226044457087
3908,test,-3.0409842,3.446424,0.9897833210129082
3467,test,3.1893559,-3.5038886,0.009459171932142052
48429,test,-0.0956094,0.18070492,0.5563871590191233
49514,test,0.50441754,-0.7157405,0.30558909469263806
1828,test,1.9141214,-2.0283818,0.06145027063696938
6422,test,-3.1795745,3.5900142,0.9915988821733897
24611,test,0.11299117,-0.020174561,0.48498695668755126
42909,test,-2.2009947,2.510715,0.9654673862553905
34330,test,-2.6048121,2.9258318,0.9802345189602735
37745,test,-0.115193725,0.1782622,0.5593461982058028
33096,test,-2.072307,2.3913627,0.9591880662257074
15483,test,-0.97474843,1.1985606,0.8255137600759934
28271,test,0.09466804,0.10061781,0.5093220205958667
33873,test,-2.0773294,2.358049,0.9584058703535687
2893,test,3.174615,-3.5574713,0.009207832062827551
25,test,1.3096107,-1.5683109,0.12120803015218663
49242,test,-0.08670892,0.049022984,0.5319869796689708
5928,test,-3.195601,3.565651,0.9915501366652696
38482,test,-0.10135247,0.2943812,0.5769072498721256
28965,test,-0.99203926,0.8526208,0.7898711302854841
43255,test,-2.3734446,2.7278543,0.9734901010685421
12780,test,-1.892476,2.0927565,0.9438674122010329
14143,test,0.61066216,-0.5362292,0.3165774510819363
13160,test,-2.4844234,2.795621,0.9765342496167885
40338,test,-2.2355518,2.7244124,0.9708142275608773
48591,test,-0.8083188,0.87904114,0.7710164103393239
42740,test,-0.44919112,0.27343044,0.6315492326502775
14744,test,-0.036657896,0.13950433,0.5390251710645118
29383,test,-1.417348,1.5484906,0.8917581616531388
41368,test,-2.232874,2.598298,0.9681489638574657
32470,test,-1.8646569,2.1497612,0.9449398633025051
25952,test,-2.0533068,2.2650094,0.9550144083837967
34410,test,-0.60195696,0.7658982,0.7291763706805892
42194,test,-2.6065645,2.8840272,0.979684044150489
37246,test,-0.43879429,0.52563065,0.6699810825537885
49243,test,0.26707685,-0.26624015,0.4157794254362622
40633,test,-2.244667,2.5520864,0.9673977222291946
38028,test,-1.38222,1.4503232,0.8824188061014395
37473,test,-0.15441748,0.25011522,0.5784096521075093
38812,test,-2.5947878,3.042045,0.9816241864880595
7761,test,2.9031172,-3.295473,0.013320079031714671
13639,test,0.40678653,-0.5590413,0.3446082980135054
34981,test,-2.2882376,2.4964569,0.9671304867717363
43882,test,-2.0795712,2.2889585,0.9565003017196184
10632,test,-2.7240348,2.9256632,0.9817858970873765
5879,test,3.2063246,-3.5454416,0.009083021995707334
229,test,-1.1791779,1.2423054,0.8491371438443815
782,test,-0.78196543,0.83684874,0.7624368610043772
5367,test,2.7800484,-3.2720394,0.014737097855149567
26443,test,-1.9172963,2.054267,0.9433583951105426
44643,test,-2.2606091,2.4547424,0.9655522632481853
42939,test,-1.4114318,1.7349215,0.9033630694395547
4246,test,-2.4318197,2.6956933,0.9739594796651689
7054,test,-2.9927597,3.3746567,0.9888982198007752
6355,test,3.2973588,-3.51394,0.008715583589553275
30005,test,-0.98886186,1.0781341,0.814535540905744
40604,test,-2.1935492,2.4457462,0.9637372455157855
28940,test,-1.1507083,1.3510231,0.856191645614389
10021,test,-2.5622513,2.9690437,0.9802433461186689
14364,test,-1.583192,1.8012244,0.9169626749757632
2068,test,-3.160284,3.4190702,0.9904139561509695
44085,test,-2.3833396,2.5678582,0.97063988598152
49137,test,-0.24941489,0.3041714,0.6036187424510292
37021,test,-0.8792444,1.0977505,0.8048309091621113
12166,test,-1.3436153,1.2395605,0.8630684806041559
44289,test,-2.5848837,3.0001793,0.9809590915223184
27576,test,-0.38500586,0.49896336,0.6574139537663262
3079,test,3.195051,-3.5240662,0.009291008399761876
38351,test,-0.72445816,0.8905645,0.7619558950457166
11857,test,-2.2145267,2.4089155,0.9633474937654822
41438,test,-2.3295732,2.494397,0.9679931682179309
15805,test,-2.0642765,2.34764,0.9577463450204342
4736,test,-3.2301161,3.591906,0.9918991342012001
5983,test,3.3236823,-3.578886,0.008180681072611546
39114,test,-2.1890616,2.474194,0.9643187527216089
35451,test,-1.2425135,1.2797358,0.8579507136257608
1418,test,-0.4983861,0.46731034,0.6701778142332628
5449,test,3.248155,-3.4914508,0.009159942904192727
35992,test,-0.5461535,0.7647756,0.7212372354968837
12525,test,-0.29145554,0.257844,0.6029006884619661
13129,test,-2.3644307,2.661124,0.9720871542542886
33233,test,-2.4451456,2.774428,0.9755446337058773
6789,test,3.322403,-3.531544,0.00846145296299205
1021,test,1.3856584,-1.5899721,0.11411066268231655
27326,test,-0.34297183,0.5848058,0.664285554291066
47454,test,-0.2725084,0.33595514,0.6127705498527641
37597,test,0.3490866,-0.40311897,0.37911246580809993
34175,test,-2.50602,2.8528385,0.9777655615822676
7046,test,-3.2034276,3.5422525,0.9914583352584324
3397,test,2.662294,-3.11257,0.01783633728723695
38215,test,-0.12676312,0.16298665,0.55870677933931
5941,test,3.259737,-3.5926776,0.008470455163384414
28078,test,-1.9675878,2.039363,0.9446673190115904
35849,test,-1.5600885,1.6142733,0.9050608405476421
417,test,2.6368978,-2.8371599,0.02192422075917426
40355,test,-2.4885292,2.8710876,0.9777770943834349
15429,test,-2.7837918,3.1001985,0.9844978193712476
28198,test,-0.8778088,0.8871159,0.7804592224308302
3087,test,3.233681,-3.4820476,0.009312863716279509
33536,test,-1.6283617,1.945237,0.9265034612054432
4159,test,3.20148,-3.5325708,0.009195296870297028
13407,test,-0.40704384,0.528547,0.6655039275401248
35049,test,-2.3362513,2.7937484,0.9740035832141116
41150,test,-1.8922573,2.1390388,0.945551224449826
474,test,2.7043536,-3.0437102,0.018167908111239247
35105,test,-1.0698682,1.2879243,0.8433376178773866
29507,test,-2.501171,2.757916,0.9761957868268039
47092,test,-0.77673835,0.8214068,0.7598068089389002
14306,test,0.41489452,-0.42899108,0.3641304929197878
35550,test,-2.6117535,2.9273088,0.9803483475519239
12812,test,-2.7566779,3.0294223,0.9834167641573995
10545,test,-3.1563148,3.3992295,0.9902544474884946
26383,test,-0.34595174,0.4835193,0.6487728364272287
40860,test,-1.6861376,1.7858227,0.9215102511169095
14135,test,-0.520221,0.8634651,0.7313587741692417
39178,test,-1.9183494,1.9767567,0.9404304129823561
32600,test,-1.8561918,2.1423712,0.944359667141844
14110,test,2.4061885,-2.506157,0.03214360731269509
29104,test,-0.68650335,0.87074006,0.7545437969782328
27352,test,-1.5135807,1.563024,0.8990169075802177
36998,test,-0.29101524,0.41130248,0.6282364950949827
8548,test,-3.025902,3.3262985,0.9887806973711499
34298,test,-1.3167043,1.5057098,0.8816812717120842
44368,test,-2.3951986,2.7306633,0.9739301568900827
37589,test,-2.0439944,2.4312062,0.9595028130045629
36791,test,-0.12411925,0.21082647,0.5664904715475547
33175,test,-2.3911066,2.7825587,0.9747662792773992
30983,test,-1.6416945,1.7940565,0.919657617087894
31422,test,-2.4545944,2.8273168,0.9765641702096792
1877,test,-2.285512,2.5453875,0.9681430820929121
33825,test,-1.4392904,1.8098946,0.9094660136387465
9104,test,-3.0342383,3.3701637,0.9891788332983156
2612,test,-3.1275892,3.5005622,0.9907328250856045
43781,test,-1.9437385,2.1393597,0.9473878929410647
4124,test,-3.0801415,3.4499018,0.99008069439666
34239,test,-1.9618224,2.1862597,0.949609233373192
3929,test,3.2250476,-3.4863222,0.009341050828738836
38434,test,-1.7735022,1.9098021,0.9315635604739989
37862,test,-0.1023716,0.018224614,0.5293486994594687
47539,test,-2.5764387,2.9578562,0.9802839638850865
35962,test,-0.30561718,0.43833297,0.6350158487778166
26008,test,0.013938715,0.15036143,0.5321073534635764
10675,test,1.1715386,-1.203406,0.16396440398641546
16727,test,0.76804394,-0.86449885,0.2479757121419532
39278,test,-2.2878656,2.5764945,0.9688574782991045
15896,test,-2.1603384,2.4678743,0.9634651993790001
10950,test,-2.7277896,2.9870272,0.982583233171118
48336,test,-2.2399364,2.5179458,0.9665287032551698
4768,test,-3.0651164,3.4366484,0.9898844284280559
2470,test,-3.0500536,3.3895454,0.989439357376477
33394,test,-2.182253,2.4992917,0.9647565615259974
8035,test,3.0960321,-3.3435807,0.011275791622374165
335,test,-2.3961015,2.655323,0.9725742472503826
15795,test,-1.4320039,1.705798,0.9028393414658057
32467,test,-2.7416446,2.9954116,0.9828476073491194
21575,test,3.2912555,-3.549704,0.00853805395841001
25446,test,-1.3515131,1.4885033,0.8829603940539931
29282,test,1.0257336,-1.2770731,0.17100309017874651
3919,test,2.8821633,-3.3046196,0.013429123428193001
7518,test,-3.2290695,3.5379028,0.9915836140402183
25802,test,-1.6925524,2.0171309,0.9327312196162868
47378,test,0.72272855,-0.7048425,0.2756816104084766
29565,test,-0.08218667,-0.008925066,0.521087950238655
14111,test,1.0786341,-1.2904292,0.16452941492027764
14384,test,0.3200155,-0.2948492,0.40198611843213244
28837,test,-2.4104304,2.6443956,0.9726376754438466
48691,test,-0.42369258,0.53380233,0.6689078095610579
30379,test,-1.4318172,1.5832312,0.8950379594742277
4510,test,-3.1319036,3.4571164,0.9904779690431016
1025,test,-2.5295506,2.765054,0.9767666298340654
28179,test,-0.25777656,0.40263498,0.6213612216220059
30960,test,-1.8315045,1.8830549,0.9329450211565884
11937,test,0.112931125,-0.24784364,0.4453771836765889
49569,test,-0.3714209,0.39638358,0.6388764452862996
44283,test,-2.7571437,3.0053275,0.9831449049989317
14813,test,2.0050037,-2.0596437,0.05670094095067877
4038,test,-3.1179051,3.495079,0.990634855498965
16832,test,-2.340746,2.670628,0.9718165973971602
33164,test,-2.3944972,2.5874703,0.9712474027184036
24431,test,-0.48072433,0.67929524,0.6995151532148914
16850,test,1.3540379,-1.3847502,0.13196850769592805
5062,test,-3.2022736,3.5447264,0.9914661546471081
25179,test,-1.3342904,1.4353337,0.8777724065640425
15017,test,1.4785179,-1.5012356,0.11381928968392757
34094,test,-2.4177861,2.8098464,0.9756788348258337
31512,test,-2.1449244,2.4589348,0.9628604788429186
33933,test,-0.9686063,1.3114947,0.8360189548917117
328,test,-0.67402,0.57808286,0.7128848116244305
49210,test,0.05574822,-0.05099165,0.48960759956103356
24921,test,-1.0072135,1.1544839,0.8243400959211745
812,test,-1.6747329,1.8453307,0.9239109906480882
12893,test,1.60022,-1.6925763,0.09351964686066831
46652,test,1.972643,-2.1743138,0.05369737301693739
35547,test,-2.319777,2.5424798,0.9688130318191874
47667,test,-0.34724677,0.6180779,0.6701202925747125
12272,test,-2.247641,2.4014688,0.9639765338620387
12357,test,-0.029710786,0.053503323,0.5228259532535938
51130,test,-2.3972914,2.6513164,0.9725216164713671
48607,test,-0.35588023,0.4247328,0.6409420470340914
1550,test,0.1997736,-0.3000476,0.4214848154084255
49205,test,-0.34796336,0.3231347,0.6231192510725018
1437,test,-1.3130647,1.3005737,0.865568639974402
16821,test,-2.682341,2.9320693,0.9813389667615849
28601,test,-2.6911976,2.947165,0.9816434879028687
51103,test,-1.565349,1.8568684,0.918954980042488
47348,test,-0.4808356,0.60275465,0.6881532338593837
37367,test,-1.775098,2.063726,0.9381850725070878
25656,test,-2.6874688,3.0677462,0.9830605433829893
7932,test,-3.1747313,3.616947,0.9917266962438694
24567,test,-2.0783286,2.1494937,0.9522136903251115
11603,test,0.2511798,-0.5698947,0.36783492946954116
47877,test,-0.9602634,1.2187494,0.8260880061321019
46874,test,1.9042667,-2.155223,0.05689432399187149
38701,test,-1.3648614,1.5815036,0.890435571886909
28385,test,-1.3196024,1.3262044,0.8681668260947548
29971,test,-2.8769474,3.13896,0.9858456193586626
26497,test,-1.2128063,1.3358201,0.8601856868153243
41465,test,-2.760952,3.2309847,0.9856096043762683
42045,test,-2.3857374,2.7465713,0.9740444714059201
37209,test,-0.20457695,0.06664597,0.5555074859564091
47324,test,-0.6560994,0.6095589,0.71482268504374
42322,test,-2.7311091,3.0566542,0.9834357367146689
4089,test,3.0338292,-3.284554,0.012261999620384293
51133,test,-2.4386559,2.9313278,0.9779342038348267
31592,test,-1.4822868,1.6920245,0.905057800907865
12509,test,-0.7995131,0.9193859,0.7748901104156155
13896,test,-0.03108968,-0.1641224,0.48501020774299425
31538,test,-1.9022062,2.0692513,0.9433544407431116
49066,test,0.23487376,-0.0015964112,0.4669557833662596
12919,test,2.2599266,-2.4941268,0.03577461790509161
28743,test,-0.76165134,0.9637688,0.7756852208505934
29308,test,0.78012604,-1.02799,0.22577631419335484
44720,test,-1.4559851,1.6749209,0.9024151587400018
38868,test,-2.4445648,2.9199026,0.9778507406981961
35145,test,-1.1150063,1.3397655,0.852097436666771
28252,test,-2.0580678,2.093746,0.9497340575858012
39199,test,-2.4261792,2.7382188,0.9746062530875991
40249,test,-2.1038923,2.3868935,0.9599245330731909
9072,test,-3.1413965,3.5380754,0.991056849667571
32731,test,-2.1239798,2.2468698,0.956567804120162
34403,test,-1.5950664,1.8642853,0.9208696173229951
29710,test,-0.624958,0.46071628,0.6884661479751261
42880,test,-1.0385013,1.1953642,0.8315344774904113
7426,test,-2.9253259,3.222774,0.987080236343732
34596,test,-1.595002,1.7369338,0.9141228443913303
14240,test,-0.68196857,0.67960745,0.7283076600918589
799,test,1.5860037,-1.7008914,0.09387035733909406
34898,test,-0.9672572,0.8629901,0.7881920404045579
44452,test,-2.5253289,2.8465977,0.9779635268227989
36673,test,-0.43376407,0.46978983,0.6604942972926136
8031,test,3.2929983,-3.5536156,0.008504619916854937
29720,test,-2.252286,2.6361659,0.9693622189452116
4206,test,-3.0113997,3.328402,0.9886840249354187
38160,test,-0.6304352,0.61780703,0.712331466707355
30578,test,-2.1483548,2.3657837,0.9605485641189085
12942,test,-0.7421965,0.8051328,0.7532564532508254
26769,test,-1.2385763,1.3273079,0.8616319781697801
43644,test,-1.0739311,1.2072028,0.836118032306267
44244,test,-2.0307992,2.3592095,0.9571214879183295
30054,test,-2.087373,2.3641176,0.9588530816974564
27500,test,0.3112637,-0.17081994,0.4245146930968372
40613,test,-0.26601827,0.16339882,0.5826506330362341
13538,test,-2.1195726,2.3057327,0.9581239290055491
39211,test,-2.339775,2.689598,0.9721595765729423
8518,test,-3.1543639,3.4978323,0.9908860604828071
49189,test,0.5605156,-0.6922391,0.3007695785056915
3152,test,-2.9231787,3.2171793,0.987010954479298
9049,test,3.1770818,-3.567031,0.009131359646822946
10979,test,-1.4785727,1.6366142,0.9014420653649922
40063,test,-2.6599288,2.957797,0.9813814119876497
49233,test,-0.3661262,0.416919,0.641333689068879
14898,test,-1.8109517,2.1230094,0.9419356981593128
48144,test,-2.570611,2.9478965,0.9800692776264605
3747,test,-0.9665317,0.8019473,0.7808851456241521
30977,test,-1.002239,1.1846248,0.8268759936265389
16453,test,2.7698984,-3.1616578,0.01601343436586153
17055,test,0.7152805,-0.89394826,0.2510310244368735
48778,test,0.6870734,-0.57435316,0.29949473139241856
12642,test,2.637751,-2.9876547,0.01976423721050076
28440,test,-0.9235317,1.219627,0.8224534110061211
43699,test,-2.2619603,2.4810474,0.9661902835467331
7436,test,-2.8515215,3.1044395,0.985248091998015
6586,test,-3.2385228,3.636516,0.9921919024732517
31597,test,-1.3312262,1.5437698,0.8854666839805252
2940,test,-2.8533154,3.2276292,0.9864669257679415
30951,test,-2.1260927,2.2768223,0.9574906637594747
5867,test,3.2842379,-3.5150697,0.008788389759620438
47480,test,0.42694196,-0.21773799,0.39698030315128946
28142,test,-2.6843991,3.0423756,0.9827258776659743
2340,test,-3.1009555,3.4536803,0.9902483086741996
10650,test,-3.090728,3.4573374,0.9902038037549046
45290,test,2.0349672,-1.9948744,0.058017992577137995
33228,test,-2.4148593,2.7366524,0.9743820918673018
32804,test,-2.8070831,3.2047973,0.9858062388710269
6175,test,2.9383566,-3.3329334,0.012667672363221956
28749,test,-1.9388438,2.2093916,0.9496143672187016
25287,test,-1.5488812,1.9600753,0.923362707383224
38417,test,-0.3673142,0.33699116,0.6285613325026425
14308,test,0.2748461,-0.53771377,0.369221704611196
47188,test,-0.40464884,0.66150653,0.6855286853382708
5727,test,3.103355,-3.4746416,0.010245607400379872
48832,test,-0.6644041,0.66879433,0.7243599616082108
3301,test,3.1304035,-3.382003,0.010721727040524386
1998,test,2.226975,-2.5068786,0.03626549098343941
29462,test,-0.34369504,0.37526372,0.6309525240553664
43984,test,-2.5607276,2.9258192,0.9796276220165755
35744,test,-0.23761731,0.16409339,0.5779279632376422
3615,test,3.232575,-3.5650039,0.00879893578005692
965,test,-1.001181,1.0512238,0.812987898298913
35964,test,-1.5929447,1.7800797,0.9163535856708941
39195,test,-2.3403494,2.719904,0.9727385844730374
29990,test,-2.2169747,2.2241216,0.9585651078508854
26617,test,-2.4442825,2.6533134,0.9734231389938904
16246,test,-2.7312849,3.027397,0.9831009006692892
16757,test,-2.158727,2.2532651,0.9577484855459553
41823,test,-1.0561237,1.1274791,0.8265490407213208
28527,test,-0.6684556,0.7407139,0.7348483929546606
39048,test,-2.8506415,3.210622,0.9862818049069578
10894,test,1.1957338,-1.3087163,0.15191512578152955
30125,test,-0.16229604,0.3086723,0.5897046398064234
45094,test,1.2098635,-1.4836527,0.13564055510783704
5693,test,2.7896593,-2.9680634,0.018047717981770635
12206,test,-1.0954298,1.2512745,0.8423095954961145
7781,test,3.2882793,-3.5517914,0.008543321409423724
16455,test,-1.2955812,1.1184388,0.8484668044634118
6694,test,-3.1714087,3.5351987,0.9912236117744703
42122,test,-1.5279413,1.943108,0.9214641232106714
41115,test,-2.6253219,2.9619527,0.980987980549052
24960,test,-2.7238433,3.1170135,0.9840302948388173
49249,test,-0.19112192,0.25404274,0.5853281898064027
36169,test,-0.41072473,0.43253824,0.6509691613141044
35030,test,-2.3768086,2.6977398,0.9730026403001629
46815,test,-0.7075861,0.8569338,0.7554857576549125
30385,test,-2.5022683,2.8323467,0.9773936847821362
44537,test,-0.35482225,0.4191006,0.6398637871833281
16413,test,-0.28601697,0.23977156,0.5989546702305517
6891,test,3.1897068,-3.526466,0.00930999608532092
8443,test,2.7825367,-3.2264736,0.0151813180886577
16809,test,-2.3077095,2.6021757,0.9698045986570694
11977,test,-1.228908,1.2452685,0.8538007969651825
14523,test,-1.9973187,2.3348472,0.9554290061949411
34732,test,-1.5522974,1.5883288,0.9030125956421293
26848,test,-0.13338195,0.29177222,0.5819249630567748
37145,test,-0.6260934,0.7149349,0.7254527396947857
26371,test,-0.8144935,0.6256114,0.7390454523046794
43131,test,-2.7721767,3.048253,0.9838040728968435
49355,test,-0.20041245,0.24998237,0.5862163667232415
34223,test,-1.0803353,1.1570437,0.831878659682897
40471,test,-2.7377284,3.04828,0.9834157164549009
25641,test,-2.007379,2.1956096,0.9514165925088809
14028,test,-0.7971017,0.7142299,0.7485441031723274
32719,test,-0.97733414,1.2273345,0.8286525625719863
41053,test,-2.715975,3.1319878,0.9841082610241428
29682,test,-0.6514674,0.57532275,0.7092451522452135
42925,test,-2.6096194,3.0064807,0.9813606102299532
28676,test,-1.6841322,1.6867971,0.9162411257515028
33722,test,-2.0266027,2.4017696,0.9582099676374377
13016,test,0.5423336,-0.45804456,0.3391677140780167
13123,test,-0.28242663,0.47013402,0.6364114088709667
32551,test,-2.5498621,2.919169,0.9793815277126041
652,test,-0.81760275,0.67959744,0.7466779576824755
33142,test,-0.34388068,0.7075488,0.6833026478732686
32265,test,-1.4325597,1.7190017,0.9036808050619216
29777,test,-2.0593483,2.3106873,0.9565441307057343
34316,test,-2.0507383,2.2610602,0.9548180304561368
25873,test,-0.9334083,1.1633457,0.8176611983456634
44694,test,-2.4336915,2.650615,0.9731814579554181
42096,test,-2.2273068,2.4916477,0.9656360365310938
28943,test,-1.9070097,2.1958952,0.9480745681826893
28376,test,-1.079517,1.1837808,0.8344003784500685
41682,test,-2.0963748,2.2864175,0.9569137334959527
1072,test,-1.8524381,2.0558264,0.9409442335288559
33943,test,-2.2433882,2.6557765,0.9695841090959949
13326,test,-0.21642032,0.30045488,0.5974552940003599
6981,test,3.2674499,-3.514284,0.008896181445032071
1089,test,1.3123374,-1.5232061,0.12440287641570989
3421,test,3.277707,-3.556957,0.008575432187436128
50670,test,-2.1732895,2.4437337,0.9631885398632045
15856,test,0.021055097,-0.072791085,0.4918627947300715
7324,test,-3.2245588,3.6417587,0.9921444731612982
33144,test,-2.0404716,2.3106418,0.9559903061738757
1942,test,2.3636515,-2.6531737,0.029944944948225912
35214,test,-2.5577621,2.8053508,0.9778302002374762
1840,test,-0.9541581,1.023725,0.8049285372601613
4774,test,-3.0554748,3.4610345,0.9899872368242125
46245,test,0.71521956,-1.0457827,0.2315921832999546
46008,test,0.93341047,-1.094051,0.2000744405290181
39983,test,-1.066836,1.0741581,0.822232079816488
41097,test,-0.78375834,0.99288493,0.7818612502298196
26055,test,-0.20539235,0.3142876,0.5979272982491154
8216,test,-3.1566215,3.4910517,0.9908574284632117
43220,test,-1.8151995,2.1395335,0.9427257103275654
30702,test,-1.8668588,2.1615844,0.9454483362805849
33389,test,-1.5853802,1.7878923,0.9163668926042343
47960,test,0.16105618,0.03998493,0.48710144377307013
17024,test,-2.31645,2.7465603,0.9727897071271545
6179,test,3.2409234,-3.5886536,0.008605754756318557
43716,test,-2.5441704,2.8816936,0.9787625422549848
8306,test,-3.0187926,3.4088917,0.9893518682440129
12413,test,-1.9314388,2.0678964,0.9443880587947812
32203,test,-2.6193311,3.0650287,0.9822146673506056
15845,test,1.4920783,-1.6394304,0.10353795867100767
39993,test,-2.4659486,2.7983167,0.9762798562646927
35893,test,-2.3499942,2.6388814,0.9713821121678954
37410,test,-2.1360927,2.3376908,0.9594642558721687
36060,test,0.04955065,-0.029112985,0.49451874450826494
37894,test,-0.6815683,0.8576313,0.7521974367952449
30390,test,-2.5249956,2.9020548,0.9787797944551111
2083,test,2.1122289,-2.5678282,0.037604610991183014
33277,test,-1.4512066,1.5360407,0.893195955460169
2445,test,2.8741565,-3.2989588,0.013556446528112907
10912,test,0.09344324,-0.2251332,0.45268364846154274
29287,test,-1.9079373,2.1152434,0.9452580678184852
33495,test,-2.5141518,2.860884,0.9780103737260084
11880,test,1.8910035,-2.3513288,0.05040483134028134
48876,test,-1.7179658,1.8074995,0.9241763325290897
28506,test,-1.8031487,2.1408782,0.9423197974430637
5737,test,2.8327928,-3.2245584,0.014683707200222322
7824,test,-3.2235873,3.5728154,0.9917537818089264
16972,test,2.7648356,-3.167943,0.015999959823015938
7816,test,-3.155118,3.567427,0.9913201165246284
30111,test,0.8023783,-1.0719641,0.21777740151577363
28818,test,-2.4707313,2.8385289,0.9769982629880765
44359,test,-2.3715146,2.7004833,0.9729557091151838
5584,test,-2.403608,2.5949235,0.971569377188665
26886,test,-1.5335728,1.8028115,0.9143669311717164
15154,test,1.1794695,-1.1415225,0.16920640253712585
43670,test,-1.0793815,1.3511543,0.8499469576203857
15883,test,2.9499233,-3.261408,0.013203391918967767
27360,test,0.0857912,0.056571025,0.5031694690523159
14969,test,0.124525666,-0.2460469,0.4436839890170132
38652,test,-0.8794418,1.1053885,0.8056908459582298
38928,test,-1.9735221,2.494937,0.9593190765082821
36984,test,-1.1565772,1.3200355,0.854013504841192
13500,test,-0.12563051,0.057647374,0.5402623515596474
24489,test,0.042189505,0.09290292,0.5171485443241686
5256,test,-2.5255418,2.7067783,0.9757565625847299
6835,test,3.146615,-3.4759371,0.00993417216237646
25041,test,-1.4640536,1.7219266,0.9057572343441235
3656,test,-3.176971,3.5668187,0.9914471234749465
27816,test,-0.42355362,0.43705538,0.6537223780613773
3172,test,-2.6460016,2.957859,0.9812032731819735
27338,test,-1.6954645,1.9681146,0.9306781872229518
35377,test,-1.8397474,2.0008216,0.9382558650904371
40480,test,-2.510961,2.7409878,0.9760794189941623
42449,test,-2.5723672,2.927826,0.9798173574066487
11898,test,1.1388834,-1.1146749,0.17594478243596606
33489,test,-1.8979653,2.1239955,0.9452138735989424
29251,test,-2.0639052,2.28293,0.9558641608947477
42212,test,-2.31538,2.6876097,0.9716554362416834
6866,test,-3.1517363,3.4619493,0.9906394087651016
38461,test,-0.23089667,0.11554664,0.5684655293879625
33405,test,-2.4164805,2.6777554,0.973362234512817
29582,test,-2.5537136,2.8400264,0.978290143910476
1131,test,-1.9534273,2.161652,0.9484924298604552
28361,test,-0.68835217,0.61051023,0.7195361488352328
33246,test,-2.5821557,2.9159594,0.9797885767730048
1747,test,1.0409304,-1.1354538,0.1839133839632466
49536,test,0.11500501,-0.12423468,0.4664733560398821
31502,test,-1.7593824,1.8238729,0.9269623431436287
2537,test,3.202927,-3.4053164,0.010033151694139672
28111,test,-0.2589285,0.25007737,0.596130018082036
24972,test,-2.127125,2.418292,0.9613698089352379
5471,test,3.2376113,-3.4458275,0.009523690207217113
2190,test,-3.1804476,3.520594,0.9911896594515586
3947,test,3.1983302,-3.5521765,0.009090959666473178
30778,test,-1.4456003,1.8214599,0.9104908181538389
34962,test,-1.201496,1.4170533,0.8659680677639302
28498,test,-1.3572886,1.5414718,0.8871426369749107
47288,test,-1.04045,1.1224389,0.824460813711209
5281,test,3.2415695,-3.5284185,0.00896895482176495
7392,test,-2.774198,3.1522636,0.984944996551412
5650,test,-3.0749938,3.3741202,0.9895087147199458
49034,test,0.010053863,-0.041855212,0.499199697495154
12094,test,-1.4575742,1.6440228,0.9005938243985608
38762,test,-2.077604,2.3976455,0.9595041421577064
15297,test,-1.5865066,1.5613087,0.9034523631021726
38536,test,-0.07782004,0.15611157,0.5490541568563675
17099,test,-2.3815815,2.7414606,0.9738800030782663
27629,test,-2.1797078,2.1624856,0.9557269048923854
30454,test,-2.0356512,2.2690415,0.954603000117199
30308,test,-2.895138,3.238203,0.9869478441908219
28211,test,-0.6152075,0.698447,0.7216205719677463
31808,test,0.41220173,-0.6241146,0.3335533303514107
10628,test,-3.1636133,3.5276358,0.9911296091889299
37133,test,-0.28197613,0.29055688,0.606787023402594
6955,test,3.241479,-3.4835,0.009253322429700872
3136,test,-3.039497,3.4228463,0.9896043965546416
2708,test,-3.1742492,3.5126958,0.9911030862202613
24850,test,-0.86871135,0.8616795,0.7762899536833163
35092,test,-1.9326574,2.1877575,0.9486745531829393
42961,test,-0.9807332,1.3111776,0.8371489149413804
6426,test,-2.8921726,3.3746138,0.9880977960429368
36697,test,-1.1709958,1.3062474,0.8540685108362583
38864,test,-2.693593,3.0839345,0.9833186356341878
38996,test,-2.434714,2.7018547,0.9741197424230317
44371,test,-2.6078057,2.9232848,0.980240573300948
40521,test,-2.2913406,2.5270612,0.967872207608422
32604,test,-2.205112,2.5841737,0.9672324801765801
4633,test,3.2571661,-3.4847558,0.009145243294031989
8337,test,3.239489,-3.5479617,0.008860972128039765
1915,test,-1.8483974,2.0503123,0.940571543050179
43676,test,-0.793418,0.9904309,0.7827201292175014
14127,test,-0.14738928,0.0061797076,0.5350938315050289
16683,test,-0.3466593,0.3023593,0.6194834651327532
7413,test,3.2699366,-3.5547209,0.00863517936065482
3543,test,0.34717426,-0.37089315,0.3847523932903991
12016,test,-1.3234202,1.4268175,0.8763092512682299
7466,test,-3.1702878,3.520836,0.9911288389808471
3869,test,3.2468336,-3.5308628,0.008921129805294609
30032,test,-0.27025646,0.03394677,0.5611992970918978
47086,test,-0.47442487,0.5618869,0.6810086172103756
6046,test,-3.0157733,3.4683533,0.9897600700987067
28494,test,-2.7912564,3.151159,0.9851096699650304
42949,test,-2.724112,3.082131,0.9836451065788769
42656,test,-2.0759218,2.2495897,0.9552302574608686
34778,test,-1.9314183,2.213479,0.9495024682319204
4139,test,3.3059206,-3.55169,0.008439967078088084
24730,test,-1.9486426,2.3168256,0.9533983786787975
14359,test,-0.12670748,0.053376455,0.5397070883876758
13505,test,-1.9888964,2.3747206,0.9563570157359256
37795,test,0.06408813,0.21855485,0.5352501294449984
32307,test,-2.52381,2.9251962,0.9790966106164818
5998,test,-2.92856,3.3376188,0.9880927948483906
29347,test,-0.6982317,0.859846,0.7546519218883901
44555,test,-2.1362858,2.4592001,0.9626503481936421
43558,test,-1.7466477,1.9928435,0.9340283988654028
44331,test,-2.5545704,2.91345,0.9793672395641493
1589,test,-2.2206495,2.4732776,0.9650500378115232
13901,test,1.9938486,-2.1323457,0.054440561239255864
29343,test,-0.711894,0.83491564,0.7531888461628214
32104,test,-2.2579207,2.670749,0.9701872133681123
41266,test,-1.8421947,2.1747153,0.9450305283694415
25821,test,-1.1452292,1.3210949,0.8531134749538819
30397,test,-2.8538022,3.182948,0.9860477362760938
47604,test,0.047206756,0.0062023276,0.5011076512002813
26907,test,-2.396268,2.696028,0.9733270077588874
32846,test,-2.619659,3.034853,0.9818460469309656
14512,test,1.637079,-1.7462475,0.08828500565304719
15772,test,-0.51814944,0.57473105,0.6895468333977205
48918,test,-0.34418723,0.40513846,0.6358873659202099
43665,test,-2.0273476,2.3160567,0.9557627509219635
6273,test,3.2745872,-3.5658846,0.008540944440765062
35398,test,-0.73007786,0.84499747,0.7568478386728881
5188,test,-3.1937737,3.480082,0.9910219447976185
25405,test,-2.120266,2.291877,0.9577527595344127
5960,test,-3.0205255,3.3467574,0.9888971938914785
33446,test,-1.1423545,1.3130802,0.852155888171919
38836,test,-2.1305804,2.4404807,0.9620308494390017
48967,test,0.052811492,-0.34267613,0.4393843029841409
29243,test,-1.3288128,1.4430646,0.8779415001297957
25959,test,-2.382583,2.5979815,0.9712199673193478
41408,test,-2.5558157,2.8632393,0.9786632601690947
62,test,-2.275799,2.6251616,0.9696211562244679
16420,test,-2.2907674,2.5263839,0.9678449819045052
28890,test,-1.8784573,2.1310909,0.9447622643717473
9056,test,-3.1278248,3.5395215,0.9909813187430788
1621,test,0.20675908,0.017055402,0.47511074085873006
35937,test,-0.19453251,0.21222274,0.5787889164611738
25919,test,-0.20831102,0.26243463,0.589666928633812
44086,test,-1.5695266,1.8394318,0.9182611734053668
34923,test,-2.1269493,2.264541,0.9571640212167702
27931,test,-0.6404139,0.8719552,0.7486807569499544
13515,test,-0.105598636,0.15739867,0.5540855586905729
33611,test,-2.0647798,2.3519897,0.9578835809000183
47259,test,-1.5252872,1.7673401,0.9119384256975005
38094,test,-0.40639463,0.53031814,0.6656786991623365
28505,test,-0.6585975,1.0100974,0.7687019636116592
44658,test,-0.118002735,0.24758159,0.5717487254582782
11677,test,-0.3916157,0.26499534,0.6207352307325256
48671,test,0.0829376,-0.20535721,0.45793956731082164
38439,test,-2.290741,2.5751987,0.9688908156702803
13572,test,2.7088873,-2.9204965,0.019710371407575002
25134,test,-1.850566,2.0716398,0.9414840895853207
49208,test,0.014260863,-0.0797684,0.49183077051094315
5490,test,-3.2064095,3.605763,0.9918435545263264
5328,test,-2.8943558,3.2558968,0.9870994356215117
8551,test,2.5972059,-2.9809341,0.02041539840135517
2389,test,2.6784139,-3.054257,0.018361077685955667
32517,test,-0.674789,0.9710181,0.7658416394219912
5037,test,2.7247553,-3.13637,0.016808953611869983
6548,test,-3.048666,3.3651812,0.9892493631108468
28987,test,-0.32681847,0.5924224,0.6629518542399288
31255,test,-1.7850293,1.9393009,0.9333715530783171
14656,test,0.37294152,-0.5753333,0.34738813899821036
31229,test,-2.2952538,2.3390608,0.9636152236320948
16143,test,0.44515723,-0.6694891,0.32148011254302317
5387,test,2.9378874,-3.298162,0.012979884810492831
40882,test,-2.3454127,2.671156,0.97191600215787
4082,test,-3.1813645,3.606693,0.9917058795147475
40491,test,-1.7885913,1.8800176,0.9309049534441806
35983,test,0.052423954,-0.21021408,0.4624001456154682
32575,test,-2.6573815,2.9875445,0.9817260785205927
47630,test,-0.8485882,1.2521228,0.8180737233230698
4853,test,2.8738132,-3.2944858,0.01360159677536433
37836,test,-0.85439676,0.96111804,0.7864655843397761
8150,test,-3.1421013,3.4534376,0.9905209019276915
512,test,2.4703684,-2.5979,0.028916622388822723
25965,test,-2.8511016,3.0514321,0.9846946475822244
2632,test,-2.259964,2.5290732,0.9672269691269583
12417,test,-2.4838014,2.850617,0.9773906429259612
30468,test,-1.0218366,1.2912374,0.839158098264339
15541,test,-0.4458609,0.44790486,0.6589564619388533
8882,test,-3.1074128,3.5065918,0.990641478831619
8970,test,-2.9306269,3.1728692,0.9866760195915426
41754,test,-1.3308669,1.5222944,0.883907756325582
988,test,2.3833842,-2.4477365,0.03395994713350089
30104,test,-1.3668009,1.5748307,0.8901119575662391
29345,test,-0.09776206,0.3187688,0.5804559519957098
47826,test,-0.3658482,0.6103841,0.6718056490708701
36364,test,-1.3859167,1.5117856,0.8870684731647208
24820,test,-1.8355452,1.951255,0.936039533434065
49648,test,0.24640371,-0.2713437,0.418428706520696
3289,test,3.2192874,-3.5532844,0.008952896155200256
11330,test,2.3404171,-2.4632406,0.03459618643060179
4582,test,-3.0914934,3.4639974,0.9902540851615286
16228,test,-2.2004871,2.4042282,0.9628819004228347
29270,test,-1.9642154,2.2628384,0.9521892093841957
2273,test,3.1332614,-3.3614707,0.010853727881083785
36150,test,-0.78256893,0.9392566,0.7752471855636721
2746,test,-3.0325484,3.3808577,0.9892460796323851
643,test,2.6154335,-3.0466847,0.019272548047889908
47620,test,-0.8492762,0.9812451,0.7882240530607145
5844,test,-3.0748944,3.4152918,0.9898029633756301
37434,test,-1.0802413,0.93398523,0.8088914517844183
32167,test,-2.7992191,3.1298194,0.9849717152486839
28618,test,-2.1445153,2.4788232,0.9633449307726615
39044,test,-2.2716088,2.5657637,0.968282509832184
995,test,-0.56951636,0.5671097,0.6960625780902807
12410,test,1.1989628,-1.4051827,0.14314231579639936
37456,test,-0.8091865,0.9896315,0.7844965685505016
25610,test,-0.58257717,0.63110524,0.707349762266656
37718,test,-1.1643701,1.1131343,0.8357696622001787
37127,test,-0.77240777,0.75440425,0.7505779006011054
15049,test,-1.3130132,1.6277397,0.890051791370124
35138,test,-1.7324362,2.0900679,0.9375193554617086
5689,test,2.0069304,-2.2335572,0.050466664339134604
48274,test,-0.66066414,0.6396906,0.7197468704469856
24872,test,-0.6517753,0.86978585,0.7498892824476256
4797,test,3.2374473,-3.5561912,0.00882301992489635
30482,test,-2.2145262,2.4683485,0.9647882004251854
44551,test,-1.834217,2.168817,0.9445238587562206
6863,test,3.2766836,-3.5720408,0.008492173950029144
37244,test,-1.4419332,1.7184584,0.9042173810549209
7469,test,3.2991648,-3.596568,0.008219588166261262
14040,test,-0.38905668,0.034431133,0.581641206915302
13389,test,-2.1902237,2.41886,0.9629910128009146
36445,test,-0.2280336,0.28380653,0.596607499153808
47217,test,-0.68080187,0.7930402,0.7435733559529106
10540,test,-3.0721416,3.3349385,0.9891988781751291
13839,test,-0.94309556,0.9207866,0.7920952782306367
26259,test,-0.82989544,0.8780359,0.7735483309717188
16691,test,2.2619128,-2.2666435,0.04163577812302861
26311,test,-0.54549927,0.55193734,0.6902290290821596
42075,test,-2.3373992,2.5902905,0.9701673708463776
43819,test,-2.4665499,2.8394434,0.976946826777124
36383,test,-0.16064546,0.21608993,0.5736585426384957
47646,test,-0.17315169,0.2812865,0.5869026214245319
37040,test,-0.610907,0.72479385,0.724709509518442
46892,test,-0.30403322,0.3814329,0.625477822058854
8761,test,3.0695534,-3.4233778,0.010867268580525027
47428,test,-1.867196,2.2655668,0.9490937112102803
35253,test,-2.401999,2.743886,0.9742836106665643
24861,test,-1.9655402,2.1231246,0.9475817417939094
35643,test,-1.5306726,1.7433867,0.9108892289070993
1444,test,-0.49803513,0.53148323,0.6799748821664178
37859,test,-0.1587572,0.29649326,0.5870404407435788
31474,test,-2.2249281,2.3327234,0.9616865494442689
1172,test,0.6073211,-0.7695808,0.2828186929376129
31891,test,-1.9275793,2.2404299,0.95027241647432
36238,test,-1.0686393,1.243488,0.8390686447621177
48430,test,-0.61344486,0.740462,0.727244281754242
29200,test,-1.2587067,1.3628577,0.8662127964059089
38935,test,-2.7382088,3.1930175,0.9849943627871863
7000,test,-2.9384446,3.317093,0.9880048520891497
43165,test,-2.3396373,2.6204727,0.9708171161419856
49522,test,-0.12213574,0.054913897,0.5391794902433996
14103,test,-1.5606658,1.6213845,0.9055221965866977
32371,test,-1.8620299,2.0776863,0.9421555978750625
33123,test,-2.3959832,2.8243232,0.9755568679214021
8275,test,3.1367805,-3.3679192,0.010779089164443803
38176,test,-0.30436835,0.43838492,0.6348216801436143
29296,test,-1.7465407,1.9012488,0.9299618367494692
47528,test,-0.1394304,0.32814667,0.5891302536658101
40744,test,-1.2945668,1.49467,0.8792374541286132
37172,test,-0.7436753,0.8453968,0.7586460338303681
38807,test,-2.143146,2.329341,0.9594289502309558
817,test,-0.5211727,0.5993902,0.6936789758483857
31342,test,-0.8387013,1.0255458,0.7921373383519136
24897,test,-2.4031286,2.6704783,0.972985325611393
11358,test,-2.0924532,2.1405177,0.9523773872141271
7126,test,-3.181684,3.5043824,0.9910976626692182
29107,test,-1.836895,2.0020251,0.9381889770435912
32785,test,-1.906,2.0881977,0.94419892183871
42105,test,-2.6321793,3.0601995,0.982312442598476
28394,test,-2.2481117,2.7106066,0.9707895096409646
31279,test,-2.0745816,2.4491856,0.960803143039871
41220,test,-2.0627663,2.434884,0.9601089432986077
3644,test,-2.4084313,2.57335,0.9712437632199813
26754,test,-1.3407795,1.678341,0.8953054014006169
33294,test,-1.3949366,1.6425266,0.8965026083184009
41354,test,-1.1362373,1.2431725,0.8453261196166555
34722,test,-2.507578,2.6786704,0.9749819884272161
26860,test,-1.3825554,1.6628752,0.8970188481799546
16517,test,0.37250194,-0.50351393,0.3589399462179012
41410,test,-1.9500874,2.0154977,0.9431344206585658
5717,test,2.7318158,-3.1892824,0.016129172905342392
3407,test,0.4880844,-0.9115708,0.27959992078918017
2199,test,2.265161,-2.4574988,0.03654029423653659
31605,test,-2.7580075,3.087511,0.984081485407619
33823,test,-2.0569603,2.455124,0.9604940470765607
32775,test,-1.8449485,2.1253653,0.943311652792183
33504,test,-2.7926693,3.1415796,0.9850255984191272
28017,test,0.33095685,-0.60210794,0.3498053740053344
31427,test,-1.5366946,1.645645,0.9055395182616904
48889,test,0.017621433,0.052447017,0.5143714628260143
17025,test,0.8263311,-0.9449319,0.23031670268458734
35552,test,-1.1495693,1.1940751,0.8420249434944821
31056,test,-1.8339392,2.0096405,0.9383778174589193
31141,test,-0.95948106,1.0209695,0.8052105217034781
34655,test,-1.8392321,1.9128686,0.9345701103239985
35652,test,-0.8001297,0.9400276,0.7774747462073158
2634,test,-2.8734832,3.0982606,0.9854077789921946
13479,test,0.84738487,-1.0949311,0.20978224346064792
37392,test,0.014406392,-0.18317123,0.47373666463887387
39112,test,-1.9566308,2.2821302,0.9525608424951413
15015,test,-0.8024017,0.67609817,0.7441944251174937
29276,test,-1.5310768,2.0112658,0.9249999027155829
5640,test,-2.8131223,3.1215463,0.9850299295836279
3122,test,-3.05162,3.412285,0.9896156359613313
14073,test,0.7295987,-1.0339118,0.23127993201429917
41805,test,-2.2087085,2.3930893,0.9628088536368834
33269,test,-2.400946,2.7915344,0.975088156944609
36111,test,0.07234006,-1.3647121e-05,0.4956226680469266
5136,test,-3.132576,3.5100193,0.9908251782170799
16959,test,-1.7933412,2.0608861,0.938807321357487
3980,test,-2.6841502,2.9213912,0.9812249572813602
6776,test,-3.1606538,3.5181508,0.9910527092086255
14932,test,-1.345493,1.625163,0.8920831623867537
29986,test,-2.2528155,2.4279714,0.9647385266225339
30226,test,-2.2908812,2.5671716,0.968724010224384
26774,test,-0.7878053,0.79577833,0.7579420029607196
1097,test,-1.7108406,1.8205575,0.9244667770133591
29648,test,-1.9352602,2.1429691,0.9472177867144859
32285,test,-0.7810062,0.9977356,0.7821116425037252
1027,test,1.3889183,-1.6787597,0.10775847331984509
38955,test,-1.792991,2.0058239,0.9365411192153336
12701,test,-0.6894267,0.72517663,0.7355887288491386
8909,test,3.2594237,-3.5512955,0.008719088872980747
49599,test,-1.2864556,1.2532717,0.8594349628127416
40876,test,-2.3598068,2.6883442,0.9725130715427964
8334,test,-3.1810417,3.5996637,0.9916634486914208
10718,test,3.0666223,-3.3635151,0.011349964986932111
26877,test,-0.70659786,0.76536757,0.743322845156003
42198,test,-0.68903726,0.8275009,0.749229363083301
6589,test,3.2073736,-3.3399558,0.010465558732059704
32204,test,-2.6585262,2.9336734,0.9810521600320207
41607,test,-2.228078,2.5225542,0.9663641620540189
34323,test,-1.854576,2.1918519,0.9460938866804579
36913,test,0.22645912,-0.2268993,0.42943341511672994
459,test,-1.2934111,1.5452906,0.8828652700486528
28921,test,-0.5585518,0.7637086,0.722828881946639
14519,test,-1.9189917,2.042876,0.942994725127743
39582,test,-2.351079,2.556841,0.9697642946819426
28098,test,-0.3769,0.60522455,0.6727142267878041
6607,test,3.02654,-3.3039453,0.012159837816897093
14763,test,2.3584561,-2.716031,0.02879465466366362
40532,test,-2.400342,2.799265,0.9752090268791718
40543,test,-2.4137888,2.7953253,0.9753693835791933
31272,test,-2.4431381,2.8587062,0.9768813391493137
29944,test,-2.2935176,2.4705596,0.9666686851670855
48457,test,-0.25044206,0.3142733,0.605480821870803
10640,test,1.2795097,-1.5147783,0.1275822344124793
43877,test,-2.1837335,2.3389897,0.9607756157335113
38853,test,-1.0888036,1.4027511,0.8553124643611946
32054,test,-2.6138306,3.0946677,0.9825073929643053
39196,test,-2.4636412,2.7953315,0.9761939255736801
13444,test,1.5557642,-1.7325023,0.09378874364944975
49659,test,-0.23563038,0.33569896,0.6065860087173296
48204,test,-0.4859274,0.6004552,0.6885724704439207
13440,test,-0.38189772,0.44850144,0.6489208379243875
15084,test,1.1375799,-1.4294202,0.14636057804416497
48920,test,-0.33779427,0.28889278,0.6157924814819663
15102,test,-0.59544355,0.56504416,0.6995840151296859
27797,test,-2.013708,2.2655327,0.9538247727446597
48720,test,0.09894826,-0.16980033,0.4613372168610674
39669,test,-2.114954,2.3983455,0.9605263066520431
41189,test,-1.6173943,1.6371838,0.9097763166465902
27390,test,-0.43168995,0.60844356,0.6815893788771047
7501,test,2.7488108,-3.1668046,0.016190180632269874
42803,test,-2.1939926,2.6399653,0.9682090334892351
7693,test,3.3066006,-3.5773563,0.00828704724596816
29059,test,-2.4339085,2.890565,0.9772363244384782
35925,test,-1.4050854,1.7593983,0.9044651416073883
10674,test,2.8018758,-3.1453643,0.015841390671114272
28633,test,-1.6224569,1.8179852,0.9198998622985896
10644,test,2.3214426,-2.4374514,0.03565794023098412
30732,test,-1.6214893,1.952638,0.9265286477148669
37949,test,-1.6950622,1.7359543,0.9194124409795308
33102,test,-1.191058,1.327511,0.8576365126903227
43438,test,-1.7128482,1.6919824,0.9180440790142709
3538,test,-3.0804882,3.439511,0.9900114193962567
36029,test,-1.5720816,1.7290419,0.9124147842946647
6508,test,-3.1402228,3.5207765,0.9909415321049633
46704,test,-0.88245505,0.8487068,0.7763836468724772
3024,test,-3.137986,3.497754,0.990781460468145
37727,test,-0.3602387,0.45959392,0.6472341970388421
27969,test,-1.6086824,1.5981873,0.9069978256010287
38040,test,-0.68329424,0.72534597,0.7347762091708673
14137,test,0.12402104,-0.26740626,0.4400844070720879
3796,test,-3.1881928,3.5650895,0.9915032758477771
40085,test,-2.585415,3.0935864,0.982149036116593
46112,test,2.8696785,-3.2224107,0.014336076310428379
28993,test,-2.8015347,3.238607,0.9860803514966188
43441,test,-1.0754639,1.2588645,0.841155730445001
3089,test,3.1670635,-3.5032341,0.009610838748144258
6907,test,2.6214097,-3.1134057,0.018334044697214506
16323,test,0.39442664,-0.58221596,0.34290084949044136
49316,test,-0.29830793,0.2606071,0.6045107053558924
36907,test,-0.40910476,0.4551451,0.6542989695965739
12333,test,-1.5342828,1.7917084,0.913795669970777
33234,test,-2.5731647,2.9298906,0.9798569327626688
40624,test,-0.42385268,0.45666978,0.6568704521117079
34216,test,-2.2784982,2.5654106,0.9684226994779019
44054,test,-2.3301234,2.7359614,0.9728466040344051
4489,test,3.253755,-3.5490074,0.008767351239514765
38747,test,-2.6544008,2.9413848,0.9810987573744074
31672,test,-2.2025177,2.617966,0.9679174841735285
12085,test,0.30092862,-0.63272816,0.34971114677630005
13703,test,-2.2132053,2.5503588,0.9666571133377698
34754,test,-2.7113094,3.1502042,0.9842559003624038
38741,test,-2.4150243,2.6709332,0.9732115996873867
10659,test,2.2840073,-2.7492115,0.029613453756142348
40716,test,-1.741053,1.9667563,0.9326488824380456
41737,test,-2.7792945,3.225764,0.9857392786326288
27423,test,-0.42565534,0.57116765,0.6749750738479648
27853,test,-2.0373342,2.238674,0.9537250238384758
47829,test,-0.06248087,-0.055517,0.509499391779398
38181,test,-0.85190105,0.78817815,0.7651219876949428
33655,test,-2.3812785,2.7109838,0.9733263969415714
24775,test,-2.258156,2.5536168,0.9677276283439779
14637,test,2.2648995,-2.3090966,0.040385148551713976
5267,test,3.213211,-3.4173803,0.009878985981803309
49119,test,-0.28917578,0.22447367,0.5969122143030692
49167,test,-0.30424455,0.14570732,0.5861411670035738
47240,test,-1.6826388,1.7295295,0.9184296351915676
33947,test,-2.4657052,2.6665473,0.9740434758041684
7422,test,-0.10786964,-0.15332642,0.5003286368170026
26207,test,-0.3608272,0.6537506,0.6776951979416896
40260,test,-0.68035215,0.96916753,0.7663072714211605
39869,test,-2.0407834,2.3873358,0.9582028710419473
40701,test,-1.3096471,1.4193463,0.8746886273501476
3433,test,3.1696308,-3.5169592,0.009502909064666963
31210,test,-2.1351147,2.369822,0.9603037939046286
5031,test,3.1932354,-3.5345445,0.009235368339460915
16530,test,1.8211374,-1.9602258,0.0682853894373772
1932,test,-1.3462108,1.4444321,0.8793419112351016
28731,test,-1.4430076,1.6421959,0.8995619476781676
7822,test,-2.1188614,2.3974376,0.9606058253471501
27151,test,-2.0726666,2.2067685,0.9538307618964939
37405,test,-0.52972144,0.59532833,0.6943458288584767
36255,test,0.07349892,-0.02962896,0.49023932300165085
14228,test,0.0802328,-0.028882293,0.48919220047942663
35729,test,-0.43242535,0.37317502,0.6449566255871935
33540,test,-2.1107764,2.4845035,0.962645164316288
12078,test,0.03259946,0.026126025,0.507148959053559
26694,test,-1.814284,1.935626,0.9344762938839436
48136,test,-1.2778481,1.4808995,0.8769533626943125
28936,test,-2.70685,3.1506193,0.9842119784955143
16736,test,-2.261287,2.4855413,0.9662775239790721
30155,test,-1.3739759,1.589744,0.8916149406857308
26469,test,-1.1399184,1.2834593,0.8493069152500907
25107,test,-1.9742891,2.1094136,0.9474089768832569
27132,test,-1.7848309,2.0585399,0.9383693645999654
40805,test,-1.7862245,1.970878,0.9347838421143857
16927,test,0.4317869,-0.5599707,0.3405212813072728
4007,test,2.5529876,-2.8458712,0.023081635716139203
48644,test,-0.5718997,0.49707744,0.6859542703594992
13343,test,1.7865082,-2.1192677,0.06294956268387632
25465,test,-1.0446275,1.0509106,0.8175342942507241
1280,test,-1.7256893,1.9320402,0.9304135943188597
15951,test,-0.2418833,-0.025804548,0.5459586993384709
41919,test,-2.5747504,2.9484427,0.9801332337280159
4766,test,-3.2240508,3.540128,0.9915672818000544
11373,test,-0.80143064,0.9973087,0.7844872591254535
41909,test,-2.5535488,2.9198256,0.9794428205049636
44669,test,-2.5202258,2.7552652,0.9764611144359613
29387,test,-0.5818412,0.7272708,0.7209814756372394
31541,test,-1.2937822,1.514048,0.8806123527481973
42585,test,-1.2510039,1.3950303,0.8681850348404617
47277,test,-1.3563128,1.5287355,0.8861782319939309
28119,test,-2.130991,2.452404,0.962344903701519
42419,test,-2.68387,2.9879694,0.9820609451580375
40935,test,-2.5074806,2.859296,0.9778857189212624
31862,test,-1.9340433,2.1922245,0.9488736400491974
13902,test,-0.934051,0.5865655,0.7497652601014655
26616,test,-1.1720451,1.1969885,0.8443742322294766
48225,test,-1.8340267,2.0729694,0.9408948860799515
47091,test,-0.09617078,0.13985933,0.5494177667196279
26077,test,0.22003417,-0.30552652,0.41709862101297807
31655,test,-2.4785852,2.8971696,0.9780211941693226
24608,test,-0.67964846,0.7992405,0.7442462626795566
13924,test,-1.929289,2.1927917,0.9487312907155736
13226,test,0.9294185,-1.1077222,0.198992473031118
28162,test,-0.22114326,0.35717437,0.6077525564115579
3143,test,1.9910482,-2.2352557,0.05094447744206024
42842,test,-2.720134,2.9737084,0.9823302318413685
34117,test,-2.603922,2.8696628,0.9794457835444202
37501,test,-0.13213983,-0.09486177,0.5148002012882232
29032,test,-1.6756499,1.8985018,0.9265298063075534
26157,test,-2.080943,2.1977262,0.9538071537394475
5596,test,-3.1547132,3.4911876,0.9908461843960297
26153,test,-0.18227471,0.33910513,0.5982132818422539
4303,test,3.13921,-3.4566772,0.010119410601036492
5413,test,3.2189074,-3.5315409,0.009091327943984824
12579,test,-1.109189,1.1814027,0.837023014727487
28487,test,0.048361007,0.091408834,0.5158087747657693
5577,test,2.9192977,-3.3101773,0.013038965120953391
5805,test,3.1982973,-3.5632532,0.00902159609739031
8991,test,3.2314935,-3.5184329,0.009094619046938953
40577,test,-2.2863684,2.3523922,0.9637241633103716
29356,test,-1.9989613,2.3389912,0.9556011476508842
48841,test,-0.3372256,0.34194225,0.6244446626216179
45521,test,0.6792617,-0.77013636,0.2726417494142804
38981,test,-2.6955848,3.1561575,0.9841495752126119
38089,test,-0.4994073,0.5357088,0.6808267995927431
8369,test,3.1869626,-3.5577517,0.009127551305055052
28691,test,-1.8036187,2.114916,0.941342384088634
15464,test,-0.925945,1.208642,0.8215757046706359
37506,test,-0.49355742,0.5485325,0.6818864616602579
43741,test,-1.5941576,1.710684,0.9126225076792941
11912,test,-0.19604787,0.08335994,0.5569214703186238
4645,test,3.0965507,-3.48392,0.01022806183312498
49652,test,-0.40755546,0.49817327,0.6608355302557141
16512,test,0.83861744,-1.0152189,0.22023210522573317
33147,test,-1.6790836,1.7593386,0.919795636689899
39150,test,-2.1290126,2.3538728,0.9597112823646552
42044,test,-2.5657797,2.846125,0.9785585111849682
37733,test,-0.10615513,0.11438131,0.5467319489399878
6954,test,-3.09515,3.4758582,0.9903583400996481
37871,test,-0.30136222,0.15990016,0.5880600780734465
37620,test,-0.14580438,0.09290832,0.5498825024442412
36144,test,-0.2881119,0.41807762,0.6288691520624378
11309,test,0.0047201696,-0.06252292,0.4965168030121752
30135,test,-1.9483666,2.0888367,0.9457636810136636
25101,test,-1.1721983,1.5353336,0.8730329968496099
24859,test,-0.5049538,0.4250734,0.6646365715536774
8204,test,-3.2533646,3.586884,0.9920009919012848
29932,test,1.4955041,-1.7052903,0.09912287704854501
15664,test,0.3588886,-0.34970242,0.3863235576415679
7449,test,3.2969353,-3.5590878,0.008449270932067375
12257,test,-1.5617641,1.5176185,0.8991932749860185
30743,test,-2.0957975,2.3935466,0.9598856988983008
28442,test,-2.1536474,2.3448224,0.9601309025671811
39955,test,-2.4757538,2.7298574,0.9753104193812874
38532,test,-0.3001376,0.230426,0.5997571620042318
27076,test,-1.527722,1.7125385,0.9089504185770315
12597,test,-0.6430858,0.80782557,0.7405014107237414
28319,test,-1.9396976,2.102704,0.9459499976778727
27391,test,-1.9365731,2.1211624,0.9464960765939922
32322,test,-1.8600374,2.203881,0.946714789858756
38970,test,-0.5418569,0.4497508,0.6741738084469977
36473,test,-0.45667365,0.4403009,0.659460975637618
25070,test,-0.69469416,0.8607715,0.7543132879848071
28642,test,-0.5614305,0.66191345,0.7087475357122784
40787,test,-0.98981756,1.2422892,0.8313619769546793
33903,test,-2.5901866,3.1015391,0.9823045000083058
40900,test,-1.4994025,1.6739538,0.9050003539821969
44533,test,-2.1116133,2.261599,0.9566364524886923
43007,test,-2.039907,2.2134776,0.9530211921319313
15566,test,-2.43573,2.6249588,0.9727466631388434
32063,test,-2.2841425,2.546908,0.9681463395778541
40203,test,-2.2386036,2.5723295,0.9677092693180928
43522,test,-1.1601323,1.0235459,0.8265566000253955
34542,test,-1.9165398,2.3901486,0.9546634899644567
6937,test,2.7204819,-3.1824672,0.01633198532634327
28868,test,-2.2954042,2.542085,0.9682850156531833
28820,test,-2.0706959,2.1730094,0.9527169640853165
5542,test,-3.132791,3.4917233,0.9907094250991708
47746,test,-0.11496264,0.33815378,0.5866783217847695
3208,test,-3.1473024,3.5034828,0.990877138276984
29757,test,-0.7058126,1.0284903,0.7767650699768293
15708,test,2.6188755,-2.797302,0.022809898571887352
15070,test,1.3842365,-1.5589064,0.11642938619612331
49159,test,-0.39288205,0.43400505,0.6483606501753606
34293,test,-1.648578,1.9279407,0.9266425011974079
35956,test,-2.087551,2.397965,0.9597824113067053
12761,test,1.7417418,-1.9787406,0.07104663321818495
3505,test,3.2695312,-3.5648522,0.00857710208930552
41659,test,-2.540344,2.8228924,0.9778320739109927
40123,test,-2.296814,2.5241716,0.9679283896426961
24867,test,-1.4009827,1.6321144,0.8962187434546476
26097,test,-0.74158365,1.0301865,0.7812790108061206
36314,test,0.008685266,0.07591529,0.5200344068197511
48544,test,0.045556962,-0.016295893,0.4974598826351232
15932,test,-2.4827433,2.8946795,0.9780462735442873
1101,test,-1.6843561,1.8464001,0.9244354048791125
34550,test,-2.242309,2.5249457,0.9667402667478363
40055,test,-2.710889,3.094469,0.9836351418828084
6089,test,2.9028425,-3.2175999,0.014058361685489254
35680,test,-0.54807305,0.5757759,0.694167442028873
40213,test,-2.4964724,2.9056976,0.9784150961781936
26988,test,-0.99148947,1.1185505,0.8190434251393559
40795,test,-2.636057,3.0163364,0.9818195992191375
12327,test,-0.0025382475,0.110830076,0.5280882274864017
45756,test,-0.91821,1.1204807,0.811524237737576
30592,test,-2.708714,3.1367183,0.984080539144859
40225,test,-2.0648096,2.3438578,0.957654224602723
15484,test,-2.0892467,2.3452284,0.9583806660794867
30565,test,0.64170754,-0.98959017,0.2481382486441825
5121,test,3.2485106,-3.5255332,0.008943760037961686
14710,test,-0.35909817,0.3848013,0.635007625748166
28010,test,-0.57044244,0.6308864,0.7055568050033996
44450,test,-2.6695118,3.1056075,0.9832909661595053
35369,test,-0.75115854,0.7709772,0.7499646977929311
889,test,0.8632558,-0.9438937,0.22589458185439595
34028,test,-1.7789387,1.9181217,0.9321747923301367
3223,test,3.0090048,-3.4012504,0.011507172901319935
4150,test,-3.2185652,3.5643113,0.9916760006313928
29709,test,-1.5500525,1.8273399,0.9165876050707072
16432,test,-2.3563333,2.642919,0.9715833072142523
8509,test,2.8264613,-3.0432215,0.016710260023226547
48635,test,-0.16528085,0.30434895,0.5894779556967037
4794,test,-3.1618853,3.5205758,0.9910753719088974
4,test,-0.76017946,0.5428915,0.7201301663577939
34950,test,-2.392703,2.6143246,0.9717331630827615
48125,test,-1.6650585,1.8084425,0.9215882053241272
48356,test,-1.2932454,1.4762985,0.8777663823229501
40959,test,-1.961282,2.1171947,0.9472264413503853
31495,test,-2.2248929,2.6098127,0.9682251362148794
15270,test,0.22411896,-0.1485384,0.4433238758518951
44262,test,-1.4930612,1.3315303,0.8818401566839558
37832,test,-0.2365955,0.34515202,0.6083246555886043
25411,test,-1.4113864,1.6997105,0.9011874550071075
25643,test,-1.406622,1.9769082,0.9169154438472471
40112,test,-2.1861897,2.4523396,0.9637185044184999
27628,test,-1.9210604,2.2087162,0.9489926410861589
40607,test,-2.3247023,2.620234,0.9705147411160006
36143,test,-0.8554781,1.2191344,0.8153394784476669
43617,test,-1.2287005,1.4231666,0.8686515170707564
49180,test,-0.74252635,0.68690014,0.7376015628242052
28357,test,-0.06347822,0.20278785,0.5546507217003809
12476,test,0.94603944,-1.1841458,0.18881593086608758
28726,test,-0.42628792,0.49495807,0.6632653469420878
32253,test,-2.5986493,2.8709335,0.9793893232891406
24806,test,-0.41722396,0.51957244,0.6656917242020154
4225,test,3.0020294,-3.3324952,0.012125927082056223
38419,test,-0.39339837,0.35420963,0.6356089798068996
49717,test,-0.58558446,0.57900167,0.7001865009355657
39466,test,-2.5403314,2.956681,0.9797732884905487
41290,test,-0.15122873,0.28085837,0.5831049611768958
7806,test,-3.2527962,3.582243,0.9919720094030524
30700,test,-0.43347216,0.29183355,0.6319862535267282
35722,test,-0.17316242,0.030886488,0.5438708586758196
41270,test,-2.7453907,3.1895566,0.9850328056809043
34009,test,-1.1217159,1.4360499,0.8609531866740718
37275,test,-1.0261999,0.95239776,0.8050070478891866
26975,test,-0.40050045,0.51734143,0.6627330373069631
25690,test,-2.2506342,2.4223003,0.9645510987651296
13813,test,0.7170478,-0.7937855,0.26419899363900484
31916,test,-1.8674681,2.1464303,0.944920934413723
6250,test,-2.962226,3.2791848,0.987887112775256
41458,test,-0.9152507,1.0160346,0.7997568151742284
12362,test,0.102501616,-0.14562616,0.46492555145577114
2145,test,3.1516566,-3.5041535,0.009707831349957391
8298,test,-3.1528873,3.442349,0.9905189135711114
27686,test,-1.6407548,1.7670227,0.9181991256471029
36127,test,-0.21803446,0.14634919,0.5715429612026319
16679,test,-1.7991976,2.0469916,0.9384833386709676
11221,test,-2.6112747,2.8691776,0.9795423231674937
37867,test,-0.3752893,0.5433582,0.6628590509696367
4977,test,3.2775307,-3.582294,0.008427009776210486
7428,test,-3.1663227,3.5697966,0.991401481657211
14373,test,1.5597872,-1.8708881,0.08565384816827291
16363,test,-0.110354304,0.1821334,0.5591791716489696
26973,test,-1.9095103,2.0535195,0.9430384280267923
39213,test,-1.827896,2.1876411,0.9449805960613039
43198,test,-0.83891743,1.0210444,0.7916430743951858
32647,test,-1.9845759,2.1803565,0.9501705616763175
30643,test,-1.4012759,1.4928857,0.8868199874279641
16165,test,-1.6727729,2.0560663,0.9335675344075142
41187,test,-2.143193,2.4652066,0.9629739475325291
48359,test,-2.383127,2.7961676,0.974863004761311
44453,test,-1.3955011,1.5653409,0.891420148542873
34478,test,-1.9826314,2.079718,0.946659371373645
34589,test,-1.6715081,1.9758685,0.9299430107255156
15043,test,-1.7176797,1.6159621,0.9142165281573861
41211,test,-2.0421362,2.2745667,0.9549658728781474
1421,test,-1.8083178,1.9979086,0.9368486989494256
25608,test,-1.8053292,1.9938921,0.9365580204807075
25815,test,-1.5122322,1.5559531,0.8984806971940545
28163,test,-1.856105,1.9803482,0.9380887797103923
3288,test,-2.810698,3.114012,0.9849268071682833
35319,test,-1.1219666,1.3761518,0.8558800219957996
36293,test,-1.2077938,1.2513463,0.8524823182544632
28343,test,-0.8287237,1.1391636,0.8038277285702629
8400,test,-3.0685039,3.42656,0.9898373600787296
44140,test,-2.0573475,2.435394,0.959977155623159
26698,test,-0.87653106,0.867874,0.7779886554684318
38980,test,-2.1446512,2.3688765,0.9605323608121916
12684,test,-0.013360693,0.0759424,0.5238890001325055
6513,test,2.816057,-3.195819,0.015151363127345548
27695,test,0.3421933,-0.60974294,0.3468074191068132
5813,test,2.975683,-3.3650875,0.012073675543437095
25352,test,-2.1224668,2.351381,0.9594660080516992
31128,test,0.7585005,-0.9597756,0.2369562335763915
44360,test,-1.6573962,1.8087412,0.9212149840201125
38624,test,-0.6047794,0.8336213,0.7388153685068205
1636,test,-0.014624926,-0.10055727,0.49324714974988193
6462,test,-3.1389837,3.434875,0.990377371123996
47446,test,-0.71914476,0.9363732,0.7670582090730739
30290,test,-1.5655764,1.9744467,0.924887207388908
26995,test,-2.2062542,2.4729953,0.9647019073970594
48186,test,-0.65682083,0.59315866,0.7125805463185814
3056,test,-3.0624816,3.421916,0.9897619927649545
46238,test,-0.4261776,0.59945387,0.6793826248640897
38990,test,-2.7091126,3.084719,0.9835047774647518
40406,test,-2.673268,2.9656878,0.9816509672617422
16522,test,0.5080232,-0.5217193,0.3345768533724707
27614,test,0.16544075,-0.17634584,0.44866217748417125
37858,test,0.22150144,-0.072977185,0.4568654551546515
49476,test,0.4766173,-0.4016377,0.3585794322888622
28853,test,0.012557142,0.08134291,0.5203061682011338
26548,test,0.44452432,-0.34526223,0.37294137254222276
6294,test,-3.166419,3.5057075,0.9910111702708253
38986,test,-2.4733663,2.797751,0.9763906534071829
14030,test,0.5211689,-0.67423844,0.30927728174067926
43599,test,-2.7036219,3.0777812,0.983363068105656
717,test,-2.0087566,2.27803,0.9540568079566734
15135,test,-0.8159775,0.86844516,0.7706532749075263
9013,test,2.7774403,-3.2079868,0.015430068642090927
8820,test,-3.1723113,3.5873017,0.9915405210815936
12796,test,-2.5643651,2.839908,0.9784461590907282
16878,test,0.20269555,-0.2826166,0.4239627829877856
27083,test,-0.19379108,0.3206746,0.5970496543391278
47135,test,0.03526311,0.09298283,0.5183728704861187
37843,test,-1.4319595,1.4643599,0.8869714763767576
3758,test,-2.9737785,3.3975186,0.9889279980320489
43738,test,-2.778945,3.1550891,0.9850233806806522
17098,test,-1.938245,2.1876965,0.9488625610775457
6973,test,3.2950232,-3.5915744,0.008271872165243884
3360,test,-2.7032416,2.9881992,0.9823010336334743
29867,test,-2.1837487,2.4149666,0.9627315259319658
15804,test,-0.5015399,0.50316536,0.6761841460493282
33594,test,-0.7289316,1.1050254,0.7886251609001241
43704,test,-1.7620345,2.0265348,0.9361136237408552
14254,test,-0.6682005,0.84873956,0.7492822089556156
37941,test,-0.5106511,0.6799486,0.7039944440960161
34595,test,-2.7185144,3.1571832,0.9844089932536676
32799,test,-1.1893629,1.1871411,0.8450600253281424
42441,test,-2.3534434,2.6054838,0.9707936543592843
4195,test,3.2841382,-3.518689,0.008766958268493092
12664,test,-1.1264883,1.2434591,0.844458258776314
39197,test,-2.2061324,2.5407193,0.9662780568241703
33686,test,-2.3712628,2.7403727,0.9736761592267281
6368,test,-3.1377325,3.5601265,0.9911701880264538
47858,test,-1.3478243,1.5838434,0.8894280125121473
38750,test,-2.5680919,2.903811,0.9794220742426685
39893,test,-1.9832644,2.2187114,0.9513838177845526
36942,test,-0.19729342,0.16274913,0.5707987985500556
46412,test,1.1269611,-1.3040594,0.15865528362664377
4276,test,-3.1134844,3.4737608,0.9904662470283717
48074,test,-0.21740545,0.28893173,0.5956802631551146
41692,test,-1.8935411,2.2606661,0.9498139666445675
47080,test,0.65353686,-0.62965035,0.2963093856780133
25511,test,-1.0788676,1.3486091,0.84967369554778
8138,test,-3.0819712,3.4755898,0.9902680580915495
39497,test,-2.1249876,2.290822,0.9578564709691807
17091,test,1.2340765,-1.2731978,0.15166064688525127
43505,test,-2.5351772,2.806352,0.9775003569767003
25550,test,-1.1146575,1.2086966,0.8401268180084707
40562,test,-2.8183515,3.1083717,0.9849477106010893
41111,test,-1.459576,1.5345622,0.8936551647146826
32992,test,-2.293044,2.5483527,0.9683688935303693
27163,test,-1.9652908,2.2140377,0.9506454367072409
7395,test,2.7447317,-3.1823587,0.016062757264704176
39411,test,-2.5640278,2.8159776,0.9780850490950878
24405,test,-1.258741,1.4078997,0.8698267335312315
32116,test,-1.0734324,1.3852708,0.8524438611016796
41584,test,-2.414918,2.7958245,0.9753967480286084
8244,test,-3.215817,3.5818028,0.9917607453381396
16730,test,1.8016723,-2.1164317,0.06244253343394665
2838,test,-3.192518,3.563294,0.9915181776940983
14289,test,-1.9800453,2.1503868,0.9490148443502486
2563,test,2.7237558,-2.8490038,0.02049084071656378
28791,test,-1.5392948,1.7702522,0.9128847650032225
36992,test,-0.95903426,1.0543283,0.8087979614795526
43474,test,-1.8561295,2.1890163,0.9460481101366564
33514,test,-1.2059914,1.5133117,0.8739433797008805
34940,test,-1.7648878,1.9433055,0.9326657607921711
51120,test,-2.685781,3.009458,0.9823471904362383
38046,test,-2.5890517,2.8696709,0.9792353357272497
13400,test,-0.9377069,1.0281132,0.8035994881837363
4140,test,-3.1932573,3.520866,0.9912692536973178
34463,test,-1.8231518,2.202146,0.9453346898825488
16518,test,0.62800664,-0.79534847,0.2762711831058968
2061,test,2.8189456,-3.2775643,0.014292422698391717
7081,test,3.2600656,-3.5545418,0.008695600931524185
26381,test,-0.4186199,0.43573073,0.6527302048192761
39615,test,-2.5105968,2.8681028,0.9780654513318743
25152,test,-0.79355377,0.88190144,0.7695421198434507
36568,test,-0.29449943,0.43188468,0.6321617724155538
2901,test,2.6441128,-3.0569458,0.018764124612992757
25928,test,-2.0114207,2.0999823,0.9483665815474853
29132,test,-0.59525955,0.67470425,0.7154365551678293
38714,test,-2.5305047,2.7675023,0.9768206083976082
36103,test,0.16689064,-0.09562172,0.46242201059287463
33574,test,-2.0342638,2.403389,0.9584692821228014
7318,test,-2.9935515,3.3243194,0.98851100960283
24669,test,-1.1787374,1.2810931,0.8525430668082243
28831,test,-2.0415328,2.2968936,0.9556152161187861
8431,test,3.2138858,-3.5665345,0.00890429009409962
32225,test,-1.4554595,1.5742369,0.8959971582782356
4049,test,2.7424076,-3.2908854,0.014929315271808673
11209,test,0.12712987,-0.13800395,0.46196596377280114
10549,test,-2.400828,2.3626404,0.9666549512557094
49042,test,-0.3105304,0.34626356,0.6207653702266781
27554,test,-1.8180314,2.1013093,0.9413735228779692
11540,test,-2.158322,2.3415813,0.9601692922429687
12096,test,-1.7680143,1.9125974,0.9314433233600063
5626,test,-3.0163846,3.4210029,0.9894231718739629
38338,test,-0.2986939,0.41744485,0.6304928402182047
36817,test,-1.2536343,1.4543676,0.8730694572884512
40953,test,-1.7942418,1.9360169,0.9336291236345585
35732,test,-0.24294768,0.14849246,0.5761736267106736
29929,test,-2.4583447,2.6898613,0.9743242787461568
5862,test,-2.9114494,3.252315,0.9872193037108921
36222,test,-0.3114293,0.32088777,0.6167242928691982
42400,test,-1.2191502,1.3782715,0.8642425169279979
35074,test,-1.8800031,2.0197368,0.9406118323277735
27108,test,-1.9446189,2.225614,0.9503459124022973
48011,test,-2.4623475,2.761054,0.975608469216286
33832,test,-1.7823063,2.0505242,0.9379413656145317
6645,test,3.276483,-3.59322,0.0083694357953069
6742,test,-3.0688367,3.4316375,0.9898753802319948
29673,test,-1.8974437,2.0972285,0.94421641434296
5111,test,3.1075983,-3.5208688,0.00989353895492429
39393,test,-2.2723298,2.57476,0.968490708250153
48520,test,-0.1573842,0.16927536,0.5650657571965073
43172,test,-2.6562452,3.0205727,0.9821222248953049
37971,test,0.48735133,-0.49426734,0.3421165819826575
30573,test,-0.75507134,0.7316013,0.7452817869300036
42984,test,-2.2386274,2.493501,0.9659406728055361
7407,test,3.2724628,-3.5900736,0.008411165836827555
41802,test,-2.4777436,2.837213,0.9770876874415347
14391,test,-0.53386086,0.63505334,0.7008219965873024
44683,test,-2.1564956,2.3473003,0.9602733460928803
15584,test,-1.8476268,2.1424155,0.9440454966976038
26809,test,-0.22372429,0.47769874,0.6280902404770825
37633,test,-0.20298938,0.34488028,0.6026610794442223
34162,test,-1.5482394,1.9534209,0.9230005767858296
8568,test,-3.1986148,3.5528512,0.9914925602875384
5219,test,3.2800288,-3.5741272,0.008460225298259391
49453,test,-0.04464671,0.10717381,0.5347894010095294
15727,test,-1.2753469,1.5086894,0.878850463762641
33982,test,-1.985109,2.1908624,0.9505350845806396
31854,test,-1.8323511,2.1386113,0.943335922648582
42923,test,-1.2035428,1.2105788,0.8484759434566744
4757,test,3.1651268,-3.440021,0.010054693618973922
35453,test,-2.0571795,2.2214918,0.9538072125536078
28101,test,-0.4022218,0.7319589,0.6957003899983086
25513,test,-2.1908069,2.4192986,0.9630164925227364
47774,test,-0.17199366,0.19681276,0.5723007892706368
6944,test,-2.9612365,3.3732193,0.9886420882220774
35408,test,-2.675424,2.9749367,0.9817941904220744
37070,test,-2.051322,2.3014193,0.9560382162224836
868,test,-1.8261647,1.9440219,0.9353398753884645
36116,test,-0.8027223,1.0070342,0.7857880003069684
45962,test,-0.46955213,0.44216898,0.6617748784053703
30677,test,-1.025704,1.1485273,0.8256067135572214
26348,test,-1.6570333,1.8961328,0.9255237374941052
13680,test,0.63336295,-0.88278586,0.26347644062107956
35989,test,-1.7828064,2.0243158,0.9368857831292315
15963,test,-0.3468603,0.45415643,0.6442217015989534
16536,test,-1.2924867,1.2012109,0.8554979542616485
27698,test,-2.2453952,2.4595275,0.9653086682832063
14997,test,1.1524493,-1.3819234,0.14923665803224528
46474,test,1.0317813,-1.273595,0.1707483046322709
49154,test,-0.20401005,0.27104226,0.5903960215584979
27494,test,-2.0888338,2.1626415,0.9529613305204951
293,test,-2.267097,2.4647288,0.9659337057725442
2420,test,-3.089038,3.5074081,0.9905268613882777
7358,test,-3.0135708,3.3822718,0.9891145222541775
196,test,-2.2085762,2.535819,0.9662219929046231
40264,test,-2.470472,2.9135122,0.9781446600695826
31775,test,-2.4770973,2.7232397,0.9752213763374965
36990,test,0.2058368,-0.15986617,0.4445253607136454
31429,test,-0.587368,0.7173107,0.7203568925673834
26238,test,0.3308869,-0.56140494,0.3563230755030223
3292,test,-2.9334037,3.2156374,0.9870886348432307
36415,test,0.36419442,-0.33473775,0.3879274113419316
32883,test,-2.929093,3.3887243,0.9885105832091697
7385,test,3.215178,-3.5838845,0.00878988414385287
8145,test,2.6653147,-3.1019435,0.017929827419155938
8990,test,-3.0860703,3.518776,0.9905818679850452
27164,test,-0.35136,0.41779175,0.6390939598664487
14417,test,-0.25140095,0.22521257,0.5906602275345795
14080,test,0.58273894,-0.6123195,0.3093294429189648
39119,test,-2.0782313,2.4062748,0.9597551188399763
24620,test,-0.027867908,0.17830805,0.5442401349842403
48116,test,-1.8107585,1.9092258,0.933182151913638
13028,test,-1.5340037,1.6604931,0.906264804440267
7001,test,3.0038266,-3.3695235,0.011804705604318134
4643,test,2.7939966,-3.1417105,0.015967723567843334
11273,test,0.009674096,-0.17985238,0.47514166864412244
3131,test,3.1217995,-3.5201344,0.009801639870696264
49166,test,0.23731516,-0.25338182,0.4230426649951875
28218,test,-1.0799743,1.2943007,0.8448556601828037
14673,test,-1.3380674,1.4956042,0.882500714600581
29437,test,-2.4093935,2.6627476,0.9729583477508058
13530,test,-1.2797853,1.4466826,0.8744947587709445
39327,test,-1.7330779,2.1820612,0.94121102180884
26273,test,-1.5335475,1.6609727,0.9062661935542172
30305,test,-1.9091893,2.1344132,0.9459929542830529
26390,test,-2.1901536,2.3276706,0.9606461988971519
35341,test,-0.85267574,1.1508874,0.8077351127997965
3745,test,2.2510095,-2.464755,0.03671056784995494
26350,test,-2.1225314,2.2469459,0.9565278836486095
26402,test,-0.41677213,0.4769476,0.6589492245325094
7685,test,3.1644053,-3.5596774,0.009259074487106252
9108,test,-2.891977,3.2277918,0.9868249152421344
29933,test,-2.0224502,2.1242638,0.9495633940563127
6447,test,3.014514,-3.4545639,0.011048190405416283
26302,test,-0.68874246,0.8855947,0.7567527558296748
32878,test,-0.8274624,1.0633117,0.7951776577525193
15507,test,-0.12546541,-0.07328376,0.5174051297878485
35770,test,-0.9512264,0.90100217,0.7907489461342535
42133,test,-0.6974321,0.70919114,0.7345010234760934
42422,test,-3.0004544,3.325202,0.9885727279643409
40872,test,-0.67089885,0.813308,0.7449540418501875
13472,test,-2.460504,2.7479653,0.9753585417860363
3090,test,-3.0325315,3.380621,0.9892441907392675
35559,test,-2.0576298,2.1787763,0.9524863079557584
3394,test,-3.1636603,3.5654,0.9913592640235382
30499,test,-0.028567078,-0.24305782,0.4707865386977123
43906,test,-1.5622054,1.7576375,0.9134561091354862
40067,test,-1.5070055,1.6765742,0.9056137258721519
11895,test,-2.4400854,2.5506535,0.971418340354983
29182,test,-1.6682733,2.058569,0.9334808068940383
6322,test,-3.273525,3.5632565,0.9919817145288885
36698,test,-1.5355179,1.8550131,0.9172879446203613
49497,test,0.010340949,-0.017249046,0.5034546847475216
44099,test,-2.1863794,2.3607779,0.9614150146724855
2155,test,3.0604227,-3.4356694,0.010843514402864811
3698,test,-2.9640536,3.3424933,0.9884206530448725
47103,test,-0.8709349,1.0732309,0.8011965696235828
11543,test,-0.3546942,0.16365096,0.5977026898050622
5427,test,3.0603044,-3.4092994,0.011044169253291884
33384,test,-2.3164442,2.6746478,0.9714252008441842
1506,test,-1.678404,1.6968272,0.9164718865365995
28559,test,0.019391723,0.15031049,0.5311481950499684
35305,test,-2.305032,2.544392,0.9685405261772839
3297,test,3.2396774,-3.4691117,0.009357779039130277
8904,test,-2.981061,3.3425624,0.9885566435124173
40566,test,-2.372014,2.6815333,0.9726138493718547
3323,test,3.2014163,-3.5480928,0.009097250974201549
39226,test,-2.4733753,2.8171792,0.9767022183068991
12988,test,-2.6778102,2.9013186,0.9808813616259706
29249,test,-0.8459399,0.86585087,0.7740211322091828
36423,test,-2.2686787,2.542206,0.9677082108383032
37788,test,-0.46336147,0.45077524,0.6621531803872284
638,test,2.874766,-2.8818865,0.018060994346070586
7662,test,-3.2368922,3.63867,0.9921947394385395
41704,test,-2.398282,2.6223288,0.9719931168303442
30554,test,-1.8640547,2.08898,0.9426614971852663
44679,test,-1.9675581,2.2035255,0.9503739991854485
47140,test,-0.80718917,0.9334577,0.7775340145819573
13739,test,-1.909063,2.2812881,0.9510061322665753
25671,test,-0.4849907,0.9511283,0.7385070958964319
27783,test,-1.9659301,2.1891916,0.9498444649188661
15282,test,-1.6245563,1.6433226,0.910537505391165
4703,test,3.0976572,-3.4184983,0.010693933381831607
15762,test,-1.1353376,1.1553683,0.8370339176863246
13874,test,2.2884111,-2.562608,0.03350602551160241
43381,test,-1.0709131,1.1454402,0.8298105790499307
48558,test,-0.21831267,0.2786485,0.5940988526314005
12356,test,0.8612348,-1.2040282,0.19587385210768418
15635,test,-0.76384324,0.9726377,0.7770292851583233
10973,test,-2.3427413,2.7085423,0.9725716167042601
26557,test,-2.1235614,2.3195944,0.9586223177100067
40487,test,-1.7128152,1.8557181,0.9262616899361076
27760,test,-2.3305147,2.516764,0.9684947408884613
13875,test,-2.278257,2.5885046,0.9689081475035561
27722,test,-1.2979298,1.5710965,0.8850422821183115
12498,test,-1.863601,1.9494241,0.9371296266909543
1443,test,-1.3753427,1.5266523,0.887369092755811
25477,test,-0.4978927,0.6144609,0.6924567779314378
48254,test,-0.24179372,0.27406546,0.5972842653049312
39131,test,-2.1293402,2.4119935,0.9612635346432878
47362,test,-0.9183152,1.1810156,0.817929915760629
25792,test,-0.79606324,0.9823867,0.782076828434027
42241,test,-1.5949966,1.7758683,0.9162376617910913
25804,test,-2.5163717,2.7648294,0.9765527948394015
25011,test,-1.4852296,1.6789252,0.904445242659672
47180,test,-1.3742304,1.4566542,0.8822983068651362
25023,test,-1.9716527,2.4179795,0.9571106736264162
3907,test,3.2373843,-3.5420783,0.008910207298509701
8281,test,3.2621465,-3.560792,0.00864548449754227
4998,test,-3.0377762,3.394395,0.9893849001363367
3715,test,3.2912755,-3.5722976,0.008405116895773517
26419,test,-1.5462804,1.9069589,0.9205573288694653
36350,test,-0.30640283,0.25976625,0.6057238304761033
7339,test,-2.4636078,2.566596,0.9721753065907724
904,test,-1.501523,1.6918737,0.9061993747013808
13224,test,1.9436289,-2.0171847,0.06071532272621104
11306,test,2.6579537,-2.9897687,0.019463904156168953
28703,test,-1.916451,2.2603946,0.9505638422896756
43763,test,-1.9232942,2.1336937,0.9464695709200402
5081,test,3.2800937,-3.526629,0.008743297680058788
31979,test,-1.6114923,1.7435044,0.9153813956748559
1649,test,2.655157,-2.7168458,0.023509277123906606
47297,test,-0.9169468,1.2277842,0.8226140342076935
27248,test,-0.5720628,0.58868533,0.6996223175350568
39419,test,-1.4198688,1.591395,0.8947888686710199
47248,test,0.15135114,-0.0035700179,0.48118484365768904
26855,test,-0.7691625,1.0662006,0.7887891539256081
8447,test,2.7515292,-3.1690583,0.016134845759733073
35864,test,0.22700691,-0.34211352,0.4097058684131661
28652,test,-1.1979407,1.3350021,0.8588603573912276
30130,test,-1.8329117,2.112594,0.9423760205630762
48989,test,-0.21818787,0.19001187,0.5790353593660874
42362,test,-1.6855088,1.8865677,0.9264308848700639
42589,test,-2.7387433,3.0810852,0.98379736625964
32107,test,0.45998445,-0.5479925,0.33797675671236344
31699,test,-2.198319,2.480563,0.9646931447048795
24782,test,-0.6646051,0.8589471,0.7501505428194333
44089,test,-1.1059309,1.3072203,0.8483886110989675
34823,test,-2.2305942,2.4780557,0.965395917054427
43828,test,-2.9075818,3.3519316,0.9880377845234821
16519,test,1.6098512,-1.858982,0.0835853531925626
1058,test,-2.1874292,2.3415594,0.9609405331514252
37538,test,-1.0401648,1.1381056,0.8260133552111542
16709,test,0.02895355,0.22593443,0.5426434428342689
29877,test,-1.5764107,1.7136216,0.9117924695863212
39950,test,-2.6939368,3.0935433,0.9834325072313191
47183,test,-0.056288384,0.06301746,0.5291236979448237
40919,test,-2.6031787,2.9876685,0.981034558817014
1904,test,-2.4424875,2.6800723,0.9738714149048827
14141,test,-1.3666897,1.598276,0.8916991738643409
36945,test,-0.16662322,0.30544326,0.5898905786881936
4217,test,3.2327492,-3.5480924,0.008901688464641705
1501,test,-1.473684,1.823262,0.9121808535249333
13464,test,-0.6490782,0.6842182,0.7243736542975981
7750,test,-1.3508402,1.6221771,0.8922421643774171
48264,test,-0.54949075,0.6544668,0.7059388673102245
29441,test,-1.6915926,1.8555801,0.9252340852403255
27342,test,-0.6191707,0.7593591,0.7306491742674902
12036,test,0.12114824,-0.045976598,0.47905297755150145
16344,test,-0.38333714,0.3606477,0.6350214757791619
6118,test,-3.1791258,3.6066537,0.9916927550588501
41071,test,0.1611095,-0.12126353,0.45896852981794517
5310,test,-2.9218593,3.2487066,0.9872792240507449
8686,test,-3.1579814,3.4935923,0.9908821251044247
38575,test,-0.03906943,0.16513951,0.5438986441361778
10738,test,2.940724,-3.3294728,0.012677246796440675
28644,test,0.27296177,-0.02204105,0.4567744228858606
49380,test,-0.60851073,0.5188939,0.6946954912383917
15122,test,-1.2320474,1.1064191,0.8415423090386775
25219,test,-0.1811239,-0.14279994,0.5149830354952772
41086,test,-1.9691429,2.24542,0.9517896549037014
8985,test,0.86844844,-0.99493074,0.2190873042217194
12885,test,2.341885,-2.4331903,0.03527055803129403
10889,test,-2.7878957,3.1104429,0.9846503342998495
11964,test,-0.15504834,0.09661221,0.5521243753995853
13661,test,-1.4472452,1.4559176,0.887450751000986
16813,test,-0.6409928,0.70336723,0.7259169245265219
28327,test,-1.7562907,1.9927894,0.9344407195116549
38323,test,0.20210645,-0.2931904,0.42225710243974185
35184,test,-2.216618,2.5715084,0.9672067578110546
39480,test,-2.050795,2.2617965,0.9548419666598852
26379,test,-1.6144694,1.8445175,0.920851005954768
13030,test,-0.7730105,1.0645252,0.7890423708502445
5938,test,-3.0763865,3.4092255,0.9897706006411451
13666,test,-1.9430608,2.1060715,0.9461903340538649
10847,test,1.7972463,-1.8512471,0.07444456711557633
35946,test,-1.4346043,1.6033708,0.8965358442758448
34123,test,-2.263549,2.6256518,0.9693777857539523
46411,test,0.58966595,-0.6521607,0.30238049569453435
31456,test,-1.708363,1.8719047,0.926820658781043
13419,test,1.2443109,-1.3037987,0.1480201285978874
5059,test,3.2644591,-3.5650425,0.008606204629985612
48175,test,-1.1630472,1.2213998,0.8457865006453055
30310,test,-2.0131829,2.3014638,0.9549039459440462
38603,test,-0.70019585,0.76301116,0.7421515822040499
28687,test,-0.6217757,0.8260875,0.7400912621390615
26423,test,-1.7456698,1.8546054,0.9277647167882989
28399,test,-1.310271,1.6643025,0.8923468330128512
1642,test,2.7750354,-3.058667,0.01712909487259982
39929,test,-2.3648398,2.6326075,0.9715484074531509
13264,test,1.3724924,-1.5408877,0.11858942554680739
819,test,-2.235732,2.333549,0.9619853176476774
6839,test,3.3272893,-3.5603714,0.008265770731321773
1703,test,1.4102267,-1.5023829,0.11864580771626637
10677,test,-0.95975524,0.9229354,0.7942547098260969
28610,test,-0.9859905,1.2305856,0.8298325994587016
28843,test,-0.80760133,0.9659248,0.7814889415742428
3443,test,2.977117,-3.3311336,0.012348186578719425
39333,test,-2.1509638,2.3312593,0.9596933554433243
37363,test,-0.7839739,0.8722145,0.7671420379218173
24564,test,-1.011701,1.1317378,0.8224820329100708
14450,test,-1.6356286,1.6567035,0.9119218349313988
12922,test,-1.6609024,1.6892407,0.9151179069309245
43169,test,-2.4772642,2.7859044,0.9762620748983383
36354,test,-0.37702504,0.545512,0.6634671261395735
12632,test,-2.6291728,2.8349838,0.9793125255357626
2271,test,3.0589356,-3.4437037,0.010794476127311532
17053,test,-0.71238816,0.79097944,0.7474935313533194
38096,test,-0.06528407,-0.092598915,0.5035028251373256
47200,test,-1.8169954,2.118875,0.942008737182438
14407,test,-2.0743017,2.2924309,0.9564479376069784
45218,test,2.8504734,-3.025556,0.01663743214972451
25554,test,-1.663503,1.845376,0.9233588756609875
3918,test,-2.9339695,3.3547883,0.9882772888951264
7610,test,-3.1976166,3.6021278,0.9917728865109924
361,test,-1.8464352,2.2222714,0.9468835855131857
11626,test,0.6235941,-0.6599534,0.2962568084059007
48068,test,-0.129375,0.16886778,0.560171775958057
47284,test,-1.2808968,1.3918759,0.8703118836199393
28082,test,0.5989846,-0.41781628,0.336596366755435
37829,test,-1.9307266,2.1177604,0.9461673402421273
34306,test,-2.2170343,2.429051,0.9639029538025634
27247,test,-1.4553314,1.7662125,0.9078605157895779
42168,test,-2.7454433,3.0857656,0.9839238382394193
43900,test,-1.7071247,1.8820928,0.9272443517668141
38611,test,-0.17385815,0.12473893,0.5602328690055405
998,test,-0.36137745,0.5627754,0.6637195677534847
15808,test,-1.1497285,1.3001736,0.8516674005323348
8494,test,-3.2001724,3.508391,0.9912355126245084
32000,test,-1.8380679,2.009234,0.938528282048776
30663,test,-2.1094737,2.4122314,0.9607487557683243
39795,test,-1.6808217,1.9060962,0.9271356989025034
26717,test,-1.8092375,1.9757465,0.9359633929092664
11104,test,0.41200933,-0.59854364,0.33757348787317576
35921,test,-0.15401451,0.15832414,0.5626009119156693
15073,test,-1.817041,1.9559456,0.9354582908546073
35410,test,-0.251595,0.35835233,0.6130169257500153
32963,test,-2.6316504,2.978367,0.9812825819769451
13061,test,0.16121699,-0.05093791,0.4711938585647028
32662,test,-0.7798887,1.1289583,0.797230064322011
4992,test,-2.6396153,2.9373264,0.980852636535363
13384,test,2.717433,-3.033805,0.018128324977073607
16391,test,-0.5035303,0.44855604,0.6680689476019983
9078,test,-3.2101078,3.5701313,0.9916607500439526
4333,test,3.2489038,-3.5213068,0.00896757114573099
2973,test,2.5090413,-2.792872,0.02466209311064145
46113,test,2.8769546,-3.2280126,0.014209275333491063
2323,test,2.7535741,-3.1769667,0.016024636159180452
43425,test,-1.505033,1.6771985,0.9055330452698241
16318,test,1.1957372,-1.4344144,0.14092439923355726
3897,test,3.2997704,-3.5645335,0.008400855457449619
14371,test,0.8719771,-0.9987437,0.21820949281121022
7597,test,3.2888403,-3.565816,0.008457289138372412
1341,test,1.9798062,-1.8581234,0.0658092787935057
25231,test,-1.8167651,2.139306,0.942776255331514
49991,test,-2.5034893,2.813859,0.9771251292491911
15112,test,2.8694544,-3.1612868,0.014955602570752626
41491,test,-0.6193382,0.81611997,0.7384177748445967
13369,test,-2.3670535,2.7327452,0.9734629928416556
41978,test,-2.3881478,2.7322235,0.9738324130738273
43064,test,-1.9759991,2.202653,0.9506232212761554
28452,test,-0.31079516,0.48986533,0.6441645571263734
7474,test,-3.2077622,3.5622773,0.9916015103475835
11615,test,0.9871527,-1.3289328,0.1696896780700801
14402,test,-1.345718,1.4788493,0.8818383919245425
39555,test,-2.5724866,2.8813748,0.9791660453319938
4813,test,3.2553556,-3.552424,0.008736889153249324
11825,test,-0.84482825,1.0598558,0.7967586715123842
7292,test,-2.9909549,3.2458622,0.9878485820370572
36368,test,-0.6626261,0.65022343,0.7215073862225692
33219,test,-0.9674714,1.1946548,0.8243835533944657
29684,test,-2.6792817,2.9219017,0.9811686847560048
30691,test,-1.4273018,1.5760863,0.8942688263077906
44272,test,-2.423017,2.629324,0.9725913509453438
25344,test,-2.1468272,2.4197447,0.9619159191370386
11207,test,-0.18166775,0.18327431,0.571638660987716
6872,test,-2.563077,2.853144,0.9786218026919905
1457,test,-0.6556566,0.5321998,0.7035941868399939
5920,test,-3.0060265,3.2889516,0.9883276175079088
8798,test,-3.1742063,3.5479698,0.9913178951076467
28896,test,-0.018740619,0.18153904,0.5432163666768051
14144,test,-2.2612562,2.4714184,0.9659532473172712
35736,test,-1.8171251,1.9723166,0.9361501277421944
38151,test,-0.53957343,0.647784,0.7035213562109096
38572,test,-0.034962125,-0.03848997,0.5076642275375944
34874,test,-2.2890038,2.596128,0.9692931362650858
13940,test,1.8204225,-2.0700674,0.06358357346433711
34128,test,-1.3531631,1.6499567,0.8942510757220513
5729,test,3.2539892,-3.5753229,0.008607336535515774
38712,test,-2.6315074,2.9708607,0.981183998343824
12046,test,-0.6236426,0.85852444,0.7446827092212828
4600,test,-2.1896958,2.4193244,0.9629894309087536
32629,test,-1.9231408,2.255724,0.9506302071988704
48454,test,-0.67485785,0.7918006,0.7426135624125847
38164,test,-1.646037,2.02404,0.9309710108145681
48178,test,-0.2889031,0.33735585,0.6157215910165946
24646,test,-0.32127926,0.44585112,0.6387675920281792
29572,test,-2.071202,2.3039649,0.9566931632213004
3854,test,-3.1611564,3.4792075,0.990810970839471
830,test,-1.3116363,1.2564436,0.8618150869226949
27115,test,-2.0124831,2.351765,0.956375447112418
10988,test,1.9949999,-2.1595387,0.05342837714779473
39542,test,-2.5754724,2.8429432,0.9786539132166612
15731,test,1.1883247,-1.5764359,0.12990013630288447
24944,test,-1.4154187,1.5289645,0.8903001871635043
37152,test,-2.124693,2.2993126,0.9580874131611353
16589,test,-1.448752,1.7035551,0.903726226409907
7636,test,-3.2057571,3.5861988,0.9917282910660405
25382,test,-1.2503127,1.4130821,0.8695692923807097
38510,test,-1.7530949,2.0417705,0.9363766423680687
31779,test,-1.4088689,1.5576421,0.8918035733970117
27216,test,-1.6788183,2.0246181,0.9324563881027608
1041,test,0.40794364,-0.422786,0.366265037267042
43470,test,-2.6980047,3.0151927,0.9825638274857074
26316,test,-0.93012464,1.3624443,0.8372116963752845
4373,test,1.8357569,-2.241736,0.05622200910758682
6308,test,-2.8736148,3.1268153,0.9856936710989305
43312,test,-2.5562742,2.9147725,0.9794099941982256
1495,test,1.4130868,-1.6200396,0.11010560069151965
49463,test,-0.31488863,0.37961224,0.6269578728869591
26664,test,-2.0771163,2.3254795,0.957481568801023
28748,test,-0.6748957,0.78821075,0.7421381150304388
6254,test,-3.018746,3.4158723,0.9894028704908716
4585,test,3.1279712,-3.4138536,0.010505530725895643
8956,test,-3.0658603,3.4592571,0.9900467792234915
1381,test,-2.0411246,2.2247155,0.9534099389082393
38588,test,-0.07128162,0.1167005,0.5410799921594129
2203,test,2.896647,-3.275432,0.01356614755960132
48023,test,-0.088128805,0.18842506,0.556428539162747
24979,test,-0.23861597,0.36617196,0.6121599735032288
34386,test,-1.362053,1.5796388,0.8901160867605398
1207,test,-0.09833571,0.33308336,0.5829913042355878
342,test,-2.435231,2.7269168,0.9745672483403727
32703,test,-2.3421898,2.6573627,0.9715891067490716
12565,test,-1.7540698,2.0367935,0.9362095709660401
28120,test,-1.9442282,2.2536116,0.9512497543219556
15285,test,-1.5317589,1.6470631,0.9053287244712224
34973,test,-2.684962,3.0687914,0.9830435017308844
5243,test,3.197693,-3.528014,0.00924865177645854
5726,test,-3.0817614,3.5233848,0.9905838261440079
25796,test,-0.4100461,0.7567702,0.7005140553038621
11034,test,-2.0471478,2.4790888,0.9608681755760299
26295,test,0.33641487,-0.39739904,0.38214698035668615
29046,test,-1.8626199,2.1219125,0.9438414460609179
41333,test,-1.097555,0.97124463,0.8147261715792765
17139,test,-0.06663321,-0.05166677,0.5108989956585254
8616,test,-3.0248268,3.4302034,0.9895516112352083
16680,test,-0.68650377,1.0057341,0.7716185785425906
28018,test,-0.73003244,0.92080617,0.7664725362425188
31996,test,-2.46988,2.8642395,0.97738602222687
43949,test,-2.494916,2.9128447,0.9784975748601902
13070,test,1.1933429,-1.3983858,0.14421149561478822
38520,test,-0.38618335,0.28619406,0.6233295004735957
48643,test,-0.22693087,0.27056673,0.5941893848245333
5642,test,-3.1856322,3.5521033,0.9914111189336214
36062,test,-0.08613793,0.093054704,0.5395521194309644
30239,test,-1.5718687,1.9873344,0.9258144433982702
48249,test,0.4555414,-0.40241465,0.36185347909704724
33226,test,-1.4476229,1.6706017,0.9016307858959931
192,test,-1.7788769,1.9127151,0.9319324208978184
14921,test,-0.69233996,0.7891474,0.7445922493135948
25119,test,-0.4099522,0.5084821,0.6628257037925345
30668,test,-1.7130557,1.8066686,0.9238942967577706
38745,test,-2.8508444,3.2151923,0.9863269295337265
37181,test,-0.47405314,0.41793966,0.6586775526243284
41426,test,-2.6438398,2.9587808,0.9811872604170894
33157,test,-1.1569706,1.5601463,0.8737747244153797
26183,test,-1.9762998,2.1686401,0.9495038963217733
33734,test,-2.0951338,2.3798208,0.9594961212184698
5760,test,-3.1810145,3.561801,0.9914413400843383
44058,test,-1.812575,1.978106,0.9362019521561942
27674,test,-2.5062618,2.817685,0.977228123359756
14006,test,0.39608562,-0.37462935,0.37606804829047225
1256,test,1.4125308,-1.5650191,0.11397493754145469
29388,test,-1.8892807,2.241755,0.9490352790939227
14617,test,1.1799012,-1.4720813,0.13908480604445475
36387,test,0.16222261,-0.1663812,0.45094548289178166
43893,test,-1.484099,1.8828667,0.9160279942950863
34979,test,-2.348176,2.5415998,0.9693897256827121
8130,test,-3.1965113,3.5570683,0.9915050286163973
500,test,1.6536399,-1.8513764,0.08166594944279278
13507,test,1.6030172,-1.8429146,0.08482130143188968
15895,test,-0.32218853,0.32801676,0.6196792172494189
28597,test,-2.1223052,2.5347848,0.9641699766123246
17144,test,-1.935964,2.0854688,0.9451947309182234
16880,test,-2.590396,2.835207,0.978758743958544
39734,test,-2.727192,3.0233464,0.9830059535545712
7012,test,-2.9620306,3.3028598,0.9880821810473299
42876,test,-1.9459926,2.1108584,0.9464647180940087
30595,test,-2.2082915,2.5844083,0.9673081267990573
43688,test,-0.8032289,0.8045043,0.7610293217127005
32603,test,-1.8539075,1.9265481,0.9357731759789826
39670,test,-1.8142978,2.0179725,0.9379185371224086
48506,test,-0.4770901,0.5574035,0.6807321235217821
33646,test,-1.9261638,2.115141,0.9459107312221771
11836,test,1.5171775,-1.5375655,0.10863196828173108
4339,test,3.2437203,-3.523268,0.008987635104249611
5798,test,-2.7301092,3.0370421,0.9831990974485906
30844,test,-2.4209352,2.7258592,0.9742995511641589
26293,test,-0.6763391,0.7840075,0.7417683030812514
11624,test,1.9062668,-2.1610541,0.056600946125316354
33400,test,-1.894955,2.1631064,0.9465076266904179
6429,test,3.3005214,-3.5579126,0.008435146598755178
50369,test,-1.6255103,1.7221583,0.9149832908894008
4264,test,-3.0720143,3.4342084,0.9899156218715344
48976,test,-0.520412,0.495823,0.6779484820809354
50210,test,-1.6993437,1.899638,0.9277040219071297
27283,test,-0.012403102,0.109011516,0.5294913970192192
42174,test,-2.3703418,2.646664,0.9719243494251979
47333,test,-0.27903932,0.3148894,0.6103540444241227
14220,test,1.5032154,-1.6605344,0.10146222305506233
25284,test,0.117157355,0.063893616,0.49896267651550386
3879,test,-0.8286764,0.96752316,0.7841865913953386
12563,test,1.1716032,-1.2264913,0.16175551451604886
11576,test,-2.813775,3.1015859,0.9848293587506172
41559,test,-2.507927,2.7611985,0.9763584984927435
49201,test,0.027599521,-0.12809794,0.48104921018250285
15663,test,2.141887,-2.2601776,0.04531512879254854
8557,test,3.0053098,-3.3273888,0.012141245583984443
25581,test,-2.0482984,2.2315345,0.9538430171444005
30682,test,-0.98040503,1.2443036,0.8306348184280603
8136,test,-3.2409027,3.6266098,0.9921509885365933
25572,test,-2.214432,2.445218,0.9642318237795467
48716,test,0.026129717,-0.13124757,0.480755724652241
49257,test,0.042074904,-0.13660577,0.47703498682053724
13161,test,0.25407282,-0.43918094,0.3888714509948666
33074,test,-0.9790384,1.0617826,0.8117521768437813
11032,test,0.09067494,-0.046167728,0.4843442187923801
24699,test,-1.9255272,2.1823144,0.9482443938978794
32840,test,-1.998398,2.1706374,0.9503063425935766
16750,test,2.1893187,-2.2276618,0.044865648854275735
3506,test,-3.0003767,3.4149323,0.9892602376487709
43519,test,-1.786728,2.2324219,0.9451119084453491
26062,test,-0.7203283,0.81605446,0.7518297787346236
48470,test,0.010516883,-0.036936115,0.4999793643560993
42996,test,-2.4227786,2.5973516,0.9719839579089459
5909,test,2.5864244,-3.04808,0.019641246847876964
31788,test,-2.2819333,2.7875326,0.9729090416630782
47235,test,-1.9681945,2.2093468,0.9505867179106136
12676,test,-0.6337485,0.6378175,0.7156647844906392
26858,test,-0.78134155,0.8966061,0.7698513337891693
41319,test,-2.658162,3.0673223,0.9827105409497285
50884,test,-2.0910196,2.4252925,0.9606061726392899
26628,test,-1.9670659,2.1009104,0.9468578739542454
25409,test,-0.8348977,0.9519593,0.7830779622252199
25440,test,-0.31848896,0.4954057,0.6462847572095333
11867,test,-1.7746243,2.13775,0.9411038606188088
49723,test,-0.18413498,0.35761437,0.6016349177149335
98,test,-1.3284042,1.4657363,0.8796013788220948
13449,test,1.0585021,-1.024557,0.19391954296909175
4000,test,-3.0826645,3.390478,0.9896818627616153
31267,test,-0.8720424,1.1196339,0.8064398421126853
36234,test,-0.3962783,0.40796337,0.6447388457010705
5349,test,3.2753296,-3.526916,0.008770495636267774
13088,test,1.1375372,-1.2477562,0.16297396354363014
2026,test,-3.1660662,3.4099991,0.9903920772707873
28626,test,-1.0396596,1.3382448,0.8451883159667954
43400,test,-2.692658,3.0896695,0.9833736485526157
15080,test,1.1357551,-1.1109346,0.17664284442415265
10816,test,1.4778628,-1.5611289,0.10970402965621037
12618,test,1.4836949,-1.672562,0.10194131076994606
11670,test,0.74944675,-0.91116333,0.24433069419060796
30273,test,-2.1703653,2.4182258,0.962476462006573
851,test,-1.4477093,1.7906268,0.9088388945405358
13930,test,0.70475763,-0.81943697,0.26238516396857264
16957,test,0.42152,-0.5657797,0.3412222636232961
42484,test,-2.081574,2.2894874,0.9565739596864217
42553,test,-2.624905,2.9982014,0.9814500947022917
4831,test,3.1943755,-3.4742026,0.009622300106264043
8074,test,-2.7303686,2.9779205,0.9825048777354656
7737,test,2.66362,-3.1119304,0.017827923578183972
41044,test,-2.666776,3.057699,0.9826985331657273
6598,test,-3.2441852,3.5837674,0.9919324166342454
43126,test,-1.7670205,2.0457807,0.9371203897295066
28767,test,-1.6093627,1.8899863,0.9228855374140291
26407,test,-1.207764,1.2109984,0.848893043998656
25439,test,-0.23936608,0.31356066,0.6035082927556986
16729,test,1.7528937,-1.8853539,0.07494015824781705
27361,test,-2.8595827,3.2138126,0.9863962096650499
40884,test,-1.7663084,1.9477882,0.932924762133993
8611,test,2.398763,-2.752054,0.027337734389044695
38926,test,-1.5678006,1.959988,0.9242901939345421
17112,test,0.34496993,-0.39331973,0.3814076528976991
31183,test,-2.5510883,2.9211154,0.9794263179348336
39221,test,-1.9722321,2.191397,0.9501273568631622
2834,test,-3.1042888,3.471461,0.9903899763948913
12849,test,2.410827,-2.6160178,0.02974191805818313
2960,test,-3.1953433,3.5838635,0.9916547729625119
4619,test,3.1892781,-3.5200899,0.009354024048527478
11077,test,-0.5967773,0.5346674,0.6952948588246879
3242,test,-3.1250563,3.5077472,0.9907626698986652
7630,test,-3.0732183,3.4716632,0.9901821653730946
13638,test,0.10629405,-0.29442802,0.4384821079870128
31633,test,-2.3340209,2.6571639,0.9714270025577258
28254,test,-1.5877613,1.7867597,0.9164338328974411
12586,test,-0.10726084,0.11878343,0.5476870467634074
14016,test,-0.85133,0.7776818,0.7637271436527218
4357,test,3.2413201,-3.5132234,0.009065543711271109
40105,test,-2.3094661,2.6994677,0.9717697837535755
47329,test,-1.0592684,1.2010945,0.8341163596933296
31673,test,-2.5017445,2.7694924,0.9763925842674526
29937,test,-2.2655206,2.4300895,0.9650897440478511
7586,test,-2.874872,3.1853023,0.986271485920313
25635,test,-1.3659246,1.6307697,0.8938250566251338
5154,test,-1.7404815,1.6937722,0.9195801507581712
45639,test,1.5024745,-1.8078599,0.09248427600988442
42696,test,-2.4910038,2.8274074,0.9771417500384014
8713,test,2.6602173,-2.9931285,0.019388934832217364
8227,test,3.2320604,-3.5670788,0.008789416031432483
7106,test,-3.1236691,3.501884,0.9907161143640615
42647,test,-2.3480477,2.6020443,0.9706178231278578
42151,test,-2.5029473,2.817524,0.9771739327532626
26032,test,-0.90855813,1.0379467,0.8014571896955839
7978,test,-3.1807919,3.5412912,0.9913173349976219
30884,test,-2.061558,2.2355843,0.9543734461963789
26290,test,-0.17510332,0.18776259,0.5712828230140603
8440,test,-3.229399,3.5701807,0.9917719456634154
49680,test,-0.5394028,0.7004245,0.7111231334687647
43827,test,-0.8067384,1.0538456,0.7917148931684487
28412,test,-1.8111798,2.0656753,0.9397107977176757
27393,test,-1.0398817,1.2838949,0.8401665277797574
46303,test,-1.6871806,2.0791876,0.9351780641593859
2709,test,1.9089929,-2.324916,0.05068775863857756
44008,test,-2.3062768,2.5831237,0.96938193131696
49798,test,0.3484533,-0.54885775,0.35551779882051177
13598,test,0.26443228,-0.32037216,0.40705382934960666
7475,test,2.3309207,-2.7088635,0.02948169820810772
703,test,2.7656448,-3.0734878,0.017065229058721876
7196,test,-3.1304643,3.5687308,0.9911783680628984
49468,test,-0.41091087,0.35963693,0.6393192907266544
2679,test,-2.3442638,2.5675545,0.9698441917696904
42801,test,-2.5744214,2.951942,0.9801763916234711
17249,test,-3.1394508,3.546854,0.9910991347843913
11668,test,-0.2937938,0.3615514,0.6205266446259993
30721,test,-1.6637088,1.7628075,0.9191787747690384
1964,test,-3.0894382,3.472942,0.990300510238264
44629,test,-2.45794,2.933888,0.9782617071788203
41147,test,-1.580681,1.7406597,0.9135389397133663
3051,test,3.264236,-3.549645,0.008699984668152737
27732,test,-0.05776502,0.17635994,0.5490876602899964
42752,test,-2.0654292,2.3218937,0.9570442788970008
26421,test,-0.5779306,0.846543,0.7369301150284712
39593,test,-1.7446519,2.1092143,0.9387928019047197
7421,test,2.8722866,-3.295422,0.013607140951912813
11314,test,-0.7483576,0.8093754,0.7546072529017196
3987,test,3.2933216,-3.5459638,0.008547978324090412
16817,test,-2.119388,2.3040328,0.9580709804831864
17082,test,-0.34958717,0.26830897,0.6143358187608388
7758,test,-3.0235698,3.4014127,0.9893319298786589
30165,test,-0.48478875,0.5723965,0.6841737268152478
14515,test,1.8011373,-1.9930826,0.06771513190900387
3574,test,-3.1963716,3.5271707,0.9913261202888871
14714,test,-0.48530638,0.75566024,0.71128691149446
24874,test,-0.9915555,1.113541,0.8185300782233363
32858,test,-1.8036289,2.094478,0.9405479552818453
34716,test,-1.092548,1.174218,0.8347355071033526
43641,test,-2.2394252,2.5031326,0.9661799963576311
49613,test,0.038815353,-0.0030129007,0.500963509311791
32886,test,-2.3024843,2.4267461,0.9658738832085643
33473,test,-2.2782164,2.6137428,0.969435037519387
29055,test,-1.853129,1.9313829,0.9359435880482226
38004,test,-0.13316964,0.11891961,0.5521985673455776
8523,test,3.230624,-3.508203,0.009164891916642553
8465,test,3.2713485,-3.5769415,0.00849473421654689
48368,test,-2.0603132,2.3520586,0.9577592406240053
36654,test,-2.1493692,2.3055787,0.9589484407846768
8974,test,-3.1768165,3.5382066,0.9912747020777859
12222,test,0.77283746,-0.9945903,0.23079287420629388
38253,test,-0.008171587,0.042855177,0.5172033052921389
2052,test,-3.1682467,3.4863455,0.9909011924481063
28004,test,-0.6038722,0.69646025,0.719743723421686
43785,test,-2.1661816,2.3549821,0.9607344631071127
5170,test,-3.1586668,3.5134118,0.9910108714975201
42619,test,-1.6924099,1.7423687,0.9196073127411714
37279,test,-1.9952743,2.3278563,0.9551589441561652
7376,test,-3.0942705,3.481492,0.9903900605657107
37669,test,-0.16283931,0.105918914,0.5550815175048373
32756,test,-2.5708952,2.9706478,0.9803817683108771
43021,test,-1.6587234,1.7518946,0.918348312319881
13605,test,-0.8177903,0.85654277,0.7694028135238197
49621,test,0.0069767027,-0.0062857694,0.5059613045718183
3737,test,3.1983628,-3.5652232,0.009008868194566524
48412,test,-0.2829441,0.45912388,0.6347104900159023
34451,test,-2.7770228,3.0966883,0.9843876407706782
44742,test,-1.4382879,1.5375217,0.8924299092553304
16948,test,0.17544998,-0.23550612,0.43671937841179065
7367,test,3.3269784,-3.5588238,0.008276439872329223
4235,test,0.38248488,-0.46788108,0.3630810155429682
32396,test,-2.482102,2.6859121,0.9746688122582721
34387,test,-2.8963828,3.192141,0.9865375585216312
5712,test,-3.2115796,3.570731,0.9916727300570637
38513,test,-1.4880351,1.7238467,0.9072932934521555
25798,test,-1.5095798,1.8055218,0.9131934241905862
47573,test,-0.5566332,0.66266763,0.7081630748947512
15960,test,2.3791945,-2.4643202,0.033676524908465934
38857,test,-2.778394,3.1463923,0.9849275998609209
31790,test,-2.1078858,2.4189034,0.9608827163258119
4988,test,-3.1579185,3.4620512,0.9906801031902321
26716,test,-1.2272296,1.4357306,0.8695347878269964
25616,test,-2.0702124,2.234627,0.9546074470614154
894,test,0.24930313,-0.25942108,0.41996623916253234
47185,test,-0.13890313,0.3600696,0.5944383002396685
34263,test,-2.2600172,2.5203452,0.9670339694330121
8360,test,-3.2212603,3.595627,0.9918702068302004
47483,test,0.17067437,-0.30333892,0.42589514396087264
25207,test,-1.9158268,2.0395763,0.9427510263436539
11475,test,1.8168283,-2.0371485,0.06512217966009415
11217,test,2.263342,-2.607586,0.03305773420544828
25700,test,-1.9409139,2.0370774,0.9435983044115919
13506,test,1.649438,-1.8788445,0.08045304657840682
43590,test,-2.3396053,2.6477795,0.9713530928901146
30617,test,-1.3012458,1.3483909,0.8684733115240955
41128,test,-0.24477796,0.29623416,0.6015112515241308
11062,test,2.6886063,-3.160629,0.01694703084183819
35527,test,-2.5487301,2.8613648,0.9785319220853078
36164,test,-1.9794612,2.1535995,0.9491037836112768
36849,test,-0.6071708,0.61388284,0.7084165439524837
1652,test,1.1620733,-0.98367065,0.18715376779542622
40512,test,-1.0638758,1.3266703,0.8463424366666387
6638,test,-3.1883411,3.503708,0.9911345296206068
26215,test,-2.5031488,2.7512774,0.9761198684469897
34864,test,-1.8929855,2.0325584,0.9416126641266156
5077,test,3.2501235,-3.5499468,0.008783741044435567
185,test,-1.6955839,1.925449,0.9287322917010923
7119,test,3.285739,-3.4957721,0.008897555676143807
35035,test,-2.506782,2.8487315,0.9777146095776679
1602,test,2.8104959,-3.0887764,0.016373378216075065
8537,test,2.3812513,-2.828463,0.026262760961505326
48019,test,-2.1443348,2.4966135,0.9637776532535631
12233,test,-2.410136,2.6986802,0.9736255385703181
7959,test,3.2330956,-3.4911962,0.009257732176676373
330,test,2.8368654,-3.0535812,0.01647315386444275
3832,test,-2.1193237,2.2213895,0.955683053103648
12556,test,2.4059706,-2.689288,0.02839088814604207
13208,test,1.3437183,-1.4792132,0.12536753661891076
44257,test,-1.6113178,1.8210342,0.9194816669970332
40144,test,-2.5064535,2.8213296,0.9772877964195504
26596,test,-2.7495298,3.2394261,0.9855799864905146
34073,test,-2.446442,2.7129626,0.9745196181677874
2110,test,1.5716727,-1.8973166,0.08357698813406318
8475,test,3.2431645,-3.5468102,0.008845472260187594
40053,test,-2.5317807,2.8755972,0.9784919393301656
26142,test,-1.541867,1.9335016,0.9216826096093925
36093,test,-0.5862418,0.6244224,0.7069122939279548
12328,test,-0.89492613,0.9416524,0.7889308399953125
11814,test,2.2272863,-2.2626212,0.04272858130307844
35924,test,-0.6000273,0.53551817,0.6959025605553917
6398,test,-2.8850822,3.1566534,0.9860956563202702
34006,test,-2.1639047,2.5804822,0.9662218022984129
7926,test,-2.80305,3.165743,0.9853780548063821
11372,test,-0.075395234,-0.044575665,0.5136710926418001
25665,test,-0.789886,1.0199239,0.7857942987596878
8381,test,2.894338,-3.3391407,0.01300295620996939
3476,test,-3.1670501,3.5493245,0.9912828798651451
44161,test,-1.1253434,1.4566418,0.8629699792973107
2796,test,-3.0867093,3.424167,0.9899480817371277
24649,test,-0.15786056,0.14831349,0.5615389319822803
5552,test,-2.687907,2.9873834,0.9821034440785512
31046,test,-0.39194998,0.41962573,0.6459136592202465
16394,test,1.1422719,-1.4270176,0.14616051306966718
35897,test,-0.62522614,0.68150467,0.7206461090378117
48260,test,-0.628987,0.8365311,0.742460985131292
37278,test,-1.6582761,1.798449,0.9207355578043658
5474,test,-3.0934181,3.4422307,0.9901191487135683
33778,test,-2.370259,2.6669626,0.9723078594205585
29958,test,-2.5038087,2.8448732,0.9776101936494039
12968,test,-1.4789754,1.6236192,0.9006563084847445
27859,test,-1.2205936,1.3775017,0.8642978235346371
49694,test,-0.09441769,-0.016851535,0.521839718103668
31747,test,-2.3818057,2.6699183,0.9725798369031134
43537,test,-1.5788751,1.8294238,0.9182265246600416
33737,test,-2.086491,2.5190663,0.9629029584584594
25167,test,-0.7037371,0.93454945,0.7648964420552562
26623,test,-0.2272156,0.28747788,0.5970880111801724
36650,test,-1.5299504,1.658724,0.90591806279848
35274,test,-1.821361,2.089542,0.9410467562577918
33287,test,-2.2867172,2.609861,0.9695306770453808
6014,test,-3.0014968,3.3128633,0.9884830714986206
7352,test,-3.2693872,3.609218,0.9922112149466639
27232,test,-1.3597823,1.4071159,0.8775675823774081
46783,test,1.7437344,-1.840812,0.07758760942535443
32452,test,-1.934565,2.0889866,0.9452714969280944
34916,test,-2.1975799,2.4884126,0.9648622537905182
3931,test,3.191503,-3.5417438,0.009200424518203859
8614,test,-3.071477,3.296107,0.9888995075506508
16139,test,-2.1099896,2.3108883,0.9579994279623425
33036,test,-2.589396,2.9385562,0.9801979863119785
5406,test,-3.0582407,3.48271,0.9901553834672554
49214,test,-1.0364904,1.2642738,0.8379918834729592
28621,test,-0.3326294,0.34786332,0.6246620904005129
10836,test,-1.0880302,1.1803607,0.8348923214714142
1278,test,-2.0525553,2.2964783,0.9559290270071612
4440,test,-3.149889,3.4899406,0.990807565668827
31407,test,-0.40646267,0.33740395,0.6350022983817926
37231,test,-1.504912,1.7591478,0.9103195366941264
32202,test,-2.1846657,2.5054176,0.9649591897342064
42331,test,-1.709608,1.9334856,0.9297474743936084
39368,test,-2.6603804,3.0105906,0.9820502328928413
10719,test,3.0501237,-3.4383125,0.010901135893426086
36647,test,-0.6658834,0.732554,0.7333823173071989
101,test,1.5302393,-1.9373394,0.08365262722044899
358,test,0.9512006,-1.0760416,0.2000990038933461
39433,test,-2.7811697,3.1018417,0.9844873594709699
8477,test,3.2989109,-3.5595899,0.008434755831022713
27149,test,-1.9956048,2.0727758,0.9468721078404231
725,test,1.0462135,-1.028359,0.19484965403389762
27274,test,-2.313005,2.7161524,0.9721554891477417
14425,test,0.14162777,-0.32164997,0.42773326659002847
15265,test,-0.7605791,1.0746024,0.7887679770234949
40890,test,-1.6235341,1.7974261,0.918889426629008
25881,test,-1.9356774,1.9464577,0.9399198188152285
48380,test,0.3741521,-0.44939753,0.36743221157992595
38782,test,-1.8170354,1.882608,0.9322890051708033
37078,test,-0.5544405,0.56393933,0.6933542250968919
8905,test,1.5305727,-1.6980606,0.09739658349737369
40652,test,-2.532793,2.7973454,0.9773243567368353
39772,test,-1.6798296,1.6667863,0.9149259602207466
44482,test,-1.0226481,1.2508355,0.8353830569860208
30923,test,-1.0883609,1.2252831,0.8392119402014618
45636,test,-0.80093783,0.90587467,0.773411135338205
48347,test,-1.0126873,0.9641383,0.8048122991525267
41201,test,-2.2336593,2.490965,0.9657674631083122
6073,test,1.814924,-2.2128477,0.058097212611762414
34533,test,-2.4566329,2.7203367,0.9748230983069738
39920,test,-2.3616762,2.6958616,0.9726881397907498
31680,test,-0.68765944,0.96499026,0.7666993367216133
13808,test,0.4881933,-0.67639416,0.3139039957366215
44329,test,-1.5507532,1.7415615,0.9119208632521636
26733,test,-0.311631,0.4093351,0.6312795902750544
25137,test,-2.0814662,2.1409204,0.9520402868296423
43574,test,-2.3716662,2.5852437,0.9707535980057809
11545,test,0.23254623,-0.43871775,0.3925350764032
1573,test,-1.0701813,1.3401071,0.8481307075390471
3282,test,-2.5910256,2.9421642,0.9802690105023756
36041,test,-0.4486378,0.5415586,0.6739568102563448
552,test,-0.6841781,0.7020635,0.7317100306682612
11528,test,-2.031943,2.3499177,0.956886846560167
33118,test,-2.2612035,2.6968586,0.9707764850791272
6163,test,3.3017116,-3.585948,0.008265777570528304
7812,test,-3.0173023,3.3504949,0.9889011449594887
114,test,-2.616396,2.8716855,0.9796490469469099
5759,test,2.373585,-2.7174323,0.028472883083242192
30510,test,-2.33425,2.6327677,0.9709537718360212
36397,test,-0.41136923,0.42660353,0.6501274633934265
43359,test,-1.7482251,2.0098646,0.9348259482726907
5540,test,-3.1375337,3.4376426,0.9903861545883714
32508,test,-1.67344,1.7769811,0.9204129652836548
43989,test,-2.3696985,2.6485295,0.9719476843903936
8943,test,0.49983776,-0.85125357,0.2864969852907733
48914,test,-1.7484806,2.0469823,0.9364015496223845
33755,test,-2.4316604,2.6979973,0.9739975238181444
40201,test,-2.642805,3.030302,0.9820765685671683
15723,test,0.6845687,-0.7938482,0.2686328741893567
49669,test,-1.0985091,1.1916794,0.8369845082430112
40745,test,-2.268486,2.4468772,0.965552535197385
15533,test,-1.1780299,1.2557975,0.8502405273075445
27529,test,0.101409584,0.023224788,0.49460251550269846
4581,test,1.9113444,-2.0497637,0.060703571584408825
36879,test,-0.10833169,0.23237754,0.5674807969446591
32666,test,-1.9694092,2.166626,0.9492042510765587
4447,test,2.869468,-3.1812105,0.014751425995076924
30233,test,-1.6032478,1.9020319,0.9231804147456738
11211,test,0.7117568,-0.8366813,0.2591145911137834
13607,test,-1.2088879,1.2751623,0.8546612821145108
13833,test,2.1860476,-2.2735333,0.04360520514646027
13602,test,0.6058474,-0.7326197,0.28830646551221834
36284,test,-0.46418443,0.4234515,0.6579916885448532
11293,test,1.2105572,-1.3661118,0.1455171472460832
11623,test,0.93821967,-1.1436456,0.19405017373968805
49140,test,-0.16525148,0.020209873,0.5406418858720667
7305,test,3.3050647,-3.557729,0.008409664328626462
31285,test,-1.3247005,1.7868718,0.9012170795244452
39673,test,-2.1966066,2.36693,0.9618380211586556
14270,test,-2.5023026,2.7547264,0.9761622936012112
36042,test,-0.7503868,0.6709854,0.7365090930407691
48614,test,-0.55718464,0.67619514,0.7101952819072366
3395,test,3.2192752,-3.5171437,0.009180208654624725
43226,test,-2.172584,2.4993658,0.9645275279832631
30504,test,-2.1372285,2.4325488,0.9619980140039301
3684,test,-3.1257522,3.3943856,0.9900123780380577
36449,test,-1.303289,1.495791,0.8799670090891843
15649,test,0.46717295,-0.5931224,0.3298332000188507
13761,test,-2.4928303,2.7979724,0.9767061705931557
14711,test,0.8088555,-1.0823207,0.2157771091000793
16755,test,-0.17226611,0.028748142,0.5433439328459259
37062,test,0.05596916,-0.036613178,0.49208386903458395
38984,test,-1.7984309,2.1447027,0.9422858047344773
48610,test,-0.18093495,0.2415515,0.581470662821295
38390,test,-0.03548352,0.05722401,0.5244832717174942
25869,test,-2.0098546,2.231082,0.9526295962498041
42783,test,-1.9121248,2.3023145,0.9517856847818622
34532,test,-1.6816119,2.035904,0.9330743496202833
37236,test,-0.5997618,0.49581596,0.6899507984815658
44717,test,-2.2866685,2.5616357,0.9685166367257863
33702,test,-2.681005,2.9937687,0.9820970875764472
3640,test,-2.90481,3.2601862,0.9872301754005621
48000,test,-0.29398748,0.48127058,0.6400790960073907
48701,test,-0.32874253,0.4220899,0.6361314899065186
378,test,1.7821327,-1.8952876,0.07306159047293483
39407,test,-2.9522886,3.3150954,0.9881027147375393
47421,test,-0.74368715,0.9247026,0.7686639865195837
350,test,3.0864587,-3.3049326,0.011658318110800208
28819,test,-1.8600389,2.2464705,0.9481986142466309
6868,test,-3.0376563,3.4613109,0.9898648041130617
7051,test,2.715566,-3.1726165,0.016498848301062977
11965,test,-0.22599912,0.22292331,0.5859663828536684
490,test,2.6480587,-2.952011,0.020110709487620344
131,test,0.7518843,-0.85434157,0.2514263668568304
8253,test,3.1758163,-3.509197,0.009513301091439866
8301,test,2.247672,-2.6786141,0.03184145286055893
8931,test,3.1224673,-3.502689,0.009916263342170533
31,test,2.3181784,-2.3783677,0.03718918810603713
35063,test,-0.6012853,0.81058234,0.7352161643342462
1896,test,1.4905182,-1.5416435,0.1101717682267372
2075,test,2.7185524,-3.1883917,0.01628712859987725
26109,test,-1.6526135,1.8398489,0.9225418286197642
1160,test,2.302847,-2.4381592,0.03609094044095767
7070,test,-2.9712045,3.2589445,0.9877924352745794
33515,test,-1.365994,1.683413,0.8972756471702639
2795,test,3.1869578,-3.5185099,0.009379352717514012
26263,test,-1.7810575,2.1218405,0.9407351794661903
37568,test,-1.1433212,1.2903476,0.8502263870300177
25094,test,-1.5100025,1.7688292,0.9111599708964155
41986,test,-1.311551,1.431761,0.8757829102328705
7257,test,2.9986691,-3.3676763,0.011862030912103574
10782,test,2.911337,-3.2268233,0.013887518049658171
43477,test,-1.9476714,2.3440824,0.9542089465920508
31751,test,-1.3332945,1.463463,0.8797952111492573
35929,test,-0.33011332,0.35930118,0.6261249281645022
33905,test,-1.7325956,2.0155997,0.9344027748573611
41479,test,-2.5759,2.954161,0.9802266129347224
36102,test,-1.6221297,1.7900227,0.9184288038895522
48821,test,-0.8430273,0.8806986,0.7754788409383058
12918,test,-1.861607,1.6578948,0.923883343599433
608,test,2.4390965,-2.682866,0.027879864277654706
40956,test,-2.5844653,2.987678,0.9807894639631021
46856,test,-0.57019967,0.6102436,0.7025110508690645
44503,test,0.03297388,0.013298574,0.5048393996248578
30789,test,-2.6081839,2.8840847,0.979707388207405
40050,test,-2.2236502,2.628223,0.9685927095807952
44050,test,-2.4974775,2.8236954,0.977184883616163
28333,test,-0.5489369,0.81648165,0.7288394741227155
10528,test,2.825111,-3.2633157,0.014372342720154446
30987,test,-0.9972609,1.071536,0.8147258756276331
35907,test,-0.06313233,-0.06622365,0.5077405871342399
50896,test,-2.731243,3.0632348,0.9835121118863652
7371,test,3.2579765,-3.5305903,0.008854114958712562
2823,test,3.1300597,-3.475904,0.010049011694806499
39361,test,-2.4177375,2.7417884,0.9745217270565655
18587,test,-0.1288644,0.15230446,0.5572255789180401
15529,test,2.1482134,-2.2453175,0.04557421119572244
33843,test,-1.8317456,2.1231844,0.9427331562461427
35019,test,-2.2906613,2.6383283,0.9701936895909975
26307,test,-0.2492795,0.24418145,0.5935079858625025
30905,test,-1.2453016,1.4376949,0.8711173657745134
4855,test,2.9747407,-3.3645563,0.01208598185610134
4812,test,-3.191321,3.5808806,0.9916141020296936
37448,test,-0.45285335,0.48969975,0.6665877504042071
27093,test,-1.3240755,1.567721,0.8866537411901825
41081,test,-2.7022429,2.990681,0.9823190688926738
44741,test,-1.6697563,1.8892065,0.9258028962076952
15604,test,2.304459,-2.4730816,0.03521189735225632
43612,test,-1.5354688,1.6886572,0.9080115690636803
34042,test,-2.293281,2.4488637,0.9661705515096902
3153,test,3.2429242,-3.5358863,0.008914238294411797
50331,test,-2.037849,2.2374864,0.9537042375926594
13826,test,-2.2975817,2.655477,0.970676977915702
26835,test,-2.1348665,2.2985775,0.9583518708973301
40594,test,-2.7702522,3.0938482,0.9842839309218753
11472,test,-0.6445231,0.5802877,0.7089594005712965
27088,test,-0.584006,0.65020835,0.7103154853385362
32759,test,-2.4306028,2.8032315,0.975781618814454
16662,test,2.3955438,-2.8238382,0.026090285347976236
30910,test,-2.1232543,2.3894544,0.9605106262242449
44064,test,-1.1064938,1.188743,0.8374660113667513
25560,test,-1.4973435,1.6806775,0.905280667684278
38043,test,-0.3961927,0.35017085,0.6354072337102014
12841,test,-1.2131401,1.4654803,0.8707731236006937
36732,test,-1.4526321,1.6164228,0.8985361910247938
31262,test,-1.264407,1.2525486,0.8574985917200395
26799,test,-1.5969958,1.8140621,0.9183714003870275
13157,test,-0.11466444,0.18482043,0.5603859430457624
47920,test,-0.2919331,0.37135115,0.6218341234777279
39647,test,-2.2079306,2.4396102,0.9639383814486636
6042,test,-2.605105,2.97726,0.9809237908615984
13370,test,1.5242269,-1.9396623,0.08385077726476711
45107,test,-0.7242638,0.94240993,0.7684503583920547
26509,test,-1.7334497,1.9537201,0.931735831858022
15025,test,2.7310853,-2.9052444,0.019616663195665664
25814,test,-1.048075,1.2737318,0.8399813116423137
13076,test,-1.8284272,2.0041642,0.9379316231788476
31811,test,-2.820152,3.1044664,0.9849258558829301
34698,test,-1.2234439,1.4850944,0.8731110480613905
7454,test,-3.0666928,3.3883295,0.9895515543027729
14337,test,-2.3334305,2.6517367,0.9713098754420413
5469,test,3.1107194,-3.4979258,0.010030359439725628
26100,test,-0.52006465,0.6868771,0.7063722360589667
16044,test,0.10914864,-0.16744275,0.45997348111770386
41627,test,-1.9924434,2.3640325,0.9561479414167322
12415,test,-0.7051713,0.7973646,0.7473836464294594
33003,test,-2.3371637,2.6045418,0.9704499676088586
6035,test,3.2808826,-3.5558963,0.008562857987901849
4612,test,-3.120698,3.497512,0.9906687263874789
4665,test,2.4852765,-2.6507902,0.027613576731731482
7268,test,-2.9137025,3.013413,0.984951779535661
655,test,0.46086037,-0.537384,0.339502512843847
48980,test,0.03919254,-0.0604289,0.49085261622805815
5250,test,-3.0809116,3.45408,0.990114648679477
31957,test,-2.200098,2.2202365,0.9579841242321706
4041,test,2.8041577,-3.1474733,0.01579355100561472
3518,test,-3.121044,3.5019493,0.9906996213242113
30966,test,-1.5372334,1.8068861,0.9147898649934538
32870,test,-2.721878,2.9491262,0.9820506446797583
34046,test,-2.3911662,2.8968508,0.9766617732554115
48003,test,-0.050375763,0.22374904,0.5560089054634308
47379,test,-2.0773973,2.2939103,0.9565811193366626
33099,test,-2.1425672,2.43399,0.9621711029336903
28053,test,-0.74678665,1.1144775,0.7917933782861538
24762,test,-1.9084969,2.105928,0.9449401063859951
36898,test,-2.0058858,2.209115,0.9518037181995306
16365,test,1.9073116,-2.0938911,0.0591231580947671
27311,test,-1.3976084,1.489792,0.8863441701598788
13020,test,-0.0855434,-0.18614535,0.49068111735410347
554,test,2.8806164,-3.2312586,0.014141713356968521
17111,test,-2.2154398,2.3760593,0.9625498956485015
12250,test,2.3754609,-2.6125383,0.03053656689592351
11233,test,0.28738776,-0.27051625,0.4116057120818182
13228,test,-1.5790287,1.6860136,0.9103756581156545
37755,test,0.01836705,0.22638893,0.5445605634497381
42175,test,-2.8184147,3.1893516,0.9857658935024806
34692,test,-2.2597249,2.4406478,0.9652018717688461
1071,test,0.20357181,-0.39945742,0.40397896470809314
15085,test,1.6825912,-1.8588217,0.07977581408502714
32290,test,-1.3969426,1.6404593,0.8964986292780023
1891,test,-0.21391378,0.27030012,0.5919457020292201
11629,test,-0.7085559,0.8469247,0.7543152284366922
49750,test,-0.42192754,0.48720816,0.6613697529297142
43563,test,-2.0098348,2.3381767,0.9558988809653954
7568,test,-2.1208143,2.418151,0.9612017649312006
15671,test,-2.160575,2.354239,0.9605664739317006
41858,test,-2.3560123,2.5994258,0.9707243399671696
38121,test,-0.9638696,1.1469333,0.8191225440390648
26206,test,-2.0458088,2.2584078,0.9545885573410298
23237,test,2.7548714,-3.1882813,0.01588605173502178
5362,test,-3.0424228,3.3476517,0.9890709712224942
11231,test,-1.9270465,2.0940983,0.9451842926949857
31472,test,0.19081517,-0.49767128,0.3896646639370168
26908,test,-1.3592566,1.5902785,0.8906518387946578
3577,test,3.310198,-3.5775862,0.008265062219929953
27153,test,-1.8738562,2.1355119,0.9447556851563824
4418,test,-3.116799,3.4279623,0.9901813477820416
36900,test,-1.0036445,1.2174145,0.8302751774269481
1322,test,-0.72968584,1.0442758,0.7815409813662921
14535,test,0.14133881,-0.35853186,0.4214763729196009
4840,test,-3.15732,3.506107,0.9909567716908904
10603,test,2.1730576,-2.5195544,0.0372879020029071
47332,test,-0.37765488,0.67038506,0.6827890734050793
3023,test,3.3118153,-3.5569572,0.008374842598669548
33620,test,-1.753717,1.941008,0.932071378466073
38284,test,-0.21726297,0.482309,0.627787572101943
14090,test,0.14780635,-0.20237967,0.4472084888658849
14988,test,2.5566416,-2.6305747,0.026668445107356574
6019,test,3.3547125,-3.561011,0.008106315517679675
31853,test,-2.306377,2.6277907,0.9702983068934204
362,test,-2.4573157,2.6804543,0.97414092715111
11080,test,-2.6916733,2.9512632,0.9817010810165503
33564,test,-2.1538835,2.3648365,0.9606698920478716
3647,test,3.0039568,-3.3384037,0.012060409364009095
42908,test,-1.8764777,2.2028723,0.9472569867124984
41590,test,-2.543262,2.9582133,0.9798350957822686
13879,test,-2.507948,2.763854,0.9764016980010097
33301,test,-2.3518786,2.556539,0.9697745088403134
43136,test,0.09951292,0.18443306,0.5231238221067599
2307,test,3.101607,-3.4889717,0.010156693376627663
12161,test,1.9285825,-2.0644357,0.05944260061840152
43389,test,-2.5934,2.929963,0.980135550236515
9080,test,-3.1440215,3.5130024,0.9909165233083943
15119,test,2.622911,-3.0247333,0.01946494872169127
39093,test,-2.6645782,2.971701,0.9816171932390466
1205,test,-2.6750011,3.0479803,0.9826807531971608
35818,test,-0.19044502,0.1391562,0.5655716688805273
36188,test,-1.2261935,1.2878555,0.8572498408677462
35386,test,0.24780141,0.13018695,0.48770588360747613
49171,test,-0.08995051,0.13084319,0.546776567629158
36776,test,-0.023580113,0.052566607,0.521591831719696
25110,test,-1.6481462,1.8510028,0.9228755735400257
16460,test,0.88599426,-1.1966306,0.19396705097582403
283,test,-1.979793,2.2610574,0.9526268741239914
32671,test,-0.58026713,0.86788625,0.7401303301804343
38016,test,-0.6013848,0.7800602,0.7310505023305351
7003,test,3.023238,-3.3714797,0.01163152379327186
13609,test,0.6695145,-0.77073187,0.27391375950927876
42600,test,-0.6284192,0.8477117,0.7438786691447244
16494,test,0.8018342,-0.8176129,0.24968882913748974
49139,test,-0.096093364,0.004638078,0.5258836312825103
42934,test,-1.2337031,1.3368835,0.8620238837404494
8438,test,-2.9724956,3.4141855,0.9890452692247167
30023,test,-2.762865,3.0646214,0.9838825777178631
4867,test,3.2973092,-3.5869617,0.008285241396582512
25191,test,-1.7781516,2.021829,0.9365895856992545
33691,test,-2.9051466,3.237363,0.9870302468155249
2726,test,-2.9742296,3.0985734,0.9863906466869218
40516,test,-2.671209,3.078938,0.9830013787152231
32945,test,-2.7581613,3.0839543,0.984044134038526
44190,test,-1.8859775,2.067109,0.9426634632983637
5289,test,3.2818596,-3.5727935,0.008457307328816364
11542,test,2.652806,-2.988278,0.01955277349750891
43976,test,-2.181962,2.3296154,0.9604805838763184
6482,test,-3.1164026,3.4968295,0.9906364653338281
29168,test,-0.50311655,0.5162735,0.6784303971946034
5971,test,3.3429725,-3.5841365,0.00804249592105482
27767,test,-0.16756368,0.28854293,0.5871856912336225
639,test,2.7859263,-2.888608,0.019108988026461087
35633,test,-0.92122513,1.0735402,0.806777079992625
27904,test,-1.7853969,2.037628,0.9375407038655899
12487,test,-2.1741679,2.489622,0.9643316169567879
6581,test,2.9659433,-3.4058278,0.011817604243787218
2496,test,-2.8959908,3.192965,0.9865415735501822
26025,test,-0.3651267,0.58475155,0.6677261639459708
34591,test,-0.8260923,0.97451955,0.7847087443045145
25638,test,-0.43419856,0.510936,0.6669891649831361
1308,test,-1.5772744,1.8589832,0.9196838061463934
38029,test,-0.40287685,0.34507126,0.6356641078179773
28380,test,-1.0556978,1.2836028,0.8416201380370446
13512,test,-0.39662537,0.42218947,0.64707154340087
34851,test,-1.4576579,1.7522845,0.9071790687648946
4236,test,-3.1669776,3.4701135,0.9907900932059237
11727,test,-1.5574263,1.8136597,0.9162495385995195
34417,test,-1.8668712,2.0102534,0.9397214886898511
43003,test,-1.4753217,1.6052393,0.8992679988308648
42123,test,-2.7042482,3.0822072,0.983420818288931
34150,test,-2.5269935,2.8825445,0.9785237321798762
12265,test,-1.3001252,1.5261347,0.8819617744292151
41883,test,-2.4391456,2.9104185,0.9776237033774076
35749,test,-0.114614084,0.07357983,0.5411167994416651
29736,test,-1.3092977,1.4349325,0.8758527983501079
34256,test,-1.6298956,1.689248,0.9134174052143882
31233,test,-2.1692357,2.5934925,0.9666382524120511
29125,test,-1.4565636,1.3874093,0.8832462416600896
177,test,2.2789438,-2.5631247,0.03370947935976695
3527,test,3.046942,-3.4330783,0.010964827529851982
36586,test,-0.06275312,0.088417,0.5346761517081787
36716,test,0.113947585,-0.049533155,0.4796894905795762
27259,test,-0.09450087,0.22884837,0.5644962817648992
3278,test,-3.2062554,3.5230737,0.9913608761815945
13777,test,2.8133104,-3.1806598,0.015339498587770286
34366,test,-2.432749,2.6975293,0.9740085218303594
33329,test,-2.70134,3.1035166,0.9836294896162295
31160,test,-2.554928,2.7426603,0.9768139731228104
11284,test,-0.9705483,1.1151952,0.8165094913563011
39055,test,-2.558846,2.8988538,0.979220775265276
28909,test,0.22636338,-0.104538694,0.45054726371718085
6759,test,2.818754,-3.2707815,0.014361353167987987
28051,test,-2.4280674,2.7155423,0.9742436838011354
15545,test,0.2028111,-0.21060285,0.4362962683896994
5498,test,-3.1546497,3.4752946,0.9907443386880744
13906,test,-0.33162186,0.35181445,0.6251449800005013
35999,test,-0.84321135,0.83865005,0.7703362929403809
44125,test,-2.4306953,2.7441,0.9747857263366554
47592,test,-2.1635494,2.2362623,0.9574021756628348
48795,test,-0.31177953,0.33975226,0.6198979899828088
7099,test,3.2780428,-3.551963,0.008603194052553696
3116,test,-3.1264992,3.5033994,0.9907440449001177
31081,test,-2.7754445,2.9863937,0.9831375621752254
8675,test,3.2596068,-3.5596285,0.008667725570952644
436,test,2.274529,-2.3530557,0.038956466745612824
38191,test,-1.6103042,1.7372946,0.9149794876754004
24535,test,1.3213738,-1.4814272,0.1269205437565087
26843,test,-1.6838195,2.004328,0.9317793433467569
26873,test,-1.59298,1.8296932,0.9189787379007155
11084,test,0.28865933,-0.29223526,0.40771445414160706
24458,test,-1.1421382,1.3106652,0.851923735729974
4434,test,-3.1369035,3.4714332,0.9906046311544878
49469,test,0.027435673,-0.1440572,0.47829010587585946
48191,test,-2.5442755,2.9440784,0.979652849004165
44174,test,-1.9279199,2.1779892,0.9481779771394118
16961,test,-0.5374504,0.54123807,0.6874165545699727
35911,test,0.2486987,-0.29696074,0.4136827121459044
11923,test,-0.05533621,0.13637416,0.5417278410254556
13569,test,2.7134647,-2.8866591,0.02010996307453423
5654,test,-3.122789,3.52324,0.9908469985910057
35976,test,-1.0158116,1.1491717,0.8246728506123783
28813,test,-1.8198316,1.8097485,0.9291272121724308
45452,test,0.14530303,-0.09787695,0.4657870976198367
42582,test,-2.5322092,2.8066578,0.9774593428490733
40456,test,-2.7305372,3.0774446,0.9836646722009155
48474,test,0.055718582,-0.08223023,0.48415087078141816
38414,test,-1.2795492,1.6560827,0.8897005777640723
7078,test,-3.112061,3.438064,0.9902177769448746
14352,test,-2.0483484,2.3160408,0.9563795682623336
11267,test,-1.8508142,1.991265,0.9383170698286398
29370,test,-1.6536484,1.7112116,0.9159145585088402
4323,test,2.9868588,-3.2940373,0.012583861001043481
10805,test,2.9434793,-3.3243742,0.012697789293473673
48566,test,-1.3129547,1.5528196,0.8848105138496497
33868,test,-2.499478,2.7536108,0.97609804236788
33113,test,-1.3473564,1.5523716,0.8872104217120274
34109,test,-0.940033,1.192006,0.8213141495249232
29916,test,0.03676052,0.008183631,0.5032820183426485
38426,test,-0.040885825,-0.047245007,0.5071689454532474
8869,test,3.1604962,-3.5034077,0.009653524954468338
7488,test,-3.1762881,3.4801826,0.9909130381977002
25053,test,-1.8469884,1.9473995,0.93635673288954
49456,test,-0.05062574,0.23864475,0.5586240753051668
25240,test,-2.501471,2.9219704,0.978727270605646
33586,test,-1.457455,1.7729436,0.9083775986247566
33360,test,-1.1368562,1.3944595,0.8587222627736774
28140,test,-0.8031984,0.8946846,0.772314066800871
25748,test,-1.9159173,2.1492803,0.9467599316490001
36693,test,-1.4623663,1.5733767,0.8963908495815045
16007,test,1.0563375,-1.2208198,0.1735629260301797
33463,test,-2.6674552,2.9479864,0.9813521781014928
2748,test,-3.1270633,3.4312148,0.9902728940228617
8328,test,-2.3846288,2.5437927,0.9701821887715522
39663,test,-1.794166,1.9828871,0.9356299080380435
41452,test,-2.53599,2.9018059,0.9789354326004612
26227,test,-1.0751972,1.3010784,0.845039104896426
198,test,2.4400563,-2.738513,0.02682598243270937
5658,test,-2.934866,3.2975926,0.98781191121893
3139,test,3.2059538,-3.4910984,0.009434234779493341
49790,test,-2.5399966,2.7840986,0.9772304365862569
2019,test,2.903892,-3.3460555,0.012855858380272235
32129,test,-0.7556958,1.1143833,0.7928086038815386
5573,test,2.9059653,-3.279943,0.01343723474758671
25490,test,-1.6178571,1.8741326,0.9225181866266783
42329,test,-0.4812266,0.78542846,0.7149648760948858
35489,test,-2.504713,2.8260794,0.9773344978620645
6852,test,-2.9324574,3.2811005,0.9876516206014894
41836,test,-2.2898946,2.6617389,0.9706485725647783
3621,test,3.2584815,-3.5195985,0.00891875633533384
43895,test,-2.3890538,2.6301556,0.9719664042714878
649,test,2.438204,-2.523995,0.03107567675819916
47934,test,-0.02084996,0.14998193,0.5380980847944045
36172,test,-1.5237182,1.61156,0.9026842965010868
6379,test,3.2311082,-3.5535045,0.008878433947312771
7167,test,2.806948,-3.155099,0.015680638266900148
8595,test,3.1767037,-3.4938457,0.009609161681044004
10900,test,-1.4993808,1.488011,0.893205609405809
29066,test,-2.1197033,2.304409,0.9580904148772817
47752,test,-0.6977109,0.819773,0.7493537032736834
27587,test,-0.27916124,0.4322014,0.6297137565151959
12466,test,0.77187616,-0.8513892,0.24918852547302403
14554,test,0.9639946,-1.0145172,0.20561368029332405
44282,test,-0.10185321,-0.08798498,0.5107069342406882
35629,test,-1.3877339,1.6427994,0.8960517311682159
48452,test,-1.0026075,1.329837,0.84097947716721
964,test,-0.31775513,0.10592263,0.5816735553114649
41380,test,-2.4571004,2.8418174,0.976835036363174
15160,test,0.17826703,-0.10556726,0.4587145896167138
15106,test,1.475202,-1.6717719,0.10253764017141617
43864,test,-1.2287952,1.342918,0.862117630861994
15475,test,-1.9208175,2.2092838,0.9490036409004301
31102,test,-0.8079544,1.0768586,0.7944973329080908
48552,test,0.07378117,-0.0046496815,0.49455946899768805
3728,test,-3.1424656,3.5010486,0.9908310224320798
38161,test,-1.0393618,1.3793712,0.8488904005894983
8874,test,-2.8065429,3.1700962,0.9854569606833923
26760,test,-2.1573684,2.3873584,0.9613518649222023
35528,test,-2.7412825,3.005156,0.9829579537710906
35426,test,-1.6283498,1.7546164,0.9168853628178626
49616,test,-0.1349384,0.2751965,0.579365452515726
539,test,2.777899,-3.0193615,0.017563810653128828
49933,test,0.45790818,-0.7202986,0.311854814064993
42447,test,-0.69675875,0.9069043,0.760510883125336
24465,test,-0.09321104,0.25712982,0.5691345620371978
33005,test,-2.104591,2.3758616,0.9596453966385159
280,test,0.7589301,-0.96955585,0.23566669546345106
33689,test,-2.8264127,3.154383,0.9854985932862641
16433,test,-2.1431198,2.3852496,0.9609242649926989
48289,test,-0.46988708,0.500623,0.6709220463480055
1490,test,-0.8446304,0.9491048,0.7838945593361992
25684,test,-1.1533257,1.3272457,0.8543585857951577
30535,test,-2.123395,2.5477445,0.96450811784859
43821,test,-2.7134788,3.0149393,0.982745391941371
12150,test,-0.33271834,0.18513821,0.5976204632847358
8092,test,-3.183854,3.4974759,0.9910683675691422
33641,test,-2.377623,2.8665047,0.9759512825426047
36160,test,-1.2139407,1.3679564,0.8629626882074417
24500,test,-1.1744679,1.4345692,0.8651934899498739
33371,test,-0.888597,0.915319,0.7850991622648967
42137,test,-0.7339515,0.8020233,0.7517765057164914
16411,test,-0.69871,0.98006374,0.769953759191843
1096,test,0.7618809,-0.88770956,0.2457574488916351
10627,test,-3.1584494,3.54587,0.9912096713429195
43218,test,-1.5510737,1.7226275,0.910868883456965
14044,test,-2.2022905,2.407722,0.9630141747204183
31360,test,-2.1006927,2.5059853,0.9629309623816176
31901,test,-2.6663768,3.0948834,0.9831308554731452
2712,test,-2.9779859,3.1896825,0.9872537309193513
47853,test,-0.18730128,0.2736362,0.5880049925674417
25001,test,-0.3676384,0.5239267,0.6586102491231017
4435,test,3.1729937,-3.3741238,0.010467095058521586
16917,test,0.3844919,-0.702931,0.32565017877821784
5840,test,-2.9228292,3.2322583,0.9871424543312615
30285,test,-1.9303705,2.1492672,0.9472670439303061
29858,test,-1.6459686,1.8395393,0.9221933048426422
35645,test,-2.1309016,2.491551,0.9633230293048721
42442,test,-1.6111414,1.8966423,0.9233046104859352
2212,test,-3.134175,3.4926858,0.9907245286541715
1122,test,-0.5929455,0.75962585,0.7270588399601997
50186,test,-2.3664203,2.7424483,0.9736264812140094
33382,test,-2.5051427,2.873406,0.9780631852315176
30941,test,-0.60278267,0.61932117,0.708568340947978
41320,test,-1.995449,2.1713343,0.9502318560753419
35492,test,-2.2013412,2.4608064,0.9642920570999358
13842,test,-0.0991254,0.03033662,0.530894293816341
15294,test,-2.0368695,2.2891912,0.9552466957272738
10696,test,-3.112696,3.470789,0.990441363732002
8169,test,2.8989086,-3.3699923,0.012688602981640571
49566,test,0.084304556,-0.12675546,0.4713847953277182
6204,test,-2.850389,3.0856667,0.9850442382574458
42593,test,-2.1231008,2.3911777,0.9605522756878369
24638,test,0.064132735,-0.0052237785,0.49614704255497455
43533,test,-2.559599,2.6991067,0.9761895820975538
49083,test,-0.0047246874,0.058581267,0.5193488876785145
15150,test,-0.44342926,0.63800734,0.6878296861064657
38930,test,-2.0250456,2.3401504,0.9564031185148009
32875,test,-2.6721387,2.9664502,0.9816463411140843
1212,test,2.3697002,-2.563716,0.03168798205664718
31746,test,-1.8014225,1.9869845,0.9361068276005963
33347,test,-1.5797379,2.0097132,0.9272553771045838
5318,test,-2.120971,2.5029283,0.9633587865560093
30579,test,-2.4493194,2.7584424,0.9753466361194627
49683,test,-1.820455,1.891492,0.9328305543928811
13719,test,0.001241689,-0.17698392,0.4771144403090932
48201,test,-2.0789702,2.2160554,0.954308895582017
12661,test,-0.16458285,0.025196442,0.5413922995275874
29997,test,-0.66413194,0.8720898,0.7518087553330924
29874,test,-2.2181892,2.557691,0.9669338227964428
6696,test,-3.2657905,3.6113636,0.9922033629559733
1354,test,-0.12255488,0.22594877,0.5688192282680188
4876,test,-2.8426833,3.1485844,0.9856029620385286
11645,test,0.58356494,-0.7887637,0.28346834098709944
41568,test,-2.3332553,2.620573,0.9706923051487905
27809,test,-0.15081857,0.2870696,0.5840915836526893
47709,test,-1.5473324,1.641067,0.9059016638775408
5033,test,3.1047213,-3.5068774,0.01000985458679779
32340,test,-2.0991435,2.4004302,0.9601604656923942
41332,test,-2.8138738,3.0988271,0.9848015192602725
8508,test,-2.7825909,3.1535602,0.9850452215145269
43419,test,-2.19136,2.442182,0.9635962638165468
29776,test,-1.3147807,1.4094242,0.8743208312225565
16956,test,-2.4560137,2.7899885,0.9759820533457811
28023,test,-2.0871344,2.4031901,0.959912110315239
40278,test,-2.0392632,2.47473,0.9605447130912499
24891,test,-0.19074371,0.47717747,0.6225969633787907
27956,test,-0.25503615,0.39281765,0.6192912787819373
47933,test,-0.77195925,1.0015795,0.7814904517514956
24964,test,-0.9836702,0.9566807,0.8007709620950862
25492,test,-0.5219981,0.70433176,0.709178719944266
7390,test,-3.1321354,3.4624925,0.9905149136710162
47278,test,-0.6073332,0.7188783,0.7233825558145628
16204,test,1.9877447,-2.2214918,0.051525113925952326
42059,test,-1.1018236,1.201805,0.8382638570935954
26528,test,-1.6713628,1.9209733,0.9273914544442815
16642,test,0.7448454,-0.88487333,0.2483444767217484
1825,test,-1.2033962,1.4220359,0.8665261850545837
47393,test,-1.6683594,2.0533807,0.9332587341206038
39567,test,-2.0107388,2.1189873,0.948990932763846
37273,test,-1.8100731,1.995138,0.9368066505862416
37515,test,-0.3061654,0.39249903,0.6276391397174931
28667,test,-1.5350367,1.809924,0.9148357481762716
14274,test,-1.6529813,1.8602566,0.9235744773303511
2607,test,3.1282804,-3.4770486,0.010053431432477621
48244,test,-2.426207,2.777273,0.9752744767126151
48140,test,-2.0895188,2.4005322,0.9599047447990265
50724,test,-1.8257812,2.064968,0.9402593668903073
6516,test,-3.1986768,3.5840015,0.991674855937534
13812,test,-0.9228696,1.1950408,0.8198583793508456
29450,test,-1.984463,2.2578263,0.9526723024824861
48308,test,-0.594039,0.5794031,0.7014860100300732
49064,test,0.046559364,-0.01862797,0.4968764770153003
33315,test,-2.0635393,2.3930678,0.9589941282636997
40125,test,-2.7400172,3.1359499,0.9844118868995837
14831,test,1.9680377,-2.2745142,0.0503974760949349
12500,test,-0.56164265,0.66471434,0.709182634553682
39600,test,-1.6659212,1.9327815,0.9276909213986494
25395,test,-0.1847366,0.25826493,0.5849606860507734
38594,test,-0.3554767,0.5786473,0.6652753643680921
4203,test,3.3532028,-3.5884097,0.007961919890356793
43690,test,-2.4003022,2.7135077,0.973715135695
30199,test,-1.7764652,1.8997519,0.9312466599107018
41834,test,-2.5122113,2.792,0.9769187226593834
44387,test,-0.53011376,0.5900385,0.6936178991405179
39335,test,-2.4225657,2.679617,0.973506059561801
712,test,-1.1808983,1.2723278,0.8519610421937771
41728,test,-1.9411803,2.1529756,0.9477723016665455
7238,test,-3.1672544,3.5496025,0.9912857962939382
42648,test,-1.980509,2.1219592,0.9480595213224944
12811,test,-0.99125165,1.0562885,0.8124697151627922
16419,test,-2.1679785,2.3727465,0.961247669080217
26645,test,-0.86920166,1.1587526,0.8103722420031091
6005,test,3.2877011,-3.464808,0.009078343447440863
1048,test,-1.5294979,1.7564218,0.9115607035421127
2405,test,2.5673718,-3.0726037,0.019567650344185387
16792,test,1.1742041,-1.2372774,0.16048917134861462
2950,test,-2.9295146,3.349658,0.9881993156760575
31599,test,-0.0016548993,-0.023816524,0.5044044127791235
12869,test,0.2975484,-0.43325785,0.38264410733235654
28045,test,-1.3291333,1.4085066,0.8753504103066522
44026,test,-1.9625641,2.3611193,0.9551755109696627
39910,test,-2.290876,2.4649334,0.9664817400468572
43001,test,-2.2761617,2.4141097,0.964963641070268
4214,test,-3.1437411,3.5314255,0.9910301036962073
32296,test,-1.7635038,2.011292,0.9355346937203797
33239,test,-2.523479,2.8626902,0.9781773252539508
31465,test,-1.6271904,1.8791395,0.9232325253663821
38065,test,-0.2054861,0.28447178,0.5929163650393897
28100,test,-2.2149124,2.4331853,0.9639519285278576
37119,test,-0.8272824,1.1124407,0.8007008607942545
1288,test,1.6389467,-1.875841,0.0811545378588979
35607,test,-2.235087,2.358656,0.9626064613929075
13396,test,2.286297,-2.37192,0.03816171087677529
26918,test,-2.055184,2.3160348,0.9565785342299257
1188,test,0.9110087,-1.2060603,0.19022594513238322
1052,test,-1.7373886,1.9746503,0.9328345847515419
32505,test,-1.0300398,1.3939286,0.8493598164849205
184,test,-1.1028104,1.2684584,0.8445796843588756
14455,test,-0.5807349,0.5766966,0.6991342862818846
14441,test,1.8142123,-1.8567032,0.07337050700812063
44466,test,-1.3825748,1.6754425,0.8978297520776518
29396,test,-1.5453522,1.6443104,0.9059769952700005
6976,test,-3.0450583,3.4772358,0.9900272887725797
41712,test,-2.4957838,2.840398,0.9774179021197306
16176,test,0.0034628636,-0.35336354,0.4460598744224364
2419,test,2.854734,-3.3032675,0.013698628907540278
47189,test,-0.101795666,0.21297482,0.5630196884400721
50665,test,-0.94114107,1.0644954,0.8079603687898427
29512,test,-2.3954606,2.7104936,0.9735740547842276
24856,test,-1.6395384,1.7380607,0.916598665051502
47929,test,-0.03203894,0.11113055,0.5332827692452053
36330,test,-0.21477477,0.20041953,0.5802281357884413
48213,test,-0.25902987,0.27451256,0.6002575064644031
48433,test,-0.15329283,0.17831917,0.5659174063591665
3637,test,3.1976552,-3.5301647,0.00923511184091864
34592,test,-2.2414944,2.4005911,0.9638054291693424
26597,test,-2.5928326,2.893218,0.979620690886687
7638,test,-3.1795182,3.5573452,0.9914059199167666
40961,test,-2.5511358,2.8618324,0.9785741238175366
49048,test,-1.3909324,1.4084256,0.8799875580725501
4999,test,3.124943,-3.4633102,0.010173069258885553
47924,test,-1.3078669,1.30593,0.8655815510674848
6478,test,-3.2832794,3.585612,0.9921585008141518
43211,test,-2.636969,2.9160862,0.980536134851188
34022,test,-1.9351276,2.0785663,0.944913487082162
39052,test,-2.572299,2.8640423,0.9789144298458659
32193,test,-2.1428423,2.4149575,0.9616903733859609
41915,test,-2.42735,2.8051867,0.9757601503589152
27685,test,-0.67693,0.9431657,0.7625992797836623
43503,test,-2.9368382,3.2177343,0.9871378789763389
14996,test,0.6604833,-0.9669022,0.2486494241341942
44528,test,-2.5404842,2.8154147,0.9777204841281973
29378,test,-1.7264143,1.8652881,0.9273615893914801
32419,test,-2.1922293,2.4562058,0.9639601321029276
2524,test,-3.1509538,3.4560275,0.9905957982472935
10938,test,2.5966964,-3.0479033,0.019505659454102653
11151,test,2.3346577,-2.5592763,0.03254690817285926
29954,test,-1.7931536,1.9525242,0.9342946982588851
3349,test,3.3123202,-3.578544,0.008247412669531691
12606,test,0.33767357,-0.6315622,0.3440698192323133
13155,test,1.5418335,-1.6881179,0.09731551659279818
11423,test,-1.8361906,2.1006277,0.9420449647183888
42011,test,-2.803711,3.153264,0.9852584028965103
31033,test,-2.3614733,2.533413,0.9694956796030912
37602,test,-0.9737586,1.1690689,0.8224195583004567
14758,test,-2.6433816,2.8375115,0.979548504883584
630,test,-1.0110437,0.83679646,0.7902402926531467
7132,test,-3.0965915,3.4619484,0.9902746586735408
31111,test,-2.5545235,2.9183364,0.9794355690373323
44674,test,-2.523981,2.8080134,0.977353127048738
5454,test,-1.8463625,1.9822683,0.937770058060855
3147,test,2.7565744,-3.1822243,0.01593376151207238
47345,test,-0.97803926,1.1369641,0.8195576943019083
33374,test,-2.4660695,2.668618,0.9740865269070721
4304,test,-2.8962536,3.2647057,0.9871945084111982
47231,test,-0.66075927,0.7926655,0.7408392864387756
41256,test,-2.2685072,2.6556058,0.9700948345377608
27220,test,0.29851863,-0.21901537,0.4184650536644739
40428,test,-2.2712843,2.640473,0.9698429424358548
34361,test,-2.38632,2.621931,0.9717566752322582
2041,test,2.7071614,-3.1821094,0.016486492633277994
798,test,-1.4647697,1.705813,0.9048333369509332
38728,test,-2.3716252,2.8113241,0.9749256084953148
41687,test,-1.1461872,1.253379,0.8471616136963593
28085,test,-1.4096488,1.468438,0.8856858741507634
35263,test,-1.4552902,1.4845173,0.8899870300669296
2555,test,3.2932246,-3.5829237,0.00833208202584602
38972,test,-2.385246,2.7535377,0.974158793622281
156,test,1.7438254,-2.0131526,0.06937923267529703
47876,test,-1.0995963,1.3530551,0.8519103056068088
7036,test,-3.0189266,3.2029438,0.9877223709740972
43216,test,-2.483531,2.9018393,0.9781653861151587
50671,test,-1.3252023,1.5389816,0.8846970220738006
28934,test,-1.0728704,1.409547,0.8545192667228867
38590,test,-0.60738057,0.5899151,0.704970064254695
8473,test,1.3384281,-1.4028684,0.13176753406985237
27064,test,0.042859223,0.0077586793,0.5021406264766485
47168,test,0.057587232,0.10607529,0.5167596265711589
13275,test,2.4023733,-2.7938743,0.026504866493536394
27937,test,-1.1479985,1.2661693,0.8484800944695758
1107,test,1.4580324,-1.5250081,0.11358746310529069
27865,test,-2.5835342,2.8208117,0.9784472358764819
37526,test,-1.4774977,1.78603,0.9102891340168784
37690,test,-0.10678756,0.15279327,0.5534947064666209
51204,test,-1.6346089,2.0560875,0.9318926484262198
24915,test,-0.75038743,0.9213545,0.7690809021033869
47705,test,-0.4103674,0.4393528,0.651995264285678
8370,test,-2.8250816,3.188846,0.9858262736760951
14002,test,-1.2725781,1.3846799,0.869081393013592
7176,test,-3.21697,3.5442996,0.9915502401199933
8270,test,-2.409453,2.6139522,0.9720463045823293
8102,test,-2.8229332,3.0626001,0.9845142924859528
40330,test,-1.579606,1.8511677,0.9193998542188603
16824,test,-1.1344155,1.2178196,0.842823058104703
7869,test,2.5782292,-3.0033836,0.020366848221209256
43142,test,-2.5849853,2.9501963,0.9802959540491631
25244,test,-1.2841148,1.5151305,0.8799792313420912
41425,test,-2.5840702,2.9053655,0.9796679339507721
15478,test,0.0243894,-0.003002835,0.5034892846561011
14940,test,0.5163693,-0.76372415,0.29676105923144436
3440,test,-2.1567512,2.201127,0.9561890720741266
27004,test,-1.8943878,2.1427746,0.9457622131038249
2732,test,-3.2249336,3.6191192,0.9920220908283619
31972,test,-2.8608394,3.2381377,0.9866343772697646
8829,test,3.295278,-3.5371103,0.008588983721582446
39165,test,-2.179256,2.5387988,0.9656151338093538
41070,test,-2.342871,2.6097493,0.9706682424755786
13786,test,-1.317114,1.189831,0.8566403357823761
8696,test,-2.9664397,3.3108978,0.9881843290993878
40675,test,-1.1605668,1.3787808,0.8594028581488135
15333,test,-0.7250673,0.9425673,0.7685699967331444
39902,test,-2.1027265,2.385667,0.9598600744370768
26683,test,-2.572446,2.9924726,0.9806939647989426
30539,test,-0.7392333,0.78975487,0.7508629194803607
33267,test,-2.5157914,2.933607,0.9791022310759574
31797,test,-2.5419288,2.8488474,0.9782460459516162
26082,test,-1.2659391,1.2899381,0.8607948753163053
47742,test,-1.4410434,1.6432012,0.8995012957293542
12458,test,1.9457108,-1.9116851,0.06497664441581233
6408,test,-3.1359112,3.5276332,0.9909575073602729
37057,test,-0.43386307,0.29965788,0.6333224752339878
40168,test,-2.5484123,2.8805304,0.9788072843122863
14261,test,2.4271646,-2.7854602,0.02621072195892742
25026,test,-1.7335519,1.9535626,0.9317333695764117
40973,test,-1.2893552,1.3026965,0.863800960126547
37185,test,-1.0517073,1.1705292,0.830391280871052
37010,test,-1.0682422,1.1188791,0.8269017896478943
5614,test,-3.0832582,3.4010081,0.9897610610689394
38617,test,-2.0154212,2.3585687,0.9566590193676334
29030,test,-1.6803894,1.9019868,0.9269206799056402
41550,test,-2.377464,2.646715,0.9720610182363933
15979,test,-2.0089622,2.1859324,0.9511540779556535
25356,test,-2.4392412,2.7078805,0.9743052872208519
27976,test,-2.3259432,2.6642933,0.971408577268477
44758,test,-0.70538396,0.9800411,0.7707772443113374
15313,test,-2.527134,2.8775554,0.9784523023972892
3682,test,-3.051392,3.4646149,0.989983751206362
41589,test,-1.6968493,1.8234456,0.9239223682537606
7320,test,-3.2698803,3.5466268,0.9918680604395795
38446,test,-0.6932071,0.803649,0.746632403259034
12352,test,-2.3571303,2.6357315,0.9714595625977573
47663,test,-0.46920303,0.69046324,0.6994631764103859
48581,test,0.36309657,-0.16953905,0.4158952676590814
15984,test,-0.398966,0.46532208,0.6543050225685715
39236,test,-2.133614,2.2830505,0.9578806188777278
7678,test,-3.0102522,3.3493292,0.988837858327485
14864,test,-2.527868,2.8658044,0.9782891409640261
11803,test,0.84929365,-0.9198385,0.23058117794376945
36794,test,-1.5768719,1.7618743,0.9144962737971181
49460,test,-0.62925637,0.50016314,0.6949944927523031
41996,test,-2.5449083,2.882718,0.9787881659798897
7981,test,3.261672,-3.587658,0.008488606029638182
49692,test,-0.041632652,0.018942153,0.518871724191043
36210,test,-0.06518504,-0.013751415,0.5172744080785463
16923,test,-1.2495291,1.2495073,0.8559592560313279
3826,test,-3.1748943,3.5114012,0.9910990773764206
33525,test,-2.6523013,2.9372835,0.9810181130289353
27764,test,-2.2384758,2.4933972,0.9659347929178551
12128,test,-0.68334705,0.6574109,0.7254150589967069
43293,test,0.30910394,-0.30062458,0.40285054955165295
28426,test,-2.1775682,2.520434,0.9651461039596291
50719,test,-0.6711367,0.9754762,0.7659427566097425
26249,test,-0.42570594,0.645143,0.6862364009903626
14264,test,0.6294398,-0.7373423,0.2842574661037193
37860,test,-0.05751493,-0.038928445,0.5115320659578095
1591,test,-0.83229524,0.9388964,0.781209814446065
47841,test,-0.11179654,0.26180032,0.5731212340055041
27659,test,-0.15395756,0.24456654,0.5773838620013366
8986,test,-2.9976716,3.341136,0.9886762375778938
25591,test,0.10938277,-0.04779813,0.4807900340080561
47882,test,-0.9009388,1.0271497,0.7993982699425569
6927,test,3.2035563,-3.5279598,0.009211472566309132
17006,test,-0.8250207,0.90022653,0.7756641635590611
13153,test,-0.055640463,-0.08346814,0.503413100157652
4145,test,-2.248297,2.2157903,0.9591995022665813
3504,test,-3.1952343,3.4969435,0.9911353213300201
35827,test,0.4041932,-0.45725384,0.36128948951949463
32353,test,-1.7462137,1.831201,0.926685109715209
1711,test,-0.32402623,0.50529325,0.6487486681632737
5792,test,-2.7983427,3.067059,0.9842980128848839
29239,test,-0.95569104,1.1635113,0.8199918738140176
46182,test,-0.2709132,0.36950025,0.6180628059227614
49232,test,-0.18964365,0.058781724,0.5515644119978435
26707,test,-1.1488737,1.4745871,0.8663665306219512
32986,test,-1.7671947,2.113812,0.9398752053133486
39009,test,-2.2573872,2.5087395,0.9667148692902782
13257,test,-1.9821005,2.190942,0.9504386171092578
35997,test,-0.70785624,0.7415645,0.7403008962734245
31270,test,-1.1774458,1.3633218,0.8595228891074629
42874,test,-1.9643258,2.2967937,0.9532629668734106
13724,test,-2.4700785,2.758031,0.9756867527109202
3097,test,3.1886985,-3.536635,0.009251047985506166
25579,test,-0.079946816,0.30549192,0.5751476230827207
14694,test,-1.9715791,2.3013773,0.9536306705297624
42837,test,-1.1293067,1.3750807,0.8564203684854758
12732,test,-0.6023713,0.5608726,0.6999892620451333
41596,test,-1.1038157,1.1633865,0.8347776044437245
15104,test,-2.328207,2.5628283,0.9694158727767628
35291,test,-1.8472446,2.2622194,0.9483000921611144
30661,test,-0.15855728,-0.16241635,0.5076062872172397
48705,test,-0.1832805,0.22524467,0.5790908746452452
35737,test,-1.5907693,1.8506488,0.919950177698592
27630,test,-0.053129803,0.17476186,0.5480073208498473
25171,test,-0.57054406,0.6926042,0.7144644487735037
30258,test,-0.74527246,0.7607433,0.7478431898479314
48740,test,0.007209772,-0.081222534,0.49280982286530467
34369,test,-1.9530479,2.1081312,0.9466179899977107
43201,test,-1.6327173,1.9065291,0.9248494318250503
48970,test,0.2327241,-0.1960034,0.433662215258393
5937,test,2.801299,-3.1934443,0.015331327354448095
27580,test,-2.4279284,2.837646,0.9763010647893261
26121,test,-2.513094,2.883031,0.978325565259734
3855,test,3.3118894,-3.570944,0.008293511462170805
2930,test,-3.0700278,3.5331378,0.9905708882930212
45542,test,0.17918143,-0.38464168,0.41060280062004817
12610,test,-1.4441735,1.8309649,0.9109505108365474
13214,test,-0.4759191,0.5242175,0.675483637144124
30272,test,-2.668343,3.1566353,0.9838547177630111
36645,test,-1.7237772,1.9044131,0.9290631319267244
27999,test,-1.992291,2.4994044,0.9599490146820578
51110,test,-0.26309052,0.3290803,0.6100614140605342
36695,test,-0.1778601,0.15524776,0.5661745650069848
45772,test,1.8015908,-2.0808518,0.06391973718659404
9106,test,-3.1550376,3.5964813,0.991492872744558
5100,test,-3.06551,3.3607802,0.9893415852039548
39502,test,-2.3767948,2.6428487,0.9719746824464911
42627,test,-1.7193754,1.7298522,0.9203517548734287
26904,test,-0.8092092,0.94711167,0.7794257335380442
48763,test,0.11094325,-0.16441141,0.4601884889801676
15309,test,-2.2437768,2.432316,0.9646266004301439
7890,test,-2.9460409,3.290237,0.9878440504869181
32087,test,-1.885055,2.0794554,0.943094064611809
6985,test,2.0300753,-2.4380996,0.043355056792167335
29957,test,-2.6852987,3.0361056,0.9826619574506957
42819,test,-2.8782976,3.301229,0.987357745250637
8922,test,-2.8127675,3.1450717,0.9852671856785576
41539,test,-1.6558812,1.8739849,0.9243918754673291
5255,test,3.2599459,-3.5823731,0.008530003585928281
14291,test,-1.9286386,2.113843,0.9459528556287291
35445,test,-2.4235744,2.7567468,0.9748806058562259
37930,test,-1.1120025,1.2330557,0.8421565199124248
13137,test,-1.097254,1.44184,0.8593814146643818
26130,test,-2.0806074,2.3706872,0.9588476698516825
36909,test,-0.40785602,0.48591352,0.6589570572403516
33292,test,0.07769243,0.21153232,0.5316572817994782
38322,test,-0.5816259,0.7180025,0.7196443201732221
29175,test,-2.5762706,2.9210308,0.9797772959416836
15063,test,-0.61378354,0.5779814,0.7041643538308807
41855,test,-2.4883237,2.9025602,0.9782476509180579
40051,test,-2.5982852,2.9731686,0.9807803696226818
36939,test,-2.0509114,2.2341933,0.9540051877365086
26079,test,-1.3777028,1.5374076,0.8882832394413903
34380,test,-2.0692968,2.478237,0.9614247873923767
3081,test,3.2284305,-3.562934,0.00883694899749403
41777,test,-2.4467845,2.664234,0.9736650885599296
42913,test,-2.634117,2.8784442,0.9799878224902157
41298,test,-2.7298098,3.0423503,0.9832569044220391
37554,test,-0.31215987,0.33399642,0.619011136578971
6071,test,2.9744442,-3.3622696,0.01210758764018177
36808,test,-0.49156037,0.47368765,0.6701084381276949
42992,test,-2.269644,2.4910626,0.9665925960786791
33493,test,-2.507112,2.7116132,0.9755304657643268
16886,test,-1.5709826,1.644005,0.9074759599879785
2366,test,-2.7084236,2.9777608,0.9822369614324209
35084,test,-2.613091,3.0425332,0.981859916413142
27061,test,-2.183322,2.2770166,0.9590967030092783
43334,test,-2.5952985,2.8981671,0.9797240379258796
1889,test,2.9638824,-3.3636613,0.012184592213756422
45637,test,-1.9029176,1.9692118,0.9395231527705681
828,test,-0.13218252,0.13219105,0.5543235297695573
36260,test,-1.1364974,1.1928324,0.8406877382400413
43966,test,-1.2136028,1.4969219,0.8732649868589276
7734,test,-3.213986,3.6036983,0.9918747023358467
24461,test,-1.4599423,1.6339258,0.9001085138126498
37087,test,-0.7794116,0.8296844,0.7612027368328347
47894,test,-0.4741324,0.63638145,0.6921825045611166
38847,test,-2.100265,2.2583365,0.956210275126428
38964,test,-1.406447,1.55381,0.8913805167040354
32940,test,-2.8322988,3.1708715,0.9857206892730586
12943,test,0.30553564,-0.2214926,0.41684892695034825
44351,test,-1.8382155,2.1693094,0.9446883179031804
44165,test,-2.0015347,2.3653636,0.9564527680699227
36854,test,-1.1309243,1.2074629,0.8415349104985119
26303,test,-1.0797533,1.2860376,0.8440757739935905
49872,test,-1.6503855,1.5067246,0.9040182914947107
26221,test,-1.7166997,1.9842854,0.9323482522955233
32339,test,-1.6177027,1.8358158,0.9205716172419537
34543,test,-1.8100449,2.0582817,0.939371749279555
15690,test,2.7648356,-3.167943,0.015999959823015938
30514,test,-0.2623901,0.14266045,0.5784980298777962
27701,test,-0.53297776,0.4815113,0.6776816305125329
11598,test,0.015657065,-0.18557674,0.47309876063091283
39470,test,-2.303804,2.5117364,0.9678098748448011
14060,test,0.09381452,-0.32145092,0.43597760418106
5179,test,3.2270436,-3.5722322,0.008788583085031986
37447,test,-1.4694847,1.5573953,0.8958133396544019
10928,test,1.6311935,-1.6678344,0.09315057387854798
5150,test,-3.0676856,3.4884486,0.9902584305952744
41662,test,-1.9714915,2.2042987,0.9505291216369768
7105,test,3.190668,-3.5136104,0.00938708915322187
42492,test,-1.6304975,1.8931311,0.9240862024819185
47184,test,-0.47155857,0.5792668,0.6832111453112418
11138,test,-0.2706173,0.15180026,0.5814589296284564
38870,test,-2.4358692,2.6829662,0.9738050070068266
27679,test,-0.42787117,0.5592397,0.6734821047299772
35442,test,-1.1764625,1.0496725,0.8307752124570776
17137,test,2.376974,-2.6221805,0.030306284254454915
73,test,-2.2815542,2.4232478,0.9653058407244708
33072,test,-2.5045006,2.8309026,0.9774058703189742
24889,test,-0.63634264,0.76035494,0.7331441546050961
24515,test,-0.65929633,0.7050123,0.728685929212327
15118,test,0.69727105,-0.89117366,0.2537757918456535
30156,test,-1.8239805,1.9824623,0.9368576572688435
24580,test,-1.3576003,1.3859764,0.8758030670992238
39495,test,-2.6198258,2.9355478,0.9805670773893699
15996,test,0.23124069,-0.18966301,0.4350075144952222
29447,test,0.2483389,-0.28257546,0.41618794065547227
40801,test,-2.1860385,2.5968518,0.967090324790253
35719,test,-1.5077928,1.6117555,0.9017129217311535
1813,test,-2.8175557,3.1084695,0.9849404654643419
30519,test,-2.393554,2.7105165,0.973540114956408
49568,test,0.13365078,0.0022313022,0.48529222382995385
32473,test,-2.3551803,2.6618662,0.9719251280162922
40932,test,-2.2665417,2.5077991,0.9668993571120976
10755,test,3.1173463,-3.505674,0.00993095106970655
3332,test,-3.22888,3.5816994,0.9918345295588445
42695,test,-0.76136476,0.95980686,0.775167433277214
15991,test,-1.8112524,2.002722,0.9371687578925283
8806,test,-3.0986607,3.441664,0.9901511129391267
15985,test,0.09022187,-0.10827117,0.47357694181092425
8412,test,-3.0992594,3.4618883,0.9902922203816524
40672,test,-2.378717,2.5769033,0.9707279626206143
5389,test,3.1609235,-3.5375452,0.009424975115265515
28603,test,-2.5755844,2.9797652,0.980566756247303
12455,test,-2.3267221,2.4102998,0.9660531679184329
36905,test,-1.608678,1.7834072,0.9173704309409513
29092,test,-1.5516886,1.6818714,0.9085615740056756
7684,test,-3.0341759,3.4334435,0.9896423162335649
6578,test,-3.2114606,3.4826117,0.9911469630891981
4242,test,-2.8551102,3.0658839,0.9848881483498958
48373,test,-0.1486385,-0.03699371,0.5277876076394599
5196,test,-2.942854,3.2370796,0.9873613001653712
38876,test,-2.647224,2.9920719,0.9816552527164164
42710,test,-1.438156,1.676807,0.9014281440839339
1640,test,-1.9455215,2.1766732,0.9487351701180596
41948,test,-2.3743634,2.6633458,0.9723170457184004
14186,test,-1.684464,1.800579,0.92216995467062
7626,test,-3.153513,3.520811,0.9910248601699069
40022,test,-2.561264,2.8022714,0.9778366091516381
49630,test,-1.4855658,1.7571818,0.9090943689008669
48560,test,0.7185387,-0.63911253,0.28555941427431386
24899,test,-2.269486,2.3852515,0.9641130553362426
32042,test,-1.8011636,2.106307,0.9409133495166124
39243,test,-2.0532448,2.3223188,0.9567046655100017
26180,test,-2.520682,2.7813833,0.976884832233598
8284,test,-3.1803012,3.5595946,0.9914239836657395
31504,test,-1.1495798,1.0326983,0.8264160764348106
14354,test,-0.58365804,0.7275359,0.721274506066236
34434,test,-2.6796403,3.0869942,0.9831931206839107
33478,test,-2.3544638,2.7460618,0.9734761324094723
15416,test,2.0135832,-2.1604552,0.05274237344682822
37553,test,-0.5944304,0.604461,0.7052022924860835
24430,test,-2.3116112,2.626035,0.9703683880847576
13206,test,-1.7477784,1.8920447,0.9295978211910569
33143,test,-1.6677145,2.0070276,0.9311805367255854
30150,test,-0.81872135,0.92843103,0.7783205794781968
41540,test,-1.7255024,1.9164801,0.9296966629560499
26170,test,-1.8921884,2.0964973,0.9439953225252452
33838,test,-2.872361,3.293008,0.9872334649904616
42313,test,-2.7170205,2.9895163,0.9824837840272457
34217,test,-2.600003,2.9862838,0.9809750829710757
24708,test,-1.9074403,2.1507359,0.9465116902101729
3228,test,-2.9869773,3.4362023,0.9893186041914126
11985,test,-1.9429787,2.3290925,0.9536032701607182
3750,test,-3.1269274,3.4546213,0.9904285262528565
12131,test,-1.4293875,1.6637207,0.9000606813395222
34703,test,-2.7361681,3.0026367,0.9828682256123191
1339,test,2.8782954,-3.2003124,0.01447001365121884
1463,test,2.3669167,-2.7496548,0.02798230679732432
49,test,2.3821487,-2.571961,0.031246596301534472
39534,test,-2.3345935,2.7165918,0.9725697827436458
26074,test,-0.9567501,0.92294127,0.7939114717988006
40699,test,-1.1768547,1.3378016,0.857301840934
11338,test,1.4978067,-1.7129844,0.09849987033934332
35855,test,-1.8541794,2.0124445,0.9393038467043192
40870,test,-2.5382833,2.775649,0.9770716338521706
16125,test,-0.6590572,0.80659187,0.7424785091601823
46475,test,1.527625,-1.780813,0.09259573798441739
33516,test,-2.47013,2.756774,0.9756667314411585
44249,test,-2.4180908,2.6665814,0.9731881376811022
49617,test,-0.9089159,1.0263894,0.8002069919341381
49595,test,0.0714195,-0.13740025,0.4717755016075798
47580,test,-0.72747266,0.88658315,0.7618331401710002
12350,test,-0.44009918,0.3842003,0.6479476527104058
25824,test,-1.7798676,2.0109138,0.9362061528213644
15095,test,2.430739,-2.7783918,0.026273208993520383
5489,test,3.2451608,-3.5328283,0.008919318299946879
44104,test,-2.4560862,2.84408,0.9768547982518223
44013,test,-2.1996865,2.509613,0.9654111037849258
34759,test,-1.265284,1.668286,0.8895588731045768
34331,test,-0.95636684,0.99043816,0.8014906160949739
30151,test,-2.9296823,3.357413,0.988263801434956
37798,test,-2.034792,2.4239538,0.9590529466329758
30896,test,-1.9126856,2.1960883,0.9482764078896997
26752,test,-1.3709743,1.594028,0.8917016473593291
1154,test,1.2436599,-1.3383683,0.14505139546824855
4183,test,3.311988,-3.5746865,0.00827143004099393
11702,test,-0.7582701,0.7380888,0.7465665674390006
48174,test,-0.23409764,0.27431315,0.5960297435758218
12847,test,0.6207389,-0.90407884,0.2623007635051711
26839,test,-1.9822844,2.3557506,0.9556035971086776
2258,test,-2.8853521,3.0706754,0.9852487686183853
45440,test,0.57482827,-0.66569126,0.30257350862244253
5320,test,-3.075384,3.3777692,0.9895380198338769
14309,test,-2.0492394,2.3688583,0.9579210669222443
26125,test,-2.6321025,3.0322757,0.9819687170143634
8322,test,-2.9587362,3.2593331,0.9876900681927387
29798,test,-0.27885458,0.09896879,0.5738447615317516
1402,test,-2.7037334,3.0246825,0.9827453664762457
2267,test,2.6935735,-3.1811523,0.016652366175580427
6997,test,2.792241,-3.1754723,0.015619544474567032
11559,test,-2.5826821,2.9806337,0.980672713729228
12681,test,-1.7112316,1.8993295,0.9282456748578809
43661,test,-0.6685429,0.6981176,0.7290112270021534
25829,test,-2.957982,3.2691102,0.9877666110797567
38523,test,-0.029982993,0.023625406,0.5176544579411104
2260,test,-3.1707144,3.5214481,0.9911352275014537
14868,test,-2.5423918,2.846333,0.9782154726876694
37714,test,-2.4885654,2.8362014,0.9772408933668306
14596,test,2.8191326,-3.147246,0.015633915747564574
10863,test,-1.5188202,1.7100705,0.9082897221400239
2455,test,3.1558702,-3.4953341,0.00973886916522019
40822,test,-2.2278001,2.5731153,0.9674894684753145
48950,test,-0.28798237,0.33717835,0.6155397158690026
33696,test,-2.698964,3.1052313,0.983622037189802
12370,test,-0.7148631,0.8338218,0.7534327437604027
6537,test,3.2673316,-3.5699186,0.008560057865161477
30287,test,-2.5075517,2.7675588,0.9764549925431222
39129,test,-1.2038566,1.35454,0.8610060234149958
53,test,-0.7422736,0.9708002,0.774178166377862
29896,test,-1.9543729,2.229661,0.950799719490015
15685,test,2.7390873,-3.1184933,0.01685000042816417
47668,test,-0.28323784,0.269208,0.603427755791975
38944,test,-2.9360716,3.2917094,0.9877724348392428
14915,test,-0.71737266,0.7655402,0.7447819338882281
49770,test,-0.14054224,0.25844756,0.5774633889779661
4981,test,2.5842314,-2.926861,0.02137524852835636
108,test,-2.0828223,2.3256435,0.957648506388383
38940,test,-0.72126645,0.9805927,0.7728030367858746
44314,test,-2.4329867,2.625698,0.9727094580798175
32510,test,-2.2721906,2.4546447,0.9658185868494151
15819,test,-1.348297,1.492606,0.883024499590726
24476,test,-2.6548223,3.1282737,0.9833824419055743
40206,test,-1.8704146,2.2347746,0.948153214655436
37674,test,-0.1361976,0.27793586,0.5800472909784764
32562,test,-2.7747307,3.2473683,0.9859059606422903
8531,test,2.5084195,-2.8406715,0.023880218090790238
1588,test,-2.1937006,2.4144573,0.9629679142897232
6979,test,2.8792942,-3.3091984,0.013413279614507256
12398,test,-0.3991212,0.29984736,0.6276888838822656
11954,test,1.5144888,-1.6480438,0.10153991631121957
15998,test,-1.6440037,2.0132916,0.9303939188959999
43744,test,-1.6815711,1.7661335,0.9202735898568676
42197,test,-1.4200946,1.6312288,0.8973992057085446
35016,test,-1.6042842,1.8978338,0.923023342888844
16738,test,-2.1483212,2.5270953,0.9646104439120115
13144,test,-0.616268,0.8434653,0.7416860801535129
5450,test,-3.0155237,3.4069767,0.989313579440475
34946,test,-2.4411702,2.708445,0.9743489414591192
33862,test,-2.0578046,2.383243,0.9585637558354367
11811,test,-1.2424208,1.3753892,0.8659079986757521
29169,test,-1.7752678,2.1211047,0.9404800489693814
29238,test,-2.0599966,2.3967814,0.958998832771384
48735,test,0.13754202,-0.25897294,0.4392072013197136
26224,test,-0.9296689,1.1120006,0.8118429019278626
24505,test,-1.0923419,1.2971264,0.8462443168194669
36820,test,-0.46545213,0.42752817,0.658832914315002
26921,test,-0.004870173,-0.049897816,0.5004037220529178
30256,test,-2.5770257,2.9788682,0.980574014059884
31635,test,-2.2605155,2.5125368,0.9668704800395863
11453,test,-2.1791172,2.4755878,0.9641122701642321
5616,test,-2.9701202,3.230144,0.9875376351131847
27249,test,-2.089931,2.2349648,0.9552118289194329
744,test,-1.7703801,1.737096,0.9232893605248341
7607,test,3.2468977,-3.4726553,0.009288201176045197
40173,test,-1.959302,2.1923792,0.9497296283823258
11648,test,-1.8130196,1.8641025,0.9312872035737215
25653,test,-0.65835685,0.8418375,0.7470741229181703
4550,test,-3.0167704,3.393172,0.9892202600605613
42080,test,-1.4544426,1.5689061,0.8955824468517227
16920,test,-2.174823,2.5258899,0.9652098683948488
26167,test,-2.064793,2.2729921,0.9555961810859083
4021,test,3.1626513,-3.4384606,0.010082847853619136
40640,test,-0.9504017,0.9998465,0.8018737477853646
47505,test,-0.19742225,0.33401778,0.5999043948838123
41464,test,-2.4651527,2.7037926,0.9746848989740146
5618,test,-3.215979,3.5558248,0.9916117872768926
29155,test,-0.0031044208,0.3697069,0.5729867239363556
36924,test,-1.4917141,1.5741228,0.8983306821140271
5512,test,-2.3101141,2.5247612,0.9682287910918628
33814,test,-2.2607088,2.455932,0.9655822595226851
38610,test,-1.5444041,1.8148702,0.9156130047649615
30866,test,-1.7500821,1.5906192,0.9146032083046288
3155,test,3.0190177,-3.4088,0.011368197705039279
25079,test,-2.5494452,2.8975925,0.979068397212704
30868,test,-2.2001977,2.4736152,0.9645721113994028
32632,test,-1.2632393,1.5744734,0.882793665075701
38221,test,-0.18167822,0.3863882,0.6060409174361528
5676,test,-3.0920806,3.4787283,0.9903570079990155
51106,test,-1.29544,1.3862113,0.8710116228629214
1700,test,-2.5328693,2.7908654,0.9772248220660525
28016,test,-1.6714965,1.7498327,0.9189086762228186
32586,test,-1.9645462,2.2047286,0.9503142573696057
5109,test,3.2977974,-3.5868316,0.008283182354447726
26906,test,-0.6275862,0.7145744,0.725610548248809
27264,test,-1.9405323,2.2956395,0.9524788880365921
16717,test,2.1135907,-2.1903584,0.04838031719132422
47588,test,-0.3712248,0.4765117,0.6516801841963145
824,test,-1.0159624,1.0606005,0.8155449014269809
48593,test,-0.86335677,0.8556942,0.7749086580583132
34274,test,-2.6403222,3.130589,0.9832425095244108
1865,test,-2.411891,2.539987,0.9706534496516706
1260,test,-1.6523736,1.7273436,0.9167119116119677
11526,test,-1.101787,1.2642863,0.8441017850170625
16808,test,0.90808016,-0.9940984,0.21447694446942447
10657,test,2.257412,-2.5323515,0.03492244190365375
26315,test,-1.9772362,2.3483198,0.9552315882897869
25441,test,-0.83767354,1.2117614,0.8126716784198699
35475,test,-2.0016844,2.4478002,0.958797653779193
48397,test,0.15285942,0.07225801,0.4941797406532119
11165,test,-1.5943981,1.7872922,0.9168172943398629
43916,test,-1.9740733,2.2886555,0.9533131217086565
1430,test,2.959794,-3.102448,0.014634265053634587
8868,test,-3.025359,3.3852687,0.9892253726749937
48759,test,-1.159901,1.4889761,0.8684125738602186
34432,test,-2.595093,3.0905514,0.9822303660835761
12655,test,-0.45724192,0.62255204,0.6875827829736482
11325,test,-2.3696475,2.6481724,0.9719398945098651
37323,test,-0.19453618,0.22946851,0.5817292290189503
17083,test,2.5308273,-2.789511,0.024353810409352358
8319,test,3.1981602,-3.5525804,0.00908948520133454
37691,test,0.056658253,-0.05326512,0.48905084456870734
39138,test,-2.7016454,3.0282476,0.982762886239292
2028,test,-3.0717642,3.3914585,0.9896107271706759
31299,test,-2.2697546,2.3968842,0.9644001336256215
42247,test,-1.0429759,1.1554326,0.8280295781613789
3496,test,-3.0668423,3.412761,0.9897279356827272
29237,test,-1.2626947,1.482365,0.8759159154452251
13434,test,-1.0352634,1.0964174,0.8212773592072349
40667,test,-1.28852,1.3895718,0.8707314809898261
546,test,2.239688,-2.5370653,0.03523062563998334
48107,test,-1.7012886,1.8329499,0.9246054714770985
2467,test,2.734168,-3.1825604,0.01617777611375799
5345,test,2.9075356,-3.2635736,0.013575234250041687
6493,test,2.3883162,-2.8518643,0.025722959119904038
35698,test,-0.41392073,0.45157027,0.6544954226866696
43917,test,-1.1351115,1.4982492,0.8671666591570603
947,test,-2.5847254,2.8597186,0.9790311632636359
47258,test,0.045387987,0.09819385,0.5175142135154301
35600,test,-0.20791423,0.25469312,0.5882880869603275
39441,test,-2.3850756,2.633225,0.9719490674206165
16690,test,1.8532366,-1.903172,0.06940496973274154
26549,test,-1.7379737,1.8372077,0.9265788493231087
40311,test,-1.7077005,1.9179126,0.9289441678516476
29099,test,-1.4886118,1.7149626,0.9068031017927972
13229,test,-1.2775948,1.420065,0.8722651652742756
4093,test,3.186841,-3.547614,0.009192718910027355
13887,test,0.21323232,-0.18946171,0.4381423314111572
322,test,-1.3852074,1.5502185,0.889686421019381
1251,test,-2.167199,2.2795572,0.9587221507876746
24632,test,-2.4925904,2.7423997,0.9758007283481354
45059,test,-0.45189908,0.61877555,0.6862101370169829
50620,test,-2.2104697,2.5436902,0.9664443249883217
36126,test,-0.7083029,0.68965423,0.7333165851929473
14733,test,0.35621056,-0.25478107,0.4026379079384508
44747,test,-2.806412,3.1220818,0.9849660703446281
38908,test,-2.0802627,2.3429713,0.9580657250156381
6651,test,2.8475194,-3.28369,0.013954296062499798
34679,test,-1.9834236,2.2218976,0.9514919957120788
13007,test,1.557197,-1.850233,0.08693658597846621
41221,test,-2.2049766,2.5094666,0.9655311114703115
3074,test,-3.1675463,3.4216638,0.9904792232271733
2625,test,3.2924044,-3.5640306,0.008446855620069348
16777,test,1.7833452,-1.9623796,0.06988946698703942
39952,test,-2.1614385,2.321061,0.9597008356024843
41773,test,-2.266989,2.562969,0.9681227528460465
48518,test,-0.30634198,0.24997936,0.6040766407369399
32724,test,-1.6600771,1.7990683,0.9208590930584094
40446,test,-2.6144695,2.8899426,0.9798756669927837
1043,test,2.1142945,-2.4521947,0.04058924807257661
7960,test,-3.216579,3.4797807,0.9911609991581689
33262,test,-2.216202,2.6242673,0.9683490054104179
7581,test,3.1541405,-3.5427136,0.009435530697243824
4177,test,2.4716709,-2.9351182,0.022956816648168937
5225,test,3.0838847,-3.4416542,0.010624678220000466
25279,test,0.032160975,0.17688371,0.5335533228897547
15433,test,-1.3750309,1.7103947,0.8995759901035306
13391,test,-0.16300373,0.059243936,0.547028724863707
13816,test,0.215326,0.0004820698,0.4707249539597945
37219,test,-0.38846925,0.33686563,0.6319910027226457
24817,test,-1.2449268,1.4097105,0.8688725646918607
24588,test,-2.3469992,2.5933206,0.9704221441095229
26033,test,-0.20703582,0.30489635,0.5966230026027162
5854,test,-3.0390418,3.4628937,0.989885624671036
26571,test,0.039238695,0.04027583,0.5084627420143798
24565,test,-2.3143651,2.5261507,0.9683500026606451
27721,test,-0.54299456,0.6913599,0.710335656567441
2525,test,2.7723682,-3.2370713,0.01517682823792339
33025,test,-2.4044642,2.7814693,0.9749766153185099
26132,test,-0.35761094,-0.097484045,0.5535891535926427
7007,test,2.9296663,-3.2797973,0.0132204342890711
32802,test,-2.2496018,2.3948917,0.9638641742648395
4405,test,3.0552933,-3.4135323,0.011050119467985883
4710,test,-3.123982,3.4726763,0.9905282547869674
36220,test,-0.15621547,0.33432594,0.5930149339993851
11754,test,2.1777475,-2.5643935,0.03606331952501803
41194,test,-2.066705,2.386917,0.9589118964846671
38304,test,-1.3744391,1.4009407,0.8782039279752696
36301,test,-0.23839186,0.2027448,0.5846437816327773
32525,test,-2.854516,3.1639075,0.9858701722257431
12278,test,0.26046982,-0.31563047,0.4085249733086996
1324,test,-0.8935965,1.1845664,0.8157132901521207
7332,test,-3.2114787,3.5224128,0.9913881803085534
5045,test,3.1440613,-3.4773812,0.009941813058591443
37281,test,-0.65355724,0.7174295,0.7296089637647144
30264,test,-1.0844686,1.0955133,0.8261854326575594
7844,test,-3.1059034,3.3600526,0.9896303759650902
38613,test,-0.69054604,0.9488004,0.7650298107763419
24643,test,-1.8601111,1.9047328,0.935113362787758
10595,test,2.6231978,-3.061747,0.018972897511235067
25767,test,-2.699232,2.93279,0.9815633546088034
33859,test,-1.3492695,1.3770099,0.8744802810807438
24942,test,-0.9836678,1.1717097,0.8236986920355953
37603,test,-1.3414172,1.5414308,0.8860228170941602
2889,test,3.3123257,-3.5727916,0.008280375636601632
15607,test,0.7567865,-0.9078417,0.24381184884166185
31806,test,-2.468811,2.7207894,0.9750391504643501
37748,test,-0.9961709,1.0793613,0.8154363640054932
15736,test,1.919719,-1.9765104,0.06334482543032294
26367,test,-1.0442457,1.1060601,0.8231826526825056
40976,test,-2.280887,2.5845356,0.9688799049456236
3102,test,-3.1046586,3.494168,0.9905424824376048
3534,test,-3.0483682,3.4111044,0.9895837083915263
43711,test,-2.7653205,3.1408806,0.984733282003412
27322,test,-0.052498307,0.26550305,0.563575925756688
36735,test,-1.1681248,1.2576181,0.8495186418384415
41185,test,-0.3675234,0.23598415,0.6119471999645975
31477,test,-1.4029562,1.7126957,0.901470977189851
48171,test,-1.3111244,1.5232453,0.8825513753047841
31907,test,-2.52239,2.7433336,0.9763034776259694
5259,test,2.3871565,-2.6302328,0.029933478974870715
42844,test,-1.0337592,0.98612785,0.809503115675786
12213,test,-0.33020803,0.23467952,0.6055096096006842
25050,test,-1.7169462,1.818235,0.924651457205344
6913,test,1.1768526,-1.3184747,0.15273955310218829
8458,test,-3.1861038,3.5373917,0.9913258390665113
16620,test,-0.6577263,0.75024176,0.7346845225447703
36756,test,0.2103996,-0.09418505,0.4551109349145657
37813,test,-0.18620162,0.19696352,0.5747587562664057
13176,test,1.6614116,-1.7463716,0.08691695851204632
41606,test,-1.2693962,1.3860154,0.8689342907975313
32980,test,-1.8235222,2.1343484,0.9428441604866292
33593,test,-1.4700656,1.6090713,0.8991776798946124
2483,test,2.7538548,-3.2284594,0.015463202597301868
16653,test,1.7970446,-1.992604,0.06791738414081881
47649,test,-0.3134117,0.32731724,0.6181149268364596
1125,test,-2.0350575,2.1779072,0.9517383065192925
29326,test,0.059829902,-0.02166131,0.494024076038527
38625,test,0.32007822,-0.37767896,0.3881226847068809
31519,test,-2.6603122,2.877963,0.9803377331187095
40684,test,-2.2565088,2.4665914,0.9657321837189179
41718,test,-2.2352357,2.557306,0.9673046281732023
48741,test,-0.28255743,0.23607878,0.5977516710184799
8791,test,3.2854805,-3.536835,0.008649222225231533
11942,test,-0.2643687,0.2163239,0.5913502907955218
43948,test,-2.368431,2.5248163,0.9694617399399499
29034,test,-2.8598893,3.1929898,0.9862021834750611
40164,test,-2.47116,2.720724,0.9750780176809086
7907,test,3.2913399,-3.5856957,0.00832695198953102
845,test,-2.1300533,2.2741969,0.9575286807844445
7009,test,3.141675,-3.4310353,0.010283192354338873
30841,test,-2.3733582,2.7586398,0.9740389740390648
40814,test,-2.3993363,2.6342206,0.9722387168525478
30452,test,-2.5046806,2.731988,0.9758284519880496
32869,test,-2.4187844,2.7539701,0.9747505961213986
28854,test,-1.2254399,1.5808868,0.8805016829959227
43580,test,-2.7228246,3.1209905,0.9840627982443568
8470,test,-2.9476862,3.3599362,0.9884292648843933
35339,test,-1.3505636,1.5634936,0.888210070371408
35525,test,-2.2710323,2.46983,0.9661412028103613
27852,test,-2.3110566,2.6303139,0.9704432438486941
12212,test,0.42168579,-0.4837614,0.3542141870851918
37497,test,-0.7655125,0.78561455,0.7537501287297765
12990,test,-0.5174728,0.67234933,0.703881023594862
27788,test,-1.2441959,1.4047264,0.8684161871394815
30091,test,-2.2294788,2.44983,0.9647033221878217
37721,test,-0.17260616,0.32214275,0.593725435372846
5725,test,3.1975415,-3.4920828,0.009482940796875075
10869,test,-2.0966704,2.2052517,0.9545188929124557
16666,test,-2.6596942,2.9726324,0.9815672103107158
42575,test,-1.2510768,1.3996571,0.8685610017053655
44344,test,-2.596641,2.9383323,0.9802931401137216
2763,test,3.1355574,-3.3767476,0.010722481029158994
28147,test,-0.07739014,0.2255681,0.5609847169070291
28587,test,-2.141487,2.2247822,0.9564344234953113
11901,test,-2.5283933,2.8335254,0.9778120740451874
32833,test,-2.423779,2.8246117,0.9760212068013981
32082,test,-0.13340308,0.11559038,0.5516627483766404
41358,test,-1.991731,2.2238688,0.9518229465319056
47997,test,0.03156623,0.059709806,0.5132032199290819
41328,test,-2.6209905,2.922666,0.9804101986556708
48185,test,-0.10222797,0.20601006,0.5618945578877969
24753,test,-0.14888555,0.19098243,0.5673362806026101
43104,test,-0.025899602,0.2864852,0.5626088595522263
4308,test,-3.1299944,3.5132332,0.9908292001122264
24680,test,-2.3576095,2.6698992,0.9721242383572961
9005,test,3.116641,-3.4055974,0.010648986541068904
37037,test,-0.1345489,0.16505627,0.5604066852707394
5220,test,0.7345208,-0.719037,0.272064801086136
14042,test,-0.99986285,1.1522726,0.8233689496831772
43589,test,-2.4309888,2.7811496,0.9754201825397982
24504,test,-0.9874875,1.0545743,0.8118848337949914
11797,test,0.43937856,-0.5726016,0.337350162429322
15738,test,1.3704318,-1.6224188,0.11289801164093331
13877,test,-1.8960694,2.0868418,0.9437812777909851
788,test,-1.6356202,1.694419,0.9140185843218888
14069,test,0.6204675,-0.81186146,0.27501718993974605
41263,test,-2.7239294,3.1435974,0.9843209822628629
15241,test,-2.3793793,2.59627,0.9711236613503621
28253,test,-2.5828867,2.948788,0.9802484900105612
7016,test,-3.1609085,3.5804162,0.9914324819796545
26678,test,-1.6100998,1.7535493,0.9158492723415126
16264,test,-1.2165974,1.2268833,0.8510987538671612
48069,test,-1.9974668,2.2484326,0.9527860920305536
32960,test,-2.8340473,3.1363382,0.9853941035652234
6841,test,2.76085,-3.1823492,0.015885543053445427
30891,test,-1.3272417,1.5612359,0.8864200926984489
50405,test,-2.3523946,2.4762795,0.9680950109263666
14357,test,-0.74605745,0.8167817,0.7552683994084944
3098,test,-3.1603384,3.50229,0.9909517609830321
7309,test,3.2758489,-3.5371141,0.008705526818289585
30689,test,-2.2556596,2.5775828,0.9681936165712616
34301,test,-1.38211,1.6486975,0.8960696031229941
31820,test,-0.77492625,0.99672323,0.7812645754051422
38889,test,-2.6253123,2.9653687,0.9810323947973147
41060,test,-2.041373,2.3239799,0.9564076963211559
27207,test,-2.5162568,2.7046046,0.9755661291600038
41106,test,-1.883105,2.2098167,0.9477295290348017
46108,test,1.6947501,-1.880817,0.07803855584948789
38105,test,-0.24893223,0.32599917,0.607187449298898
43374,test,-1.942268,2.0919101,0.9456549759157423
30205,test,-0.9373496,1.0978781,0.8111532578549449
43496,test,-0.63160294,0.7718476,0.734067785548709
39469,test,-2.052356,2.4615207,0.9605416206258494
41232,test,-2.5718937,2.9594157,0.9802435400077423
1000,test,-2.0338855,2.362719,0.9573105385283328
7049,test,3.2946143,-3.5738592,0.00837658049265819
12816,test,-2.2916994,2.3878312,0.9647086058630324
26604,test,-0.9002254,1.1219189,0.809746608524423
12087,test,0.39731377,-0.5800883,0.3427810933804869
47299,test,-0.93077207,0.9453553,0.7935030596355939
33187,test,-1.25044,1.6618372,0.8880863123745827
14162,test,1.8149676,-1.9348912,0.06970162212539203
33179,test,-2.6729116,3.0289211,0.9824270374533777
28143,test,-1.4385785,1.6391976,0.8990913084657128
5687,test,2.5283144,-2.9122272,0.022432901688352797
34774,test,-1.1329161,1.2684236,0.8473222537374069
16444,test,1.178104,-1.4981081,0.13706670142684924
34869,test,-1.9223001,2.4491029,0.9565838914058318
9021,test,2.432004,-2.9081635,0.02402622949914904
5507,test,3.1819112,-3.5367825,0.009293736573057394
37925,test,-0.013595599,-0.06720032,0.498903016367352
37522,test,-2.1784835,2.3945417,0.9620810285242516
37313,test,-0.16796502,0.14455096,0.5626314537615295
35691,test,-0.021191023,0.047602173,0.5203074652661316
47220,test,-2.1695814,2.427219,0.9626834091319415
8147,test,3.2964697,-3.52796,0.00863654362686261
30101,test,-0.14445306,0.22281747,0.572037657005469
43155,test,-1.6949333,1.9583682,0.9302126817864059
28138,test,-1.7984716,2.1490493,0.9424525623462684
44321,test,-2.7210176,3.1092794,0.9839137395198791
14393,test,2.680098,-3.0304751,0.01864191183866776
1196,test,-2.1745605,2.4101775,0.9623789494133812
11446,test,1.2564596,-1.2340999,0.1531718719369294
16786,test,0.4965305,-0.66305363,0.31465863707018676
40730,test,-2.71699,3.052637,0.9832276952126363
5771,test,3.2327254,-3.5430949,0.008932746553120789
12194,test,-0.79495573,0.7897956,0.758091900731133
38761,test,-2.7613811,2.983076,0.9829347100610879
30079,test,-1.7589511,1.99234,0.9345354510402432
13972,test,-2.4929519,2.6340766,0.973950878824105
29849,test,-0.49022415,0.34905455,0.6503353315731594
27524,test,-1.8904742,2.0155978,0.9408589086069679
39267,test,-2.3739102,2.6638832,0.972318631121987
7276,test,-3.063392,3.455744,0.9900054427442132
41344,test,-1.050008,1.0975201,0.8228995165287265
5845,test,3.302218,-3.5457544,0.0084966064214028
27146,test,-0.27280036,0.43821988,0.6296578781904723
42144,test,-2.505296,2.8292184,0.9773921288765638
16158,test,-0.5000266,0.688208,0.7036493836612301
28013,test,-0.35820407,0.6444085,0.6758633784901195
5306,test,-3.0582485,3.3332336,0.9890816151772671
12020,test,1.780306,-2.0723128,0.06518006279090588
44181,test,-1.6581236,1.7748774,0.9195152933568902
42159,test,-2.3594186,2.6203585,0.971204562536074
32708,test,-2.5261784,2.7438126,0.9763724757695453
44241,test,-2.6472065,3.1012096,0.9829811244982499
12412,test,1.586141,-1.6843101,0.09485385208102842
14856,test,1.7535983,-1.9519492,0.07173958111284558
28769,test,-1.5366518,1.7767855,0.9131010463452202
33768,test,-2.5280704,2.902536,0.9788314238831457
41498,test,-0.5263265,0.58763164,0.692695872004824
33364,test,-2.316754,2.6661758,0.9712662082113375
33456,test,-2.03959,2.4613101,0.9601959583494911
43426,test,-1.711431,1.9965183,0.9326550347671082
15824,test,1.9750127,-2.0752053,0.057243505128406945
40545,test,-2.5411289,2.8614206,0.9784207055988801
50574,test,-2.0793438,2.3206196,0.9574065035381576
42072,test,-0.5955544,0.66099477,0.7135213224853347
32212,test,-2.4484532,2.7057416,0.9744289246443677
40677,test,-2.7240553,3.1147041,0.9840072111380883
8389,test,2.0177727,-2.1862195,0.0517047817211253
36198,test,-0.23488139,0.36148843,0.6107602736717874
24895,test,-1.8736117,2.009273,0.9399494371902768
41461,test,-0.7578345,0.7804506,0.7520781085599767
2820,test,-3.260509,3.5565605,0.99187123474554
3902,test,-3.0637743,3.4171932,0.989737637994717
28715,test,-2.281481,2.5772665,0.9687387387262755
11205,test,-0.29476032,0.23206753,0.5991293805545562
2067,test,0.69212055,-0.72592026,0.2770154600427322
44381,test,-2.6900601,2.9403033,0.9815423351310409
25939,test,-1.1832517,1.4479047,0.8669888642030334
40246,test,-1.5674831,1.8000914,0.9160607565660083
38272,test,-1.1122833,1.3101581,0.8492230320164209
25142,test,-2.304944,2.6234078,0.9701807792272275
5333,test,2.889246,-3.3174856,0.013245401713566751
38200,test,-0.19578159,0.25226915,0.5858183667446598
30655,test,-1.8902764,2.140799,0.9455432731823513
11807,test,-1.8092571,2.0487754,0.9389601384079762
15262,test,-2.732958,3.0502052,0.9833832108337305
37105,test,0.20012344,-0.29548576,0.42220376962249745
1920,test,-1.274699,1.5493554,0.8818009788708784
8564,test,-2.7453334,2.9646678,0.982525462335532
26687,test,0.05947606,0.13152888,0.5208768262017227
31494,test,-2.5741532,2.9088635,0.9795782578202732
50800,test,-2.390219,2.6363983,0.9721073265980861
12055,test,-2.2289186,2.5348907,0.9666626416285269
15746,test,0.14566666,-0.6828394,0.36662633329824745
31330,test,-2.609773,2.8273544,0.978925782345184
4861,test,3.1756754,-3.5119212,0.00949628026609578
49144,test,-0.27282968,0.250083,0.5984711031459343
34841,test,-1.6758195,1.7589,0.9196042595178602
43955,test,-0.3992361,0.48923022,0.6581224596963495
13136,test,-1.9769658,2.1217353,0.9479295395820913
29822,test,-1.7755134,2.0221725,0.9364941415112678
46755,test,0.32209665,-0.4875746,0.36969266657706523
44156,test,0.20448576,-0.53308505,0.38152635900031573
31686,test,-2.8538277,3.0435014,0.9846396526731364
28273,test,-1.1646001,1.2449514,0.8480642726294898
8972,test,-2.9383464,3.272207,0.9876259488496647
8588,test,-3.2570915,3.6032672,0.9921119032073153
43329,test,-2.4180222,2.6855416,0.9735309794938822
48482,test,-0.7205394,0.8970565,0.7622823936769695
8265,test,3.2388217,-3.580915,0.008664710860040437
13754,test,0.9003265,-1.01204,0.21327811631381663
38816,test,-2.5873418,2.9340155,0.9801081998669896
3126,test,-3.0786366,3.47674,0.990253313763252
37583,test,-1.2796818,1.6028825,0.8860027631429832
4778,test,-1.9568391,2.099211,0.9464363072103066
1383,test,0.952982,-1.1613814,0.19051780479549343
27566,test,-2.5437732,2.8247344,0.9779119009338002
15713,test,0.098038584,-0.120189995,0.47013482199781526
14367,test,-1.418539,1.6735567,0.8999969255993776
14516,test,-1.7172056,1.9201277,0.9294836996403927
12874,test,-1.266264,1.4823085,0.8761828715812574
40636,test,-2.7239776,3.0249019,0.9829865474746524
5838,test,-2.8559718,3.1346087,0.9855961366492431
7232,test,-3.1562784,3.493434,0.9908703481111991
24876,test,-0.5283746,0.7568154,0.7176010578843127
7870,test,-2.5069656,2.7691371,0.9764709537718185
16296,test,2.477487,-2.8644876,0.023996588801655647
16475,test,1.9963078,-2.0475876,0.05748277199569282
899,test,0.9981888,-1.0394069,0.19894171781785097
29285,test,-0.48095393,0.6729478,0.6986144043422184
8552,test,-2.6725445,2.9072409,0.9808899774790867
25223,test,-0.91292477,0.9728325,0.7946052107555371
11688,test,-2.8160162,3.132433,0.9851714854185561
47499,test,-0.395272,0.62493443,0.6785550329044998
33766,test,-1.6366905,1.7976204,0.919583112271323
12503,test,-1.1562024,1.2700135,0.8495609577702695
25585,test,-0.95115423,1.0469924,0.807145716913759
587,test,0.5298046,-0.49353847,0.33557472010986583
35863,test,-1.3482548,1.5360323,0.8861244887927766
14942,test,-1.9181906,2.0131257,0.941834374414923
34795,test,-1.9864832,2.2214873,0.9515775031943665
6134,test,-3.061798,3.505496,0.9903334878092517
26836,test,-0.9519805,0.93018544,0.7941946873989257
44304,test,-2.6403224,2.9471388,0.9809904171436927
28258,test,-0.7030838,0.9327882,0.7645924203452126
32500,test,-2.480012,2.8572328,0.9774343150940706
1620,test,-1.9598244,2.123402,0.9473923715037046
49259,test,-0.4339027,0.5826308,0.6779940928194189
11775,test,1.2052636,-1.4869722,0.135745653806071
1112,test,-2.2039733,2.5097241,0.9655137365547481
34536,test,-1.1717595,1.3865626,0.8609997829457801
34793,test,-2.64928,3.0115137,0.981924245605654
719,test,2.0906029,-2.4453313,0.04143022834374839
49929,test,0.13396533,0.09739541,0.501883538598871
27625,test,-1.2767526,1.7180759,0.8937010643497325
33866,test,-2.5101776,2.9137707,0.9787346552789998
14685,test,1.4944512,-1.774404,0.09494978780232223
38002,test,-0.10232818,0.07930751,0.5399768713716254
28035,test,-1.0629357,1.1554595,0.8300123068251941
30058,test,-1.9712615,2.233661,0.9514791133271076
13514,test,-2.3633652,2.6431231,0.9717227937444225
38183,test,-0.45698074,0.6183507,0.6869114885675175
36326,test,-0.20855115,0.18994829,0.5773796504103083
24831,test,-2.388383,2.725295,0.9737127739192794
119,test,-1.3898586,1.5361406,0.8890372495733659
9042,test,-3.1866941,3.5359273,0.9913205773944768
41078,test,-1.9010969,1.9874952,0.9401745044251273
32955,test,-0.689398,0.4700388,0.6994294139509033
3247,test,3.0254917,-3.4411676,0.011066699785578466
10745,test,3.029412,-3.3578143,0.011691952711342683
47481,test,-0.6895531,0.66075987,0.7267450667323521
25906,test,-1.6477782,1.8929636,0.9249221441010126
5762,test,-3.2599306,3.671429,0.9924914221565679
24969,test,-1.1442279,1.3081855,0.8518892848126373
16276,test,2.1598763,-2.2778187,0.04424847664772814
14084,test,1.6860152,-2.0440392,0.07060575791571756
42256,test,-2.709855,3.1350725,0.9840750042292804
35278,test,-0.24671309,0.30799598,0.6038067361556703
13714,test,-1.5144438,1.8360912,0.9151392064736666
30296,test,-2.1273627,2.508753,0.9636593970396046
12795,test,0.8278141,-1.0180873,0.22118727353690756
47208,test,-0.78999704,1.1451615,0.800190578308918
16673,test,-0.49868765,0.5829424,0.6878587602461701
25495,test,-1.2195683,1.301683,0.8578655570945916
16760,test,-2.6032271,2.8605244,0.9793067812232878
13357,test,1.419242,-1.574432,0.11284030282494688
6523,test,2.9451213,-3.293505,0.012956800459996158
38570,test,-0.96450025,1.2418195,0.8288165752702248
36790,test,-1.688479,1.8599845,0.9252965540990966
43706,test,-1.2731481,1.4475247,0.8740489404332568
34414,test,-2.2309597,2.5024273,0.9659696406926394
39549,test,-0.7259851,0.6092399,0.7246430579730847
40845,test,-2.1339269,2.3213036,0.9589562240302245
4566,test,-2.751254,3.087293,0.9840048712864624
11832,test,-2.2449536,2.4824538,0.9658318050603705
49181,test,-0.29523173,0.17106792,0.5889138326036332
26644,test,-1.8766366,2.0652785,0.9422394120646497
5071,test,3.2821512,-3.5066452,0.008852704918074416
17180,test,-1.3966655,1.530454,0.8891145758352333
4393,test,3.2711248,-3.5758975,0.008502210017894722
32405,test,-2.3229463,2.5669837,0.9693929290356084
10927,test,-0.59355193,0.6061681,0.7053228405659706
38540,test,-2.3099492,2.593017,0.969662474597345
34783,test,-0.92775226,1.066557,0.8067273212035578
28094,test,-0.61002535,0.7444802,0.7273273846994093
36498,test,-0.7478896,0.8483537,0.759563806578624
39848,test,-2.5502028,2.9048872,0.9791835787327292
39106,test,-2.75026,3.122047,0.9843725316269819
1459,test,1.7832426,-2.0062857,0.06792271871093257
7019,test,3.257826,-3.5593057,0.008680384930589405
14741,test,-0.4204486,0.4226503,0.6509430724026771
6803,test,3.2053895,-3.5253925,0.009216162709602295
14312,test,-1.570169,1.5325841,0.9006662289481496
32043,test,-2.1880069,2.4710054,0.9642164263255432
12581,test,-1.1972426,1.2487801,0.8513240753180277
13477,test,-2.9546485,3.1995664,0.9871347007011366
27126,test,-1.319234,1.3923473,0.8733468106138363
27530,test,-2.3696406,2.8202987,0.9750449205658916
8091,test,3.2342002,-3.5584679,0.008828960994362681
16360,test,-1.928166,2.1398735,0.9468600988921307
34475,test,-2.6225948,3.0307307,0.9818312413444602
42532,test,-2.5341039,2.7957537,0.9773200002013586
35494,test,-0.47083142,0.67157,0.6969170225692352
8746,test,-3.2083323,3.5869842,0.9917475622204848
38444,test,-0.32927778,0.44936335,0.6406243819374052
35681,test,-0.4982093,0.55992967,0.6843179355905755
43859,test,-1.4707376,1.6238842,0.9001559285190402
26511,test,-0.82141846,1.0901196,0.7975343485618986
10909,test,0.9302045,-0.9315026,0.2192875847074319
5870,test,-3.112606,3.512144,0.9907109439211902
12533,test,-0.3847476,0.48128185,0.6545806321962997
25521,test,-1.2974707,1.3774955,0.8704850631231384
42262,test,-1.6243856,2.0704176,0.9320748489012777
51009,test,-0.34607401,0.46823347,0.6463508020209942
5683,test,3.2803283,-3.5753381,0.008451362519081412
5752,test,-3.1014485,3.507735,0.9906101458018471
35966,test,-1.7222236,1.9976875,0.9331789577011768
27491,test,-1.2249118,1.4971989,0.8741596936347912
41526,test,-2.7117362,2.9862256,0.9823802047823013
3866,test,-3.176599,3.5882182,0.9915710174126661
10642,test,-3.045218,3.2923188,0.9886662762394427
24626,test,-0.34522983,0.40036473,0.6352825444822015
5528,test,-3.1321898,3.593175,0.9913370809149893
35437,test,-1.4124676,1.4117509,0.8818129525117999
8203,test,3.2862422,-3.5292249,0.00869041578713682
278,test,2.787355,-3.0767484,0.016774542764689017
16423,test,-1.2245272,1.4481976,0.8703081074482505
13787,test,-1.278066,1.6015457,0.8857938847017223
41393,test,-1.3020836,1.2692689,0.8620876177676654
25467,test,0.2959837,-0.43956873,0.3818597374094521
2556,test,-2.0621703,2.0664184,0.9489523821782906
35815,test,-0.06281358,0.058174837,0.5294170847120475
40747,test,-1.496232,1.6981397,0.906257362444099
34428,test,-1.8621556,1.9763923,0.938173865643341
32192,test,-2.5003273,2.8540154,0.97769674761468
42356,test,-2.261007,2.4943361,0.9664711707803899
35085,test,-2.0932033,2.4491553,0.9612902365998738
14343,test,-1.7014916,1.9909785,0.9319713942752046
6783,test,3.154469,-3.5050468,0.009682929870146031
29279,test,-0.080149524,0.20719817,0.5582922481245105
29069,test,-0.0015254734,0.25140843,0.5523447389822028
39613,test,-2.120667,2.2648482,0.9569922379920971
47301,test,-0.94707346,1.1927644,0.8221137716065728
7189,test,3.0479019,-3.3617384,0.011512068904373488
28222,test,-1.4511752,1.5231799,0.8923321491982275
47450,test,-0.68553805,0.7773219,0.7421050957617803
41864,test,-2.1263666,2.4423227,0.9619701694291698
27363,test,-2.1649876,2.2536788,0.9579371053046016
35211,test,-2.3986168,2.6083393,0.971731788051328
40217,test,-2.3135052,2.5010042,0.9677873893799162
38746,test,-2.674373,3.0263774,0.9824139541700054
10926,test,0.12219088,-0.11089133,0.4675460228435194
8297,test,2.6754692,-3.1228619,0.017550887474363952
43933,test,-1.9821566,2.2513876,0.9523955810859066
31142,test,0.2839751,-0.3038354,0.40654614505573294
10808,test,2.927842,-3.2655048,0.013368396070039989
2953,test,3.2211256,-3.5192456,0.009155082817024577
37974,test,-1.3984827,1.7385767,0.9027937443829726
2912,test,-2.9644356,3.296217,0.9880472038364215
10885,test,-1.2520874,1.4968807,0.8762129000733727
27635,test,-1.770774,2.1136575,0.9400105101541084
34179,test,-1.9607234,2.257977,0.9519223544969339
28787,test,-1.9356326,2.1333542,0.9468934456293782
32798,test,-2.6323266,3.02208,0.9818447322838715
31505,test,0.35315207,-0.37753084,0.38266450109427436
6549,test,1.2605911,-1.5051812,0.129820125988304
44501,test,-2.9143705,3.321895,0.9878439462937276
7618,test,-3.0213857,3.3493114,0.9889233984316403
24879,test,-1.032765,1.3270692,0.8435263132680689
38082,test,-0.09900862,0.03946929,0.532465445294546
7745,test,3.1848848,-3.525288,0.009348805421644771
5222,test,-2.9371972,3.28964,0.9877644534366874
7096,test,-3.136355,3.5256038,0.9909475573466962
1874,test,1.0920311,-1.3756815,0.15525743183428892
49187,test,0.03922512,-0.06884915,0.48937422722349866
2296,test,-1.3158008,1.4344038,0.8763067372403818
36828,test,-0.9678343,1.0036886,0.8042286403045035
30122,test,-2.8364685,3.1851914,0.9859016891233273
25214,test,-1.6105279,1.8394201,0.9203887051330063
35262,test,-1.4557221,1.7577074,0.9073843621640663
2998,test,-3.0454063,3.3796823,0.9893327135410355
29060,test,0.044472866,0.1302234,0.5232688003856936
5630,test,-2.9962862,3.3104792,0.9884224022704112
1220,test,-0.85930294,1.0709728,0.7996436359572852
46039,test,-0.47323325,0.4336499,0.6610165929354446
12070,test,1.6379206,-2.0132341,0.07431633123263165
8134,test,-3.0868123,3.4706445,0.9902673553330289
1227,test,2.0346425,-2.132845,0.05297190621508727
29156,test,-0.21271768,0.4276916,0.61806211660473
32734,test,-2.8574927,3.2789955,0.9869761869115825
10590,test,-3.1657128,3.4579167,0.9907037238675295
44504,test,-1.4223993,1.5627035,0.8930526955637027
33095,test,-2.388567,2.8140297,0.9752595643981693
43640,test,-1.8088903,1.9887241,0.9364911692838584
49207,test,-0.113028795,0.23746787,0.5691613016930908
12496,test,-2.406912,2.6888185,0.97338934344419
42764,test,-1.1669135,1.4477184,0.8656495257380358
38460,test,-2.2250555,2.4276009,0.9640626264443657
42868,test,-1.1693543,1.4483433,0.8658988633150072
5464,test,-3.1395276,3.520241,0.9909337970871189
35392,test,-1.7004149,1.8446009,0.9251295960124069
26927,test,-0.724359,0.92262554,0.7659893819165127
14150,test,-1.2434107,1.2428349,0.8548520304975595
46181,test,2.256216,-2.3511918,0.03948860321269445
36319,test,-1.0978994,1.1459845,0.8325144169074553
29138,test,-0.89395934,1.0013304,0.7956919062582722
16271,test,2.420271,-2.6184,0.02950399776249931
39307,test,-1.3957812,1.6928061,0.8997757114902324
34616,test,-2.7892394,3.0579658,0.9840999656387748
49191,test,-0.34553304,0.49043557,0.6498083492742723
7028,test,-2.8281941,3.1587598,0.9855600598501454
3738,test,-3.0517817,3.4704208,0.9900266561245672
8362,test,-3.2336373,3.5873904,0.9918935399146696
15550,test,0.25313392,-0.48926532,0.38072929177919296
41463,test,-2.4965057,2.8486998,0.9775568767372069
7540,test,-3.0070639,3.396552,0.9891729429414259
34686,test,-2.4822197,2.7658706,0.9760162857549406
451,test,-1.5195118,1.6022239,0.9018485146220863
49735,test,-0.064948276,0.12979381,0.5422545500335744
39688,test,-2.6626875,3.052281,0.9825850492246202
37387,test,-0.24971245,0.31214297,0.6050025960309233
43584,test,-2.0374522,2.1265407,0.9501394212663697
40955,test,-2.2069046,2.443879,0.9640171884843595
24709,test,-2.4809248,2.6415858,0.9738705402259146
39841,test,-2.2101376,2.5968094,0.9676219808837292
43962,test,-2.5191925,2.7837918,0.9768993491983389
39697,test,-2.4180527,2.6527972,0.9729345602594286
10752,test,2.8525362,-3.286201,0.01388198915787779
42618,test,-1.6979924,2.079666,0.935655414025093
4307,test,3.1442194,-3.4869504,0.009875027194591546
41454,test,-2.6168108,3.081406,0.9823832949618366
860,test,-2.8897252,3.1909337,0.9864642568518339
14522,test,-2.4294572,2.7680035,0.9751726858514272
1698,test,-0.256667,0.10976753,0.5718944120982672
37742,test,0.058794383,-0.09251024,0.4818167526989326
6320,test,-2.824992,3.1656868,0.9855971125768
39448,test,-2.3729105,2.7106209,0.9731672962903575
319,test,-2.3507276,2.5056326,0.9686881009747983
35205,test,-2.5651574,2.9398801,0.979884295912422
26117,test,-2.1368775,2.6274114,0.9666734590296251
37891,test,-0.41227004,0.2107493,0.6151849886730234
13945,test,2.3473952,-2.6352966,0.03064672353711601
43478,test,-2.1847825,2.5038605,0.9649250898928521
3148,test,-3.067634,3.4028423,0.9896627919078693
37730,test,-0.83265597,0.91993386,0.7789764745814479
4218,test,-3.0147567,3.3120563,0.988581868414876
15992,test,-0.3603818,0.39685306,0.6371680336331761
1045,test,0.5993555,-0.7374306,0.2885479269178026
12832,test,-2.1474087,2.3396611,0.9598243655879518
2397,test,1.4440747,-1.8066264,0.09604725440514779
30981,test,-0.46670324,0.4485693,0.6623309882392009
28434,test,-1.5105034,1.7080237,0.907683746650989
27934,test,-2.150351,2.3404078,0.9599238077112408
28615,test,-1.4274156,1.718616,0.9033434171244379
49449,test,-1.0006372,1.1773431,0.8259841689012055
33850,test,-2.666284,2.9928927,0.9819041488501117
3230,test,-2.9338622,3.218947,0.9871222004477272
42036,test,-0.92395395,1.0898153,0.8088419665784954
16671,test,0.3941892,-0.5404367,0.34955691913401704
25768,test,-0.89147997,1.1136221,0.8079023224278702
31984,test,-2.607531,3.0182228,0.9814837969516077
48819,test,-0.018675802,-0.012659398,0.5093336748647475
24691,test,-2.613861,2.9392729,0.9805371857285017
47907,test,-0.8167749,0.90821165,0.775632418905966
25262,test,-2.0329144,2.3567266,0.9571109270626822
1851,test,-1.5366933,1.7099591,0.9093199720736028
5899,test,2.2888122,-2.6289978,0.03202483913046049
33809,test,-2.1585732,2.4542322,0.9630837311189816
47341,test,-0.44785663,0.61073273,0.6843860282299637
6276,test,-3.0534854,3.379324,0.9893895886744436
48758,test,0.01090051,0.006212356,0.5074612581932026
2209,test,1.3752623,-1.6503261,0.11062357923929673
27618,test,-0.78848875,0.8858053,0.7693979656739934
25393,test,-0.20240971,0.31781155,0.5980183741093934
32479,test,-2.1502469,2.3342342,0.959754442101667
7687,test,3.044922,-3.3445106,0.01167412324568834
35331,test,0.2260219,-0.18225755,0.43718025765071067
48322,test,-0.5683883,0.7517844,0.7225360541868902
47896,test,-0.17825633,0.2046557,0.5747154621208579
16466,test,-2.1318214,2.4432836,0.9621340923888729
15780,test,-1.319968,1.432555,0.8764825048465381
33770,test,-0.30696413,0.2649006,0.6066754229936336
843,test,0.41903776,-0.38772005,0.3701679274864022
12757,test,0.104494035,-0.049640443,0.4813222931344438
48458,test,-0.3281915,0.5045575,0.6492954160312588
27807,test,-0.9483283,1.1712127,0.8200268576022429
12814,test,-1.3589207,1.5186138,0.8856467330040277
42506,test,0.57087356,-0.42769843,0.33945109417828434
1974,test,-3.1103253,3.4975736,0.9906017794204462
1679,test,-1.6556046,1.5809481,0.9087354335631229
11823,test,-1.0590563,1.3631126,0.8491985989061156
35079,test,-2.5125382,2.825869,0.9774522536708673
3036,test,0.73181486,-0.8677708,0.2523020444087859
863,test,2.6679885,-2.970474,0.019587975515417553
11894,test,-0.40078908,0.33078548,0.633006076614
47336,test,-1.1720484,1.3635787,0.8590879380982366
2935,test,3.182548,-3.5007188,0.00952482513211216
12784,test,0.34576902,-0.5212459,0.36039075651901126
28152,test,-0.85378116,0.91955733,0.7814665159819764
7340,test,-3.0827374,3.3899798,0.9896788241974943
33497,test,-1.8500667,2.0568528,0.9408919026606547
5535,test,3.1665635,-3.5489573,0.009314204707012714
38755,test,-2.09116,2.4540405,0.961364181760248
13248,test,-2.3658276,2.7156305,0.9731293799376606
27271,test,-1.5674936,1.8858122,0.9205607272989905
4632,test,-3.0913553,3.4636643,0.9902509025525981
7201,test,2.0291915,-2.192884,0.05108775107014402
27351,test,-1.9355998,2.1796973,0.9484998720874839
16186,test,1.2808564,-1.4675242,0.13120136325688736
13011,test,-1.3871847,1.546594,0.8895732326859841
27835,test,-0.58489186,0.69640785,0.7170489798895102
11649,test,0.16459382,-0.1987415,0.4449345618181913
41966,test,-2.5513813,2.9016137,0.9791536717325668
42388,test,-2.8096614,3.1774936,0.9855620615699171
3977,test,3.2854247,-3.5104842,0.008809134466963919
41535,test,-2.7267144,3.1339908,0.9842471297578836
15519,test,-1.7423571,1.8821908,0.9288949469399911
3943,test,2.960635,-3.3483732,0.012341723062027068
17017,test,-0.33870256,0.28491366,0.6152838761521663
13230,test,1.8871211,-1.9715196,0.06492373588254888
8006,test,-3.1460197,3.4916916,0.9907940527174951
37644,test,-2.272749,2.681099,0.9706926944010853
44273,test,-2.670453,2.9672713,0.9816354370360343
16428,test,-1.2434708,1.3050896,0.8601801279298984
35322,test,-2.3921783,2.6848178,0.973047601883534
37059,test,0.011524347,0.014231893,0.5087549225752099
27215,test,-0.3782992,0.44102454,0.6471528768635337
47494,test,-0.956699,1.1033894,0.8138041157839961
28712,test,0.2551479,-0.12071069,0.44277103102784404
26049,test,-2.6388867,3.000257,0.981653335502582
35931,test,-0.04366266,0.17247853,0.5459695322217288
2994,test,-3.1406295,3.530278,0.9910035670725158
28695,test,-2.721135,3.022696,0.9829273556613184
2264,test,-2.9174995,3.2004693,0.98680852581654
2880,test,-2.857181,3.2126555,0.9863627487477754
46091,test,1.1041461,-1.3624806,0.15535713022295825
3053,test,0.49147382,-0.56351,0.33065542286463184
12961,test,-2.0298128,2.1871717,0.951867363852692
47757,test,0.5863186,-0.79495305,0.2821987863540541
8920,test,-3.1533818,3.4640017,0.9906633770083357
36797,test,-1.1423769,1.3574733,0.8560294570756227
37206,test,-0.64303416,0.6465648,0.7182259525077045
40681,test,-1.9240214,2.014103,0.9420948492889338
13918,test,-1.4856582,1.6890343,0.9050807250983639
30351,test,-2.2684736,2.3927884,0.9642707120505561
15187,test,1.4973037,-1.6153473,0.10476938795726985
3630,test,-2.878843,3.218623,0.9866204239328265
42113,test,-2.4046671,2.6836982,0.9732554975145999
38431,test,-0.15978763,0.27865684,0.5841861625440634
2799,test,3.1350617,-3.4453611,0.010228401371253974
31733,test,-2.188061,2.4319172,0.963261796461649
32931,test,-1.9180793,2.2471607,0.9501807520959581
3600,test,-3.013452,3.205676,0.9876990747132438
41213,test,-2.2374485,2.6007633,0.9683005433725086
48946,test,0.32380918,-0.49239084,0.36862856827288015
40711,test,-2.7844331,3.112287,0.9846332058489146
7069,test,2.5458667,-2.837122,0.023333416908159686
42734,test,-2.6590893,3.0085545,0.9820091399915561
32570,test,-1.8005958,2.2073774,0.9447047115293706
9012,test,-2.9298558,3.374143,0.9884002235538223
42894,test,-0.9100243,0.85500413,0.7804716590606934
49486,test,-1.1093084,1.0537297,0.8244759184626981
29573,test,-2.0826266,2.2678258,0.9559708416609418
42389,test,-2.1127353,2.3204188,0.9583437715255299
29064,test,-2.5561147,2.8505826,0.9784819111876776
28304,test,-1.5522834,1.716985,0.9106166902012157
30429,test,-1.6195183,2.1048043,0.9333712210140747
36190,test,-2.2176418,2.4693704,0.9648864413066588
47785,test,-1.4745067,1.6552298,0.9023430600007883
16172,test,-2.0085082,2.169883,0.9506146520599971
24518,test,-0.20225,0.40146816,0.6119822025068845
13705,test,-1.8498517,1.9644971,0.9371841869186011
15099,test,1.6603119,-1.87948,0.07985913880381466
27253,test,-0.21066137,0.33915865,0.6029878955285689
39814,test,-2.6958604,3.0722485,0.9832101632799778
29390,test,-1.4192334,1.3301141,0.8762417099613593
17078,test,-2.5823274,2.7761922,0.9777604025694149
33767,test,-2.3965964,2.567976,0.9709054689314279
29768,test,-0.89365256,1.1469373,0.8117274486725513
47236,test,-1.1057168,1.1990293,0.8383698730096915
31975,test,-2.4561193,2.8123302,0.9763475767441274
38663,test,0.03922242,-0.051953267,0.4923299271102414
4683,test,1.5670956,-1.9067627,0.08331635344763826
16581,test,0.030358827,0.05290583,0.5122246364172401
8331,test,3.1119127,-3.4899826,0.010077376562257176
36292,test,-1.166408,1.2827206,0.851598984024167
32917,test,-2.173768,2.3151765,0.9598749291513266
34691,test,-0.83653075,0.8151847,0.7665823615976264
32098,test,-2.3258343,2.673497,0.971584832064298
30619,test,-2.139199,2.4515474,0.962530901773829
12437,test,-1.3487184,1.430255,0.8784726925913198
29917,test,-1.8954117,2.0941014,0.9440259302754646
286,test,-0.4980248,0.47105405,0.67070085384801
35093,test,-2.247343,2.416071,0.9643225648125731
24975,test,-0.5042856,0.6227719,0.694643960484928
3677,test,2.7791815,-3.2325351,0.01515302645575995
33829,test,-2.082006,2.3080106,0.9571217139017084
519,test,2.9888463,-3.3265023,0.012287749194254701
8126,test,-3.1261907,3.5274425,0.9908951381351903
33424,test,-2.8621716,3.1169252,0.9854815929079189
4913,test,3.1595955,-3.4848642,0.009784497870026464
1049,test,0.014512551,-0.008825374,0.5041986140073078
42607,test,-1.6175927,1.9020369,0.923889632895557
2697,test,2.9659727,-3.1922572,0.013696469297366417
43731,test,-1.9007802,2.1076505,0.9447214360708703
5204,test,-2.8728642,3.1801095,0.9862030848588076
35869,test,-0.12239392,0.05256411,0.5388157534216655
49415,test,0.29511368,-0.40655637,0.38747253728869047
39160,test,-2.083343,2.3644114,0.9587497903066325
14294,test,0.761439,-0.62182647,0.28191621165163255
42504,test,-1.4759415,1.8139701,0.9117856787359858
32729,test,-1.2926846,1.4046682,0.8722412174883812
14537,test,0.46054864,-0.623056,0.3262372883081142
14979,test,2.3874428,-2.413087,0.03466937959027504
25239,test,-0.83134896,0.814269,0.7658179021456968
12264,test,-0.69187135,0.81445557,0.7478842504388812
35221,test,-1.8138561,2.1421998,0.9427756791971021
8846,test,-2.7409124,3.0357857,0.9833091107654041
10884,test,-2.6112747,2.8691776,0.9795423231674937
14775,test,-1.2232863,1.4851758,0.8731051415686646
48480,test,-0.15170036,0.16168585,0.5627813203143964
36434,test,-1.1510276,1.3492839,0.8560692449075642
42131,test,-2.3940253,2.739472,0.9740654927008406
37728,test,-0.8114,1.085024,0.7958209283959415
31174,test,-2.6616216,2.9229639,0.9809528477622871
2394,test,-2.983759,3.3512514,0.9886464455657242
24694,test,-1.1090616,1.1181151,0.8308776789088618
37586,test,-1.8714287,2.0673552,0.9421200266813284
48420,test,-0.27570102,0.24819104,0.598635804872763
37650,test,-2.2401733,2.4224105,0.9643025699342076
31705,test,-1.8619279,2.1573,0.9451147388951006
26787,test,-1.1807071,1.449172,0.8668857394184121
34506,test,-1.1591988,1.1056849,0.8345536809035019
14255,test,-0.8344044,0.7594124,0.7592535344269391
30414,test,-0.7237439,0.83332574,0.7545212749575341
4836,test,-3.0614035,3.4401624,0.9898830348623302
12752,test,-0.7589183,0.8083816,0.7558449931301097
43796,test,-2.6312509,2.7927024,0.9787347282101122
15546,test,-0.34475005,0.46822354,0.6461373806816026
127,test,-2.4717033,2.710247,0.9749085116101993
38354,test,-0.25052813,0.29225975,0.6018091067110029
4670,test,-3.1852293,3.518099,0.9912036255185147
27255,test,-1.800526,2.004324,0.9367916834467093
26195,test,-1.2666513,1.487918,0.8766374698180172
34473,test,-2.5635448,2.8042727,0.9779014642197498
8077,test,3.2298765,-3.4396515,0.009615967034791837
15170,test,-1.6275123,1.8237766,0.9204574460660437
41468,test,-2.8358583,3.1215594,0.9852629027478517
29084,test,-1.803597,1.811144,0.9284402749026993
15383,test,2.1366372,-2.5961916,0.03629056469948389
43430,test,-0.77128476,0.9161098,0.7710206892985453
34643,test,-1.8182448,1.9793242,0.9364892787011238
3400,test,-3.1197972,3.5352364,0.9909039767240888
838,test,-0.8768161,0.84639716,0.775416364539863
26731,test,-0.25673488,0.38463327,0.6182205192343995
32699,test,-2.1122935,2.3962283,0.9603993314763121
4943,test,3.309194,-3.57695,0.008274476109086475
5940,test,-3.0258374,3.4546108,0.9897339460136166
7861,test,2.81455,-3.2486002,0.014625102801149899
14105,test,0.24798192,-0.52376235,0.3758990342974408
41400,test,-2.6856716,3.039911,0.9827117089601084
11721,test,-1.0308496,1.34857,0.8453270141179604
3347,test,2.8409863,-3.2386134,0.01446011803986033
25443,test,-1.2372756,1.3549021,0.863811344644283
11716,test,-1.956661,2.27928,0.9524715727690706
48147,test,-1.3618805,1.4881707,0.8836842152417604
3339,test,3.2230637,-3.5432763,0.008991677020796916
35567,test,-2.0139546,2.0967278,0.9483418838394957
39089,test,-2.50481,2.963422,0.9793702334959612
36309,test,-1.5180882,1.673369,0.9060839346049601
26473,test,-2.1130254,2.217051,0.955366690240695
24974,test,-2.4390612,2.6152663,0.9726283882051256
6845,test,3.2790837,-3.5719995,0.008478284295290224
12991,test,0.6639288,-0.68953365,0.28615788004586346
27068,test,-1.6293377,1.8783412,0.9232994112764802
15133,test,1.215244,-1.4281919,0.13980257890270745
25788,test,-0.9921809,1.298673,0.8370480462732218
10828,test,2.4698122,-2.9443972,0.02284062144711866
41670,test,-1.0853676,1.1112416,0.8278501832096548
34227,test,-1.3716575,1.7145746,0.8996269668546224
45648,test,1.6190356,-1.9125577,0.08028179132778142
31027,test,0.2732484,-0.46571928,0.381295699602865
4810,test,-3.066544,3.3929913,0.9895841607356599
36361,test,-0.8253216,0.8734186,0.7724195480723817
24952,test,-1.3939327,1.7405213,0.9026336119094893
1882,test,-0.6843834,0.908722,0.7591625098863992
24420,test,-1.2543112,1.6497322,0.887512293926761
8831,test,3.0401163,-3.3920603,0.011333961684260653
30945,test,-1.4502598,1.8568985,0.9127517222869009
27405,test,-0.5908003,0.7897025,0.7309208267826943
48554,test,-0.070906065,0.03178125,0.5262249156105461
6297,test,3.2692313,-3.5582166,0.008618476941980752
38666,test,-2.6109028,2.8742409,0.979608015038975
12670,test,-2.4463472,2.8206391,0.9763239172771344
38815,test,-1.9608276,2.2727375,0.9523962430382176
13923,test,-0.07489602,0.092255175,0.537457760514697
41348,test,-1.7417592,1.9375931,0.931387015666543
684,test,-2.0252705,2.1477518,0.950437949002187
27482,test,-2.1475868,2.38756,0.9611019781932343
24937,test,-2.1499972,2.372169,0.9607609235674991
14647,test,-0.45267865,0.5794453,0.680371577149385
39154,test,-2.4362502,2.8979735,0.977387633860355
42184,test,-2.6859965,3.0801053,0.9831869597835262
866,test,-1.7515174,2.0513546,0.9367096661453003
49676,test,0.032699037,-0.1286308,0.48006521821064746
5127,test,2.8547206,-3.3117871,0.01361842651374682
30092,test,-1.532983,1.5623461,0.9002004075417355
15827,test,0.9056457,-0.90462124,0.2255132794165868
28066,test,-1.7191712,1.9871601,0.9325838738250983
1686,test,-2.3975167,2.555643,0.9706789916016045
5992,test,-3.204435,3.5673687,0.9916117872768926
38267,test,-2.008963,2.1948671,0.9514438116741659
37734,test,-1.1721987,1.3951261,0.8617521317712706
11676,test,0.81455344,-0.96413094,0.2293972492552846
8008,test,-2.742272,2.9888952,0.9827779852911703
31109,test,-2.1844873,2.425908,0.9630237184148711
37347,test,0.06918509,-0.03057569,0.49082824336168135
29856,test,-2.3414476,2.579299,0.9700264066616728
12346,test,-0.93602043,1.0366503,0.8043550937327911
47382,test,-1.9032749,2.3267765,0.9522846279771257
5168,test,-2.9884725,3.3405788,0.9885995371430444
15441,test,1.0006455,-1.0977997,0.19224185113503106
42989,test,2.735356,-3.1887052,0.016096297389019975
40883,test,-2.4585297,2.655727,0.9737231377179774
15508,test,-1.7178899,1.9057304,0.9288520519953899
48041,test,-0.4912585,0.5176323,0.6768252209589578
2495,test,-0.474335,0.3894556,0.6542262639776618
43324,test,-1.3345841,1.5012269,0.8826558890783748
13541,test,-1.4306823,1.5477695,0.8926073057743721
14924,test,1.3774556,-1.5332173,0.11878761569908633
34672,test,-2.4146686,2.7047634,0.9738156545293823
27749,test,-1.8392392,2.0562286,0.9404445966452103
8736,test,-3.0928144,3.4255743,0.9900002670536503
31875,test,-2.1884582,2.3700755,0.9617092909713307
29336,test,-1.7779766,1.9540995,0.9337078998666077
31823,test,-2.0650458,2.3124995,0.9567620779926024
7437,test,3.2656083,-3.522934,0.008854265786203889
39990,test,-1.5094975,1.5434426,0.8975033395146215
26622,test,0.841371,-0.6306596,0.269511921017064
42480,test,-1.4335533,1.6067812,0.8966889218931157
13353,test,2.2288551,-2.3765316,0.03954228862213065
6896,test,-3.1951463,3.5624104,0.9915284407926395
2126,test,-3.0896127,3.4843225,0.9903778815642881
41603,test,-2.5515614,2.885689,0.9789275585371426
7539,test,3.1197987,-3.4889257,0.010029809365182893
27677,test,-0.9058754,0.97624904,0.7941899417741677
632,test,1.3971523,-1.5226036,0.11812380112412703
32764,test,-2.1893694,2.5259256,0.9655509478728327
43469,test,-2.0939133,2.1052246,0.9512918704152966
12393,test,-1.1642768,1.4090797,0.862254286651694
15737,test,-1.7602091,1.9660133,0.9334538627577442
5905,test,3.2828114,-3.5508897,0.00858116397742917
49090,test,-0.5621516,0.6125193,0.701666066910534
39161,test,-2.3870244,2.7212148,0.9736151673260425
42602,test,-2.0405238,2.232612,0.953636218843672
40181,test,-2.5247107,2.9134815,0.9789411505037852
27804,test,-1.5980723,1.9252796,0.9240726171300604
25350,test,-0.3938384,0.5372166,0.6647968899601615
1240,test,2.6073623,-2.6337876,0.025705961508043294
13117,test,-2.3585806,2.5841455,0.9704704455964144
47404,test,0.11154814,0.3069615,0.5423711613403357
48713,test,0.18311222,-0.39033613,0.4089735223102019
41427,test,-0.59446335,0.6393618,0.7102594307059823
25925,test,-1.9695449,2.2571898,0.9521790406171963
38637,test,-2.0472407,2.2802553,0.955289619256824
40647,test,-1.5117887,1.6425334,0.9038488540268826
11256,test,-0.26207086,0.47164693,0.6333544671998229
24843,test,-1.6458637,2.0027304,0.9299985025392191
36644,test,-0.07648632,0.14096524,0.5461968566336067
8286,test,-3.1414673,3.4961314,0.9907933343154846
13682,test,-2.5871077,2.8284853,0.9786126056116906
41268,test,-1.8671709,2.241571,0.9482753070929056
24955,test,0.08784945,-0.1554,0.46577499971205755
31914,test,-2.6151884,2.9020834,0.9800523771781399
36299,test,-1.2256564,1.367888,0.8639238237275327
28052,test,-0.20217231,0.0868286,0.5585775547848252
29295,test,-2.7550995,3.0501344,0.9836337424271514
24901,test,-2.1195288,2.3505874,0.9593643136828294
1600,test,-0.15273798,0.30404612,0.5873006218902567
43035,test,-2.6577692,3.1110272,0.9832181055377966
34604,test,-2.852827,3.117459,0.9853931020771597
34767,test,-1.7151262,1.9467492,0.9306012188388239
12490,test,-0.72176313,0.65073603,0.7298177311710647
17128,test,2.43982,-2.7510877,0.026601465979024682
3415,test,3.2528214,-3.5121262,0.009000364535250405
26688,test,-0.3433151,0.5754326,0.6628747218117917
47681,test,-0.44357616,0.53279334,0.6718268168577931
3259,test,3.2695825,-3.5682912,0.008556355505907104
40396,test,-2.4779482,2.7762346,0.9761158969181915
2262,test,-2.0073347,2.2213836,0.9522422155068199
36688,test,-0.15266858,0.12735762,0.557028262261751
47792,test,-0.2948332,0.4190932,0.6301320452751721
31282,test,-2.2029624,2.584209,0.9671855494485166
32494,test,-2.258547,2.5694718,0.9680808450512897
40995,test,-2.5658488,2.8535662,0.9786685208601175
7725,test,2.7988563,-3.2358506,0.014914770382483112
41875,test,-2.3147993,2.51092,0.9680310771513847
41056,test,-2.7356968,3.0338519,0.9832267898738094
16721,test,2.1789896,-2.461753,0.038613160943811876
29205,test,-1.8376468,2.1401734,0.9435919323324544
42282,test,-1.9150176,2.1267538,0.945927440460685
42723,test,-2.1818767,2.4107866,0.9625792556596571
14449,test,-1.1405286,1.3607969,0.8561566637424243
29468,test,-1.0243497,1.0777129,0.8182144642889716
17158,test,2.2999928,-2.3548687,0.0382480099833613
49726,test,-0.10207945,0.044644263,0.5339018351771251
7559,test,2.8803072,-3.268446,0.013786355452250827
6815,test,3.2857828,-3.5826137,0.0083770281899314
6251,test,3.309841,-3.5635216,0.008348206463853874
14379,test,-1.4883918,1.5511254,0.8966359130546273
30189,test,0.18560927,-0.326958,0.4193112000953156
48631,test,0.04278691,-0.08860838,0.48529645257555487
37907,test,-0.7764583,0.84214693,0.7624103769474232
36967,test,-1.6380951,2.0072658,0.9298510525528059
12944,test,0.08606043,-0.20591979,0.457299374485025
42988,test,-2.6640172,3.0511956,0.9825879756489662
26442,test,-2.1527681,2.3498192,0.9602410667182036
47578,test,-1.112616,1.4163715,0.8585244603296897
6517,test,1.8876824,-1.9428843,0.06612678834305451
25090,test,-1.8542984,2.106646,0.9429599797584367
43258,test,-2.0768456,2.3492384,0.9581457891107634
3320,test,-3.0178242,3.3520317,0.9889169481356018
24991,test,-0.6675895,0.7195574,0.7318343896488153
28672,test,-1.9769077,2.253308,0.9522898554722707
47885,test,-0.24855842,0.36195585,0.6131110501606014
12310,test,-1.6245006,1.7819134,0.9181274213611417
49747,test,-0.0652817,0.024748834,0.5240159862667626
29587,test,-2.0273874,2.1485748,0.9505347825268513
4243,test,3.287437,-3.5384383,0.00862788594843675
365,test,1.4672247,-1.6938001,0.1016362253244634
12843,test,1.0791119,-1.2164322,0.17172484709135133
15691,test,2.7648356,-3.167943,0.015999959823015938
12165,test,1.9806089,-2.0978932,0.05618453800213261
16851,test,-2.232923,2.4012628,0.9636120643228158
14062,test,0.10016972,-0.1775818,0.45977180375758697
1805,test,-1.2416657,1.3350965,0.8625371393607243
32680,test,-2.6411242,2.9866087,0.9815089524398966
28551,test,-1.3895894,1.5457667,0.8896816307829891
8249,test,1.0368199,-1.1851692,0.17917115743802098
5655,test,3.3322144,-3.5296679,0.008414985513167647
41269,test,-2.4632795,2.889629,0.9776748475525692
15907,test,2.5966964,-3.0479033,0.019505659454102653
3265,test,3.0651333,-3.4539149,0.010672535880216027
24928,test,0.48499608,-0.95765865,0.27357865580426616
34735,test,-1.7679261,1.8416804,0.9282011619233389
5497,test,3.1824815,-3.4949796,0.009563234756994433
12341,test,-1.5535747,1.8089604,0.9157891648121458
27876,test,-0.98142505,1.1077493,0.8168689736074757
13204,test,-1.2968111,1.292292,0.8635580000170342
15000,test,2.2278156,-2.4281473,0.03821966238938268
47175,test,-2.4589725,2.5367682,0.9715153732210443
6146,test,-3.0692873,3.4617255,0.9900873552783507
2022,test,-3.1269302,3.464561,0.9904942669650294
49373,test,-0.805921,0.8745956,0.7701697379330237
7767,test,3.3064747,-3.5869944,0.008232513919335592
4975,test,3.3112168,-3.58098,0.00823978677905954
3873,test,3.1722522,-3.521671,0.009454721843683058
40100,test,-2.8443832,3.1855166,0.9859816223628869
47244,test,-0.92909616,1.0568349,0.8058114262014252
31584,test,-2.4496,2.6635432,0.9737031923028674
51033,test,-2.2579741,2.5085998,0.9667249403443957
9024,test,-3.182672,3.5700579,0.9915000181475847
2706,test,-2.913234,3.1835136,0.9866137856657896
35778,test,-1.7266172,1.8405236,0.9261950991403386
37111,test,-0.9679723,1.2469895,0.8296729974425693
42281,test,-2.7786853,3.1161952,0.9846137128858835
38447,test,-2.3530936,2.5964913,0.9706076996639185
6148,test,-3.1887517,3.5919275,0.9916632969499757
38123,test,-1.4167255,1.5376805,0.8909834019785066
48737,test,-0.9142533,0.9115337,0.7876704335603383
34023,test,-2.4795108,2.7413654,0.9755663757613361
12307,test,-0.67267865,0.89564675,0.7559774181909735
5114,test,-3.1383061,3.4855194,0.9907049870098227
47418,test,-0.17583472,0.3479152,0.5986119022629728
29755,test,-2.6355977,3.0960002,0.9827830878872214
32571,test,-1.856641,2.337732,0.9511371206694548
1835,test,-0.57744944,0.4595787,0.6811175200725039
34333,test,-1.2045454,1.2587248,0.8528454417536371
34208,test,-1.3661147,1.4750439,0.8830429748088009
11381,test,-0.6130847,0.83628744,0.7402943518811379
31964,test,-2.1665573,2.456337,0.9633339521426525
637,test,0.78668714,-0.48490334,0.2980044884043095
28887,test,-2.2050495,2.557016,0.966623289764214
1189,test,-1.9639225,2.252983,0.9518648333209141
11873,test,1.1654547,-1.4956983,0.13831807145561412
1925,test,2.8924623,-3.0400014,0.016003430546687052
29679,test,-1.8177923,2.0261836,0.9383938517553679
14879,test,-2.5612013,2.817871,0.9780710493727556
6479,test,3.2439365,-3.525793,0.008970562702491977
35862,test,-0.4957567,0.4859759,0.6726538267785034
33161,test,-2.3501346,2.551422,0.9696334415065305
42355,test,-2.5903766,2.8914495,0.9795615810897201
35655,test,-0.25679854,0.33423027,0.6098712623029311
14231,test,-1.8708072,1.6956885,0.9261642277686779
37760,test,0.048450325,-0.11275715,0.4800865946659082
41341,test,-1.8247311,2.0831816,0.940930550903486
30830,test,-0.7422158,0.8388204,0.7576147554833782
16234,test,-2.0138397,2.2563004,0.9535434377573494
34343,test,-1.8802042,2.182546,0.9466735248671594
7338,test,-3.2235358,3.5874982,0.9918371062361876
13146,test,2.4540868,-2.6243482,0.028717489304446946
43722,test,-1.4122872,1.487405,0.88720790870786
27043,test,-0.7520171,0.99051064,0.7777616307727477
6942,test,-3.1195679,3.5230675,0.9908254330496039
31073,test,-0.9268686,1.1182593,0.8122123571218204
27513,test,-1.6361282,1.908904,0.9251303877077507
8817,test,3.2132425,-3.5617604,0.008937811884061777
11279,test,-3.109222,3.3916273,0.9898780104334016
49308,test,-0.3709426,0.4139177,0.6416258413783106
39730,test,-2.7178483,3.1043422,0.9838236957842681
14386,test,0.8942707,-0.90203387,0.22722457711090857
2800,test,-3.1031766,3.4477496,0.9902232062603559
36933,test,-0.24875797,0.3202693,0.6062014577120806
43901,test,-1.5196314,1.9969717,0.9237405563808674
33030,test,-2.0491953,2.3454537,0.9572545728218057
3834,test,-3.243608,3.5915833,0.9919728571399463
44591,test,-1.3087283,1.5742279,0.8860304671191821
6218,test,-3.2215533,3.57425,0.9917503504161674
33376,test,-1.6089631,1.9274756,0.9247127469234496
47330,test,-0.8235998,1.204343,0.8103710112082824
28961,test,-0.7661646,0.8654422,0.7640547100620145
31113,test,-2.1840096,2.3980622,0.9623113306872316
1493,test,2.2083614,-2.556523,0.03551405298380507
27299,test,-1.8831018,1.9688797,0.9387169646896678
5666,test,-3.0986378,3.4006321,0.9898669299186562
33563,test,-2.4730668,2.830215,0.976904048165061
653,test,0.07208016,-0.15558793,0.4684894406336091
39964,test,-1.2437316,1.4909941,0.8751277001967271
4005,test,2.4205105,-2.91376,0.02412319748166894
37302,test,-0.45703596,0.5427088,0.6754235244927838
27302,test,-1.4687115,1.6103588,0.8991734593221855
12515,test,1.9742829,-2.0581088,0.057920529299141994
29807,test,-1.3963692,1.72904,0.9020758593659328
13627,test,-1.5149451,1.5831773,0.9003759098965864
10907,test,-1.3307837,1.3555802,0.871381731883859
29920,test,-0.41371956,0.6131424,0.6795701783394316
41480,test,-2.3671534,2.6114252,0.9711810947660869
8311,test,3.2870545,-3.520965,0.00873543404175968
37561,test,-0.9776445,1.3219697,0.8378825907197482
39821,test,-2.0525217,2.2358286,0.9541047563546725
8837,test,3.2860968,-3.5963264,0.008295873683995038
49577,test,0.029902067,-0.042031486,0.4956961751407731
13382,test,-1.3303286,1.5716513,0.8873680337599406
31410,test,-1.802874,2.0828671,0.9400621754842472
5043,test,2.5484009,-2.9508705,0.021548996663290427
30126,test,-1.2767116,1.2892591,0.8616391894592701
2692,test,-2.914341,3.3105147,0.9877476815961049
4101,test,3.2957475,-3.534083,0.008604241586573873
47136,test,-0.5767675,0.69265336,0.715359188592304
3735,test,2.9024086,-3.3302763,0.013010087139008482
39067,test,-2.333984,2.5411859,0.9690849370636356
16633,test,-1.2388287,1.2500048,0.8550766096647878
35636,test,-0.035303254,0.10799116,0.5333045299214079
27926,test,-2.12531,2.3561802,0.9596735094756044
27585,test,-0.0009539599,0.32521048,0.564980592763046
27650,test,-2.2090034,2.5098407,0.9656334728133688
41578,test,-1.7875389,1.850228,0.9295035800565832
30999,test,-2.0592704,2.2803254,0.9556499178476994
7617,test,3.2861292,-3.5595505,0.008510134421024902
13063,test,-2.042848,2.3057442,0.9559160132486693
34807,test,-2.553291,2.81714,0.9779409613243546
49435,test,-0.06809779,0.0822955,0.5345408835477515
38894,test,-2.3696222,2.744701,0.9737243288516403
32243,test,-0.9210953,1.1366692,0.8135575399218825
8824,test,-2.6298265,2.9500449,0.9808911065806163
29988,test,-2.2964206,2.6785946,0.971111212019921
33663,test,-2.1596615,2.5005693,0.9642458399855093
47203,test,-1.0708699,1.3190056,0.8462813958892427
14015,test,1.734548,-1.8215892,0.0790225720623115
49321,test,-0.5409228,0.60804206,0.6978864124393982
15194,test,-0.96116334,1.1459556,0.8187402257156361
7117,test,3.0081863,-3.2815504,0.012507212864619638
32357,test,-2.5768385,2.8783813,0.9791854288833147
2331,test,2.9130335,-3.3562393,0.012685342405495492
16762,test,-2.6916733,2.9512632,0.9817010810165503
32282,test,-2.104753,2.3973012,0.9602268198878073
33266,test,-2.800882,3.0513477,0.9841548972810957
43335,test,-1.9169421,2.0147014,0.9418469192867018
41299,test,-0.5229177,0.56194407,0.6883441718297538
4160,test,-3.2260737,3.6206706,0.9920369851362145
1969,test,2.8592477,-3.2957284,0.01372726529651137
1117,test,-2.042202,2.2654998,0.9546941770226034
1274,test,2.3866508,-2.6190326,0.03017228906613615
40767,test,-2.0993805,2.4034913,0.9602486659997049
36641,test,-0.4884946,0.536676,0.6793123636990283
30611,test,-1.5330063,1.8268919,0.9156467324309908
17194,test,2.7648356,-3.167943,0.015999959823015938
39586,test,-2.7650216,3.1472282,0.9847967932640593
16540,test,-0.6860447,0.79914784,0.7450850891693533
48939,test,-0.8057257,0.8294768,0.7645080680473328
26635,test,-2.122528,2.4182155,0.9612481539018651
47227,test,-0.10101244,0.17971177,0.5571487999167861
34038,test,-1.4977981,1.5679795,0.8983268873082253
1587,test,-0.96407026,1.0453916,0.8083754239436839
36619,test,-1.3354892,1.5122283,0.883516217622833
49390,test,-0.11496279,0.06089661,0.5389725082729933
2451,test,3.0448823,-3.3254364,0.011829481027880534
7123,test,3.2884088,-3.5589588,0.008500173456785597
37226,test,-0.7752303,0.96091455,0.7769885271930256
30618,test,-2.1066644,2.4687085,0.9621409247296937
49123,test,0.4733666,-0.6255984,0.32387874910039194
27963,test,-0.9328486,1.1774733,0.819072661288071
3034,test,-3.1260214,3.5381775,0.9909616107688715
35282,test,-2.6475587,2.9604597,0.9812568666264662
39023,test,-2.6330967,2.995802,0.981523752453381
12916,test,2.273448,-2.4946458,0.03543719706800724
42108,test,-2.1258602,2.5152898,0.9637825810441603
43629,test,-0.25220916,0.31276953,0.605524845178088
16719,test,-0.17232518,0.2577148,0.5827566380199112
4996,test,-3.0847363,3.4841633,0.9903442386393543
50672,test,-0.9959588,1.2355708,0.8313053386029687
5808,test,-2.73064,2.9365494,0.9820035202828282
32658,test,-2.3196483,2.7888694,0.9736201734466587
3753,test,1.8190318,-2.2005084,0.05841326862979644
6077,test,3.2851238,-3.558537,0.008522065069867997
24779,test,-2.874555,3.3658457,0.9878786518550674
12275,test,-1.4726386,1.7345492,0.9070166002882826
49269,test,0.14777924,-0.30047992,0.43030806519579967
2624,test,-3.0337155,3.4708793,0.9899042419275538
35699,test,0.0146128135,-0.046921898,0.4975155460922014
48013,test,-2.527011,2.875187,0.9784155084768755
48328,test,-1.459892,1.7114686,0.9048802037313967
7663,test,2.7427173,-3.1015368,0.01700520897306169
33041,test,-1.9766923,2.3065786,0.9539488394677214
25853,test,-1.9080967,2.0921004,0.9444197301982273
27842,test,-0.36880413,0.4836695,0.6524323729679987
39524,test,-2.5653546,2.9209776,0.9796246246944669
49105,test,-0.18782566,0.2196793,0.5789168282316937
37245,test,0.4082699,-0.6448209,0.33094870559344763
37772,test,-0.94131035,1.06559,0.8080975761124692
39072,test,-2.6407752,3.0262914,0.9820020015453789
15906,test,1.6621494,-1.8360685,0.08202349288197826
5750,test,-3.2212923,3.5654054,0.9916980471503299
41787,test,-0.78975725,0.9430271,0.7765807277903795
43926,test,-2.4332647,2.818707,0.97607979300284
33726,test,-2.6214864,2.9101233,0.980247611247621
34664,test,-2.6293063,2.9721522,0.9811722422713436
34125,test,-2.117228,2.4391656,0.9616540988240774
35610,test,0.0830483,-0.09849663,0.4765349161082935
28812,test,-2.0040498,2.2302175,0.9524185173622773
6269,test,3.07021,-3.439908,0.010738729293585506
48782,test,-0.2509034,0.31066456,0.6049545173782032
41369,test,-1.1430806,1.161572,0.8383609980959371
25216,test,-0.9093818,1.19021,0.8179571177893705
3948,test,-3.1906047,3.5418026,0.9913793075924502
28682,test,-1.6664158,1.9350967,0.9278227275757187
673,test,-1.778929,2.0266137,0.9368203848440909
9052,test,-3.146405,3.5558937,0.9911973397204878
33899,test,-2.294711,2.6039402,0.9695735126505675
34675,test,-0.88531286,1.1765432,0.8139915053634798
517,test,2.052466,-2.479765,0.04153328345143553
36821,test,-0.40217218,0.3953643,0.6436632424873899
17102,test,2.7329524,-2.9858866,0.018536374223665133
47472,test,-0.9284591,1.0510048,0.8051021873240044
284,test,-2.2282095,2.4263875,0.9641096547293414
44633,test,-2.0989633,2.239593,0.9556190731446597
26929,test,-1.0892373,1.2774819,0.8441612709707248
14318,test,0.9304908,-0.99935687,0.21123248166814673
2411,test,2.7598467,-3.1560237,0.016187337048747395
15579,test,-0.9134083,0.8175051,0.7763534594935522
12640,test,0.90901655,-1.0540683,0.20738280523746783
34090,test,-2.9484563,3.23465,0.9873889788622251
27502,test,-0.44201878,0.5152916,0.6688792012216385
29274,test,-0.74778265,0.7738484,0.7498984598344491
43638,test,-2.6417458,2.7448387,0.9781835292317819
30422,test,-1.755155,1.6847198,0.9198706013224518
12115,test,1.1087946,-1.2623662,0.1643277398105142
10613,test,1.6257197,-1.5666661,0.09964963105056139
32557,test,-2.7386317,3.0846338,0.9838356652733976
7013,test,3.2534344,-3.539002,0.00883038043077828
50153,test,-2.565539,3.0280142,0.9810697607218086
7736,test,-3.1253586,3.4897218,0.9906484561620024
370,test,-2.7211714,3.0241225,0.982944528801767
35423,test,-0.39922434,0.50587267,0.6607364297427643
48513,test,0.7792004,-0.8511149,0.24826654481575078
8193,test,3.1936898,-3.5215816,0.009315815380359976
30890,test,-1.9358789,2.1775444,0.9484357728535151
24660,test,-1.4493062,1.5869244,0.8964225447548541
12635,test,-0.59829026,0.6135031,0.7070760070908987
44212,test,-1.2620955,1.3949463,0.8690641723353805
37227,test,-0.91260326,1.0503044,0.803277582998424
31713,test,-1.8947154,1.9875549,0.9399251613074954
31097,test,-1.132026,1.1264206,0.8339307064045851
26245,test,-0.7808059,0.85912305,0.7651030879959759
13238,test,0.6272795,-0.80900216,0.2744659606767353
31069,test,-0.57008433,0.7914348,0.728299785256559
33500,test,-2.186933,2.5884786,0.966923332502489
36097,test,-0.72893965,0.82137805,0.7536449735902089
47265,test,-0.572713,0.6576296,0.7097575977297388
35171,test,-1.165911,1.1876181,0.8429429934272289
35366,test,-0.34917244,0.4026635,0.6362940394047683
14091,test,1.3590624,-1.5463055,0.11917680691031353
823,test,-1.0765468,1.3651639,0.8509416951652247
24538,test,-1.2496437,1.3821756,0.86704234886569
42046,test,-2.3362575,2.6570725,0.9714686474237759
26105,test,-0.64902776,0.79840744,0.7400336440677395
33001,test,-2.4594848,2.7809353,0.9758903047479855
34291,test,-2.1756437,2.430296,0.9629125118686609
17193,test,-1.1707767,1.3568497,0.8584087262606396
6262,test,-3.125648,3.5213323,0.9908530347126457
34524,test,-2.4253411,2.6653066,0.9732970443593599
28419,test,-1.0490946,1.0504761,0.8179549126729472
33108,test,-2.4466443,2.7399774,0.9749883614301152
7244,test,-2.3260906,2.6258874,0.9706554411404813
31607,test,-1.440241,1.5019077,0.8901473532400129
50677,test,-0.2909249,0.40300795,0.6268648938264029
43271,test,-2.5037184,2.9314432,0.9788973812592315
38422,test,-0.52244264,0.6156949,0.6962863235555894
3914,test,-3.1909633,3.5738401,0.9915709365243267
230,test,-2.04253,2.4016445,0.9586505900307254
30278,test,-1.7218326,1.948081,0.9309636650582893
40848,test,-2.3695495,2.5275054,0.969540534009676
37115,test,-0.3853297,0.3863684,0.6395049054552727
28905,test,-1.7787987,1.8774945,0.9303484815367262
8652,test,-2.269199,2.4291222,0.9651536134814672
27839,test,-1.1575197,1.293796,0.8517923277998951
5816,test,-2.877421,3.2347765,0.9867558418715078
5513,test,3.2774792,-3.5338426,0.00871544519485764
27729,test,0.0046008728,0.023377674,0.5115653476287845
25164,test,-1.787092,2.0572634,0.9384092022428304
25982,test,-0.60130256,0.7206537,0.7227862395694328
9009,test,3.1639128,-3.5185933,0.009529849688354698
3405,test,3.2463555,-3.5404048,0.008865217096428638
9085,test,3.2113352,-3.4675212,0.009553990227812644
8179,test,2.9168744,-3.3608878,0.012611144243337235
14778,test,-1.8709292,2.043581,0.9411866652127948
38186,test,-2.6198444,2.9366555,0.9805820921250025
26035,test,-2.5990615,2.9223738,0.9801092636213751
48199,test,-0.360806,0.51705265,0.6564501258083528
11642,test,-1.116695,1.442335,0.8610590728900849
8975,test,3.140537,-3.4907794,0.009874023876911314
34902,test,-1.8482245,1.9645623,0.9371197997794355
37708,test,-0.0010538275,-0.011340034,0.5064819728951554
33336,test,-2.2530868,2.4509034,0.9652868075988307
24506,test,-0.30642924,0.36364815,0.6229514806462427
38499,test,-0.8170084,1.0642864,0.7940950122541687
13128,test,-1.0889176,1.118794,0.8289547356101336
7439,test,2.0238776,-2.3496056,0.04618841517252652
26706,test,-0.30473727,0.3987897,0.6284341369318387
980,test,-0.1271196,0.19463056,0.5642211318131776
29479,test,-1.9928569,2.3064015,0.9544378918296381
16787,test,-2.3413758,2.4334726,0.9669107249587628
6661,test,2.9120536,-3.2925525,0.013264858316590385
4204,test,-1.9815346,2.1546474,0.9492092027493886
4025,test,3.2173278,-3.528994,0.009117380806761702
38039,test,-0.7520359,0.7868538,0.7521570014056536
6590,test,-2.9729846,3.16256,0.9869676947708833
5948,test,-2.9659238,3.2671242,0.9878168763169768
10823,test,-0.5188615,0.47074914,0.6738667107734772
16907,test,-2.8454466,3.1589093,0.9857323643948729
38893,test,-2.798735,3.208158,0.9857573146984625
11805,test,-1.0908675,1.2810398,0.8446383427382645
2355,test,-1.4378079,1.127119,0.8615520758703034
38976,test,-2.6013136,3.0130432,0.9813382792152439
47536,test,-0.06325616,0.14467542,0.544544888847773
5229,test,2.7147763,-3.1668859,0.016573059504272732
16321,test,0.5270555,-0.81784743,0.28738314420172006
14578,test,-1.5099692,1.7461332,0.909863847441232
24636,test,-0.1286119,0.26736826,0.576949357495452
1545,test,1.298372,-1.5035595,0.12698799297671123
8332,test,-3.2211103,3.5801659,0.9917816295170304
12309,test,-1.3838028,1.5239803,0.8877733178724092
12190,test,-2.5785832,2.878696,0.9792147852672517
6227,test,3.0486207,-3.4500666,0.010824050291616661
14677,test,-2.2612562,2.4714184,0.9659532473172712
48364,test,-0.7487127,0.74955285,0.746818966107006
42140,test,-2.7351532,3.05451,0.9834573838116093
15173,test,-2.6316333,2.8906047,0.9801202134723711
6525,test,2.8424528,-3.1462946,0.015394806494540801
2102,test,-2.3528132,2.5223522,0.969084847080324
4594,test,-2.9361181,3.277721,0.9876540196706324
11633,test,0.3633039,-0.3989574,0.377457306209219
11515,test,-2.571253,2.8149881,0.9781784009236314
4946,test,-2.9269667,3.3463764,0.9881516428890312
27919,test,-1.4253328,1.5800868,0.8944031878950243
4508,test,-2.5415235,2.9152389,0.9792074210952312
48608,test,-0.44044477,0.64522564,0.6884655708836526
5901,test,2.687008,-2.9442263,0.01968536486341772
14406,test,0.0033134161,-0.21404451,0.4702866167036297
38852,test,-2.3488154,2.5222344,0.9689984362695725
7327,test,2.8516285,-3.1135554,0.015646786231525992
34460,test,-2.049797,2.4114964,0.9591229117933329
24593,test,-2.0052996,2.2154493,0.9519879259029458
3597,test,3.200849,-3.5198212,0.009281008814927699
26894,test,-2.583314,2.8524957,0.9789067479358469
5026,test,-3.1198611,3.4451945,0.9903184784848427
14412,test,-0.9212541,1.083987,0.807917425996822
45631,test,-1.8567963,2.065918,0.941503689972265
25885,test,-0.8891021,1.1056315,0.8067736139072893
38367,test,0.08243975,-0.16871871,0.46439792919937506
2616,test,-3.0768647,3.3852377,0.9896026626492063
32496,test,-2.6228917,3.0525227,0.9821049690747137
14871,test,-2.1193137,2.403376,0.9607747353585226
12872,test,-2.1788332,2.349268,0.9609172157365119
16294,test,-0.54209644,0.7217696,0.7145669170726233
43039,test,-2.426172,2.6372054,0.9727965037778913
27409,test,-2.412981,2.7715256,0.9749522390456627
5831,test,3.123046,-3.4005802,0.010638759919841876
25359,test,0.3377598,-0.31964213,0.394850837759298
25420,test,-0.2587056,0.2501661,0.5961074052308175
13441,test,-2.026085,2.3537776,0.956829116687406
14511,test,0.7577793,-0.8097182,0.25656207578859347
36823,test,0.02851363,-0.11752342,0.4827372473625646
35399,test,-1.2353123,1.4843832,0.8739736342761433
41353,test,-0.9260701,1.1595979,0.8165015788750484
7744,test,-3.1506305,3.5239348,0.9910263620219635
39901,test,-2.8345313,3.121029,0.9852440146526208
38797,test,-2.4988956,2.7652104,0.9762772749078694
4261,test,3.042749,-3.4945982,0.010538157438660909
7112,test,-3.078679,3.414175,0.9898217917387001
1510,test,1.4135592,-1.5632269,0.11402892919026153
7646,test,-3.1999629,3.5207696,0.9913091950004941
33477,test,-2.3835635,2.6035619,0.9713480407218706
14649,test,0.08100786,-0.034242775,0.48811923421815057
7020,test,-3.1562166,3.5339313,0.9911228305508218
49540,test,-0.07827045,0.1692589,0.5514093005493135
48510,test,0.19115762,-0.058003735,0.4647456023103627
2253,test,2.6817489,-3.1220322,0.017485239055370288
41300,test,-2.242959,2.64038,0.9692557664387953
27281,test,0.023088047,0.0023769983,0.5046581951972514
1060,test,-1.7772316,1.9769033,0.9346571119000069
25480,test,0.102160126,0.1780213,0.5215419629329273
29102,test,-0.45736164,0.47629446,0.6652024342650691
16844,test,-1.6173693,1.8144947,0.9194563816634342
41183,test,-2.3772798,2.5845973,0.9708521352476143
10978,test,-1.9836764,2.1732557,0.9499047934445658
40616,test,-1.7559243,1.8717036,0.9290371911289196
13234,test,2.1226048,-2.1320496,0.04999365533088218
38560,test,-0.80538607,0.8784087,0.770575590358063
337,test,-1.2917979,1.4305488,0.87417785533037
40881,test,-2.669643,3.0546975,0.9826969330221843
25826,test,-1.2554426,1.3325835,0.8634691688110684
6133,test,3.2073407,-3.5024338,0.009351388095892066
25083,test,-2.414392,2.7175376,0.9740377630316001
33835,test,-2.4936924,2.8626819,0.9777277307144707
3856,test,-2.4701762,2.6862962,0.9744686133933852
12602,test,-1.7692832,1.8632054,0.9292611355709195
33111,test,-2.2376957,2.4944763,0.9659416773942782
34282,test,-2.4179354,2.5763125,0.9714864481296113
14380,test,-1.2234699,1.3850657,0.8651525372628062
6055,test,3.094683,-3.413813,0.010750795270054632
15858,test,2.4522035,-2.7828534,0.025812978382910825
41467,test,-2.7665823,3.0895388,0.9841973093678841
4292,test,-3.053691,3.4043734,0.9895735435853015
37596,test,-2.0584629,2.2647192,0.9551604878280053
31159,test,-0.43455586,0.58470714,0.678410998638665
47290,test,0.14771914,-0.2727504,0.4350821937407958
31722,test,-2.3855495,2.6360412,0.9720117800297678
15500,test,0.89742357,-1.1758114,0.1949965601114839
11093,test,-0.75228935,0.8519269,0.7605813988309688
34025,test,-2.609762,2.8785877,0.9796527891346387
42890,test,-1.8079939,2.07824,0.9400816015092055
35561,test,-2.6632595,2.9744473,0.9816352144376508
13179,test,1.002514,-1.132526,0.18829607055694036
12727,test,-2.2046995,2.45853,0.9643181211626438
24598,test,-0.62085766,0.68447345,0.7204488571890919
43578,test,-2.0050979,2.3013334,0.9546557004397013
32168,test,-2.4044814,2.669426,0.972990851349072
28350,test,-1.9150823,2.123108,0.945799100632886
21574,test,-3.1840982,3.5623562,0.9914629237952124
39602,test,-2.5132954,2.7114725,0.9756312151826563
5092,test,-3.1191823,3.5110176,0.9907459788343966
79,test,1.3969895,-1.6237477,0.11095806324853445
15007,test,-2.1039684,2.160969,0.9533818693974224
13617,test,0.46115616,-0.5548993,0.33671287508061615
40642,test,-2.114785,2.2259831,0.9556846785058254
16621,test,-0.080899775,0.054531503,0.531934595321854
48211,test,-0.40625593,0.4675566,0.6558112176972414
39065,test,-2.5898702,2.90665,0.9797664621302159
36535,test,0.22059499,-0.29617897,0.4185945066294343
27297,test,-2.4101129,2.690702,0.9734813580342111
3936,test,-3.0524616,3.309641,0.9888573161513734
37216,test,-1.8035896,1.9943854,0.9365061729933541
25703,test,-0.9573111,0.905877,0.7920152690585955
47560,test,-0.4106617,0.43506014,0.6513600595558531
42393,test,-2.6691132,3.0540924,0.9826834224720662
41166,test,-2.2572122,2.6296372,0.9693288945106405
28911,test,-0.49101892,0.6321239,0.6940625087530504
6240,test,-3.1209612,3.5300999,0.9908788832952652
10713,test,3.0125978,-3.4045124,0.011452728948747383
30127,test,-2.6839745,2.8494716,0.9802724796443029
14197,test,-0.8485967,0.73322165,0.7577152610865104
37375,test,-1.0907186,1.2653893,0.8431817912189736
4870,test,-3.1530404,3.48514,0.9907970474901159
2849,test,3.2544203,-3.503007,0.009047431507167006
2711,test,3.1050348,-3.4843307,0.010165233984451912
26810,test,0.050594617,0.01001938,0.5011827452077833
28721,test,-0.5303586,0.57702917,0.6917161569184689
32738,test,-2.3695052,2.5464182,0.9699281042151118
28552,test,-1.4356278,1.7219204,0.9040448923819168
37771,test,-0.73827326,0.8482551,0.7583199086665894
3117,test,-0.50236636,0.24923931,0.6362567429534055
31090,test,-1.5453371,1.6747018,0.9077723683402579
2448,test,-2.609632,2.9297602,0.9803527961614629
30734,test,-2.3304477,2.6233215,0.9706911278674346
42716,test,-2.4609704,2.7114887,0.9747455073206063
49173,test,-0.12964176,0.0716476,0.5433917048136474
27961,test,-0.09603685,0.1267372,0.5471200103118319
14602,test,-0.5334477,0.58228815,0.6929606513900608
35428,test,-2.63998,2.9740381,0.9813339394605475
40358,test,-1.211598,1.3054968,0.8575104988520208
6622,test,-3.0185194,3.388481,0.9891982809115383
2277,test,0.5280201,-0.8197077,0.2869784324526195
42042,test,-1.9532527,2.2185097,0.9503963956254237
12195,test,1.6341769,-1.8514098,0.08269158972426265
47655,test,-1.9063753,2.0963225,0.9445115293946151
26031,test,-0.8529882,0.930154,0.7826360048530447
13804,test,-1.2933507,1.4022349,0.87210333167352
26086,test,-0.77437836,0.9855698,0.7798618621184203
2302,test,-0.5893236,0.2814539,0.655331594514989
6619,test,2.61315,-2.9026356,0.02130664996530943
4222,test,-3.1089933,3.4201863,0.9900747555002377
9047,test,2.6780803,-3.109883,0.017676440321158574
6209,test,3.2662354,-3.5514526,0.008677035729389864
41372,test,-1.8452052,2.0133631,0.9389816240912694
41890,test,-1.8310639,2.024021,0.9388417879628533
6091,test,3.3295798,-3.563286,0.008235961464020981
41360,test,-2.7529233,3.0729089,0.9838642065840477
4444,test,-2.6588159,2.9962513,0.981852972566762
3569,test,3.3222332,-3.5382237,0.008423312906751123
49447,test,-0.1559699,0.10218216,0.5532475658910531
33043,test,-1.1483047,1.388043,0.8591489803190016
36424,test,-0.30886915,0.30505252,0.6136765708816901
37054,test,-0.12099722,0.23526655,0.5701507726606743
33141,test,-2.5623255,2.8581429,0.9786839054504752
46119,test,2.8703675,-3.2418573,0.014138301020377537
48810,test,-0.0040204623,-0.13195774,0.48590098919225827
42839,test,-2.7164636,3.0596485,0.9833023779859809
3191,test,3.2760768,-3.5268683,0.00876624052516216
35541,test,-2.4366,2.742076,0.9748523917043677
43449,test,-0.6215953,0.76461214,0.7317053382430582
39775,test,-1.945599,2.1756454,0.9487028116229383
43954,test,-1.105405,1.3066474,0.8482896631949931
8526,test,-2.1544917,2.2263396,0.9568571125927298
872,test,-1.1586471,1.2924722,0.8517749799408169
14900,test,-1.1750399,1.2319273,0.8478310728262364
32440,test,-1.0838503,1.0329927,0.8197480159943913
11392,test,-1.0755874,1.4089004,0.8546993116603427
34830,test,-2.6842318,2.9284923,0.9813173414685212
4295,test,3.2178147,-3.5570586,0.00893861597886151
4033,test,3.2032077,-3.5212543,0.009256639491622318
37608,test,-1.962649,2.2435868,0.9515215301370079
34186,test,-1.9552698,2.2395854,0.951152798794084
35657,test,-1.638372,1.6672075,0.9126636809851522
7713,test,3.0345979,-3.3990114,0.011322731738413763
44251,test,-1.3314191,1.3379517,0.8700429202366429
2933,test,2.7856963,-3.1456475,0.01601577718889933
47425,test,0.18483806,-0.09658392,0.45913381792187635
31604,test,-2.042621,2.160529,0.9514218061382353
3502,test,-3.2251744,3.5819335,0.9918148299442495
32542,test,-1.9396963,2.0715823,0.9448254325464154
35006,test,-1.8403021,2.1733193,0.9449108466343217
14253,test,0.92262435,-0.8991678,0.22410759836708172
31613,test,-1.6352832,1.7361833,0.9162699720919039
4226,test,-3.199307,3.586359,0.9916921007015556
4389,test,3.282382,-3.5908046,0.008349225974856942
3763,test,2.8937774,-3.075221,0.015605721936208032
26305,test,-0.12550418,0.27971163,0.578526230974098
44468,test,-2.5026312,2.7397385,0.9759223867623636
6099,test,3.2299547,-3.5878267,0.008676473108904691
16722,test,0.018169299,-0.18783896,0.47226588145176335
49325,test,-1.4719046,1.6275538,0.9004597480892358
41100,test,-1.7817574,1.9181099,0.9322988900533257
24705,test,-2.5247493,2.7546787,0.9765243634343079
36176,test,-0.3863316,0.32537028,0.6297691158686128
14444,test,-0.041015986,0.020889463,0.5191042075380433
5908,test,-3.0254169,3.3896732,0.9892586100875536
14949,test,0.6309417,-0.6700947,0.29371129938969237
32985,test,-1.5992426,1.8411462,0.9198971143093794
44549,test,-1.5427877,1.8687351,0.9183957830822042
13301,test,-0.872818,1.0854605,0.8027651197933885
13908,test,0.15141763,-0.17709869,0.45096064256326746
29738,test,-0.7870025,0.8789296,0.7683579933738446
41433,test,-2.2164521,2.3214688,0.9611745000310242
15817,test,-0.56763446,0.49537426,0.6850537341538613
10558,test,-0.7324477,0.7145303,0.739972076664478
37957,test,-1.0510346,1.1986521,0.8330799176892949
43138,test,-1.9388845,2.0867763,0.945347812480531
25898,test,-0.06500175,0.1958292,0.5537109210280576
37263,test,-0.9756221,1.1741067,0.823123863845606
1137,test,-0.28016964,0.35521966,0.617232410179662
27135,test,-1.7294533,1.9850522,0.932942667204709
42971,test,-2.6131587,2.9960492,0.9812721712025069
2825,test,3.0484686,-3.4355693,0.010934376706471724
44112,test,-2.4312546,2.7304454,0.9745594801078663
49742,test,0.04076035,-0.10950237,0.4819988131147285
24794,test,-2.6442199,2.8916383,0.9803050990366557
1364,test,0.7589029,-0.97181576,0.23538534047185472
37129,test,-2.5927784,2.8987172,0.9796966305694303
29225,test,-0.7472176,0.94293547,0.7713613524827726
37852,test,-1.2959291,1.3043143,0.8644740495154482
4967,test,2.7969422,-3.2522392,0.014766661189329879
48500,test,-0.86149305,1.0050256,0.792398982520219
30118,test,-0.9237174,1.0655209,0.8061733541165021
12901,test,2.5755513,-2.62642,0.02640170191013857
48559,test,-0.16205408,0.17696956,0.5671912215738708
34197,test,-2.6723154,3.0900345,0.9831434975222142
58,test,-1.1380724,1.2798027,0.8488133611632345
25977,test,-1.4636708,1.6448925,0.9010294454751184
34404,test,-2.3947606,2.5125396,0.9697515761223159
42795,test,-2.4938745,2.824452,0.9771404269219988
29895,test,-0.6398173,0.7335294,0.7299346751821305
32413,test,-2.0958211,2.330541,0.9581535907788682
33991,test,-0.7647434,0.8324785,0.7596888700490553
41323,test,-2.2193036,2.5453923,0.9666826339585075
39572,test,-2.315404,2.6765196,0.9714413521169262
14265,test,2.4467878,-2.8273447,0.025134117782566537
39576,test,-2.3335385,2.5977077,0.9702393270740808
15669,test,1.1495852,-1.2961154,0.15728865197604758
7731,test,-2.2023647,2.4501362,0.9640588569944134
4436,test,-3.1601586,3.5509145,0.9912507598273939
35023,test,-2.1857324,2.4366248,0.9633206710230636
42765,test,-2.1798697,2.4112613,0.9625406074345058
17041,test,-0.39412525,0.5254264,0.6630004484810382
35949,test,-0.90438217,1.0999033,0.8078136184421724
794,test,1.3312286,-1.3293926,0.13836244670758155
15462,test,-0.50253433,0.4274832,0.6646350652507499
41851,test,-2.7037354,3.024793,0.9827466991015418
3113,test,3.2971017,-3.5437384,0.008538761655471528
48982,test,-0.24858178,0.38990664,0.617744716453824
33280,test,-2.6375782,2.9484978,0.9809723298792111
47222,test,-1.1070873,1.321056,0.8497332768989196
25593,test,-1.3490013,1.4498206,0.8799479289469461
29477,test,-2.4842355,2.739564,0.9756150955043342
5148,test,-3.1605506,3.5623932,0.9913225182374041
13247,test,0.93664896,-1.0114697,0.20910980959562078
25858,test,-1.190472,1.439125,0.8668629494853803
5461,test,2.8726864,-3.200747,0.014521748031206887
30464,test,-2.210143,2.5950317,0.9675831006459015
43092,test,-1.6935657,1.950716,0.9298017698007118
533,test,2.0425026,-2.1021311,0.05378004723553215
16940,test,-1.7972503,2.0908155,0.9401537828492095
25628,test,0.017827066,0.15921119,0.5329717599267948
2127,test,3.2198992,-3.5831156,0.008765817156408246
12338,test,-1.0345184,1.1946456,0.8310730348690993
11024,test,-0.41401285,0.6136928,0.6796987494159425
45991,test,-1.4182342,1.6268017,0.8969933351637134
47380,test,-0.22744606,0.43279642,0.6213333849784979
26725,test,0.08694065,0.18478112,0.5253791343147469
39176,test,-2.872497,3.2939057,0.987242580605404
30015,test,-1.8925656,2.1889102,0.9473312706758237
15673,test,1.9196302,-2.0014088,0.0623223891720515
2535,test,3.2067685,-3.5282226,0.009189303000166201
28658,test,-0.74541557,1.0765516,0.7872229720177689
28522,test,-1.2239265,1.3883424,0.8654570755890643
25548,test,-2.522259,2.8921776,0.9785956608476598
8453,test,2.724288,-3.1600919,0.0165420875122039
8621,test,3.1802778,-3.5339813,0.009322356377520605
13280,test,-0.25999743,0.17814124,0.5841341731679623
40668,test,-0.43378758,0.3458266,0.640781151065966
25038,test,-0.22487058,0.3550404,0.6080183613400925
7919,test,3.1895633,-3.4624498,0.009733412208859362
25737,test,-2.5153866,2.8162675,0.9773478523915996
5830,test,-2.9965067,3.4106412,0.9891993844864405
11984,test,-1.9510316,2.1861355,0.9492424326969668
38273,test,-0.03709105,0.025189912,0.5191698137689547
41229,test,-1.8554596,2.1485634,0.9445601148645711
40090,test,-2.6651404,3.0238535,0.9822712359531858
40873,test,-1.4922786,1.7024919,0.9062810686734802
5653,test,2.9084928,-3.3225346,0.01302499121043876
37663,test,-0.8546575,1.044056,0.7960811746466058
36970,test,-0.14310056,0.20482849,0.5687205933128691
34214,test,-1.3736237,1.4883124,0.8845364483924327
47360,test,-0.28358603,0.2697297,0.6035734329525296
30694,test,-2.0481753,2.272246,0.9550776584013658
38759,test,-2.3365731,2.6420686,0.9711823323407301
16839,test,-0.53529173,0.40060088,0.6655509419812353
43263,test,-0.16698317,0.25393695,0.5812038577690103
26851,test,-2.3592656,2.7234068,0.9731515927841883
5555,test,3.1394844,-3.465567,0.010055364634593977
32663,test,-2.2060509,2.493365,0.9651793742114669
13198,test,-0.86039007,0.7485855,0.7611874193465065
32797,test,-2.8912978,3.2227583,0.9867728316533968
34379,test,-2.7262669,3.0242844,0.9830061040771664
42460,test,-1.1961573,1.4544016,0.868547018809977
40420,test,-1.9976081,2.202746,0.9513312905467546
47957,test,-0.42957368,0.6591152,0.6889184879517766
48190,test,0.17249197,-0.2382759,0.4367517854921625
30850,test,-2.0282464,2.1929917,0.9520035735460424
6007,test,-0.36285043,0.21979229,0.6084739247418576
42252,test,-2.717762,3.126288,0.9840653757133014
41336,test,-2.4218051,2.8164778,0.9758550870783048
7970,test,-3.183983,3.559287,0.9914440397653487
42611,test,-1.525122,1.7263309,0.9095966209243286
17010,test,-0.88732475,1.1390234,0.8101994542199209
30304,test,-1.869879,2.0892,0.9428897194885101
39684,test,-2.3139324,2.592165,0.9697268729321715
28156,test,-1.1453923,1.3356618,0.8544006146683003
42135,test,-2.423121,2.655872,0.9730842319695201
16570,test,-1.0890666,1.0571747,0.8227682232869612
32159,test,-0.9827783,1.0937661,0.815542956071853
43696,test,-2.5394015,2.888648,0.978794314358185
32257,test,-1.2638578,1.4799834,0.8758232030111006
26523,test,-0.26632738,0.21889547,0.592116253280347
48453,test,-0.1256594,0.15194204,0.5566094895772399
13693,test,-1.4439034,1.6041719,0.8971897103993853
30640,test,-2.253284,2.4889746,0.9661731529140112
47030,test,-0.9309333,1.1746925,0.8185850953495499
29953,test,-2.0793915,2.4893982,0.9619727392975184
13772,test,-1.4097025,1.5714223,0.8927865052709323
27368,test,-1.9138091,1.9619436,0.939667074831298
32155,val,-2.4413881,2.6937377,0.9740942714998866
1537,val,-1.141101,1.3512388,0.8553804503999138
13922,val,0.5446158,-0.6560283,0.30849488684978327
28422,val,-1.3258685,1.3783554,0.8727761427846703
38373,val,0.10067119,0.107299976,0.5094407843596993
31839,val,-0.85129964,1.0253423,0.7935620695855049
37379,val,0.31576297,-0.26373693,0.40795018721330933
41508,val,-2.604885,3.0037293,0.9812645373195371
49246,val,-0.8309153,0.96433824,0.7840745165656364
42856,val,-1.2649108,1.3432806,0.8651244346093221
31929,val,-2.053078,2.3740335,0.9581746135634488
46958,val,1.6171352,-1.6400379,0.09565471544449267
36792,val,-0.33699462,0.30253556,0.6179168666991958
35382,val,0.19217747,-0.15860532,0.44710523878655983
38794,val,-1.8367454,2.089817,0.9416518421356017
41762,val,-2.6778584,2.9221437,0.9811534021416325
213,val,-1.9009764,2.1420858,0.9459736290749791
24757,val,-0.11898175,0.24385649,0.5712780798139291
31226,val,-2.0612698,2.146491,0.9515707406076244
16675,val,-2.2226946,2.4308214,0.964083467173938
7656,val,-3.0931606,3.4968815,0.9904847132735872
33040,val,-2.3408735,2.4349012,0.9669314592924775
17079,val,-2.1893923,2.4483306,0.9636987674924508
5917,val,2.1731603,-2.4796011,0.03830211043313647
2863,val,3.209129,-3.5231788,0.009206416442776996
4965,val,3.1101947,-3.4901898,0.010087930495053717
2958,val,-3.1396694,3.505845,0.9908437322974896
1343,val,1.8986892,-2.0096705,0.06284298201861252
16807,val,-0.10057256,0.22797908,0.565391175470868
47906,val,-0.1643477,0.34245816,0.5957592599883041
31677,val,-2.3435392,2.783917,0.9739584724261142
36832,val,-0.2559726,0.24600269,0.5949448067312464
4319,val,3.190181,-3.506737,0.009435112740609729
30707,val,-0.5113197,0.89976364,0.735109295924084
39476,val,-2.0044909,2.1419787,0.9495552021692795
29504,val,-2.2229052,2.4587617,0.9647594719279962
15114,val,0.03263845,0.07838849,0.5162810868109247
26692,val,-2.4758992,2.7708373,0.9759940975765287
33273,val,-2.1836739,2.4613023,0.9638759355064728
44661,val,-2.6320379,2.878065,0.9799540557430162
37530,val,-1.8896226,1.959038,0.9385831220110423
49785,val,-0.9590605,1.0917174,0.8128147219695938
41186,val,-2.3698332,2.6461391,0.9719046090091622
11537,val,0.40074793,-0.49913323,0.3551057725808057
12577,val,0.8034309,-1.0623535,0.2187994404644973
17051,val,-0.87274957,1.0528481,0.7991185758058735
884,val,-1.7292842,1.9073871,0.9294533222483847
33558,val,-2.406354,2.7023883,0.9736242102440251
43653,val,-2.8327231,3.243002,0.9864180725394894
38100,val,-0.5720212,0.6018477,0.7015485514121507
32843,val,-2.106412,2.3242757,0.958274805963394
31926,val,-1.0586089,1.2335817,0.8371756027030672
7412,val,-2.895255,3.2321334,0.9868940691206424
31199,val,-0.89154166,1.0158483,0.7970651632244591
29670,val,-2.6084368,2.7944627,0.9784258768415016
36177,val,-0.41916957,0.4332374,0.6524217970859432
28458,val,-0.50679815,0.6352319,0.696862121016132
15628,val,-2.0672398,2.1621175,0.9522625482252065
48073,val,-1.3624351,1.4717419,0.8825373907949815
48436,val,-0.005149501,-0.03286804,0.5034321949154621
27439,val,-0.58531183,0.8157197,0.7337371642093435
42954,val,-1.5054497,1.798113,0.9125511079126876
50308,val,-0.2967116,0.42119402,0.6307808796390745
16867,val,1.7211361,-1.8320605,0.07917248435748041
43572,val,-2.4185982,2.6563363,0.9730097358089937
35436,val,-0.9168379,1.1016818,0.8093554959976093
39816,val,-1.9259084,2.5006254,0.9581584109257387
14623,val,-0.6434663,0.79376906,0.7386579498536446
47731,val,0.03197882,0.06429802,0.5139332789390638
12895,val,-1.9044399,1.9940763,0.9405639737173768
28090,val,-0.49462906,0.55670166,0.6832876895665595
2256,val,-3.0974865,3.3779638,0.9896983438422922
13008,val,0.19511954,-0.29050556,0.4239092909342
7420,val,-3.0481381,3.3285623,0.9889693277413931
5516,val,-3.0451798,3.4134808,0.9895778485208149
38776,val,-2.7677214,3.0827346,0.9841355263994253
658,val,1.751197,-1.9275988,0.07299642479259287
13104,val,-2.18427,2.302588,0.9598186449722105
38491,val,0.790685,-0.87284356,0.24395376766708343
7219,val,3.265744,-3.586437,0.008471828668461892
42436,val,-2.4909608,2.8621902,0.9776785548573678
4752,val,-2.8884182,3.1719,0.9862728504800218
13665,val,-2.0338326,2.1624382,0.9511988053589572
47443,val,-0.80340797,0.9083108,0.774012317855672
43372,val,-2.465108,2.8397446,0.9769288378255421
33635,val,-2.1731625,2.202208,0.9566990668035643
34129,val,-2.4653761,2.6607273,0.9739344482779035
16693,val,2.5806844,-2.6794744,0.025374861651164097
949,val,-2.1968489,2.5611176,0.9665306141441959
26220,val,-1.3826177,1.4902565,0.8853159972073814
7924,val,-3.1699512,3.5223842,0.9911362903456084
34872,val,-2.689456,3.1051211,0.9835132401824117
3215,val,3.011036,-3.4498816,0.011110766040938377
29588,val,-2.270112,2.4876246,0.9665254102331837
10577,val,-2.8240094,3.0655348,0.9845570313366
10775,val,2.514581,-2.8713899,0.023285901176859473
37047,val,-2.0999048,2.2784815,0.9567864176445576
31986,val,-2.5262518,2.8342364,0.9777903426304779
34710,val,-2.3961582,2.7485542,0.9742630418250511
7834,val,-3.193359,3.5785725,0.9916125297875931
8484,val,-3.1111803,3.412353,0.9900358486784525
30105,val,-1.174579,1.3164718,0.8552688158465337
28321,val,-2.314997,2.674658,0.9713972717703748
24587,val,0.33772942,-0.023248931,0.44534198702846867
48223,val,-1.198393,1.2054783,0.8475513284285601
27471,val,-2.7848303,3.0825605,0.9843195143261447
11851,val,-2.6112747,2.8691776,0.9795423231674937
42784,val,-1.6580137,1.9141352,0.926434336424699
3244,val,-3.0982528,3.4033759,0.989883474340619
40171,val,-2.6731286,3.0469596,0.9826462576821573
10875,val,-0.399092,0.53573674,0.6653851835709668
40511,val,-2.3796191,2.763484,0.9742347848219433
48521,val,0.26457304,-0.35072067,0.40191393820137966
13107,val,1.9265403,-1.9766748,0.0630553655624527
33312,val,-1.8973525,2.1619623,0.9465520181527557
4843,val,3.15022,-3.4718752,0.0099373187717045
15395,val,-1.5995947,1.9031764,0.9230558154044854
32904,val,-2.7638495,3.0546584,0.9837826270661366
37,val,2.7568994,-3.0340757,0.017639877734819242
172,val,-2.5595539,2.805526,0.9778600231734684
41347,val,-2.0475655,2.3177989,0.9564080302465219
27383,val,-0.40683487,0.7936359,0.7054320348391275
34374,val,-1.5481961,1.7957534,0.9147805907084524
16076,val,2.5017402,-2.8458705,0.023904380163366684
14986,val,2.0565958,-2.051725,0.05508809151682902
12116,val,-2.1765296,2.2820218,0.9590476058265471
16747,val,-0.15913785,0.29842967,0.5874335085525384
49458,val,-0.04988536,0.035904948,0.5232757452690455
25329,val,-2.3811176,2.6056802,0.971341659266483
48851,val,-0.19970539,0.27761987,0.5907806589071792
40138,val,-2.7882712,3.13209,0.9848815557662288
7995,val,3.2257895,-3.4998243,0.00924924962426625
36648,val,-0.77675766,0.6820369,0.7415601834566873
49236,val,-0.5651365,0.52001816,0.6883881458490775
41119,val,-2.3253863,2.5055718,0.9681443480731979
11058,val,2.5613132,-2.878188,0.022448876093155243
49778,val,0.0040571145,0.20690218,0.5436618396071105
39909,val,-2.1194017,2.4288526,0.9614434844787384
41857,val,0.9486831,-1.0032917,0.20866382780421572
27631,val,-1.1784393,1.4546958,0.8671484754321523
6518,val,-2.7439783,3.1183543,0.9842647798711185
12948,val,-2.509429,2.7105932,0.9755521245879263
37092,val,-0.34465382,0.30760667,0.6200181492709799
15711,val,-0.88071924,0.9500257,0.7882501786707594
31910,val,-2.7440891,3.0915427,0.9839727279692256
3978,val,-3.2283702,3.5630462,0.9917251928619629
42977,val,-2.3702066,2.6380844,0.971757440020131
41976,val,-2.3742921,2.77958,0.9744232986362902
30765,val,-2.1777205,2.4213662,0.9627408524362272
24488,val,-0.34643242,0.56489104,0.6617125829927796
6501,val,3.0488715,-3.3949609,0.011242915800807636
2042,val,-2.5375326,2.842157,0.9780803095595406
29811,val,-1.8109268,2.1131306,0.9415554393866103
35945,val,-0.6162093,0.61819094,0.7103422570995839
35822,val,-2.2147489,2.4443018,0.9642173532312904
9031,val,3.2505069,-3.5366614,0.00886270886222646
32017,val,-2.2214727,2.5095272,0.9659146808042904
40340,val,-1.7374347,1.9368902,0.931161826860227
32175,val,-1.2899102,1.3340005,0.8664029804588024
36573,val,-2.329349,2.6338315,0.9708779387855716
42254,val,-2.6235533,3.0086207,0.9815652780296549
7378,val,-3.1806931,3.578697,0.9915392123340657
14731,val,0.42016354,-0.65367275,0.3277417894313967
14099,val,0.32969764,-0.56542087,0.35586946947984044
49053,val,-0.03698683,0.09481542,0.5313021733210317
47738,val,-2.2728727,2.5012162,0.966893711834147
40535,val,-2.6160603,2.9579594,0.9808141910359187
38960,val,-1.7525823,2.0220692,0.9355286051224448
33124,val,-2.5942397,2.8449206,0.978955115478459
31451,val,-1.6806257,1.9435021,0.9288755198456401
26949,val,-1.3893822,1.4347891,0.8818095092193995
44209,val,-1.8369491,1.9671937,0.9367623718714048
40221,val,-1.6961781,1.9779739,0.9311540666861515
4852,val,-3.2516391,3.586969,0.9919918759491707
36564,val,-0.6587879,0.7561751,0.7356376832193254
44438,val,-2.0608826,2.1688988,0.9522760406640637
44379,val,-2.0048368,2.2794607,0.9539803898411727
3214,val,-2.9338202,3.370161,0.9884000838961573
36876,val,-0.42277274,0.44049126,0.654142886625366
10923,val,-1.2174946,1.3217344,0.8593928273341417
32818,val,-2.7888906,3.0830996,0.9843691198815054
43928,val,0.01764046,0.14467283,0.5304707846198348
8730,val,-2.1374493,2.4676552,0.962891631951043
49004,val,0.25428936,-0.26742837,0.4177526750127214
693,val,-1.3610495,1.4606105,0.8816262112321185
5544,val,-1.4957225,1.4865911,0.8928661146612932
16602,val,-1.7275016,1.8863214,0.9283975815974472
5773,val,-2.9313216,3.235623,0.9872473544875898
27627,val,-0.66322595,0.7541707,0.7359687879691525
36507,val,-1.89092,2.1673045,0.9465134050801793
354,val,-2.1121888,2.408248,0.9607152662109611
12154,val,-1.7309561,2.0270486,0.9348223238976938
48582,val,-0.29561448,0.30575424,0.6115916757725216
32088,val,-2.5797524,2.9364088,0.9800371766440494
33333,val,-1.5938351,1.6213439,0.9074872096229006
34189,val,-1.664745,1.8777446,0.9250070390383719
8993,val,3.2873545,-3.5381799,0.008629927145481015
4895,val,3.0593596,-3.4391396,0.010825459986752632
26205,val,-0.2955325,0.41158155,0.6290201558370391
6842,val,-3.2202034,3.568324,0.9917085842608309
15511,val,1.0775687,-0.9378323,0.20142876392955983
3050,val,-3.076651,3.3902135,0.9896368997050131
36923,val,-1.0919472,1.1679035,0.8340667606432808
36569,val,-1.6113313,1.9674157,0.9267484388726576
38007,val,-0.18021905,0.13887061,0.5637632566902575
25364,val,-0.22997873,0.2623909,0.5933237063632014
275,val,-1.004186,0.91987365,0.7989457303752281
41649,val,-0.5224837,0.6331717,0.698872754326176
6705,val,1.2083126,-1.4631203,0.137462806210463
40273,val,-2.8259387,3.1511116,0.9854610852482169
15244,val,-1.6011142,1.7293746,0.9140433064847201
43959,val,-2.822284,3.1895897,0.9858061734970434
42348,val,-2.3813906,2.636725,0.9719455369227666
16403,val,-2.5786219,2.850992,0.9788170257130513
42622,val,-1.0938587,1.3781083,0.8536076734415193
11788,val,-0.46110204,0.42471877,0.6577057510198809
14347,val,-2.1028795,2.3560266,0.9590573563913432
11003,val,-1.0419165,0.98916084,0.8107078985152406
36099,val,-0.41100997,0.6698745,0.6877467056102058
33918,val,-2.4828117,2.9404073,0.9787240290327308
28129,val,-2.4750576,2.8798914,0.9777059985911946
11169,val,-2.5366075,2.752668,0.9766818390334835
32327,val,-0.707488,0.71744394,0.7369922922312981
4602,val,-3.0544372,3.414224,0.9896497863059586
48326,val,-1.7708744,2.0903711,0.9390888892063822
15625,val,2.0670867,-2.192359,0.04983463500420742
33334,val,-2.6657722,3.1104178,0.9833032738351463
26233,val,-0.26827952,0.3396564,0.6126829259411067
47602,val,-1.5455735,1.5778688,0.9019541892177158
35734,val,-1.363752,1.4068078,0.8778426466375346
8272,val,-3.1972716,3.5065525,0.9912066496728905
50283,val,-1.1332933,1.251522,0.8458201122486139
37864,val,-1.2070204,1.2819328,0.8550869998556714
31404,val,-2.3765397,2.6542253,0.9721859298496479
12100,val,-0.02069816,-0.2833825,0.46239208822369043
7520,val,-3.1322284,3.51829,0.9908754502566587
6371,val,3.3253732,-3.514211,0.00854620659041302
24548,val,-0.4954949,0.69144255,0.7034600455208813
37365,val,-0.1851376,0.20889191,0.5766161060364771
29977,val,-1.641272,1.6553673,0.912163655631237
26765,val,-0.46387553,0.7028633,0.700502678028737
30911,val,-2.4092393,2.6789746,0.9732527393907086
44177,val,-2.185441,2.5679107,0.9664259759212466
43504,val,-1.4537172,1.6960334,0.9035704392054625
40972,val,-0.8277946,0.8561261,0.7705911803674813
25900,val,-0.8911899,1.1692377,0.8138400860025434
32383,val,-1.621017,1.7011977,0.9135872441584808
2395,val,2.9546485,-3.3721645,0.012190749403053357
2142,val,-3.180434,3.5126774,0.9911410605932567
46448,val,1.512572,-1.6829013,0.09945592723585106
547,val,-0.9588099,1.0329021,0.8064437425053183
30161,val,-2.311295,2.7003107,0.9718210392855945
13728,val,-2.0958223,2.2813926,0.9567525096932706
11361,val,0.3786932,-0.13815613,0.4185816689504643
4917,val,3.176977,-3.519598,0.009437357133336825
43452,val,-2.6217253,2.829966,0.9791350398949921
36173,val,0.10343582,-0.10289802,0.4722090907289428
29759,val,-2.5113654,2.834694,0.9775699825091254
9014,val,-2.971982,3.3228407,0.9883263623799935
40368,val,-2.5950341,2.976094,0.9807760725572481
325,val,-1.321542,1.4281627,0.8762688135046355
36194,val,-1.0750383,1.3171703,0.8464936888239571
49624,val,0.24046777,-0.37143925,0.4024838267223791
12724,val,-1.2177309,1.3679197,0.8632730448783258
862,val,-2.1449482,2.3523698,0.960100033616923
49009,val,-1.142185,1.3303003,0.8536529983913071
14394,val,0.30999795,-0.28659222,0.4050645097060806
37539,val,-0.43563893,0.42469344,0.6536785513223824
2985,val,3.1578994,-3.5235705,0.009536697132855751
7423,val,3.2835715,-3.4986272,0.008893313010946658
11604,val,-1.9553373,2.2444,0.951311304100957
3067,val,3.2528682,-3.5567474,0.008725767338940585
39733,val,-2.579792,3.076006,0.9818620828586281
27252,val,-2.283568,2.6579902,0.9704470102942159
27537,val,-1.0667025,1.3262845,0.8465644684133226
25166,val,-1.8309238,2.050859,0.9399058904395625
36243,val,-0.57419837,0.6509,0.7090009295144728
3062,val,-3.1852186,3.5274844,0.991260646939684
29348,val,-1.6405145,1.8927606,0.9245584590573009
26456,val,0.09243318,-0.04414023,0.48439128382049607
43529,val,-1.5909477,1.6591797,0.909520309223381
48888,val,-0.4974756,0.52877575,0.6794771174887715
42691,val,-2.4670079,2.7445176,0.9754098948484752
13325,val,-2.365993,2.746302,0.9736879863167542
5377,val,1.4460055,-1.5821936,0.1104439424320176
4037,val,3.2555704,-3.5621274,0.008676976882186582
38412,val,-1.6817908,1.8004451,0.9220288371557351
15782,val,2.7340608,-3.0535727,0.017680450749078005
1683,val,-1.6986874,1.921131,0.9286760112684952
40195,val,-2.170379,2.5053816,0.964618662584995
8318,val,-3.2290642,3.5678344,0.9917566197591863
11219,val,-2.3971095,2.6674047,0.9728175501136855
1666,val,-1.9589432,2.0335274,0.9441352020094804
5249,val,3.262604,-3.5694296,0.008591098224651816
26880,val,0.08909642,0.22141208,0.5313916498934201
40015,val,-1.931383,2.3404577,0.9535961306205338
48760,val,-0.95529276,0.8547556,0.7858223838656204
33846,val,-0.5892187,0.7454127,0.7245601543878784
33313,val,-2.70296,3.0379813,0.9828933848492839
40301,val,-1.5185555,1.7380893,0.9098949750768186
26638,val,-1.9343096,2.215412,0.9496641071203299
17133,val,1.9895326,-1.9932358,0.05984493798097817
49579,val,-0.24691083,0.3342677,0.6082297703402786
36123,val,-2.109424,2.240625,0.9559589566885884
28026,val,-2.2132845,2.4794903,0.9650228275259991
31700,val,-2.204679,2.3513048,0.9616435202264055
37222,val,-0.81687266,0.85881144,0.7695705273631993
49273,val,-0.43399674,0.3272843,0.6378224462803513
25203,val,-1.1773287,1.4997101,0.8706485091381285
31634,val,-1.8287938,2.0686004,0.9405200603079833
28753,val,-0.35486528,0.42229134,0.6403851515403703
50390,val,-2.1720958,2.549405,0.9656951225188913
121,val,1.0278505,-1.3190575,0.16667194744624125
40191,val,-0.0863446,0.13778196,0.5473545420573532
15732,val,-1.5344063,1.7263802,0.9101323410584222
43662,val,-1.3744816,1.604839,0.8926655706957132
13771,val,1.2812549,-1.7447258,0.11059656817785385
31796,val,-1.23287,1.4430543,0.8705606409048869
24736,val,-2.134488,2.4053779,0.9612252677037236
6413,val,-0.2116683,0.28373328,0.5938356140855898
12629,val,-2.435629,2.8411655,0.9764820728323689
37688,val,-0.15744157,0.08375472,0.5503126871536105
34507,val,-2.1772456,2.3824868,0.9617401740895409
927,val,2.7812998,-3.1867466,0.015615960741989711
5073,val,3.145111,-3.524437,0.00961583355061886
31316,val,-2.4313717,2.7357569,0.9746535070529656
47474,val,0.14020982,-0.3894096,0.4164081608706426
10831,val,-1.3560119,1.5908595,0.8904701437967573
28507,val,-0.56749016,0.7718489,0.725217213784331
5083,val,2.2694988,-2.6369798,0.03227159127645052
36653,val,0.07732713,-0.050129678,0.4859849887389986
7079,val,3.2732527,-3.5089273,0.008893427730709728
6800,val,-2.8294854,3.1587582,0.9855728988748073
6310,val,-3.0655055,3.4202676,0.9897717426363104
39874,val,-1.9818271,2.147975,0.9489935053231603
38053,val,-0.9138835,1.0690023,0.8054777003285061
39631,val,-2.0910785,2.2512882,0.9557320375344203
41013,val,-0.68669933,0.70873505,0.7329711550771437
25912,val,-2.8741403,3.2423553,0.9867950975703437
39553,val,-1.5210559,1.7451319,0.9104410477355676
43232,val,-1.5340767,1.8507489,0.9169844808663483
13626,val,-0.82537746,1.0990217,0.7989838887923543
31063,val,-2.606357,2.9179533,0.9801484535097582
13784,val,1.6032003,-1.710925,0.09226183927548295
32521,val,-2.0516686,2.4089775,0.9591051465457774
24440,val,-2.048978,2.4250112,0.959469856102503
33714,val,-1.8379242,1.9645982,0.9366951574705552
41992,val,-0.30386624,0.27464715,0.6077852162174882
34903,val,-0.676182,0.88812965,0.7554588319921753
450,val,-1.4110512,1.5908955,0.8941734077220036
26144,val,-1.6430193,1.8884757,0.9244715132593322
10996,val,-2.0193558,2.3108492,0.9553705251671981
14278,val,0.07639474,-0.026943503,0.4902025310216705
47100,val,-0.8811551,0.9068355,0.7832126948785806
47436,val,-0.5201417,0.5690889,0.6889997335852283
28446,val,-1.6280174,1.856833,0.9221602834260672
28949,val,-0.18655789,0.19439851,0.5743808950085608
46572,val,1.515232,-1.7480985,0.09528258266383587
15141,val,0.12451618,-0.11839148,0.4658345217025129
12995,val,0.00925937,0.23951904,0.5484177926822003
8632,val,-3.1915207,3.5073662,0.9911764813658221
8726,val,-1.9314703,2.0565233,0.9439697076961346
6672,val,-3.15806,3.6135294,0.9916105394345623
31841,val,-2.373786,2.592185,0.9709331056883884
34493,val,-2.7251942,3.0643904,0.9834564879475398
2382,val,-3.1061578,3.455865,0.9902981057795401
32209,val,-2.7969341,3.1582894,0.9852405889216952
30665,val,-1.2010196,1.484557,0.8713199680963358
14903,val,-2.5190864,2.882873,0.9784119843081062
1151,val,-0.21802251,0.35558596,0.6069665963262499
8793,val,2.8632002,-3.2378113,0.014248105591979048
1615,val,2.4716663,-2.5291939,0.030271222826403543
2653,val,2.5356293,-2.9700868,0.021454100602598346
299,val,2.8791761,-3.1025698,0.015469257344235744
7448,val,-3.1778116,3.5730288,0.9914888662397344
48562,val,-0.23037104,0.2624493,0.5933998147669591
31828,val,-2.0663195,2.3064113,0.9566224679925825
43313,val,-2.1039503,2.459422,0.9618338009688226
37205,val,-1.1102324,1.2485387,0.8434280830068994
33974,val,-1.7814338,2.0596728,0.9382776596856041
2460,val,-2.4196105,2.6736577,0.9733446679232137
40928,val,-2.3909671,2.689345,0.9731083980723066
87,val,-1.8889607,1.9271729,0.9372576828807108
2757,val,3.1467686,-3.5111861,0.009693412717995797
49376,val,-0.40675357,0.47138828,0.6564948256188083
48173,val,-2.1096482,2.3716714,0.9596688920418532
24961,val,-1.7440697,1.9084032,0.9301750251702672
24716,val,-2.354591,2.6755152,0.9721734559175654
3522,val,-2.9930363,3.3844984,0.9889756951342422
39364,val,-2.0368981,2.4212444,0.9590363650188892
14088,val,0.8337454,-1.0935311,0.2115324477054567
17135,val,-1.7516006,1.9372214,0.9318093439703112
30067,val,-0.97200465,1.2402558,0.8294056673298439
38381,val,-0.5302761,0.6756725,0.7062280520692158
29422,val,-1.2390914,1.4446243,0.8711738659968306
2304,val,-2.828196,3.048115,0.9844155812913924
38418,val,-0.30539936,0.4351949,0.6344713201986792
47129,val,0.46444592,-0.5061766,0.34385081270960016
7876,val,-2.9753633,3.3532095,0.9885957621322136
5254,val,-2.858025,3.2234845,0.9864722041481551
35317,val,-0.044679973,0.045471404,0.5240370816333486
1724,val,0.888923,-1.1281267,0.2012432117908565
29417,val,-1.634105,1.705306,0.9145326494460578
113,val,-2.4424875,2.6800723,0.9738714149048827
5835,val,3.15121,-3.5166588,0.009627031938334666
6483,val,2.9304934,-3.330114,0.012761524933235017
509,val,-2.1126573,2.344012,0.9589958408430426
978,val,-0.6630943,1.0286481,0.7715574693186086
43094,val,-1.3875817,1.6034977,0.8934515454061698
32523,val,-1.3450423,1.2974132,0.8678981546576491
37640,val,-1.5585312,1.640097,0.906510135744463
31544,val,-0.47439662,0.5447229,0.6783890920464409
1706,val,2.8254814,-3.04311,0.016722816208755577
1417,val,-1.6570898,1.9448365,0.9278421182612577
7148,val,-3.1329145,3.432135,0.9903184384888689
16151,val,2.3609333,-2.5443265,0.03229824113287225
26680,val,-1.307145,1.5571635,0.8847059153892304
3841,val,2.9308355,-3.298605,0.0130392764883447
1672,val,-1.8483013,1.9370505,0.9359788177431425
30546,val,-1.0784724,1.2204411,0.8378159594341309
46551,val,0.21742126,-0.21677639,0.43272220698925823
26612,val,-0.48331764,0.67934555,0.6999039066901847
29567,val,-0.69378453,0.7656433,0.7416451181553358
8580,val,-2.7235224,2.9941723,0.9826176693482536
16535,val,-1.0619104,1.2010161,0.8343644650512724
33608,val,-2.560967,2.7914171,0.9776668372834921
3890,val,-3.0844662,3.4436016,0.9900671066332635
24724,val,-2.0286148,2.3601747,0.9570864535904924
33908,val,-2.0634608,2.3874385,0.9588367519146738
2086,val,-2.8464098,3.166291,0.9858142706078588
5796,val,-3.1119032,3.5030677,0.9906477466025901
40277,val,-2.3493228,2.6646743,0.9718668351407335
30361,val,-1.8216957,2.2275653,0.9461949215105937
44421,val,-2.1792824,2.369172,0.9614486800058378
35200,val,-2.638687,2.991459,0.9815395749008072
37314,val,-1.0617316,1.3103458,0.8446539541881279
33344,val,-2.297316,2.5692377,0.9689037689180302
27107,val,-2.1542852,2.3002672,0.958937541867416
16242,val,0.76872903,-0.97083175,0.23427339678938724
33351,val,-2.2733755,2.3614287,0.9636272382972959
16286,val,-0.4868038,0.66046196,0.6976356295251673
12234,val,2.588197,-2.7782373,0.023598910431314596
35828,val,-0.4720834,0.48872536,0.6694212536476595
30739,val,-2.0879173,2.252808,0.955683413523819
33501,val,-1.932875,2.2596974,0.9510785180913411
32541,val,-2.1099312,2.4203265,0.9609738572470096
26593,val,-2.175767,2.3519146,0.960906185119576
34411,val,-2.373035,2.7281184,0.9734874741460696
40979,val,-0.19398497,0.18239532,0.5735977599484666
38378,val,-0.9527697,1.0896109,0.811918916862771
35789,val,-0.108337425,0.2283345,0.566787135573134
25209,val,-1.630556,1.8010801,0.9194445674150482
39053,val,-2.2397213,2.5759156,0.9678119801297516
26515,val,-1.049342,1.1901168,0.8320821391736275
44047,val,-1.7814697,2.0687003,0.938643989930477
34221,val,-2.498855,2.8417702,0.9774864403364499
7697,val,3.2689755,-3.5441768,0.008704383553429468
5863,val,3.1694207,-3.4168105,0.010187329152481885
43279,val,-0.44866526,0.41173726,0.6536896664306482
24941,val,-1.9826041,2.0587945,0.9459140948011691
12429,val,-0.47374246,0.6531233,0.6946154988028693
10892,val,-0.13929331,0.4485687,0.6093438036686197
8133,val,3.1838276,-3.5195332,0.009393063309336315
42793,val,-2.3935819,2.5878887,0.9712376901807644
36531,val,-0.97714883,1.0936664,0.8149390109776896
15614,val,1.4929645,-1.6451938,0.10310679383905136
5605,val,2.4406703,-2.938262,0.023398202106242594
33132,val,-2.4419074,2.6947072,0.9741205500902385
3880,val,-3.1156907,3.4902973,0.9905893202213818
8623,val,1.693056,-1.862931,0.07903022303751926
25569,val,-0.32716247,0.47047973,0.6436802109617361
42853,val,-0.8625312,1.0374948,0.7962302449131438
31114,val,0.5927771,-0.55830157,0.31594374921642643
48031,val,-0.95505494,1.1895913,0.8226053781495313
1726,val,0.26912972,-0.31675813,0.4068708324911219
39428,val,-2.7575111,3.0968907,0.9841785845057385
41434,val,-2.6102645,2.879216,0.9796685587904469
30654,val,-1.7670537,2.0609155,0.9377430306988424
40011,val,-2.7888615,3.1435504,0.9850066227387204
27688,val,-1.1712332,1.4582604,0.8668546010156364
35839,val,-1.3414966,1.5138042,0.8840613167262524
41816,val,-2.7126184,3.0656645,0.9833273043933105
31364,val,-1.4089077,1.5932791,0.894189306880759
14963,val,-1.0134288,0.89238954,0.7968871919444965
48037,val,-0.08963425,0.21482198,0.561242899406645
30672,val,-0.76178235,0.90857846,0.768909195704451
49494,val,-0.03317139,0.044169303,0.5218003444344022
31192,val,-1.7491308,2.2445004,0.9441780295562342
14263,val,-2.4629111,2.8190758,0.9765653845883686
49631,val,-0.06707156,0.078073084,0.5336268091219454
8742,val,-2.9926403,3.3377554,0.9886101370538557
35324,val,-2.5253139,2.919856,0.9790415914630833
43814,val,-0.76937515,1.0481452,0.7867012065253649
36602,val,-0.3873084,0.51569927,0.660408564207734
3956,val,-3.1143727,3.5345392,0.9908652793866566
11343,val,-2.2784662,2.5936747,0.9690213657415029
46155,val,0.4885577,-0.5424002,0.3343875021665979
5407,val,2.7746668,-3.1964357,0.015583116401289943
25549,val,-2.1362476,2.3204281,0.9589960180025152
2408,val,-2.9625592,3.2786064,0.9878850600003362
43729,val,-0.5136585,0.54142374,0.6838556085922414
31024,val,-2.0513382,2.2137635,0.9533869788598023
11065,val,-2.1664994,2.5202997,0.964881386837329
28444,val,-2.6516147,3.0183907,0.9820383164699537
36961,val,-0.06553427,0.08022439,0.5337337545662193
25963,val,-2.3872457,2.888983,0.9764729778916602
44505,val,-1.5171351,1.6643842,0.9054904006643201
28557,val,-2.1557715,2.31231,0.9593087635909079
34932,val,-2.5762525,2.9323387,0.9799332603359656
38254,val,-0.5072644,0.45267045,0.6692858876715813
38800,val,-2.357936,2.4948404,0.9686119320816189
26695,val,1.0149846,-1.1232313,0.18795658965391862
43697,val,-2.624209,3.0055237,0.9815343344888505
1783,val,-0.77398723,0.6634262,0.7386820110507322
30534,val,-1.2543486,1.3355256,0.8636215797067283
2530,val,-3.1717362,3.5098941,0.9910702284434595
30481,val,-2.3556585,2.751562,0.9735968493947591
36322,val,-1.0578785,1.0934975,0.8232916395222286
4210,val,-2.862866,3.229177,0.9865702293670268
15542,val,-0.7158693,0.53970367,0.713381646946371
6611,val,3.1779459,-3.483297,0.0096713458580624
1468,val,0.6074998,-0.7878142,0.2802123127012744
10868,val,-2.0007675,2.2811882,0.9539083848926073
3997,val,3.2639217,-3.5252752,0.008850245566852443
1305,val,-0.11854841,-0.11412353,0.5090553039342173
6369,val,3.2261786,-3.5696266,0.008809768266839577
13716,val,1.1571931,-1.293,0.1568723546992572
33700,val,-2.1065464,2.3725061,0.9596074352234073
8647,val,2.727146,-2.931469,0.019318945738124038
8511,val,2.9822922,-3.3413346,0.012217631883238593
26022,val,-2.7636714,3.1726067,0.9850465316056549
32768,val,-2.1749983,2.354703,0.9609592488386077
47968,val,-0.44780073,0.42536542,0.6557090972805024
14601,val,0.039242033,0.08015261,0.5154351908400016
4945,val,3.2739987,-3.5862005,0.008424819619014185
10936,val,0.07122611,-0.07161194,0.48329632081806867
42746,val,-2.265489,2.6695657,0.9703161954878067
32829,val,-1.1234714,1.1978297,0.8399337354006475
37463,val,-0.3996692,0.36391112,0.6381940956312373
43911,val,-0.5575406,0.46837488,0.6794259206667288
33806,val,-1.6830753,1.8816704,0.926080429615413
30497,val,-0.2829629,0.33654264,0.6146026495290987
826,val,-2.5408192,2.8970048,0.9789358386148107
42539,val,-0.7037646,0.7669753,0.7431591648464623
5294,val,-3.1937826,3.5819693,0.9916347388416134
36081,val,-1.7471788,1.9193538,0.9308114291511889
24938,val,-0.28655633,0.48777327,0.6399293825156585
41743,val,-2.6843076,3.0680392,0.9830270835763619
35542,val,-1.8202971,1.9415964,0.9349879586580602
7245,val,2.7384496,-3.1815503,0.016141376473287252
8482,val,-2.9442184,3.202075,0.9870641028411353
34166,val,-1.8697764,2.0945926,0.9430887540167034
43784,val,-2.1791348,2.2925239,0.9594063802381131
2103,val,2.8370085,-3.2308843,0.014577345888892965
49703,val,0.12809226,-0.19929656,0.4511560273899347
2013,val,3.139855,-3.4624603,0.01007444565247006
8676,val,-2.9144895,3.1688492,0.9864892770336549
37726,val,-0.603054,0.6072051,0.706853553261886
31405,val,-1.4697396,1.5562245,0.8957534910424761
39745,val,-2.5270312,2.7146864,0.9759116607756952
34007,val,-2.2151952,2.5267112,0.9661650972052565
47653,val,-1.5780145,1.6826977,0.9101280828322904
14818,val,-0.12027574,0.12484582,0.5509924326352088
48390,val,-0.58114725,0.54675686,0.6947696289270174
35532,val,-2.5122926,2.7356627,0.976014074868992
47582,val,-0.17623298,0.29676223,0.5900478146812195
28957,val,-1.3252052,1.3605335,0.8713326801840761
34294,val,-2.7308784,3.1279445,0.9842266912144493
11602,val,0.62384766,-0.7225568,0.28716797512803316
29257,val,-2.4449978,2.8616335,0.9769568810840725
15329,val,-1.9930652,1.9692959,0.9430132852221551
31083,val,-1.261997,1.5139356,0.8782453021259133
36492,val,0.42794475,-0.6629959,0.3251097588621657
9015,val,3.252655,-3.5754516,0.008614538624497148
39825,val,-2.7954664,3.1599665,0.9852427191779275
42239,val,-0.29635373,0.44345787,0.6343442744544432
38441,val,0.052033838,-0.038927775,0.4923673742465933
29085,val,-0.6224658,0.79779595,0.7363582472144798
7947,val,3.1827393,-3.4506526,0.00985983326475547
11914,val,-2.938355,3.3797758,0.9885130750218248
44735,val,-2.6363688,2.9438078,0.9808951095159771
44019,val,-1.5068161,1.7425497,0.9094764341271437
13031,val,-1.2538451,1.7141567,0.8919042085911933
34357,val,-1.5170567,1.818394,0.9143157536594977
41994,val,-2.0434895,2.3025882,0.9558417908622685
27615,val,-1.3265947,1.4473227,0.8780944159014656
17072,val,-1.9789902,2.2985063,0.9537709732089409
44081,val,-2.2502036,2.540552,0.9672650680239148
11726,val,-1.9673547,2.1529512,0.9486708400719787
14297,val,-1.2251621,1.1332573,0.8433955782043037
32668,val,-1.8669745,2.1007147,0.943213345056042
29311,val,-1.5050787,1.6464707,0.903680071599893
25930,val,-0.98903644,1.110109,0.8179105947484226
16564,val,0.23882951,-0.35026196,0.4063298637654888
42714,val,-2.293342,2.5006971,0.9673377582566058
13715,val,-1.6536151,1.8079103,0.9209804000846492
14188,val,2.5977433,-3.0055478,0.02006633033712791
27517,val,0.11108081,0.12547065,0.5107981576062508
32673,val,-0.3094602,0.5409959,0.6521121116040354
35412,val,-1.7195909,1.7467102,0.9212232974662203
9039,val,3.1899686,-3.517675,0.00936521454882663
33549,val,-1.6418358,1.9082459,0.9253748031563775
48233,val,0.17140904,-0.2048247,0.442706253949307
33080,val,-1.4910394,2.024849,0.9237053092142231
35075,val,-2.2554417,2.574549,0.9681234583249556
16015,val,0.82462674,-1.0631369,0.21618152398381402
553,val,-1.4469031,1.66673,0.9013454105262624
39458,val,-2.0020409,2.2196324,0.9520174861188866
32215,val,-1.9643301,2.2687306,0.9523802364723509
49289,val,0.18970804,-0.19859578,0.4406231360863388
6438,val,-2.9004335,3.1469016,0.9861492863934612
48772,val,0.08209564,-0.14989527,0.4677361651238693
40439,val,-2.4382195,2.7995555,0.9758467113822692
28240,val,-2.3344727,2.641437,0.9711287706208757
16180,val,-0.27233517,0.40645483,0.624382647182333
155,val,-2.4363854,2.6594803,0.9733917939890856
15076,val,-2.4259436,2.7879314,0.9754493062213896
26065,val,0.07384071,0.100542046,0.5129510479976181
41806,val,-2.8212008,3.158834,0.9854909819291904
1630,val,-0.5526504,0.48373225,0.6810193919404958
43844,val,-2.453772,2.8539147,0.976973504874345
28489,val,-1.6844145,1.9272329,0.9282962934689805
47493,val,-0.6340857,0.7272381,0.7282727340247922
24911,val,-1.0623301,1.3143305,0.8450743787965612
40099,val,-2.3841553,2.706841,0.9733033839154125
33485,val,-2.8098564,3.193182,0.985719390412315
7389,val,2.759285,-3.1144884,0.016663285521636366
25044,val,-0.7578036,0.85402906,0.7615507168878994
49324,val,-0.22570194,0.13532418,0.570967434315031
6259,val,3.1819625,-3.4947562,0.009568157619816763
16384,val,2.3616576,-2.4079745,0.0354004160357984
11693,val,2.2416937,-2.2771149,0.04190884979313893
38325,val,0.702614,-0.6893634,0.28068353805403407
37784,val,-0.32761136,0.37706435,0.6286218461721356
2963,val,1.2760149,-1.4282224,0.13476324764424283
47669,val,-1.4095343,1.4357382,0.8833400052733923
34070,val,-0.7598719,0.99293196,0.7790022649166022
36418,val,-0.12187359,0.1756356,0.5600452777257053
32305,val,-2.3368309,2.635509,0.9710586381606233
35227,val,-2.586845,2.9509335,0.9803310290811085
8015,val,3.0750854,-3.3994412,0.011006601659440876
43483,val,-0.8959916,1.0658134,0.8031556092782649
11417,val,-2.5777595,2.7821116,0.977780962727155
8041,val,3.3077922,-3.4986873,0.008744772893172062
28823,val,-0.6826147,0.82226485,0.7476932023844329
28161,val,-2.2036037,2.5037909,0.9653665564067774
27268,val,-1.658769,1.8387519,0.9227944351192263
10781,val,2.9346814,-3.3238018,0.01278026732808357
4182,val,-2.0278947,2.291783,0.9550553310663217
33106,val,-1.23608,1.533501,0.8777691751678331
45482,val,2.754928,-2.9792504,0.018342067867609155
29190,val,-0.8469606,0.91078734,0.779597392181725
38608,val,0.37578067,-0.31491724,0.38929663460912795
14960,val,0.23016092,-0.35487792,0.4070142356477194
41878,val,-1.164302,1.2345523,0.8470970898106831
47689,val,-0.25430706,0.33377662,0.609380733116417
8288,val,-2.979923,3.3007145,0.9882112649764335
16984,val,-0.9769579,1.1750845,0.8233594792363172
40657,val,-2.18688,2.5177355,0.9653014704239498
26928,val,-2.1105542,2.3767076,0.9598295449998295
15482,val,-2.4534352,2.7765348,0.9757176242669436
35709,val,-2.2263489,2.4816518,0.9653807350483959
15661,val,-0.65826905,0.64743906,0.7205019941342098
36877,val,0.0810884,0.10721306,0.5128502146303321
26842,val,-1.7807292,1.9944623,0.9355513918453254
24482,val,-1.5368534,1.7674072,0.9125900821628901
7183,val,3.295803,-3.5657697,0.008416792941719849
33406,val,-0.49384192,0.53025806,0.6791491105193138
16339,val,-0.85892546,0.9008082,0.7798360936112834
17086,val,-0.23545103,0.47879875,0.630184790375461
41781,val,-2.2384028,2.5627396,0.9674944645841634
30715,val,-1.8004304,1.844143,0.929815093943432
8532,val,-2.992639,3.3044858,0.9883449369624685
16584,val,1.6882545,-1.8597263,0.07943901948835712
11404,val,-0.9599412,1.1864111,0.8227795555839901
33716,val,-2.6238475,2.8901596,0.9800076602104942
28568,val,-1.0714554,1.1524354,0.8305542807507538
26584,val,-2.3417902,2.6781735,0.9719807861362703
1765,val,-1.2844104,1.1965504,0.8543924878641637
10743,val,2.8419456,-3.2165003,0.014672625442572194
15968,val,-1.2729446,1.3680552,0.8677812978252879
4827,val,2.9776597,-3.2936468,0.012667528362817601
36011,val,-0.049270354,0.016525695,0.5197839056108383
48725,val,-0.20062731,0.11393459,0.5629837733617022
3743,val,3.3017533,-3.5768886,0.008317674339703394
28116,val,-2.0697348,2.3356009,0.95755956603421
36932,val,-2.272416,2.5666428,0.9683187359195755
16887,val,-1.208584,1.2736937,0.8545071105493943
47636,val,-0.09272495,0.086986355,0.5396423009130508
27715,val,-1.7187511,1.8984987,0.9285568408662844
49301,val,-1.4247919,1.5600992,0.8930385507429772
6261,val,-1.9100279,1.9227836,0.9379405886032786
4448,val,-3.0003057,3.3698673,0.9889193802308718
25922,val,-0.27888867,0.3801054,0.6211277960184727
13484,val,0.25190642,-0.30479193,0.4118100840399596
28146,val,-2.233708,2.492745,0.9658097499286463
16592,val,-1.0097134,1.200691,0.8292217880017188
6028,val,-2.9096184,3.237383,0.9870704270207736
5564,val,-2.2724104,2.3314614,0.9628607950929894
28339,val,-0.0033880607,0.13400806,0.5322769617570288
30378,val,-1.950031,2.0867863,0.9457498221103434
25496,val,-0.9694732,1.1124213,0.816105561159889
24811,val,-2.6366131,2.839369,0.9794795366798509
35677,val,-1.2952507,1.4080203,0.8727020679955436
3358,val,-3.1575387,3.4744391,0.9907573799844117
40450,val,-2.4968178,2.8074825,0.9769201260258386
32554,val,-2.3132198,2.5884857,0.9696365071623285
11259,val,-0.171756,-0.14646222,0.512704933850564
27869,val,-1.423541,1.4632457,0.8863008957060926
29331,val,-1.9991678,2.2157435,0.9518008438469077
35530,val,-1.774439,1.988604,0.9350368398586697
28126,val,-1.8596274,2.1205668,0.9436802994662911
1781,val,0.9949934,-1.0645993,0.19649967671666996
14590,val,-2.332541,2.5860264,0.9699820318225919
1067,val,-1.6355306,1.8559973,0.9224950808527043
31630,val,-2.3436341,2.6758454,0.9719715551119389
25035,val,-0.7337169,0.7728675,0.7479182282655694
36165,val,-0.060523953,0.028571779,0.5238528019586184
37924,val,-0.46712515,0.40141192,0.654977340821259
36100,val,-0.097929716,0.061269995,0.5360740339347934
5053,val,3.290378,-3.5937634,0.008285985902235483
12423,val,-2.3041224,2.6458945,0.9706163240975779
15069,val,-1.9825777,2.1699524,0.9497579856194411
31905,val,-1.3666509,1.6684986,0.8963522707740181
47375,val,0.029778441,0.22375455,0.5421214844943295
3352,val,-3.1558504,3.5080428,0.9909596945796786
4325,val,3.2624302,-3.5457842,0.00873425365611172
4526,val,-3.160234,3.5424705,0.9911998173132337
39658,val,-2.3976035,2.7310493,0.9739797052908932
40115,val,-2.1316497,2.397059,0.9609331797713436
29339,val,-0.26163366,0.26515308,0.5991224724764344
43340,val,-1.607766,1.671172,0.9111659948521565
35438,val,-0.80134726,0.95612967,0.7795647986081455
33527,val,-2.5345664,2.8452926,0.9780828529367712
5581,val,3.128506,-3.46423,0.010141526117138129
37161,val,-1.1467283,1.263007,0.8480808486580352
6544,val,-2.6112876,2.7778971,0.9782223308052517
43467,val,-2.8390055,3.2109008,0.9861738431894311
11795,val,0.22734387,-0.1297876,0.4460071209000525
9010,val,-3.1810582,3.521349,0.9911980021293716
7307,val,3.3174787,-3.5990853,0.008101587501204027
29758,val,-2.1818345,2.366434,0.9614438556101055
13345,val,1.0647167,-1.1882852,0.17600124390660757
36749,val,-0.47763625,0.5555962,0.6805402598495877
292,val,-1.6436589,1.7240554,0.9160682813933684
15467,val,-1.1850566,1.4465243,0.8670231118756134
27512,val,-0.42444018,0.61185974,0.6810068138514468
26576,val,-0.8733704,1.1607088,0.8110300957539024
47295,val,-0.67097145,0.81775635,0.7455547421375674
24671,val,-0.6837993,0.7987999,0.7447402074214754
41582,val,-2.2266052,2.4662275,0.9650241961282449
42471,val,-2.7543244,3.146105,0.9846724361914375
41129,val,-2.6483204,2.9436278,0.9810488904966586
5756,val,-2.910222,3.2237093,0.9869531652317706
42698,val,-1.1803643,1.1670977,0.8423800175925046
40907,val,-2.7121725,3.0802612,0.9834888986943794
48864,val,-0.92531306,1.0298175,0.802416046997945
41447,val,-2.6215458,3.0279622,0.981783518782088
36327,val,-0.38980788,0.6121316,0.6757601667250853
6682,val,-3.1693459,3.531617,0.9911891785767538
13395,val,1.8028463,-2.1624303,0.06053743776693518
28692,val,-2.2535415,2.6215024,0.9690822974477857
14485,val,1.962488,-2.0898988,0.05716164188273434
31789,val,-1.6328508,1.8946239,0.9242748143846061
27415,val,-1.0195559,0.93808144,0.8026940607640732
534,val,2.9157789,-3.0665007,0.015463570947892535
1999,val,2.7684453,-3.1955233,0.015659893487203713
32038,val,-2.5088923,2.9061446,0.9786044597882527
6312,val,-2.82696,3.1441426,0.9854013257248527
47270,val,-1.986254,2.1724138,0.9499625667435976
26768,val,-0.5216403,0.79301864,0.7217617693700829
31426,val,0.26215065,-0.4197114,0.39076783629195355
47429,val,-0.6348085,0.97294843,0.7610323411365645
38060,val,-0.8153952,0.89531237,0.7738885044701322
31217,val,-2.8301306,3.1683898,0.9856748111061927
6769,val,-1.2121938,1.3063866,0.8576374906000177
8063,val,3.2463324,-3.5399523,0.008868142547758842
45033,val,-1.4854009,1.6887023,0.9050452901526274
12649,val,0.3387316,-0.44228128,0.37437846632112615
3891,val,3.3059967,-3.5637784,0.008369017580747231
15939,val,-0.26534754,0.30954504,0.6071809696118761
37767,val,-0.7051961,0.63551253,0.7254081789103778
34593,val,-2.652069,2.7947025,0.9790645806242303
35070,val,-2.5955405,2.852399,0.9790813295614824
1866,val,-1.894276,2.1422782,0.9457403740578749
28751,val,-0.9197934,1.0349592,0.8023741124317585
41819,val,-2.1712382,2.5510943,0.9657143982809683
29358,val,-1.6687496,1.984819,0.9302248182615812
877,val,-0.049533617,0.037377242,0.5234713768049961
5662,val,-2.8240106,3.2099767,0.9860211073465749
12797,val,0.08173122,-0.15536143,0.4668473464102122
26154,val,0.21871106,-0.14717744,0.4444932981105853
11320,val,2.7477982,-3.1726365,0.016136543760107605
3646,val,-3.0584717,3.3996325,0.9895738310948236
27520,val,-1.9415025,2.1767616,0.9486012108232457
33078,val,-1.2275225,1.2528092,0.8543377077492057
41196,val,-2.6171007,3.0322886,0.9817820325595746
36429,val,-0.1460896,0.28961617,0.5837204892940068
3699,val,3.216238,-3.51394,0.009220022922040248
38553,val,-0.027543416,0.09596857,0.52985707473084
25870,val,-1.4565533,1.6333178,0.899856713132777
27340,val,-0.798196,1.1376383,0.8002661886279776
16845,val,0.20681967,-0.4770135,0.39043946594987256
8403,val,3.1757421,-3.4916716,0.009630069477154403
11340,val,0.52988523,-0.72206813,0.30088753670364143
1926,val,2.0055149,-2.1107402,0.05479975248201687
12145,val,-0.65118796,0.7223678,0.7299635217852426
41913,val,-2.7781186,3.120625,0.9846546185176518
12040,val,-0.7249513,0.91284984,0.7648353503510172
26106,val,-2.0640686,2.3940597,0.9590359717010113
34168,val,-0.22163856,0.2712219,0.5934065909805746
27120,val,-2.752996,3.0717225,0.9838518284259394
2684,val,-2.9842134,3.434135,0.9892828139216238
3937,val,2.8721128,-3.1320333,0.015232299557545211
36161,val,0.07113294,-0.049008843,0.48726396196286725
41738,val,0.032449614,-0.30736622,0.4490033843385659
16919,val,-0.261126,0.5058166,0.638737266116141
24973,val,-2.0786073,2.5014262,0.9622595598687164
945,val,-1.1574296,1.3975953,0.860723379391331
31104,val,-1.6243746,1.6391317,0.9102879076328914
29743,val,-2.226715,2.3987455,0.963397340595467
12130,val,-0.12058005,-0.017114101,0.5263607740343674
27448,val,-0.1961018,0.48161507,0.6242064865151183
41167,val,-2.3570433,2.6026049,0.9708079577712568
48551,val,-1.0534159,1.097221,0.8232163729742467
46210,val,2.5359123,-2.7668145,0.02464840216612201
33429,val,-1.5550632,1.9301261,0.9221773076731733
5957,val,3.1031904,-3.478876,0.01021676208783364
4621,val,2.9531684,-3.2052984,0.013694228887639067
10987,val,1.5843651,-1.6924392,0.0944727821740748
35459,val,-1.952612,1.9751937,0.9416996348611039
2803,val,3.021999,-3.3848631,0.011534216773253704
49501,val,-0.21912326,0.1284355,0.5686570293128319
27339,val,-1.9541448,2.1003423,0.9463808271793556
14792,val,1.6617321,-1.9795591,0.07479262634569184
38604,val,-0.26063368,0.35539523,0.6140261512303808
39532,val,-2.466226,2.7477188,0.9754504770218297
27412,val,-1.8235407,2.05483,0.9397708700410542
43530,val,-1.0564742,1.4252747,0.8544611023832098
2243,val,2.8242512,-3.2549906,0.014463687778556066
41217,val,-2.5030537,2.805318,0.9769842869860557
6750,val,-3.0946102,3.4889998,0.9904421930521722
34080,val,-2.065692,2.4611135,0.960883142809663
7921,val,2.9712849,-3.356847,0.012179638560366182
10873,val,-0.54439723,0.6846298,0.7095678863692364
16094,val,0.7505741,-0.9903231,0.23410564777186035
29428,val,-2.0380454,2.3929753,0.9582841255216185
180,val,-1.4579697,1.5805291,0.896569836731786
44003,val,-2.4992075,2.8956041,0.9783060680291873
49923,val,-2.0253186,2.277504,0.9545462452859059
11737,val,-0.8898283,0.9736912,0.7920534797915457
34734,val,-2.4702175,2.8528123,0.9772138379089268
15004,val,-1.4883888,1.4995829,0.89324431297648
24623,val,-0.5912256,0.78226024,0.7299538763155861
15801,val,-1.6536523,1.5413802,0.90629664311383
256,val,-1.1016288,1.3818806,0.8546142570588026
28517,val,-2.43287,2.748485,0.9748983174455521
36461,val,-1.440913,1.5760721,0.8951652260934947
44884,val,-1.0363622,1.0721346,0.8188832936872171
38802,val,-1.1398834,1.4455649,0.8632563326875473
11690,val,-2.6600077,2.9330153,0.98106287055345
26072,val,-0.7190548,0.8789292,0.7597862301634575
44624,val,-2.6511269,2.9966798,0.9817622108595124
42869,val,-2.6847448,3.0365715,0.9826609083906215
7914,val,-3.202703,3.572083,0.9916291297221229
37695,val,-0.24248989,0.30224088,0.6021349092171182
33811,val,-2.4344974,2.7271423,0.9745584334121837
30404,val,-2.0916054,2.2118998,0.9545669681920332
34579,val,-2.161612,2.4496856,0.9630461955657468
4127,val,3.3233469,-3.5694242,0.008236503935358576
7689,val,3.1131797,-3.4203405,0.010566120978535681
26903,val,-1.8895196,2.0699492,0.9429044041702445
43423,val,-0.71697265,0.93731093,0.7669038145369779
2961,val,3.2711384,-3.5990298,0.008366734383912845
36607,val,-1.9695582,2.1882212,0.9499330054970546
1845,val,2.8763256,-3.316493,0.013373271838225762
26812,val,-0.31194535,0.56260896,0.6559283919527198
785,val,2.3635027,-2.5580256,0.031944265590004066
29909,val,-1.7090839,2.0157926,0.9333953279962339
36200,val,-1.8323091,1.9292403,0.9349733211038307
5582,val,-3.1841989,3.516203,0.9911857490395837
38737,val,-2.3156135,2.6645813,0.9712127371179983
25190,val,0.096790604,-0.018593175,0.4880959516019406
11844,val,-2.1560302,2.418762,0.9621261157739477
27110,val,-1.1411079,1.4720088,0.8655261521723997
32937,val,-2.4311671,2.6597302,0.9733015845322243
36438,val,-0.5019782,0.56949836,0.6863309782340631
33916,val,-2.3895867,2.5831668,0.9710667732354312
4779,val,3.0486398,-3.4519544,0.010809770622848493
4588,val,-3.0837078,3.5098128,0.9905076305675035
29698,val,-1.1226016,1.2910103,0.8484300723000379
30525,val,-1.3127271,1.4670343,0.8785315552448875
16078,val,2.6300554,-2.976408,0.02002271830454577
6399,val,3.3201833,-3.5402994,0.008423162389586712
25146,val,-0.053857986,0.002653929,0.5181618264348496
36115,val,-0.15016653,0.30701795,0.5873685378820795
30428,val,-1.0099703,1.0440668,0.8131615279831639
24562,val,-0.11081893,0.14896291,0.5535294736543647
38576,val,-0.114969395,0.2116528,0.5650593303020542
10943,val,-2.590396,2.835207,0.978758743958544
29506,val,-2.5605438,2.8886125,0.9790987619998792
8524,val,-2.8944592,3.213785,0.9867196353624705
31197,val,-1.5529085,1.788994,0.9146688436765179
44726,val,-1.021639,1.1394733,0.8242807940797751
34071,val,-2.5667658,2.9005032,0.9793566090200251
49732,val,-0.38120195,0.4330099,0.6463355023591532
8237,val,3.3189847,-3.5608962,0.008310524456958913
41685,val,-2.7357752,3.096999,0.9839411565391275
16797,val,2.5021005,-2.5036736,0.03017043369675184
29367,val,-1.0265933,1.1545002,0.8262971264942407
28800,val,-2.4522004,2.8701081,0.977202595803264
32432,val,-2.1291304,2.3953469,0.9608218527814361
14985,val,0.6040278,-0.8595576,0.2706771350742427
48955,val,-0.027722022,0.09868252,0.5303613429438807
27372,val,0.15529469,-0.4265484,0.4075541629816176
16221,val,0.9954284,-1.1538709,0.18677552023822241
35216,val,-1.5870619,1.7989901,0.9170497974819273
26970,val,-2.5271387,2.8309298,0.9777535365838949
17011,val,-1.495348,1.5596589,0.8976363227554053
14246,val,-1.5100975,1.6344583,0.903253195056681
12296,val,-1.0322466,1.123839,0.82377065418316
4464,val,-3.0966597,3.5062733,0.9905693670530268
48710,val,0.1586146,-0.37646294,0.41548015901384827
36780,val,-0.41173384,0.5469908,0.6690983906212886
35735,val,-1.0669973,1.2322582,0.837848481569844
48971,val,-0.4948344,0.7647235,0.7139515504181254
8044,val,-2.9787443,3.404325,0.9890178474411032
48524,val,0.14429583,-0.21702585,0.44528263637157695
29191,val,0.21130496,-0.18431734,0.43936108606818497
4949,val,2.8597312,-3.1682904,0.014983669121842026
26705,val,-1.9649838,2.1807942,0.9495320142998822
26681,val,-2.4305458,2.5991452,0.972165595995247
7554,val,-3.139481,3.6243596,0.9915653031299212
9051,val,-0.025773587,-0.17735669,0.48176809204181203
32099,val,-1.1195501,1.3297371,0.8516130173300082
40227,val,-2.516224,2.790395,0.9769566857496979
31675,val,-1.8771685,2.0858765,0.9430390016756772
47846,val,-0.91447693,1.2182025,0.821379915279817
34886,val,-1.6485903,1.8243918,0.9215619631053866
30798,val,-1.587389,1.5649325,0.9037270974762913
32860,val,-2.600308,2.9338403,0.9802819804184376
13297,val,0.53777224,-0.54456395,0.32643245084686584
41065,val,-2.2289693,2.4684887,0.9651332926409438
5280,val,-2.95183,3.2942548,0.9879261935906951
38724,val,-2.151185,2.4185023,0.961995714197312
3354,val,-2.540406,2.7081623,0.976024116004407
4991,val,1.2987242,-1.5347852,0.12455803460045038
26486,val,-0.7077536,0.7102943,0.7360573456093616
8196,val,-1.9367385,2.0446982,0.9437264989677929
30382,val,-2.2682748,2.6285825,0.969536448672816
11488,val,-1.8112683,2.057675,0.9393963246198855
26308,val,-0.77360344,1.0399481,0.7862347435115233
14095,val,1.2154862,-1.419172,0.140542990810393
1475,val,2.82635,-3.0616555,0.016500857464583192
43944,val,-2.124169,2.2774181,0.9574528249376711
24919,val,-1.4841447,1.6785496,0.904356871094551
14529,val,-0.8492507,1.026433,0.7934521728452569
3587,val,3.163794,-3.512706,0.009569607765787275
26152,val,-0.1616191,0.36297235,0.5987534066968542
1171,val,1.0876945,-1.0810062,0.18472185434882082
49000,val,-0.067646384,0.29257014,0.5708286297839132
24512,val,-0.69842005,0.7889847,0.7453790453607617
1446,val,-0.5473042,0.6007618,0.6977537536336363
4822,val,-2.7665646,3.03024,0.9835385000701862
2878,val,-3.134581,3.51146,0.9908470757693341
48908,val,-0.4378902,0.48486403,0.6635010614458501
30680,val,-2.134008,2.3288589,0.959166060688359
15759,val,2.3750305,-2.6510797,0.029756757235235052
6765,val,2.3264472,-2.6397574,0.030991375971088923
40292,val,-1.4331421,1.5081748,0.8900904117377565
178,val,-2.449998,2.6926405,0.9742266202559327
13290,val,-1.3411337,1.3565997,0.8722709006464305
31146,val,-2.127964,2.3288476,0.9589997578648213
25123,val,-1.0215638,1.1478301,0.8251187248223896
26204,val,-2.4388936,2.6576002,0.9734031751238553
24460,val,-2.228765,2.4183984,0.963929198429236
37341,val,-0.13107707,0.22825588,0.5706771279843575
13048,val,-1.2330468,1.2265706,0.852524312598828
2015,val,2.4525867,-2.763735,0.026144763829822885
8549,val,3.1460786,-3.5177689,0.009653903037102065
12787,val,-0.9236437,0.91205615,0.7888284177790463
27421,val,-1.9570559,2.413676,0.9565643828457433
2043,val,2.6987,-3.1002774,0.017543089159538734
32406,val,-2.2451458,2.464014,0.9654078384837007
31450,val,-2.1217642,2.379167,0.9601967937809999
31958,val,-2.6995912,3.0290148,0.9827476214114287
36353,val,-0.73042923,1.0646065,0.7840487161561681
39303,val,-2.7347076,3.03491,0.9832275851436113
4707,val,2.072031,-2.3838277,0.04371397470492196
140,val,1.7330271,-1.9422684,0.0731623699668331
11496,val,0.43669692,-0.49575624,0.34990273959660534
1297,val,-1.663823,1.8588296,0.9240382721231154
27134,val,-2.3600812,2.5642028,0.9700983051972795
26847,val,-1.6506704,1.7682055,0.9187806404357167
15407,val,2.1327474,-2.2001836,0.0474549775918665
30282,val,-1.6856052,1.915032,0.9277816901875052
14131,val,0.60202354,-0.60099614,0.30814032205934244
1667,val,-1.7325089,2.0356703,0.9352548515712248
25892,val,-1.2553259,1.5115365,0.8775648841751997
34688,val,-2.4046335,2.8023665,0.9753338136114532
6925,val,2.2234678,-2.4748776,0.03714412347862723
28030,val,-0.27087882,0.3446382,0.6139412426835911
2245,val,2.0129147,-2.557926,0.04047082083357596
49196,val,0.16447873,-0.42546454,0.4061860636656424
7419,val,2.8925972,-3.0629838,0.015750638335676675
5330,val,-3.031887,3.4622679,0.9898309595555981
15722,val,-0.6233904,0.6325805,0.7134385864049437
37004,val,-1.1062022,1.210482,0.8394988399040382
30112,val,-1.8715856,2.2182624,0.9476228605012869
11590,val,-0.9709299,1.1290392,0.8179964337029476
4693,val,3.2741494,-3.558573,0.0085869933202982
42730,val,-0.54808795,0.676889,0.7089833974106013
39404,val,-2.261413,2.4506125,0.965474756724361
32048,val,-2.788231,3.1164165,0.9847169252223369
6867,val,3.2662272,-3.5634584,0.008605105612625261
8411,val,3.249366,-3.5410058,0.008843035375531069
33550,val,-2.7512884,3.154197,0.9847257495349531
26551,val,-1.2226661,1.5572771,0.8785451320206811
37282,val,-0.29208174,0.28010178,0.6067286615210975
8395,val,2.953003,-3.3653047,0.012262640284509166
12900,val,1.8769871,-1.897184,0.06860633336017528
3697,val,3.1499345,-3.3735998,0.010639436122948343
38547,val,-0.4733271,0.39831984,0.6554690254149631
43788,val,-0.28340358,0.36551338,0.6194666942642191
3324,val,-3.098649,3.435683,0.9901101286432934
16587,val,0.92556065,-1.0982658,0.2004819141439692
32609,val,-2.394384,2.768387,0.9745780571465682
17077,val,-2.340722,2.475656,0.9678281370082734
49939,val,-2.4022946,2.726144,0.9739759075425892
1802,val,0.34818646,-0.3997762,0.379811694017044
49757,val,-0.44103697,0.4691092,0.661528119659242
16793,val,-0.01728041,-0.09629026,0.4944581751756738
37041,val,-1.2659761,1.3989447,0.8696903754447058
15974,val,-1.5952159,1.7498506,0.9148415201847869
10817,val,0.68552345,-0.8276133,0.26388572524353526
50246,val,-0.40465587,0.4279522,0.6492729599209912
33395,val,0.29891446,-0.6217479,0.3517821466984786
31951,val,-2.4831514,2.7979007,0.9765504067790918
11506,val,-2.6030369,3.082993,0.9822350747966656
14796,val,2.3870173,-2.5528884,0.03154891782271298
12542,val,-1.9326901,2.4138086,0.9558542270339165
47273,val,-0.44417316,0.500665,0.6669430855070158
47317,val,-1.6414117,1.8361529,0.9217934755730771
48054,val,-0.2922627,0.354233,0.6190671575907265
27039,val,-1.1833252,1.3074414,0.8552441832201475
8602,val,-2.9651082,3.227029,0.9874674403706122
26983,val,-1.4028502,1.7370616,0.9029687962767338
33063,val,-2.2725487,2.4414415,0.9655205586600419
11640,val,-2.343611,2.6350186,0.9711820941699947
2343,val,2.7608807,-3.109392,0.016703478384572805
36768,val,0.13817073,-0.16512229,0.45533511459705506
36182,val,-0.7857931,0.73486036,0.7497701203512898
29366,val,-2.9785895,3.2447634,0.9877349468209998
5578,val,-2.6943455,2.9078476,0.9811817370534576
11439,val,-0.3616054,0.17795847,0.601268275765829
36858,val,-0.85088664,0.8599203,0.773900679939003
46449,val,1.9241431,-2.1165485,0.05760437644809395
13673,val,-0.4411794,0.4952357,0.6656323342842915
33162,val,-2.2692227,2.5737326,0.9684022875514162
35027,val,-2.6884675,3.0415664,0.9827645567027452
24908,val,-2.743106,3.0197165,0.9831489774585884
48979,val,0.043366667,-0.043297496,0.49311912880583497
49294,val,0.010517717,-0.10910435,0.48735483702488425
4694,val,-3.1237693,3.5037196,0.9907285666687906
39546,val,-2.89401,3.2494292,0.9870385727824794
43987,val,-0.6776352,0.77626157,0.7409027063816803
16470,val,1.3372406,-1.508926,0.12359528883494972
29637,val,-1.3989671,1.7158691,0.9014202560633808
40026,val,-2.338877,2.691817,0.9721845852369246
13551,val,-1.294958,1.2099154,0.8564621895191835
36598,val,-0.13355748,0.076795496,0.54496516036577
51118,val,-1.8949734,1.9808704,0.9396706884012146
13690,val,-0.12723826,-0.04396298,0.522836633231652
26499,val,-0.07582381,0.19657822,0.555711239081391
14351,val,-1.5267702,1.7072288,0.9085870985023228
32033,val,-2.4569025,2.9208474,0.9780511886301831
1098,val,-0.800453,0.8496705,0.7663829457305453
349,val,-1.3463095,1.5489626,0.8868979760054846
7131,val,1.9702916,-2.345487,0.048000568557945794
41935,val,-2.5119836,2.8646016,0.9780336835833213
41010,val,-2.5277827,2.8045282,0.9773580275628956
43322,val,-2.3062062,2.459615,0.9667079907228436
43020,val,-1.2188361,1.3426826,0.8612673129006552
191,val,1.225935,-1.1236014,0.16641660209796916
5397,val,2.5874076,-3.0816927,0.01918040348591045
15934,val,2.2961116,-2.4869576,0.0350806892416085
26039,val,-0.69591135,0.81963015,0.7490982862035639
40141,val,-1.4257246,1.5161093,0.8901258134949152
35238,val,-1.4996897,1.6942371,0.9062309071758311
16818,val,-1.1781219,1.2246388,0.8474508753325766
27241,val,-0.05533079,-0.15754068,0.490399881273289
26967,val,0.06387199,0.19233118,0.5307194979093345
40108,val,-2.2966452,2.584957,0.9692195224283578
42370,val,-2.30408,2.5548959,0.9687435793687739
49544,val,-0.43752956,0.34745917,0.6416465121725994
32035,val,-2.6482024,3.0152555,0.9819573091778528
15026,val,0.24367923,-0.7859925,0.33458787751854696
32864,val,-2.307695,2.6306086,0.9703816129601331
37211,val,-1.0199856,1.0324785,0.812994202519879
34943,val,-2.284985,2.5384011,0.9679805050110937
5056,val,-2.7066503,2.9620035,0.9820216233755069
48848,val,0.23088937,-0.35463515,0.4069322002347807
4329,val,3.2241817,-3.4917502,0.009311550623692193
3106,val,-3.0823092,3.3993313,0.989742421375874
55,val,2.5008557,-2.868216,0.02355641630679511
1849,val,-1.5743121,1.8010849,0.9164807700516397
7545,val,2.8743901,-3.3105001,0.013446683401570717
28061,val,-1.4453734,1.9007097,0.9148969342046357
31711,val,-1.7160999,1.9073836,0.9288457221145688
48547,val,-0.09007511,0.13209006,0.547014419617468
37300,val,-1.4529618,1.6864208,0.9029363428169126
35546,val,-2.0682726,2.4414055,0.9604300989030704
2691,val,3.0486178,-3.4661949,0.010703880273496082
46339,val,2.2178483,-2.3968372,0.03929586473576926
34538,val,-2.8659627,3.2785425,0.987048113712409
4727,val,3.2675653,-3.5839362,0.008475824300438067
34067,val,-1.8066546,1.9238181,0.9336384029315629
47656,val,-0.8200646,0.94851744,0.780897486388626
48637,val,0.45975322,-0.5277516,0.34118998803815426
12846,val,0.66048974,-0.87141484,0.26134217090316686
35903,val,-1.2472407,1.3860022,0.8671571639019254
13279,val,1.8450925,-1.9147635,0.0692492978128608
1947,val,1.903137,-2.2354183,0.05399694232346094
35965,val,-0.22696765,0.14772038,0.5733080589739977
31311,val,0.16994552,-0.1184395,0.457923893669556
33743,val,-2.0496125,2.2657578,0.9549257488185865
34371,val,-2.7132149,3.023043,0.9828381841122386
15706,val,1.449784,-1.5071958,0.11543684538662609
43382,val,-2.4115489,2.6271582,0.972335835833464
27836,val,-0.053016793,0.22656241,0.5569510690106847
31177,val,-2.120185,2.2249312,0.955813377947059
30627,val,-2.6029277,3.0026784,0.9812257903220946
33199,val,-1.7368882,1.7559246,0.922559348647068
1557,val,2.264751,-2.4751978,0.036116693799000586
13033,val,1.258733,-1.4932405,0.13091499504389315
47465,val,-0.5531832,0.6514216,0.7060328939507917
32180,val,-2.1804142,2.3231034,0.9602659168677173
8924,val,-2.2176762,2.2826161,0.9601796991646631
422,val,2.3264787,-2.4572105,0.03506600103689813
10747,val,2.9244473,-3.3761017,0.012414096194518238
1019,val,-0.61872977,0.396749,0.6778329099832112
9050,val,-3.1583602,3.561576,0.9913043922347224
32809,val,-2.079035,2.408471,0.9598361389772143
26739,val,-1.8654573,2.0761871,0.942229099343411
12158,val,0.924355,-1.0928282,0.20122820524783017
25175,val,-1.1775678,1.4326156,0.8652870344373192
38086,val,-1.058488,1.1369375,0.8277320944266194
26776,val,-0.388979,0.4397036,0.6486470913320332
29735,val,-1.0089183,1.1328105,0.8223072239183908
4871,val,3.274942,-3.5817528,0.008445333821982183
32362,val,-2.514284,2.8775263,0.9782614410442885
6358,val,-3.1597672,3.5460243,0.9912186430356533
12601,val,-0.31451225,0.31461504,0.6161964655974327
46955,val,0.47070807,-0.49451822,0.3447033914891867
16998,val,2.1711826,-2.527688,0.03713097883295049
43791,val,-2.0161252,1.9397825,0.9427700841084721
38609,val,-0.72161305,0.88608736,0.7610251490989616
45621,val,0.9244038,-1.1229404,0.1978566607962704
16815,val,-1.4164206,1.5460763,0.8915321990240587
26561,val,-1.6230515,1.789409,0.9184449597675448
48626,val,-0.087753505,-0.018041154,0.5204680197179993
15750,val,-1.788917,2.024625,0.9371509371687521
31723,val,-2.2807426,2.4920666,0.966865033144854
33015,val,-0.7516113,0.77658916,0.7507597726223797
11036,val,-2.0019944,2.2451801,0.9528262191664283
41576,val,-2.2054267,2.4309683,0.9636662391506383
14925,val,1.5466161,-1.6359594,0.10026733629511606
43212,val,-1.2299317,1.3893062,0.8660239903994026
3623,val,3.2213488,-3.449132,0.009609619034237364
1811,val,-2.2726417,2.5797586,0.968603930855866
4141,val,3.3267841,-3.5720155,0.008202109576176335
34033,val,-2.0601568,2.2043033,0.9533670200122792
1350,val,-1.8162303,2.0688853,0.9400375049152514
14822,val,0.9051315,-1.1474158,0.19727936164899232
27242,val,-2.2131417,2.4455593,0.9642089065958948
47787,val,-1.0438354,1.1351848,0.8260887492773249
15448,val,-1.5805869,1.8840147,0.9211369390111414
37318,val,0.1595712,-0.104037896,0.4622312063450289
42033,val,-0.68976605,0.66341954,0.7271441383985748
24829,val,-2.179421,2.3530927,0.9610330258024282
33271,val,-2.0519304,2.4073038,0.959066371064803
4272,val,-3.1970909,3.570153,0.9915852000103796
38638,val,-1.5858076,1.7274011,0.913088348279164
46361,val,1.7204269,-1.7941686,0.08116456718304915
38313,val,-1.8018569,1.9327886,0.9338191162419226
3561,val,3.213746,-3.54496,0.00903941042450468
26607,val,-2.5371947,2.7900448,0.977279350395084
30824,val,-2.2317696,2.4770741,0.9654004486673539
10748,val,2.8675516,-3.2845511,0.01375451876707866
43880,val,-1.7825633,2.0640278,0.9384995784531235
3316,val,-3.1543884,3.490451,0.990839445617158
15890,val,-2.0155096,2.0094886,0.9453238498612988
3063,val,2.6821134,-2.962254,0.019508767987081333
47347,val,-0.5172083,0.61479396,0.6953775215944225
11294,val,2.6336632,-2.7717414,0.02297856042035395
25541,val,-0.045719307,0.13815677,0.5403663351928023
35481,val,-1.9718221,2.2086396,0.9506826382566155
32229,val,-1.6789268,1.7920347,0.9214596793292283
6583,val,2.618556,-3.048151,0.019211939060072517
47736,val,-0.15271312,0.28059918,0.5833133946291853
1004,val,-2.565284,2.895514,0.9792648502223756
11930,val,-0.13331185,0.15661131,0.5587366984520692
28528,val,-0.23035222,0.49770248,0.6324336083923949
11063,val,1.8659884,-2.07713,0.0614254416030369
5600,val,-2.773653,3.1875331,0.9853011488528113
26482,val,-0.8059815,0.9626085,0.780898442794838
2217,val,2.679988,-3.1741934,0.016889458374571564
32977,val,-2.4935985,2.7520878,0.9759768701672488
39032,val,-2.4241996,2.6602068,0.9731832826304264
26948,val,-0.890264,0.81744164,0.7735206568441466
29764,val,-2.3346236,2.55552,0.9693973646729228
44724,val,-0.61968535,0.7051343,0.7231875879451444
1592,val,2.0802252,-2.1126914,0.05208616692982836
16939,val,0.19680198,-0.23482983,0.43316307101853097
35830,val,0.1959254,-0.38041183,0.4084849041921469
12482,val,-0.760294,0.82588345,0.7582748983770615
8945,val,3.325713,-3.5258794,0.008475290039359847
40263,val,-2.010306,2.235618,0.9527868651668838
31784,val,-1.7256687,1.8421347,0.9262267909672848
39203,val,-2.5743103,2.836245,0.9785386897736573
41995,val,-2.257231,2.5055885,0.9666403133051754
14905,val,-1.9610581,2.076147,0.9457637494866777
38453,val,0.8624573,-0.8737392,0.23469604885179443
30880,val,-2.5046854,2.8254416,0.9773241792369346
42394,val,-2.3841486,2.640442,0.9720688388841858
8712,val,-3.0047276,3.3250494,0.988605260312922
4906,val,-3.1722045,3.5403316,0.9912596350177992
25692,val,-0.54262656,0.6756114,0.7080093169039682
7983,val,3.2512875,-3.5657468,0.008680972213593431
6749,val,3.299921,-3.555059,0.008455389150272176
44393,val,-1.6335133,1.65755,0.9118504879391778
12459,val,-0.798582,0.7345247,0.7514017437725418
44435,val,-0.30772302,0.45909476,0.638717109192688
37136,val,-1.5056902,1.7188379,0.9080350717741945
39686,val,-2.432142,2.6977878,0.9740023452484204
2301,val,3.1981745,-3.5451772,0.009136180066414663
11027,val,0.899957,-0.96936446,0.21837661085937055
16030,val,-1.8484403,2.2342095,0.9473722504934262
34808,val,-2.879134,3.1612244,0.9860824332501804
25059,val,-0.8033857,0.47715178,0.716940730149732
41820,val,-1.6042827,1.9207224,0.9241537565988202
7424,val,-3.2325013,3.565946,0.9917654766616457
2989,val,3.2946796,-3.5494795,0.008519118907835679
16637,val,2.7648356,-3.167943,0.015999959823015938
29337,val,0.01903257,0.25736842,0.5498172210563573
40504,val,-2.6867018,3.0473888,0.9828125815098058
2664,val,-3.1293354,3.4077091,0.9901287004760516
31416,val,-2.3069134,2.5663972,0.969045930545416
25461,val,-2.5226533,2.783319,0.9769464960694809
446,val,-1.3958999,1.4268984,0.8817093200882786
2903,val,3.239051,-3.5760674,0.008692517658654723
15184,val,-0.457503,0.6328139,0.6891626143897068
45900,val,-0.14800365,0.09509415,0.550641999124026
3373,val,3.1377616,-3.4587655,0.010114925397699755
11556,val,0.7780586,-1.1852398,0.20735824459555635
6801,val,3.2656891,-3.5079198,0.008946458181565434
7690,val,-3.164959,3.5211258,0.9910977760306604
39096,val,-2.535565,2.9013424,0.9789226047992189
38010,val,-0.40704313,0.49627233,0.6604568742633934
49115,val,-0.15622905,0.15604873,0.56259042836449
35323,val,-1.459068,1.6864223,0.9033103322820059
41698,val,-2.635655,2.8077726,0.9790165552536207
33232,val,-2.4988399,2.8972516,0.9783250698997171
6869,val,2.4401166,-2.8627796,0.024645550150117747
5719,val,3.2497334,-3.4329789,0.009528487397993233
16514,val,2.4240582,-2.7318735,0.02724271005430821
33660,val,-2.7195923,3.0644348,0.9833930865409257
5191,val,3.25218,-3.5517206,0.008760431123726464
32072,val,-1.7626084,1.9651062,0.9335187084216382
47891,val,-0.048953965,0.07206227,0.5294219348815336
28490,val,-1.7179619,1.5568565,0.9109323441561572
31446,val,1.2717018,-1.4889275,0.1302272876472712
37577,val,-0.28746793,0.39651978,0.6252354091962248
30270,val,-1.5504497,1.782464,0.9141765548326942
6092,val,-3.0712292,3.4305496,0.9898845270064446
31918,val,-2.4384236,2.8572528,0.9767836487102098
8629,val,1.976442,-2.2572052,0.05069656732994124
13550,val,-0.7567514,1.0216392,0.7820697542250998
2189,val,2.876456,-3.2980618,0.013543325542387763
49473,val,0.021946685,-0.0012952439,0.5042154089068734
44848,val,-1.5380212,1.7379612,0.9109984158464196
28955,val,-0.660219,0.8677595,0.7507307105908922
45600,val,-1.7313942,1.9933738,0.9333906026908378
29459,val,-1.3400068,1.313738,0.8688013803568201
37986,val,-0.5259647,0.6083749,0.695723924678108
41532,val,-2.7464514,3.1658833,0.9847976826211999
29449,val,-1.4328645,1.7998594,0.9085129537043289
8222,val,-3.1390095,3.4302993,0.99034697633957
2775,val,3.2385347,-3.5509148,0.008848695645199214
43934,val,-2.5340374,2.9157472,0.9791077578979944
31333,val,-1.4746605,1.5279089,0.8942146432919168
27370,val,-2.3628678,2.592608,0.970725089190323
35352,val,-2.6741548,2.9457607,0.9814093923270866
4656,val,-3.2464538,3.590564,0.9919830296943123
4563,val,2.6846766,-3.1381147,0.017258131789390053
4028,val,-3.16114,3.4539676,0.9906486323841776
48636,val,0.003371675,-0.1766352,0.47680343838344974
2811,val,3.295672,-3.5790715,0.008340209383333802
33091,val,-2.6562223,3.0343506,0.9822904708593275
12837,val,-1.3943859,1.5887883,0.8929237135836504
36304,val,-2.1289778,2.3695827,0.9601333297062231
32672,val,-2.261685,2.541068,0.967529893610158
28483,val,-1.9933175,2.197778,0.951030399081908
1873,val,-0.6197527,0.6561877,0.7162873613823063
36032,val,-0.15296412,0.139183,0.5591204125211101
50552,val,-2.7351723,3.1648228,0.9846678470212904
34353,val,-2.7074182,2.9500926,0.9818834187241618
16314,val,0.015545552,-0.021171747,0.5018577518075581
34436,val,-1.8332111,2.0865293,0.9413889552634661
49848,val,-2.3171766,2.5503974,0.9689252740528689
34931,val,-2.2755888,2.518402,0.9673366880098502
2627,val,3.242916,-3.4952755,0.009168930951688031
42994,val,-2.2879467,2.6579537,0.9705340446677613
25978,val,-1.7681117,2.0316467,0.9365803540536497
42580,val,-1.3395714,1.4120876,0.8764170237919625
13436,val,-1.2649555,1.4234277,0.871540038041164
48875,val,0.5361268,-0.6112766,0.316499919019633
6893,val,2.8486028,-3.3063433,0.013727549947645083
49693,val,-0.12531555,0.074986815,0.5432203087692323
32803,val,-2.6394458,3.0533977,0.9823180922037452
20128,val,-1.5035902,1.641848,0.9033071478516794
47844,val,-0.6308715,0.71553534,0.7262018380570158
16025,val,-1.7821395,2.0065615,0.9361191370014441
16069,val,1.1573066,-1.2075833,0.16493131599479183
25718,val,-2.370988,2.7258532,0.9734094685769388
15695,val,2.7648356,-3.167943,0.015999959823015938
43825,val,-1.0518588,1.1126193,0.8246217214640791
3748,val,-2.8413286,3.1854184,0.9859510905855396
24621,val,-2.2976403,2.668474,0.970935935768836
26460,val,-2.4105408,2.714992,0.9739243096679637
28199,val,-1.846427,1.9821697,0.9377686655672475
38377,val,-0.43794557,0.47477326,0.6619311548278198
48647,val,-0.6740136,0.68775684,0.7283345853343173
7083,val,2.8436904,-3.2277627,0.01454159558513254
33386,val,-2.2347865,2.5554497,0.9672535588155702
468,val,-2.1002095,2.140203,0.952613042826538
11570,val,-1.4450537,1.6973087,0.9031189619352192
31933,val,-2.910694,3.2389512,0.9870940204045696
8668,val,-2.6171038,2.842688,0.9792505473506516
6098,val,-3.1069424,3.565989,0.991016187002807
48612,val,-0.16521887,0.10638657,0.5555735886465664
33002,val,-2.5320556,2.7763906,0.9769854575973242
10669,val,2.5717323,-3.007257,0.020403515381760783
3171,val,1.608403,-1.8474578,0.08428343099425285
36709,val,-0.25683117,0.3137955,0.60646864615289
44036,val,-1.8339593,1.9880121,0.9374975162669041
36906,val,-1.1446385,1.1689327,0.8392050615856836
11204,val,-1.5360049,1.8317018,0.9160678708474076
39145,val,-2.3972201,2.53258,0.9702100863833192
2637,val,0.09136194,-0.43246636,0.4173934301347196
15149,val,2.5292659,-2.726633,0.025448697020456924
40325,val,-2.6638072,3.001113,0.9819754313215848
46387,val,0.68023616,-0.7982368,0.2686251702049601
28935,val,-1.5364963,1.6685752,0.906891608607761
586,val,0.0017111743,-0.20722409,0.4717553563236976
34212,val,-2.7575014,3.1902754,0.9851646097549573
25893,val,-2.0607657,2.3542252,0.9578333342141567
40407,val,-2.4810717,2.9128842,0.9782933544520402
4420,val,-2.8061721,3.0380595,0.9840673693724005
43494,val,-2.548156,2.7004137,0.9760241394328321
6157,val,3.224851,-3.489111,0.009324278255173905
3714,val,-3.1390963,3.5371175,0.9910366160382826
7043,val,3.2528028,-3.5536077,0.008745190915072167
24760,val,-0.5888537,0.8478775,0.738589833121502
44017,val,-0.9012546,1.1123763,0.8088270023585441
49190,val,0.34673122,-0.39155072,0.38140892745944405
1299,val,-2.1860223,2.3799691,0.9619010317683199
48932,val,0.14908208,-0.10418139,0.4640315088389512
4985,val,1.1052486,-1.1549634,0.1752706350322638
40588,val,-0.70397276,0.8102504,0.7489248319445254
7056,val,-3.201313,3.563034,0.9915682667773182
35355,val,-0.19252582,0.21138625,0.5783037284722935
1829,val,-0.19406547,0.0645439,0.5533266712203568
36380,val,-1.7766676,2.056744,0.9379650358212395
389,val,0.37303886,-0.5891469,0.3451842218001206
25729,val,-0.48852977,0.6004183,0.6889573668052994
2879,val,0.61910915,-0.81642026,0.27457081552088763
38409,val,-2.2282228,2.6642199,0.9694450628434439
15893,val,2.75043,-3.1078856,0.016841480377782096
32053,val,-2.27004,2.5990558,0.9689573265907747
8577,val,3.3121762,-3.580932,0.008234576823482694
40282,val,-2.6096244,3.000134,0.981279250288642
13358,val,0.65000814,-0.8608893,0.26419026802297213
38277,val,-1.0650768,1.1485982,0.8295456973608537
4942,val,-3.2547112,3.6099608,0.9921354920879302
11203,val,-1.340366,1.5981451,0.8898981637087081
34587,val,-1.7013148,2.0158765,0.9330601666704098
6733,val,3.233598,-3.5160303,0.009096498917985899
24697,val,-0.040287625,0.07863129,0.5290562274960036
15728,val,-0.9928762,1.1425151,0.8216581998121859
35617,val,-0.2408084,0.19362864,0.5835047108410543
37488,val,-0.1928066,0.17596318,0.572294512170986
41701,val,-2.1148872,2.4892926,0.9628685036335459
31031,val,-1.8124644,2.184278,0.9442926793211464
33616,val,-1.5299835,1.7277937,0.9099599287879404
5445,val,3.2443767,-3.5632048,0.008738090126284796
8650,val,-2.614666,2.9340801,0.9804784936044754
7128,val,-3.1245117,3.412351,0.9901274560345215
15922,val,-2.6009455,2.8690689,0.97939541894151
49754,val,-1.6132299,1.7047985,0.9133556589498892
32279,val,-2.5726902,2.9391696,0.9799781959721645
954,val,-2.264711,2.4926858,0.9665177108992888
25786,val,-0.5775299,0.6800668,0.7136711610070883
16393,val,-2.5163655,2.9678423,0.9795949278976019
48529,val,-0.3080983,0.42895645,0.633896620985371
6202,val,-3.2131827,3.5774367,0.9917206139572033
42263,val,-2.681085,2.9744306,0.9818585641133606
36908,val,-0.42032102,0.50957215,0.6646156643273522
16402,val,0.96037596,-0.8636338,0.22383783564483453
33610,val,-2.0343077,2.238491,0.9536257930992226
43396,val,-1.609964,1.8651744,0.9216709796483074
15171,val,-1.5937119,1.7786487,0.9163179652926334
41575,val,-2.5901368,2.9116733,0.9798397241123156
11452,val,-1.3452077,1.609039,0.8909725667151948
38171,val,-0.5795403,0.6919431,0.7156530276029224
15371,val,2.0363126,-2.3159595,0.0468468370326492
37343,val,-0.5941299,0.59827083,0.7042570419907737
49195,val,0.32954285,-0.35586742,0.3901768068762711
7706,val,-3.0249584,3.3773935,0.9891634638389464
15626,val,-0.7012289,0.82661086,0.7507125368891922
33923,val,-1.6088551,1.7382799,0.9149542371714314
11141,val,-1.5785334,1.7990657,0.916598665051502
41809,val,-2.822523e-05,-0.09116487,0.4923367561818889
3598,val,-3.0548716,3.4364793,0.9898111871425801
30332,val,-2.194137,2.4969945,0.9649839895401473
12871,val,0.4043897,-0.30295244,0.3865307942639078
39847,val,-1.7206415,1.9848474,0.9325468003782909
28646,val,-1.1339103,1.2306663,0.8439638939648342
4144,val,-3.116498,3.5390842,0.9909074367135581
44655,val,-1.6865064,1.7013342,0.9171449713196884
49596,val,-0.45778763,0.41329196,0.6553793501533284
36186,val,-1.299089,1.4850537,0.8788583872475412
29210,val,-1.7046472,1.9433457,0.9299711067382057
38640,val,-1.6090631,1.9289483,0.9247893410943616
29750,val,-0.90091425,1.1682495,0.8147646295912903
41708,val,-1.6561576,1.8780612,0.9246045118341991
6395,val,3.170507,-3.5016246,0.009598629469700545
48165,val,-2.4604645,2.7707767,0.9757386949463354
47198,val,-2.235783,2.4711263,0.9653552016497424
49229,val,0.15899833,-0.38660645,0.4136919904313282
3923,val,3.1271403,-3.3498788,0.010987629550217827
48129,val,-0.019775698,0.20104189,0.5467807107365693
24576,val,-2.115935,2.3800962,0.9600655209701582
30459,val,-1.6781081,2.0120747,0.931869832932456
35731,val,-1.0104897,0.9911094,0.8075215536889988
24688,val,-0.5988174,0.8111457,0.7349566044532181
4865,val,3.2741005,-3.57175,0.008509126401141801
36943,val,-1.4693946,1.6477251,0.9015621766596784
36012,val,-0.12656713,0.063096754,0.5413722446416755
48469,val,-0.51334673,0.45929942,0.6712520315041389
6864,val,-2.8671122,3.1431508,0.9857903910111745
34496,val,-1.941352,2.2086227,0.9496725773383647
5968,val,-3.2757668,3.5646398,0.9920018697001424
35380,val,-0.1944028,0.33399066,0.5993925169120502
6313,val,0.3601855,-0.47634378,0.3653233959509772
10681,val,-2.4999323,2.8346848,0.9773937179638172
43489,val,-2.3539867,2.6761208,0.9721734830014501
6680,val,-2.9987478,3.323818,0.9885482670534698
10547,val,-3.0171208,3.3657289,0.9890161781166767
40912,val,-2.4784417,2.8985996,0.9780405403066739
40734,val,-2.1844506,2.523533,0.965380339104099
5524,val,1.1096766,-1.1394964,0.1763902067894359
39111,val,-0.7211341,0.7249105,0.739846368264685
2797,val,3.0843062,-3.4082508,0.010870083139880388
28576,val,-1.9176759,2.2751288,0.951086079452348
885,val,2.6594768,-2.9101403,0.0205350314902974
14225,val,0.24059762,-0.19111234,0.43314964057482475
2348,val,-3.0807402,3.43535,0.9899843286413339
27588,val,-1.4516395,1.56648,0.895239716312259
29845,val,-1.4012402,1.5509828,0.8908349163863191
37326,val,-0.45180675,0.7527649,0.7060280757177105
11601,val,-2.1824818,2.5314255,0.9655186254919953
43338,val,-1.4682037,1.6808122,0.903525628542065
43219,val,-2.7129955,2.9835014,0.9823624504913034
41442,val,-0.7613852,0.80408186,0.7556081924882523
25276,val,-2.1512942,2.2841113,0.9584066286507628
14152,val,0.38145232,-0.65332645,0.33379257887774183
1485,val,0.7906104,-0.9762004,0.23086953889381098
8352,val,-3.0341196,3.4415424,0.9896998544379277
5734,val,-3.1276948,3.4846272,0.9906305555867946
49155,val,0.0714084,0.038386423,0.5025042999794087
31560,val,-1.8192403,2.114759,0.9419371583252122
7166,val,-3.04194,3.4028907,0.9894775477882406
24833,val,-1.2076714,1.3770667,0.8631976540686663
2629,val,3.1272974,-3.4599867,0.010179901654341563
35933,val,0.36868277,-0.4753312,0.36410969300719287
1788,val,-1.5007621,1.6656188,0.9045798055076001
10944,val,1.7503662,-1.7938266,0.07963310663661084
32627,val,-2.662821,2.9566555,0.9814037867711618
39639,val,-1.8290931,1.981521,0.9370301362228567
16282,val,-0.8371622,0.8365667,0.7693277785768684
38054,val,-0.8184368,0.8170858,0.7645484032650866
42549,val,-1.9571382,2.2090583,0.9502124324711965
1300,val,-2.1517093,2.3244815,0.9595297315527785
26964,val,-1.5463631,1.681907,0.9082535422679154
435,val,1.9379344,-2.316467,0.050002064406539086
26682,val,-2.5975542,2.8718219,0.9793864028126664
14521,val,0.5655178,-0.704856,0.2981826588001658
37622,val,-0.892037,1.2267166,0.8199455161229343
7348,val,-3.0865736,3.4956992,0.9904333290660206
33613,val,-2.840692,3.1716533,0.9858107909720952
8383,val,0.9589863,-1.2350591,0.1820654436785732
672,val,-2.1285138,2.3723314,0.960194491520685
27401,val,-2.0953598,2.3436928,0.9585082603018997
3272,val,-3.006024,3.3684986,0.988952686950566
27433,val,-0.2986967,0.3597329,0.6210348214263415
33915,val,-2.6943378,2.9581068,0.9818202395773467
3969,val,3.3098936,-3.5144038,0.008637336570832745
31301,val,-2.0044417,2.364721,0.9565187308537393
6633,val,2.7708802,-3.145848,0.01617777876953962
570,val,2.69001,-2.979926,0.019169400931970986
32288,val,-1.8715211,2.0910132,0.9430197994149188
3425,val,2.9059305,-3.29074,0.013337748673468626
16336,val,0.88029826,-0.9785493,0.21963040056740982
710,val,-0.57411057,0.55811787,0.6954110550128978
28037,val,-1.0193499,0.9872107,0.8080606997714912
14563,val,-2.3643131,2.6113896,0.9711247094773683
26246,val,-0.036137328,0.007534059,0.5159177675382586
49353,val,0.19411434,-0.2730131,0.42707389730311485
36580,val,-0.67093724,0.6452876,0.7219817976944656
16857,val,-1.1117276,1.1338546,0.8326800767940031
6307,val,3.2674472,-3.522729,0.008844236182104717
1505,val,-1.0698951,1.3364278,0.8477728965878861
39527,val,-2.0927305,2.4322946,0.9608362844627332
31476,val,1.4047414,-1.590357,0.11274055107316865
44211,val,-2.0655725,2.262324,0.9553015909108715
27911,val,-0.4482434,0.6110131,0.6844868753150578
37627,val,-1.7934386,2.061665,0.9388425448456764
12444,val,1.1127118,-1.3511952,0.1556070706653152
36622,val,0.12288993,-0.4900478,0.40231035633796214
43276,val,-1.7089952,2.1104622,0.9373943388638665
2693,val,-2.3743956,2.4470234,0.9679378053533881
37938,val,-0.19972871,0.32086936,0.5980817674599199
40519,val,-1.4993205,1.5458379,0.8970012517344246
38177,val,-0.8128827,0.9499263,0.7802054118100501
42462,val,-1.2968202,1.5221407,0.8814289259076389
48553,val,-0.20853253,0.26959565,0.5909165055525282
48794,val,-0.050308306,0.012968141,0.5193437325512041
27282,val,-0.8857513,1.0068439,0.7953851696672996
6038,val,-2.806871,3.161818,0.9853770041475297
6600,val,-3.2100472,3.5596664,0.9915996105275452
43745,val,-1.9156145,2.291862,0.9515615698926239
26172,val,-0.6494522,0.64775306,0.7193020426012826
31822,val,-0.37507635,0.5148295,0.6583491062197051
38359,val,-1.6619745,1.8287429,0.9224545141850851
24509,val,-0.8063541,0.8461315,0.7666787940245923
29324,val,-0.22526231,0.29532567,0.5980800702946495
34455,val,-2.196513,2.4325073,0.963485087836269
4599,val,3.1502168,-3.4877043,0.009828935038034255
32487,val,-1.8929644,2.2537184,0.9495623471634006
5799,val,3.1955755,-3.5725203,0.008980734266257583
10582,val,-2.9055,3.2153873,0.9868350882727488
8653,val,0.82566255,-1.07314,0.21487528322631663
2417,val,2.2724464,-2.7077084,0.030699515452645678
7641,val,2.9633772,-3.3437176,0.012358056140505861
25795,val,-2.0643256,2.1401024,0.9514631338900659
32772,val,-1.75957,1.7822118,0.9249726713043862
38306,val,-1.448006,1.5479432,0.8937755605630243
3173,val,3.2406702,-3.5358944,0.008928135853604906
33914,val,-2.363528,2.6538239,0.9719309599529007
3264,val,-2.9387662,3.333187,0.9881402498684638
2735,val,3.2569256,-3.5722117,0.008608380297414765
38473,val,-1.5645292,1.502264,0.8983917931859164
48606,val,0.13956721,-0.18901132,0.4509498621709389
15948,val,-1.5883902,1.877941,0.9212248292809913
26676,val,-0.5238493,0.7838202,0.7207783492918182
10552,val,-2.9778128,3.3271425,0.9884078964313728
11701,val,-2.3674636,2.656376,0.9720545643742675
41096,val,-2.4851925,2.8111608,0.9767943890131324
49965,val,-2.2466497,2.442705,0.9649419434202777
5946,val,-2.970603,3.24478,0.9876671890496823
1392,val,2.7136858,-2.8103063,0.021187210302338912
30297,val,-1.0554134,1.4376264,0.8554410332480598
27906,val,1.9637144,-2.0394528,0.059046724390694354
7987,val,3.1970942,-3.5262873,0.00926357730286536
47532,val,-0.25631022,0.40450603,0.6214278594703616
40283,val,-1.849902,1.8447886,0.9320698571275837
15036,val,0.35032654,-0.5868087,0.3491577231297986
38005,val,-0.26976058,0.25145665,0.5981859267910378
30787,val,-0.99825495,1.2400378,0.8319680844903874
14266,val,-2.1837358,2.4069278,0.9625288135074026
25095,val,-1.3429915,1.6999816,0.8968598595434764
6104,val,-3.1356578,3.5332248,0.9909909236167419
36583,val,-0.85893834,0.98186475,0.7894227533843802
3409,val,3.2842984,-3.521832,0.008746890689055216
48628,val,0.14060947,-0.15290992,0.45703204516379103
11056,val,2.1477537,-2.326293,0.04318493430135534
14066,val,1.6030172,-1.8429146,0.08482130143188968
11135,val,-0.5882451,0.7238299,0.7213984565120497
14252,val,-2.1673791,2.220694,0.9570658614312283
12706,val,-1.1088518,1.1881441,0.8376335158613197
38539,val,-1.093065,1.0857272,0.8260658304840641
25140,val,-1.7931355,1.9068618,0.9323046349933644
39019,val,-1.7013202,1.7745007,0.9217054553815817
2371,val,2.5317826,-2.8617787,0.023165383694803674
15760,val,-2.0012975,2.2651293,0.9534281762100953
47831,val,-1.2018236,1.4193419,0.8661804417795446
37579,val,-1.690611,1.8635577,0.9255720877356886
32174,val,-2.6605468,2.8325012,0.9797182297852628
3182,val,-2.8426933,3.045292,0.9845404328109066
33088,val,-0.85349447,0.96977735,0.7873758804338284
2090,val,-3.1644502,3.501606,0.9909732457337459
2290,val,-2.697013,3.043496,0.982888294727906
47714,val,-1.433765,1.6220924,0.8976910072693894
25661,val,-2.9216425,3.347957,0.988120927986032
40967,val,-2.4146914,2.6477718,0.9727795687047015
35141,val,-2.0231478,2.3515415,0.9566793137481743
15820,val,0.7725303,-0.9997003,0.23019667522900006
32641,val,-1.183858,1.2472109,0.8499945358853935
14977,val,2.7609859,-3.1472373,0.016272791826022183
40470,val,-2.253809,2.5186543,0.9668572755735368
30407,val,-2.5443819,2.77207,0.9771111016429992
31277,val,-1.3661213,1.6981659,0.8982315797523656
8481,val,3.2365155,-3.5345802,0.008962066715034564
4609,val,3.2730806,-3.5846972,0.008438988242634275
41725,val,-2.6240888,2.9551327,0.9808825788383615
5391,val,3.2656994,-3.5938067,0.008428872760169808
15421,val,-0.8949214,1.0298147,0.799021767133715
16161,val,0.6889523,-0.84191364,0.26148251618000073
33938,val,-2.5877805,2.9229567,0.97996277296757
39228,val,-2.290878,2.6038787,0.969492999926303
26565,val,-0.065112576,0.11705111,0.540068660918282
47145,val,-0.55815214,0.6270624,0.7032084435453095
13888,val,-2.5056202,2.865693,0.977954275971975
31976,val,-2.5551033,2.9032428,0.9792299776886694
1469,val,0.22698955,-0.43712005,0.3937296723132911
48657,val,-0.19347604,0.08950086,0.5575377614739709
35509,val,-2.071582,2.1993184,0.9535670042058106
38440,val,-1.0387411,1.2383934,0.83573413619266
48112,val,-0.6954169,0.79697096,0.7460403752235133
657,val,-1.4892576,1.6709015,0.9042032898019158
13740,val,-1.704944,1.8318098,0.9247280970397143
10519,val,-3.0283027,3.3110425,0.9886804493844448
28728,val,0.8238518,-1.0493778,0.2179101042351789
48398,val,0.18928893,-0.090072125,0.4594920236706826
8166,val,-1.6072415,1.7045516,0.9130096927880103
43260,val,-2.8572521,3.2217715,0.9864489663070994
29121,val,-0.058119934,0.17149536,0.5483061025154269
36079,val,-2.3043857,2.5999148,0.9696899310784324
33297,val,-2.526929,2.8766422,0.9784357967381219
13024,val,-2.2770748,2.5418272,0.9678830916485458
44519,val,-1.9230337,2.0919397,0.9449600791861146
48969,val,-0.37782916,0.41086432,0.6422424819121465
37427,val,-0.15395857,0.28376338,0.5840633250657841
4483,val,3.246409,-3.5676985,0.008698617662654978
44005,val,-1.9758037,2.3055704,0.953890484335865
24619,val,-0.8438892,1.0095893,0.7908936536611566
42494,val,-1.2503148,1.4329983,0.8711422423338742
12738,val,-0.86954004,0.931555,0.7847658654037492
25927,val,-0.61358327,0.689065,0.7200705368824036
43451,val,-2.4046514,2.7145112,0.9738108462178717
35463,val,-1.9695584,2.2372315,0.9515394149533188
32927,val,-1.9911875,2.3239968,0.9549201428115163
30235,val,-1.364572,1.3832275,0.8761241721688936
34605,val,-2.6557636,2.896653,0.9805276015794504
37349,val,-0.5548281,0.429605,0.6730698562016887
16774,val,-0.65310234,0.7506519,0.7341092739389211
30343,val,-2.327253,2.5082407,0.968242103314353
29908,val,-0.82702976,1.106858,0.8000483423453741
38398,val,-0.2276919,0.27596068,0.5952276664646969
47909,val,-1.4832093,1.7493736,0.9085047428784818
35116,val,-2.5064833,2.7266777,0.9757704805715625
2543,val,2.9563737,-3.4436717,0.011588735836505465
4162,val,-3.163613,3.5210934,0.991089261109766
34210,val,-2.420957,2.6643748,0.9732001823521982
31651,val,-1.5447139,1.685789,0.9083836672940062
37424,val,-0.75323236,0.80936927,0.7552376713581306
24633,val,-0.38424644,0.5349625,0.6629468534094941
40412,val,-2.6100411,2.9858654,0.9811003261117849
24657,val,-2.541565,2.826501,0.9779052212708863
11178,val,1.0387727,-1.125378,0.18520190408605472
6507,val,2.8953729,-3.365888,0.012755761886239239
49364,val,-1.8220834,1.9622976,0.9359380906877358
48425,val,-0.11139914,0.14674498,0.5532461920051339
4379,val,3.3102622,-3.573011,0.008290981152391056
14388,val,-0.500166,0.45341954,0.6683015755888913
15348,val,0.8363697,-0.9288472,0.23106767860974012
8510,val,-1.9651037,2.1324344,0.9478893489816277
39743,val,-2.614755,2.9784293,0.9810649660695201
7066,val,-3.0795927,3.4705126,0.9902176427900797
49605,val,-0.63903743,0.53257257,0.7012174333173196
33623,val,-0.20271702,0.05313122,0.5528490102323402
2327,val,-1.4068958,1.3755777,0.8787339583042628
26333,val,-0.35189542,0.384948,0.6338622964117926
8875,val,3.0997124,-3.4258747,0.01062432391446023
16893,val,-0.048781935,0.04762988,0.5251298052518111
34017,val,-2.5573416,2.751013,0.9769840168367374
29234,val,-1.2315718,1.390547,0.8662577589293744
43865,val,-2.095066,2.2626574,0.9561845352780569
16052,val,-1.8061924,2.054008,0.9390470367844647
49628,val,-0.3012387,0.2202057,0.5982241379658775
8376,val,-3.046551,3.3906748,0.9894219878836659
31943,val,-1.9903241,2.1969273,0.9509049548397194
43649,val,-1.30921,1.4815758,0.8793525155215112
29067,val,-1.8195775,1.932421,0.9345657329288142
7104,val,-3.0505795,3.3577569,0.9892082678548351
40499,val,-2.7287135,3.1261806,0.9841839489375328
27038,val,-1.6087086,1.7318845,0.9145972913171949
5685,val,3.062862,-3.4554121,0.0106782580666011
41455,val,-2.4357796,2.6783671,0.9737211694572623
3222,val,-3.265842,3.5161548,0.9916709165023118
7328,val,-3.1748056,3.5292406,0.991208005043918
49302,val,-0.49342182,0.35379305,0.6515973153464046
40372,val,-2.8096993,3.1678615,0.9854662028877947
28214,val,-0.005786913,0.30244762,0.5618939549820244
22325,val,3.1289282,-3.4817169,0.010016470922759866
28289,val,-1.7273461,2.0467176,0.9355037872905408
15035,val,-1.5207852,1.5852829,0.9008736101230053
34448,val,-2.894342,3.1781173,0.98638741626387
12093,val,-0.054849677,-0.11312841,0.4980852247581526
32127,val,-1.1344103,1.2999388,0.8502870093031729
40834,val,-0.64296466,0.7824839,0.7370623667123749
37846,val,-0.7336221,0.8304347,0.7554258773077192
36282,val,-0.36547914,0.45406005,0.6471873062232578
4714,val,-2.235943,2.5137594,0.9663430084214707
32805,val,-2.324208,2.6535406,0.9711648333836563
32284,val,-2.1954365,2.6850276,0.9691957535809007
49143,val,0.105656624,0.019900413,0.49327796127680723
41351,val,-2.493897,2.945754,0.9789621890727547
8343,val,3.1608567,-3.533195,0.00945387957709768
11745,val,-2.1955328,2.4408305,0.9636654620988117
89,val,-1.7466716,2.0672705,0.9371674265374053
41869,val,-2.1050982,2.4056163,0.9604576559203228
605,val,2.8262339,-3.1373124,0.015664449359951375
38989,val,-2.7923865,3.093512,0.9845181893471018
40671,val,-0.9966143,1.211899,0.8290342806611343
315,val,0.92023885,-0.95964175,0.21711784724995822
35958,val,-0.11662303,0.12867741,0.5510234052230457
26844,val,-2.0455976,2.2851837,0.9553877179978488
48835,val,-1.0218445,1.1750194,0.8278755908499683
36882,val,-0.7846874,1.0884234,0.7931569095181396
48065,val,-1.7356402,1.9503353,0.9316826463156238
6094,val,-3.068832,3.4508114,0.9900089555495396
24700,val,-2.6004705,2.852469,0.9791528781331885
32961,val,-2.2949865,2.5163512,0.9677181164800501
42386,val,-2.8130941,3.191915,0.9857387930780355
2549,val,3.2210302,-3.5511186,0.008955522982169431
42332,val,-2.3693585,2.6259751,0.9715074899049941
13261,val,-1.3363453,1.5460749,0.8859925748953125
37364,val,-0.41025326,0.5166772,0.6641533182701891
37963,val,0.086239494,-0.066103935,0.48163523802925967
39235,val,-1.7373902,1.8803955,0.9285817209888431
43316,val,-2.71916,3.098532,0.9837735145877611
4151,val,3.2689824,-3.527369,0.008806430761881432
38897,val,-2.6198316,2.9712424,0.981037511055931
44039,val,-1.7764648,2.0520716,0.9377662018534452
37202,val,-1.580911,1.6342783,0.9074878190014234
31663,val,-1.2774138,1.6218065,0.8871748594085629
707,val,-1.6060501,1.8933085,0.9228860183578362
12457,val,-0.033661965,-0.023145763,0.5101206940011964
12043,val,1.7945279,-1.9049557,0.07202271354447283
39641,val,-2.4446607,2.6724415,0.973774044849356
47581,val,-0.66588944,0.6774704,0.7257776240713101
27475,val,-0.8988737,0.94907063,0.7902523794260387
38867,val,-2.4450908,2.7757454,0.9755657075456539
32150,val,-2.6121676,2.9546642,0.9807192982821885
685,val,-1.7536157,1.6578091,0.9183906494474234
43802,val,-1.0791624,1.2899753,0.844383802995773
35266,val,-1.2675831,1.5431285,0.8808242046210866
31518,val,-1.9885263,2.056302,0.9460367688853702
27006,val,-1.4090649,1.6131854,0.895510537356224
599,val,-2.7620738,3.093546,0.9841918507442009
26081,val,-1.2825731,1.5509106,0.8824870795978538
10982,val,1.9833444,-2.0938935,0.056231474642647876
6374,val,-3.140977,3.5550425,0.9911589128472852
35877,val,-0.68451566,0.6942232,0.7306779645023022
35889,val,-1.6130818,1.6788944,0.9119018297891704
34577,val,-2.2846084,2.5143087,0.9674454475836323
948,val,-1.220029,1.3034654,0.8580568733247783
31968,val,-2.6226969,2.9793801,0.9811802365679339
16421,val,-1.7414919,1.9158958,0.9303981061619505
51112,val,-1.737431,1.9996167,0.9339229464219857
31804,val,-1.9196036,2.2168937,0.9492198406634653
47529,val,-1.4695051,1.50485,0.8923321491982275
25109,val,-1.4423932,1.841852,0.911466177643836
35327,val,-1.8122925,2.0989475,0.9410598444601986
26588,val,-2.7510128,3.102756,0.9841716847485237
29806,val,-2.7375293,3.0938447,0.9839256645833078
24814,val,-2.7251048,3.154269,0.9844484318683914
32450,val,-2.2477264,2.383299,0.9635344321695662
13957,val,-0.2808948,0.38057467,0.6215354026984831
32824,val,-2.8183153,3.169148,0.9855651312920779
24539,val,-1.5070467,1.5782157,0.8995656713897708
11347,val,-2.3859134,2.71211,0.9734308779254519
10984,val,-0.28605273,0.1140756,0.5776578024385359
11768,val,-2.402185,2.7156787,0.97378765213942
15474,val,1.1462033,-1.3491683,0.15273553673334073
16520,val,2.5120926,-2.678578,0.026605765403776307
27013,val,-0.30259088,0.36102313,0.621888393873012
37149,val,-0.4558082,0.59931856,0.6838623410572856
32657,val,-0.82463425,0.93501836,0.7798263528669507
37210,val,-0.2415797,0.27721512,0.5977783612349481
43500,val,-2.684669,3.005652,0.9822874024326228
26590,val,-1.1004332,1.3653437,0.8530654809422693
12902,val,1.4683739,-1.4512495,0.11813346590677389
27319,val,-1.492899,1.6979239,0.9060461436053379
48066,val,-1.2454003,1.2925376,0.8592835989084524
25280,val,-2.0809686,2.410743,0.9599494509214671
16061,val,-1.1773977,1.2156807,0.8465727802804868
35502,val,-2.4639316,2.8734586,0.9774365600184173
39599,val,-2.1896372,2.4256124,0.9631445030887352
41854,val,-2.2884226,2.537056,0.9680258612447141
11893,val,-0.56480616,0.8404882,0.7343196163607569
34689,val,-0.34072825,0.6297648,0.6709194168385638
16148,val,0.7254187,-0.6369608,0.2848847743360652
25105,val,-1.9103799,2.0866737,0.9443041373685813
8372,val,-2.9764771,3.2470636,0.9877365396351296
3396,val,-3.1036892,3.526766,0.9907476171632073
33272,val,-2.1016216,2.3205652,0.9580362720216872
14024,val,-1.4944175,1.8140044,0.9128221240838578
31523,val,-1.036246,1.131064,0.8249081730937188
6618,val,-3.0699587,3.44423,0.989971125442663
5096,val,-2.500227,2.8467464,0.9775840059237394
35402,val,-1.2848159,1.2833824,0.861824952848276
33189,val,-2.3315747,2.5394025,0.9689969073883025
37192,val,-1.4752003,1.6757455,0.9036432976972973
173,val,-0.39064705,0.33995238,0.6328475192761648
13707,val,1.0634025,-1.4297413,0.15293741237245265
13641,val,1.6030172,-1.8429146,0.08482130143188968
48035,val,0.03457896,0.13906908,0.5265394694056774
26745,val,-0.7044,1.0406176,0.7780626871574023
42369,val,-2.571335,2.876862,0.9790850201530574
38674,val,-1.3810815,1.5827616,0.891623277104183
49372,val,-1.0877024,1.1707324,0.8339295625190221
7651,val,3.3105593,-3.5467963,0.008441461380638823
50653,val,-0.9621181,1.0372392,0.8072775718510353
28215,val,-2.0986042,2.3222885,0.957999844224533
37444,val,-1.8012296,2.0492148,0.9386550498923226
24777,val,-1.0578183,1.199638,0.8338347020567762
48325,val,-1.787707,2.0218327,0.9369857523401737
24799,val,-1.2842615,1.6463667,0.889356443944145
30096,val,-1.1460747,1.4058797,0.860465568894525
29534,val,-2.5640469,2.857894,0.9787053936499021
35195,val,-2.071591,2.3142636,0.957002009687312
5241,val,3.2362025,-3.4854727,0.009274544087047674
35879,val,0.23196156,-0.35987648,0.4058662514348607
40379,val,-2.679743,2.9983532,0.9821379276327938
2204,val,-3.1092062,3.4939475,0.9905708103665515
442,val,3.052799,-3.3990724,0.011180543251465166
49691,val,-0.5184861,0.4821323,0.675557545781922
13274,val,1.2364236,-1.3341719,0.14604647634698825
41443,val,-2.137527,2.3887691,0.9608697440685192
32163,val,-1.8516972,2.168747,0.9451588787081913
3118,val,-3.0226939,3.3919108,0.9892549995059822
41533,val,-0.9882336,1.1718459,0.8241760772554859
38605,val,-0.4278669,0.3848292,0.6460929753520972
37921,val,-0.84801644,0.7702914,0.7623726686067934
25213,val,-2.0778031,2.3778152,0.9589669080924761
31556,val,-1.7754217,2.054015,0.9378029630772273
27087,val,-0.93927157,1.0759429,0.8089983085004672
4725,val,3.2717562,-3.5229008,0.0088167882535746
51129,val,-2.6591089,3.016151,0.9821030686753119
7769,val,3.008384,-3.3731103,0.011738399731949026
16382,val,0.7767363,-0.78126067,0.25783236472269605
33276,val,-2.5277295,2.9568942,0.9796007439379275
26770,val,-2.3949177,2.775023,0.9747020825540712
12007,val,2.2455058,-2.574382,0.034218804681746956
8907,val,3.3182065,-3.5628386,0.008303812119817282
49457,val,-0.38177356,0.37908262,0.6377537546691742
7522,val,-3.1162076,3.4746604,0.9904901593195112
3447,val,3.1995404,-3.4989355,0.00942492838000663
33582,val,-0.4896641,0.5540353,0.6821307563948903
6767,val,2.6285067,-3.0906518,0.018532306851410392
3622,val,-3.0661526,3.4505634,0.9899886707567864
47571,val,-1.2819382,1.3906364,0.8702962415617226
25809,val,-0.29615307,0.53122646,0.6484392185379875
14583,val,-1.720792,2.0147963,0.9338598842471975
5777,val,2.1264787,-2.2586732,0.04582996789393388
1597,val,0.12403954,-0.20542118,0.4507969985862624
49360,val,0.003496274,0.02357799,0.5117935404793091
31794,val,-0.5343279,0.5380282,0.6864634797788884
2456,val,-2.7614918,3.1496696,0.9847853844665371
44370,val,-2.5968943,3.02898,0.9814853282707277
4903,val,3.2685363,-3.517621,0.008868925763201897
12481,val,-1.3738879,1.5982791,0.8921849332785461
38567,val,-0.18044747,0.38678902,0.6059022288552868
25301,val,-0.63362724,0.8403178,0.7435870922150984
39269,val,-2.5097759,2.6703665,0.9748775410392615
36277,val,-0.5493639,0.59545416,0.6972741528962528
40578,val,-2.7607677,3.1037016,0.9842879235349583
5883,val,3.2813067,-3.5486212,0.008603659449479044
27470,val,-2.6562405,3.1202188,0.9833063664802735
44024,val,-1.7748473,2.0099897,0.9359572270073392
8867,val,2.998404,-3.3848479,0.011724138330639658
27890,val,-2.2678347,2.7833753,0.9725702412449708
27595,val,-2.0872645,2.3873677,0.9594873528573461
37264,val,-0.9158405,1.0082028,0.7989438876454641
34755,val,-2.6858292,2.9111233,0.98111389484497
31990,val,-2.3240314,2.758603,0.9731508995843089
43394,val,-1.987527,2.123433,0.9483514021974471
42192,val,-2.7330315,3.1098537,0.984052589009777
33698,val,-2.2088335,2.5678551,0.9669519038033499
38801,val,-1.711223,1.9960848,0.9326268314361574
11356,val,0.19511954,-0.29050556,0.4239092909342
3381,val,3.2225647,-3.5006242,0.009264814770454462
30600,val,-2.0757198,2.40559,0.959668627250578
4381,val,3.2738726,-3.5057588,0.008909164102898071
40251,val,-2.3536687,2.5543962,0.9697672692646842
29094,val,-1.530593,1.7604355,0.9118485297365049
6962,val,-3.0507555,3.3056555,0.9888133402181499
31755,val,-1.4974083,1.6248717,0.9018822299026086
41510,val,-1.1859577,1.4096938,0.8640970984957248
27162,val,-2.1816964,2.4616354,0.9638358426764482
38885,val,-2.472198,2.6175294,0.9732802995071372
49727,val,-0.36702162,0.42270246,0.6424081915100673
43568,val,-1.0884597,1.3839756,0.8536486311069132
28681,val,-2.030806,2.1883109,0.951935693927388
28436,val,-2.0769281,2.395691,0.9594325483643712
27447,val,-2.863522,3.1603746,0.985923432284204
30387,val,-2.6559234,2.9064941,0.9806607932421959
46473,val,-0.01058039,0.17780606,0.5411502591145215
5978,val,-3.228365,3.5656846,0.9917403019766166
410,val,0.4585549,-0.45683798,0.35262357622301926
32969,val,-2.5699937,2.9615278,0.9802464158100628
31371,val,-2.1582413,2.3273787,0.9597852194395918
2053,val,2.543142,-3.0319924,0.020457507133136755
7044,val,-2.7729836,3.0290837,0.9835980259408332
36526,val,-0.85585403,0.9100047,0.7805712053206423
31579,val,-2.6540928,2.9938092,0.9817634058966636
11884,val,-2.3260021,2.5724995,0.9695704211420167
31076,val,-1.6711899,1.8592107,0.9244180180277658
12590,val,2.7595882,-2.9463596,0.018701225322783212
50005,val,-0.9103755,1.0422363,0.8021364205210998
15740,val,0.107378885,-0.19972403,0.45467390553056614
4702,val,-3.058342,3.390206,0.9895046016117957
26306,val,-0.8616822,0.9453693,0.7854691663213287
7470,val,-3.0716047,3.3887115,0.9895897919103352
48820,val,-0.50039387,0.4950736,0.6747669115801
25202,val,-2.4948442,2.909131,0.9784417634293614
42823,val,-1.3096501,1.4400742,0.8762702969960172
45590,val,-1.8654157,2.2481446,0.9484404649018403
48309,val,-1.9694248,2.0814357,0.9462518856615969
4161,val,3.294593,-3.5646713,0.008430287004106772
7362,val,-3.047653,3.4292958,0.9897090306756011
2502,val,-3.0981777,3.4224954,0.9900160814005747
4096,val,-2.9453046,3.2256117,0.9872823042294011
1661,val,2.8077607,-2.9746938,0.017743511948977067
11611,val,-2.3483644,2.553197,0.9696335348562448
27446,val,-0.29479915,0.42742983,0.6314852953999609
3276,val,-3.1982327,3.5447512,0.9914423396451704
10742,val,1.9667993,-2.37982,0.047023803828097246
43406,val,-0.45179227,0.5104547,0.6696439666344146
42924,val,-2.5996563,2.881198,0.9795479600032216
30206,val,-1.2762587,1.5089072,0.8789346146298085
6045,val,2.0252104,-2.2504327,0.049300589239854364
44001,val,-1.7974535,1.9917839,0.9361415796278922
35207,val,-2.195854,2.5411239,0.9660521555580626
6439,val,3.3023238,-3.575708,0.00832119717899846
1797,val,-1.6327868,1.8403453,0.9215695435419391
65,val,-0.431777,0.5450801,0.6719020550295578
14505,val,2.4412947,-2.624917,0.028957067395914065
39552,val,-2.5596814,2.8868847,0.9790616322196681
48004,val,-1.4215627,1.783925,0.9069162062704432
29208,val,-2.082602,2.462357,0.9613579029371986
6923,val,2.920139,-3.3489764,0.012686721779065617
34780,val,-1.3041542,1.6545689,0.8912765267745112
39654,val,-2.3699253,2.6099563,0.9712066063927
6051,val,3.3022811,-3.5538988,0.00844835113185015
416,val,1.4678084,-1.3708011,0.12416933405375649
47779,val,-0.53664273,0.5196498,0.6840387059686621
37006,val,-0.05447161,0.17249593,0.5478471148118271
40058,val,-2.5706663,2.908783,0.9795282511905792
46389,val,1.3808733,-1.5320684,0.11862150401771017
48583,val,-0.40325242,0.43705586,0.6504991713205754
46615,val,0.8479585,-1.0593435,0.21387345768064867
42624,val,-2.7614849,3.050796,0.983712949594952
44358,val,-2.1078491,2.2901702,0.9573509850605899
29859,val,-1.3217815,1.2588359,0.8628567382088611
26355,val,-2.8245487,3.1390185,0.9853252641780773
32400,val,-1.8761884,1.991805,0.9393584672107845
37075,val,0.039089397,-0.14590819,0.4759321788514606
27720,val,-1.4977738,1.5566324,0.8975976869350346
3702,val,-3.1238723,3.569619,0.9911433942294796
2288,val,-2.4106095,2.678368,0.9732666488073696
16617,val,2.7063665,-3.0024753,0.0186640930069841
28824,val,-0.5876984,0.8558047,0.7395038602577986
31760,val,-1.0028691,1.1310072,0.8215027835275033
25414,val,-1.1453307,1.4177372,0.8613968169122399
31322,val,-2.1468713,2.4699311,0.9631830609641594
28964,val,-0.72221494,0.8127709,0.751647323440515
31152,val,-2.3146,2.565874,0.9691959628122868
4030,val,-3.207602,3.5719893,0.9916570000251933
42035,val,-0.7884347,0.82392114,0.7616171976891951
12985,val,-0.998718,1.0701822,0.8147367941123912
30825,val,-2.1588316,2.3770442,0.9611210498826797
29878,val,-2.2483053,2.3611479,0.9630002293004677
11288,val,-1.6512983,1.6593262,0.9129447129179299
5486,val,-3.0760317,3.5518796,0.990731282227192
25615,val,-1.9919738,2.1971855,0.9509672520705091
32342,val,-2.5453045,2.8444781,0.9782312442682551
14944,val,-0.53820264,0.83216417,0.7295233590477586
30620,val,-0.638033,0.89160407,0.7509478599711263
32498,val,-2.5261743,2.9417915,0.9793664674113968
40159,val,-2.4023848,2.7094343,0.9736794521754217
182,val,-0.50916415,0.5717789,0.6877555116898499
32136,val,-2.4257836,2.702187,0.9739676039045225
6656,val,-3.178959,3.5422869,0.9913122895212167
14360,val,-0.3286708,0.42426604,0.6364723291771309
12952,val,-0.945265,1.0934368,0.8115254308859176
30653,val,-1.88155,2.00585,0.9401275603105247
1351,val,0.10907748,0.100861125,0.50684406420168
26513,val,-2.729096,3.0643597,0.9835005079503709
1735,val,-1.1901692,1.395411,0.8632672347064065
5664,val,-3.2057247,3.5867476,0.9917312553929448
26986,val,-2.6527634,2.9312801,0.9809457599252648
24,val,2.9069667,-3.027899,0.01597697874371024
15540,val,-1.0010082,0.9623339,0.8033256209748951
30736,val,-2.4315615,2.5898972,0.9720092650621376
30626,val,-1.0286468,1.2123532,0.8322327996471892
25954,val,-0.57227606,0.8092804,0.731065839625963
6524,val,-3.0095763,3.320744,0.9886095433105754
44562,val,-1.458758,1.631645,0.8998902474660484
16254,val,-1.4977287,1.5111378,0.8946308134393502
7329,val,3.345975,-3.5595293,0.008164026279524185
5233,val,3.2053008,-3.5565476,0.009019731564765186
16796,val,-0.30881336,0.44070154,0.6359180264988982
47119,val,-1.6554966,1.8010709,0.9207275078797286
40989,val,-0.80686,0.95890874,0.7805604233054118
4263,val,3.309218,-3.5848703,0.008228976564538663
37104,val,-1.5290854,1.7247325,0.9097326355871354
12964,val,2.6040754,-2.8651583,0.021996733605333843
24707,val,-0.71297836,0.43955502,0.6984127237586366
13406,val,-1.4470521,1.5828735,0.8960121079071658
29644,val,-1.7548066,2.0544043,0.9369721649340569
39692,val,-2.5845742,2.9680047,0.9805297710789123
48305,val,0.10840367,-0.06343974,0.47822888937116304
28828,val,-2.0895782,2.3313098,0.9579997099468381
11415,val,-2.3991184,2.7842765,0.9749332311059632
31354,val,-0.25154006,0.13300553,0.5749948745977425
47543,val,-1.0284785,1.1274453,0.8237542177644813
3283,val,3.0940833,-3.4388177,0.010570652283550709
27960,val,-1.8483286,2.1003504,0.942496506330985
8664,val,-2.985142,3.3854601,0.9889226709479875
612,val,2.788698,-3.1646254,0.015775151344446008
38448,val,-0.037645537,0.065578476,0.526318561083557
47617,val,-0.4760739,0.5476838,0.6790969042421255
14797,val,0.52102196,-0.6256735,0.31660711829804505
42375,val,-1.8372811,2.050004,0.9401230330756185
3503,val,3.2269614,-3.567223,0.008819678903019847
33203,val,-2.4537442,2.6419387,0.973388479002085
47416,val,-0.23044005,0.4153894,0.6189571883366493
11201,val,2.3990226,-2.638901,0.029518979974333726
12416,val,-0.10351922,0.045866612,0.5343654486286422
1826,val,-2.042429,2.1224518,0.9501688512301727
25196,val,-1.4279313,1.512003,0.8899957131247515
31971,val,-1.2293137,1.43956,0.8700035873974928
623,val,0.077794656,0.015506002,0.4973836342055554
41960,val,-1.3572129,1.61238,0.892011520522178
10661,val,-2.7839506,2.9526904,0.9828427064374123
42735,val,-2.6930366,3.0789108,0.9832544539162538
24553,val,-0.40488175,0.4837109,0.6581423527529745
34848,val,-1.5690881,1.7882595,0.9155087538837562
27818,val,-1.6594914,1.814478,0.9216118960136921
29562,val,-1.4135541,1.7171406,0.9024021315660542
17172,val,-1.4272232,1.5164999,0.8902550535087076
42470,val,-1.7748175,2.0333018,0.9369270329773978
36532,val,0.07212795,-0.13054654,0.47284742342153946
39326,val,-2.648518,2.956378,0.9812166341057504
33383,val,-2.4486644,2.6872287,0.9741078180641709
316,val,1.6754521,-1.7589983,0.08544715334110316
13556,val,0.12696566,-0.25823435,0.4411586111074636
29232,val,-2.4938917,2.8836231,0.9780476564687605
38606,val,-0.68199295,0.9219683,0.7605488928735272
47096,val,-0.32760504,0.47616348,0.6446629948683444
34743,val,-0.9694553,1.0424861,0.8086440957343578
28141,val,-0.32113516,0.6407575,0.6695891065224694
40453,val,-2.3855782,2.801999,0.9750046652066113
36313,val,-0.40419504,0.42239052,0.6483125342015172
49796,val,-2.328424,2.835171,0.974592340728391
25250,val,-0.93020344,0.8167471,0.7782962078353733
1520,val,-1.1463224,1.0583156,0.8286495180917586
16409,val,-1.5879859,1.7971818,0.9170027066701509
40892,val,-2.211537,2.5056112,0.9655940580645874
48837,val,-0.44828975,0.64015585,0.688881998049755
4863,val,3.2350483,-3.508277,0.009136347739141435
47927,val,-0.69628066,0.79175395,0.7454626967072572
44114,val,-0.546006,0.77266663,0.7223255413458056
33328,val,-2.066813,2.3776355,0.9586581892395436
2599,val,3.316766,-3.5679264,0.0082828177567373
48943,val,-0.035134457,0.04206528,0.5217757289632194
41414,val,-0.84108776,0.8369964,0.7698682590941301
48353,val,-0.63913465,0.798595,0.7387247266166583
4654,val,-3.1757255,3.5101626,0.9910965613693299
49036,val,0.27864498,-0.19860844,0.4253407722288383
27090,val,-0.2370303,0.2282934,0.5887484628725446
5264,val,-3.0132926,3.426107,0.989437897918646
43656,val,-2.6850348,3.0574625,0.9829116846386903
15289,val,1.2751843,-1.4516257,0.13293178588509685
8947,val,0.48810863,-0.5525476,0.33287847964231987
30392,val,-1.5543569,1.5547494,0.9010633294275784
6226,val,-1.8854378,1.7341686,0.9286661850570295
15702,val,-2.243621,2.4692984,0.9654956027627752
34437,val,-1.8971817,2.0886512,0.9438896731606276
48689,val,0.2935184,-0.23683025,0.4162841430362239
36711,val,-0.22653079,0.27631035,0.5950908330819948
37922,val,-0.84893537,0.96787506,0.7866178252140635
35809,val,-0.27874446,0.21578403,0.593688224028483
16562,val,-2.094366,2.3381774,0.9583267086275913
34998,val,-2.8361745,3.280559,0.9867972673438083
15989,val,0.75237256,-0.8290002,0.25471422973347746
13052,val,2.2447178,-2.5126412,0.03569489852025078
44310,val,-1.2200623,1.3917729,0.8654217195568747
677,val,0.068434164,0.077789724,0.5099177011718523
4560,val,-2.924905,3.1751676,0.986644484352061
6515,val,3.0786648,-3.411321,0.01088944939129708
28213,val,-1.4377738,1.7002369,0.902852162892
11435,val,0.46567026,-0.79304427,0.2998930942426572
30436,val,-0.48954514,0.5232542,0.6774232683235396
7588,val,-3.1599827,3.4701467,0.9907455259869504
42459,val,-2.6461487,3.0566964,0.9824392648422461
31339,val,-1.643062,1.9293106,0.9264450028901227
4974,val,-2.9792423,3.4217432,0.989153208523901
32585,val,-1.637415,1.7533275,0.9172991732866388
6918,val,-3.204416,3.540063,0.9914512131026464
24715,val,-1.8184495,1.9678643,0.9360191509401244
1428,val,2.2391167,-2.238566,0.04307991183526934
483,val,2.3227277,-2.4851384,0.03449795098490201
12379,val,-1.7022687,1.824639,0.9242470375144558
35538,val,-1.9795209,2.1043744,0.9474156941277667
29606,val,-2.3052402,2.621976,0.9701577732906886
5085,val,2.6488605,-3.1085129,0.018052050679082717
38508,val,-0.11110574,0.06837932,0.5396029641509803
29688,val,-1.0453279,1.1146712,0.8241679224289218
34334,val,-1.4866372,1.5367457,0.8955846860046246
37630,val,-0.23956527,0.4596413,0.6277278121061637
30877,val,-2.0048819,2.223792,0.9522408040502461
151,val,2.5505385,-2.9377897,0.02171107256268721
32849,val,-0.63214403,0.8123221,0.7396336765595343
49367,val,-0.30997035,0.28961623,0.6112953487190331
33236,val,-1.9179215,2.055894,0.9434425610908923
41741,val,-2.3430307,2.5302608,0.9690455301291611
16082,val,2.7059064,-3.0614784,0.01792826732259462
31380,val,-0.20470145,0.31113422,0.5972803068631474
48901,val,-0.08199409,0.013499188,0.5249694938542939
28441,val,-2.663931,2.999251,0.9819538854455777
10921,val,2.5793502,-2.8878827,0.02202687834761727
43577,val,-1.5916203,1.7508986,0.9147025099652282
1464,val,1.3856949,-1.5920334,0.11396233399051496
7624,val,-3.1738334,3.560224,0.9913891717795149
2518,val,-2.4270563,2.5822353,0.9717766538661141
3820,val,-3.10914,3.4172401,0.9900554835695072
33303,val,-2.2915778,2.7636228,0.9726446510722018
47814,val,-0.21553002,0.2812107,0.5940616470747291
30259,val,0.5931121,-0.7474208,0.2880099039841445
1670,val,-2.6923287,2.9840205,0.9821164640251037
37567,val,-2.0367692,2.2712896,0.9547049801040381
1009,val,2.3111336,-2.4337268,0.03599721654803773
12009,val,-0.6915849,0.90751785,0.7599290994872918
42050,val,-1.8373276,2.0418587,0.939803167327549
49561,val,-0.09215967,0.17759702,0.5552540897976251
13684,val,-1.2177315,1.3679203,0.863273143354025
5770,val,-3.217662,3.5632088,0.9916644059788493
4104,val,-3.1350167,3.4100304,0.9901832910726873
13952,val,-0.37803188,0.24444684,0.6150954149075958
46176,val,-1.2974447,1.5925924,0.886529932302457
25319,val,-1.2912042,1.5049764,0.8797525087321131
36759,val,-0.19741438,0.26549083,0.588338576737795
41485,val,-2.5888,2.9163613,0.9798860028444344
14303,val,0.55264115,-0.56355053,0.32124423751748044
26037,val,0.17727727,-0.03275786,0.47156353396714146
42865,val,-2.7572455,3.1790073,0.9850462710712078
38824,val,-2.8455396,3.2737885,0.98682090331954
43635,val,-2.3551993,2.7409964,0.9733977746442933
13683,val,-0.121042505,0.13726807,0.553274985442259
39308,val,-2.218975,2.5243504,0.9661975487235615
25147,val,-1.3219687,1.6986922,0.8954064042010973
11939,val,-0.10620606,-0.10491747,0.5085067261039438
32261,val,-2.593192,2.9353411,0.9802058776522063
35712,val,-0.49332857,0.45871097,0.6680616812800402
48867,val,0.16743515,-0.15786943,0.45151724682196775
15490,val,-1.0542003,1.2258931,0.8360182285998878
43692,val,-1.5648934,1.8793284,0.9200945595314317
35959,val,-0.040356252,-0.04329544,0.5077671990978564
38142,val,0.09016452,0.03129876,0.49798251574979996
43040,val,-2.271869,2.5162597,0.9672068054434874
48481,val,0.22307348,-0.17010923,0.4397816993819873
7129,val,3.2786994,-3.5463414,0.008632882733303015
16771,val,0.7262413,-0.8801577,0.2514035594826924
11847,val,-2.0089622,2.1859324,0.9511540779556535
27988,val,-0.7161558,0.9637963,0.7700998041733094
47422,val,-0.22650084,0.23964421,0.5888876378814053
43488,val,-1.9391935,2.291685,0.9523109267294766
24802,val,-2.7768822,3.0962949,0.9843818953978581
17191,val,-0.7839522,0.867415,0.766538744829293
25937,val,-0.8685619,1.1859686,0.8132139931341734
12013,val,0.50935596,-0.43337154,0.3482688357604863
41028,val,-1.9963309,2.122559,0.9486225627668967
16041,val,-2.1468363,2.287952,0.9583894040617641
35052,val,-1.0002704,0.9465596,0.8014933970124721
32659,val,-1.847823,2.1919484,0.9458558018709825
36249,val,-2.5748878,2.865512,0.9789729771490597
24674,val,-2.675118,3.0069523,0.9821866538213995
37576,val,-0.39646348,0.42043915,0.6467658571155651
24892,val,0.91391224,-0.9130576,0.22347812067887635
12263,val,-2.546292,2.853209,0.9783756137749472
37719,val,-0.54147977,0.51638657,0.6842767148157759
48285,val,-0.60193807,0.72439057,0.7233989579005818
34644,val,-1.2234563,1.5463074,0.8777828879553307
49253,val,0.9235702,-1.067839,0.20414323681856536
43969,val,0.081302434,0.05715378,0.5040567725841838
25428,val,-1.0498048,1.2000135,0.8330927255881051
39523,val,-2.001616,2.127199,0.9489600524741586
23,val,0.010457966,-0.30803695,0.45269778305869834
29369,val,-0.7346651,0.8318264,0.7557405658701706
13578,val,2.6266675,-2.8243897,0.022272073975338837
33341,val,-1.820559,1.9325935,0.9346151082308607
16245,val,1.7454436,-1.9106613,0.07407834987263517
219,val,2.2290297,-2.3612354,0.03994618957049363
33612,val,-2.5623078,2.8866754,0.9790962827676036
7052,val,-2.936214,3.2516093,0.9874300212698687
35774,val,-0.81491,0.9654606,0.7823058366078599
47890,val,0.029560355,0.12042696,0.5241619323592204
46445,val,1.0092224,-1.1766142,0.18292255866624005
30751,val,-2.445992,2.73452,0.9748838745928273
10706,val,-2.297176,2.4406855,0.96607243004675
35923,val,-0.31395712,0.47343972,0.6420339464865702
30692,val,-1.6343957,2.0190551,0.9302194678384702
24722,val,-2.8561883,3.1476436,0.9857272053065612
36405,val,0.07990377,-0.18533514,0.4619476815375207
37550,val,-0.87992233,0.9581539,0.7891053296546482
13360,val,0.21353677,-0.2935434,0.4202465488535131
39900,val,-2.2269316,2.7088034,0.9703299041242304
28693,val,-1.6779016,1.7228044,0.9178266295249856
32092,val,-1.4612666,1.818364,0.9112052225845574
34320,val,-2.1299436,2.4711647,0.9627915701325535
36105,val,0.19697548,-0.16595888,0.44500386436756323
28608,val,-0.3494554,0.45414707,0.6446363717771761
1133,val,0.2540235,-0.6670503,0.3517164899233067
49283,val,0.009252933,0.13841812,0.5308425561988019
32763,val,-2.0155602,2.4347482,0.9588204225178342
49890,val,-2.4962103,2.7556238,0.9760775449689518
13663,val,1.5976483,-1.8062648,0.08713216551760608
33927,val,-2.4506786,2.6962864,0.9743025425917948
10961,val,-1.2049009,1.295471,0.8560744464646595
42632,val,-2.3459995,2.6968296,0.972413329983215
28149,val,-2.6046944,2.8112204,0.9786173198605878
26529,val,-1.129305,1.3506132,0.8543016974100844
36682,val,-1.2814778,1.38882,0.8701162660495426
36825,val,-1.0952356,1.1021343,0.8279260525276234
48515,val,-0.26118028,0.27368954,0.6004803984954673
43932,val,-2.3164458,2.739452,0.9726576297532721
47,val,2.7891545,-3.0334997,0.017259759128561068
43822,val,-2.8725982,3.3310766,0.9875669773720674
13633,val,-1.2748828,1.4839633,0.8769607987373622
32415,val,-2.1239781,2.2366586,0.9562698762879357
38725,val,-2.393958,2.6595395,0.9726129204444737
16380,val,0.96909314,-1.1065631,0.19473069682748737
32007,val,-2.283423,2.790689,0.9729946134843628
32280,val,-1.4413903,1.7188302,0.9042070115180649
14991,val,0.15073332,-0.17496029,0.45144982112424964
42037,val,-2.406497,2.6701288,0.973040804949234
32514,val,-2.5603557,2.970371,0.9802356407505145
11265,val,-1.7121061,1.9910697,0.9324448953849231
13536,val,0.14303114,-0.3483819,0.4229203506062952
44072,val,-2.1824064,2.3580616,0.9612409680002327
31336,val,-1.8079762,2.107905,0.941239752735871
32069,val,-1.137865,1.3622619,0.8560533205916913
3013,val,2.8609228,-3.180602,0.014844824394478087
30996,val,-2.0707111,2.3403916,0.9577232923538386
5088,val,-3.0760317,3.4733896,0.9902130044399591
47820,val,-0.6258088,0.82921845,0.7410545560687742
26704,val,0.78833365,-0.90528107,0.24009109154371566
41470,val,-2.6525521,3.0404196,0.9823196514029846
48415,val,0.034630295,-0.014377509,0.4997073242809193
40583,val,-2.5844111,2.8519418,0.9789145986104592
7503,val,3.311706,-3.5548408,0.008387788372183139
35916,val,-0.6022354,0.8638986,0.7425433899414113
27863,val,-0.46799505,0.5956321,0.6851471050023585
48981,val,-1.2362932,1.306296,0.8596767550834171
16427,val,-0.62164336,0.86657804,0.7454875028533162
34857,val,-2.2231674,2.41603,0.9637348487149621
46360,val,1.8413671,-2.0743818,0.06253909794450423
33352,val,-2.2339206,2.5668526,0.9674863350326623
47498,val,-0.9161093,1.0198574,0.8002809974127463
28636,val,-0.70310336,0.6972119,0.7336392163613025
39321,val,-2.638934,3.0397189,0.9821447585734344
3736,val,0.919018,-1.1137085,0.19948535827313044
24871,val,-1.7603654,1.9323528,0.9319824010617392
35843,val,-0.001697308,0.06720223,0.520326041364835
770,val,2.0545788,-2.3847547,0.04420000850235356
4673,val,-1.6052538,1.7398313,0.9148425341496442
31913,val,-2.7598414,3.1181297,0.9844333959682793
37372,val,-1.9629557,2.154816,0.9485844039939726
42502,val,-2.0036006,2.1759229,0.9506518403832368
28738,val,-1.7223517,1.9862207,0.9326824204524501
16981,val,1.3745025,-1.7508546,0.1039382485295732
46616,val,-0.13429222,0.25854295,0.5764120287216242
25104,val,-2.1090984,2.435764,0.9613553923735865
44274,val,-0.28547648,0.30070522,0.6090638280043813
24659,val,-1.8649577,2.05772,0.941502279317737
36092,val,-1.1863593,1.4157497,0.8646269500337571
5499,val,3.2568717,-3.5242708,0.008899830829370186
9060,val,-3.049649,3.3757443,0.9893349638323392
43149,val,0.013220158,0.0073018842,0.5072460739106283
1857,val,-0.89431745,0.70652145,0.7601507062204333
28967,val,-0.53288424,0.61303204,0.6974363681112565
5953,val,3.1649702,-3.4081116,0.01028054685323487
33562,val,-2.6286552,3.0797217,0.9825059331997129
41122,val,-1.7168483,1.9449092,0.9305958897364294
39657,val,-2.131489,2.361669,0.9599883541372162
31653,val,0.5415015,-0.66796726,0.3071789178589096
47541,val,-0.40406284,0.5114167,0.6623633845241245
39820,val,-1.5707564,1.7774099,0.9150103827005196
38751,val,-2.6696186,2.9857297,0.981856477513882
33786,val,-2.1175246,2.5137117,0.9635396145545065
31610,val,-1.6209658,1.6007884,0.9078728259666448
1146,val,-1.3739866,1.5374631,0.8880287355790538
49150,val,-0.057010047,-0.009553571,0.5165793347208626
43376,val,-1.5950983,1.6361905,0.9084294345232489
42517,val,-2.7153401,3.0961256,0.9837038066383156
47170,val,0.034536976,-0.0022656745,0.5018428181269711
15240,val,0.53676015,-0.62480295,0.31436003717268485
25457,val,-0.88328195,1.0061728,0.7950272271252065
45052,val,1.7181581,-1.6975182,0.08647954984205874
25493,val,-1.0243945,1.0491736,0.8152293960254673
27180,val,0.28182814,-0.3931813,0.39191019431952395
25736,val,-0.56813234,0.77018756,0.725075048034229
5478,val,-3.1068032,3.5057976,0.9906323659069436
37897,val,0.056423172,-0.082309335,0.48401388912655763
47807,val,-0.39193738,0.53096753,0.6635246060714398
40137,val,-1.778994,2.0443823,0.937555104938305
39357,val,-2.5977674,2.921679,0.9800821090668634
29355,val,-2.339781,2.5529642,0.9694513344662167
381,val,-1.6983621,1.9991256,0.932193700451948
35537,val,-0.14179094,0.22215115,0.5714672816984903
49172,val,-0.6362706,0.59927016,0.7105064606405934
33244,val,-1.2793835,1.5207185,0.8800425372123034
48750,val,-0.47513485,0.6279793,0.6910779764498575
42139,val,-2.6594381,2.928016,0.980990323793218
4454,val,-3.166678,3.5659432,0.9913805866773735
24583,val,-1.6807482,1.7674681,0.9202998586672594
44554,val,-1.1454693,1.2883114,0.8502363628922904
48678,val,-0.016073065,-0.036878567,0.5046416703846954
28858,val,-1.786559,1.8920835,0.9313552640919123
8378,val,-3.2532296,3.6111512,0.9921339022288629
47977,val,-0.7961356,0.88369507,0.7700847520629693
5366,val,-2.9403784,3.2964153,0.9878483857445336
36258,val,-0.5542668,0.47041717,0.67923816810155
4718,val,-3.0071602,3.3474345,0.9887992705948185
26264,val,-1.0958467,1.3354508,0.8500149273254786
150,val,0.9649163,-1.1395391,0.19158950966666932
40451,val,-2.6179872,2.871268,0.9796654177836895
25481,val,-1.0903562,1.2742187,0.8439637401479309
6674,val,-3.1482427,3.4973307,0.9908441062088789
6435,val,2.5512319,-2.8171787,0.023567061630438077
29037,val,-0.93546647,1.0801091,0.8090373609919873
34951,val,-2.911395,3.319779,0.9878010823072108
29520,val,-2.2371044,2.461413,0.9651582317923291
48937,val,0.037847295,-0.06388353,0.4904836713116691
43639,val,-2.7119086,3.1767297,0.9845473875945784
26900,val,-0.85316825,1.0665896,0.7984616773291893
7080,val,-3.152502,3.559753,0.9912579303896859
31413,val,-1.3166837,1.4038244,0.8740362558309951
43546,val,-2.3817651,2.8567753,0.9758593328277891
34156,val,-0.6113255,0.6340551,0.7119208877303879
32721,val,-1.8745571,2.2012577,0.9471332387117738
35483,val,-2.5480072,2.938168,0.9796224330457145
28331,val,-0.9794755,1.1938947,0.8255199309513551
14470,val,2.4933538,-2.7291274,0.026035227658135
42143,val,-2.990656,3.41264,0.9891705444419856
8803,val,3.186674,-3.5451536,0.009209482369553238
35519,val,-0.26457313,0.24751174,0.5966487207849579
4746,val,-2.7182374,3.090585,0.9836741234788299
48783,val,-0.81298745,0.83450675,0.7660533157724009
36276,val,-0.6010595,0.77138746,0.7298105254757387
30979,val,-2.080358,2.3906937,0.9593898316699887
43059,val,-2.5062742,2.9525228,0.9792363942802985
36340,val,-0.51061076,0.597303,0.691794646211723
34173,val,-2.5782366,3.0811782,0.9819071075483824
29601,val,-2.0063875,2.203124,0.9516271743736515
40991,val,-2.5865211,2.9862819,0.980798161272286
41295,val,-2.719542,3.0714834,0.9834728855606183
565,val,-1.1202035,1.3551699,0.8539053355662661
4364,val,-3.1959152,3.582718,0.9916514499124053
2578,val,-3.2105088,3.5609899,0.9916100105381774
44602,val,-1.6248726,1.8864309,0.9234788626648577
31527,val,-2.964942,3.3623447,0.9885856103140357
37573,val,0.28681892,-0.27121875,0.41158305648077803
29994,val,-1.5412385,1.7006754,0.9090461415039217
49057,val,0.19896556,-0.23698194,0.432421607121418
27591,val,-2.4739149,2.772565,0.9759898866762209
7723,val,2.8956969,-3.2794628,0.013537325692682053
37023,val,0.49749732,-0.5921658,0.32530595965491643
3963,val,3.278468,-3.5712075,0.008486571295176786
40751,val,-1.2633137,1.3802261,0.8679851279664574
16262,val,1.9988743,-2.3206067,0.0478823022954051
38542,val,-0.092937395,0.22328031,0.5632688665983303
12367,val,0.042859893,-0.027414782,0.4959864042798281
17058,val,-0.7864248,0.77878016,0.7555743192267506
13819,val,0.34992057,-0.40885422,0.3780308609181414
10520,val,0.9694354,-1.2956032,0.1747828790046291
15653,val,-2.184739,2.4906254,0.9646092021230742
3124,val,-3.0329995,3.3283513,0.988851517646969
11295,val,-1.534603,1.8532974,0.9171481475639777
48145,val,-0.88600755,1.1113353,0.8070581305865755
14452,val,2.2314954,-2.6324944,0.03321329796940081
16005,val,-2.2481143,2.488115,0.9660349738241385
36521,val,-1.5538263,1.7204422,0.9109011132081137
13127,val,0.045516517,-0.31763837,0.4449657479580964
39665,val,-2.513128,2.8568766,0.9779345206936031
39216,val,-1.8309203,1.9856832,0.9372770203933692
1143,val,-1.3903569,1.5648106,0.8910351583154059
33190,val,-2.18064,2.4440813,0.9633790898391669
4233,val,2.8628495,-3.310501,0.01355424432514891
11657,val,-0.15943052,0.102384314,0.5538810761470732
37750,val,-1.834133,2.0011697,0.9380419991195329
17060,val,-0.51962835,0.5595391,0.6874885815966345
32712,val,-2.6476853,3.0338645,0.9821802796104463
3839,val,-0.6805169,0.6881495,0.7292884737843062
40851,val,-2.1798797,2.5255976,0.9653216632548545
1391,val,0.038161065,-0.08728532,0.48633647821842524
42918,val,-0.5614441,0.49165604,0.6835556178068631
26710,val,-2.4399672,2.6080058,0.9725097393914545
48337,val,-2.376311,2.5499024,0.9701374525400801
15459,val,1.0267951,-1.1492654,0.18394738384458684
5356,val,-2.976454,3.374604,0.9887718235785219
41018,val,-1.8425456,1.9838675,0.9376794220631111
36416,val,0.017198227,-0.014862177,0.5026725389125121
594,val,-2.2382882,2.450632,0.9649316572037377
348,val,-1.549141,1.7939354,0.9147329496463096
26230,val,-0.389908,0.6881414,0.6873204431938805
2487,val,3.329408,-3.5593996,0.00825919401331403
2513,val,2.6851435,-3.1030073,0.017674163120381826
33210,val,-2.5477118,2.8554695,0.9784300397269367
3759,val,2.8836462,-3.2639148,0.013797703562443944
25462,val,-0.3808523,0.50902313,0.6583443162484258
42702,val,-1.4375459,1.6955086,0.9025474953217726
48105,val,-1.5482713,1.9133795,0.920986787303396
38760,val,-2.60274,2.97563,0.9808714020376971
45491,val,-0.31026658,0.25311586,0.6052579637537667
38396,val,-0.7651031,0.68665224,0.7406149011760322
12168,val,-0.0069145435,-0.113397606,0.48965251339003646
49168,val,-0.3164787,0.32703006,0.618574055218499
33937,val,-2.0246031,2.1851242,0.9516341253231091
3838,val,-1.5864472,1.7757027,0.9157683737827261
12730,val,1.2521492,-1.4549454,0.134530242239782
12489,val,-1.7538865,1.9404244,0.9320530304964885
27065,val,-2.4115694,2.7316082,0.9742360915889344
30039,val,-2.2764955,2.5268884,0.9675437613337307
7742,val,-3.0782955,3.4910307,0.9903470927864604
13811,val,-0.38638848,0.50642186,0.6588061768098549
4321,val,3.067987,-3.40872,0.010990003374923599
15697,val,2.7648356,-3.167943,0.015999959823015938
48424,val,-0.17223206,0.25072944,0.5815515718811002
8896,val,0.2144306,-0.25702378,0.42633309126173197
48858,val,-0.13966545,0.43588653,0.6072910370811306
3894,val,-3.020438,3.479714,0.9898731190224422
43870,val,-2.0929372,2.4717393,0.9618672928922902
46171,val,2.891436,-3.2668161,0.01369625741216024
40220,val,-2.3793142,2.624785,0.9716768115783112
13255,val,2.4019086,-2.8216312,0.026016447813985873
1292,val,2.5728917,-2.7970822,0.02354189740593322
39369,val,-1.7627767,2.0259783,0.9361213970606923
1862,val,-2.1452808,2.3766937,0.9607558656250832
25694,val,-1.0336071,1.1445953,0.8260065086464295
43151,val,-2.3883917,2.7363646,0.9739105043148402
5375,val,3.0737424,-3.444595,0.01067778918083555
29344,val,-0.43174967,0.55688965,0.6737172989292576
3712,val,-3.0167847,3.3269815,0.9887150246472797
41771,val,-1.1841359,1.1840693,0.8442980326844464
28775,val,-2.3008757,2.5906692,0.969426443262026
6588,val,-2.982963,3.3189926,0.9883838186839484
6741,val,2.643661,-3.100946,0.018211114047521893
13701,val,-2.434521,2.7426383,0.9748263579545802
44467,val,-1.7707092,1.941649,0.9328485821008057
30198,val,-1.2376446,1.1591959,0.8469144501709398
38659,val,-0.17781028,0.12974559,0.5617770276820465
36063,val,-1.7489222,1.9221048,0.9310137305368904
48842,val,-0.107932314,-0.039274085,0.5202838893223102
30389,val,-1.4798058,1.4947602,0.8923463280855831
27678,val,-0.84044594,1.0959988,0.8003344582021692
15720,val,-1.9971185,2.327797,0.9552124142902211
28572,val,-1.4297185,1.593534,0.8955761504697133
4667,val,3.231835,-3.5413833,0.008948883352817611
6471,val,-0.08281097,-0.33668694,0.4639248967893715
50345,val,-2.4435236,2.8163903,0.9762092301628706
13266,val,-0.6990538,0.7453036,0.7396190234050908
31909,val,-2.4370792,2.6696653,0.9735882822048346
26991,val,-0.23712513,0.1246553,0.5710967492371998
27432,val,-2.360256,2.6263423,0.971337771197309
33117,val,-1.827592,2.1184897,0.9423979129787087
27474,val,-1.118261,1.341292,0.852518648188026
34976,val,-0.1261667,0.27784902,0.5783214193652753
8437,val,2.8724403,-3.2797205,0.013753966475357171
31602,val,-1.4185278,1.6572021,0.8989613136719234
6571,val,3.2337108,-3.5413673,0.008937346310469095
8165,val,3.3046336,-3.5657818,0.008365298875444595
34813,val,-2.1404102,2.2883024,0.9582195014555002
15688,val,2.7648356,-3.167943,0.015999959823015938
7227,val,3.333027,-3.5805528,0.008118388717037886
2603,val,-1.8083767,1.9597192,0.9352513201275585
48101,val,-0.9648721,1.1046692,0.8148045103548751
36951,val,-0.27036878,0.298004,0.6060921070756352
32223,val,-2.4197404,2.6093633,0.9721544728465832
26451,val,-1.0138452,1.227233,0.8322404410784427
16538,val,0.64477503,-0.73899114,0.2818452803132479
32757,val,-1.4531795,1.6897,0.9031506238234778
11425,val,-2.7148256,3.1095436,0.9838479442497299
6428,val,-2.6610599,2.994048,0.9818534809590718
5351,val,3.097834,-3.4949808,0.010140971683539285
8610,val,-2.9473531,3.1759381,0.9868569283162703
14045,val,-1.5778087,1.7501175,0.9139022953192775
45751,val,1.48269,-1.8177737,0.09306572603702516
11140,val,2.2722278,-2.6950052,0.03096977077291074
34196,val,-1.8941766,2.2143745,0.9482687591449895
49411,val,-0.5245907,0.70508236,0.7096610493696504
5444,val,-3.0446048,3.43031,0.9896945221454801
29883,val,-1.2707287,1.4749318,0.8759616102964783
48738,val,0.15570769,-0.1569974,0.4537019389315459
33841,val,-2.416552,2.7315145,0.9743218366709779
1844,val,2.785149,-3.2164013,0.015259573434394776
43768,val,-1.1297451,1.3710827,0.8561137614767695
31759,val,-1.2578937,1.38771,0.8681505538638242
3157,val,3.2134755,-3.5612051,0.008939810428454258
35393,val,-1.9090276,2.21505,0.9487992252944691
30473,val,-0.7918237,0.9174058,0.773707438178686
48962,val,-0.43439752,0.4384053,0.6556516908990918
14943,val,2.4049106,-2.4845908,0.03264473378106111
3469,val,1.7367203,-2.115821,0.06518337227934581
6415,val,3.2311118,-3.5722966,0.008763423764282631
41825,val,-0.7449406,0.9873503,0.7765208006585301
8585,val,3.0457702,-3.4487596,0.010855248898233898
35008,val,-2.2995408,2.6655948,0.9709166001953246
11951,val,-2.6429467,2.8422852,0.9796092483072928
34799,val,-2.762487,3.0382729,0.983583256627902
37560,val,-0.74829394,0.86666983,0.7619484194503765
47441,val,-0.53175193,0.8133413,0.7260190081537646
50303,val,-1.2804605,1.5374218,0.8813500089066508
3778,val,-3.0531301,3.4488835,0.989886172623849
13049,val,2.1430125,-2.2496018,0.04560211916097084
31038,val,-1.7492653,1.9164432,0.9307742758490921
27496,val,-0.026867025,0.21823598,0.5509892204111589
603,val,2.7325063,-3.0258148,0.018040297098188985
28670,val,-1.5562185,1.622845,0.9053432108920515
2738,val,-3.1033657,3.4708703,0.9903798864923066
25734,val,-1.1872979,1.3947011,0.8629711237418665
45389,val,1.5789078,-1.8534825,0.08555988911049907
24931,val,-0.15151192,0.23104352,0.5746544609299997
32338,val,-2.6976638,2.989045,0.9822433622992816
30477,val,1.0007361,-1.0627753,0.1960670175639846
27752,val,-1.8476003,2.2383516,0.9474873552140208
47797,val,-1.152763,1.4655488,0.8659487671659217
43101,val,-2.5190701,2.721459,0.9758920988620158
39782,val,-2.1295953,2.2459216,0.9567033108246723
43570,val,-2.6745605,3.055121,0.9827603788323459
30641,val,-2.4087284,2.6538348,0.9727814199586109
3335,val,3.1248844,-3.394786,0.01066794023880923
11362,val,0.50005263,-0.73576057,0.3032690291973678
28245,val,-1.1194087,1.3022383,0.8491518282508601
12502,val,-0.51353294,0.48331937,0.6749795764631682
16416,val,-0.76402324,0.9100022,0.7693646060913041
25007,val,-0.8958072,1.0760311,0.8042633952207616
27167,val,-0.4806079,0.6641061,0.6972587740134051
29687,val,-2.5867615,2.775961,0.9778242743593878
43940,val,-2.7825298,3.0556245,0.9840005452195367
40421,val,-2.8055801,3.2053208,0.985796644400859
15002,val,-0.982171,1.0189263,0.8074669602406882
10605,val,-2.5556874,2.7466168,0.9768886073503626
30073,val,-2.3150556,2.5196023,0.9682241094908868
29872,val,-2.099474,2.4490204,0.9614497128460193
16237,val,1.6897292,-1.8002292,0.08245979927562179
974,val,-0.24192421,0.090720415,0.5660949324999843
2715,val,-2.328473,2.3169842,0.9638876582145827
3183,val,3.2548373,-3.5728602,0.00861698436196571
30976,val,-0.3820305,0.43243423,0.6463759559396957
40333,val,-2.3198307,2.4494758,0.9667864033169978
31767,val,-2.7028553,2.9937205,0.9823634074282033
34632,val,-2.793526,3.1174748,0.9847836992992102
35613,val,-1.0324361,1.127293,0.8241405359935801
26941,val,-0.68964666,0.88815176,0.7571983919759755
12098,val,-1.8929199,2.2201986,0.9484253428200345
37877,val,-1.9258531,2.0542421,0.9436766189940732
14538,val,2.7648356,-3.167943,0.015999959823015938
38669,val,-2.3157148,2.6596446,0.9711179708738988
12226,val,0.33823454,-0.27728516,0.4018759194405114
38947,val,-1.8824619,2.0674207,0.9425421448282774
33154,val,-1.9709935,2.249872,0.9519916552399336
38162,val,0.09090298,-0.06985595,0.4801649511124308
47999,val,-0.37240013,0.5983495,0.670959065573084
32621,val,-0.7273622,0.47608235,0.7058643323049512
25882,val,-2.4191866,2.800678,0.9755494938794748
35143,val,-2.276627,2.5149815,0.967283966770832
42875,val,-1.023311,1.0541798,0.8156425754886897
883,val,0.77211577,-0.89814377,0.24308595449812967
26359,val,-0.84159404,1.0334495,0.7933787452672749
27218,val,-1.7841898,1.9836841,0.9352419121738332
30195,val,-2.5412364,2.992586,0.9802775709393767
9035,val,2.5375814,-2.9547029,0.02165234321264874
47638,val,0.043835316,0.09566416,0.5173434752412469
14630,val,-0.7203991,0.9746282,0.7719624265719113
5647,val,2.9082496,-3.2880669,0.013341009943404486
5800,val,-3.2059355,3.5848312,0.9917214606206408
24873,val,-1.2289289,1.4722244,0.872537329582391
9061,val,2.3617122,-2.706197,0.02892367966879414
42745,val,-1.4734863,1.8402821,0.9131194284223291
1572,val,-2.5522716,2.7418542,0.9767590249431247
41125,val,-2.5011544,2.822153,0.9772181660689202
12630,val,0.1237912,-0.42019612,0.41396658759449434
37965,val,-0.73726404,0.87436974,0.7615254376627587
29926,val,-2.0528045,2.3327284,0.9569927461999909
2229,val,-0.032136198,-0.21698907,0.475957440867791
2764,val,-3.1930876,3.5851429,0.9916491163639992
12304,val,0.6906032,-0.7879545,0.26861351614531936
42603,val,-2.4105322,2.793526,0.975284232390504
12280,val,-1.3538165,1.5940391,0.8905373070367777
3010,val,-3.131368,3.4380982,0.990348029096508
15798,val,0.0726084,-0.20469363,0.4598499422988792
37976,val,-2.2183878,2.4786818,0.9651241445366829
3928,val,-3.0978117,3.4885888,0.9904606628724137
34024,val,-2.3143373,2.6302004,0.9705067564409995
7190,val,-2.8361478,3.0884101,0.9849252266148212
5517,val,2.612372,-2.9449518,0.020708796958309697
34110,val,-0.038265504,0.12808265,0.5373180394018847
30,val,3.0209906,-3.4151702,0.011302758492397333
44575,val,-2.3335695,2.6751554,0.9717657735305234
25813,val,-0.38136548,0.577512,0.6691220760144605
14448,val,-1.2408129,1.3506724,0.8637543197264655
3192,val,-3.1399267,3.4255798,0.9903215033060926
25705,val,-0.3845503,0.4428213,0.6484379537475294
13988,val,-1.6548787,1.9354086,0.9272948452043519
32352,val,-2.128961,2.585632,0.9655346043196725
1701,val,1.9238337,-1.9243191,0.06537076795595015
13889,val,-0.46969473,0.4379275,0.6611324902021037
2660,val,-2.973503,3.4229426,0.9891190667090968
8983,val,1.8880433,-2.098534,0.05969512746529653
13083,val,-2.661226,2.9242215,0.9809641181137867
47812,val,-0.25194886,0.38822106,0.6180225686487691
30740,val,0.30836204,-0.30797645,0.40173818339015277
34053,val,-1.9146954,2.1992044,0.9484520831235408
37947,val,-0.7972186,0.65688425,0.7409303968844488
6264,val,-3.1875887,3.5908923,0.9916505685177828
43166,val,-2.731926,3.1711655,0.9847005285643249
42567,val,-0.94395447,1.0111003,0.8024076407794061
38407,val,-1.0581352,1.2945474,0.8428645439326696
26225,val,-1.4843756,1.5802184,0.8982512088184327
47615,val,-0.27064684,0.44556573,0.6305048765177371
42981,val,-2.762497,3.104167,0.9843116598554587
2869,val,3.2196455,-3.5756316,0.008812996247711433
751,val,-0.63901144,0.82349277,0.7420574460748763
25337,val,-1.857968,2.0610282,0.9413602144511308
25680,val,-0.13257708,0.15596178,0.5584978196443696
29381,val,-2.8678277,3.1925745,0.9862736456584323
33038,val,-2.1647696,2.3151727,0.9596315658862634
12625,val,-1.4305732,1.6428913,0.8988172099122516
15330,val,-0.06023911,0.18606173,0.5511966123356928
4079,val,3.2799563,-3.561132,0.008537291236273252
13162,val,1.6770805,-2.0786014,0.06943782600207074
14771,val,-1.7802826,2.099706,0.9398349247500628
47972,val,-0.4757016,0.58085936,0.684079307891178
4313,val,3.0121975,-3.4016619,0.011478515974498105
26824,val,-1.9054047,2.0313401,0.9420421587661897
25254,val,-1.0094625,1.1823846,0.827374690611208
32845,val,-2.3827221,2.546508,0.9701985579245943
6632,val,-2.912258,3.1960988,0.9867206673774458
12790,val,-1.7527589,1.7257508,0.9218411456635968
3596,val,-3.1071506,3.5182424,0.9907150829594772
3982,val,-3.1899772,3.5533276,0.9914442450028319
35704,val,-0.05507857,0.13977253,0.5422734887819209
3888,val,-3.1786141,3.4559493,0.9907739362815712
25047,val,-0.25497505,0.32365164,0.6078041200292079
16335,val,-0.5727295,0.62044185,0.7043693626339377
37089,val,-1.2015775,1.1746565,0.8450352919948405
38135,val,-2.4598775,2.714961,0.9747864686458655
34947,val,-0.37375942,0.53219706,0.6608712547858345
38951,val,-1.8530196,2.2024584,0.946416006222745
15679,val,-2.022947,2.217232,0.9526056680812162
12056,val,-0.33835632,0.52055496,0.6534533610924534
4884,val,-3.245257,3.627719,0.9921807087863067
27123,val,-2.0711627,2.3544626,0.9581329126479402
9045,val,2.6821358,-3.148531,0.017164898744051773
6502,val,-3.1574376,3.51009,0.9909824535525835
1512,val,-2.0337296,2.2266667,0.953240410234804
26067,val,0.12372634,-0.029821767,0.48142474695813076
35127,val,-1.287617,1.6198267,0.8877496503627609
2231,val,1.5921355,-1.9936817,0.07752397690062442
12683,val,-2.2468846,2.5489407,0.9673772282566404
49572,val,-0.542774,0.39283773,0.6655071869921758
28060,val,-1.3637052,1.4691651,0.8824425486482391
3295,val,2.8219628,-3.217775,0.014863125265253534
651,val,-1.2692146,1.2873826,0.8608552478990518
5681,val,2.7698665,-3.1174188,0.01650904011419946
3140,val,-2.6686897,2.910302,0.9808795622653907
26188,val,-2.574924,2.767124,0.9775083412064803
14742,val,-0.30557987,0.35774675,0.6218410981179003
4241,val,3.3300397,-3.5889187,0.008088132005203525
40391,val,-2.674161,3.0512912,0.9827101582110185
43852,val,-2.4956849,2.745824,0.9759082282604536
4808,val,-2.9152868,3.2292647,0.9870485275434911
14874,val,-1.7862867,1.9326305,0.9331355720896104
41496,val,-2.1551914,2.4533408,0.9629772552999543
25664,val,-1.4347978,1.6326238,0.8984319295819916
2874,val,-3.067652,3.5268445,0.9905140498368642
16521,val,1.9692353,-2.0949516,0.05671818158765949
39807,val,-2.8219905,3.139528,0.9853045172477738
12244,val,-1.2705182,1.2050205,0.8539197709934435
48668,val,0.04804493,0.018424438,0.5030994292905723
37827,val,0.15381998,-0.23930018,0.43979248574220353
6466,val,-3.0536263,3.4114923,0.9896243604609217
32075,val,-3.040752,3.264914,0.988413594291831
7459,val,2.8170152,-3.2244542,0.014845392986417832
10850,val,1.4690312,-1.609431,0.1070349451256158
44256,val,0.14134885,-0.47177956,0.4022782696095841
43542,val,-2.3941848,2.6948392,0.9732674953913518
32276,val,-1.9245799,2.0134783,0.9420923232468488
12596,val,2.5326867,-2.8771281,0.022909366291737638
6593,val,3.2976367,-3.5728252,0.008365028966224448
14109,val,0.59638697,-0.6875578,0.2961988448549774
38204,val,-2.7777638,3.2100477,0.9855685990905768
15587,val,1.7370976,-2.1400952,0.06413992761715537
38667,val,-2.677885,3.115643,0.9835013310738185
13045,val,0.15500262,-0.28188157,0.43226071852692305
6877,val,3.1346838,-3.4934897,0.009895551252553442
39079,val,-2.5526302,2.8994236,0.9791402208263906
33578,val,-2.1243973,2.3456423,0.9593622255229115
11808,val,0.9740479,-1.2161187,0.18247005548169712
34140,val,-0.85009176,0.9653558,0.7864576819318523
39024,val,-1.8829328,1.9638451,0.9385071238685657
43972,val,-0.30518517,0.2950826,0.6114086236737691
40808,val,-2.6764674,3.1062696,0.983378334909755
26145,val,-1.0128719,1.0251371,0.8114512468686871
15031,val,2.7298703,-3.0861585,0.017338586258508853
47513,val,-1.2566231,1.4939402,0.8763339551352846
12997,val,2.2379842,-2.4392939,0.03767506272158518
46320,val,1.7653834,-1.9653565,0.0705742898648689
24880,val,-1.7376637,2.1917486,0.9417613352789116
10915,val,-1.6327425,1.6265897,0.9100490542945124
38774,val,-2.7577457,3.113657,0.9843627924786487
40721,val,-2.3271427,2.6374269,0.9709054123691563
8213,val,2.7867928,-3.2171345,0.015234597457288031
34002,val,-0.06364347,0.056367304,0.5292466179009534
1453,val,-1.315977,1.6065558,0.8887976983155339
41900,val,-1.1717654,1.2761165,0.8514886932433705
37270,val,-0.12587176,0.06433751,0.5414670151850621
48122,val,-0.73570627,0.88662285,0.7628821457447015
32781,val,-2.20394,2.3459191,0.9614850978536613
24672,val,-1.9154522,2.294812,0.9516514179357893
44752,val,-1.9604105,2.0498927,0.9447898315757244
8299,val,3.3213782,-3.5825129,0.008173173187210399
15945,val,-2.1553965,2.3072245,0.9591593221619923
42321,val,-2.3305056,2.651332,0.9712448630387228
32126,val,-2.210053,2.7026918,0.9698631501097916
39801,val,-2.2050195,2.505012,0.9654282055409917
38225,val,-0.7120387,0.7066095,0.7361389564103114
34569,val,-2.1908782,2.5628715,0.9664350109345176
33570,val,-2.864101,3.1951709,0.986262931784178
12129,val,-2.3397102,2.644845,0.9712979366424579
12694,val,-1.3474919,1.416116,0.8773199416812557
31012,val,-2.4246335,2.6511974,0.9730262075750491
15204,val,-1.582986,1.7611336,0.9147898714968388
47342,val,-0.10973415,0.2588047,0.5722549523783816
41080,val,-2.4642766,2.9365654,0.9783954590282472
29136,val,-0.20530096,0.3292201,0.6004218370654341
8325,val,3.1978621,-3.532713,0.009217485333975787
44576,val,-2.4747417,2.6450858,0.973822712255089
27495,val,-1.3751417,1.6855938,0.8980041368677121
6722,val,-3.2161303,3.540714,0.9915242517726435
36216,val,-1.0595797,1.1094452,0.8250814613133618
49270,val,-0.058586475,0.036813702,0.5249532453844593
35854,val,0.31213135,-0.24680956,0.4114299705160627
35845,val,0.015786508,-0.14316304,0.48048104290068816
35378,val,-0.70767826,0.98053724,0.7711221084745167
1846,val,-2.4669719,2.7367759,0.9752789949631356
1367,val,0.49730432,-0.5691766,0.3288769913122482
42520,val,-0.915156,0.8538014,0.7809424342338293
41402,val,-2.40341,2.7923284,0.9751434850577069
14779,val,-2.0944839,2.1986275,0.9542504430519432
49217,val,-0.8718115,0.7896164,0.7677964504768621
12400,val,-0.89654523,0.9345692,0.788293337860256
43986,val,-2.571145,2.8971295,0.9793708335797713
27940,val,-0.8656023,0.9411618,0.7854352758340831
34399,val,-2.5138981,2.82088,0.9773962064543013
37440,val,-0.3399279,0.35185704,0.626513206858037
11339,val,2.8283834,-3.1808088,0.015179414731155746
41015,val,-1.7865555,2.0090933,0.936409300225014
738,val,-0.07702022,0.17733319,0.5525903719004213
32679,val,-2.1321797,2.28904,0.958009054694551
2224,val,2.3644762,-2.7339096,0.028330574758203643
36981,val,-0.93197733,0.978143,0.7973740804015933
39628,val,-2.743332,3.2004662,0.9851238571112849
37409,val,-1.9383941,2.2486362,0.9508977292070784
16322,val,-2.439162,2.714717,0.9744234150773472
7621,val,3.328909,-3.580537,0.00814171812469519
44070,val,-2.7412367,3.0895066,0.9839186827314536
5279,val,3.2878938,-3.4968252,0.008877779101344426
35239,val,-2.3419557,2.6246612,0.9709458601278314
25015,val,-0.7029649,0.7199288,0.7367156933683539
44525,val,-1.9201562,2.1621351,0.9473597408620369
40556,val,-2.4777887,2.9042242,0.9781151440989905
15377,val,-1.3607801,1.7044669,0.8982929723225932
16542,val,-2.2619977,2.5570037,0.9678852545435122
36665,val,0.026234766,-0.051176663,0.4947378139511951
39711,val,-2.7594638,3.0387406,0.983554353528619
12776,val,-0.65382427,0.79693395,0.7404808170856707
8927,val,3.264136,-3.5469096,0.008717114726217747
3280,val,-3.0885735,3.4243915,0.9899626182721527
8816,val,-3.2397118,3.590525,0.9919451988592322
47154,val,-0.38731268,0.6107325,0.6751627011534719
8825,val,3.2476463,-3.5204277,0.008980869409847788
44607,val,-1.7724642,1.9453089,0.933085591872161
46298,val,0.13993765,-0.3660601,0.42043112708018093
28371,val,-2.2808633,2.455226,0.9660317543950342
2939,val,3.2983544,-3.5731356,0.008359062718290327
1268,val,1.5950032,-1.7021048,0.0932641392020243
15585,val,2.1262918,-2.1971924,0.047754735949612916
5226,val,-3.2171984,3.5732956,0.9917198932666337
30320,val,-1.7379779,2.1030831,0.9382758091156808
3803,val,3.197599,-3.4880366,0.009509198252125274
48372,val,-0.29290363,0.2476057,0.601426901920778
35627,val,0.2814189,-0.22466911,0.42041573772248286
32148,val,-1.279693,1.507665,0.8790977728867566
32623,val,-2.476313,2.8535485,0.9773200630773787
35518,val,-1.1432148,1.3730022,0.8574354129566922
24556,val,-0.8610726,0.7730388,0.7643705649655851
27652,val,-1.3753048,1.561369,0.8897721067937335
16199,val,-2.6963854,2.9571247,0.9818335450815612
30275,val,-2.1390996,2.5465345,0.9648537501339954
12435,val,-1.4183774,1.5785723,0.8938420152387945
41481,val,-2.5350275,2.8908978,0.978763433631019
36339,val,-0.32242462,0.38745692,0.6294720233815613
5084,val,-3.1808965,3.4926996,0.9910203278756887
25778,val,-1.2866064,1.4577059,0.8758590487064527
38647,val,-2.2528827,2.375554,0.9634707201017235
34576,val,-1.5914439,1.7705464,0.9157597561405373
28839,val,-0.078758344,0.16279687,0.5503748504845324
5663,val,2.6589026,-3.0997014,0.01803678874351395
14026,val,-1.3648816,1.591166,0.891094949392366
39455,val,-2.626169,3.0467572,0.9820743391482715
36958,val,-0.7494876,0.8739728,0.7630253320614525
15837,val,0.2997225,-0.46423358,0.3771786292809458
41413,val,-2.5822546,2.9345703,0.9800462630843966
28825,val,-2.2957559,2.5495877,0.9684533928604031
36487,val,-1.7265766,1.989303,0.9330028020120494
5846,val,-3.0350723,3.3749657,0.9892209735512679
31439,val,-2.6540563,3.0263395,0.9821661391528138
5012,val,-3.1484294,3.494133,0.9908249688851178
39739,val,-2.0611863,2.167787,0.9522503344068137
40441,val,-2.5391078,2.827187,0.9778784251168775
28000,val,-1.3159318,1.4015383,0.8738019776231295
28165,val,-1.7581217,2.1046028,0.9391480725503945
50637,val,-0.52059615,0.60536003,0.6944804437286544
5314,val,-3.1540072,3.5510688,0.9912142832935629
7431,val,3.32463,-3.5024693,0.008620561565612733
36972,val,-0.24730925,0.25667283,0.5952832248112276
38264,val,-0.0016183505,0.02967834,0.5137545103807043
4692,val,-3.1664643,3.4617682,0.9907333459535324
14481,val,-0.79247797,0.89204025,0.7706650937275834
12884,val,-1.6649692,1.903243,0.9262463369461714
3133,val,2.9027474,-3.2657375,0.013599850686895365
31669,val,-2.5663443,2.823269,0.9782287177278051
36708,val,-0.48230067,0.69253314,0.7016899274468893
34960,val,-2.546342,2.8716938,0.9786483596074241
33050,val,1.6875213,-1.708358,0.08758041868682992
16685,val,0.07507861,-0.043700006,0.48750232075633587
32328,val,-2.0068877,2.2487712,0.9530924037970742
38995,val,-1.1455485,1.39554,0.8595500053732965
1777,val,-2.2527258,2.4456003,0.9651537313314857
2760,val,-2.7553203,3.0234377,0.9833327556708402
34687,val,-2.1442332,2.444053,0.9624687536075881
43110,val,-2.7655027,3.09436,0.9842379867655925
11684,val,0.6408805,-0.82391447,0.2705100528623973
35619,val,-0.9437292,1.0503433,0.8067014786895339
32187,val,-2.3773816,2.7383752,0.9737499873662271
41600,val,-1.0155505,1.0934048,0.8189308789252469
13295,val,0.030363293,0.14374845,0.5280911629606101
17176,val,-2.053153,2.1699324,0.9520626127097583
37817,val,-0.018182397,-0.027460238,0.506658373404834
49104,val,-0.6986314,0.981023,0.7700629112409988
9038,val,-2.1793785,2.3797042,0.9617234394903265
30899,val,-0.97227085,1.1431799,0.819603994184592
29652,val,-1.995569,2.39648,0.957180054848054
12241,val,-2.1533918,2.5433674,0.9651168311287553
27980,val,-1.5254115,1.7603569,0.9115521678586284
1560,val,-1.6947705,2.118744,0.9371497971108946
35979,val,-0.1338951,0.20257601,0.5667526260135924
11068,val,0.14803158,-0.4453744,0.4056016661371226
39694,val,-2.309139,2.5335972,0.9683975949352388
39987,val,-2.6320457,2.8713248,0.9798612861833412
28689,val,-1.4998084,1.741416,0.909006234608012
4176,val,-3.1559691,3.5162165,0.9910115388929841
36377,val,-0.14225243,0.19233748,0.5664293163618742
40269,val,-2.6967087,3.1315117,0.9838907201926188
27307,val,-0.39986405,0.4994773,0.6598328669995961
39162,val,-2.197308,2.547687,0.9662356920493268
14239,val,-0.3150715,0.32733724,0.6183923931479509
28609,val,-0.49588704,0.7311414,0.7092795434872551
5466,val,-3.1457531,3.6143565,0.9915434359975139
39118,val,-2.7938936,3.1636305,0.9852639832860733
34729,val,-1.5457853,1.7175611,0.9102787705964818
14621,val,-2.6707873,2.9950247,0.9819864766703024
16129,val,-2.4549305,2.7653818,0.9755569673944605
8107,val,3.3281593,-3.5711226,0.00819936402582981
1355,val,-0.49442723,0.44259828,0.6657274094740521
5767,val,2.7213535,-3.188722,0.016252052891557463
159,val,2.7091084,-2.9396286,0.01945035844470135
31236,val,-0.05887433,0.09643923,0.5353975579713063
44131,val,-2.8126712,3.146325,0.9852789356349129
5370,val,-3.1295905,3.5337787,0.9909564083201091
44247,val,-2.0775714,2.4052713,0.9597101274765266
4829,val,2.989934,-3.379734,0.011834805230126462
13091,val,-0.4525073,0.63933545,0.689391334338747
13428,val,-3.085908,3.4570045,0.9901687590845005
3235,val,3.2688806,-3.5192037,0.008857079258787861
44734,val,-2.0261743,2.229607,0.9530962380548471
30316,val,-1.087447,0.9042981,0.8064473628497003
2745,val,3.1254077,-3.475741,0.010082591373211734
15840,val,-2.8310778,3.1199934,0.9851982705293467
6132,val,-2.9368958,3.3313751,0.9881100096185075
35293,val,-1.1149497,1.4320766,0.8600509471422556
42893,val,-1.0848838,1.3980349,0.8545628850959097
17012,val,-0.53228396,0.7249492,0.7136191597822151
15650,val,-2.0089622,2.1859324,0.9511540779556535
5180,val,-3.1343205,3.4875917,0.9906926479614334
35421,val,-2.4372666,2.7257323,0.9745820090585184
14923,val,1.0289358,-1.238691,0.17452176633608177
43953,val,-2.7329175,3.0778937,0.9836964624133636
44542,val,-2.0766726,2.4847379,0.9617833629160305
39365,val,-2.0430195,2.4043927,0.9587403194790994
16949,val,-1.8481897,1.9862648,0.9380074899588193
32640,val,-0.40802425,0.71932346,0.6946870417322635
30003,val,-1.6453617,1.7838005,0.9193162328734789
30154,val,0.09654144,-0.2994675,0.43929443146991715
30950,val,-2.5015574,2.6709733,0.9747467395674173
41972,val,-1.7276136,1.9868222,0.9329396137382304
7300,val,-3.1515994,3.5393066,0.9911274979271139
49116,val,-0.09047804,0.048859265,0.5326151743513067
3058,val,-3.0126452,3.4132018,0.989338313748027
48809,val,-2.0489497,2.1146202,0.9501253959387328
25575,val,-0.6943237,0.76125586,0.7411287304670822
14446,val,-1.4920164,1.869152,0.9157153680776561
4506,val,-3.0769048,3.4156861,0.9898199356724077
47381,val,-0.19554587,0.23192762,0.5823198211368257
1479,val,-1.0514531,0.93550366,0.8059237285999004
16681,val,-0.61829793,0.7438505,0.728386928763797
8512,val,-3.1495228,3.4983811,0.9908588915744295
41902,val,-2.4548125,2.5714514,0.9721006206506756
42468,val,-1.4365067,1.6444547,0.8992933895003311
25720,val,-2.4854908,2.7780445,0.9762680215062837
8743,val,3.050564,-3.40316,0.011166216806094068
43,val,2.9394288,-3.2649758,0.01326670395493205
29969,val,-1.5657278,1.8064524,0.9163082854774228
48272,val,-0.6411117,0.67457277,0.7219058790339188
1385,val,0.5883244,-0.83358735,0.27647320151038646
32217,val,-2.468975,2.8400688,0.9769948616488873
47696,val,-0.75421304,0.9005655,0.7669657329955002
26388,val,-1.5718467,1.8178612,0.9172442256960747
41168,val,-1.8381252,2.0667634,0.9408128068669088
40546,val,-2.2649636,2.6313925,0.9695260875747335
35117,val,-2.6738076,3.0997376,0.9832728570529706
49558,val,-0.07900831,-0.110768855,0.5027250031931879
7658,val,-2.7877545,3.1379974,0.9849376288303768
34911,val,-2.469224,2.852148,0.9771879897052531
7944,val,-3.225225,3.6154785,0.9920035177972872
43199,val,-1.487094,1.4349642,0.8887648667312544
2216,val,-2.8813152,3.0363698,0.9848536413332432
6882,val,-3.1132612,3.5124269,0.9907169829887945
12888,val,-0.054849677,-0.11312841,0.4980852247581526
1768,val,1.7334155,-1.9522593,0.07267131458739703
26854,val,-1.6447097,1.5443951,0.905943736969579
41338,val,1.1642777,-1.1946336,0.1655084134192684
48162,val,-2.4768524,2.8878517,0.977854329120254
4525,val,3.2842388,-3.516384,0.008780375553872764
16941,val,1.720713,-1.9993279,0.07106702595734542
26016,val,-1.9309427,2.1260347,0.9464691989410948
12671,val,2.4354568,-2.5586438,0.030410405824955043
24723,val,-2.0847354,2.3431115,0.9581952385769518
3137,val,1.3147863,-1.3838853,0.13521809497063061
24887,val,-0.41926974,0.4251732,0.6511567710408089
25230,val,-0.8057421,0.875339,0.770239656766372
13829,val,-0.26427612,0.33788133,0.611722793713969
44489,val,-1.711518,1.7714455,0.9220654409902802
44146,val,-1.9266956,2.091561,0.9450794696415448
10668,val,-3.0428162,3.3274112,0.9889197971084981
40723,val,-1.5062062,1.5903724,0.9002789468394733
31424,val,-2.134695,2.36202,0.9600838647701151
13697,val,-1.197478,1.4988562,0.8721617607511774
15216,val,-0.15212606,0.23871517,0.576071266368983
11591,val,1.8345889,-1.8779385,0.07141495653636845
49601,val,-0.082936734,0.15170294,0.5491768497713894
29421,val,-2.1825848,2.2372804,0.9579708978923572
28925,val,-2.110157,2.2884383,0.9573674421841443
27336,val,-1.6172601,1.8761902,0.9225912199421026
36240,val,-0.053583037,0.01044565,0.519475151660632
34828,val,-1.765133,2.125254,0.9402451184787636
29167,val,-2.3963346,2.5809789,0.9711563043962324
49346,val,-0.2875389,0.35161364,0.6178544625444432
4477,val,3.2767572,-3.5631666,0.008544192092327613
28640,val,-1.0258373,1.0053856,0.810723537317884
49773,val,-1.0649285,1.1977894,0.8343442977774224
48603,val,-0.2912129,0.3888563,0.6245925870538116
28092,val,-0.22165819,0.36761948,0.6095796256312422
31165,val,-2.2031658,2.444987,0.9639532678914939
30300,val,-1.4426744,1.81353,0.9098696974393367
3224,val,-3.138426,3.5287888,0.9909804969989923
28838,val,-1.9963542,2.3348389,0.9554000023432518
12084,val,-1.0188904,1.1409888,0.824155759154803
2154,val,-2.888983,3.2194858,0.9867216949408596
32556,val,-2.6843534,2.9027898,0.9809862657247915
42753,val,-2.7839227,3.1455686,0.9849764049834332
37559,val,-0.0507057,0.09186339,0.5331781826874119
68,val,-1.893195,2.0345855,0.9416986637927227
37533,val,-2.6757884,2.9635081,0.9816552617310639
12230,val,-1.6100849,1.7644234,0.9164331492316145
39133,val,-2.5825548,2.954323,0.9803188731081166
34130,val,-1.5387546,1.8931547,0.9194587294951837
36964,val,0.08741334,-0.20673385,0.45692301383423684
30234,val,-2.5255766,2.7301886,0.9761417022851773
39083,val,-1.688509,1.8989146,0.9271596039715558
12259,val,0.03910398,-0.019239856,0.498073833676442
1641,val,-0.92776185,1.0236255,0.8020003740486911
48533,val,0.46058568,-0.56660587,0.3349744450165494
982,val,0.1773964,-0.025849355,0.4727477667806247
3514,val,-3.084517,3.5139973,0.9905404344609318
32320,val,-1.5448141,1.9773206,0.9240128232699182
7222,val,-3.1361709,3.5040517,0.9908100699052159
32176,val,-2.0705006,2.2854214,0.9561316825061941
37870,val,-2.3038342,2.5105789,0.9677852877423607
15250,val,-1.6772796,1.7106667,0.9171505883151646
29756,val,-1.0399832,0.99737287,0.8113813242757268
41151,val,-1.4391321,1.6403158,0.8991974116367418
4719,val,3.2848117,-3.5656402,0.008481999471246626
8530,val,-3.0641022,3.4202306,0.9897615328456478
48706,val,-0.0904741,-0.021278901,0.5203776859680628
41987,val,-1.6246687,1.7900126,0.9185613021419262
4841,val,3.2789617,-3.591467,0.008365222746328685
46118,val,2.8972507,-3.103149,0.015271681308854677
5052,val,-3.0312233,3.3410106,0.9889351741659136
4200,val,-3.1544182,3.5193052,0.9910211207825512
28499,val,-0.0745933,0.0639241,0.5324723246309996
24457,val,-1.9140201,2.2600303,0.9504718309150433
14170,val,-1.6681608,1.9163635,0.9270224490004841
28478,val,-1.9420927,2.2636278,0.9515048902501994
40663,val,-2.853981,3.199459,0.9862075250857015
31358,val,-0.3424108,0.400268,0.6348095966383503
3906,val,-3.2071488,3.4802969,0.9911061755171624
3274,val,-3.0259762,3.3761945,0.9891621044117229
28776,val,-1.3575697,1.5251428,0.8860132370816721
6952,val,-2.7493386,3.1423547,0.9845798836205626
3793,val,3.1522026,-3.3845277,0.010542659473007832
12782,val,-2.0962148,2.2362616,0.9554382569169858
15696,val,2.7648356,-3.167943,0.015999959823015938
30527,val,-2.0045023,2.341568,0.9558415725304347
37223,val,-0.20761414,0.4022268,0.6129992636488545
25323,val,-2.172963,2.487492,0.9642512471236061
14981,val,-2.4132547,2.7678735,0.9748944338653573
15574,val,-0.41470262,0.42005143,0.6496148927019978
14375,val,-2.042396,2.3169522,0.9562321527785421
39713,val,-2.7414615,3.0909414,0.9839370508743487
8932,val,-3.0923889,3.4636776,0.990257973440999
12066,val,-0.0009397144,-0.16283242,0.4799668916592157
36982,val,-1.3121401,1.4663175,0.8784341469516935
31434,val,-1.0236832,1.1251955,0.8230372223989914
8245,val,3.28183,-3.5296326,0.008714593250493426
39766,val,-1.5989004,1.7998617,0.91772396046421
35252,val,-2.0675707,2.4174492,0.9597690056803047
31868,val,-0.5856988,0.39889178,0.6730941029958522
8863,val,3.2498975,-3.5798392,0.008604800987364459
41314,val,-2.409598,2.7476573,0.9744822431899259
36881,val,-0.728563,0.99782676,0.7758032782455404
42409,val,-2.7641978,3.2045064,0.9853771580244128
40844,val,-2.4819748,2.7792163,0.976229981451577
1387,val,2.6444397,-2.7517443,0.023123885419845367
8745,val,3.2676513,-3.5573585,0.00863306838341303
15444,val,0.45226777,-0.5125153,0.3447734628679107
40344,val,-2.5729613,2.8145638,0.9781975726241315
34683,val,-1.2247673,1.2885916,0.8571907269994318
35887,val,0.08376262,-0.0701704,0.4813574916377463
16503,val,-2.2747407,2.5960488,0.9689929620362066
42732,val,-1.1022669,1.2142425,0.8394823479043321
36280,val,0.17318581,-0.12323279,0.4565285690475727
24416,val,-2.166997,2.2667806,0.9583611873078457
13907,val,-1.8570758,2.0718222,0.9417415870106912
12003,val,-0.26086366,0.41300777,0.6235749693913647
38827,val,-1.9643668,2.228035,0.9510729589299556
28019,val,-1.1383858,1.3386594,0.8540512381633725
36256,val,-1.5799545,1.7014421,0.9113051724299522
45539,val,-0.6060993,0.7575403,0.7285933438270804
15051,val,0.4183701,-0.46239337,0.35817574548582387
7335,val,3.276313,-3.551343,0.008617232394757542
36686,val,-1.2986563,1.4094628,0.8730785455756984
33325,val,-1.8996435,1.96238,0.9391200307313531
30913,val,-1.4472749,1.7215979,0.9047302363970373
43909,val,-2.6509743,3.0196152,0.9820455260979268
41359,val,-2.3791142,2.6430326,0.9720223640939841
28136,val,-1.1551496,1.3799539,0.8590435638474508
26845,val,-0.98475564,1.2526568,0.8318819384657149
15899,val,0.9459982,-1.1699384,0.1903480533769835
43724,val,-2.253056,2.5777168,0.968140349262283
33661,val,-2.4908404,2.8724256,0.9778325224121964
28535,val,-1.5198506,1.5998917,0.9017249514498585
8937,val,2.6192787,-3.0223246,0.019545807689238567
39000,val,-2.5724177,2.8487594,0.9786942520763382
13579,val,2.714531,-2.9166536,0.01968603464994604
1306,val,2.6902182,-2.9816818,0.019143575862160343
5080,val,-3.0918617,3.4529648,0.9901817906522294
26254,val,-0.5025963,0.6680941,0.7010825771831922
6568,val,-3.200098,3.6207705,0.9918926436145321
7401,val,3.2901862,-3.553879,0.008519674231469805
24893,val,-1.0488448,1.2898017,0.841559107690216
33666,val,-2.2192135,2.3459473,0.9618797211891993
14806,val,0.32355967,-0.24900128,0.4091236496935556
3610,val,-3.1222231,3.52797,0.9908733922333849
4467,val,3.2121196,-3.497777,0.00935059668075731
27607,val,-2.163311,2.4341886,0.9627009865891953
31809,val,-1.0767065,1.36881,0.8512792321294763
28578,val,-0.25496605,0.29551756,0.603099071366337
49077,val,0.46448648,-0.6654046,0.31915724646737326
4856,val,-3.156791,3.5658164,0.9913204926881308
36630,val,-0.7494965,0.7607704,0.7484038261279417
32190,val,-2.382986,2.6484818,0.9721992281875195
12001,val,-0.7830947,0.9091102,0.7716145132838997
25069,val,-2.379392,2.6359756,0.9718930472790063
36775,val,-0.04142914,0.04021463,0.5225517612197944
25674,val,-0.19372661,0.26059723,0.5868832179189847
11495,val,1.8437941,-1.9856733,0.06617431774266967
49583,val,0.014103307,0.009884003,0.5075432729037336
13734,val,3.0091803,-3.3605907,0.011833962252572404
6772,val,-2.9854681,3.336318,0.988542088461771
24953,val,-0.8162342,1.0741447,0.7951326085231221
29989,val,-2.6897142,3.0791817,0.983219253609952
4185,val,2.4593878,-2.8049006,0.0253034818248078
15310,val,-1.2990118,1.342131,0.8677927845262061
29873,val,-1.9454112,2.0883741,0.9456408463762922
34050,val,-1.2593076,1.4479636,0.8730127700695074
49319,val,-0.16594763,0.18615495,0.5694368863750611
39589,val,-2.732152,3.1680288,0.9846698092963159
43048,val,-2.6251478,2.9276235,0.9805323416768424
31793,val,-1.2564203,1.5118055,0.877667370936185
47242,val,-1.5040277,1.653731,0.9040576729400875
48200,val,-1.2897773,1.2929792,0.8630337993973789
36593,val,-1.1309043,1.1423669,0.8353626106058136
41688,val,-0.90346783,1.2081053,0.8192024021133025
35289,val,-0.4985952,0.5651308,0.6851620294517459
31521,val,-1.478305,1.6067506,0.8995525926308345
38406,val,-2.0781322,2.3526769,0.9582782017953596
40424,val,-2.751274,3.0615067,0.9837185548145613
30166,val,-2.4417124,2.9346004,0.9780295857550719
15741,val,2.9250052,-3.347835,0.012654110029740144
47693,val,-0.314702,0.52284217,0.6500592320538598
47878,val,-0.2069805,0.3375943,0.6021087578978368
37665,val,-2.2318935,2.3378263,0.9619965438511873
16883,val,-0.9884226,0.9098399,0.7960299267690436
36966,val,-0.14450061,0.21088055,0.5699993779738055
34356,val,-2.1956277,2.4219294,0.9632017841985955
31977,val,-2.5508463,3.082806,0.9815839916581534
35534,val,-1.6459368,1.7718321,0.9187228084819713
16831,val,-2.340746,2.670628,0.9718165973971602
1699,val,-0.49225727,0.5763926,0.6859049240266082
1796,val,-1.8524773,2.059403,0.9410846943645329
36471,val,-1.0704156,1.1631185,0.831501983999846
8141,val,3.2180548,-3.5083146,0.009244405253971664
39325,val,-2.7023582,3.0042057,0.982484111385598
591,val,-1.7161316,1.6233883,0.9145386030974682
24516,val,-1.6425681,1.9631433,0.9280192774262456
26849,val,-1.5429295,1.6998429,0.9090958099202568
11315,val,-2.1068482,2.4003386,0.9603637840203302
28716,val,-1.6651005,1.9349353,0.927753483027043
8266,val,-3.163857,3.5795453,0.9914448238877784
41558,val,-2.3748417,2.8218527,0.9751596983773254
12052,val,0.7967246,-0.8340371,0.2482082370202141
762,val,-0.41146064,0.5237017,0.6654371703019724
16828,val,-0.49812695,0.58836305,0.6885885854938257
15852,val,-1.310161,1.4194676,0.8747373423527646
13338,val,2.3172534,-2.4704392,0.03497132247674472
2839,val,3.1681812,-3.4817214,0.009747659426423435
26923,val,0.05107687,0.05082077,0.508236531416073
44693,val,-0.61979395,0.6075614,0.7093267221631162
27609,val,-0.5660327,0.7771594,0.7257542605147896
12879,val,-1.242073,1.4727516,0.8735976769171313
10840,val,0.3561068,-0.59103245,0.34756834118817265
2870,val,-2.861233,3.2574184,0.9868147431398923
38722,val,-2.4681296,2.8441732,0.9770460697097878
44120,val,-2.394772,2.6607637,0.9726508925941777
13735,val,-0.070342556,-0.12471181,0.4987692482061624
46102,val,0.8939243,-1.2946116,0.18264036924558294
44904,val,2.3610563,-2.7301438,0.02846934300871034
32233,val,-1.2965964,1.5932314,0.8865152022836892
43208,val,-2.6845443,3.1561732,0.984028763414365
39151,val,-2.879305,3.2486734,0.9868994074786569
32211,val,-1.3499423,1.4193897,0.8777504745917896
13560,val,0.49380708,-0.48661444,0.3423051852516395
34075,val,-1.6935109,1.8550122,0.9252994375380557
35334,val,-2.386825,2.7388682,0.9739271614074575
12612,val,0.78028816,-0.96675175,0.23333570523216962
38979,val,-2.7512956,3.0284824,0.983344450991503
29083,val,-1.6459165,1.9585879,0.9279628233833693
38316,val,-0.18683858,0.20488669,0.5762223571259477
1789,val,-1.2883371,1.1849648,0.8537243814040474
6700,val,-3.0132923,3.456884,0.9896606425051923
39337,val,-1.813509,1.9044507,0.9330937437523955
40756,val,-2.4787707,2.768453,0.9760020834054665
13334,val,1.4876317,-1.7348826,0.09777371048660616
3104,val,-1.5196843,1.653144,0.9049685802454628
13919,val,-0.12739886,0.037270512,0.5370259320317259
39430,val,-2.563739,2.8597555,0.9787280453151965
37153,val,-2.5580323,2.9127927,0.9794068645672099
11888,val,-0.12267216,0.34151495,0.588555847955873
15667,val,0.6507774,-0.7934435,0.2733608752328482
25417,val,-0.5558992,0.69567674,0.7128093269525454
10740,val,2.8757787,-3.2745643,0.013771235931585484
40339,val,-2.3664029,2.6967232,0.9727918491997398
37716,val,-1.1213375,1.2057773,0.8404800146403076
28968,val,-1.1451303,1.3306229,0.8539384926160237
11232,val,-1.263008,1.2822336,0.8599005404594159
26133,val,-0.47921965,0.695388,0.7016567974621266
37810,val,-1.2000343,1.2804422,0.8543503220817658
40606,val,-0.9564178,1.0075915,0.8033993876277338
38544,val,-0.101579115,0.29619417,0.5772556337364592
37102,val,-0.9246029,0.9504225,0.7933766663957893
35716,val,-0.60566163,0.6584781,0.7146059856978104
24668,val,-2.369657,2.5797362,0.9706038721422731
35419,val,-0.7463197,0.9894455,0.7769424864941851
44580,val,-1.3301774,1.4759408,0.8804863285982466
12451,val,-2.4974551,2.7818975,0.9765231546318522
27746,val,-2.2076979,2.3666847,0.9621156683450734
2356,val,-3.0914478,3.4695847,0.9902914455551873
15264,val,2.8540442,-3.2495356,0.014222882470516934
44398,val,-1.1616293,1.2488166,0.8481449136243837
8425,val,3.2543306,-3.5241733,0.008916134297715006
6183,val,2.705834,-3.191364,0.01639677464847901
43963,val,0.12121141,-0.24115111,0.44510271054886213
36098,val,-0.28430793,0.31495774,0.611241980388048
16829,val,-1.9212288,2.202383,0.9487833878654169
41561,val,-2.673195,3.0444248,0.982616771565982
24494,val,-1.0313327,1.1080534,0.8220675367026274
4297,val,3.304613,-3.5845842,0.008256959658066134
12495,val,0.8348711,-1.0251487,0.21948981201208023
25617,val,-0.08230421,0.13486348,0.5461476127204897
13795,val,2.1147861,-2.374742,0.04273944139110738
32132,val,-2.599209,2.9854121,0.980953315412455
26267,val,-1.8418854,2.0462663,0.9401571672847773
6577,val,3.3059106,-3.5782318,0.00828598041760507
34271,val,-1.2061638,1.1541507,0.8435706755573046
14754,val,-2.0162554,2.2487192,0.9533830263034773
30829,val,-1.2270042,1.359521,0.8633452804554839
14363,val,-2.470966,2.7321112,0.9752676797160337
5300,val,-3.1509018,3.5261924,0.9910420882952337
15608,val,1.2930444,-1.4790506,0.12932105567598037
33178,val,-2.195695,2.3199935,0.9605896509104868
2899,val,2.966839,-3.3636732,0.012159611328588449
47355,val,-0.1518677,0.24489434,0.5770829149066045
31569,val,-2.22546,2.5562687,0.9670644414863918
41199,val,-2.224934,2.3432713,0.9619577755609987
47625,val,0.25336012,-0.017984746,0.4608857009301917
42620,val,-2.9061408,3.3112917,0.9876846481651103
6533,val,3.1600204,-3.4863465,0.00977157447239564
2338,val,-3.1904726,3.471006,0.9909445422277249
3329,val,3.2188115,-3.5551753,0.008944113531698205
33310,val,-1.9118044,2.2147913,0.948884773402361
35249,val,-1.8517843,2.2587929,0.9483382746853843
2851,val,2.909308,-3.2592435,0.013599226178160706
34192,val,-0.8650189,1.1788777,0.8120808835082504
37140,val,-0.41701755,0.549185,0.6702560983912763
40091,val,-1.952127,2.2098827,0.9500736264320581
36651,val,0.22802679,-0.114992455,0.44844878657827414
15023,val,2.7296343,-3.0315242,0.018005152216655784
40992,val,-1.3260404,1.3312296,0.8690823422783828
31740,val,-1.2252871,1.2771114,0.8562491217375229
48530,val,-0.0503867,0.11109638,0.5364714466657888
6166,val,-3.0863783,3.4465616,0.9901005836220872
14820,val,-1.2330016,1.3890885,0.8662554294286103
6833,val,2.5164776,-2.9487126,0.022057696954885627
48564,val,0.23979625,-0.31451693,0.41221448704900404
10626,val,1.6204766,-1.7552563,0.0887137147004398
24478,val,-0.67797154,0.7818875,0.7417029352859854
42433,val,-2.5051613,2.8333523,0.9774538937885017
1704,val,-1.5437667,1.4116344,0.8910510341445487
11359,val,0.313801,-0.42606038,0.38114815861203544
27295,val,-2.5297718,2.7969959,0.9772720169070407
38363,val,-0.3208947,0.27241173,0.610250460812104
6023,val,3.2097092,-3.49199,0.009403889701311617
37370,val,-0.6631039,0.84002036,0.7474613818312981
2980,val,-2.8661523,3.1116757,0.9854688817099494
39951,val,-2.519413,2.9497576,0.9793834987770026
50649,val,-1.9387318,2.1622844,0.9480094546023938
30357,val,-2.6084046,2.7975574,0.9784710735486027
33024,val,-2.336853,2.6936574,0.9721811106096664
16909,val,-1.9457331,2.0777564,0.945269248167907
40020,val,-2.0123563,2.3915892,0.9575200076186603
33597,val,-2.2754712,2.4741058,0.9663401536785714
36181,val,0.062022507,-0.032440882,0.4917548325277147
39239,val,-1.1211914,1.4145391,0.859096694395377
38371,val,-0.49188483,0.4709153,0.6697295999068346
31319,val,-1.7947335,1.859421,0.9302514293529528
43518,val,-1.4072424,1.6809875,0.8997531530438818
29248,val,-1.1717048,1.3982645,0.861972483642994
39310,val,-2.5846152,3.0176492,0.9811826582379729
36175,val,-2.1656115,2.3385763,0.9602838096829852
16575,val,-2.4098015,2.6708593,0.9731147855432994
39797,val,-1.9916254,2.1095579,0.9480152194679
6770,val,-3.0418417,3.4473968,0.9897962667219737
846,val,-0.15023027,0.22519562,0.5734343804691436
37239,val,-0.40625587,0.6224308,0.679848203796373
11406,val,-1.8935238,2.1327686,0.9453706492395618
7357,val,3.3359506,-3.5792608,0.008109197931649222
26533,val,-0.5842139,0.7025068,0.7178181048323032
49779,val,0.57109755,-0.49159086,0.3294630995529699
44510,val,-2.4595833,2.768258,0.9756823031689063
29455,val,-2.2985494,2.4621267,0.9665919063832175
12441,val,-2.948269,3.3360775,0.9882414659931684
44025,val,-2.3291254,2.6392593,0.9709807434652981
4375,val,3.2666588,-3.543851,0.008720356655896901
46605,val,1.1010859,-1.4078997,0.15150661109515567
2291,val,3.0718517,-3.4837146,0.010406027063679572
8895,val,3.3127122,-3.5802698,0.00823529773448056
43482,val,-2.4332023,2.7216372,0.9744401647336837
32162,val,-2.6846957,3.0707657,0.9830634162859809
39494,val,-1.9466805,2.1390347,0.9474791146508384
1166,val,-1.5480391,1.6110181,0.9041364648150655
7041,val,2.4887671,-2.8912196,0.023381343523151927
25580,val,-0.27634004,0.36022583,0.6174269349753713
26910,val,-2.8279111,3.2875102,0.986785296596939
45418,val,2.3625133,-2.409167,0.035351498247638384
25535,val,-2.2046585,2.3820918,0.9624299052079321
24743,val,-0.694313,0.6534247,0.7263869963036377
37361,val,-0.27825806,0.26916355,0.6025859856390848
38789,val,-1.3477827,1.5848256,0.8894927421979604
4678,val,-3.0242167,3.3030117,0.9885851489979302
32994,val,-2.08329,2.2594833,0.9557440797179453
42963,val,-0.26578936,0.39621383,0.6216232664289877
3046,val,-3.1190214,3.4893444,0.9906048206184258
532,val,2.2177393,-2.289573,0.04223310649315518
36345,val,-0.16723211,0.17376363,0.5675300134079253
12391,val,1.6121668,-1.6958128,0.09262269499925437
15412,val,-0.30677506,0.3070874,0.6136667453198188
11779,val,-1.4406949,1.5579897,0.8939571787745071
3833,val,3.2656655,-3.5163336,0.008894544118820964
38068,val,-0.8310786,0.77305466,0.7605708170646049
4362,val,-2.8558927,3.2356925,0.9865659839299348
48994,val,-0.43543312,0.4070388,0.6508433622520141
1578,val,-2.5214312,2.7414222,0.9762569622828138
43303,val,-1.2841905,1.4995611,0.8788292493639023
14716,val,-0.025204929,0.15299581,0.5393796517178906
25713,val,-1.9670616,2.239077,0.9515183973409187
16937,val,2.2522237,-2.5478406,0.0346802820544637
35938,val,-1.2642063,1.5702239,0.8825557597610861
39652,val,-2.6945415,2.9026105,0.9811164825512774
30532,val,-2.2047741,2.4317477,0.9636693471980331
16905,val,-2.4720647,2.764938,0.9758339693882998
38235,val,-1.3729528,1.6246139,0.893882984743834
26545,val,-1.5901549,1.7076237,0.9122275258179026
12682,val,2.45398,-2.639873,0.028418034576141865
28488,val,-2.4569275,2.779767,0.9758288809883132
10633,val,-1.5237292,1.2358513,0.877016250789458
14422,val,-1.8774191,1.7924443,0.930961407567377
11413,val,-1.2063435,1.3439094,0.860322533526043
11070,val,2.673927,-3.0102007,0.018983543968479483
17089,val,-1.8697064,2.1552606,0.9453227200369138
25471,val,-0.12606034,0.31874257,0.5852667365010269
27254,val,-0.559992,0.7572365,0.7221227736123488
42231,val,-1.8554957,2.045449,0.9406589190173525
7086,val,-3.2354753,3.6411862,0.9922006956741807
30082,val,-2.4671144,2.8486958,0.9771010570473667
1921,val,0.60167056,-0.76368177,0.2844610930542867
15117,val,-1.7418125,1.8377391,0.9267866544744089
35113,val,-2.0802608,2.4216332,0.9602225372365317
12505,val,0.5903194,-0.7622076,0.28629163171304606
36223,val,-0.26504013,0.17090453,0.5837611157083015
41375,val,-2.559731,2.8853714,0.9790406224880622
34277,val,-2.419808,2.8403199,0.9762127060828649
43082,val,-2.3402214,2.6803286,0.9719919584964887
10693,val,-3.202804,3.5244186,0.9913482410568515
43834,val,-0.31505665,0.40592393,0.6312819497833513
38956,val,-1.548218,1.8272101,0.9164824368124851
31608,val,-1.0398493,1.166201,0.8287898157412821
41102,val,-2.293313,2.6440673,0.9703630379875942
2941,val,1.710658,-1.6860007,0.08753684650606794
38552,val,-0.252799,0.26097897,0.5969338565484833
31623,val,-1.4138086,1.7203773,0.9026171200468227
8042,val,-3.1761107,3.623442,0.9917717917954119
12665,val,0.37301576,-0.55545026,0.35053775593023795
34272,val,-2.3443909,2.7178898,0.9727761839957133
36287,val,-0.11997602,0.20087776,0.5640668746876014
40197,val,-1.4194458,1.716711,0.9027382979796
30662,val,-2.7094936,3.056413,0.9831847005984041
36899,val,-0.46452048,0.50098795,0.6701487266890817
25369,val,-1.1532768,1.2853167,0.8506647649061178
1001,val,-1.9267544,2.1347487,0.9466294478185541
14273,val,-2.660263,2.9380078,0.9811309851985629
11456,val,0.6687479,-0.6377815,0.2929144370296274
35219,val,-0.7950669,0.98504466,0.7822749598144823
4528,val,-3.04495,3.3800852,0.9893323190754068
29180,val,-1.9205709,2.025435,0.9423950279571656
38111,val,0.024962908,0.05892485,0.5142204773713875
6238,val,-3.1575422,3.5500567,0.9912296468848976
14204,val,-1.0163562,1.2538022,0.8350627718515411
25766,val,-2.6919851,2.9569068,0.9817758058441941
48055,val,-0.1555366,0.3584771,0.5969735493275997
34937,val,-2.0311387,2.2713103,0.9545348992480173
12933,val,0.14929797,-0.15954936,0.45437121684378146
30974,val,-2.2498512,2.6498363,0.9695948987350339
32188,val,-2.257791,2.4492521,0.9653583322383461
8427,val,1.7505205,-1.8956549,0.07455642590419083
33626,val,-1.897681,2.1349778,0.9456003039071097
7024,val,-2.759495,3.0377169,0.9835431137310285
32026,val,-2.8420033,3.192511,0.986026191594639
1334,val,-0.88127947,0.7218811,0.7604468277675731
38356,val,-1.0108727,1.0606714,0.8150159343012363
13499,val,-1.6917586,1.9870075,0.9313607951986994
48434,val,-0.5282202,0.7807438,0.7209606383733961
43319,val,-2.2661471,2.5294247,0.96737163012813
2979,val,2.8707874,-3.3508677,0.013109583623366597
34685,val,-1.0774246,1.1778785,0.8336258054104798
27799,val,-2.1061847,2.4768233,0.96233508883742
30242,val,0.41398403,-0.7145366,0.31936570031439215
3816,val,-3.0931885,3.4655051,0.9902756951374762
2326,val,-2.0125537,2.1953332,0.9515748082629587
28720,val,-1.6907064,2.0264637,0.9330592391062618
41676,val,-2.429317,2.6005976,0.9721698309599618
48212,val,0.11423406,-0.102735884,0.4703542618232805
49454,val,0.21348684,-0.066319555,0.45941461684017276
42264,val,-2.2625718,2.6554124,0.9699701456612324
43654,val,-2.6079485,2.8479023,0.979194429065766
41034,val,-2.3860853,2.6738887,0.9727333980350901
33999,val,-2.6479397,3.0305598,0.9821428769550501
15575,val,0.22263114,-0.1538399,0.44266527960336816
25683,val,-1.8337895,2.1849337,0.945096412109715
7341,val,3.175136,-3.5299096,0.00938209728124688
11117,val,-1.539527,1.6166219,0.9039599056899486
345,val,2.8445697,-3.1099246,0.015762433240994075
35998,val,0.21813464,-0.30515298,0.417485451063192
29516,val,-1.703767,1.8142924,0.9238123212659067
3847,val,3.1297393,-3.5062342,0.009842209981290886
5236,val,-3.0619426,3.469171,0.9900880479784946
33861,val,-2.467612,2.839255,0.9769605958858436
13601,val,-0.77062005,0.8022848,0.7565681767699307
7661,val,3.2857876,-3.585979,0.008357458418337257
15659,val,-2.4795141,2.8232036,0.976895138914691
47856,val,-1.8588771,1.9668288,0.9376504898817154
7667,val,3.168315,-3.3904662,0.010382883017362917
206,val,-0.7322704,0.76256126,0.7463642856507845
16097,val,0.6074342,-0.9028808,0.2642695189646736
15480,val,-0.27645314,0.262699,0.6011991889383692
35517,val,0.17930847,0.090710685,0.4927808746913738
31442,val,-1.7254978,1.8766545,0.9278527082057066
28898,val,-0.53558,0.71177423,0.7122040912377057
29487,val,-2.1128511,2.510788,0.9633523600314183
32983,val,-2.32171,2.6316175,0.9706823347838955
38765,val,-2.1275434,2.4450355,0.9620696314439405
4409,val,3.1868787,-3.475556,0.009663361466846165
12925,val,-2.4093733,2.8325095,0.9759143789892802
38973,val,-2.2458344,2.5668287,0.9677470814366322
6285,val,3.2592397,-3.565549,0.008634393754549528
24540,val,-2.007642,1.9647275,0.943388541415803
7438,val,-2.9044955,3.0570178,0.9853044640939315
7593,val,3.0022058,-3.3526053,0.011957024384236096
14938,val,2.5589392,-2.8038485,0.023657788653489328
3345,val,3.0429537,-3.4096217,0.011175097025789933
36922,val,-0.12300227,0.032724608,0.5354695117690028
39387,val,-2.2839499,2.5106802,0.9673508199170521
12809,val,-0.514672,0.54280216,0.6842174109341085
4604,val,-2.3453462,2.7160854,0.9727604437035544
44653,val,-1.9160606,2.245456,0.9500572519657431
26159,val,-1.960883,2.2295218,0.9510078815375315
28109,val,-0.9649871,1.2528763,0.829959782178615
13586,val,0.37910247,-0.49623525,0.3590491639888912
30192,val,-2.0826092,2.3325078,0.9578368991704374
12032,val,-0.04197718,0.029867576,0.5208404840338798
39626,val,-2.673863,2.9319358,0.9812282738593568
25021,val,-0.5650887,0.7427557,0.7208029810880837
4048,val,-3.045886,3.398775,0.9894763124820857
39635,val,-1.3761963,1.5067834,0.886032118387455
6701,val,3.1774645,-3.5464282,0.009260294519113579
34213,val,-2.7966309,3.1221254,0.9848648206528151
47264,val,-0.52205366,0.63491243,0.6990657693105993
31776,val,-0.97786623,0.9941016,0.804277664925557
11560,val,-1.8935868,2.1131392,0.9446590935635644
33694,val,-2.5572,2.9501367,0.9799159874837702
31305,val,-2.0852072,2.2597494,0.9558086630848919
30103,val,-2.4050117,2.6403346,0.9724605501275629
43281,val,-2.6441286,2.9710906,0.9813493288940452
11335,val,-2.6160545,3.0029235,0.9813974179932304
8076,val,-3.1548448,3.5171664,0.9910104508199167
24421,val,-0.86354584,1.1228684,0.8058643335098564
5839,val,3.3135803,-3.5890265,0.008180463101448574
4385,val,3.2892408,-3.6042376,0.00823246078656832
25173,val,-1.5942975,1.8868576,0.9219744420596883
40061,val,-1.8325566,1.9925208,0.9376247705359426
25135,val,-1.4421238,1.679092,0.9018163034196074
26790,val,-2.2366805,2.5232325,0.9665746541373824
49673,val,-1.102738,1.0195354,0.820308916530601
50678,val,-0.93724996,1.0464679,0.8055689282873709
10965,val,1.9595131,-1.8976578,0.06498621499829796
6305,val,3.279986,-3.5772276,0.00844229383487078
43321,val,-1.8259403,2.1487045,0.9434735240390822
44727,val,-2.416611,2.73579,0.9743976232616144
27462,val,-1.6872096,1.7738894,0.920958678795369
47657,val,0.1392571,0.055357788,0.4936028012055938
4365,val,3.0130286,-3.33252,0.012033852735779695
44394,val,-1.4820482,1.6138526,0.9002363497275049
44751,val,-2.582788,3.002071,0.980956423441134
15016,val,0.65329593,-1.0163583,0.24316391475764773
4060,val,-3.0058937,3.416264,0.9893110441318487
16138,val,0.892427,-1.0535489,0.20935793070111944
34154,val,-2.4402452,2.6459832,0.9732165410908
24605,val,-1.7559903,1.9520217,0.9326577910929256
34603,val,-1.9409672,2.3805242,0.9551097810363035
3779,val,3.3015733,-3.6110384,0.008123845759334449
48897,val,-0.8560752,0.8577602,0.7742713348896352
37035,val,0.2270315,-0.32984313,0.41178020053963005
46547,val,2.1954775,-2.385244,0.04020313299425697
37724,val,-0.9228793,0.9758627,0.7960844048315024
9101,val,2.8327086,-3.2137635,0.014794273907768102
34986,val,-2.525325,2.8277073,0.9776767413394223
31062,val,-2.1062155,2.451888,0.9616982045598941
13688,val,1.781868,-1.8250085,0.07647649230371491
25633,val,-0.085059606,0.12617718,0.5451185420271613
8638,val,-2.2185245,2.447647,0.9643889035018748
26470,val,-0.011544733,0.18548632,0.5426521569765311
34115,val,-1.6571294,2.0196962,0.9312739246525836
41143,val,-2.6865351,3.0146089,0.9824187130960769
35376,val,-0.86923766,1.0892073,0.802783560145138
17177,val,1.089599,-1.2142502,0.1708996857087189
14764,val,-2.2130659,2.4041471,0.9631932489595784
6520,val,-3.2613986,3.5958538,0.9920948712103629
16545,val,-0.56716895,0.59074336,0.6992050667022346
38775,val,-2.6099508,2.890419,0.9798198023707078
1481,val,-2.0454261,2.3770404,0.9580441401597359
38898,val,-2.4665513,2.8414383,0.9769782716786973
35390,val,-0.7743555,0.8013832,0.7569332642551981
38471,val,-0.23428841,0.248218,0.5916570174848566
1424,val,-0.8981567,0.9978417,0.7957725267708334
47913,val,-0.296301,0.35322547,0.6195672463704328
49546,val,-0.5799487,0.5347786,0.6928104551739233
33259,val,-2.3890224,2.5783775,0.9709613144866325
32128,val,-2.4672976,2.7989714,0.976312308493665
36745,val,-1.0874051,1.1830931,0.8350955191106376
47093,val,-0.33509925,0.47486183,0.6456551684315
28377,val,-0.82494503,0.89896667,0.7755014793190933
29968,val,-1.9411143,2.1917734,0.9490979354800441
49801,val,-2.5724592,2.8263485,0.9783653454051009
44827,val,-2.3734012,2.7302878,0.9735332367758522
32814,val,-2.4910777,2.7734673,0.976284388433215
4873,val,3.1683483,-3.513283,0.009535630148959466
36214,val,0.32848898,-0.30380479,0.3990573208695291
41691,val,-2.5793693,2.7918997,0.977953606828602
36484,val,-1.7244031,1.9453727,0.9309574661783311
35082,val,-1.7196431,1.9490236,0.9309075560794083
45286,val,2.018545,-2.1138825,0.054216433131506515
47673,val,-0.7375062,0.9796512,0.7746774226966987
2972,val,-2.9685974,3.2979252,0.988095625449703
33973,val,-1.0884527,1.1157972,0.8286109430625889
31928,val,-2.6643143,2.985037,0.9817815580176852
37587,val,0.013599233,-0.037096757,0.4994119472254391
15088,val,-0.38032475,0.45119545,0.6490995630100324
39077,val,-0.5808559,0.59560716,0.7019285553726519
12774,val,-2.1576662,2.3073583,0.9592251650359361
34158,val,-2.393671,2.688675,0.9731456237194198
37828,val,-0.26466113,0.34231216,0.6125230370706394
39855,val,-2.581248,2.9523776,0.9802749093012483
13364,val,-2.0939207,2.2216177,0.9549308119695664
33803,val,-2.2165058,2.6307535,0.9684943284824664
16478,val,1.2518646,-1.3279077,0.1452473002793469
7676,val,-3.154424,3.52797,0.9910749571745452
919,val,-1.2507082,1.2172956,0.853260732362998
32718,val,-2.0466866,2.2305348,0.9537624858755801
35821,val,-1.3485875,1.4433521,0.8794381612307294
13596,val,-2.0974143,2.321063,0.9579317732752138
27060,val,-2.538077,2.7776465,0.9770997017613045
25418,val,-0.19820568,0.2890668,0.5924626526559685
5866,val,-3.1829374,3.5378628,0.9913096032580646
46385,val,-1.25797,1.472466,0.8747992458636175
44407,val,-1.2877576,1.5586617,0.8834226886462377
30335,val,-1.9798654,2.2413146,0.9520017169761562
48799,val,-0.064168155,-0.027178412,0.5147497986545391
11421,val,-1.2510582,1.5826133,0.882500714600581
38212,val,-0.5161739,0.68655956,0.7057609921876672
4573,val,3.2316647,-3.54251,0.00894294809013197
37083,val,0.105242,-0.17342995,0.45961180530647583
33067,val,-2.5307178,2.961008,0.979699836544612
35166,val,-2.156362,2.2927885,0.9587884176392629
39876,val,-1.5698006,1.8621078,0.9194586800677903
36391,val,-0.0704639,0.031440828,0.526088363947472
13780,val,-1.2296276,1.4032785,0.867130010836143
26268,val,-0.71600264,0.74875003,0.7423585373344759
8942,val,-1.6017512,1.9376158,0.9248552998927971
29033,val,-0.3094284,0.37691623,0.6256218414078408
13185,val,-1.3902942,1.5510303,0.8900909341046636
691,val,-2.589757,2.906519,0.9797630712630548
28294,val,-0.96928424,0.9400186,0.7972816268294852
35781,val,-1.1468152,1.2972206,0.851147975827734
28859,val,-1.2984971,1.4692816,0.8776337664284397
39691,val,-2.3825812,2.772226,0.974439603674707
29029,val,-0.8081754,0.92627263,0.7767826830638677
42951,val,-2.4608233,2.7047057,0.9746258367712414
5826,val,-3.204814,3.5644922,0.9915972348056805
2187,val,2.8060858,-3.1994154,0.015218079198853936
39401,val,0.031514313,-0.2578384,0.45775578425745916
5384,val,-3.0403743,3.4241266,0.9896199202716818
39829,val,-2.6283696,2.9810371,0.9812747284381867
36289,val,-0.41205862,0.504391,0.6625152092595583
24532,val,-2.4369278,2.579322,0.9719099120964438
8981,val,3.320846,-3.5465682,0.008382740837596358
24848,val,-2.4730244,2.645832,0.9738053815715033
28124,val,-0.5371309,0.6043036,0.6967740623687791
48574,val,-0.102716446,0.07772645,0.5397694988303429
1069,val,-0.50175047,0.514402,0.6779358629360475
8738,val,-3.176408,3.5757155,0.9914964412661711
1281,val,-1.3684728,1.6015705,0.8920418792146522
125,val,2.3607533,-2.8322573,0.026563384029632424
576,val,-1.454899,1.7499349,0.9068775672931161
31363,val,-2.0161242,2.3789697,0.9572673114833281
5793,val,2.8342957,-3.2983968,0.013940020180289565
30909,val,-1.9790708,2.4250076,0.9575237913087171
43302,val,-0.5271347,0.7607462,0.7179825488275764
28704,val,-1.6313632,1.676225,0.9127756713076964
4880,val,-3.0492418,3.5161405,0.9903206700140602
42776,val,-0.8275883,1.0601444,0.7948307658324081
31531,val,-1.8393,1.9458951,0.9359722482371158
24902,val,-0.60527796,0.79878277,0.7341511408625102
3808,val,-3.0900059,3.5212126,0.9906233836870597
32332,val,-2.1428313,2.2506475,0.9572210499527284
1148,val,-1.6492962,1.8779356,0.9242629186657332
28300,val,-0.9962903,1.1533661,0.8231164845533167
16012,val,-1.3968787,1.1984428,0.8640699765551073
13960,val,2.2237008,-2.4466982,0.03785000327157587
28283,val,-0.11335022,0.30664572,0.5810464137688052
42426,val,-1.9585502,2.3453045,0.9545775758785842
49623,val,0.45635644,-0.6410766,0.3241135695524376
36303,val,-0.18355136,0.1434257,0.5651203676159402
7156,val,-3.1565497,3.5103478,0.9909785116813297
8723,val,2.7749796,-3.1269686,0.01634324261988521
44640,val,0.47299963,-0.59978694,0.32790367797464826
37803,val,-0.62432426,0.715107,0.7252300737116857
8292,val,-3.0994053,3.37794,0.9897118565569898
37466,val,-2.2255979,2.4592104,0.9648341440013236
25220,val,-0.5480813,0.7088993,0.7135830369155184
42237,val,-0.33909842,0.29102868,0.6163619383041917
15039,val,2.6176329,-2.9520068,0.020534712658620315
49317,val,-0.55908203,0.5901292,0.6979227622770336
51096,val,-1.4629441,1.6299168,0.9000451154525331
5108,val,-3.0098076,3.3949761,0.9891816924708217
7525,val,2.81269,-3.2690983,0.014438304676597052
3100,val,-2.7286944,2.8253107,0.9805488180899764
41108,val,-2.6758022,2.9691353,0.9817262222079384
32681,val,-2.0773463,2.4766293,0.9615916451996511
11733,val,-0.88772887,1.1543549,0.8118871910944679
31171,val,-1.58451,1.7537855,0.9144716044686586
39887,val,-1.2751379,1.3906542,0.8697594674971454
44427,val,-2.2577157,2.484282,0.9661671863041138
40534,val,-2.2116568,2.524477,0.9660327782930204
1624,val,1.1062189,-1.2670592,0.16412434046154223
10541,val,-2.881333,3.0887144,0.9853906977493566
2744,val,-3.1664455,3.5763865,0.9914414377802306
43971,val,-2.6179552,2.8943605,0.9799844548702853
2645,val,2.8443308,-3.2681262,0.014136035881883934
32044,val,-1.0313754,0.8116763,0.7896842468690601
38175,val,-0.31119266,0.21193972,0.5985080523963631
31687,val,-2.0143056,2.253004,0.9534556045893497
43272,val,-2.5730991,2.9956012,0.9807440099065492
34829,val,-1.6107906,1.6398774,0.909551440748048
38328,val,-0.36916563,0.4143364,0.6414072311180672
32016,val,-2.318572,2.7741609,0.9733349471461138
2011,val,1.619252,-1.89665,0.08109640622126268
12689,val,2.460255,-2.7470465,0.026305983468855855
35403,val,-2.0248394,2.2896762,0.954899993771206
2701,val,2.8706737,-3.2839112,0.013730972994417627
32807,val,-2.2292428,2.497054,0.965806146212582
11686,val,0.84445345,-1.0667454,0.21341526782517536
12146,val,-1.3063029,1.4844524,0.8793502495645944
31430,val,-1.4961244,1.5704206,0.8983759357770292
16084,val,-0.8133094,0.69293934,0.7478739306460668
25973,val,-1.3639725,1.7327772,0.9002897021869567
39135,val,-2.2337074,2.5734346,0.9676262568912751
16926,val,-0.3510538,0.29643115,0.6192304164829935
16482,val,-0.62794435,0.7092468,0.7249175473711524
26563,val,-0.46250546,0.555401,0.6782038375792908
14114,val,-1.4274062,1.7770354,0.9068543769990922
36147,val,-2.3893425,2.7614317,0.9743692059278165
8024,val,-3.1248493,3.4939222,0.9906723582837137
28592,val,-2.739292,3.085662,0.9838544447556682
33048,val,-2.5097919,2.832063,0.9775053694591251
18143,val,3.2285323,-3.5556939,0.008880814407268808
36777,val,-0.43997568,0.47326282,0.662012537332153
5735,val,3.1801708,-3.5122118,0.009464825455521592
10584,val,-2.9464803,3.3309624,0.9881851882636723
8517,val,2.8991222,-3.3100767,0.013222850778406582
33789,val,-2.6931672,3.131814,0.9838547495693968
543,val,2.6597042,-2.6845884,0.023958624272515567
39851,val,-2.361405,2.7141204,0.9730205925021573
44082,val,0.416887,-0.40427417,0.3678208255028061
2225,val,2.3789115,-2.8059165,0.026711865793115443
37509,val,-0.52000004,0.5042179,0.6791671039656101
28863,val,0.059518762,-0.17992102,0.46643850392443353
43619,val,-2.140095,2.3622067,0.9602334341858779
11171,val,-0.46942076,0.5361659,0.6763192000722301
11927,val,-1.1516435,1.1616381,0.8391777136393397
12079,val,-1.6071824,1.8059832,0.9184819104512061
13934,val,-0.91597354,0.9866808,0.7965285410371363
13492,val,-0.21945983,0.24381119,0.5884005819750948
1978,val,-3.178341,3.5020304,0.9910624264466306
47314,val,0.06450792,0.18082148,0.5286018915889752
27733,val,-2.5415657,2.7442386,0.9766264480810309
26184,val,-1.9176198,2.1803792,0.9479052787747363
43307,val,-2.7668312,3.1491127,0.9848354529234441
4897,val,3.2703307,-3.5442498,0.008695763466181073
42626,val,-2.2999623,2.4820986,0.9670718440354457
6164,val,-3.0753083,3.483025,0.9902732669080732
28927,val,-0.40988478,0.47384548,0.6573762874661541
12258,val,1.5478045,-1.7628697,0.0924643210104451
3049,val,3.076848,-3.4823701,0.010379740776535362
2977,val,-0.17595835,0.10459422,0.557119160829311
29399,val,-2.764077,3.0826378,0.9840945940765187
41301,val,-2.6049833,2.9170976,0.9801180707974616
39097,val,-2.5352592,2.836791,0.9779653930778969
765,val,-0.6598587,0.6222877,0.7171691903732726
40429,val,-2.7457802,3.1451178,0.9845714300792002
41942,val,-2.5068378,2.9024076,0.9785194291519476
38516,val,-1.2426592,1.4640379,0.8729682189012338
2442,val,-2.9443002,3.3102508,0.9879966663406992
35990,val,-1.8736211,2.2145386,0.9475641806286087
31558,val,-2.0816603,2.407341,0.9598764586755684
27350,val,-1.0567715,1.1868733,0.8324910795771928
27468,val,-1.5380796,1.7288951,0.9104859428705023
49440,val,0.30170768,-0.30947727,0.40260536495333393
15336,val,1.897818,-2.0382218,0.06171168000094988
39521,val,-2.427661,2.6894314,0.973773870133769
29887,val,-2.875609,3.250433,0.9868818739108688
15672,val,2.236177,-2.422466,0.03815077361874157
32283,val,-2.0947275,2.2333941,0.9553083164993904
41646,val,-2.6627727,2.980013,0.9816991834920655
8454,val,-2.9704337,3.300126,0.9881288147070503
6707,val,2.5370016,-2.9491227,0.021743858353481305
2959,val,2.9670432,-3.327847,0.012462745315400862
19392,val,-3.1947484,3.6039631,0.9917669864101388
43925,val,-1.0057162,1.1148881,0.8201366569431234
39575,val,-2.820609,3.2686374,0.9865442739450976
13438,val,-1.6585611,1.8078297,0.9212278565028003
36707,val,-0.21882306,0.1418549,0.5709077429121242
7980,val,-3.2602754,3.5877223,0.9920439116198393
40739,val,-2.2669606,2.4867315,0.9664337064430832
40131,val,-2.6342227,3.072974,0.9824917308196601
38227,val,-0.22345363,0.36218807,0.6089738368836042
30839,val,-2.153165,2.436838,0.9625121334527611
31298,val,-1.4959816,1.8413692,0.9144198764648132
13271,val,-1.9112005,1.9855103,0.9404933017232218
7202,val,-3.0657668,3.4278536,0.9898271932714682
10932,val,1.6545674,-1.6408881,0.09336199439769732
8714,val,-3.245882,3.5720124,0.9918758883506751
38222,val,-1.7234013,1.7799333,0.9230838209341221
48218,val,-0.17313574,0.10384487,0.5565022536473238
31980,val,-2.7471282,3.0819035,0.9838997177057948
40575,val,-2.425078,2.705502,0.974013864984307
1956,val,2.1786206,-2.5166078,0.03722222425191156
29925,val,-0.29821852,0.225039,0.5985290977319834
1285,val,-1.291181,1.4377035,0.8746802688288344
40272,val,-2.2745478,2.6640294,0.9703871180396633
38817,val,-2.2426922,2.4774845,0.9656644078309187
27718,val,-1.8743893,2.2229183,0.947881378237261
10596,val,-2.148189,2.1965423,0.9558020022601866
16317,val,-0.80377275,0.9780662,0.782480799840545
29645,val,-1.879216,1.7960666,0.9312047739416539
33160,val,-2.5394337,2.9348176,0.9794551738176821
29724,val,-0.6485269,0.79489726,0.7394932204849985
7361,val,3.2095127,-3.4454346,0.009713638454147026
40725,val,-1.8592441,2.09025,0.9425274178485189
39611,val,-2.5053751,2.8683167,0.9779901360098413
40617,val,-2.665935,3.0492716,0.9825879014236859
32246,val,-2.6607242,2.9034867,0.9806845827628491
43553,val,-1.8001013,2.0065827,0.9368676457546131
28012,val,-0.8147003,0.9161786,0.7763492657677971
32367,val,-2.436598,2.6682656,0.9735544117062385
6602,val,-2.8938432,3.2362442,0.9869184776918996
36036,val,-0.6255855,0.8026595,0.7374414917939988
39473,val,-2.6363714,3.1001341,0.9828411081389198
33978,val,-2.1482263,2.6018434,0.9663513650704333
35467,val,-2.2102962,2.4706788,0.9647430049658784
35646,val,-0.9915585,1.0007213,0.8065057630917059
31948,val,-2.4582415,2.6625638,0.9738401508056667
25371,val,-1.2589327,1.4955056,0.8766275536729676
30225,val,-1.5986873,1.6539078,0.9096623305558689
40097,val,-1.0914136,1.3851981,0.8540134216275763
3041,val,3.2292402,-3.5321822,0.009022397217881204
27380,val,-0.72195303,0.72752905,0.7403091487919501
6267,val,3.3113704,-3.5478694,0.008430430673211446
32034,val,-2.8246534,3.1738644,0.9856747851892385
32697,val,-2.608283,2.8140604,0.9787112665083695
3545,val,2.8736129,-3.2643206,0.01388969136121335
29686,val,-2.5484173,2.8115554,0.9777825069804714
27428,val,-0.4845285,0.7000026,0.7031086120197961
1397,val,0.37494677,-0.59931767,0.34327597088742867
6613,val,3.1465993,-3.506778,0.009724213673208871
44217,val,-1.7111726,2.077195,0.9361051758671171
15376,val,2.810972,-3.0429113,0.01689292198253433
5405,val,3.2548296,-3.57348,0.008613325987809449
33761,val,-2.4655108,2.8694048,0.9773983334406913
44323,val,-1.855873,2.038497,0.9404015451852786
27985,val,-0.64286095,0.653902,0.7192395340626209
42578,val,-1.6945182,1.8777633,0.9264406591496224
34098,val,-1.0723666,1.3956954,0.8532658299959919
13843,val,0.3631691,-0.6396289,0.3387882340684976
24914,val,-0.40698004,0.5211223,0.664336230340169
25901,val,-1.7877965,1.760198,0.925273863631714
40465,val,-2.482402,2.8627656,0.977556294654315
6201,val,2.9938045,-3.3843925,0.011765200627281227
2577,val,3.3184073,-3.56388,0.00829665620552531
15142,val,-0.8308255,0.8881844,0.7749036519752035
48505,val,-0.03648091,-0.016228935,0.5118233138248854
27653,val,-1.6902198,1.8654064,0.9256423252023046
5102,val,-2.9454932,3.3835366,0.9885993678865035
39944,val,-2.1191516,2.6661363,0.9671436868305568
28953,val,-2.5003014,2.7517025,0.9760803189428919
36399,val,-0.20575224,0.23125432,0.5839416882680876
15466,val,0.43107328,-0.56131274,0.34042251785437266
15850,val,0.8157396,-1.0014406,0.22466934718406872
16733,val,2.0358734,-2.0288558,0.05669787983566882
24956,val,-2.0408983,2.358574,0.9573924840535512
2024,val,-2.6300173,2.9256973,0.9805716236941301
47439,val,-1.2321811,1.4833945,0.8736556971873813
34724,val,-2.2183404,2.512753,0.9659168342594959
47292,val,-0.6560297,0.7712986,0.737317248476898
30018,val,-2.510199,2.8180933,0.9772957062285582
27656,val,-2.0153146,2.229595,0.952754916358721
5439,val,3.2294197,-3.5465305,0.008931941504473203
6499,val,2.8624148,-3.2009754,0.014622681485823436
2808,val,-3.2137294,3.5924368,0.991809477488751
43794,val,-0.20672296,0.24450512,0.5863578176158764
35176,val,-2.911973,3.2437444,0.9871480484841672
16708,val,1.8476328,-1.8842909,0.07051996151137084
39559,val,-2.166988,2.4646308,0.9635490160770701
14212,val,-2.0767555,2.3421736,0.9579445139371517
34760,val,-2.0340047,2.3607802,0.9572584644376042
3781,val,2.8404715,-3.258828,0.014264944710386484
171,val,-0.9580821,1.2107064,0.8250575708491286
42617,val,0.1523939,-0.44937068,0.40419209402969775
33505,val,-1.7976259,2.1651115,0.943027438017322
3022,val,-3.045064,3.3559618,0.9891535110775863
48993,val,-0.120629445,0.2400531,0.5709085297841832
29109,val,-0.84742445,1.1778897,0.810088144474814
11434,val,-1.1321028,1.2850122,0.8487450937793726
41904,val,-2.0562277,2.2281299,0.953982235840385
33759,val,-2.710532,3.1237059,0.9839573344569391
44636,val,-1.735538,1.9767228,0.932844317325231
7739,val,3.287169,-3.5574782,0.008516234339442432
16745,val,-2.620657,2.8162248,0.9789222364076644
41072,val,-2.6787064,3.0695744,0.9829795388708786
34602,val,-1.2623571,1.2991687,0.8612679110286242
25412,val,-2.163873,2.3103597,0.9594764806787882
41505,val,-1.8747408,1.9105222,0.9359750980999566
35656,val,-0.7864776,0.90590686,0.771636662077797
12914,val,2.2503233,-2.4639301,0.03674798492287882
7435,val,2.7140498,-3.140618,0.01688380449562872
27510,val,-1.3159322,1.4288155,0.8758921738070321
36540,val,-1.6944848,2.0189543,0.9328959585513624
27829,val,-2.6155658,3.0291595,0.9817235578247453
10977,val,-1.5918455,2.0053327,0.9276193196182945
39459,val,-2.517078,2.90933,0.9787704523717681
49455,val,0.12436159,-0.18886401,0.4536116486766185
39064,val,-0.7435507,0.9621168,0.7732706702563888
38283,val,-1.1065189,1.1782757,0.836468786693966
48945,val,-0.38439417,0.4430317,0.648446612290144
14580,val,-0.75057167,0.72096574,0.7432656870059401
14000,val,0.07132748,0.09278414,0.512033973851107
34276,val,-2.6043286,2.8840172,0.9796527359171371
41271,val,-2.4609888,2.7753763,0.9758234411874662
43185,val,-2.4412088,2.869082,0.9770144679163876
7680,val,-3.1463823,3.4559338,0.9905653336556304
32224,val,-2.7102597,2.8883295,0.9811351087158056
27197,val,-1.552941,1.7412928,0.9120286806236015
12281,val,-2.5246665,2.8571737,0.9781125579460538
2373,val,2.611363,-3.0845296,0.018830810397008013
26667,val,-2.4910424,2.7498178,0.9758975510701527
36456,val,-1.3857602,1.5749137,0.8914087618480306
12627,val,-2.7953722,3.1601253,0.9852433766332045
37051,val,-2.4000459,2.67908,0.9730866661355083
28567,val,0.26524448,-0.23801729,0.42089778304082176
34840,val,-1.1748217,1.3287631,0.8563512908045589
32884,val,-2.1576548,2.3699393,0.9609038846089608
38241,val,-0.3524222,0.4437699,0.64344740954713
6208,val,-3.0895169,3.4475238,0.9901286743818863
11318,val,-1.379197,1.5814835,0.89140920602954
35300,val,-1.5197343,1.9149803,0.919604000451618
5956,val,-3.023202,3.335586,0.9888317273360444
11464,val,0.039318603,-0.34930542,0.4405679011236206
16203,val,-2.523541,2.603794,0.9739563223940613
29775,val,-2.210111,2.3475173,0.9616859469248599
14429,val,2.6357048,-2.7653513,0.023046985518320566
34583,val,-1.5541893,1.8714994,0.9191357377336403
34965,val,-2.72856,3.113595,0.9840445663233516
24904,val,-2.2596602,2.5555222,0.9678020711339237
78,val,-2.1994843,2.5260491,0.9657884970416309
37066,val,-0.9317652,1.0722187,0.8077808394778795
11740,val,1.9472305,-2.0170279,0.06057798170998043
8859,val,3.2410357,-3.5242875,0.00899802076524866
14850,val,-2.3720098,2.6261835,0.9715628361313017
30409,val,-2.5080981,2.9479482,0.9791972164114167
41923,val,-2.6746325,2.9872394,0.9819376332428643
24800,val,-2.6964018,3.1369438,0.9839474751883115
13293,val,1.1935346,-1.2368404,0.15871559800087845
14948,val,2.724337,-2.918605,0.019527857485352178
32110,val,-2.1744323,2.3904965,0.9618737675964546
43181,val,-1.429931,1.5040355,0.8895861401604229
17106,val,-0.26330113,0.23731588,0.5947157024805586
16415,val,2.426127,-2.5544662,0.030690385552724443
44671,val,-2.8351045,3.1038206,0.9850737941635641
3932,val,-3.0925484,3.4433088,0.9901205753689915
11781,val,-1.5179652,1.6181108,0.9027333312535875
41757,val,-1.7905004,1.9466263,0.9339263547091509
2030,val,-3.2188299,3.545189,0.9915663455473676
34850,val,-2.299751,2.6820512,0.9712441733266575
32753,val,-2.177668,2.263515,0.9585675201657623
13577,val,2.6199198,-2.860076,0.02183528121447724
3028,val,-3.0767636,3.458005,0.9901131199044982
17126,val,2.6104562,-2.9474804,0.02070009861824508
35942,val,-1.7304218,1.7952956,0.9241886908367798
15569,val,-1.6695446,1.827082,0.9227498312595359
15648,val,0.8079933,-1.0528729,0.2193883565522098
5768,val,-3.0384274,3.4717088,0.9899429264819154
44582,val,-2.7202194,3.071625,0.9834821992704064
16610,val,0.38968,-0.5088811,0.35531737280505027
6748,val,-3.1074,3.4196649,0.9900602007503657
14434,val,-2.0814803,2.3722174,0.9589139804975589
39022,val,-2.3070288,2.4764528,0.9671034926517806
15693,val,2.7648356,-3.167943,0.015999959823015938
12644,val,-1.9924074,2.29995,0.9542273999584637
29517,val,-0.96229,1.0151862,0.8048838092906195
13868,val,1.7804193,-1.9679632,0.06976864855120951
14149,val,-0.64118916,0.6985132,0.7252678782367555
42461,val,-2.493023,2.9244976,0.9786408235443816
27165,val,-1.6327286,1.9291751,0.925944156765348
38641,val,-0.27470392,0.34318236,0.6143341830355395
38451,val,-0.83681124,0.84927565,0.7708590735437825
6836,val,-2.9951954,3.397574,0.9890913397245382
35880,val,-2.414314,2.7533157,0.974662170394108
25645,val,-0.9405754,1.1920292,0.8213722403202753
6541,val,2.8795,-3.3106103,0.013398305617441863
25437,val,-2.1321433,2.3656402,0.9601125091934188
38528,val,-1.505293,1.7637131,0.9106017493846585
25655,val,-0.20527707,0.43409804,0.6178912421682539
1895,val,-1.5209897,1.6046323,0.9020890064237199
28664,val,-0.31219372,0.5266328,0.6502633621355096
36871,val,-0.46365914,0.43725705,0.6600802125522195
12915,val,2.2582352,-2.4617674,0.03660582072501961
30667,val,0.4164997,-0.59235835,0.33783879875523726
4738,val,-3.1234236,3.4527545,0.9903928282672113
32465,val,-2.8179932,3.0927267,0.9847807535654852
49332,val,-1.0482336,1.1446382,0.8274770972281177
37046,val,-0.35638306,0.2743659,0.6164648445167836
29483,val,-2.6163907,2.9553313,0.9807839078603481
13032,val,0.77775747,-0.896938,0.24251518089408558
38662,val,0.06770268,-0.12858608,0.47396155527135436
35808,val,0.04473685,0.008019018,0.5018576582749986
27385,val,-1.1454557,1.2834073,0.849797588440033
12532,val,2.6861925,-3.0000362,0.018956180079835246
2845,val,3.0881524,-3.4663134,0.010413961726087502
37167,val,-0.5778193,0.7301412,0.7208193343878552
29982,val,-2.4588537,2.7789917,0.9758478715655311
37415,val,-0.5652324,0.6255682,0.7040237384164055
29269,val,-1.7373236,1.832822,0.9263387238829257
4116,val,-3.1817145,3.4623747,0.9908346781181805
46988,val,1.8787712,-1.8844861,0.0690960259094672
28980,val,-0.8408968,0.90410334,0.7780605765332893
25243,val,-2.2542996,2.5112643,0.9667021957669929
49607,val,-1.8183917,2.0603712,0.9397863998787469
13861,val,-1.8001207,1.809621,0.9282074668765312
8348,val,-3.1772928,3.5249991,0.9911972989552504
11078,val,0.66703445,-0.8711117,0.2604997880559304
12989,val,-2.0089622,2.1859324,0.9511540779556535
36005,val,-1.3863988,1.3887895,0.878189595437689
30520,val,-2.5696616,2.8131187,0.9781266388614934
43855,val,-2.4097972,2.6128104,0.9720311343018012
37799,val,-1.8758075,2.0696793,0.942375304726351
43743,val,-2.1367097,2.3784208,0.9605748666697399
34810,val,-2.5340016,2.752464,0.9766370118944014
6567,val,3.1884723,-3.536829,0.00925125445219984
33359,val,-0.6687364,0.75769335,0.7371954323007822
44234,val,-1.0821683,1.0987843,0.8262829717645854
8783,val,3.2229059,-3.5022478,0.00925220119867838
14456,val,-0.34720513,0.28260517,0.6163095096319788
33893,val,-2.741478,3.015942,0.9830862241305542
32511,val,-0.8597376,1.1131402,0.8043778984088261
31106,val,-2.148184,2.5590158,0.9653619981959108
25842,val,-2.266612,2.4525905,0.9656417945334513
26944,val,-1.2690581,1.2223613,0.8553007452877235
31887,val,-2.0685153,2.4868557,0.9616276994121373
2471,val,2.8365412,-3.1101198,0.015847710830326968
1126,val,-1.3391267,1.3105948,0.8684800872737783
29495,val,-0.88728136,1.002817,0.7951006279403521
41329,val,-0.5902546,0.5300581,0.6936417633020996
2815,val,2.9743004,-3.0908146,0.01460529905386393
48679,val,-0.81864405,0.88999546,0.7736351378177557
31882,val,-1.9084438,2.1445282,0.9463269922614028
24746,val,-2.4848228,2.7294693,0.9754562942536552
25504,val,-1.4766757,1.7138032,0.9060256518070329
49393,val,0.10363869,-0.07556204,0.47694418641730946
241,val,1.6567453,-1.7054039,0.0894852882460497
2476,val,-3.146625,3.5390584,0.9910952979473149
8259,val,3.0642948,-3.3968506,0.011109013482319761
37777,val,-0.28857958,0.20051485,0.5927704989577053
15520,val,0.0824954,-0.30153218,0.4413609168803259
8387,val,3.1823158,-3.5342865,0.00930722318110165
12215,val,-2.4275355,2.6458216,0.9729807287637469
12192,val,-1.2356001,1.47588,0.8733389754347561
48120,val,-1.8715299,2.0347474,0.9408669022796098
5997,val,3.2777898,-3.5703015,0.008495904999445185
13820,val,-2.3503897,2.6791718,0.9721631441251228
8329,val,3.2758462,-3.5589337,0.00857474275528298
15920,val,2.8727417,-3.1978872,0.014549864113856004
37132,val,-0.64871895,0.83636564,0.7450707400750407
29252,val,-0.29340476,0.35490853,0.6193670956881235
14686,val,-0.5774225,0.52794975,0.6914152706586824
41145,val,-1.7485693,1.8891095,0.929499539874382
26006,val,-0.6121882,0.700806,0.7215277374350285
39222,val,-2.7533116,3.0700674,0.9838369283437431
16866,val,-0.27348652,0.14966287,0.5815835713711355
12468,val,-2.3984704,2.633059,0.972200391723669
31100,val,-2.0459933,2.463272,0.9604191204176277
37250,val,-1.401672,1.5702556,0.8921688174192846
30741,val,-2.5578709,2.8497698,0.978495808865054
2768,val,-3.039509,3.3949542,0.9894017332441442
30648,val,-2.52669,2.7665775,0.9767453845923495
33891,val,-2.360303,2.6636298,0.9720563366112218
3780,val,-1.9950883,2.1686075,0.9501295707223005
36080,val,0.49525467,-0.3856007,0.35816096295634653
42628,val,-2.9298024,3.1873112,0.9868007321642476
41069,val,-2.527868,2.8060727,0.9773832560039667
14207,val,2.162623,-2.538116,0.03708425998830415
32453,val,-0.75288594,1.0328037,0.7829391423185008
49071,val,-0.9725286,0.8720197,0.7898581480354071
32040,val,-2.3321464,2.7560449,0.973252326734213
14403,val,-1.8026896,1.8843962,0.931732090643357
12673,val,0.31260177,-0.377033,0.38947354495919345
37338,val,-2.6226025,2.9172971,0.9803596342949
39703,val,-1.6720253,1.8569736,0.9243494490245919
7082,val,-3.1240046,3.499206,0.9907010233690898
7620,val,-3.0667918,3.4394312,0.9899156235372626
6865,val,2.6774652,-3.0899782,0.017927544611167617
35853,val,-0.75077397,0.79133743,0.752577087923884
37067,val,-1.1526145,1.3831217,0.8590971791597842
31587,val,-1.4494213,1.6600771,0.9010877893777128
41218,val,-0.31733507,0.5280474,0.6513061174092115
30110,val,-1.9237607,2.064579,0.9439825164879033
39563,val,-2.1910734,2.3468475,0.9611745000310242
27821,val,-0.21484272,0.43539906,0.61968523648502
31726,val,-1.7736398,1.8374764,0.9282715437974792
49689,val,0.00798569,0.020729767,0.5105103333207748
25962,val,-1.0384094,1.0941569,0.8213682925731189
2141,val,2.963603,-3.318592,0.012572570435626583
14009,val,-0.30995303,0.36346823,0.6235010136841396
32616,val,-2.1811092,2.5271611,0.9653870416850596
25828,val,-1.0783986,1.5315975,0.8652717457632008
30158,val,-2.0864,2.2914603,0.9567711956808378
44340,val,-1.456349,1.8191489,0.9109709206731181
12359,val,-0.38753438,0.52071923,0.6612314782736507
6389,val,1.2052399,-1.4118544,0.1420343758818128
46929,val,-0.08993225,-0.060449805,0.5134373113153009
33498,val,-2.9237297,3.2570899,0.9873690355132454
39646,val,-2.2110085,2.48702,0.9651467270061984
29921,val,-2.0644174,2.3461466,0.9577080208610552
36015,val,-0.06009886,0.09609054,0.5355500302537709
4106,val,-2.8207798,3.0473862,0.9843278849023803
12998,val,-1.6276586,1.7342005,0.915752669637834
34368,val,-2.7231674,3.0289226,0.9830240848817662
47768,val,-0.48300657,0.68341655,0.700456321826923
41566,val,-2.2975562,2.5736384,0.9690014787767817
34663,val,-1.1906799,1.4947544,0.8713087985354315
44642,val,-1.4615853,1.6511298,0.9012882633810227
48334,val,-0.5626633,0.58257,0.6973354967230742
49296,val,-0.6527273,0.8389116,0.7459410460190797
28737,val,-2.4705136,2.7549663,0.9756430582261605
41668,val,-1.4265683,1.5162116,0.8901905439580384
31318,val,-2.4189367,2.7271943,0.974287924829022
33510,val,-0.53239244,0.563587,0.6900109366377388
36155,val,-0.5442796,0.65397763,0.7051100107232177
39645,val,-1.8113523,2.1131895,0.9415740902394666
40369,val,-2.337442,2.6299157,0.9709604817358187
44616,val,-0.43990722,0.55674076,0.6749482039109633
38042,val,-0.2757813,0.31549364,0.6099122479927145
8973,val,2.4746938,-2.8164778,0.024843572765165033
14965,val,1.4172568,-1.65249,0.10761933757981658
32027,val,-2.44903,2.7940612,0.9759342485503364
35860,val,-0.21438017,0.18893363,0.5782016153361451
13909,val,-1.5305508,1.7425376,0.9108340616153884
3014,val,-3.195198,3.606666,0.9917849827509065
44148,val,-1.9463269,1.9483021,0.9404117053387483
351,val,-0.13064303,0.078571424,0.5447675587716916
28056,val,-0.59735215,0.7264878,0.7230503115111585
43439,val,-1.4525,1.6519687,0.9007736031370435
5927,val,3.1429758,-3.468803,0.010008606238821471
2295,val,3.021371,-3.4723096,0.010861632660384242
31645,val,-1.5127095,1.752319,0.910374868468248
36324,val,-0.90628433,0.94973236,0.7911872861919013
41205,val,-2.4205909,2.7040842,0.9739090585165644
12959,val,-0.261126,0.5058166,0.638737266116141
542,val,2.7402167,-2.9802198,0.01851604308457586
28627,val,-0.67787796,0.7999998,0.744111524689955
37660,val,-2.2482002,2.363735,0.9630620713369574
4193,val,3.2741342,-3.5891967,0.008406529969482103
43710,val,-2.8923738,3.3132224,0.9875834778529047
27386,val,-1.0394772,1.10067,0.8221454314095265
1778,val,-2.2969718,2.4419026,0.9660956607602139
2485,val,2.7995372,-3.2708395,0.014552395587190563
1395,val,1.5679344,-1.6514529,0.097966934719834
7295,val,3.1877,-3.5567584,0.009129170752301437
44102,val,-1.6690408,1.8924744,0.9259255099071666
27546,val,-1.4613612,1.7038875,0.9045113851298444
48539,val,0.063392386,-0.06141944,0.48644742294057175
40490,val,-2.4692903,2.862252,0.9773461197669421
27131,val,-1.7361671,1.9141586,0.9300773588013773
8214,val,-2.6381407,2.8298335,0.979366585427841
26169,val,-0.8963153,1.132183,0.8104307425709363
33879,val,-0.46076742,0.8010532,0.714274859970555
31874,val,-1.8720751,2.0187628,0.9402628488307093
16900,val,-1.3086363,1.5079526,0.8812553148630708
48444,val,0.43677756,-0.61270916,0.33150745929158254
35474,val,-0.85244626,1.2813721,0.8214968316239947
41203,val,-2.399582,2.7170842,0.9737662497278542
11103,val,0.3785027,-0.33191773,0.38602005915421944
48411,val,-0.13761632,0.15821148,0.5597553122192006
25484,val,-0.47534236,0.6142214,0.6890496945161654
24427,val,-1.4260831,1.7005681,0.9021526118231835
6725,val,3.2718842,-3.5379257,0.00872459113421899
29271,val,-2.8311973,3.173827,0.985738940857245
16198,val,-2.624311,2.9761133,0.9811588658004009
1147,val,-1.5289704,1.5702522,0.9004449479966675
40999,val,-0.6487809,0.5692902,0.7079851779581553
42341,val,-2.676949,2.9799154,0.9818753701816628
39660,val,-2.7108798,3.0002055,0.9825384841754728
16017,val,0.058045577,-0.1948082,0.46410282075098547
42692,val,-2.4409037,2.709694,0.9743661178646833
27362,val,-0.38493192,0.6142343,0.6753347555109515
28336,val,-1.9116603,2.1375322,0.9461924834082214
14705,val,-2.423213,2.7062678,0.9739943879425085
5827,val,3.2790847,-3.5614839,0.008540370787944939
29484,val,-2.5161777,2.7841353,0.9768571220975254
31385,val,-1.8670102,2.043373,0.9410265817633119
11969,val,-0.54896384,0.51817155,0.6856765290717417
49438,val,0.5873925,-0.896568,0.26787129997408365
35047,val,-2.1468148,2.47042,0.9631937872741424
31295,val,-2.463756,2.6910412,0.9744394291205793
25879,val,-0.18359002,0.321893,0.5955362793539565
31671,val,-0.98961735,1.292245,0.836187881837931
30786,val,-0.71862584,0.8754826,0.7592908419024336
51,val,0.28514045,-0.3975908,0.39062302526436876
29993,val,-0.41391405,-0.0031105108,0.5794794919965273
3432,val,-2.9714222,3.2232852,0.9874896815311919
38092,val,0.101255015,-0.004321215,0.48981111247340464
18736,val,-1.2156059,1.2159512,0.8500380922946253
5907,val,3.300039,-3.5776215,0.008323341342071005
10992,val,-0.17949466,0.51507044,0.626968387872472
12172,val,0.42602837,-0.618359,0.3322988304758793
43493,val,-2.597844,3.0886834,0.9822411474306821
3920,val,-2.8323917,3.227232,0.9862662681832433
14107,val,2.1709328,-2.2255163,0.04548545542827042
24932,val,-2.4689262,2.6830711,0.9743905748941196
47230,val,-0.095401,0.20172268,0.5599787968607026
38535,val,-2.7582946,3.021759,0.9833476099130943
49277,val,-0.8556554,1.0009648,0.7912570502684365
8172,val,-2.5718195,2.7557902,0.9772851036562319
32928,val,-2.3536615,2.5168622,0.9689873715375837
41216,val,-2.3628025,2.6130452,0.9711275542074611
16699,val,0.8379896,-1.098262,0.21048670263975114
12969,val,-0.0832239,-0.23314358,0.4820587556300082
13310,val,0.14189784,-0.36141434,0.42088918361316885
50698,val,-0.7966092,0.93367404,0.776276877151298
35767,val,0.101205096,-0.26652488,0.44417509460091775
24624,val,-0.8994955,1.1532613,0.8130253533705152
7510,val,-2.7666736,3.14921,0.9848348224316965
27059,val,-1.7512678,1.9544795,0.9325581720685725
333,val,2.0548944,-2.2411284,0.048636354716434974
47616,val,-0.60345334,0.70559436,0.7209724292097297
48983,val,-0.810623,0.85316986,0.7680914070743966
35251,val,-2.0032957,2.229271,0.9523645503004666
17038,val,0.5769715,-0.67102176,0.3014708705953379
30250,val,-1.0013508,0.9938896,0.8068288965570156
5200,val,-3.0667098,3.4888527,0.9902545698714786
40841,val,-1.5139599,1.5386764,0.8974837745431054
49410,val,-0.1890101,0.27842,0.5891053556120931
44167,val,-1.336994,1.4336082,0.8778458316291774
24761,val,-0.34333804,0.41494486,0.6373375867091804
25636,val,-0.31687158,0.3473878,0.621994596099847
29024,val,-0.85039836,0.9279442,0.782064016528965
32563,val,-2.1386464,2.4368658,0.9621444741616659
48807,val,-0.32051077,0.47668418,0.6436084165894628
41014,val,-2.5000892,2.8865957,0.9781850283270309
29797,val,-2.5964856,2.9578319,0.9805529867624171
37265,val,-0.88524014,1.1080996,0.8066214953031985
26564,val,-1.8705488,2.0521967,0.9415048984229207
41866,val,-2.773153,3.0798023,0.9841628133686074
38023,val,-2.1379306,2.3469768,0.9597659645005516
48369,val,-0.9070111,1.0046319,0.7975462035417265
40619,val,-0.6859099,0.73233414,0.7360840161565264
27269,val,-0.7441099,1.0409077,0.7828592134444594
2303,val,2.659006,-3.1410635,0.01752991943780354
13059,val,0.04383356,-0.065005645,0.48924044898880953
34825,val,-2.7374306,3.118459,0.9841947892352927
8977,val,3.29993,-3.5964823,0.008215712326991694
42170,val,-2.7808733,3.1167247,0.9846424991307423
26747,val,-0.47432834,0.47742155,0.6680167263609644
37157,val,-1.9466667,2.257632,0.9514589571485964
28479,val,-2.8123794,3.1523416,0.9853369347524884
38237,val,-2.204884,2.486435,0.9649884209274664
33864,val,-1.7161709,1.9757756,0.9319481587705143
29328,val,-2.2812805,2.4164662,0.9651400918506552
4814,val,-3.1991477,3.552055,0.9914910048704939
31123,val,-2.321395,2.7320938,0.9726127559900245
34457,val,-2.676899,2.891345,0.9807379775498831
14405,val,-2.4541526,2.7631836,0.9755072493750815
4102,val,-3.0517738,3.440886,0.9898204215771992
13017,val,-2.4553838,2.771562,0.9756674286540764
5477,val,3.3031,-3.5716636,0.00834009207943865
48928,val,-0.55972177,0.84541947,0.7342987081669876
43502,val,-2.4920447,2.7099257,0.97524898563269
24554,val,-2.362091,2.6407807,0.9716531613482438
5246,val,-3.061375,3.4990866,0.9902876026020284
36024,val,-0.46462598,0.7360644,0.705463968116212
34332,val,-2.818178,3.268653,0.9865218127397287
35683,val,-0.06563925,0.18824609,0.5525093786922077
24622,val,-2.5280077,2.8909523,0.9786618733650406
36885,val,-1.7801226,2.0698366,0.9386354943069847
3271,val,3.2873077,-3.5600402,0.008500288773983797
11042,val,-0.7956875,0.79513854,0.7588707238753802
49824,val,-2.5260134,2.7993832,0.9772506925705766
1586,val,-1.9645379,2.2005682,0.9501763167412994
32005,val,-2.4769883,2.7325406,0.9753763577180018
13837,val,2.060015,-2.497497,0.04083462062490598
29880,val,-0.9411357,1.1196057,0.8138733525770919
35444,val,-1.6784049,1.9271808,0.9280133975402771
35136,val,-1.1746787,1.4169999,0.8637702443556479
14436,val,-0.20148848,0.19510998,0.5770549729122018
39457,val,-2.4799614,2.8134336,0.9767474121943273
40507,val,-2.2141893,2.5044558,0.9656288487956539
8788,val,-2.8689258,3.1686807,0.9860559774375354
31991,val,-1.9360268,2.18567,0.9487182180067726
12321,val,-0.6386046,0.58814293,0.7092390014824047
1820,val,-1.862178,2.0996654,0.9429938102045604
8123,val,3.0211856,-3.4111404,0.011332789398278366
13151,val,1.2298387,-1.3389477,0.14620445708432292
31930,val,-2.3778906,2.603991,0.9712457251562295
11029,val,1.7106606,-1.7964374,0.08155675566562748
39938,val,-2.663159,3.1104906,0.9832740563281075
16154,val,-0.74663734,0.5837239,0.7239633239387198
3744,val,-1.3963209,1.5872943,0.8929532245606026
28862,val,-1.7396768,1.9714459,0.9327944018193484
6637,val,3.226333,-3.5520194,0.008917072126665622
36203,val,-1.1201936,1.0759717,0.8278059118910075
30806,val,-1.594342,1.858501,0.9205370392511207
46116,val,2.9331532,-3.2698827,0.01327925008419844
4679,val,-2.1844966,2.0391052,0.9520791051244064
466,val,-0.95513356,0.9844153,0.800681395279068
11760,val,0.8998194,-1.1708258,0.19528122990837396
11345,val,2.710694,-3.0929751,0.017486583542899985
43601,val,-2.7968705,3.0910895,0.9845401635970852
8418,val,-2.8325992,3.211093,0.9861144178780261
582,val,0.3646325,-0.5114568,0.35892812536903024
32068,val,-1.4100451,1.5029651,0.8881372904331399
3220,val,-3.0953379,3.4639902,0.9902799699975072
44534,val,-1.5843887,1.5597762,0.9032292860051777
14496,val,-2.0035195,2.1957476,0.9512960607978947
48008,val,-2.1468997,2.2976928,0.9586621834139334
2926,val,-3.159638,3.5465543,0.9912210841934185
29714,val,-1.8865572,2.088067,0.9434727587249698
8283,val,2.597865,-3.0545125,0.01940182272911912
10537,val,-1.3554357,1.5020013,0.8842144699903075
1405,val,0.5247653,-0.50091547,0.3352100262225333
44377,val,-1.3702706,1.5714079,0.8901151728003991
33046,val,-2.2322383,2.4819574,0.9655253466894684
3526,val,-3.2311158,3.5404034,0.9916101299245024
42488,val,-2.0976772,2.2949307,0.9571960827462844
15381,val,0.9498393,-1.1777204,0.18909753515781436
42704,val,-2.5328224,2.7410796,0.9764355387066654
28509,val,-0.40660754,0.52190083,0.6643995991459587
24950,val,-2.1164203,2.4139128,0.9609758346746786
31880,val,-0.6563435,0.6952958,0.7269293747059021
25054,val,-0.42544362,0.6858266,0.6922952835602808
31817,val,-1.4567069,1.580386,0.8964785617051102
25324,val,-1.5796152,1.6911716,0.9107031532705714
37297,val,-1.1880578,1.2440974,0.8500914413452372
47895,val,-2.830062,3.1345143,0.9853354713073448
43355,val,-2.5852747,2.972278,0.9805961176314172
47881,val,-0.10536845,0.26279312,0.5721903175979781
39010,val,-1.3331515,1.4897099,0.88171392319663
30099,val,-1.5952593,1.8961805,0.922490672503794
14703,val,-0.5999252,0.65493995,0.7132803486052478
15954,val,2.0860586,-2.20678,0.04873957802123041
27324,val,-0.16969456,0.4211232,0.609836118778772
32142,val,-2.6066942,2.7786744,0.9781653611684665
3953,val,3.3339562,-3.5527954,0.00827098794017805
25880,val,-1.4053293,1.617046,0.8955187263498692
28556,val,-1.3453797,1.5326997,0.8856853504308873
26942,val,-1.9746529,2.1386466,0.9484315374231962
14290,val,0.52887934,-0.36240035,0.35648556160582284
2831,val,2.8528209,-3.285839,0.013882729263825168
16274,val,2.537358,-2.7481122,0.02494042349279679
7493,val,3.180066,-3.4835386,0.009655527204382435
36202,val,-2.300518,2.6398826,0.9704237676847149
26535,val,-2.1473372,2.4293435,0.9621742488363306
6112,val,-3.1861334,3.5355778,0.9913150941993213
33675,val,-1.9239997,2.1360412,0.9465777216801626
40006,val,-2.659689,3.0558002,0.9825912840678693
35605,val,-1.772079,1.8559954,0.9290577872001176
313,val,-0.40660757,0.27830794,0.6253875482455294
48083,val,-0.13367057,0.24336262,0.5737095162506418
40815,val,-2.478973,2.7520626,0.9757352858041616
1296,val,1.254829,-1.3130764,0.14628143755245512
36870,val,0.11493684,-0.16142969,0.4600125721150784
38297,val,-1.0938152,1.0570475,0.8232393683608427
36305,val,-0.8178491,0.80889183,0.7634402344352748
16090,val,0.39330193,-0.65146893,0.33223928680664155
8516,val,-2.99588,3.411693,0.9892025626581502
13069,val,0.8398092,-0.86083615,0.23919450707811496
2124,val,-3.07344,3.3665013,0.9894418608321979
39642,val,-0.8553587,0.9752546,0.7882348043967581
36557,val,-1.7549037,1.8899426,0.929827555644869
650,val,2.7028518,-2.8404574,0.020908646667358605
40978,val,-1.7669894,1.947983,0.9329631038386821
38258,val,-0.72189206,0.843347,0.7555787259349057
32036,val,-2.3839183,2.6185186,0.9716447771805468
1065,val,-2.167199,2.2795572,0.9587221507876746
47735,val,-0.4962964,0.7367725,0.7101504963929528
30729,val,-2.286323,2.6520913,0.9703838429246032
41769,val,-2.3587818,2.6596174,0.9719509507829137
47942,val,-0.43988296,0.585646,0.6793669958201072
34718,val,-2.3829625,2.6701517,0.9726057724574775
39258,val,-2.9357924,3.3299384,0.9880891054318529
12067,val,1.2898644,-1.6015856,0.12020312565199905
3101,val,2.959207,-3.2963614,0.012806030018155475
31310,val,-1.486269,1.8393513,0.9137752219294283
12101,val,-1.3441201,1.5628747,0.8877183446950095
8886,val,-3.184181,3.5439503,0.9913536934955027
36919,val,-0.6022664,0.69834715,0.7197834046531729
48311,val,-1.4896766,1.458236,0.8905411944997148
15892,val,1.1600658,-1.6462921,0.12664495318417227
27558,val,-2.3710203,2.6644855,0.9722755063836724
6199,val,2.3621273,-2.495016,0.03336750178342894
37685,val,0.0066676787,0.116827354,0.5275285556869868
42041,val,-0.26678357,0.49023038,0.6371322874543806
30283,val,-1.4840773,1.7891632,0.9108427072486663
12253,val,-1.6437395,1.6467948,0.9118207217007889
26397,val,-1.2264677,1.3934749,0.8660812093463168
24589,val,-1.1254185,1.195625,0.8399094942572236
41719,val,-2.3125744,2.60358,0.9699328199350846
33468,val,-1.6352291,1.7512733,0.9170737715710905
14802,val,2.0594144,-2.1410513,0.05182592776621811
38044,val,-0.33871302,0.29381713,0.6167595435672629
6510,val,-3.1026826,3.4283853,0.9900877335673473
16216,val,-2.6257896,2.83965,0.9793307083775464
35131,val,-2.5206866,2.7687511,0.9766844268165954
1912,val,-1.4400463,1.716734,0.9039982659082252
13990,val,-0.13495483,0.23782839,0.5729819110996881
1478,val,2.2193341,-2.410664,0.038893276426249776
47993,val,-1.5573183,1.8191134,0.9165361848121433
47973,val,-0.5052566,0.6193445,0.6942791774766279
12672,val,-1.5819217,1.6565639,0.9088475622097819
7546,val,-2.9156654,3.3444402,0.9880426823770397
47854,val,-0.14377993,0.15460683,0.560196604462448
6806,val,-3.125596,3.4726171,0.9905384595453984
2180,val,-2.4303417,2.5774727,0.971748284143177
5595,val,2.9873123,-3.3613148,0.012008264482784234
47816,val,-0.0019858577,0.24886002,0.5519833790531564
29458,val,-1.8988904,2.1541429,0.9463291703665935
37705,val,-0.59654915,0.97693676,0.7566430690512761
39471,val,-2.7782927,3.1663136,0.9851321445166437
37295,val,-0.23933364,0.17931847,0.580817448834129
33326,val,-1.9406486,2.0845606,0.9453314820681338
31145,val,-2.3379858,2.8487215,0.9749898221957575
4783,val,3.248897,-3.5799775,0.008609949736281503
16635,val,-0.18513857,0.49996302,0.625418056640072
49091,val,-0.6730776,0.7729935,0.7398499331812269
31467,val,-2.5250936,2.898916,0.9787355478000734
12394,val,0.26643202,-0.27371112,0.414619431256359
27480,val,-0.4543212,0.57392067,0.6797804437896604
47229,val,-0.354158,0.45665964,0.6457923111257553
36544,val,-0.41360354,0.4346468,0.6517618130194885
32519,val,-1.605023,1.7219971,0.91385238355166
38943,val,-1.7784156,2.0224528,0.9366264799458588
23385,val,1.1575829,-1.4193131,0.1454973963458516
4661,val,3.1962702,-3.4955926,0.009468236390020297
9093,val,3.2275887,-3.5345416,0.009017968813967067
25995,val,-0.97012144,1.2256736,0.8277689646598321
48662,val,-1.0268091,1.0551583,0.8161132176772787
37605,val,-1.5693148,1.8549948,0.9190639690992035
31034,val,-1.7439991,1.9827154,0.9334752530859215
35264,val,-0.5349342,0.69562274,0.7097884988208327
32949,val,-2.0595393,2.3540704,0.95779427605023
48183,val,-1.80967,1.9966632,0.9368531214965605
15829,val,-2.210134,2.393328,0.9628505365302074
2428,val,-2.795897,3.127027,0.9849082389960905
4407,val,-0.953734,1.2998544,0.8334592906878168
28174,val,-2.4262977,2.6888676,0.9737394034644077
44621,val,-2.4380608,2.8254354,0.9762673874768836
27640,val,-2.0346591,2.2912781,0.9552430004725798
40610,val,-2.2177858,2.515455,0.9659662781479557
37972,val,-1.1535347,1.3061961,0.8525342878181816
29097,val,-2.5670056,2.7962434,0.977832265610173
37304,val,-1.8557743,2.017702,0.9395766934137018
31458,val,-0.15709154,0.14541942,0.5609076201867963
5038,val,-2.115245,2.267144,0.9569020984493088
42158,val,-2.5821798,2.8277705,0.9785297942658315
11996,val,-1.5097793,1.571484,0.8993125194281557
43251,val,-2.6521764,2.7968335,0.9790966652574722
29978,val,-2.225029,2.3977864,0.9633320012339146
43124,val,-2.6174054,2.77722,0.9783033020557557
1416,val,-1.3401096,1.3303565,0.8701295695836311
49216,val,0.35485223,-0.46806034,0.367535845826616
7941,val,3.238975,-3.4918182,0.009216091098210994
36493,val,-0.62015957,0.80276716,0.7367201759599263
14702,val,0.52390146,-0.6178121,0.31736199864812403
29554,val,-2.5270967,2.7539852,0.9765508844101434
12118,val,-1.0084238,1.1630852,0.8253322281479684
43728,val,-2.4979684,2.8543177,0.9776653398275924
40304,val,-2.6981597,3.0437706,0.9829050186327299
27045,val,-0.55007905,0.7352783,0.7176247950606486
16268,val,2.1008327,-2.1379251,0.05052470675290174
4631,val,3.2269745,-3.5560517,0.008888209465904597
43242,val,-2.3815174,2.686747,0.9728868714155661
14810,val,-0.97054464,1.2745975,0.8326371626867338
25984,val,-0.9109346,1.135379,0.8123388888429981
10572,val,-2.7295308,3.0078568,0.9828515169636227
34310,val,-2.6729627,2.944653,0.981380003349194
34260,val,-2.100021,2.359878,0.9590846304357734
42943,val,-1.2620518,1.4751462,0.8753166603921235
13044,val,0.5717372,-0.8002375,0.2835186647901925
8949,val,2.5340285,-2.590309,0.0278348521389452
25918,val,-0.23469537,0.4500678,0.6253625680990236
11239,val,-2.6668398,2.8863437,0.9805378480710837
15562,val,-2.3017082,2.5887322,0.9694035269971153
39262,val,-1.5066696,1.5867239,0.9000786462269684
42838,val,-2.4305506,2.752495,0.9749272563777325
7933,val,3.3209443,-3.5708163,0.008242282498945163
27643,val,-0.17568581,0.34472254,0.598049849328985
25088,val,-0.8592532,1.0532397,0.7976422367225833
6110,val,-3.0966048,3.50017,0.9905290202870296
47755,val,-1.1525747,1.3553151,0.8567215158175119
42156,val,0.02513445,0.12610796,0.5259258717263607
30636,val,-2.063638,2.4220688,0.9597875637002249
14230,val,-1.1288179,1.2613369,0.846306823818761
42900,val,-1.880299,2.1092618,0.9440276892686904
27277,val,-0.25520396,0.40087453,0.6206474830661403
32951,val,-2.5110626,2.8479264,0.9777675457855687
16079,val,2.5885546,-2.9289594,0.021281438086311347
31043,val,-2.7020693,2.9337873,0.981611856985937
41892,val,-1.7075907,2.0884614,0.936426105077675
28234,val,-2.7960076,3.105986,0.9846889505384702
38884,val,-2.5055127,2.6835277,0.9750296092824147
30788,val,-2.3148904,2.590252,0.9697072433567336
50473,val,-1.923771,2.2660575,0.9509890873800867
33649,val,-2.1151614,2.438185,0.9615753784444225
15646,val,-1.8583688,1.9830713,0.9382911725896417
8302,val,-2.8638277,3.2497725,0.986768666832993
4866,val,-2.8545804,3.077828,0.9850065857740122
7637,val,3.1154013,-3.4089997,0.01063305340578997
47978,val,-1.317074,1.554652,0.8852343720400289
12766,val,1.463189,-1.8823583,0.09043651766596737
32810,val,-2.598462,2.894222,0.9797131695406696
32122,val,-1.3968822,1.6096407,0.8944760925384632
14860,val,-0.8381118,0.9407148,0.782121751126528
32615,val,-2.8430586,3.1556754,0.985676922004778
32449,val,-2.4432151,2.6700315,0.9737050465231778
13190,val,1.0872464,-1.3420198,0.15881923957078065
1762,val,0.33006427,-0.4975596,0.36676971465408725
28307,val,-0.816594,1.0931258,0.797328791181886
3910,val,-3.1110868,3.5266857,0.9907944438579492
8439,val,3.2998476,-3.5412686,0.00853712598871381
44094,val,-2.3471398,2.5255132,0.9690321233013117
13893,val,1.8256546,-1.8369726,0.07376585805544558
38318,val,-1.3574092,1.5655063,0.8888241734790202
38601,val,-2.0219245,2.1876352,0.9516287259384885
26322,val,-0.9137039,0.9864988,0.7962503119877716
3341,val,3.220918,-3.5302005,0.009087103411246836
38788,val,-2.0322933,2.522932,0.961623937199562
25618,val,-0.90486723,1.1442555,0.8126384180026656
26500,val,-0.44120404,0.59308094,0.6807003907608635
29563,val,-2.3676627,2.7070742,0.9730061028194603
41409,val,-2.1599536,2.3054032,0.9592342617812928
12299,val,0.62503296,-0.71452916,0.2881492459385236
39956,val,-2.8993278,3.2942061,0.9874795313613519
31508,val,-2.1395283,2.3658373,0.9603152354761525
16743,val,-2.599351,2.8746898,0.9794522087453129
26437,val,-2.0808983,2.2277908,0.9547240545024964
49200,val,-1.2801427,1.3212874,0.8645713267233623
29499,val,0.75706464,-0.87748164,0.24771432052272885
26234,val,-2.4476113,2.6558905,0.9735298615325183
17189,val,0.044467475,-0.014923987,0.49789053655157495
11579,val,0.3150357,-0.31426716,0.39955940770764564
3783,val,3.3261843,-3.5741053,0.00819363157527201
15221,val,-1.8053395,1.9658067,0.9353804774266008
6786,val,-3.2255292,3.5541723,0.9916576377981758
15075,val,-1.0592097,1.3080316,0.8442093270173644
16986,val,-0.17278977,0.13231818,0.5613552159682784
2167,val,2.8240182,-3.1749694,0.01528654876264265
44243,val,-2.8169184,3.1519487,0.9853788000799282
12930,val,-1.5796099,1.49742,0.8990439143840745
37026,val,-1.3546752,1.408871,0.8773152991325487
12237,val,-1.9290942,1.9489683,0.9397586569617059
14409,val,-0.80404323,1.0245075,0.787993750563758
2842,val,-3.0806434,3.4699683,0.9902210752866786
17046,val,0.8324905,-1.0609695,0.21550676020923454
48294,val,-0.78671354,0.72547865,0.7486574601340028
15107,val,-1.4293646,1.4546459,0.8861049472173305
39940,val,-2.619143,3.0687923,0.9822583295592798
3884,val,-3.1310592,3.5057883,0.9907885369500137
49412,val,0.41323557,-0.60954183,0.3356629928785836
31149,val,-1.9326352,2.0302808,0.9430341523789486
26248,val,0.0033276877,0.060022287,0.5181937479957669
30388,val,-2.2586453,2.590518,0.9685349635418481
38217,val,-0.5111866,0.38629946,0.6595413636492721
8636,val,-3.1303213,3.516298,0.9908507447790781
28972,val,-0.5140007,0.72009665,0.7102986352871825
13642,val,2.013528,-1.9947444,0.05884851500229937
3186,val,-2.5990956,2.775529,0.9780041826370749
12185,val,0.19185406,-0.229899,0.43486141981876286
24466,val,-0.98848754,1.1995146,0.8269900165262919
46797,val,1.7785128,-1.9608767,0.07017823940575141
29321,val,-1.9783407,2.1825252,0.950035641126503
49275,val,0.112715416,-0.20352976,0.4530879203791498
7855,val,2.5578012,-2.9731095,0.021087024508110015
25006,val,-1.5226697,1.5810007,0.9007236517785847
8778,val,-3.0745258,3.4263513,0.9898782060411925
7962,val,-3.2410903,3.6288335,0.9921641199626812
34834,val,-1.1192603,1.4632626,0.8630144685919774
6488,val,-3.1839411,3.5831413,0.991584257375516
11329,val,-0.8954814,0.9643771,0.7916311498461593
35616,val,0.11744537,-0.1952659,0.4537008649220258
34769,val,-2.6556003,3.0154297,0.9820509623376148
44659,val,-1.4817567,1.615403,0.900315455403246
27104,val,-1.9683313,2.1923497,0.9500294983574272
32769,val,-1.9028968,2.301597,0.9514652645133316
39774,val,-1.0775293,1.1754284,0.8333980144175263
2727,val,3.2623901,-3.5969553,0.008429812773809027
3971,val,3.3090613,-3.5761755,0.0082796891758714
4922,val,-3.102077,3.5006733,0.9905681729587551
16649,val,2.3990085,-2.5282571,0.03182032831818745
13242,val,2.512148,-2.7838194,0.0247623883297136
30200,val,0.43495443,-0.6689817,0.3231173472631785
34259,val,-1.335106,1.6269866,0.8915048374771135
42537,val,-1.0894678,1.2318034,0.8399309199460349
4889,val,3.3257759,-3.5712159,0.008212409095566892
24446,val,-1.1832868,1.3286444,0.8570683601421963
42274,val,-1.6575471,1.8739449,0.9244713676223762
46478,val,0.48326284,-0.7229626,0.3076622102740391
7613,val,3.29284,-3.5494008,0.008530466468888711
1748,val,2.9698026,-3.038094,0.015192975352372488
7195,val,3.2889166,-3.5781653,0.00838467458361454
43923,val,-2.4772973,2.6849735,0.9745693823383199
12347,val,-0.8651555,0.90319014,0.7808691782597594
746,val,-0.64622873,0.8022223,0.740170397242104
42364,val,-1.0660323,1.2339431,0.8379169207013941
33810,val,-2.343567,2.6358538,0.9711975852984184
25716,val,-0.07582917,0.09125328,0.5374457996124743
2725,val,2.8074074,-3.1886468,0.015317484093667573
46214,val,2.6200938,-2.9193645,0.020963891694783056
3864,val,-3.1515412,3.5675936,0.9912995566162147
7250,val,-3.198886,3.6129441,0.9918416158441641
25762,val,-1.0511903,1.198811,0.8331105323660761
12589,val,-1.3462996,1.637494,0.8929651545340052
41383,val,-0.87278247,1.1685249,0.8118041813720803
36358,val,-1.3129998,1.4487401,0.8771791703070843
29535,val,-2.852323,3.1618474,0.9858286469794217
16238,val,2.2473967,-2.3911707,0.03866971101229791
8303,val,2.967092,-3.3490129,0.012281327040015015
43357,val,-2.8719535,3.2277026,0.9866406425698018
16368,val,-2.6385217,2.776267,0.9786008225298124
12504,val,-0.22700061,0.2292838,0.5872158543100299
12793,val,-0.044125054,0.21701483,0.5537643513892524
28021,val,-2.421966,2.510159,0.9702570815651239
26019,val,-2.6243732,2.855732,0.9795374540711177
34041,val,-2.4709625,2.9014986,0.9779715876494237
12355,val,-0.06081854,-0.15135105,0.49244243625112677
49620,val,-0.58735955,0.5490959,0.696037319497984
47098,val,-0.4681386,0.45499888,0.6635609459050495
6272,val,-3.0695446,3.4212952,0.989807578584443
15225,val,-0.04103289,0.16388465,0.5440216686172088
33793,val,-1.7886087,2.065191,0.9387901267912793
41153,val,-0.769332,1.0253991,0.7840126073711018
5824,val,-3.0318015,3.4174023,0.9895093660178871
35851,val,-0.27859437,0.22897042,0.5958871734959094
6317,val,3.0581107,-3.3635604,0.011416646071555335
49358,val,0.0063574105,0.014536719,0.5097119749629778
7665,val,2.8664896,-3.2790275,0.013817182470651888
6421,val,3.3109581,-3.5286186,0.008546250419814687
10705,val,-2.9494424,3.2402103,0.9874459027852982
475,val,-0.2733301,0.1540458,0.5823032092192796
15072,val,0.052741487,0.060145557,0.5095763841531057
26871,val,0.89570016,-0.95561045,0.22053581379229054
15704,val,0.017650692,0.059905116,0.515670092773829
40291,val,-2.5273907,2.958377,0.9796167363440698
3782,val,-3.066975,3.4674654,0.9901108720496334
34431,val,-2.2451682,2.609968,0.9686621065328956
44415,val,-0.41287887,0.83622766,0.7124553987449016
44731,val,-2.456326,2.7389815,0.9751361755856163
5987,val,2.1544805,-2.4219122,0.04032019644691611
9089,val,2.032179,-2.4126935,0.0440365211043106
1062,val,-2.2782738,2.5581038,0.9682611180099546
26507,val,-1.4351512,1.688501,0.9019671811609165
10665,val,-0.7960738,0.6240357,0.736337563331999
30293,val,-2.34447,2.522386,0.9689101430557966
49170,val,0.00035106146,0.06473825,0.5195377824717684
34036,val,-2.345296,2.572554,0.9699674091575261
12092,val,-0.4491751,0.4312581,0.6568563720091447
44214,val,-2.074959,2.2774606,0.9560287546358848
26344,val,-0.47608402,0.4658446,0.6664906090115443
16157,val,-0.992132,1.2063239,0.8280343005192756
27194,val,-0.73374045,0.76313657,0.7466351731351225
5593,val,3.327785,-3.5775764,0.008164835653619671
28456,val,0.008711194,0.044728134,0.5145797364412046
32991,val,-1.8730565,2.1329298,0.9446320278172005
2246,val,-3.1725888,3.4910808,0.9909582923079333
13092,val,-1.4559678,1.5440357,0.8940446448949958
24406,val,-0.02073036,0.055768717,0.5216533672893812
1764,val,-2.3855958,2.5650036,0.97062794796765
27246,val,-0.110698774,0.1383629,0.5516745567505524
30768,val,-2.4474936,2.758868,0.9753230609743208
39554,val,-2.2808123,2.5219235,0.9675295161771155
40850,val,-1.2236412,1.2803373,0.8563851763905506
3112,val,-2.9810987,3.2092185,0.9874516663902041
13167,val,0.978861,-1.0489243,0.20003817047062422
41343,val,-1.9192034,2.1606946,0.9472761451305208
42286,val,-2.7527204,3.1418643,0.984610575470983
30952,val,-2.3326697,2.5361943,0.9689524477129509
37495,val,-0.44364426,0.4228027,0.6546466961017533
30781,val,-2.3189974,2.6741536,0.9714651738732238
36810,val,-0.19326563,0.11765316,0.5623563624487775
2817,val,3.2836251,-3.5324018,0.008687041195420126
36925,val,0.12983151,-0.17842251,0.45447416316462286
10636,val,2.7358263,-3.0089364,0.01820916598950602
44492,val,-1.8033082,1.9118596,0.9329716608748917
34171,val,-0.85825175,0.7184573,0.757058191918576
27808,val,-1.8094358,2.108056,0.9413020708607168
27436,val,-0.8252879,1.1459124,0.8041930924662474
1460,val,1.904089,-2.0763316,0.05993745548276594
41392,val,-2.5911047,2.8854957,0.9794882313243446
39785,val,-2.5673754,3.0197794,0.9809864182289189
5400,val,-2.9504514,3.296359,0.9879322506608973
37470,val,-0.41988522,0.45049247,0.6552683913214407
42054,val,-1.287947,1.3789812,0.8698495173448265
47662,val,0.087710105,0.04183309,0.5002551101103124
16049,val,-2.2389424,2.5095754,0.9663160310016372
17087,val,0.6371268,-0.7202575,0.2855975262069823
26803,val,-0.7830897,0.766604,0.7535638815131016
15363,val,0.45243835,-0.61036456,0.3294453965158886
1003,val,-2.537062,2.805496,0.9775161869770802
42040,val,-2.463997,2.6832345,0.9743072087090698
42149,val,-2.0497842,2.1845806,0.9524216100251318
29406,val,-0.96608496,1.0332222,0.8072721136099998
49722,val,-0.030938713,0.05111568,0.522623460001405
25357,val,-0.6979172,0.71665305,0.7355842257939565
13022,val,1.1122861,-1.1873847,0.17131444249023692
39141,val,-2.0216618,2.3355403,0.9561692438833371
7489,val,2.80134,-3.2225745,0.01502615146907225
38474,val,-1.174474,1.4548718,0.8668426601043335
3535,val,3.2393365,-3.5592978,0.008792495559608355
3193,val,3.1864064,-3.4663246,0.009728570731509829
32877,val,-1.868021,2.228292,0.9478469803762922
4220,val,-3.123622,3.4898932,0.9906383023776952
42785,val,-1.4251713,1.5995353,0.8956712860327054
12892,val,-0.27351025,0.24213745,0.5972486614499204
6021,val,3.228432,-3.4871864,0.009313574987200141
30358,val,-2.6183183,2.880753,0.9798018262689445
33186,val,-2.767674,3.0464406,0.9837334981338908
6854,val,-3.1786318,3.4509876,0.9907422528996122
3015,val,3.266749,-3.5551548,0.008651693466326786
13256,val,-2.233406,2.3823261,0.9631564896104916
6406,val,-3.0979629,3.4843585,0.9904336515928726
6030,val,-3.0416808,3.44627,0.9897871607212281
41829,val,-2.0682406,2.3010902,0.9565236232132474
29731,val,-2.274627,2.4281504,0.9652583537464879
37484,val,-1.2143061,1.365809,0.8628151289494208
16772,val,2.1857734,-2.4390392,0.03902916695698949
35693,val,-1.3391345,1.4706922,0.8807591700044648
14846,val,-1.339273,1.6811463,0.8953905649383872
2492,val,-3.1706338,3.5666463,0.9914084046911694
31089,val,-2.0567446,2.251132,0.9546994670143913
48130,val,-0.55362976,0.65200144,0.7061819636640547
33738,val,-2.5572946,2.9134665,0.9794059626086132
14811,val,-2.2412271,2.580265,0.9679393950913406
48501,val,-0.110779315,0.13418816,0.5509657529858756
3516,val,-3.1231241,3.4942372,0.9906632334729224
33830,val,-2.6138692,2.8892968,0.9798584608458512
6437,val,3.1807725,-3.4979548,0.009554844485647718
8099,val,3.2991905,-3.558212,0.008441186241683713
33984,val,-2.3814554,2.6610665,0.972407564084364
2081,val,2.5858788,-2.98708,0.02048804107530669
49688,val,-0.41770524,0.4076865,0.6481220095145059
49341,val,-0.7893278,0.825808,0.761970255604917
48455,val,-0.2174644,0.3718409,0.6095842272286711
3645,val,3.0775099,-3.4976525,0.010265740759231692
24606,val,-0.46722478,0.6712881,0.6963418705288752
34518,val,-2.2223394,2.4991412,0.9656946526522824
2975,val,3.165181,-3.5468464,0.009336793149099874
503,val,1.4132262,-1.7055632,0.10436712785896952
42416,val,-2.4103293,2.8171663,0.9756765619285039
31654,val,-1.663368,2.0065339,0.9309631342055272
11482,val,-0.29456636,0.46917537,0.6382201792112379
6911,val,2.9365835,-3.2918518,0.013048332972454587
34901,val,-2.6381364,2.9970787,0.9816037503220666
48592,val,-0.34652945,0.37959448,0.6321194298979712
14472,val,0.5175558,-0.64280635,0.31454123024243313
8394,val,-3.1818094,3.4908006,0.9910141842092387
12220,val,-1.8512391,2.0384402,0.9402172874062829
48227,val,0.12577648,-0.051717203,0.477242236244847
26761,val,-0.09046143,0.17083582,0.5537915670161191
24645,val,-2.1929274,2.4403925,0.9635908081832949
4878,val,-2.7978897,3.0033703,0.9835889084304171
26950,val,-0.3693844,0.30450353,0.6235776817255915
47306,val,-1.229439,1.5007995,0.8747841128630359
243,val,-0.47075847,0.60061496,0.6863154372124909
7270,val,-3.0474901,3.451211,0.9898629357179602
36070,val,-0.21150006,0.27010134,0.5915039830739501
30268,val,-1.5478439,1.7827755,0.9140504905036522
40028,val,-2.222168,2.4371054,0.964222729979995
49593,val,-0.029035455,-0.027791781,0.5084988689261492
3402,val,-3.2539883,3.5487583,0.9917900127751723
14571,val,-1.3614725,1.5721039,0.8895593157188407
44353,val,-1.7099084,1.8670759,0.9266646445963982
8934,val,-2.9368138,3.2819147,0.9876956764849237
47985,val,0.21141987,-0.14675283,0.44582707062040755
11858,val,-1.1201283,1.3071735,0.8496580618130859
26272,val,-1.277815,1.4108945,0.8715656015206378
36549,val,-0.5378636,0.65430754,0.7042235729681886
26135,val,-1.5981902,1.8834059,0.9219966398846687
38416,val,-0.74263114,0.7083296,0.7405080559335416
31904,val,-2.1562808,2.463183,0.9632490513683524
12513,val,-2.6060848,2.9580073,0.9806830086458455
16672,val,-2.0614707,2.358487,0.9579735045149488
37818,val,-1.3718404,1.4699501,0.8830886349600572
40068,val,-1.9845809,2.2438946,0.9522344861582451
48522,val,-0.902573,1.1766144,0.8158210558956324
41273,val,-2.3509777,2.7106297,0.97276370210844
44451,val,-0.6499565,0.9322056,0.7577594310764937
36108,val,-0.09809118,0.098085135,0.5425036904364684
12334,val,1.7857019,-1.8530065,0.0749178070249767
12091,val,-1.5440618,1.7209541,0.9103741468884095
30711,val,-1.6339849,2.0003347,0.9293453283912894
13692,val,-2.3921998,2.6416163,0.9722436119537067
2374,val,-2.9144406,3.2230904,0.9869855652551112
7850,val,-3.1323187,3.5045984,0.9907889816211417
48881,val,-0.5136135,0.54843014,0.6849079917495788
14338,val,-0.89841604,1.0691639,0.8037938033240832
47419,val,-0.4088988,0.5300605,0.6660285235226276
31057,val,-2.276002,2.5165029,0.9673038101919087
30720,val,-1.9409964,2.0848308,0.9453538296043413
26018,val,-1.6082686,1.7213792,0.9139970496175606
2334,val,-2.8892314,3.1522574,0.9860932882028798
48426,val,-0.29995418,0.3213601,0.6149024542274072
49407,val,-0.5700025,0.7411766,0.7212724178546163
31080,val,-0.8950842,0.6077098,0.7474177555649374
24682,val,-0.7140172,0.4287082,0.696964914198509
33945,val,-2.205186,2.3906755,0.9626597961909721
27424,val,-0.60278475,0.5714371,0.7016002733857248
47540,val,-2.598937,2.7200875,0.9771513376017663
38382,val,-1.587803,1.8531822,0.9199278659780376
3521,val,3.2138023,-3.5635068,0.008923526036797268
31939,val,-2.4822543,2.8661718,0.977606274337766
11925,val,-1.394338,1.4110314,0.880431165122256
28855,val,-0.14980996,0.17622508,0.5649583335588754
14824,val,-1.0294403,1.0822893,0.8192186200233589
48859,val,0.29520902,-0.4076058,0.3872824027007992
36334,val,-0.83262485,1.0930455,0.7991267387155604
33628,val,-2.0343013,2.4101915,0.9586594192729924
6271,val,3.2616878,-3.5248866,0.008866360768024675
31374,val,-1.7188853,2.0534856,0.935432268679547
42134,val,-2.626321,2.931241,0.9805962414537351
1618,val,-2.0696635,2.3368747,0.9575937569181581
7025,val,0.80764693,-1.002844,0.2254859074819088
29911,val,-0.68326515,0.72509295,0.7347377304092879
31006,val,-0.7391372,1.1852213,0.7989793194484603
26614,val,-1.2617129,1.3257844,0.863425531858897
7391,val,2.6394644,-2.911718,0.020796143866615383
5751,val,2.7873116,-3.2207336,0.015191420042214139
28492,val,-0.6247279,0.74252206,0.7290927150184824
41506,val,-2.8888347,3.2095683,0.9866290776620555
10946,val,2.610217,-2.875638,0.021747865905265205
35486,val,-2.506518,2.859425,0.9778730967360406
11079,val,-2.0277405,2.3103585,0.9556054978274465
36962,val,-1.3551712,1.5660032,0.8887037003542724
11430,val,-0.7254358,0.9607849,0.7708756152334565
30365,val,-2.80821,3.1518443,0.9852896703047085
27413,val,-1.2614306,1.3518579,0.8655401444948553
13725,val,-2.511457,2.8695118,0.9780994975981716
7045,val,3.2756846,-3.5649102,0.008540215371343684
27776,val,-0.75462204,0.89915776,0.7668407807635487
31985,val,-2.194882,2.3605123,0.9616282966539021
47058,val,0.6270103,-0.7482328,0.28305422857742185
8834,val,-3.13655,3.4525027,0.9904781846422221
48774,val,-0.6149263,0.81086546,0.7371089146885622
1794,val,-2.3671608,2.6895192,0.9726721859155543
38869,val,-1.8720931,1.9925894,0.9392263349037231
39297,val,-0.8368469,0.9305952,0.780760953578227
2638,val,-2.884603,3.1433656,0.9859629287276784
39792,val,-0.8295427,1.0315546,0.7917741218407425
16580,val,2.7648356,-3.167943,0.015999959823015938
25902,val,0.8120533,-0.9652899,0.22956321855427633
37436,val,-1.7407793,1.9251274,0.930783209805732
36017,val,-0.09023615,0.09225031,0.5401247726206267
40924,val,-2.275928,2.5418472,0.9678585689940906
14124,val,0.50485224,-0.5941225,0.3238772464107116
27353,val,-2.0076804,2.2679005,0.9537118253807074
26444,val,-0.9981875,1.1403025,0.8219757772677524
38410,val,-0.05330731,0.06339907,0.5286703962536512
26974,val,-0.72670263,0.96824074,0.7719520868453779
10618,val,1.9356039,-2.4182737,0.046796689238753617
43030,val,-0.92066616,0.9906962,0.7975144903103181
26314,val,-0.7822768,0.9065264,0.7711946943912668
10862,val,1.0312825,-1.1564136,0.182728123466934
31001,val,-2.4935715,2.739038,0.9757613540615232
10898,val,-2.2932196,2.613058,0.9697305759828408
24804,val,-0.41457924,0.21527733,0.6163171669514885
42955,val,-1.799394,1.9894112,0.9361234974021612
50842,val,-1.3047321,1.5186504,0.881751960339988
11935,val,-1.673019,1.7342857,0.9181742694599899
39391,val,-2.7379913,3.014032,0.9830233051915866
3810,val,-1.7445627,1.8864673,0.9291940055137161
32179,val,-2.4865847,2.6890187,0.974799621622058
14748,val,-2.2107081,2.4541762,0.9643579514490818
49039,val,0.252629,-0.45471135,0.38653109101687483
49256,val,-0.1014311,0.21006249,0.5624553664858213
10671,val,-2.9814737,3.374484,0.9888098309134119
10793,val,2.908214,-3.3218021,0.013034091567171295
49644,val,-0.17022087,0.14469269,0.5630443237875942
40574,val,-2.7848854,3.1280215,0.9848036769507963
25891,val,-0.7425204,0.87727565,0.7625613050708215
4568,val,-3.0525336,3.4322832,0.9897649648385607
11297,val,0.4002934,-0.58250374,0.34193097128785566
11881,val,-1.3969151,1.3948911,0.8794282623173593
36454,val,-1.2378176,1.3685362,0.864974307886081
32894,val,-2.7500033,3.0827475,0.9839408981526495
1758,val,-2.1472116,2.4712694,0.9632246951201354
16223,val,-0.5715696,0.4798756,0.6833050310567121
27287,val,-1.9504286,2.2718797,0.9520377839790978
9076,val,-3.1862097,3.6104817,0.9917554342141301
11719,val,-1.6530176,1.7361562,0.9172158493861031
5223,val,3.2558513,-3.560902,0.008682663923606494
40219,val,-2.7485228,3.0063682,0.9830567667598537
8377,val,2.5251932,-2.8160594,0.024008429068339544
8716,val,-2.9439597,3.3059475,0.9879580629685619
45633,val,0.1532318,-0.14849645,0.4556067267982096
13547,val,-1.6311406,1.8086025,0.9198638057727321
12151,val,-1.5882953,1.7996825,0.91715226827473
38138,val,-0.43982014,0.3048887,0.6351389044228313
38920,val,-2.087493,2.4931464,0.9622749547243349
334,val,2.4681544,-2.9585385,0.022646434369851504
16827,val,-2.606234,2.9508183,0.9805894523080501
3665,val,2.7741947,-3.1915197,0.015641069011430198
16548,val,-1.6618618,1.87419,0.9246938907464278
41524,val,-0.5613402,0.69509983,0.7135057092979135
7565,val,2.8689024,-3.2784185,0.013799990185873785
40143,val,-2.5389943,2.9716535,0.9799615442604184
40879,val,-2.6925445,2.9914834,0.9822106093401192
24896,val,-2.8867288,3.2801943,0.9872471654148872
35037,val,-1.8390187,2.288006,0.9488993351654591
2031,val,2.7187443,-3.2032318,0.016119426112389246
14445,val,1.2577087,-1.4739226,0.13254334485453984
4684,val,-2.8882494,3.2041798,0.9865738104251804
15830,val,0.7772585,-0.9299886,0.23835469738538909
35516,val,-2.3771358,2.5859036,0.9708751456917174
31878,val,-2.9385622,3.2445493,0.9873890245728659
36594,val,-0.32960284,0.09381266,0.58162889075248
1046,val,-2.6991634,2.8634675,0.9806636253267036
6013,val,2.541116,-2.958106,0.021549724946902788
26332,val,-1.6544368,1.8973545,0.9254573857364091
13193,val,1.9458772,-2.3479915,0.04870616384201492
42788,val,-2.6825688,2.908484,0.9810372347877033
4646,val,-3.148603,3.5003538,0.9908655633209957
575,val,-1.3254155,1.61079,0.889739961001772
10792,val,2.9501088,-3.326118,0.01262453215803239
41021,val,-2.3784094,2.7119634,0.9732920436631626
3158,val,-3.1487598,3.4840474,0.9907626943325426
15491,val,-1.6111351,1.8032323,0.918544867636466
15097,val,1.4613109,-1.6034253,0.1079565901744391
8570,val,-3.056665,3.372544,0.9893631038075633
11562,val,-1.709102,1.679628,0.9171922611781269
12103,val,-2.0277405,2.3103585,0.9556054978274465
14920,val,-2.3620014,2.6403081,0.971642322149595
373,val,-0.6609559,0.4530906,0.6927090407336416
1827,val,-1.7058661,1.9479123,0.930234348439602
32966,val,-1.9906904,2.1718755,0.9500920846487677
3141,val,3.316469,-3.5795267,0.008218089293438664
26113,val,-0.32743335,0.520954,0.6517835798322509
46120,val,2.8331404,-3.1699407,0.0152434843783653
4340,val,-3.1037908,3.456007,0.9902831335767255
15638,val,0.40869424,-0.62730795,0.33360220167210886
29498,val,-1.99869,2.3276324,0.9552545239982564
12147,val,-1.5643213,1.6895274,0.9097344032005767
44660,val,-2.4709127,2.6844673,0.9744495845771229
31598,val,-2.4881315,2.864824,0.9776755686668396
14777,val,2.1477537,-2.326293,0.04318493430135534
40145,val,-2.938386,3.399638,0.9886700954644316
16765,val,0.99921876,-1.070624,0.19536950083458282
14604,val,0.8634762,-0.94899917,0.2252434442046289
42456,val,-1.1329032,1.3663963,0.8559819567286843
41398,val,-2.698247,3.1316907,0.9839097590430445
39512,val,-1.2700803,1.496435,0.8775387869613237
32795,val,-2.332436,2.5139458,0.9684755865028395
25144,val,-2.1439695,2.5434794,0.9648967968211491
7553,val,2.9102383,-3.3819518,0.012486024216196236
49547,val,0.34513983,-0.5602825,0.3542181614473982
5724,val,-3.0083714,3.391223,0.9891427572448118
47344,val,0.007042186,-0.030259116,0.5017555717283524
2681,val,3.2986932,-3.5701938,0.008374177470709624
13195,val,-1.6531314,1.7553656,0.9182369357213972
42200,val,-1.5284506,1.5945243,0.901925256158662
28922,val,-0.9549487,0.89887506,0.7909336163948927
15654,val,-1.3871669,1.4124844,0.8800092316660586
4955,val,3.2673054,-3.594624,0.008414709837558744
27957,val,-1.0044683,1.2520487,0.8337436030633252
7299,val,2.703422,-3.11055,0.017363129732792616
34612,val,-1.5081408,1.6831295,0.9060728018068828
4320,val,-2.365609,2.6235728,0.9713880674963669
39280,val,-2.6293094,3.0067616,0.9816145644510097
37088,val,-1.7625767,2.0594723,0.9375006987415547
15261,val,-1.9188156,2.2851467,0.9514480821498366
49037,val,0.09192476,-0.20845532,0.45584076229036663
44048,val,-2.4066937,2.8425088,0.9760345004169962
44460,val,-1.8608773,2.0010147,0.9391147643894625
7274,val,-3.1779916,3.4922438,0.9909993724022599
32154,val,-2.7161727,3.0332355,0.9829927359094369
5260,val,-2.6985164,2.9532373,0.9818116062822485
75,val,-2.0628743,2.3498983,0.9577705869928491
26656,val,-1.4881216,1.8361341,0.9136999450427981
4613,val,3.2205544,-3.4592457,0.009547742708570577
40153,val,-2.5405757,2.8991978,0.9789639553896486
7223,val,3.0782204,-3.4385371,0.010689476851393197
48677,val,-0.5221582,0.5539971,0.687035483684192
16778,val,1.4396406,-1.456132,0.11988355580957934
31478,val,-1.2355481,1.6275055,0.8846163081851757
30954,val,-1.5445641,1.8371091,0.9168163781037845
28015,val,-2.194871,2.5086832,0.9652765797763576
3579,val,3.1516154,-3.498305,0.009747538627878888
3500,val,-3.1754344,3.4804258,0.9909091895176142
35078,val,-2.483163,2.730398,0.9754440429410335
11574,val,0.44414702,-0.5227166,0.344444597733831
24971,val,-1.2821066,1.4362259,0.8738685253148825
42116,val,-1.2278184,1.4279712,0.8689644178575637
47197,val,-0.5434112,0.5666831,0.6921199418696663
8849,val,2.8723383,-3.3019462,0.013545508158795863
32692,val,-2.4123323,2.7936912,0.9753173656070617
72,val,-1.0305718,1.0767918,0.8187656374265823
1497,val,-1.2451898,1.4756268,0.8740600259353953
38291,val,-0.7973477,1.0086015,0.7853391507827814
16606,val,-0.82231456,0.9060169,0.7760395504883616
34385,val,-2.2695217,2.6283321,0.9695570424309655
48067,val,-1.6921384,1.9330322,0.9289237230978269
27315,val,-0.9187704,1.1056355,0.8099903318738536
13362,val,-1.4947454,1.7294707,0.9080168372617473
48596,val,-0.7941795,0.94538784,0.777403303206787
27645,val,-0.13954164,0.24443209,0.574897065536969
44732,val,-1.6543194,1.7834877,0.919763872015173
44010,val,-2.439982,2.822174,0.976245646512364
43555,val,-2.2099571,2.666162,0.9691048371406032
13886,val,0.16277513,-0.16892944,0.4504082295470227
5898,val,-2.9411829,3.2369342,0.9873454255773694
47321,val,-1.6175263,1.9197834,0.924755171978712
4259,val,3.2998657,-3.5780632,0.00832179065935476
43936,val,-2.2879074,2.5086958,0.9673944065556023
6715,val,3.309354,-3.5439615,0.008465160826443403
501,val,-1.1947708,1.0635291,0.8339164940452264
28366,val,-1.7587842,1.985085,0.9342169496244097
36410,val,-0.2497465,0.215933,0.5888087527464873
8046,val,-3.062789,3.4549017,0.9899954291675636
6000,val,-2.1109405,2.5012622,0.9630687307952339
4715,val,2.4419417,-2.6600232,0.028261700598299428
31243,val,-2.3929048,2.6302543,0.9720416250973151
38581,val,-2.3000846,2.581482,0.9692187806985707
4682,val,-2.6156402,2.9908657,0.9812373876460108
31208,val,-2.7663016,3.1721678,0.9850691049184535
14776,val,2.6517625,-2.8779328,0.021104591323431374
43695,val,-1.717349,1.8909068,0.9281381399340668
11019,val,-2.627673,2.8429759,0.9794043773563234
31239,val,-2.059534,2.3362644,0.9572874770250154
14035,val,0.6827201,-0.8778992,0.2574813248720904
2418,val,-1.87024,1.6973181,0.926215057670657
28686,val,-1.6021606,1.7932616,0.9175472924099866
11431,val,-0.25537255,0.53873086,0.6431119658603085
35174,val,-2.3033104,2.61731,0.9700238400927178
27570,val,-0.10341539,0.12298828,0.5477493587330611
49129,val,-1.1943244,1.395637,0.8636287626720496
33904,val,-2.5583215,2.8126416,0.9779489906375562
32694,val,-1.9568417,2.1584044,0.9484981277794087
1584,val,-1.6030675,1.7908565,0.9174679296833533
15563,val,-2.5609415,2.8321567,0.978280601680815
38707,val,-2.5796666,2.953868,0.9802736767629239
1142,val,1.6860666,-1.9427403,0.07539948678565817
33886,val,-1.6414233,1.9465188,0.9271841101511817
13054,val,-1.45657,1.683103,0.9029541535742092
255,val,0.04599191,0.03209796,0.5058508325567737
42181,val,-1.9511148,2.2820287,0.9523828623385111
25800,val,-1.2224663,1.5091271,0.8748879470827082
37702,val,-0.32741362,0.29733583,0.6154715969134587
14020,val,-1.5944306,1.7575024,0.9152151636268124
39190,val,-2.8459473,3.2562566,0.9866641248259324
26912,val,-1.746626,1.9437567,0.9318787152932512
2832,val,-3.2149034,3.5665965,0.9916680437800485
48546,val,0.20502397,-0.19423528,0.4387341945110022
2597,val,3.334087,-3.5672507,0.008187672742152503
28272,val,-1.5965899,1.73992,0.9143738163261819
41912,val,-2.5704608,2.872663,0.9790121877089794
35910,val,-1.8603256,2.1302443,0.9440649950059037
43829,val,-0.8529591,1.0410751,0.7955490230900356
47834,val,-1.1387209,1.4332684,0.8621405981815686
42750,val,-1.9013004,2.125593,0.9453923657672852
7414,val,-3.0656013,3.403089,0.9896499965329509
40529,val,-1.5084869,1.7256821,0.9085969794672212
30313,val,-2.3569274,2.7340627,0.973303271186435
25116,val,-0.995027,1.2441734,0.8320568709238236
37838,val,-1.5567828,1.7880768,0.9148302358369509
13035,val,-0.18279669,0.3189493,0.5949061354689935
13878,val,2.2826598,-2.5646007,0.033591317048282596
43824,val,-1.5126578,1.5980314,0.9011620435290925
12086,val,0.072186574,0.11053457,0.5149872384586752
48605,val,0.061205205,0.04280517,0.505062508610666
48965,val,-0.044540476,0.10537562,0.5344577869319564
39612,val,-2.4920812,2.6687803,0.9745449260353951
25345,val,-0.62866026,0.8453767,0.7435993566115766
4614,val,-2.9796026,3.2877626,0.9881025597714295
44031,val,-2.97334,3.3946264,0.9889024451923303
42403,val,-2.1471176,2.421295,0.9619630815882545
50119,val,-0.7148685,0.93866366,0.7668097890353891
25538,val,-2.5546196,2.852762,0.9784919920053571
13863,val,1.4525383,-1.4433525,0.11987484119482085
15662,val,-0.9696229,1.0930859,0.8140818466712821
481,val,-1.4393612,1.7233628,0.9043586679626544
34297,val,-2.2502298,2.6008332,0.968575456473997
48652,val,-0.8992211,1.2408913,0.8221418752394968
34052,val,-2.312835,2.4684944,0.9670555382310027
7217,val,3.2908313,-3.5720236,0.008409306733334019
14633,val,-1.5524074,1.6588341,0.9072555952922712
28891,val,-2.276381,2.632449,0.9697829642984338
16985,val,-0.45620984,0.3662851,0.647659504136332
10546,val,2.973774,-3.3575997,0.012152371911655774
30703,val,-2.1888137,2.4958472,0.9648306450328581
34296,val,-1.0895084,1.2741443,0.8438787264175512
25558,val,-0.035227753,0.210025,0.5510151477110208
34862,val,-0.9561364,1.1515795,0.8188022241790074
48042,val,-1.4229394,1.5729438,0.893771172251253
5950,val,-2.9618907,3.2946606,0.9880132576066724
49019,val,0.22596294,-0.39419898,0.4010952147195474
30185,val,-1.6862494,1.9787078,0.930740384843845
26758,val,-0.6310194,0.62454414,0.7133802992858286
33553,val,-0.7426557,0.9483877,0.7714712263333839
34920,val,-1.6142462,1.7743441,0.9171848343475254
91,val,-2.5857925,2.832621,0.9786538853301264
50679,val,-0.6488999,0.8364434,0.7451051342259184
6699,val,3.1371012,-3.5237017,0.009674296526623856
16988,val,1.0986834,-1.2505981,0.16644135973704952
11972,val,-1.0954218,1.1551532,0.833166344158944
4442,val,-2.6180012,2.848131,0.9793405181080479
41569,val,-2.582365,2.8340323,0.9786243858376736
1294,val,-0.81251943,0.8349634,0.7660518878419149
3662,val,-3.1815193,3.4343457,0.9906535420949727
41002,val,-2.6149905,2.885786,0.9798254302945785
34713,val,-2.2656446,2.573219,0.9683145432618268
90,val,-1.9130523,1.9889036,0.9406984127824367
24545,val,-0.39013967,0.5518456,0.6664994225081782
27204,val,-2.0099244,2.2997704,0.954754468244492
41306,val,-2.349228,2.6424103,0.9714358103768559
2920,val,-3.0542755,3.3991551,0.9895400303841797
16175,val,-0.6757104,0.72856504,0.7341804663738773
41573,val,-2.3240118,2.5455027,0.9689661388138341
31444,val,-0.30097836,0.30979687,0.6131543727034102
15278,val,0.5226249,-0.7694832,0.29500921716879364
38047,val,-1.5817903,1.7113829,0.9119691071531556
6768,val,-2.3920975,2.7657995,0.9744934065382075
42974,val,-1.229324,1.4950949,0.8743372863448915
38837,val,-2.4962816,2.7651458,0.9762338183296159
42410,val,-2.6903954,3.0195763,0.9825251070869054
8434,val,-2.9570277,3.290503,0.9879382589971768
35356,val,-1.9548584,2.3322146,0.9540655948735924
6304,val,-3.1951675,3.5959818,0.9917236590785468
25497,val,-0.7886433,0.90572625,0.7718813815835603
33875,val,-2.241333,2.4493618,0.9649736588139568
11547,val,-1.6317546,1.7950573,0.9191941445017056
27826,val,-1.0481714,1.2919037,0.8416923776489745
42232,val,-1.9053382,2.1876354,0.9477313268701215
13476,val,-2.4186823,2.6795597,0.9734348350259133
16951,val,-1.5229605,1.6829392,0.9069405446073626
11973,val,-2.3447824,2.7635427,0.9736167104069527
44664,val,-2.303096,2.4194493,0.9657193315940963
3436,val,-2.9600081,3.3077326,0.9881056489092424
30733,val,-2.0991206,2.3947873,0.9600085064583881
42171,val,-2.6148005,2.9964557,0.9812984967805507
49493,val,-0.08559583,0.059398133,0.5336005647625449
6714,val,-2.9482975,3.3978255,0.9887334135264112
47857,val,-0.19054368,0.36570713,0.6040648353888018
6582,val,-3.0726147,3.3832808,0.9895578702053851
37315,val,-0.14791155,0.25970125,0.5789352264997011
40913,val,-2.608236,2.881607,0.9796736133178814
39823,val,-2.6682878,2.9956179,0.9819628603000905
3658,val,-3.0001535,3.2814379,0.9882190399852562
6940,val,-2.9757261,3.3780985,0.9887932998534339
38828,val,-2.422195,2.5498114,0.9710520769078542
41697,val,-2.3551974,2.6069436,0.9708573619354561
28443,val,-1.4821066,1.9091631,0.9173271566307134
35996,val,-0.6507482,0.7053055,0.7275422172994753
276,val,-2.7720537,3.0830147,0.9841858474914833
43153,val,-2.7042966,3.141767,0.9840874597005695
40155,val,-2.3133216,2.8103538,0.9738912743342266
37910,val,0.121957146,-0.18265389,0.45510635475656896
24644,val,-2.7864275,3.162322,0.9851745565089922
14657,val,2.1244738,-2.4677627,0.03989330790255942
41208,val,-2.7514157,3.1095428,0.9842498796565676
41979,val,-2.6790252,3.0471315,0.9827185340334923
41396,val,-2.7068033,2.9740958,0.982172307966925
35314,val,-1.8906754,2.1186295,0.94475337724888
27414,val,-1.2508463,1.5308138,0.8786732857197682
29041,val,-0.7327573,0.94803673,0.7702041011763938
3624,val,-3.1427064,3.5103655,0.9908915936910305
43513,val,-2.6586013,2.9795027,0.9816402252682368
33719,val,-2.2863655,2.6025443,0.9693717373090578
5340,val,-3.139483,3.4421923,0.9904293661661995
38408,val,-0.09554048,0.026953815,0.5296796435168372
11918,val,-2.7914412,3.031913,0.9838366523870816
25975,val,-1.3552375,1.5690508,0.8889190709890568
31252,val,-2.8427372,3.1806457,0.9859184409114712
27984,val,-0.5022637,0.72625333,0.7094943268755306
42223,val,-0.10524905,0.11883241,0.5473467207949106
2413,val,-0.58693784,0.10387221,0.6263535392050628
5597,val,2.6787517,-3.0654569,0.018216099978889035
32867,val,-2.2389846,2.5625768,0.9675036833955588
8168,val,-3.163337,3.5169315,0.9910617894016087
4209,val,3.193721,-3.5849566,0.008915059453629422
5526,val,-3.1367383,3.511562,0.990861404621627
14767,val,-2.5069332,2.8019238,0.9769919211760608
37146,val,0.21220694,-0.26402214,0.42551601079302004
29400,val,-2.324349,2.642153,0.9709435911857824
1905,val,-1.0846957,1.2738451,0.8434067957367473
47401,val,-0.72381204,0.7891418,0.7487577486850997
15769,val,-0.4872302,0.52319664,0.67706032015076
29217,val,-1.7807716,2.0254877,0.9368500612826753
47399,val,-0.24728088,0.28309757,0.599726053948325
17068,val,1.670253,-1.8942635,0.07859682207204277
43544,val,-2.0649846,2.380994,0.9587006117693926
33884,val,-1.6515349,1.9318244,0.9269672741611361
42852,val,-2.517994,2.760899,0.9765157780906536
13706,val,-1.4595183,1.5127391,0.8921910163043358
28454,val,-0.5390835,0.5466173,0.6884701339165303
48922,val,-1.4810601,1.612943,0.9001170127320604
2292,val,-2.8727264,3.2567656,0.9869130974339513
7275,val,2.6687107,-2.9220514,0.0202394805209443
43311,val,-1.6321026,1.8319558,0.9211093158563897
318,val,-0.48241726,0.28472015,0.6387687278446907
5758,val,-3.123923,3.412954,0.9901275555303163
42182,val,-2.3966956,2.7983882,0.9751323804682404
27855,val,-1.3580484,1.4095237,0.877618247083503
35275,val,-1.6348399,1.8912085,0.9242049221899186
33951,val,-2.3317623,2.5843043,0.9699310291165418
50133,val,-2.32157,2.6088696,0.970223018192712
8763,val,-0.2333728,-0.12568767,0.5270968813382202
30861,val,-2.0008163,2.2237153,0.9521087870228492
12177,val,2.945837,-3.180694,0.013999418902160074
1461,val,0.74319726,-0.7887836,0.26133186338469283
49326,val,-0.17607693,0.003209109,0.5395683608551431
11568,val,-1.9978303,2.4171448,0.9578328860470908
26662,val,-0.50794065,0.78295034,0.7184089193641751
3057,val,3.1701126,-3.5409565,0.009342998145961526
5329,val,3.2453284,-3.4967012,0.009144559879046624
41877,val,-2.5916338,2.984079,0.9808364751742377
33122,val,-2.2331457,2.4198313,0.964070401177891
15355,val,-0.74464196,0.752647,0.7466897064210942
6446,val,-3.1228368,3.5548692,0.991045888623395
6808,val,-1.6267774,1.813356,0.9198839448982286
2793,val,3.205948,-3.4198437,0.009911896753114222
29557,val,-1.5677722,1.7605506,0.9139241271717858
15237,val,-0.027702725,-0.0012349165,0.5129102151276592
36400,val,-0.9332941,1.0982773,0.8107609627185214
6967,val,2.8709254,-3.3020432,0.013557818899889648
6830,val,-3.153376,3.4994125,0.9908898043870816
10544,val,2.4003968,-2.8482938,0.025574115865341585
33163,val,-2.251098,2.572617,0.9679876360937021
41245,val,-2.4826062,2.9328732,0.9786109431600374
26392,val,-1.3907841,1.657234,0.8971860164078611
26158,val,-1.1679956,1.246519,0.8485112937962409
13978,val,-1.6639845,1.8329091,0.9227631518660784
44714,val,-2.4607909,2.80713,0.9763390323908259
2885,val,-2.4843788,2.7312098,0.9754780090958212
29900,val,-2.2081666,2.4097457,0.9632105954414828
2919,val,3.2264805,-3.518064,0.009128625873876152
14747,val,0.24354318,-0.18105514,0.43437210572389634
25632,val,0.07806494,0.052468535,0.5038034790182266
50660,val,-0.7839631,1.0972869,0.7940898965964178
15074,val,-2.1873841,2.4436607,0.9635349070555985
8838,val,-3.1676967,3.4442449,0.9906280834524392
25003,val,-1.2228872,1.2855183,0.8567658132070656
28286,val,-1.9329759,2.2064347,0.9493180320567735
39347,val,-2.6942441,3.167861,0.9842623142661292
15859,val,0.5697958,-0.8561062,0.27591492237299664
34321,val,-2.693961,3.012548,0.9824834480479516
26148,val,-0.41571406,0.5461939,0.6695914737838071
6990,val,-3.2018754,3.6098108,0.9918408016234241
44491,val,-2.3062544,2.6399884,0.9705408962938482
40460,val,-2.842251,3.1383777,0.9854969239428494
29636,val,-2.134366,2.1945448,0.9553318911863554
31803,val,-1.9874976,2.278237,0.9534066627367581
32123,val,-1.4408468,1.7301651,0.9048591970396757
32471,val,-2.3668375,2.729455,0.9733995288369999
39618,val,-0.83278686,0.96428436,0.7842898165642787
6551,val,3.183166,-3.5453737,0.009230503703802458
42485,val,-1.3733289,1.6265796,0.894038353695849
33680,val,-2.7735221,3.1253538,0.9846560177569071
47749,val,0.008923833,0.13451397,0.5302193719679046
41488,val,-2.5781446,2.8867922,0.9793235837579218
32952,val,-2.499076,2.7291756,0.9756891117545266
31265,val,-2.6917725,2.971053,0.981949464399017
47937,val,-0.75377613,0.8489314,0.7603890615061677
41308,val,-2.3797097,2.7509794,0.9740157992380836
37666,val,-0.9074922,1.1037651,0.8085700072211679
31742,val,-2.5899673,2.8806887,0.9794044783313688
33438,val,-1.9516109,2.0191636,0.9433288938255872
27803,val,-0.56692797,0.8748146,0.7392664396428735
787,val,2.6925774,-2.8390756,0.021076304691579867
6704,val,-3.2371602,3.56733,0.9917999428852503
13791,val,-2.7282352,2.9807198,0.9825128868011384
39985,val,-1.3625405,1.5603563,0.8888228708749824
30093,val,-1.900914,2.1913626,0.9477071565977044
4232,val,-3.1368365,3.454184,0.9904911651794472
37230,val,0.015757032,-0.11267508,0.4858144789462614
11662,val,0.3453481,-0.43309438,0.3747999070572031
39510,val,-1.6395625,1.8852818,0.9241458673096781
16032,val,-0.5385269,0.63934594,0.7021349467206334
42147,val,-1.660932,1.680825,0.9146608924814387
6646,val,-3.0759463,3.4720469,0.9902033133076164
27296,val,-0.88126785,1.0442444,0.7991089795493757
2719,val,2.6763265,-3.1031303,0.017780113521488405
48077,val,-2.594929,2.9621677,0.9805900430371319
39423,val,-2.5917206,2.9527304,0.9804208740451197
13793,val,1.2073271,-1.2063435,0.1602828518520923
2588,val,-3.0561514,3.3746204,0.9893746083080299
10617,val,1.763418,-1.8572283,0.07579862247096164
35531,val,-2.5106564,2.6515112,0.9745675916115023
29061,val,-1.680197,2.049759,0.9336159909821226
42841,val,-1.8571868,2.040486,0.94053097151144
15024,val,2.7572892,-3.0711925,0.017190717301074646
27768,val,-1.3427445,1.5307115,0.885357328570329
34127,val,-2.5532064,2.9191191,0.9794280360165608
8000,val,-3.1611507,3.4913661,0.9908880870507975
6972,val,-3.0561712,3.4333484,0.9897982534286245
31457,val,-2.673564,3.0417733,0.9825894657984517
36501,val,-1.848906,2.039123,0.9401523370162753
49306,val,-0.36526436,0.37586465,0.6345581109686234
6736,val,-2.921196,3.210246,0.9869307125009312
32064,val,-2.1735892,2.4446974,0.9632198775756242
6075,val,3.301529,-3.565553,0.00838467458361454
8406,val,-2.964123,3.1953852,0.9871816643401861
3754,val,-3.1682444,3.5299969,0.9911725286578802
34056,val,-2.6361895,3.060512,0.9823649309053054
40544,val,-2.6258273,3.0216784,0.9817584400135283
31220,val,-1.5403434,1.6792244,0.9077447600046844
5995,val,3.2255456,-3.5671334,0.008828893824992712
16377,val,2.5188506,-2.894679,0.022851241483443557
8815,val,2.0652235,-2.2078931,0.04938353253400444
42886,val,-1.3635055,1.7709903,0.9026361782269696
42110,val,-1.2475356,1.750341,0.8939035592215961
32737,val,-2.2042775,2.6433654,0.9685025196181407
50659,val,-1.1618453,1.2603546,0.8492013874580235
1521,val,1.2476575,-1.5819691,0.1248546452755632
16226,val,1.3141643,-1.4061241,0.13345874795476803
5880,val,-3.069639,3.3368144,0.9891941901152803
29065,val,-0.44127682,0.50197864,0.6666969885961177
27245,val,-0.26384848,0.30356082,0.605931107946241
7162,val,-3.0832229,3.3726773,0.9895579046892907
6621,val,2.7993724,-3.2111378,0.015165631759859242
28999,val,-2.578179,2.9686527,0.9804528308396648
44748,val,-2.3947139,2.6382155,0.972226860658881
28002,val,-0.8743952,1.0262568,0.7963013224347527
32289,val,-2.4894826,2.8599734,0.9776220497765343
28532,val,-0.36548123,0.6538767,0.6784254964211963
48064,val,-2.3897045,2.6404424,0.9721742277982424
42566,val,-2.8892055,3.3274727,0.9876782246861815
10954,val,1.8174257,-2.0615258,0.0640660838870384
2822,val,-2.6045895,2.9219403,0.980178654573481
39049,val,-1.9371868,2.1528168,0.947628264229955
39752,val,-2.559489,2.8582082,0.9786434079294081
2200,val,-3.111854,3.4397717,0.9902279447759481
33112,val,-2.7151875,2.9997425,0.9825845895179686
1689,val,-2.9002779,3.198162,0.9866294188537003
29386,val,-2.8028495,3.1928413,0.9856468221829987
25419,val,-2.541628,2.7084088,0.9760481535328847
2854,val,-3.1337128,3.4961076,0.9907435429909869
44733,val,-2.431931,2.7216425,0.974418087370546
7722,val,-3.0767689,3.4260092,0.9898915269815403
41281,val,-0.6193479,0.7455859,0.7287724178008496
40746,val,-2.4536223,2.7535334,0.9753364348277308
7408,val,-3.1806393,3.5891113,0.9915998259638165
6823,val,3.2271821,-3.4774823,0.009384577376137767
39843,val,-1.7721993,2.0188756,0.936218414498724
25621,val,-1.2972058,1.5540246,0.883769009281648
8223,val,3.2669506,-3.5955405,0.008411430263385186
6332,val,-3.1525745,3.545942,0.9911742147578675
13755,val,0.35254297,-0.5401859,0.35625292322830504
43247,val,-1.2895049,1.5310235,0.8815435310035512
10865,val,0.25065705,-0.30914918,0.41128332561706427
34106,val,-0.9274308,0.96792376,0.7956992844589966
1404,val,-2.0648088,2.3265753,0.9571609766416627
7682,val,-3.1825,3.562277,0.9914529807605285
11028,val,2.2085752,-2.3250694,0.04149391141609919
11393,val,-2.2968988,2.6348472,0.9702494242135209
47586,val,-0.088657066,-0.013891873,0.5213505555294836
7679,val,2.806988,-3.1915708,0.015291068056181918
2792,val,-3.1128407,3.5320492,0.9908397651804405
2185,val,2.52946,-2.9355135,0.022060969047923595
14139,val,2.721528,-2.9272113,0.019450326620777655
33464,val,-2.3583808,2.7144136,0.9729703742992555
15631,val,-1.5178246,1.6765542,0.9062577877152929
44704,val,-2.5279534,2.9194503,0.979073645619461
8952,val,-2.3100288,2.516245,0.9680430809384781
43412,val,-2.0625703,2.3421955,0.9575433561600372
5657,val,3.2033587,-3.5196376,0.009266052401803629
7523,val,3.2391632,-3.5454347,0.008878524983501723
31053,val,-2.6298816,2.901679,0.9802469456884302
129,val,-1.4255964,1.5662874,0.8935051200836205
3749,val,3.1860971,-3.56316,0.009098841023822293
17013,val,-1.0850524,1.0073973,0.8172116335913072
42352,val,-2.0737102,2.350903,0.9581044893794713
1318,val,-2.400942,2.6121228,0.9718489911209531
8626,val,-3.1943698,3.560893,0.9915149453119514
8171,val,3.2995408,-3.598364,0.008207205441599105
5656,val,-2.971492,3.3619435,0.9886340679651604
41141,val,-1.046467,1.0418535,0.8167795569565163
16953,val,-2.2519124,2.3355389,0.9624476396319902
9090,val,-3.1586764,3.5203495,0.9910540821757469
40004,val,-2.5493822,2.9513164,0.979824351673287
340,val,-1.8577629,1.9935999,0.9386920502182694
10567,val,-2.424974,2.6401222,0.9728283187575619
26934,val,-1.2807041,1.5244976,0.8804188157469724
11921,val,0.6527632,-0.60203606,0.3004687308129877
47147,val,-0.5235509,0.6656842,0.7037953894837723
37973,val,-1.8709109,2.0895727,0.9429426287902084
6883,val,-2.8355594,3.193592,0.985974380916463
28459,val,-1.078187,1.2008462,0.8359164764468544
38395,val,-0.32053939,0.12022769,0.5845809679999326
26503,val,-0.18090905,0.33609757,0.5974774133258037
16969,val,2.7648356,-3.167943,0.015999959823015938
39475,val,-1.5840012,1.6228698,0.9069979030148944
25238,val,-0.08021158,0.19924527,0.5569299394446666
6214,val,-2.9743757,3.3124866,0.9882619104575118
4700,val,-3.106434,3.4742079,0.9904225086943494
27861,val,-0.53366846,0.689601,0.7087367717343719
29416,val,-1.5643924,1.6634712,0.9082298324559495
10763,val,2.5562553,-2.9378805,0.021624909587864206
26122,val,-1.759641,1.891187,0.9301002196655623
16435,val,-2.5627074,2.889241,0.9791387143959182
15145,val,0.15927888,-0.6265641,0.3735870385379679
8157,val,3.3005857,-3.5816007,0.00829723696618528
31308,val,-2.3132057,2.678771,0.9714423844226874
8772,val,-2.4434114,2.6978264,0.9742019940205787
47457,val,-2.1485252,2.3104515,0.9590592957547838
25108,val,-2.452489,2.5987692,0.9725711404201186
12315,val,-0.29856187,0.322703,0.6148942652415612
32946,val,-1.6704221,1.7710588,0.9199534155294569
5673,val,3.2633553,-3.4906707,0.00906879857437063
37433,val,-0.096318476,0.08610777,0.5401143046958655
35192,val,-2.0188348,2.0959864,0.9484836005768837
6299,val,2.9322648,-3.2398973,0.013565370510683962
37738,val,-1.5633112,1.6933575,0.9098963431022965
38312,val,-1.479205,1.5684806,0.8971645504527369
48621,val,-0.030574521,-0.0705093,0.5012948037758488
47922,val,-0.107302174,0.10117822,0.544640150111967
24524,val,-1.1463991,1.4223428,0.8618702510151497
41444,val,-2.384138,2.7571173,0.9742023043487542
44254,val,-2.6663098,2.9111712,0.9808597238775943
12763,val,-2.506194,2.856517,0.9778241043021902
36696,val,-0.80069107,0.8205319,0.7627420780000387
873,val,1.4171686,-1.6016735,0.11108896554216786
30090,val,-1.2410454,1.4976393,0.875430169884843
12167,val,0.2754619,-0.32220763,0.4048824749732749
12332,val,-0.79359573,0.9307314,0.7755520956882542
6205,val,2.8970742,-3.2831168,0.01349038268999422
36883,val,0.42578924,-0.51679444,0.3482916835371095
34505,val,-0.75870925,0.95456433,0.7742026041447485
32335,val,-2.124804,2.5280168,0.9640666151716686
31078,val,-1.1645136,1.4176093,0.8629813740548296
13987,val,1.630258,-1.8058298,0.08535764662104858
49288,val,-0.8586884,0.8996047,0.7796629416026652
39976,val,-1.907924,2.158834,0.9468149532362398
8720,val,-2.9257956,3.1330142,0.9862585498514133
31216,val,-1.3335708,1.3624955,0.872140857296031
40933,val,-2.795302,3.1344101,0.984978691292909
30693,val,-1.9879757,2.244226,0.952352963223925
25120,val,-2.049921,2.216818,0.9534378812283674
15668,val,0.62336457,-0.6771045,0.2937936803210863
30669,val,-2.2095618,2.3880124,0.9627028619268861
13544,val,-0.05826517,-0.11776326,0.4978718804683055
13917,val,-2.3991184,2.7842765,0.9749332311059632
24483,val,-2.080388,2.4431167,0.9607962236687835
6370,val,1.670998,-1.6580418,0.09139135653330356
28867,val,-0.24194162,0.33104417,0.6068626275400769
48447,val,-0.35301474,0.43500033,0.6421333799426894
7644,val,-3.0804796,3.452568,0.9901013228326565
8544,val,-3.153221,3.499147,0.990887145392585
25272,val,-2.0887303,2.249323,0.9556041386621532
26425,val,-1.4124142,1.6839257,0.9002639505455977
16912,val,-1.6179415,1.7902137,0.9182189755721903
33432,val,-1.9976537,2.3477736,0.9558225737189838
14678,val,-0.26007214,0.42017457,0.6246217202033074
5411,val,3.2569137,-3.5534565,0.008721200503472151
43667,val,-1.3509775,1.37422,0.87439715091843
34527,val,-2.1782038,2.4931047,0.9645121674675917
10673,val,-3.1314456,3.4022307,0.9901056343501855
28401,val,-2.1843867,2.4006221,0.9623858117841655
43761,val,-1.4480246,1.4503977,0.8871189452739656
32715,val,-2.59511,2.928598,0.9801402474201734
37819,val,-0.3135516,0.45554838,0.6390856033020998
10522,val,-2.7823117,2.9802518,0.983145975046369
12848,val,-0.609972,0.6979789,0.7208179828283457
5631,val,3.264471,-3.5578532,0.008649169287943072
14447,val,-1.1142514,1.1291584,0.8324681352631387
29903,val,-2.0257592,2.3526504,0.9567870937508561
1228,val,-1.660275,1.8989046,0.9258133145398947
38892,val,-1.6671134,1.9477817,0.9284474417470097
28892,val,-1.5039943,1.7325524,0.9087350875940445
8900,val,-3.2199078,3.5529613,0.9916179862819726
30567,val,-1.9080501,2.1198783,0.9454297485829489
34215,val,-2.3235064,2.6049528,0.970182951443267
12685,val,2.339342,-2.6051273,0.03145147347713216
3772,val,-1.9861156,2.189177,0.9505127435748467
27796,val,0.15532385,-0.045918744,0.47309722715187186
39449,val,-2.1167111,2.416358,0.9610475827377525
4817,val,1.9576861,-2.3378506,0.04865210378478309
41384,val,-1.8342627,2.0054774,0.9382222506007389
31304,val,-1.9451554,2.0894783,0.945671356701053
43536,val,-0.25447693,0.35068616,0.6122223104663427
3533,val,3.316837,-3.5659366,0.008293855939898351
42507,val,-1.4299709,1.6385618,0.8985028705656015
15190,val,0.82772416,-0.912582,0.23417983099972706
30591,val,0.54122454,-0.66735774,0.30731097439780886
24592,val,-2.133088,2.3180356,0.958842948743811
31116,val,-1.3675073,1.5266781,0.8868216622138251
16115,val,-2.2848399,2.4917638,0.9669500054797724
31783,val,-1.9853123,2.4107232,0.9572942616572746
49602,val,-0.02853934,0.074231155,0.5262394293530794
4687,val,3.289863,-3.5632982,0.008466067033411639
28933,val,-2.331206,2.4767604,0.9676443271865297
8315,val,3.2666855,-3.5141687,0.008901610442118865
10866,val,2.479378,-2.6755595,0.027261155561574168
30948,val,-0.8292927,0.8744147,0.7730300696352032
13494,val,0.8481639,-0.9273979,0.22978379793953993
47272,val,-0.3651279,0.35275942,0.6307778970138012
47908,val,-1.1737295,1.3637447,0.8592443618271686
41520,val,-2.3227262,2.6150975,0.9703719622915352
5420,val,-3.2429252,3.5835464,0.9919241174512776
13939,val,-1.5233407,1.7259969,0.9094748062116805
33665,val,-1.5954858,1.7330558,0.9139361765212743
32273,val,-2.3942986,2.6743083,0.9728931912264943
28359,val,-0.88959855,1.037558,0.7992936522272138
33320,val,-2.5733638,2.8881574,0.9792751240268475
29013,val,-0.7457464,0.7822888,0.7507381265808788
25157,val,-0.20822348,0.27910945,0.5924728683669443
34445,val,-2.5151207,2.7657144,0.9765469293388485
11236,val,-1.5945474,1.8242664,0.9187773967116145
8843,val,3.2940454,-3.5609455,0.00845532479873429
736,val,0.77304476,-0.83718413,0.25089944004654463
36196,val,-1.0737344,1.1676931,0.8322745678591214
4008,val,-3.2189925,3.5812917,0.9917759683669719
15757,val,-0.091852725,0.13563271,0.54793689788386
5496,val,-2.9695668,3.3503757,0.9885274640193319
8357,val,2.881513,-3.2904177,0.013567536532249048
44169,val,-1.7715403,1.9571403,0.9335606522354062
633,val,-2.648599,2.9510527,0.9811488659086965
49297,val,-0.21895486,0.2584113,0.5907875772534482
12507,val,-1.4504493,1.6818647,0.9025019082103414
49328,val,0.11316319,-0.06005084,0.4779895354335775
38878,val,-2.5925913,2.912341,0.979882845402046
14104,val,1.724061,-1.9905432,0.07131862572656679
33068,val,-2.2565594,2.6581504,0.9699033215301104
7879,val,3.251967,-3.5475018,0.008787407208396901
49615,val,0.18091753,-0.1543686,0.4497878169922969
4802,val,-3.0398288,3.3674817,0.9892006002508321
4274,val,-3.161673,3.4384618,0.9905510557186669
2238,val,0.90523416,-1.0987562,0.2027164044245897
5098,val,-3.1293552,3.5708127,0.9911843188247913
8672,val,-2.3239195,2.5118961,0.9682490292832066
27602,val,-0.9212796,0.69961935,0.7627010386345465
12526,val,0.726533,-0.97512853,0.23906510535102904
11491,val,-0.48514286,0.58853084,0.6866619192686516
30191,val,-2.8230789,3.2236314,0.986143311487783
32050,val,-1.4128147,1.6862519,0.9004351649511442
47946,val,-0.10193223,0.04916184,0.5346629091095938
24912,val,-0.9212747,1.1242055,0.8122499570955591
28112,val,-0.18690439,-0.0438979,0.5332543751814633
4842,val,-3.0239463,3.4010198,0.9893318083618649
5214,val,-2.9491825,3.3523839,0.9883806897970266
15905,val,2.5966964,-3.0479033,0.019505659454102653
29230,val,-0.381557,0.40154472,0.6413427856340779
14007,val,2.2272863,-2.2626212,0.04272858130307844
10930,val,-0.44610628,0.58491504,0.6802037365095351
26781,val,-1.1869963,1.3266084,0.8572117852713289
15345,val,2.550001,-2.649102,0.02645335345228213
28329,val,-1.8846556,1.947404,0.9379099525527054
5305,val,3.2100105,-3.4938633,0.009389722657222089
42633,val,-2.0606415,2.3828597,0.9586319070960597
13241,val,-1.1443976,1.3511697,0.8556596513961513
42119,val,-1.9070688,2.182594,0.9476164291707291
7258,val,-3.1217597,3.4917207,0.9906380764421038
38216,val,-0.4905967,0.38464376,0.6560367647809129
40823,val,-2.4163454,2.7618058,0.9748433866112047
43215,val,-2.6124716,3.0083199,0.9814205741255095
8811,val,3.27002,-3.5580776,0.008614592776733468
36914,val,-0.24152608,0.15303664,0.5767072068644343
33609,val,-2.4404092,2.5952125,0.9722776922796066
8478,val,-3.0139852,3.3947258,0.9892110659099519
15901,val,0.106885776,-0.268078,0.44292555005305567
346,val,-0.16210632,-0.025595075,0.5321227788657416
4113,val,-0.62682027,0.79757476,0.7369194479673494
8659,val,3.2247193,-3.5972195,0.008651483090240396
46744,val,-1.7141454,1.961545,0.9312230562067916
5308,val,-3.1216314,3.4803882,0.9905633935241859
36153,val,-0.51832706,0.5551629,0.6866342519840255
8684,val,-3.1642132,3.4733658,0.9907932079805756
34433,val,-2.500642,2.8034377,0.9769166456746414
42279,val,-2.8165045,3.161046,0.9854661001222155
31169,val,-1.144713,1.3927351,0.8592421520100203
35717,val,0.091598056,-0.16788736,0.4629486762181346
48366,val,-0.43942416,0.5305974,0.6708465553679606
29839,val,-2.1546326,2.4888802,0.9638402569024505
12160,val,-1.7247876,2.022356,0.9343576462029372
34326,val,-2.613606,2.9367192,0.9804996349412355
17161,val,0.25238213,-0.42884848,0.3908730517250898
7891,val,2.8586211,-3.2716184,0.01396363905698012
25103,val,-2.201175,2.430443,0.9635489984953525
37431,val,-2.1729887,2.3827472,0.9616371187837134
37928,val,-1.0641879,0.9756051,0.8116422037448418
30469,val,-2.3975506,2.6320288,0.9721634827937043
47827,val,-0.37900022,0.5920064,0.6709987671275816
24499,val,-0.26969257,0.38488713,0.6204004813012988
38563,val,0.12867598,0.032994974,0.49154184858236744
11963,val,-1.3116282,1.4219986,0.8750436330287886
26506,val,-1.6893638,1.8834577,0.9264664111236586
35922,val,-1.6457812,1.9262227,0.9264274161064876
26149,val,-2.240125,2.6289704,0.9689573165526933
6396,val,-3.0231967,3.3933785,0.989269648959528
11253,val,-0.1114257,0.3289582,0.5845158443100038
16218,val,-1.2411054,1.1855712,0.8496021658646993
13860,val,-1.4950184,1.6213284,0.9015141566861515
11913,val,-1.4506745,1.6540124,0.9007872562445634
41246,val,-1.7188047,1.9063852,0.9289246154660652
34615,val,-2.4251482,2.8328843,0.9761786307802569
244,val,-1.950922,2.2178721,0.9502983714549366
30173,val,-2.3011672,2.6596406,0.9708309500654708
11605,val,-2.2467332,2.5969884,0.9684186936421049
916,val,-0.88646907,1.065708,0.8020881305310232
14075,val,-0.16809906,0.10212351,0.5553346061857085
3408,val,-2.872157,3.168363,0.9860839880671426
44135,val,-1.8974057,2.0189204,0.9412569757463887
38485,val,-0.76051575,0.8794773,0.7651111547952906
10534,val,2.4186082,-2.7629862,0.026770766911118397
12645,val,-0.5347377,0.5239536,0.6844014406773415
36273,val,-0.29922947,0.37195578,0.6231335832795267
34568,val,0.5036033,-0.52580094,0.33462956101050517
48709,val,0.43569025,-0.46789312,0.3545126255586134
12646,val,1.2282809,-1.3031739,0.14949612400000928
34611,val,-2.3365684,2.612483,0.9705970442433769
3455,val,3.2368052,-3.448277,0.009512846706070869
6539,val,3.1354992,-3.4280317,0.010348781924830883
42476,val,-2.1954982,2.497384,0.9650253675657149
33602,val,-2.8268542,3.2291772,0.9862321726536445
5554,val,-0.49300238,0.25166696,0.6351324999901509
12765,val,0.79476196,-0.9575649,0.23267443626493697
8583,val,3.2519202,-3.531767,0.008884135772149464
32713,val,-2.275166,2.601927,0.9691252390740446
14574,val,0.18817426,-0.12728317,0.45322453973883786
15849,val,-2.1895242,2.4992313,0.9649277553588093
11527,val,-2.346663,2.5639873,0.9698202749147131
31616,val,-1.0958757,1.2814937,0.8451393163050261
5613,val,3.3073783,-3.5710871,0.008318692906349356
37780,val,-1.6678995,1.7295278,0.9176533964165126
47556,val,-2.4850025,2.966738,0.9791357421213029
36529,val,-1.1381356,1.144373,0.8362498245402669
38232,val,-1.6833063,1.8320585,0.9236794874750865
41484,val,-2.3298602,2.7495809,0.9730924425989904
421,val,2.785421,-2.9165888,0.01875187327458989
8491,val,2.9634042,-3.3526669,0.012281614467835746
13142,val,-3.0390525,3.3952746,0.9894007341170168
7712,val,-3.2403705,3.6428943,0.9922363770672589
37815,val,-0.55857974,0.7453359,0.7202492927406114
37134,val,0.2729235,-0.057655063,0.45060331393155684
37058,val,-0.62701243,0.8532184,0.7444249731438574
42870,val,-0.92008847,1.1913073,0.8191840142656548
27953,val,-1.5832986,1.6899153,0.9108411895746679
24627,val,-0.692257,0.7313014,0.736805918331079
12703,val,0.936035,-1.3109995,0.17660774898562448
12686,val,1.6071543,-1.8133334,0.08621390277930042
12522,val,-1.8573002,2.1006608,0.9428475683678496
42276,val,-2.7253606,3.0993505,0.9838517462446954
13322,val,-1.0380175,1.3007343,0.8415689303377896
27168,val,-1.3158032,1.4250032,0.8755920115526172
10789,val,2.9957395,-3.3440056,0.012082238869188593
7922,val,-2.8342073,3.2756176,0.9867341244270312
34661,val,0.30362543,-0.41372854,0.38487059646537874
35794,val,-0.19539365,0.13897698,0.5663916254422814
30887,val,-1.2293075,1.4678141,0.8722231890456841
16072,val,2.3070126,-2.4925861,0.034691193411754535
27150,val,-1.2097583,1.4288037,0.8675854152214214
28203,val,-1.3762245,1.5607954,0.8897958671405547
12791,val,-0.2930469,0.4047407,0.6274957073617047
32045,val,-2.776867,3.0952582,0.9843705729793415
29747,val,-0.63672894,0.7773041,0.7355110909245819
24778,val,-0.6898045,0.6570971,0.7262706844437344
37722,val,-2.1107113,2.3532548,0.9591961847591741
7137,val,3.262888,-3.547399,0.00872170396561445
25539,val,-0.26689944,0.44680223,0.6300953860743983
6360,val,-3.0861015,3.5012932,0.9904672349118203
13404,val,-1.4320885,1.514515,0.8904518580110445
41838,val,-0.9454084,0.9728545,0.7982932591179782
11096,val,-1.0433301,1.3879687,0.850015044327676
43637,val,-1.7919632,2.0166955,0.9369493390371186
1448,val,0.51504636,-0.42267615,0.3490643255017483
9040,val,-3.0051627,3.2286088,0.9878229694882102
39201,val,-2.3730094,2.6430101,0.9719055111493283
14812,val,-1.9218318,2.2064295,0.9489412829703957
37752,val,-1.6780022,1.9188606,0.9276044961384712
28723,val,-1.6841053,2.0372283,0.9332410113630407
44444,val,-2.1059737,2.3040376,0.957692351967488
16107,val,-0.6955289,0.8942956,0.7587424375843038
36512,val,-0.22703819,0.2385199,0.5887881817179111
3317,val,3.2304626,-3.4891067,0.009288096765990931
6734,val,-3.1207747,3.4263942,0.9901977159550559
24444,val,-0.7611811,0.86159223,0.7629383817182298
4936,val,-3.0977802,3.485548,0.9904403257966512
5842,val,-3.1094708,3.4606156,0.9903521784034189
13333,val,0.977112,-1.3168558,0.17188182493039594
45821,val,0.5162886,-0.75341374,0.2982810091123695
8043,val,2.884815,-3.3291569,0.013179335934320744
39970,val,-2.4121418,2.7798352,0.9750795990382093
3984,val,-1.9007185,1.9682505,0.9393973505670955
6885,val,3.18272,-3.5332515,0.009311295107650034
6892,val,-3.2099457,3.5560226,0.9915777479718054
32577,val,-2.1828582,2.3952258,0.9622099778724378
39677,val,-2.0840523,2.2212455,0.9546213492200133
2750,val,-2.8866005,3.3036828,0.9874513727928468
16371,val,-1.1374732,1.4336883,0.8620717262608055
48386,val,0.16436593,-0.18130171,0.4479903733328046
43442,val,-1.6851848,1.6719774,0.9154987180166053
15316,val,-1.9204091,2.1691658,0.9476133726813205
41337,val,-2.554771,2.9857109,0.9803674785647386
43008,val,-1.76245,1.9080588,0.9309904280072818
24789,val,-0.6361473,0.7313721,0.7291299641431661
8994,val,-3.166785,3.5264156,0.9911416085324535
34779,val,-2.0852966,2.2344737,0.9550581100278077
8699,val,3.2901094,-3.5297484,0.008663982783321445
31987,val,-2.5375247,2.8825555,0.9786782376071378
32891,val,-1.9903553,2.2219048,0.9517156455655235
40101,val,-2.7564716,3.2200756,0.9854560399709934
41796,val,-2.2441173,2.4833162,0.9658324052703824
15946,val,1.8931015,-1.9558614,0.06533613956726897
14827,val,-1.1070191,1.2439556,0.84270616694039
41842,val,-2.6648474,3.1421251,0.9836533187353289
41581,val,-1.1544679,1.1997429,0.8430061518728391
29893,val,-2.023391,2.2450836,0.9534917720201207
6591,val,3.2674286,-3.5642552,0.00859318339112311
50191,val,-2.547255,2.8400354,0.9781940706131342
32635,val,-1.6089274,1.834397,0.9200483714530505
6604,val,-3.179197,3.4365568,0.9906528221020703
26255,val,-2.1363165,2.2866054,0.9580569488579207
49160,val,-0.22404943,0.3156592,0.6012925630872207
48441,val,-0.24006602,0.11050464,0.5691740013539739
42195,val,-2.4619875,2.8624637,0.9772359792271554
42336,val,-2.4575572,2.8157883,0.9764265759953326
16459,val,0.22011189,-0.38632026,0.4034056551660351
28148,val,-0.3684748,0.38370514,0.6363497553634341
42023,val,-2.7317529,3.0171843,0.9829872227856185
47514,val,-2.184228,2.4394019,0.9633521302822369
39819,val,-2.8020012,3.1609406,0.9853189342710214
30224,val,-2.0420694,2.3273582,0.9565264404187265
44187,val,-2.6158528,2.8812048,0.9797739167727384
32624,val,-2.3649116,2.736424,0.9734907642187756
37920,val,-0.82958823,1.085757,0.7979642583448912
28917,val,-1.7072405,1.7888339,0.9227222735218756
4516,val,-3.1125205,3.4509847,0.9903080692162889
4663,val,3.257667,-3.4899132,0.009109427809587315
13267,val,-0.05685379,-0.15704533,0.49075289987567505
2676,val,-3.167595,3.5147889,0.9910748937081728
39427,val,-1.8922092,2.0812173,0.9434280332329433
33370,val,-2.8507376,3.2133627,0.9863086404025223
3696,val,-3.030653,3.4372163,0.9896441085796831
7289,val,3.0789337,-3.3928797,0.011027291116795832
6124,val,-2.8458111,3.14189,0.9855675002124947
2533,val,3.010266,-3.4073107,0.011449032498674344
30637,val,-2.380302,2.5777614,0.9707765087480454
13350,val,1.4635401,-1.6800992,0.10275259776490449
41478,val,-1.4179858,1.5959662,0.8949658523077407
36838,val,0.0023044138,0.03329569,0.5137011134820324
33065,val,-1.4698471,1.6965597,0.9045813681896403
2316,val,-2.905404,3.278135,0.9873927515174028
35801,val,-1.506095,1.9001535,0.9181187161601102
13696,val,-0.6986976,0.6169822,0.7219052341815372
32268,val,-2.2358398,2.3811955,0.9631888415940387
26123,val,-0.52419907,0.6994311,0.7087888844305413
11489,val,-2.2404575,2.659523,0.9696009438381676
43626,val,-2.1158159,2.1284745,0.9527354066018469
25361,val,-1.069393,1.0434494,0.8193339352709446
5452,val,-2.497735,2.8439589,0.9775028927099625
41453,val,-2.5508575,2.9027646,0.9791626274779391
2443,val,0.43968913,-0.5238195,0.34497498394245835
41638,val,-2.2351413,2.503263,0.9660848810815764
35909,val,-0.5051352,0.44327503,0.6674981707794424
29231,val,-1.7788193,1.8619287,0.9296401750569961
40163,val,-1.4732535,1.793267,0.910460032536436
15398,val,-2.1133986,2.5270414,0.9637652318929716
2896,val,-3.2002475,3.511708,0.9912561140705135
27333,val,-1.3768843,1.5227578,0.8872044021087426
17183,val,0.29207936,-0.20537843,0.421888190902628
11031,val,-1.5917305,1.7279046,0.9134446058051556
29646,val,-0.6747965,0.90807396,0.7578504186864601
6330,val,-3.092398,3.4117794,0.989901321561377
32882,val,-1.6223433,1.8560973,0.9218376651080455
5703,val,3.2501192,-3.4487567,0.009422314686641665
26396,val,-2.3694253,2.5348294,0.9696889894394005
32744,val,-1.1643155,1.3017261,0.8530886953528438
31276,val,-2.3632846,2.4195838,0.9670898362071378
42570,val,-1.4116603,1.5230167,0.8896349717216624
36625,val,-0.5284359,0.575075,0.6911372502922096
4430,val,-3.1543174,3.563424,0.9912911422489752
46093,val,1.3864502,-1.6018156,0.11321977413086157
48306,val,-1.9043542,1.9746245,0.9397949493690617
27975,val,-2.2513404,2.391479,0.9638233416132233
47468,val,-0.083400905,0.23661105,0.5639219967599111
38497,val,-0.18414651,0.25559762,0.5844070977454963
925,val,2.0839856,-2.105575,0.052202254128178006
9002,val,-1.4580462,1.5710123,0.8959555489744078
2195,val,2.8299778,-3.26042,0.01435281251284579
34625,val,-0.7058522,0.89220154,0.7597951378835034
17101,val,-1.3816925,1.6683005,0.8973134450367596
10813,val,2.9387946,-3.342165,0.012583309503917882
40415,val,-2.4115512,2.6909325,0.9735114945938085
48338,val,-0.2010016,0.32190895,0.5984707447748274
5120,val,-2.2988982,2.408733,0.9653720902012027
7216,val,-2.989315,3.346303,0.9886512187621882
10843,val,-1.7198042,1.8944658,0.9284183711825177
9073,val,2.8927264,-3.262004,0.013729594636752846
734,val,-1.5209856,1.3647839,0.8862291350674895
24837,val,-0.762494,0.9415186,0.7730675488982898
41560,val,-1.6200458,1.7220908,0.9146816319046138
38983,val,-2.702341,3.0646358,0.9831970796971068
16853,val,-0.10864346,-0.10020794,0.5097567861878841
7811,val,2.8299072,-3.3090744,0.013879648029508312
3353,val,2.8093896,-3.2226155,0.01494257726021577
28132,val,-2.0977428,2.276696,0.9566720450591689
31728,val,-2.2919586,2.4660623,0.9665318448305211
7771,val,3.1810112,-3.4675422,0.009756778355950473
28537,val,-0.9403983,1.2840395,0.8306081500445557
44539,val,-0.33624265,0.4753665,0.6459190115382366
28393,val,-0.5610904,0.47670826,0.6812346375518665
24830,val,-0.26954094,0.33565295,0.6122274256135116
31552,val,-1.0248777,1.145398,0.8252077586639325
6139,val,3.2578301,-3.568124,0.008627413543769233
2123,val,2.877561,-3.1872156,0.014608707134521932
34608,val,-1.7496957,1.8342505,0.926995069646294
5530,val,-3.1913347,3.5106978,0.9911957147896998
12463,val,0.16989568,-0.17404933,0.4482885353173688
40908,val,-1.1603123,1.1358066,0.8375500193999237
10629,val,-3.178405,3.568019,0.9914627430124395
37277,val,0.07536268,-0.058413927,0.484880169966398
1086,val,-2.2499704,2.6581793,0.9697690108295522
34501,val,-2.1448429,2.5521617,0.9651226112026439
47721,val,0.32944664,-0.13772349,0.4270665839966569
29127,val,-2.57743,2.9040728,0.9795570506252095
14957,val,-1.5769224,1.7094802,0.911587946834413
29053,val,-2.1453075,2.3091269,0.9589342893936268
2095,val,2.7473967,-3.2340152,0.015472818106290918
34696,val,-2.777948,3.162118,0.9850855293182903
5007,val,3.3098102,-3.5384007,0.008495200823931213
41896,val,-2.0587885,2.3726778,0.9582965907361124
43970,val,-2.3925648,2.7735157,0.9746353797203375
48304,val,-2.698156,2.9708507,0.9820259858382413
783,val,-0.2994695,0.26229265,0.6049869970472612
15592,val,1.721535,-2.0127058,0.07041374163524798
49343,val,-0.77969867,0.8420604,0.7628099679335605
12186,val,0.118861645,-0.083914414,0.47282970508283423
41399,val,-2.1935105,2.4107285,0.9628699831155011
48034,val,-1.2319437,1.3752297,0.8650412852862148
49225,val,-0.28364265,0.18057899,0.5885617006291723
33922,val,-2.3020182,2.6592295,0.9708396668476976
26749,val,-0.6388334,0.8122559,0.7405253457865297
34083,val,-2.071766,2.2302697,0.9545223408842874
47585,val,0.019616874,-0.024778826,0.5005142912735705
1470,val,2.9138026,-3.0992503,0.015139075508080302
6547,val,2.972774,-3.346438,0.012254976714428694
48022,val,-0.3879989,0.4361485,0.6479233728344652
1357,val,-2.1024237,2.2790594,0.9568759413290067
45391,val,0.710325,-0.7895805,0.26568843260420116
13979,val,-1.1108602,1.1894109,0.8379450307702031
47804,val,-0.6023651,0.9128072,0.7490497195175105
14560,val,1.4280463,-1.8004373,0.09740578862071311
174,val,1.1540629,-1.3198682,0.1546875002088667
36841,val,-1.1856363,1.3185934,0.8564067952421548
27557,val,0.4573649,-0.37464648,0.3660568437782418
48134,val,-0.42703226,0.4074763,0.6495757862215837
31917,val,-2.5993958,2.9232717,0.9801260680961561
41334,val,-1.0277945,1.042898,0.8149260569456102
14208,val,-1.5254756,1.6461943,0.9048988369626547
5009,val,2.793205,-3.1439853,0.01595142117951157
1095,val,0.793983,-0.8444007,0.24721417764058767
14674,val,1.5537231,-1.6019944,0.10197587808621285
38133,val,-0.09803021,0.091221765,0.5413006672759442
8285,val,2.1725595,-2.3830976,0.04088549714357544
42309,val,-1.9676663,2.199362,0.9502399675064265
26399,val,-1.5002507,1.6675521,0.9046656686623052
48597,val,0.07483243,-0.11448858,0.4751775296653733
37319,val,-1.7357022,1.8474184,0.926955960042407
11033,val,1.2508848,-1.3641237,0.14221235979619898
14483,val,0.45803842,-0.58770627,0.33208809858486427
33703,val,-1.8055354,2.095142,0.9406484723058669
28316,val,-1.6362625,1.7590091,0.9175393201267267
1419,val,2.7308562,-2.7801316,0.02137678089960142
12819,val,-1.2109021,1.3284829,0.859406013447161
29568,val,-2.4798372,2.7834086,0.9762633277506536
37487,val,-0.30265632,0.3247826,0.6159169732680067
12571,val,-1.4783982,1.6698182,0.9034768413653402
47640,val,-0.7449693,0.9665037,0.7739822319334315
27672,val,-0.25585023,0.40912467,0.622112329325488
13733,val,-0.472537,0.33726633,0.6456299102253822
40071,val,-2.5204325,2.734305,0.9761249437529887
26852,val,-0.11787704,0.27511224,0.5764383625804809
39936,val,-2.573886,2.9820752,0.9805749103727194
11074,val,0.85953826,-0.91034967,0.23048734811943197
14636,val,-0.8386095,0.864111,0.7729088633513141
1721,val,-1.0269,1.2011844,0.8309669361609627
35973,val,0.12079859,-0.09958643,0.4697588793572269
384,val,0.5699863,-0.6628353,0.3037116121463261
13416,val,-2.546292,2.853209,0.9783756137749472
26943,val,-0.34784225,0.2862097,0.6170112570045094
32078,val,-2.5234332,2.7427785,0.9763113823296412
15019,val,0.31000093,-0.7507368,0.32976477519074504
25351,val,-2.2093987,2.3984222,0.9629595054429922
39991,val,-2.7665462,3.090931,0.9842120640585168
30279,val,-1.7480763,1.7587234,0.9232558256513206
4898,val,-2.9408076,3.3979788,0.9886760713151733
1174,val,-1.1361066,1.2160578,0.8428165039877714
1262,val,-2.5099177,2.822995,0.9773673456520375
49813,val,-1.1595591,1.4172834,0.8625438065242473
2494,val,-2.9091737,3.1973908,0.9867042222569214
8939,val,2.6107311,-2.723696,0.0241206168295873
32435,val,-2.266247,2.4992733,0.9667012128372926
27702,val,-1.6615467,1.8741128,0.9246747745446371
40945,val,-2.7230644,3.091794,0.9837418267670356
27144,val,-0.07153916,0.15208729,0.5472678221478982
38208,val,-0.70531195,0.82621926,0.7511957121020796
44529,val,-2.5404515,2.9293313,0.9793921490623871
40212,val,-2.1142044,2.3458555,0.9590890500219302
41364,val,-2.6778612,2.9662852,0.981716287209015
38009,val,-0.0751073,0.124583006,0.5431140169109845
44049,val,-1.0689094,1.1259962,0.8276802073834771
10989,val,2.4180446,-2.440865,0.03332765507537323
1340,val,0.994279,-1.1878859,0.1833069396098015
25450,val,-0.030854197,-0.18955082,0.48052522983317897
12868,val,-1.8735663,2.148417,0.9452146858352182
6553,val,3.3018794,-3.6075327,0.008141909469189551
5213,val,3.1677637,-3.4755538,0.009792246439324836
1059,val,-1.5979556,1.9208299,0.9238480806837661
25651,val,-0.56184405,0.62238824,0.7030649527597758
48261,val,-2.660128,3.0046582,0.9819737743890068
32522,val,-2.0898232,2.4268372,0.9606153969065742
12737,val,1.6654133,-2.0327733,0.07208341110759883
31876,val,-1.3544203,1.5365752,0.8865973921016377
49161,val,-1.3255862,1.5113095,0.8827344935240825
879,val,-2.1575918,2.432642,0.9625179611466246
30248,val,-0.6582922,0.66109246,0.7224254731729194
44700,val,-2.3241143,2.825122,0.9743423138756305
27519,val,-1.1716424,1.287742,0.8525038149710225
31622,val,-1.4054061,1.3640833,0.8777622914221611
41304,val,-2.474461,2.8286014,0.9769005842735977
24936,val,-1.4861988,1.7278053,0.9074181514010854
50043,val,-1.3063692,1.4138669,0.874015293071156
48934,val,-0.01381871,0.10632672,0.5292700978149931
42358,val,-2.3834126,2.6292076,0.9718404759722127
47704,val,0.10537405,0.18357699,0.5219509195626053
38514,val,-0.8262676,0.94006705,0.7806282529183893
27621,val,-0.32406613,0.41081807,0.6335440118175782
11172,val,-2.4770467,2.7545176,0.9757440467127119
12104,val,0.04325232,-0.1992625,0.46590293543562156
43655,val,-2.607339,3.0952306,0.9824359366873365
29209,val,-0.43116018,0.45063454,0.6570711164530703
29047,val,-0.9365767,1.0482849,0.8056942745436435
5536,val,-3.2269359,3.5676231,0.9917432224105264
1950,val,-1.7856687,1.9127858,0.9322364564397508
43583,val,-2.110148,2.288045,0.957355944634
41037,val,-1.5537573,1.7530227,0.9127306315964496
16124,val,0.23146944,-0.3620487,0.4055827437812756
40178,val,-2.583671,2.9157922,0.9798072544194263
666,val,0.08853495,-0.24769947,0.44962357521190743
5079,val,3.1706376,-3.5426714,0.009328499440581459
48025,val,-0.4623929,0.9205896,0.7312620220924356
15198,val,2.5846646,-2.978087,0.020631898115889565
40557,val,-2.3660815,2.7818246,0.9743190269611627
48664,val,-0.061472937,0.06802401,0.5309003814679147
37450,val,-0.38079384,0.45434406,0.6496760385408817
26734,val,-1.5581329,1.830137,0.9171677985088363
49138,val,0.6491958,-0.8547428,0.26513810645896824
7965,val,3.3058908,-3.5698957,0.008334173807311636
15818,val,-1.7486385,1.8309134,0.9267866714575538
548,val,2.7776008,-2.9107153,0.018929031501479444
10940,val,-2.537981,2.7105727,0.976023877814149
3730,val,-3.1214528,3.4968889,0.9906695778111219
13112,val,-0.63973063,0.46265095,0.6909685134790046
26440,val,-2.0154133,2.200821,0.9518432995790035
47285,val,-1.0612615,1.4836193,0.8598701232093552
27306,val,-2.2311554,2.46843,0.9651833612195454
5986,val,-2.87389,3.1456952,0.9858814922986006
8295,val,3.3274965,-3.5513144,0.008316698558749306
7552,val,-2.7295632,3.0981526,0.9838851230066992
24926,val,-2.444552,2.7022932,0.9743004411075272
47294,val,-0.0084024025,-0.021068854,0.5060655735385472
14130,val,-0.4638917,0.4360638,0.6599293385345452
33346,val,-0.7930041,0.9186066,0.773999088571936
34008,val,-1.6379243,1.8333002,0.9214729982093341
3480,val,-3.108257,3.4812331,0.9904810719454487
29280,val,-1.0118363,0.89690685,0.7972183101811441
10852,val,1.962752,-1.9811065,0.061395587982694434
24816,val,-2.045662,2.2902732,0.9555412055407028
17066,val,-2.0359097,2.4128468,0.9587775176327088
1183,val,0.7005777,-0.9688467,0.24319351892230007
26504,val,-1.6993154,1.8644763,0.9260347147853142
36895,val,-0.8371701,0.92882013,0.7805869739572792
37421,val,-2.4033241,2.7139273,0.9737767123174159
16330,val,0.6958753,-0.8870738,0.25450485137714607
43681,val,-2.2586162,2.5283005,0.9671798930600888
24464,val,-0.42545578,0.44658855,0.6555318296612104
40649,val,-2.8017766,3.156011,0.9852666624903343
28546,val,-2.150745,2.3509016,0.9602159212010856
13236,val,-2.6690621,3.0107763,0.9821593045479561
32416,val,-1.7489125,2.1283054,0.9397251842719301
4404,val,-2.8517306,3.118174,0.9853892588092984
7561,val,2.9885774,-3.2945647,0.012564345072335694
32006,val,-2.7880015,3.04978,0.9839964360978144
11704,val,-2.2649117,2.6228552,0.9693479781702178
49529,val,-0.30230513,0.4313134,0.6333383333212652
40993,val,-2.3615952,2.6424298,0.9716753833689415
14320,val,-0.7130597,0.7258729,0.7388871897156248
28127,val,-0.22201379,0.3031308,0.5988464102005621
44754,val,-2.0023155,2.2464547,0.9528763924433883
42888,val,-2.756734,3.152595,0.9847661566541156
