rid,split,y_true,logit0,logit1,z,p_raw,p_cal,pred_05,pred_val_thr,group,channel,publisher,era,lang_variant,is_ptpt_rule,rating_class,label_tier,has_ufffd,mojibake_flag,in_training_pool
710544715580744556,val_sel,0,-0.6093466877937317,0.5044369101524353,1.113783597946167,0.7528338179530282,0.622934324968233,1,1,EXT_LIARBR,external_claim,ext_liarbr,sem_data,pt-BR,False,true_rating,checker,False,False,False
98940543500005884,val_sel,1,-0.3212070167064667,0.3964838683605194,0.7176908850669861,0.672098331696335,0.5211385828792517,1,0,FC_BOATOS,agency_claim,boatos,2018-2022,pt-BR,False,false_pure,checker,False,False,False
1126939406199246437,val_sel,0,-0.2863914966583252,0.42576029896736145,0.7121517956256866,0.6708764535240752,0.5196816919277273,1,0,NEWS_BRASILDEFATO,press_true,brasildefato,2018-2022,pt-BR,False,none,llm_local,False,False,False
509173115047689355,val_sel,1,-0.29242751002311707,0.4381568133831024,0.7305843234062195,0.6749334852320733,0.5245283796098918,1,0,FC_BOATOS_VIRAL,social,boatos,>=2023,pt-BR,False,false_pure,checker,False,False,False
1087419701865570141,val_sel,1,-0.4405728876590729,0.5215641856193542,0.9621370732784271,0.7235494787091808,0.5847275197411614,1,1,EXT_AVERITECBR,external_claim,ext_averitecbr,2018-2022,pt-BR,False,other,checker,False,False,False
3277,val_sel,0,-0.46184977889060974,0.5068380236625671,0.9686878025531769,0.7248578717576016,0.5864028248046036,1,1,Fake.br,portal,desconhecido,sem_data,desconhecido,False,none,v1,False,False,False
959964222291570176,val_sel,1,-0.6494788527488708,0.6745888590812683,1.3240677118301392,0.7898576716935155,0.6734051611676904,1,1,FC_BOATOS,agency_claim,boatos,<=2017,pt-BR,False,false_pure,checker,False,False,False
32477,val_sel,1,-0.3787694275379181,0.28593841195106506,0.6647078394889832,0.6603171450099412,0.5071918276488103,1,0,fakes,agency_claim,desconhecido,2018-2022,desconhecido,False,false_pure,v1,False,False,False
46184,val_sel,0,-0.33030903339385986,0.47022780776023865,0.8005368411540985,0.6900893049427722,0.5428721808187258,1,1,COVID19.BR_raw,covid,desconhecido,sem_data,desconhecido,False,none,v1,False,False,False
41457,val_sel,1,-0.49708062410354614,0.6908044219017029,1.187885046005249,0.7663625930171059,0.6410932990154166,1,1,fakes,agency_claim,desconhecido,2018-2022,desconhecido,True,false_pure,v1,False,False,False
203907615381076955,val_sel,1,-0.2535046339035034,0.25641828775405884,0.5099229216575623,0.6247884053318364,0.4664632532502752,0,0,FC_POLIGRAFO,agency_claim,poligrafo,2018-2022,pt-BR,True,other,checker,False,False,False
382649119370637021,val_sel,0,-0.4674777686595917,0.696907103061676,1.1643848717212677,0.7621285556518597,0.6353752874598482,1,1,NEWS_BRASILDEFATO,press_true,brasildefato,<=2017,pt-BR,False,none,llm_local,False,False,False
22324,val_sel,1,-0.38773486018180847,0.5897881388664246,0.977522999048233,0.7266164488187997,0.5886591967349671,1,1,Fake.br_raw,portal,desconhecido,sem_data,desconhecido,False,none,v1,False,False,False
530769690996294885,val_sel,1,-0.4658147096633911,0.5270258784294128,0.992840588092804,0.7296486264322546,0.5925621994932235,1,1,FC_BOATOS,agency_claim,boatos,<=2017,pt-BR,False,false_pure,checker,False,False,False
35512,val_sel,1,-0.4328446090221405,0.4556679427623749,0.8885125517845154,0.7085831201214458,0.5657723538923286,1,1,fakes,agency_claim,desconhecido,2018-2022,desconhecido,True,none,v1,False,False,False
27218,val_sel,1,-0.37659594416618347,0.3835736811161041,0.7601696252822876,0.6813905601407584,0.5322975685108489,1,0,fakes,agency_claim,desconhecido,2018-2022,desconhecido,False,none,v1,False,False,False
43022,val_sel,1,-0.5040128231048584,0.7161524295806885,1.2201652526855469,0.7720926295223984,0.6488824686565774,1,1,fakes,agency_claim,desconhecido,2018-2022,desconhecido,False,false_pure,v1,False,False,False
48721,val_sel,0,-0.1917434185743332,0.23199330270290375,0.42373672127723694,0.6043770677779824,0.44394294238903576,0,0,true,press_true,desconhecido,2018-2022,desconhecido,True,none,v1,False,False,False
1902,val_sel,0,-0.25472280383110046,0.3794408440589905,0.6341636478900909,0.6534329563114827,0.49914517853931106,0,0,COVID19.BR,covid,desconhecido,sem_data,desconhecido,False,none,v1,False,False,False
48935,val_sel,0,-0.17111629247665405,0.03038002736866474,0.2014963198453188,0.5502043335880872,0.3871329365483268,0,0,true,press_true,desconhecido,2018-2022,desconhecido,True,none,v1,False,False,False
209944098545312352,val_sel,0,-0.33912840485572815,0.4623272716999054,0.8014556765556335,0.6902857783163301,0.543112466632575,1,1,NEWS_OECO,press_true,oeco,<=2017,pt-BR,False,none,llm_local,False,False,False
309604317362783352,val_sel,1,-0.43301305174827576,0.547156572341919,0.9801696240901947,0.7271418721716744,0.5893343831842139,1,1,FC_EFARSAS,agency_claim,efarsas,2018-2022,pt-BR,False,hard,checker,False,False,False
8391,val_sel,0,-0.3062662184238434,0.3821830153465271,0.6884492337703705,0.6656218623403136,0.5134439694028616,1,0,Fake.br,portal,desconhecido,sem_data,desconhecido,False,none,v1,False,False,False
29713,val_sel,1,-0.3453432619571686,0.4897041320800781,0.8350473940372467,0.6974211158115737,0.5518824129057089,1,1,fakes,agency_claim,desconhecido,sem_data,desconhecido,False,none,v1,False,False,False
178802865666351437,val_sel,0,-0.2183418571949005,0.18968220055103302,0.40802405774593353,0.6006139904609523,0.43985921531125716,0,0,FC_POLIGRAFO,agency_claim,poligrafo,>=2023,pt-BR,True,true_rating,checker,False,False,False
1005525001465011756,val_sel,0,-0.17326264083385468,0.5290231108665466,0.7022857517004013,0.668694357775251,0.5170859123834781,1,0,NEWS_OECO,press_true,oeco,<=2017,pt-BR,False,none,llm_local,False,False,False
987357834307774601,val_sel,1,-0.21206536889076233,0.2514914572238922,0.46355682611465454,0.6138576142317395,0.4543249441532306,0,0,FC_POLIGRAFO,agency_claim,poligrafo,>=2023,pt-BR,True,other,checker,False,False,False
14850,val_sel,1,-0.5128206014633179,0.6388834118843079,1.1517040133476257,0.7598220242961388,0.6322737414854912,1,1,FakeWhatsApp.BR_2018,whatsapp,desconhecido,2018-2022,desconhecido,False,none,v1,False,False,False
670397930212920777,val_sel,1,-0.4452981650829315,0.5617145299911499,1.0070126950740814,0.7324351220514782,0.5961629654496344,1,1,FC_POLIGRAFO,agency_claim,poligrafo,2018-2022,pt-BR,True,false_pure,checker,False,False,False
667883764008735822,val_sel,1,-0.26080122590065,0.24100114405155182,0.5018023699522018,0.6228828012496979,0.464334068872758,0,0,FC_POLIGRAFO,agency_claim,poligrafo,>=2023,pt-BR,True,other,checker,False,False,False
605933664761977318,val_sel,1,-0.25386813282966614,0.3774615228176117,0.6313296556472778,0.6527908964110708,0.49839854206782497,0,0,EXT_LIARBR,external_claim,ext_liarbr,sem_data,pt-BR,False,false_pure,checker,False,False,False
924302071375254131,val_sel,1,-0.5065015554428101,0.614627480506897,1.121129035949707,0.7541980809644742,0.6247508230387357,1,1,FC_BEREIA,agency_claim,bereia,>=2023,pt-BR,False,false_pure,checker,False,False,False
797481463936439870,val_sel,1,-0.4143967628479004,0.5532940030097961,0.9676907658576965,0.7246589792448537,0.5861479673244151,1,1,FC_BOATOS_VIRAL,social,boatos,>=2023,pt-BR,False,false_pure,checker,False,False,False
1082378076113526522,val_sel,1,-0.5360397696495056,0.708733856678009,1.2447736263275146,0.7763938398637551,0.6547678807300348,1,1,EXT_LIARBR,external_claim,ext_liarbr,sem_data,pt-BR,False,false_pure,checker,False,False,False
54963927565512623,val_sel,1,-0.44821539521217346,0.5724398493766785,1.020655244588852,0.7351002135166221,0.5996194325561562,1,1,FC_G1,agency_claim,g1,>=2023,pt-BR,False,false_pure,checker,False,False,False
894349463040668215,val_sel,0,-0.1852594017982483,0.20788560807704926,0.39314500987529755,0.5970395665867088,0.4359996266191677,0,0,FC_POLIGRAFO,agency_claim,poligrafo,2018-2022,pt-BR,True,true_rating,checker,False,False,False
141509316270306425,val_sel,1,-0.2087038904428482,0.4608278274536133,0.6695317178964615,0.6613982950769564,0.5084624103065218,1,0,FC_AFP,agency_claim,afp,>=2023,pt-BR,False,false_pure,checker,False,False,False
990710075044203976,val_sel,1,-0.545789897441864,0.6516229510307312,1.1974128484725952,0.7680642239247482,0.6434003134897962,1,1,FC_AFP,agency_claim,afp,>=2023,pt-BR,False,false_pure,checker,False,False,False
37251,val_sel,1,-0.24874359369277954,0.2949330806732178,0.5436766743659973,0.632667290638099,0.475325618052112,0,0,fakes,agency_claim,desconhecido,2018-2022,desconhecido,True,none,v1,False,False,False
38752,val_sel,1,-0.38938233256340027,0.5408433675765991,0.9302257001399994,0.7171210729147962,0.576539034222664,1,1,fakes,agency_claim,desconhecido,2018-2022,desconhecido,False,none,v1,False,False,False
102226053325632509,val_sel,1,-0.24233725666999817,0.15097419917583466,0.3933114558458328,0.5970796100644511,0.4360427603381494,0,0,FC_BOATOS,agency_claim,boatos.org,>=2023,pt-BR,False,false_pure,checker_match,False,False,False
928588332142787072,val_sel,1,-0.49415868520736694,0.6355565190315247,1.1297152042388916,0.7557863372165142,0.6268697027542988,1,1,FC_BOATOS,agency_claim,boatos,2018-2022,pt-BR,False,false_pure,checker,False,False,False
41455,val_sel,1,-0.4532475769519806,0.36894750595092773,0.8221950829029083,0.6947020965128102,0.5485305082638495,1,1,fakes,agency_claim,desconhecido,2018-2022,desconhecido,True,hard,v1,False,False,False
816826915162119234,val_sel,1,-0.3865773677825928,0.47740113735198975,0.8639785051345825,0.7034912073288886,0.5594100187309213,1,1,EXT_LIARBR,external_claim,ext_liarbr,sem_data,pt-BR,False,false_pure,checker,False,False,False
16401,val_sel,1,-0.43778344988822937,0.5977061986923218,1.0354896485805511,0.7379787936572161,0.6033666368610224,1,1,FakeWhatsApp.BR_2018,whatsapp,desconhecido,2018-2022,desconhecido,False,none,v1,False,False,False
32196,val_sel,1,-0.3665432035923004,0.5570747256278992,0.9236179292201996,0.7157787098304482,0.5748380507650646,1,1,fakes,agency_claim,desconhecido,2018-2022,desconhecido,True,false_pure,v1,False,False,False
301653300458729694,val_sel,1,-0.2501384913921356,0.3797682821750641,0.6299067735671997,0.6524683230816506,0.498023675616943,0,0,EXT_AVERITECBR,external_claim,ext_averitecbr,<=2017,pt-BR,False,other,checker,False,False,False
870789279058759795,val_sel,0,-0.19503265619277954,0.42700836062431335,0.6220410168170929,0.6506826035441439,0.49595144842010297,0,0,NEWS_PODER360,press_true,poder360,<=2017,pt-BR,False,none,llm_local,False,False,False
33407,val_sel,1,-0.3815520107746124,0.5673514008522034,0.9489034116268158,0.7208945917787657,0.5813371553720311,1,1,fakes,agency_claim,desconhecido,2018-2022,desconhecido,False,none,v1,False,False,False
30339,val_sel,1,-0.5435128808021545,0.6047648191452026,1.1482776999473572,0.7591961912199998,0.6314338230568797,1,1,fakes,agency_claim,desconhecido,sem_data,desconhecido,False,false_pure,v1,False,False,False
48432,val_sel,0,-0.36327171325683594,0.4936458170413971,0.856917530298233,0.7020162360281171,0.5575752016019986,1,1,true,press_true,desconhecido,2018-2022,desconhecido,True,none,v1,False,False,False
711722769274362062,val_sel,1,-0.3930518925189972,0.45044007897377014,0.8434919714927673,0.6992001554737532,0.5540822289469236,1,1,FC_BOATOS,agency_claim,boatos,2018-2022,pt-BR,False,false_pure,checker,False,False,False
416,val_sel,0,-0.3438493311405182,0.5619322657585144,0.9057815968990326,0.712136171967548,0.5702378452346035,1,1,COVID19.BR,covid,desconhecido,sem_data,desconhecido,False,none,v1,False,False,False
38498,val_sel,1,-0.44241395592689514,0.4629414677619934,0.9053554236888885,0.7120487993098413,0.5701277781965643,1,1,fakes,agency_claim,desconhecido,2018-2022,desconhecido,True,none,v1,False,False,False
921858588186718227,val_sel,1,-0.5876224637031555,0.5909774899482727,1.1785999536514282,0.7646959783335844,0.6388387545962286,1,1,FC_AOSFATOS,agency_claim,aosfatos,>=2023,pt-BR,False,false_pure,checker,False,False,False
34786,val_sel,1,-0.37741950154304504,0.41143712401390076,0.7888566255569458,0.6875857732089263,0.5398159715286046,1,0,fakes,agency_claim,desconhecido,sem_data,desconhecido,False,false_pure,v1,False,False,False
929526478430036757,val_sel,1,-0.4372432827949524,0.5177381634712219,0.9549814462661743,0.7221158827883368,0.5828952765170865,1,1,FC_BOATOS,agency_claim,boatos.org,>=2023,pt-BR,False,false_pure,checker_match,False,False,False
835710737667511697,val_sel,1,-0.25284543633461,0.3644314408302307,0.6172768771648407,0.6495989637325692,0.494696402797201,0,0,FC_G1,agency_claim,g1,2018-2022,pt-BR,False,false_pure,checker,False,False,False
831438854068724816,val_sel,1,-0.2830186188220978,0.4228180944919586,0.7058367133140564,0.669480573880782,0.5180202923536775,1,0,FC_COMPROVA,agency_claim,comprova,2018-2022,pt-BR,False,other,checker,False,False,False
35820,val_sel,1,-0.2561366856098175,0.4010084569454193,0.6571451425552368,0.6586187930514243,0.5051996747148397,1,0,fakes,agency_claim,desconhecido,2018-2022,desconhecido,True,none,v1,False,False,False
5965,val_sel,0,-0.4308837950229645,0.6786102652549744,1.1094940602779388,0.7520347766046515,0.6218719357445612,1,1,Fake.br,portal,desconhecido,sem_data,desconhecido,False,none,v1,False,False,False
296142920061231071,val_sel,1,-0.2839173972606659,0.27889224886894226,0.5628096461296082,0.637102388613201,0.4803564307280656,0,0,FC_OBSERVADOR,agency_claim,observador,>=2023,pt-PT,True,false_pure,checker,False,False,False
373834840058992109,val_sel,1,-0.49260833859443665,0.655487596988678,1.1480959355831146,0.75916295997791,0.63138924345054,1,1,EXT_AVERITECBR,external_claim,ext_averitecbr,2018-2022,pt-BR,False,other,checker,False,False,False
312584111909658107,val_sel,1,-0.5384801030158997,0.6751543283462524,1.213634431362152,0.7709413879725067,0.6473128176103596,1,1,FC_EFARSAS,agency_claim,efarsas,2018-2022,pt-BR,False,false_pure,checker,False,False,False
1055647751626726711,val_sel,1,-0.45102882385253906,0.5886744856834412,1.0397033095359802,0.7387927554024488,0.6044288296509684,1,1,FC_BOATOS,agency_claim,boatos.org,>=2023,pt-BR,False,false_pure,checker_match,False,False,False
49519,val_sel,0,-0.08741994202136993,-0.07490792870521545,0.01251201331615448,0.503127962522143,0.3410680002405587,0,0,true,press_true,desconhecido,2018-2022,desconhecido,True,none,v1,False,False,False
30578,val_sel,1,-0.30698689818382263,0.39770936965942383,0.7046962678432465,0.6692281715288295,0.5177202154012788,1,0,fakes,agency_claim,desconhecido,sem_data,desconhecido,False,none,v1,False,False,False
216461905622030654,val_sel,1,-0.3776296079158783,0.4649081528186798,0.8425377607345581,0.6989994283981286,0.5538337611388439,1,1,FC_POLIGRAFO,agency_claim,poligrafo,2018-2022,pt-BR,True,other,checker,False,False,False
999754312896770040,val_sel,0,-0.10946869850158691,0.2953961193561554,0.4048648178577423,0.5998559216953451,0.43903909157813914,0,0,NEWS_BRASILDEFATO,press_true,brasildefato,<=2017,pt-BR,False,none,llm_local,False,False,False
627,val_sel,1,-0.4084504544734955,0.5528020262718201,0.9612524807453156,0.7233725025444172,0.5845011400501453,1,1,COVID19.BR,covid,desconhecido,sem_data,desconhecido,False,none,v1,False,False,False
176242959781674018,val_sel,1,-0.4329138994216919,0.7247554659843445,1.1576693654060364,0.7609089684897314,0.6337341578536083,1,1,FC_BOATOS,agency_claim,boatos,>=2023,pt-BR,False,false_pure,checker,False,False,False
48949,val_sel,0,-0.15283212065696716,0.16476553678512573,0.3175976574420929,0.5787386715492164,0.4165315711704158,0,0,true,press_true,desconhecido,2018-2022,desconhecido,True,none,v1,False,False,False
46303,val_sel,0,-0.3188125193119049,0.5395580530166626,0.8583705723285675,0.7023201078258837,0.5579529094008083,1,1,COVID19.BR_raw,covid,desconhecido,sem_data,desconhecido,False,false_pure,v1,False,False,False
32951,val_sel,1,-0.3780551850795746,0.6245792508125305,1.002634435892105,0.7315762247684997,0.5950516488391604,1,1,fakes,agency_claim,desconhecido,2018-2022,desconhecido,False,none,v1,False,False,False
34213,val_sel,1,-0.41925808787345886,0.5596750974655151,0.978933185338974,0.726896485715354,0.5890189942434807,1,1,fakes,agency_claim,desconhecido,2018-2022,desconhecido,False,false_pure,v1,False,False,False
181616553827683994,val_sel,0,-0.18293914198875427,0.18299710750579834,0.3659362494945526,0.5904766693025265,0.4289620757250634,0,0,EXT_LIARBR,external_claim,ext_liarbr,sem_data,pt-BR,False,true_rating,checker,False,False,False
39451,val_sel,1,-0.4796484410762787,0.45797020196914673,0.9376186430454254,0.7186183835290207,0.5784399881640307,1,1,fakes,agency_claim,desconhecido,2018-2022,desconhecido,False,none,v1,False,False,False
10919,val_sel,0,-0.2658522427082062,0.42541858553886414,0.6912708282470703,0.6662495691714256,0.5141867765405282,1,0,FakeWhatsApp.BR_2018,whatsapp,desconhecido,2018-2022,desconhecido,False,none,v1,False,False,False
833157220370166333,val_sel,1,-0.5556818246841431,0.6500028371810913,1.2056846618652344,0.7695345092040431,0.6453978323836465,1,1,FC_EFARSAS,agency_claim,efarsas,<=2017,pt-BR,False,false_pure,checker,False,False,False
6480,val_sel,1,-0.47090041637420654,0.3753954768180847,0.8462958931922913,0.6997895447328206,0.5548121878427792,1,1,Fake.br,portal,desconhecido,sem_data,desconhecido,False,none,v1,False,False,False
49119,val_sel,0,-0.1607261449098587,0.09483256936073303,0.25555871427059174,0.5635442136913927,0.4007341731455368,0,0,true,press_true,desconhecido,2018-2022,desconhecido,True,none,v1,False,False,False
5443,val_sel,0,-0.4101696312427521,0.3056848645210266,0.7158544957637787,0.6716934964171464,0.5206556145028376,1,0,Fake.br,portal,desconhecido,sem_data,desconhecido,False,none,v1,False,False,False
626438529378154558,val_sel,1,-0.5537276864051819,0.7043673396110535,1.2580950260162354,0.7786980028161077,0.6579343258232639,1,1,FC_EFARSAS,agency_claim,efarsas,<=2017,pt-BR,False,false_pure,checker,False,False,False
565657555142180059,val_sel,0,-0.24184004962444305,0.27914485335350037,0.5209849029779434,0.6273780407145662,0.46936562362340645,0,0,EXT_LIARBR,external_claim,ext_liarbr,sem_data,pt-BR,False,true_rating,checker,False,False,False
25579,val_sel,1,-0.20880864560604095,0.3859155774116516,0.5947242230176926,0.644448366156104,0.48875639713736135,0,0,fakes,agency_claim,desconhecido,2018-2022,desconhecido,False,none,v1,False,False,False
16472617760463206,val_sel,1,-0.4262346923351288,0.6006593108177185,1.0268940031528473,0.7363132906101414,0.6011968047768597,1,1,FC_G1,agency_claim,g1,>=2023,pt-BR,False,false_pure,checker,False,False,False
422605301887965466,val_sel,1,-0.4547124207019806,0.5045220255851746,0.9592344462871552,0.7229685023384673,0.5839845632460248,1,1,FC_BOATOS,agency_claim,boatos,>=2023,pt-BR,False,false_pure,checker,False,False,False
30229,val_sel,1,-0.224269837141037,0.2863296866416931,0.5105995237827301,0.6249470063189153,0.4666407125376152,0,0,fakes,agency_claim,desconhecido,sem_data,desconhecido,False,false_pure,v1,False,False,False
1068071796999592796,val_sel,1,-0.27721676230430603,0.3531016409397125,0.6303184032440186,0.6525616556557988,0.49813212160813686,0,0,EXT_AVERITECBR,external_claim,ext_averitecbr,2018-2022,pt-BR,False,other,checker,False,False,False
16198,val_sel,1,-0.5463099479675293,0.7137490510940552,1.2600589990615845,0.7790362639725116,0.658399974857011,1,1,FakeWhatsApp.BR_2018,whatsapp,desconhecido,2018-2022,desconhecido,False,none,v1,False,False,False
1072722730994769976,val_sel,0,-0.34526851773262024,0.5077884793281555,0.8530569970607758,0.7012080239275279,0.5565713614012888,1,1,EXT_AVERITECBR,external_claim,ext_averitecbr,2018-2022,pt-BR,False,other,checker,False,False,False
15838,val_sel,0,-0.4936392605304718,0.6137046813964844,1.1073439419269562,0.7516336085810238,0.6213389749897226,1,1,FakeWhatsApp.BR_2018,whatsapp,desconhecido,2018-2022,desconhecido,False,none,v1,False,False,False
4502,val_sel,1,-0.47677361965179443,0.5787950158119202,1.0555686354637146,0.7418427954569466,0.6084193021645173,1,1,Fake.br,portal,desconhecido,sem_data,desconhecido,False,none,v1,False,False,False
829197252933886350,val_sel,1,-0.4873991012573242,0.6320937871932983,1.1194928884506226,0.753894640348559,0.6243465120058638,1,1,FC_UOL,agency_claim,uol,sem_data,pt-BR,False,false_pure,checker,False,False,False
868705358446312757,val_sel,1,-0.3792248070240021,0.39192283153533936,0.7711476385593414,0.6837690986999835,0.5351766503542258,1,0,FC_POLIGRAFO,agency_claim,poligrafo,2018-2022,pt-BR,True,false_pure,checker,False,False,False
461014436542284044,val_sel,0,-0.5243414044380188,0.3630542755126953,0.8873956799507141,0.7083524400989046,0.5654831731699044,1,1,NEWS_OECO,press_true,oeco,<=2017,pt-BR,False,none,llm_local,False,False,False
718933848816786069,val_sel,1,-0.4691818952560425,0.5457239747047424,1.014905869960785,0.7339791376819871,0.5981639620257106,1,1,FC_BOATOS,agency_claim,boatos,>=2023,pt-BR,False,false_pure,checker,False,False,False
190185628530673369,val_sel,1,-0.4531644880771637,0.6403062343597412,1.093470722436905,0.7490347176924123,0.6178931512090869,1,1,FC_POLIGRAFO,agency_claim,poligrafo,2018-2022,pt-BR,True,false_pure,checker,False,False,False
1760,val_sel,1,-0.3498259484767914,0.4402177035808563,0.7900436520576477,0.6878407034492336,0.540126705857116,1,1,COVID19.BR,covid,desconhecido,sem_data,desconhecido,False,none,v1,False,False,False
4785,val_sel,0,-0.38643679022789,0.46237438917160034,0.8488111793994904,0.700317700775424,0.5554668037512288,1,1,Fake.br,portal,desconhecido,sem_data,desconhecido,False,none,v1,False,False,False
44404298535721975,val_sel,1,-0.3691626191139221,0.520322859287262,0.8894854784011841,0.7087839819591256,0.5660242278047374,1,1,FC_UOL,agency_claim,uol,>=2023,pt-BR,False,false_pure,checker,False,False,False
37229,val_sel,1,-0.5192682147026062,0.6034156680107117,1.1226838827133179,0.7544862097061308,0.6251348825741089,1,1,fakes,agency_claim,desconhecido,2018-2022,desconhecido,True,none,v1,False,False,False
367523316269830053,val_sel,1,-0.2413603663444519,0.4711330831050873,0.7124934494495392,0.6709518867066554,0.5197715636360375,1,0,FC_AOSFATOS,agency_claim,aosfatos,>=2023,pt-BR,False,false_pure,checker,False,False,False
327577790740998986,val_sel,1,-0.6210106015205383,0.6631467938423157,1.284157395362854,0.7831566260511664,0.6640885343313822,1,1,FC_BOATOS,agency_claim,boatos,2018-2022,pt-BR,False,false_pure,checker,False,False,False
852311903406881778,val_sel,0,-0.3307928740978241,0.579988420009613,0.9107812941074371,0.713160013082864,0.5715285872549274,1,1,NEWS_PODER360,press_true,poder360,2018-2022,pt-BR,False,none,llm_local,False,False,False
1100656054491617252,val_sel,1,-0.45923906564712524,0.6940222382545471,1.1532613039016724,0.7601061031660635,0.6326552272271478,1,1,FC_EFARSAS,agency_claim,efarsas,<=2017,pt-BR,False,false_pure,checker,False,False,False
712572002871816526,val_sel,1,-0.26584288477897644,0.28098395466804504,0.5468268394470215,0.633399080643641,0.47615360369590365,0,0,FC_G1,agency_claim,g1,2018-2022,pt-BR,False,false_pure,checker,False,False,False
15880,val_sel,0,-0.27954158186912537,0.5082977414131165,0.7878393232822418,0.6873672032111338,0.5395496421845444,1,0,FakeWhatsApp.BR_2018,whatsapp,desconhecido,2018-2022,desconhecido,False,none,v1,False,False,False
90773558034906102,val_sel,1,-0.29051828384399414,0.42194584012031555,0.7124641239643097,0.670945412326929,0.5197638496455954,1,0,FC_BOATOS,agency_claim,boatos,2018-2022,pt-BR,False,false_pure,checker,False,False,False
982043994555507045,val_sel,1,-0.30363699793815613,0.4070940315723419,0.710731029510498,0.6705626704814129,0.5193079471773506,1,0,FC_POLIGRAFO,agency_claim,poligrafo,>=2023,pt-BR,True,false_pure,checker,False,False,False
685574371312141424,val_sel,1,-0.5073989629745483,0.7387641072273254,1.2461630702018738,0.7766349636372527,0.6550987941041645,1,1,FC_BOATOS,agency_claim,boatos,2018-2022,pt-BR,False,false_pure,checker,False,False,False
719125120870005420,val_sel,0,-0.4936509430408478,0.50227952003479,0.9959304630756378,0.7302577071526009,0.5933481191377676,1,1,NEWS_BRASILDEFATO,press_true,brasildefato,<=2017,pt-BR,False,none,llm_local,False,False,False
3884,val_sel,1,-0.35085269808769226,0.46119585633277893,0.8120485544204712,0.6925458669494701,0.5458811469235854,1,1,Fake.br,portal,desconhecido,sem_data,desconhecido,False,none,v1,False,False,False
182388633690344043,val_sel,1,-0.3897252380847931,0.37112051248550415,0.7608457505702972,0.6815373272210906,0.5324749525388017,1,0,EXT_LIARBR,external_claim,ext_liarbr,sem_data,pt-BR,False,false_pure,checker,False,False,False
394052769031241267,val_sel,1,-0.29361891746520996,0.35452476143836975,0.6481436789035797,0.6565920231178352,0.5028283142699973,1,0,FC_BOATOS,agency_claim,boatos,<=2017,pt-BR,False,false_pure,checker,False,False,False
161550800133161491,val_sel,1,-0.19655930995941162,0.18398553133010864,0.38054484128952026,0.5940045053042535,0.4327372071158973,0,0,FC_POLIGRAFO,agency_claim,poligrafo,>=2023,pt-BR,True,false_pure,checker,False,False,False
257927729748295274,val_sel,1,-0.39754369854927063,0.45850828289985657,0.8560519814491272,0.701835140694646,0.5573501767375036,1,1,FC_G1,agency_claim,g1,>=2023,pt-BR,False,false_pure,checker,False,False,False
38844,val_sel,1,-0.3850817382335663,0.3176281154155731,0.7027098536491394,0.6687883075368769,0.5171975145847196,1,0,fakes,agency_claim,desconhecido,2018-2022,desconhecido,False,false_pure,v1,False,False,False
951859602107411363,val_sel,0,-0.31729596853256226,0.39935895800590515,0.7166549265384674,0.671869984222867,0.5208661317206028,1,0,EXT_LIARBR,external_claim,ext_liarbr,sem_data,pt-BR,False,true_rating,checker,False,False,False
737652338756768723,val_sel,1,-0.43372419476509094,0.6487632989883423,1.0824874937534332,0.7469644297392054,0.6151566878679532,1,1,FC_FOLHA,agency_claim,folha,>=2023,pt-BR,False,hard,checker_match,False,False,False
945279478898331562,val_sel,1,-0.4214306175708771,0.5320188403129578,0.9534494578838348,0.7218083624700159,0.5825027017485509,1,1,FC_AFP,agency_claim,afp,>=2023,pt-BR,False,false_pure,checker,False,False,False
42616,val_sel,1,-0.4605194628238678,0.7261822819709778,1.1867017447948456,0.7661506550133036,0.6408063216060977,1,1,fakes,agency_claim,desconhecido,2018-2022,desconhecido,False,none,v1,False,False,False
48467,val_sel,0,-0.1661483347415924,0.0029684696346521378,0.16911680437624454,0.5421787212933831,0.37906878629334323,0,0,true,press_true,desconhecido,2018-2022,desconhecido,True,none,v1,False,False,False
587038507888383481,val_sel,1,-0.34616824984550476,0.6493609547615051,0.9955292046070099,0.7301786593999978,0.593246084661614,1,1,FC_BOATOS,agency_claim,boatos,<=2017,pt-BR,False,false_pure,checker,False,False,False
766523169998566824,val_sel,1,-0.6100082993507385,0.6930925250053406,1.303100824356079,0.7863563841558528,0.6685271541816283,1,1,FC_COMPROVA,agency_claim,comprova,2018-2022,pt-BR,False,other,checker_match,False,False,False
24062529547074857,val_sel,1,-0.558819591999054,0.6926673054695129,1.251486897468567,0.7775571441148741,0.6563653367551906,1,1,FC_BOATOS,agency_claim,boatos,>=2023,pt-BR,False,false_pure,checker,False,False,False
40677,val_sel,1,-0.3771129250526428,0.5610581040382385,0.9381710290908813,0.7187300658132574,0.578581931107965,1,1,fakes,agency_claim,desconhecido,2018-2022,desconhecido,True,false_pure,v1,False,False,False
39135,val_sel,1,-0.40694791078567505,0.4989645183086395,0.9059124290943146,0.7121629915935139,0.5702716336529866,1,1,fakes,agency_claim,desconhecido,2018-2022,desconhecido,False,none,v1,False,False,False
833392914289928535,val_sel,1,-0.49038371443748474,0.7227680087089539,1.2131517231464386,0.7708561350115607,0.6471966742610248,1,1,FC_COMPROVA,agency_claim,comprova,>=2023,pt-BR,False,hard,checker,False,False,False
28857,val_sel,1,-0.34896978735923767,0.37648558616638184,0.7254553735256195,0.6738071944045416,0.5231801874237656,1,0,fakes,agency_claim,desconhecido,2018-2022,desconhecido,False,none,v1,False,False,False
7356,val_sel,1,-0.41555532813072205,0.3789547085762024,0.7945100367069244,0.6887989016242306,0.5412956139876113,1,1,Fake.br,portal,desconhecido,sem_data,desconhecido,False,none,v1,False,False,False
920389670043108812,val_sel,0,-0.08372418582439423,0.07581683993339539,0.1595410257577896,0.5398008701451305,0.3766964541208576,0,0,FC_POLIGRAFO,agency_claim,poligrafo,>=2023,pt-BR,True,true_rating,checker,False,False,False
35817,val_sel,1,-0.31501540541648865,0.23118723928928375,0.5462026447057724,0.6332541276350974,0.4759895305334086,0,0,fakes,agency_claim,desconhecido,2018-2022,desconhecido,True,none,v1,False,False,False
940750317313449165,val_sel,1,-0.4172914922237396,0.5506607890129089,0.9679522812366486,0.7247111559093274,0.5862148190329929,1,1,FC_GFC,agency_claim,BOL - UOL,sem_data,pt-BR,False,false_pure,checker,False,False,False
18295371458474194,val_sel,1,-0.3631339371204376,0.5253431797027588,0.8884771168231964,0.7085758029929913,0.565763179750336,1,1,FC_BOATOS,agency_claim,boatos,<=2017,pt-BR,False,false_pure,checker,False,False,False
392360314834231976,val_sel,1,-0.1881687045097351,0.21634843945503235,0.40451714396476746,0.5997724670533163,0.4389488573308641,0,0,EXT_AVERITECBR,external_claim,ext_averitecbr,2018-2022,pt-BR,False,other,checker,False,False,False
162591310046398146,val_sel,0,-0.43581825494766235,0.7433834075927734,1.1792016625404358,0.764804230203203,0.6389850443173031,1,1,FC_G1,agency_claim,g1,>=2023,pt-BR,False,other,checker,False,False,False
805533089247338859,val_sel,1,-0.3596402406692505,0.3478005826473236,0.7074408233165741,0.6698354289142723,0.5184423478651573,1,0,EXT_AVERITECBR,external_claim,ext_averitecbr,2018-2022,pt-BR,False,other,checker,False,False,False
242937156039529344,val_sel,1,-0.5152264833450317,0.5024462342262268,1.0176727175712585,0.7345190252306205,0.5988646150589101,1,1,FC_AOSFATOS,agency_claim,aosfatos,>=2023,pt-BR,False,false_pure,checker,False,False,False
41116,val_sel,1,-0.5330598950386047,0.5886403918266296,1.1217002868652344,0.7543039659861412,0.6248919448371187,1,1,fakes,agency_claim,desconhecido,2018-2022,desconhecido,True,hard,v1,False,False,False
1103996581083976542,val_sel,1,-0.53528892993927,0.59104984998703,1.1263387799263,0.7551626011783218,0.6260370504518731,1,1,FC_BOATOS,agency_claim,boatos.org,>=2023,pt-BR,False,false_pure,checker_match,False,False,False
745566890928031835,val_sel,1,-0.3554439842700958,0.503146231174469,0.8585902154445648,0.7023660258189429,0.558009998223538,1,1,FC_ESTADAO,agency_claim,estadao,sem_data,pt-BR,False,false_pure,checker,False,False,False
29443,val_sel,1,-0.3264249861240387,0.24852615594863892,0.5749511420726776,0.6399048386468497,0.48355104071297933,0,0,fakes,agency_claim,desconhecido,sem_data,desconhecido,False,none,v1,False,False,False
48932,val_sel,0,-0.0328715480864048,-0.1505606472492218,-0.117689099162817,0.4706116382222081,0.3109355493746734,0,0,true,press_true,desconhecido,2018-2022,desconhecido,True,none,v1,False,False,False
38271,val_sel,1,-0.27216073870658875,0.17126914858818054,0.4434298872947693,0.6090760000753541,0.44907185413749134,0,0,fakes,agency_claim,desconhecido,2018-2022,desconhecido,True,none,v1,False,False,False
8048,val_sel,1,-0.37945690751075745,0.3208613395690918,0.7003182470798492,0.6682583278655485,0.5165681424741653,1,0,Fake.br,portal,desconhecido,sem_data,desconhecido,False,none,v1,False,False,False
48550,val_sel,0,-0.1130741536617279,0.18261374533176422,0.2956878989934921,0.5733880510263135,0.41093115016514803,0,0,true,press_true,desconhecido,2018-2022,desconhecido,True,none,v1,False,False,False
199103983805047416,val_sel,1,-0.5426455140113831,0.6440183520317078,1.1866638660430908,0.76614386844269,0.6407971334829448,1,1,FC_BOATOS,agency_claim,boatos,>=2023,pt-BR,False,false_pure,checker,False,False,False
807011940197850805,val_sel,1,-0.4981749951839447,0.5084831118583679,1.0066581070423126,0.7323656263200012,0.5960729982821777,1,1,FC_BOATOS,agency_claim,boatos,2018-2022,pt-BR,False,false_pure,checker,False,False,False
947667491641603814,val_sel,1,-0.17550528049468994,0.17589153349399567,0.3513968139886856,0.5869562616390868,0.4252130045089824,0,0,EXT_LIARBR,external_claim,ext_liarbr,sem_data,pt-BR,False,false_pure,checker,False,False,False
564947180424680822,val_sel,0,-0.3465283215045929,0.5427995324134827,0.8893278539180756,0.7087514457372802,0.5659834238573896,1,1,EXT_AVERITECBR,external_claim,ext_averitecbr,2018-2022,pt-BR,False,other,checker,False,False,False
299503372382708745,val_sel,1,-0.5676223635673523,0.5154459476470947,1.083068311214447,0.7470741934694676,0.6153015823908144,1,1,FC_BOATOS,agency_claim,boatos.org,2018-2022,pt-BR,False,false_pure,checker_match,False,False,False
918773322111992324,val_sel,0,-0.5046448111534119,0.6958577036857605,1.2005025148391724,0.7686141660322957,0.6441470096749794,1,1,EXT_AVERITECBR,external_claim,ext_averitecbr,2018-2022,pt-BR,False,other,checker,False,False,False
5402403590503435,val_sel,1,-0.42294421792030334,0.567257821559906,0.9902020394802094,0.7291278270824829,0.5918907008950047,1,1,FC_G1,agency_claim,g1,>=2023,pt-BR,False,false_pure,checker,False,False,False
40167,val_sel,1,-0.3868275582790375,0.3185925781726837,0.7054201364517212,0.6693883887723155,0.5179106830710585,1,0,fakes,agency_claim,desconhecido,2018-2022,desconhecido,False,false_pure,v1,False,False,False
12973,val_sel,1,-0.4333176016807556,0.5685708522796631,1.0018884539604187,0.7314297091633134,0.594862201603249,1,1,FakeWhatsApp.BR_2018,whatsapp,desconhecido,2018-2022,desconhecido,False,none,v1,False,False,False
148571383082935931,val_sel,0,-0.26049667596817017,0.40970638394355774,0.6702030599117279,0.661548626223054,0.5086392297553922,1,0,NEWS_BRASILDEFATO,press_true,brasildefato,<=2017,pt-BR,False,none,llm_local,False,False,False
28266,val_sel,1,-0.4311676323413849,0.3880588710308075,0.8192265033721924,0.6940721235790858,0.5477556599259334,1,1,fakes,agency_claim,desconhecido,2018-2022,desconhecido,False,none,v1,False,False,False
593455877323114781,val_sel,1,-0.3990586996078491,0.6077832579612732,1.0068419575691223,0.7324016606265099,0.596119646210791,1,1,FC_BOATOS_VIRAL,social,boatos,<=2017,pt-BR,False,false_pure,checker,False,False,False
49535,val_sel,0,-0.4428459703922272,0.3750491738319397,0.8178951442241669,0.6937893550687116,0.547408077744097,1,1,true,press_true,desconhecido,2018-2022,desconhecido,True,none,v1,False,False,False
927223866679829888,val_sel,1,-0.591492235660553,0.750102698802948,1.341594934463501,0.7927521054736942,0.6774543776321189,1,1,FC_BOATOS,agency_claim,boatos,2018-2022,pt-BR,False,false_pure,checker,False,False,False
464538896280871185,val_sel,1,-0.4063013792037964,0.5868330001831055,0.9931343793869019,0.7297065762358579,0.592636946700452,1,1,FC_POLIGRAFO,agency_claim,poligrafo,>=2023,pt-BR,True,false_pure,checker,False,False,False
4200,val_sel,1,-0.4608671963214874,0.6188467144966125,1.0797139108181,0.7464398397981954,0.6144644904402328,1,1,Fake.br,portal,desconhecido,sem_data,desconhecido,False,none,v1,False,False,False
165725469802902324,val_sel,1,-0.4085008502006531,0.6892631649971008,1.097764015197754,0.7498409149969507,0.618960802948842,1,1,FC_BOATOS,agency_claim,boatos,<=2017,pt-BR,False,false_pure,checker,False,False,False
13794,val_sel,0,-0.35351434350013733,0.5341615080833435,0.8876758515834808,0.708410317170468,0.565555719472402,1,1,FakeWhatsApp.BR_2018,whatsapp,desconhecido,2018-2022,desconhecido,False,none,v1,False,False,False
139585063663391141,val_sel,1,-0.5559738874435425,0.7312098741531372,1.2871837615966797,0.7836701301697555,0.6647996134767997,1,1,FC_BOATOS,agency_claim,boatos,<=2017,pt-BR,False,false_pure,checker,False,False,False
40280,val_sel,1,-0.40770456194877625,0.40840944647789,0.8161140084266663,0.6934108298989692,0.5469429986815498,1,1,fakes,agency_claim,desconhecido,2018-2022,desconhecido,False,none,v1,False,False,False
32323,val_sel,1,-0.5786837935447693,0.6634276509284973,1.2421114444732666,0.7759313278872508,0.6541334300848471,1,1,fakes,agency_claim,desconhecido,2018-2022,desconhecido,False,none,v1,False,False,False
101035397704453400,val_sel,0,-0.2376956045627594,0.3388131558895111,0.5765087604522705,0.6402636771403809,0.48396097633285184,0,0,EXT_LIARBR,external_claim,ext_liarbr,sem_data,pt-BR,False,true_rating,checker,False,False,False
32440,val_sel,1,-0.3176823556423187,0.24546504020690918,0.5631473958492279,0.6371804737231105,0.4804452772499402,0,0,fakes,agency_claim,desconhecido,2018-2022,desconhecido,False,hard,v1,False,False,False
25544,val_sel,1,-0.38988953828811646,0.6114836931228638,1.0013732314109802,0.7313284866291196,0.5947313407961685,1,1,fakes,agency_claim,desconhecido,2018-2022,desconhecido,False,false_pure,v1,False,False,False
21763725383282638,val_sel,1,-0.5707973837852478,0.634311854839325,1.2051092386245728,0.7694324414039915,0.6452590393071493,1,1,FC_FOLHA,agency_claim,folha,>=2023,pt-BR,False,hard,checker_match,False,False,False
193486376873619759,val_sel,1,-0.010826123878359795,0.10814881324768066,0.11897493712604046,0.5297086985722177,0.3667130544224423,0,0,FC_POLIGRAFO,agency_claim,poligrafo,2018-2022,pt-BR,True,hard,checker,False,False,False
44176,val_sel,1,-0.4406467378139496,0.6056433320045471,1.0462900698184967,0.7400618546424753,0.6060872646610267,1,1,fakes,agency_claim,desconhecido,2018-2022,desconhecido,False,hard,v1,False,False,False
372673332859296459,val_sel,0,-0.440514475107193,0.4242647588253021,0.8647792339324951,0.7036582051928785,0.5596179892345542,1,1,NEWS_PODER360,press_true,poder360,2018-2022,pt-BR,False,none,llm_local,False,False,False
36918,val_sel,1,-0.4180934727191925,0.5126808285713196,0.9307743012905121,0.7172323480311155,0.5766801751024777,1,1,fakes,agency_claim,desconhecido,2018-2022,desconhecido,True,none,v1,False,False,False
481368499908167146,val_sel,0,-0.11744850128889084,0.32248052954673767,0.4399290308356285,0.6082421200853684,0.4481592629901803,0,0,NEWS_BRASILDEFATO,press_true,brasildefato,<=2017,pt-BR,False,none,llm_local,False,False,False
784480427705197696,val_sel,1,-0.3899724781513214,0.5213674902915955,0.9113399684429169,0.7132742834630547,0.5716727567790314,1,1,FC_AFP,agency_claim,afp,>=2023,pt-BR,False,false_pure,checker,False,False,False
39501,val_sel,1,-0.4448595345020294,0.5212479829788208,0.9661075174808502,0.7243429639818322,0.585743170617706,1,1,fakes,agency_claim,desconhecido,2018-2022,desconhecido,False,hard,v1,False,False,False
1123136446728518086,val_sel,1,-0.3969547748565674,0.39842483401298523,0.7953796088695526,0.6889852681348609,0.5415231393421349,1,1,FC_COMPROVA,agency_claim,comprova,>=2023,pt-BR,False,other,checker,False,False,False
202790802876457002,val_sel,1,-0.39098218083381653,0.36515215039253235,0.7561343312263489,0.68051386751391,0.5312387256038097,1,0,FC_OBSERVADOR,agency_claim,observador,>=2023,pt-PT,True,hard,checker,False,False,False
30954,val_sel,1,-0.44953984022140503,0.6143448948860168,1.0638847351074219,0.7434322230508725,0.6105052428099932,1,1,fakes,agency_claim,desconhecido,sem_data,desconhecido,False,none,v1,False,False,False
37533,val_sel,1,-0.5766580700874329,0.5996031761169434,1.1762612462043762,0.7642749001039958,0.6382699148361602,1,1,fakes,agency_claim,desconhecido,2018-2022,desconhecido,True,none,v1,False,False,False
913792050386412256,val_sel,1,-0.5361295938491821,0.6929118037223816,1.2290413975715637,0.7736507523867495,0.6510106499068504,1,1,FC_ESTADAO,agency_claim,estadao,sem_data,pt-BR,False,hard,checker,False,False,False
2754,val_sel,1,-0.32737603783607483,0.4154278635978699,0.7428039014339447,0.6776086877450891,0.5277389328780028,1,0,Fake.br,portal,desconhecido,sem_data,desconhecido,False,none,v1,False,False,False
7804,val_sel,1,-0.5219371914863586,0.7253243923187256,1.2472615838050842,0.776825468282887,0.6553603124546133,1,1,Fake.br,portal,desconhecido,sem_data,desconhecido,False,none,v1,False,False,False
302264515711738512,val_sel,1,-0.3883594870567322,0.7148460745811462,1.1032055616378784,0.7508602493293614,0.6203123495365406,1,1,FC_EFARSAS,agency_claim,efarsas,<=2017,pt-BR,False,false_pure,checker,False,False,False
30956,val_sel,1,-0.3984912931919098,0.5524939894676208,0.9509852826595306,0.7213132831494576,0.5818710332087885,1,1,fakes,agency_claim,desconhecido,sem_data,desconhecido,False,none,v1,False,False,False
43840,val_sel,1,-0.4026050269603729,0.5214583873748779,0.9240634143352509,0.7158693304085552,0.574952784482284,1,1,fakes,agency_claim,desconhecido,2018-2022,desconhecido,False,false_pure,v1,False,False,False
792816072947372661,val_sel,1,-0.07990502566099167,0.16907106339931488,0.24897608906030655,0.5619244654824909,0.39906942875624063,0,0,EXT_LIARBR,external_claim,ext_liarbr,sem_data,pt-BR,False,false_pure,checker,False,False,False
668062399981315200,val_sel,1,-0.40873950719833374,0.3508557081222534,0.7595952153205872,0.6812658442033377,0.5321468634674871,1,0,FC_LUPA,agency_claim,lupa,>=2023,pt-BR,False,false_pure,checker_match,False,False,False
31540,val_sel,1,-0.5579801201820374,0.6212838888168335,1.1792640089988708,0.7648154448191694,0.6390002007482523,1,1,fakes,agency_claim,desconhecido,sem_data,desconhecido,False,false_pure,v1,False,False,False
533821800264390830,val_sel,1,-0.5543503165245056,0.7056415677070618,1.2599918842315674,0.779024710692308,0.6583840672704517,1,1,FC_OBSERVADOR,agency_claim,observador,>=2023,pt-PT,True,false_pure,checker,False,False,False
212560550979788708,val_sel,1,-0.38643255829811096,0.26120033860206604,0.647632896900177,0.6564768433239262,0.5026937481948878,1,0,FC_POLIGRAFO,agency_claim,poligrafo,2018-2022,pt-BR,True,hard,checker,False,False,False
946163938625474531,val_sel,0,-0.3778435289859772,0.23348493874073029,0.6113284677267075,0.6482437839378018,0.49312947360628046,0,0,NEWS_PODER360,press_true,poder360,<=2017,pt-BR,False,none,llm_local,False,False,False
796421133293989977,val_sel,1,-0.23175400495529175,0.1760597676038742,0.40781377255916595,0.6005635468509406,0.4398046160185498,0,0,EXT_LIARBR,external_claim,ext_liarbr,sem_data,pt-BR,False,false_pure,checker,False,False,False
1033836530154124644,val_sel,1,-0.6001093983650208,0.7577934861183167,1.3579028844833374,0.7954186500903366,0.681198160883639,1,1,FC_G1,agency_claim,g1,2018-2022,pt-BR,False,false_pure,checker,False,False,False
5273,val_sel,0,-0.351877897977829,0.6232955455780029,0.9751734435558319,0.7261494729774705,0.5880595164181461,1,1,Fake.br,portal,desconhecido,sem_data,desconhecido,False,none,v1,False,False,False
844320624374279054,val_sel,1,-0.6078034043312073,0.6818967461585999,1.2897001504898071,0.784096432212798,0.6653902988995963,1,1,FC_AFP,agency_claim,afp,>=2023,pt-BR,False,false_pure,checker,False,False,False
42363,val_sel,1,-0.14407820999622345,0.24198776483535767,0.3860659748315811,0.5953353051963896,0.4341660313149949,0,0,fakes,agency_claim,desconhecido,2018-2022,desconhecido,False,none,v1,False,False,False
212365322059254186,val_sel,1,-0.5119706988334656,0.5898634195327759,1.1018341183662415,0.750603606367041,0.6199718916248501,1,1,FC_BOATOS,agency_claim,boatos,>=2023,pt-BR,False,false_pure,checker,False,False,False
226120965374412234,val_sel,1,-0.2980460524559021,0.519890308380127,0.817936360836029,0.6937981112901473,0.5474188389918438,1,1,FC_UOL,agency_claim,uol,sem_data,pt-BR,False,hard,checker,False,False,False
127140815697009021,val_sel,1,-0.3589271008968353,0.592923104763031,0.9518502056598663,0.7214871170575679,0.5820927789240182,1,1,FC_ESTADAO,agency_claim,estadao,sem_data,pt-BR,False,false_pure,checker,False,False,False
1787918481481759,val_sel,1,-0.4351167678833008,0.286531925201416,0.7216486930847168,0.6729699671561457,0.5221793465291218,1,0,FC_BOATOS_VIRAL,social,boatos,>=2023,pt-BR,False,false_pure,checker,False,False,False
16874,val_sel,0,-0.5209041833877563,0.5677156448364258,1.0886198282241821,0.7481217371785981,0.6166854649808018,1,1,FakeWhatsApp.BR_2018,whatsapp,desconhecido,2018-2022,desconhecido,False,none,v1,False,False,False
37360,val_sel,1,-0.10685175657272339,0.1850624978542328,0.2919142544269562,0.5724647093874616,0.409968840222289,0,0,fakes,agency_claim,desconhecido,2018-2022,desconhecido,True,none,v1,False,False,False
8754,val_sel,1,-0.5339701175689697,0.300180047750473,0.8341501653194427,0.6972317446774381,0.5516485635285194,1,1,Fake.br,portal,desconhecido,sem_data,desconhecido,False,none,v1,False,False,False
971724678899127868,val_sel,0,-0.13447551429271698,0.18138127028942108,0.31585678458213806,0.5783141882817557,0.4160857723081665,0,0,FC_POLIGRAFO,agency_claim,poligrafo,>=2023,pt-BR,True,true_rating,checker,False,False,False
31637,val_sel,1,-0.3147326409816742,0.5477546453475952,0.8624872863292694,0.7031800576564625,0.5590226541355447,1,1,fakes,agency_claim,desconhecido,sem_data,desconhecido,False,none,v1,False,False,False
1109483328133481961,val_sel,1,-0.2814296782016754,0.38792186975479126,0.6693515479564667,0.6613579447392886,0.5084149564127967,1,0,FC_POLIGRAFO,agency_claim,poligrafo,2018-2022,pt-BR,True,hard,checker,False,False,False
29219,val_sel,1,-0.44789043068885803,0.5623946785926819,1.01028510928154,0.7330759418772654,0.5969929465682902,1,1,fakes,agency_claim,desconhecido,2018-2022,desconhecido,False,none,v1,False,False,False
299303346344460095,val_sel,1,-0.48581573367118835,0.6202238202095032,1.1060395538806915,0.7513900248166485,0.6210155067658824,1,1,FC_AOSFATOS,agency_claim,aosfatos,>=2023,pt-BR,False,false_pure,checker,False,False,False
40167267371554355,val_sel,1,-0.3183339536190033,0.22717243432998657,0.5455063879489899,0.6330924116448384,0.4758065215737493,0,0,FC_POLIGRAFO,agency_claim,poligrafo,>=2023,pt-BR,True,false_pure,checker,False,False,False
10924,val_sel,1,-0.39723095297813416,0.5434973239898682,0.9407282769680023,0.7192467424940713,0.5792388804123069,1,1,FakeWhatsApp.BR_2018,whatsapp,desconhecido,2018-2022,desconhecido,False,none,v1,False,False,False
11331,val_sel,1,-0.31918421387672424,0.4706403315067291,0.7898245453834534,0.6877936558328756,0.5400693514618408,1,1,FakeWhatsApp.BR_2018,whatsapp,desconhecido,2018-2022,desconhecido,False,none,v1,False,False,False
44622,val_sel,1,-0.38248080015182495,0.5409678816795349,0.9234486818313599,0.7157442769606919,0.5747944593561537,1,1,fakes,agency_claim,desconhecido,2018-2022,desconhecido,False,false_pure,v1,False,False,False
223412608643588326,val_sel,0,-0.05558796226978302,0.14968645572662354,0.20527441799640656,0.5511391570971029,0.3880780142337076,0,0,NEWS_BRASILDEFATO,press_true,brasildefato,<=2017,pt-BR,False,none,llm_local,False,False,False
708078140822102706,val_sel,0,-0.4709951877593994,0.5990023016929626,1.069997489452362,0.7445964383904419,0.612035944797303,1,1,NEWS_BRASILDEFATO,press_true,brasildefato,<=2017,pt-BR,False,none,llm_local,False,False,False
785935834808485871,val_sel,1,-0.4086785912513733,0.5390449166297913,0.9477235078811646,0.7206571266980677,0.5810344945649492,1,1,FC_EFARSAS,agency_claim,efarsas,2018-2022,pt-BR,False,false_pure,checker,False,False,False
932398302153398655,val_sel,1,-0.3084670603275299,0.311583012342453,0.6200500726699829,0.650229936735201,0.4954269550559226,0,0,EXT_LIARBR,external_claim,ext_liarbr,sem_data,pt-BR,False,false_pure,checker,False,False,False
33583,val_sel,1,-0.23463477194309235,0.49979475140571594,0.7344295233488083,0.6757765473413166,0.5255388928195929,1,0,fakes,agency_claim,desconhecido,2018-2022,desconhecido,False,none,v1,False,False,False
24515,val_sel,1,-0.25334715843200684,0.22410167753696442,0.47744883596897125,0.6171452738424481,0.4579567426150842,0,0,fakes,agency_claim,desconhecido,2018-2022,desconhecido,False,false_pure,v1,False,False,False
41482,val_sel,1,-0.4484451115131378,0.5605097413063049,1.0089548528194427,0.7328155624463683,0.5966556208570549,1,1,fakes,agency_claim,desconhecido,2018-2022,desconhecido,True,false_pure,v1,False,False,False
29855,val_sel,1,-0.43375566601753235,0.5561384558677673,0.9898941218852997,0.7290670089319652,0.5918123148603561,1,1,fakes,agency_claim,desconhecido,sem_data,desconhecido,False,none,v1,False,False,False
1018776513878598283,val_sel,1,-0.33887943625450134,0.4384194314479828,0.7772988677024841,0.6850976663144734,0.5367888532363652,1,0,FC_POLIGRAFO,agency_claim,poligrafo,>=2023,pt-BR,True,false_pure,checker,False,False,False
537070426263446045,val_sel,1,-0.5976542830467224,0.6909492611885071,1.2886035442352295,0.7839107307632021,0.6651329502378902,1,1,FC_AFP,agency_claim,afp,>=2023,pt-BR,False,hard,checker,False,False,False
1008524488538141641,val_sel,1,-0.2835388481616974,0.34438109397888184,0.6279199421405792,0.6520176659108481,0.4975002372841793,0,0,FC_POLIGRAFO,agency_claim,poligrafo,2018-2022,pt-BR,True,false_pure,checker,False,False,False
301313199669873176,val_sel,1,-0.48781853914260864,0.5735291838645935,1.0613477230072021,0.7429480126690493,0.6098693046893617,1,1,EXT_AVERITECBR,external_claim,ext_averitecbr,2018-2022,pt-BR,False,other,checker,False,False,False
91240602912024786,val_sel,0,-0.27569296956062317,0.36579594016075134,0.6414889097213745,0.6550899530886087,0.5010750831180074,1,0,EXT_LIARBR,external_claim,ext_liarbr,sem_data,pt-BR,False,true_rating,checker,False,False,False
12272,val_sel,0,-0.3199487626552582,0.4619583785533905,0.7819071412086487,0.686091000906173,0.5379961541674717,1,0,FakeWhatsApp.BR_2018,whatsapp,desconhecido,2018-2022,desconhecido,False,none,v1,False,False,False
84335258416434616,val_sel,0,-0.16217605769634247,0.4134843945503235,0.575660452246666,0.6400682663794556,0.4837377149879914,0,0,NEWS_PODER360,press_true,poder360,<=2017,pt-BR,False,none,llm_local,False,False,False
649295632132592111,val_sel,1,-0.27303823828697205,0.5091561675071716,0.7821944057941437,0.6861528658124308,0.538071398724063,1,0,FC_BOATOS,agency_claim,boatos,>=2023,pt-BR,False,false_pure,checker,False,False,False
1147482999663189462,val_sel,1,-0.31940940022468567,0.42411166429519653,0.7435210645198822,0.6777653357578377,0.5279272905509013,1,0,FC_BOATOS,agency_claim,boatos,<=2017,pt-BR,False,false_pure,checker,False,False,False
1089811298367729439,val_sel,1,-0.48695889115333557,0.5720700621604919,1.0590289533138275,0.7425049332918982,0.6092877452010386,1,1,FC_BOATOS_VIRAL,social,boatos,>=2023,pt-BR,False,false_pure,checker,False,False,False
36652,val_sel,1,-0.18440169095993042,0.06205670163035393,0.24645839259028435,0.5613045995091144,0.3984333178756706,0,0,fakes,agency_claim,desconhecido,2018-2022,desconhecido,True,none,v1,False,False,False
873207986132683709,val_sel,1,-0.4403562843799591,0.6258563995361328,1.066212683916092,0.7438760060678162,0.6110884457928178,1,1,FC_LUPA,agency_claim,lupa,>=2023,pt-BR,False,false_pure,checker_match,False,False,False
35900,val_sel,1,-0.18004968762397766,0.10317479074001312,0.2832244783639908,0.5703365698489459,0.407755507679856,0,0,fakes,agency_claim,desconhecido,2018-2022,desconhecido,True,none,v1,False,False,False
258624862895651016,val_sel,0,-0.11150427907705307,0.10886755585670471,0.22037183493375778,0.5548710761797947,0.3918629267179404,0,0,FC_APUBLICA,agency_claim,apublica,2018-2022,pt-BR,False,true_rating,checker,False,False,False
328651524061611903,val_sel,1,-0.4011971652507782,0.5001914501190186,0.9013886153697968,0.711234779898815,0.5691029460536198,1,1,FC_ESTADAO,agency_claim,estadao,sem_data,pt-BR,False,false_pure,checker,False,False,False
604811346906808780,val_sel,0,-0.37039729952812195,0.4258907437324524,0.7962880432605743,0.6891798981786758,0.5417608145849926,1,1,FC_EFARSAS,agency_claim,efarsas,<=2017,pt-BR,False,true_rating,checker,False,False,False
91415624662785612,val_sel,0,-0.40884992480278015,0.5202133059501648,0.929063230752945,0.7168851966809464,0.5762399196795399,1,1,EXT_LIARBR,external_claim,ext_liarbr,sem_data,pt-BR,False,true_rating,checker,False,False,False
413569674962449829,val_sel,1,-0.6271073222160339,0.3237033188343048,0.9508106410503387,0.721278175261111,0.5818262552290452,1,1,FC_COMPROVA,agency_claim,comprova,2018-2022,pt-BR,False,hard,checker,False,False,False
46744,val_sel,1,-0.27612319588661194,0.47542640566825867,0.7515496015548706,0.6795162558044926,0.5300353723675717,1,0,COVID19.BR_raw,covid,desconhecido,sem_data,desconhecido,False,none,v1,False,False,False
15846,val_sel,0,-0.5089670419692993,0.6376610994338989,1.1466281414031982,0.7588944943990574,0.6310291694481244,1,1,FakeWhatsApp.BR_2018,whatsapp,desconhecido,2018-2022,desconhecido,False,none,v1,False,False,False
303226399026129254,val_sel,1,-0.41307583451271057,0.6851901412010193,1.0982659757137299,0.7499350606993727,0.6190855551606997,1,1,FC_G1,agency_claim,g1,2018-2022,pt-BR,False,false_pure,checker,False,False,False
3160,val_sel,1,-0.4185505211353302,0.5422050356864929,0.9607555568218231,0.7232730546827268,0.5843739545656442,1,1,Fake.br,portal,desconhecido,sem_data,desconhecido,False,none,v1,False,False,False
6088,val_sel,1,-0.4024235010147095,0.45451080799102783,0.8569343090057373,0.7020197459446531,0.5575795634869687,1,1,Fake.br,portal,desconhecido,sem_data,desconhecido,False,none,v1,False,False,False
33478,val_sel,1,-0.43723323941230774,0.6821742057800293,1.119407445192337,0.7538787870751289,0.6243253932166907,1,1,fakes,agency_claim,desconhecido,2018-2022,desconhecido,False,none,v1,False,False,False
47980,val_sel,0,-0.3195914924144745,0.5131635069847107,0.8327549993991852,0.6969371446378743,0.5512848888578733,1,1,true,press_true,desconhecido,2018-2022,desconhecido,False,none,v1,False,False,False
839044009650451617,val_sel,1,-0.49054601788520813,0.2932721972465515,0.7838182151317596,0.6865024427155836,0.5384966979889998,1,0,FC_BOATOS_VIRAL,social,boatos,>=2023,pt-BR,False,false_pure,checker,False,False,False
838266420704952496,val_sel,0,-0.27496251463890076,0.3357434570789337,0.6107059717178345,0.6481018269491255,0.4929655030640714,0,0,FC_POLIGRAFO,agency_claim,poligrafo,>=2023,pt-BR,True,true_rating,checker,False,False,False
982216179679338727,val_sel,1,-0.3745288550853729,0.3250143229961395,0.6995431780815125,0.6680864810874143,0.5163641649386751,1,0,FC_LUPA,agency_claim,lupa,>=2023,pt-BR,False,false_pure,checker_match,False,False,False
38982,val_sel,1,-0.4501637816429138,0.649873673915863,1.1000374555587769,0.7502671235728693,0.6195256952209209,1,1,fakes,agency_claim,desconhecido,2018-2022,desconhecido,False,false_pure,v1,False,False,False
743116675473180871,val_sel,1,-0.4683249890804291,0.6566793322563171,1.1250043213367462,0.7549157863933399,0.6257077564179567,1,1,FC_BOATOS,agency_claim,boatos,>=2023,pt-BR,False,false_pure,checker,False,False,False
7655,val_sel,0,-0.510918915271759,0.4046785235404968,0.9155974388122559,0.7141442048883708,0.5727710231884847,1,1,Fake.br,portal,desconhecido,sem_data,desconhecido,False,none,v1,False,False,False
391817612776019031,val_sel,1,-0.48837971687316895,0.5634310841560364,1.0518108010292053,0.7411224710477692,0.6074754128360815,1,1,FC_G1,agency_claim,g1,2018-2022,pt-BR,False,false_pure,checker,False,False,False
242126867708191452,val_sel,1,-0.1819991171360016,0.2902582585811615,0.4722573757171631,0.615917907594984,0.45659899138039367,0,0,FC_EFARSAS,agency_claim,efarsas,<=2017,pt-BR,False,false_pure,checker,False,False,False
897481821024103839,val_sel,1,-0.40814194083213806,0.5818004608154297,0.9899424016475677,0.7290765454461231,0.5918246056624507,1,1,FC_BOATOS,agency_claim,boatos,>=2023,pt-BR,False,false_pure,checker,False,False,False
26387,val_sel,1,-0.4499225914478302,0.37744852900505066,0.8273711204528809,0.6957987803070231,0.5498809747830439,1,1,fakes,agency_claim,desconhecido,2018-2022,desconhecido,False,none,v1,False,False,False
423380078684017251,val_sel,1,-0.1924678087234497,0.13978803157806396,0.33225584030151367,0.5823081560894094,0.42029055393875275,0,0,FC_BOATOS,agency_claim,boatos,<=2017,pt-BR,False,false_pure,checker,False,False,False
690078683355231071,val_sel,1,-0.27118244767189026,0.3315276801586151,0.6027101278305054,0.6462760957235115,0.4908594792986475,0,0,EXT_LIARBR,external_claim,ext_liarbr,sem_data,pt-BR,False,false_pure,checker,False,False,False
408124401298612312,val_sel,1,-0.46396151185035706,0.6367771029472351,1.1007386147975922,0.7503984741776302,0.619699850313319,1,1,FC_BOATOS,agency_claim,boatos,2018-2022,pt-BR,False,false_pure,checker,False,False,False
40176,val_sel,1,-0.4217275083065033,0.6320833563804626,1.053810864686966,0.7415060180716992,0.6079778874139051,1,1,fakes,agency_claim,desconhecido,2018-2022,desconhecido,False,none,v1,False,False,False
48062,val_sel,0,-0.3462168872356415,0.3797578513622284,0.7259747385978699,0.6739213358978209,0.5233167230655791,1,0,true,press_true,desconhecido,2018-2022,desconhecido,False,none,v1,False,False,False
519883767957987124,val_sel,0,-0.34056931734085083,0.4508877694606781,0.7914570868015289,0.6881441097150843,0.5404966675871371,1,1,FC_POLIGRAFO,agency_claim,poligrafo,>=2023,pt-BR,True,true_rating,checker,False,False,False
858907486189542268,val_sel,1,-0.3147004246711731,0.5030565857887268,0.8177570104598999,0.69376000836089,0.5473720120679153,1,1,FC_POLIGRAFO,agency_claim,poligrafo,2018-2022,pt-BR,True,false_pure,checker,False,False,False
531090575404057937,val_sel,0,-0.1998266577720642,0.3414131999015808,0.541239857673645,0.6321007930649328,0.4746852208567747,0,0,FC_POLIGRAFO,agency_claim,poligrafo,>=2023,pt-BR,True,true_rating,checker,False,False,False
2626,val_sel,1,-0.42643192410469055,0.5324801206588745,0.9589120447635651,0.7229039254926015,0.5839020177231875,1,1,Fake.br,portal,desconhecido,sem_data,desconhecido,False,none,v1,False,False,False
154279022767930593,val_sel,1,-0.6396086812019348,0.8077834844589233,1.4473921656608582,0.809596761253416,0.7013198107272764,1,1,FC_BOATOS,agency_claim,boatos,>=2023,pt-BR,False,false_pure,checker,False,False,False
12906,val_sel,0,-0.3296480178833008,0.5910804867744446,0.9207285046577454,0.7151905202893536,0.5740936905782027,1,1,FakeWhatsApp.BR_2018,whatsapp,desconhecido,2018-2022,desconhecido,False,none,v1,False,False,False
15261,val_sel,1,-0.22073793411254883,0.47098347544670105,0.6917214095592499,0.6663497534125766,0.5143053899289605,1,0,FakeWhatsApp.BR_2018,whatsapp,desconhecido,2018-2022,desconhecido,False,none,v1,False,False,False
303854909000507384,val_sel,1,-0.5062553286552429,0.7211105227470398,1.2273658514022827,0.7733572041466541,0.6506093716686437,1,1,FC_AOSFATOS,agency_claim,aosfatos,>=2023,pt-BR,False,false_pure,checker,False,False,False
3966,val_sel,1,-0.4368121325969696,0.500443696975708,0.9372558295726776,0.71854501464844,0.578346751360112,1,1,Fake.br,portal,desconhecido,sem_data,desconhecido,False,none,v1,False,False,False
831970027873551361,val_sel,0,-0.5052309632301331,0.5604822039604187,1.0657131671905518,0.7437808243035287,0.6109633324650784,1,1,NEWS_BRASILDEFATO,press_true,brasildefato,<=2017,pt-BR,False,none,llm_local,False,False,False
369940384075422741,val_sel,0,-0.2997724711894989,0.30691367387771606,0.606686145067215,0.6471844968804156,0.4919066858170407,0,0,FC_POLIGRAFO,agency_claim,poligrafo,2018-2022,pt-BR,True,true_rating,checker,False,False,False
26070,val_sel,1,-0.2875325679779053,0.4371061623096466,0.7246387302875519,0.6736276780519803,0.522965493464665,1,0,fakes,agency_claim,desconhecido,2018-2022,desconhecido,False,none,v1,False,False,False
100536705643705780,val_sel,0,-0.5153369307518005,0.5128870606422424,1.028223991394043,0.7365714346740885,0.6015328012078361,1,1,EXT_LIARBR,external_claim,ext_liarbr,sem_data,pt-BR,False,true_rating,checker,False,False,False
13470,val_sel,0,-0.47111091017723083,0.6392660140991211,1.110376924276352,0.7521993750976115,0.6220906905689988,1,1,FakeWhatsApp.BR_2018,whatsapp,desconhecido,2018-2022,desconhecido,False,none,v1,False,False,False
371,val_sel,1,-0.4192447066307068,0.5477007627487183,0.966945469379425,0.7245102465769189,0.5859574282617038,1,1,COVID19.BR,covid,desconhecido,sem_data,desconhecido,False,none,v1,False,False,False
46339,val_sel,0,-0.29760757088661194,0.43145933747291565,0.7290669083595276,0.6746004786556395,0.5241295493009488,1,0,COVID19.BR_raw,covid,desconhecido,sem_data,desconhecido,False,none,v1,False,False,False
900773602710137916,val_sel,1,-0.36371156573295593,0.4917357861995697,0.8554473519325256,0.7017085989257571,0.5571929715495308,1,1,FC_ESTADAO,agency_claim,estadao,sem_data,pt-BR,False,hard,checker,False,False,False
733986262042923600,val_sel,1,-0.32548925280570984,0.4069691598415375,0.7324584126472473,0.6753445223050525,0.5250209132685332,1,0,FC_POLIGRAFO,agency_claim,poligrafo,>=2023,pt-BR,True,other,checker,False,False,False
527771066369733012,val_sel,0,-0.08499737083911896,0.02187258191406727,0.10686995275318623,0.5266920884121722,0.3637555820774641,0,0,FC_POLIGRAFO,agency_claim,poligrafo,>=2023,pt-BR,True,true_rating,checker,False,False,False
878324322665879221,val_sel,0,-0.25804761052131653,0.2905822694301605,0.548629879951477,0.6338176543061457,0.4766275720031364,0,0,FC_POLIGRAFO,agency_claim,poligrafo,>=2023,pt-BR,True,true_rating,checker,False,False,False
1072003524852196106,val_sel,0,-0.23863224685192108,0.23471324145793915,0.47334548830986023,0.616175282327843,0.45688351873541116,0,0,NEWS_ECO,press_true,eco,<=2017,pt-PT,True,none,llm_local,False,False,False
549526519889031635,val_sel,1,-0.4349334239959717,0.5776113271713257,1.0125447511672974,0.7335178657357994,0.5975657349458989,1,1,FC_BEREIA,agency_claim,bereia,>=2023,pt-BR,False,false_pure,checker,False,False,False
764875796647580371,val_sel,1,-0.290841281414032,0.6114489436149597,0.9022902250289917,0.7114199170992273,0.5693359308615509,1,1,FC_BOATOS_VIRAL,social,boatos,>=2023,pt-BR,False,false_pure,checker,False,False,False
36943,val_sel,1,-0.42500799894332886,0.5370400547981262,0.9620480537414551,0.7235316721658218,0.5847047400042511,1,1,fakes,agency_claim,desconhecido,2018-2022,desconhecido,True,none,v1,False,False,False
965033194634271675,val_sel,0,-0.45390114188194275,0.43428730964660645,0.8881884515285492,0.7085161911367773,0.5656884423789016,1,1,FC_TATU,agency_claim,tatu,>=2023,pt-BR,False,true_rating,checker,False,False,False
39936,val_sel,1,-0.49811485409736633,0.7220848202705383,1.2201996743679047,0.7720986864976911,0.6488907332508445,1,1,fakes,agency_claim,desconhecido,2018-2022,desconhecido,False,none,v1,False,False,False
875145005651300209,val_sel,1,-0.26935625076293945,0.33648672699928284,0.6058429777622223,0.6469919469360494,0.4916846055110474,0,0,EXT_LIARBR,external_claim,ext_liarbr,sem_data,pt-BR,False,false_pure,checker,False,False,False
31897,val_sel,1,-0.3569168746471405,0.5764610767364502,0.9333779513835907,0.7177600957943052,0.577349855900781,1,1,fakes,agency_claim,desconhecido,2018-2022,desconhecido,False,false_pure,v1,False,False,False
11541,val_sel,0,-0.4586585760116577,0.4886556565761566,0.9473142325878143,0.7205747278715299,0.5809294958169903,1,1,FakeWhatsApp.BR_2018,whatsapp,desconhecido,2018-2022,desconhecido,False,none,v1,False,False,False
331670440093570399,val_sel,1,-0.40190452337265015,0.48806166648864746,0.8899661898612976,0.7088831952910923,0.5661486631284041,1,1,FC_BOATOS,agency_claim,boatos,>=2023,pt-BR,False,false_pure,checker,False,False,False
1067681576146142297,val_sel,1,-0.3938470780849457,0.32516124844551086,0.7190083265304565,0.6723886064414714,0.5214850442521911,1,0,FC_G1,agency_claim,g1,>=2023,pt-BR,False,false_pure,checker,False,False,False
855919523548525034,val_sel,1,-0.5845560431480408,0.8159305453300476,1.4004865884780884,0.8022610914479755,0.6908635976331449,1,1,FC_BOATOS,agency_claim,boatos,2018-2022,pt-BR,False,false_pure,checker,False,False,False
348515714506600386,val_sel,1,-0.173963725566864,0.14439743757247925,0.31836116313934326,0.5789248032086031,0.416727131134238,0,0,FC_POLIGRAFO,agency_claim,poligrafo,>=2023,pt-BR,True,other,checker,False,False,False
5801,val_sel,0,-0.2380729764699936,0.2070661187171936,0.4451390951871872,0.6094828906643136,0.4495175295191493,0,0,Fake.br,portal,desconhecido,sem_data,desconhecido,False,none,v1,False,False,False
31310,val_sel,1,-0.14850927889347076,0.4980272352695465,0.6465365141630173,0.6562295501732202,0.5024049036760136,1,0,fakes,agency_claim,desconhecido,sem_data,desconhecido,False,none,v1,False,False,False
19039680634229111,val_sel,0,-0.49922558665275574,0.5885576009750366,1.0877831876277924,0.7479640515783179,0.6164770274960318,1,1,EXT_LIARBR,external_claim,ext_liarbr,sem_data,pt-BR,False,true_rating,checker,False,False,False
1141190601905653824,val_sel,1,-0.18292824923992157,0.3195720613002777,0.5025003105401993,0.6230467332999353,0.46451701686142693,0,0,FC_POLIGRAFO,agency_claim,poligrafo,>=2023,pt-BR,True,other,checker,False,False,False
7639,val_sel,0,-0.3784215748310089,0.4599021077156067,0.8383236825466156,0.6981120467584935,0.5527361333791989,1,1,Fake.br,portal,desconhecido,sem_data,desconhecido,False,none,v1,False,False,False
700612070852487882,val_sel,1,-0.4214899241924286,0.5217421650886536,0.9432320892810822,0.7197520618221203,0.5798818305133872,1,1,FC_ESTADAO,agency_claim,estadao,sem_data,pt-BR,False,false_pure,checker,False,False,False
1003871457307442379,val_sel,1,-0.402184396982193,0.5501911640167236,0.9523755609989166,0.7215926714908558,0.5822274513624544,1,1,FC_OBSERVADOR,agency_claim,observador,>=2023,pt-PT,True,false_pure,checker,False,False,False
960325813275115290,val_sel,1,-0.3989754617214203,0.43450918793678284,0.8334846496582031,0.6970912361235925,0.5514750919674344,1,1,FC_POLIGRAFO,agency_claim,poligrafo,2018-2022,pt-BR,True,other,checker,False,False,False
26766,val_sel,1,-0.21920889616012573,0.2772156000137329,0.49642449617385864,0.6216187073549289,0.4629247168694895,0,0,fakes,agency_claim,desconhecido,2018-2022,desconhecido,False,none,v1,False,False,False
33965,val_sel,1,-0.34875407814979553,0.5423623323440552,0.8911164104938507,0.7091205067618475,0.566446371427229,1,1,fakes,agency_claim,desconhecido,2018-2022,desconhecido,False,none,v1,False,False,False
7489,val_sel,0,-0.3984340727329254,0.43089503049850464,0.82932910323143,0.6962130535454158,0.5503916365170346,1,1,Fake.br,portal,desconhecido,sem_data,desconhecido,False,none,v1,False,False,False
977762667385525857,val_sel,1,-0.3977533280849457,0.40286317467689514,0.8006165027618408,0.6901063415986544,0.5428930140184843,1,1,EXT_LIARBR,external_claim,ext_liarbr,sem_data,pt-BR,False,false_pure,checker,False,False,False
25642,val_sel,1,-0.4886752665042877,0.6124631762504578,1.1011384427547455,0.7504733546977939,0.6197991464544536,1,1,fakes,agency_claim,desconhecido,2018-2022,desconhecido,False,none,v1,False,False,False
1038740053977648102,val_sel,1,-0.44426429271698,0.5953249335289001,1.0395892262458801,0.7387707392352677,0.6044000841072182,1,1,FC_G1,agency_claim,g1,>=2023,pt-BR,False,false_pure,checker,False,False,False
813843225093774803,val_sel,1,-0.30167335271835327,0.404056191444397,0.7057295441627502,0.669456859453043,0.5179920942802598,1,0,FC_BOATOS,agency_claim,boatos,>=2023,pt-BR,False,false_pure,checker,False,False,False
41325,val_sel,1,-0.44849255681037903,0.6226815581321716,1.0711741149425507,0.74482013589275,0.6123303324041202,1,1,fakes,agency_claim,desconhecido,2018-2022,desconhecido,True,false_pure,v1,False,False,False
593976252035330631,val_sel,1,-0.5110452771186829,0.731350839138031,1.2423961162567139,0.7759808175773067,0.6542012992496594,1,1,FC_ESTADAO,agency_claim,estadao,sem_data,pt-BR,False,false_pure,checker,False,False,False
26218,val_sel,1,-0.2989861071109772,0.4495411813259125,0.7485272884368896,0.6788577180565205,0.5292419144508153,1,0,fakes,agency_claim,desconhecido,2018-2022,desconhecido,False,none,v1,False,False,False
4919,val_sel,0,-0.3834875822067261,0.44855260848999023,0.8320401906967163,0.6967861445235519,0.5510985400546524,1,1,Fake.br,portal,desconhecido,sem_data,desconhecido,False,none,v1,False,False,False
42154,val_sel,1,-0.44238439202308655,0.6035196185112,1.0459040105342865,0.7399875814172793,0.6059901284506644,1,1,fakes,agency_claim,desconhecido,2018-2022,desconhecido,False,hard,v1,False,False,False
4436,val_sel,1,-0.4873584508895874,0.6843136548995972,1.1716721057891846,0.7634471237085091,0.6371525802300483,1,1,Fake.br,portal,desconhecido,sem_data,desconhecido,False,none,v1,False,False,False
713005289633393122,val_sel,0,-0.3918019235134125,0.497420996427536,0.8892229199409485,0.7087297844938766,0.5659562593041966,1,1,NEWS_PODER360,press_true,poder360,<=2017,pt-BR,False,none,llm_local,False,False,False
47233,val_sel,0,-0.41160985827445984,0.42235228419303894,0.8339621424674988,0.6971920516494271,0.5515995552585761,1,1,true,press_true,desconhecido,2018-2022,desconhecido,False,none,v1,False,False,False
1073319078927439332,val_sel,1,-0.48849067091941833,0.6690047383308411,1.1574954092502594,0.7608773198170401,0.6336916051441874,1,1,FC_BOATOS,agency_claim,boatos,2018-2022,pt-BR,False,false_pure,checker,False,False,False
729406130825535003,val_sel,0,-0.2572874426841736,0.3219243884086609,0.5792118310928345,0.6408860285225346,0.48467242417939177,0,0,FC_POLIGRAFO,agency_claim,poligrafo,>=2023,pt-BR,True,true_rating,checker,False,False,False
566382046644855244,val_sel,0,-0.4814288914203644,0.6060728430747986,1.087501734495163,0.7479109900677404,0.616406897695507,1,1,FC_BEREIA,agency_claim,bereia,>=2023,pt-BR,False,true_rating,checker,False,False,False
6524,val_sel,1,-0.4110041558742523,0.4900795519351959,0.9010837078094482,0.7111721539913245,0.5690241480114986,1,1,Fake.br,portal,desconhecido,sem_data,desconhecido,False,none,v1,False,False,False
31724,val_sel,1,-0.42270627617836,0.6455509066581726,1.0682571828365326,0.744265338930801,0.6116003762120757,1,1,fakes,agency_claim,desconhecido,sem_data,desconhecido,False,none,v1,False,False,False
1074726746749055172,val_sel,1,-0.5487958192825317,0.6568727493286133,1.205668568611145,0.7695316550345693,0.6453939509956079,1,1,FC_AOSFATOS,agency_claim,aosfatos,>=2023,pt-BR,False,false_pure,checker,False,False,False
3793,val_sel,0,-0.5048612356185913,0.51936274766922,1.0242239832878113,0.7357945631679349,0.600521987155411,1,1,Fake.br,portal,desconhecido,sem_data,desconhecido,False,none,v1,False,False,False
32314,val_sel,1,-0.4680452048778534,0.5780277252197266,1.04607293009758,0.7400200812305726,0.6060326312605712,1,1,fakes,agency_claim,desconhecido,2018-2022,desconhecido,False,none,v1,False,False,False
42874,val_sel,1,-0.3960741460323334,0.5796797275543213,0.9757538735866547,0.7262648800610351,0.5882076847737088,1,1,fakes,agency_claim,desconhecido,2018-2022,desconhecido,False,none,v1,False,False,False
876158444543070181,val_sel,1,-0.5543021559715271,0.8003910183906555,1.3546931743621826,0.7948958456770957,0.6804631408430933,1,1,FC_G1,agency_claim,g1,2018-2022,pt-BR,False,false_pure,checker,False,False,False
276476100578464411,val_sel,1,-0.09384385496377945,0.08112627267837524,0.1749701276421547,0.5436312760249342,0.3805217674103828,0,0,FC_POLIGRAFO,agency_claim,poligrafo,2018-2022,pt-BR,True,hard,checker,False,False,False
42880561622572198,val_sel,1,-0.38754114508628845,0.5614835619926453,0.9490247070789337,0.7209189964465617,0.5813682657822966,1,1,FC_BOATOS_VIRAL,social,boatos,>=2023,pt-BR,False,false_pure,checker,False,False,False
33699,val_sel,1,-0.37070992588996887,0.5181708335876465,0.8888807594776154,0.7086591466229707,0.5658676805128529,1,1,fakes,agency_claim,desconhecido,2018-2022,desconhecido,False,none,v1,False,False,False
27994,val_sel,1,-0.47088533639907837,0.6704831719398499,1.1413685083389282,0.7579308101705475,0.629737698719799,1,1,fakes,agency_claim,desconhecido,2018-2022,desconhecido,False,none,v1,False,False,False
827250532446862121,val_sel,1,-0.3504759967327118,0.4471406042575836,0.7976166009902954,0.6894644182614047,0.5421083731672077,1,1,FC_POLIGRAFO,agency_claim,poligrafo,>=2023,pt-BR,True,false_pure,checker,False,False,False
244339739867896148,val_sel,1,-0.38294363021850586,0.593664824962616,0.9766084551811218,0.7264347416196452,0.5884258076291696,1,1,FC_COMPROVA,agency_claim,comprova,>=2023,pt-BR,False,other,checker,False,False,False
939147139673198262,val_sel,0,-0.2855274975299835,0.4899689853191376,0.7754964828491211,0.684708692208715,0.536316536349764,1,0,FC_POLIGRAFO,agency_claim,poligrafo,2018-2022,pt-BR,True,true_rating,checker,False,False,False
26380,val_sel,1,-0.47720322012901306,0.5447672009468079,1.021970421075821,0.7353562358598175,0.5999521272945433,1,1,fakes,agency_claim,desconhecido,2018-2022,desconhecido,False,none,v1,False,False,False
42855,val_sel,1,-0.5095956325531006,0.6724480986595154,1.182043731212616,0.7653150730771426,0.6396756698321812,1,1,fakes,agency_claim,desconhecido,2018-2022,desconhecido,False,none,v1,False,False,False
629075841408687598,val_sel,1,-0.4551478624343872,0.5659075975418091,1.0210554599761963,0.7351781392812553,0.599720683120922,1,1,FC_BOATOS,agency_claim,boatos,<=2017,pt-BR,False,false_pure,checker,False,False,False
972684711911513593,val_sel,1,-0.5124664902687073,0.6684175133705139,1.1808840036392212,0.765106712741492,0.6393939245009426,1,1,FC_ESTADAO,agency_claim,estadao,sem_data,pt-BR,False,hard,checker,False,False,False
11174,val_sel,1,-0.31924477219581604,0.4599204659461975,0.7791652381420135,0.685500175766015,0.5372778680437759,1,0,FakeWhatsApp.BR_2018,whatsapp,desconhecido,2018-2022,desconhecido,False,none,v1,False,False,False
48727,val_sel,0,-0.40289270877838135,0.3578403890132904,0.7607330977916718,0.6815128760889918,0.5324453982247397,1,0,true,press_true,desconhecido,2018-2022,desconhecido,True,none,v1,False,False,False
484,val_sel,0,-0.33514973521232605,0.46165260672569275,0.7968023419380188,0.68929005587503,0.5418953630094047,1,1,COVID19.BR,covid,desconhecido,sem_data,desconhecido,False,none,v1,False,False,False
16608,val_sel,0,-0.2793665826320648,0.48114365339279175,0.7605102360248566,0.681464501300353,0.5323869300514052,1,0,FakeWhatsApp.BR_2018,whatsapp,desconhecido,2018-2022,desconhecido,False,none,v1,False,False,False
35156,val_sel,1,-0.4641740322113037,0.5264170169830322,0.9905910491943359,0.729204649823336,0.5919897237226001,1,1,fakes,agency_claim,desconhecido,2018-2022,desconhecido,False,none,v1,False,False,False
499956911634903947,val_sel,1,-0.4778234660625458,0.4837135374546051,0.9615370035171509,0.72342943327687,0.5845739573312204,1,1,FC_G1,agency_claim,g1,>=2023,pt-BR,False,false_pure,checker,False,False,False
14777,val_sel,0,-0.3466093838214874,0.5938475728034973,0.9404569566249847,0.7191919512832885,0.5791691922941302,1,1,FakeWhatsApp.BR_2018,whatsapp,desconhecido,2018-2022,desconhecido,False,none,v1,False,False,False
2742,val_sel,1,-0.44085991382598877,0.45185884833335876,0.8927187621593475,0.7094509108344644,0.5668610235248616,1,1,Fake.br,portal,desconhecido,sem_data,desconhecido,False,none,v1,False,False,False
26184,val_sel,1,-0.3693602681159973,0.4847736358642578,0.8541339039802551,0.7014336035364218,0.5568514323540776,1,1,fakes,agency_claim,desconhecido,2018-2022,desconhecido,False,none,v1,False,False,False
4215,val_sel,0,-0.4449623227119446,0.4535001814365387,0.8984625041484833,0.7106334443087873,0.5683465998476774,1,1,Fake.br,portal,desconhecido,sem_data,desconhecido,False,none,v1,False,False,False
565719779872255213,val_sel,0,-0.37390339374542236,0.559291660785675,0.9331950545310974,0.7177230429754157,0.5773028225387753,1,1,EXT_LIARBR,external_claim,ext_liarbr,sem_data,pt-BR,False,true_rating,checker,False,False,False
940260286193094049,val_sel,1,-0.4272618889808655,0.6675602197647095,1.094822108745575,0.7492886680971015,0.6182293359286866,1,1,FC_BOATOS,agency_claim,boatos,2018-2022,pt-BR,False,false_pure,checker,False,False,False
36901,val_sel,1,-0.36609748005867004,0.43704333901405334,0.8031408190727234,0.6906459315922859,0.5435530981806168,1,1,fakes,agency_claim,desconhecido,2018-2022,desconhecido,True,none,v1,False,False,False
928722311002331233,val_sel,1,-0.48568248748779297,0.5673590898513794,1.0530415773391724,0.7413585376471584,0.6077846469065074,1,1,FC_BOATOS,agency_claim,boatos,2018-2022,pt-BR,False,false_pure,checker,False,False,False
11795,val_sel,1,-0.45034897327423096,0.6006527543067932,1.0510017275810242,0.7409672119728846,0.6072720851456096,1,1,FakeWhatsApp.BR_2018,whatsapp,desconhecido,2018-2022,desconhecido,False,none,v1,False,False,False
10763,val_sel,0,-0.563232958316803,0.6145049929618835,1.1777379512786865,0.7645408376523585,0.6386291364668956,1,1,LLM4BR_300,llm,desconhecido,sem_data,desconhecido,False,none,v1,False,False,False
13444,val_sel,0,-0.3162061870098114,0.478078156709671,0.7942843437194824,0.688750521148292,0.5412365581321164,1,1,FakeWhatsApp.BR_2018,whatsapp,desconhecido,2018-2022,desconhecido,False,none,v1,False,False,False
48715,val_sel,0,-0.31470468640327454,0.45625168085098267,0.7709563672542572,0.683727738858909,0.5351265072487166,1,0,true,press_true,desconhecido,2018-2022,desconhecido,True,none,v1,False,False,False
1065811985676678465,val_sel,0,-0.50337153673172,0.6493461728096008,1.1527177095413208,0.7600069675383737,0.6325220830630149,1,1,EXT_LIARBR,external_claim,ext_liarbr,sem_data,pt-BR,False,true_rating,checker,False,False,False
1082068239862068646,val_sel,1,-0.12664049863815308,0.2136150747537613,0.34025557339191437,0.5842526034317849,0.4223459622192278,0,0,FC_POLIGRAFO,agency_claim,poligrafo,>=2023,pt-BR,True,false_pure,checker,False,False,False
24557,val_sel,1,-0.28834739327430725,0.375384122133255,0.6637315154075623,0.6600981228036052,0.5069346574973275,1,0,fakes,agency_claim,desconhecido,sem_data,desconhecido,False,none,v1,False,False,False
213762894614906646,val_sel,1,-0.42263904213905334,0.6047833561897278,1.0274223983287811,0.7364158689080641,0.6013303052759117,1,1,FC_COMPROVA,agency_claim,comprova,>=2023,pt-BR,False,false_pure,checker,False,False,False
42484,val_sel,1,-0.4352257251739502,0.4047245383262634,0.8399502635002136,0.6984547408174294,0.553159865341719,1,1,fakes,agency_claim,desconhecido,2018-2022,desconhecido,False,false_pure,v1,False,False,False
929588819067180134,val_sel,1,-0.3944867253303528,0.4864406883716583,0.8809274137020111,0.7070143671288662,0.5638075373932862,1,1,FC_UOL,agency_claim,uol,sem_data,pt-BR,False,false_pure,checker,False,False,False
42089,val_sel,1,-0.4558374583721161,0.25441592931747437,0.7102533876895905,0.6704571468079328,0.5191822945125445,1,0,fakes,agency_claim,desconhecido,2018-2022,desconhecido,True,false_pure,v1,False,False,False
379721202088446106,val_sel,1,-0.524202287197113,0.6228784918785095,1.1470807790756226,0.7589773054562698,0.6311402244822043,1,1,FC_EFARSAS,agency_claim,efarsas,<=2017,pt-BR,False,false_pure,checker,False,False,False
36698,val_sel,1,-0.29334548115730286,0.3343407213687897,0.6276862025260925,0.6519646306984015,0.4974386580274582,0,0,fakes,agency_claim,desconhecido,2018-2022,desconhecido,True,none,v1,False,False,False
653377682535306147,val_sel,1,-0.2990267872810364,0.5559226870536804,0.8549494743347168,0.7016043758883581,0.5570635135240638,1,1,FC_LUPA,agency_claim,lupa,>=2023,pt-BR,False,false_pure,checker_match,False,False,False
24783,val_sel,1,-0.40798303484916687,0.5261990427970886,0.9341820776462555,0.7179229675986645,0.5775566266364696,1,1,fakes,agency_claim,desconhecido,2018-2022,desconhecido,False,none,v1,False,False,False
440444901184755356,val_sel,1,-0.40751346945762634,0.478288859128952,0.8858023285865784,0.7080231615747702,0.5650705451355118,1,1,FC_BOATOS,agency_claim,boatos,<=2017,pt-BR,False,false_pure,checker,False,False,False
979547042831409986,val_sel,1,-0.5085294842720032,0.5928008556365967,1.1013303399085999,0.7505092882261748,0.6198468000097251,1,1,FC_BOATOS,agency_claim,boatos,>=2023,pt-BR,False,false_pure,checker,False,False,False
42923,val_sel,1,-0.30422958731651306,0.27048590779304504,0.5747154951095581,0.639850537519869,0.4834890248151712,0,0,fakes,agency_claim,desconhecido,2018-2022,desconhecido,False,none,v1,False,False,False
46089,val_sel,0,-0.23260584473609924,0.39427778124809265,0.6268836259841919,0.6517824984591735,0.497227217933839,0,0,COVID19.BR_raw,covid,desconhecido,sem_data,desconhecido,False,none,v1,False,False,False
36947,val_sel,1,-0.17963922023773193,0.17318591475486755,0.3528251349925995,0.5873024987338411,0.4255809312382444,0,0,fakes,agency_claim,desconhecido,2018-2022,desconhecido,True,none,v1,False,False,False
722223697996455653,val_sel,1,-0.42168787121772766,0.6673418283462524,1.08902969956398,0.7481989636770255,0.6167875631353158,1,1,FC_COMPROVA,agency_claim,comprova,>=2023,pt-BR,False,false_pure,checker,False,False,False
5088,val_sel,1,-0.4772900342941284,0.5962597131729126,1.073549747467041,0.7452713933125861,0.6129244572987119,1,1,Fake.br,portal,desconhecido,sem_data,desconhecido,False,none,v1,False,False,False
47286,val_sel,0,-0.3989024758338928,0.3654896318912506,0.7643921077251434,0.6823065474412746,0.5334052172822282,1,0,true,press_true,desconhecido,<=2017,desconhecido,False,none,v1,False,False,False
311425917661066828,val_sel,1,-0.3697185814380646,0.561183750629425,0.9309023320674896,0.7172583132444986,0.5767131123081903,1,1,FC_BOATOS,agency_claim,boatos.org,>=2023,pt-BR,False,false_pure,checker_match,False,False,False
803465811003293303,val_sel,1,-0.4865128993988037,0.52431720495224,1.0108301043510437,0.7331825705702115,0.5971311196524999,1,1,FC_BOATOS,agency_claim,boatos.org,2018-2022,pt-BR,False,false_pure,checker_match,False,False,False
16652,val_sel,1,-0.34830865263938904,0.532749354839325,0.881058007478714,0.7070414182521466,0.5638413828934928,1,1,FakeWhatsApp.BR_2018,whatsapp,desconhecido,2018-2022,desconhecido,False,none,v1,False,False,False
226838722685486910,val_sel,1,-0.06480708718299866,0.040672317147254944,0.1054794043302536,0.5263454292161481,0.3634164989139085,0,0,FC_POLIGRAFO,agency_claim,poligrafo,>=2023,pt-BR,True,false_pure,checker,False,False,False
37890,val_sel,1,-0.4573306441307068,0.6112558841705322,1.068586528301239,0.7443280196736877,0.611682819374289,1,1,fakes,agency_claim,desconhecido,2018-2022,desconhecido,True,none,v1,False,False,False
33126,val_sel,1,-0.300302118062973,0.3296496272087097,0.6299517452716827,0.6524785204990932,0.4980355236388283,0,0,fakes,agency_claim,desconhecido,2018-2022,desconhecido,False,false_pure,v1,False,False,False
24439,val_sel,1,-0.2644503712654114,0.31347450613975525,0.5779248774051666,0.6405897810080908,0.4843336902085096,0,0,fakes,agency_claim,desconhecido,2018-2022,desconhecido,False,none,v1,False,False,False
680462891620443377,val_sel,0,-0.2651648223400116,0.42285439372062683,0.6880192160606384,0.6655261467417999,0.5133307585315685,1,0,EXT_LIARBR,external_claim,ext_liarbr,sem_data,pt-BR,False,true_rating,checker,False,False,False
85824648250945282,val_sel,0,-0.2838619649410248,0.3747956454753876,0.6586576104164124,0.6589587748156293,0.5055981016933789,1,0,EXT_LIARBR,external_claim,ext_liarbr,sem_data,pt-BR,False,true_rating,checker,False,False,False
845,val_sel,0,-0.39786818623542786,0.3914587199687958,0.7893269062042236,0.6876867860237189,0.5399390831456284,1,0,COVID19.BR,covid,desconhecido,sem_data,desconhecido,False,none,v1,False,False,False
634070343731414597,val_sel,1,-0.2816511392593384,0.2700559198856354,0.5517070591449738,0.6345315510178284,0.4774365720773605,0,0,FC_POLIGRAFO,agency_claim,poligrafo,>=2023,pt-BR,True,other,checker,False,False,False
1963,val_sel,0,-0.49037349224090576,0.4639882445335388,0.9543617367744446,0.7219915119562521,0.5827364874767358,1,1,Fake.br,portal,desconhecido,sem_data,desconhecido,False,none,v1,False,False,False
862634421902378836,val_sel,1,-0.40492984652519226,0.46586936712265015,0.8707992136478424,0.7049119705169383,0.5611808626933399,1,1,FC_BOATOS_VIRAL,social,boatos,<=2017,pt-BR,False,false_pure,checker,False,False,False
505555460919983205,val_sel,1,-0.42232412099838257,0.6161580085754395,1.038482129573822,0.738557025799766,0.6041210917283308,1,1,FC_BOATOS,agency_claim,boatos,2018-2022,pt-BR,False,false_pure,checker,False,False,False
17027,val_sel,0,-0.3978508412837982,0.6138500571250916,1.0117008984088898,0.7333528858377659,0.5973518608425434,1,1,FakeWhatsApp.BR_2018,whatsapp,desconhecido,2018-2022,desconhecido,False,none,v1,False,False,False
914912836380033918,val_sel,0,-0.41670748591423035,0.3589836061000824,0.7756910920143127,0.6847507034502822,0.5363675370436403,1,0,NEWS_PODER360,press_true,poder360,<=2017,pt-BR,False,none,llm_local,False,False,False
36481,val_sel,1,-0.1588951051235199,0.10820198059082031,0.2670970857143402,0.5663801054126614,0.4036577385086998,0,0,fakes,agency_claim,desconhecido,2018-2022,desconhecido,True,none,v1,False,False,False
202998082282428088,val_sel,0,-0.3188517391681671,0.45859822630882263,0.7774499654769897,0.6851302630634531,0.5368284455835236,1,0,FC_POLIGRAFO,agency_claim,poligrafo,>=2023,pt-BR,True,true_rating,checker,False,False,False
3864,val_sel,1,-0.5303165316581726,0.6867678165435791,1.2170843482017517,0.7715500418960518,0.648142387023624,1,1,Fake.br,portal,desconhecido,sem_data,desconhecido,False,none,v1,False,False,False
3152,val_sel,1,-0.5065193772315979,0.7033039927482605,1.2098233699798584,0.7702676949075612,0.6463953737437189,1,1,Fake.br,portal,desconhecido,sem_data,desconhecido,False,none,v1,False,False,False
42060,val_sel,1,-0.29457682371139526,0.301300048828125,0.5958768725395203,0.6447124341272389,0.4890599237180989,0,0,fakes,agency_claim,desconhecido,2018-2022,desconhecido,True,false_pure,v1,False,False,False
42395,val_sel,1,-0.4311491549015045,0.4686940908432007,0.8998432457447052,0.7109172885121982,0.5687035362251104,1,1,fakes,agency_claim,desconhecido,2018-2022,desconhecido,False,false_pure,v1,False,False,False
42659,val_sel,1,-0.4669055938720703,0.592096745967865,1.0590023398399353,0.7424998449928625,0.6092810685971624,1,1,fakes,agency_claim,desconhecido,2018-2022,desconhecido,False,false_pure,v1,False,False,False
408820819812680097,val_sel,0,-0.3429492115974426,0.4094964563846588,0.7524456679821014,0.6797113642995539,0.5302705906729577,1,0,EXT_LIARBR,external_claim,ext_liarbr,sem_data,pt-BR,False,true_rating,checker,False,False,False
28021,val_sel,1,-0.4297097623348236,0.3746953308582306,0.8044050931930542,0.6909159838516679,0.5438836362286991,1,1,fakes,agency_claim,desconhecido,2018-2022,desconhecido,False,none,v1,False,False,False
35807,val_sel,1,-0.3832869827747345,0.45930537581443787,0.8425923585891724,0.6990109156197515,0.5538479786506862,1,1,fakes,agency_claim,desconhecido,2018-2022,desconhecido,True,none,v1,False,False,False
342748272686440845,val_sel,0,-0.25947701930999756,0.28376615047454834,0.5432431697845459,0.6325665386449513,0.47521168673836134,0,0,EXT_LIARBR,external_claim,ext_liarbr,sem_data,pt-BR,False,true_rating,checker,False,False,False
1148889526103290603,val_sel,0,-0.3925890624523163,0.5360836386680603,0.9286727011203766,0.7168059277567428,0.5761394201028027,1,1,EXT_LIARBR,external_claim,ext_liarbr,sem_data,pt-BR,False,true_rating,checker,False,False,False
809259606892251643,val_sel,1,-0.3657855689525604,0.5558468103408813,0.9216323792934418,0.7153745974451511,0.5743265788401798,1,1,FC_BOATOS_VIRAL,social,boatos,<=2017,pt-BR,False,false_pure,checker,False,False,False
15706,val_sel,0,-0.3624098002910614,0.6200949549674988,0.9825047552585602,0.727604931717064,0.589929824486051,1,1,FakeWhatsApp.BR_2018,whatsapp,desconhecido,2018-2022,desconhecido,False,none,v1,False,False,False
185871397089920228,val_sel,1,-0.3714660108089447,0.40089744329452515,0.7723634541034698,0.6840319344224336,0.5354953682041893,1,0,EXT_AVERITECBR,external_claim,ext_averitecbr,2018-2022,pt-BR,False,other,checker,False,False,False
1071590097387857084,val_sel,0,-0.23517382144927979,0.39704540371894836,0.6322192251682281,0.6529924943251189,0.49863290520535,0,0,EXT_LIARBR,external_claim,ext_liarbr,sem_data,pt-BR,False,true_rating,checker,False,False,False
495655779737033554,val_sel,1,-0.5068545937538147,0.5990472435951233,1.105901837348938,0.7513642980571004,0.6209813488924956,1,1,EXT_LIARBR,external_claim,ext_liarbr,sem_data,pt-BR,False,false_pure,checker,False,False,False
3997,val_sel,0,-0.5035095810890198,0.6725968718528748,1.1761064529418945,0.7642470115983057,0.6382322510401549,1,1,Fake.br,portal,desconhecido,sem_data,desconhecido,False,none,v1,False,False,False
30524,val_sel,1,-0.3346036374568939,0.584118664264679,0.9187223017215729,0.7147816943549573,0.5735766640576906,1,1,fakes,agency_claim,desconhecido,sem_data,desconhecido,False,none,v1,False,False,False
41142,val_sel,1,-0.3068911135196686,0.42177924513816833,0.7286703586578369,0.6745134241512841,0.5240253169294389,1,0,fakes,agency_claim,desconhecido,2018-2022,desconhecido,True,false_pure,v1,False,False,False
434750844963783418,val_sel,1,-0.5185332894325256,0.6387245059013367,1.1572577953338623,0.7608340849427015,0.6336334772659916,1,1,EXT_LIARBR,external_claim,ext_liarbr,sem_data,pt-BR,False,false_pure,checker,False,False,False
31165,val_sel,1,-0.49635955691337585,0.6999369263648987,1.1962964832782745,0.7678652933634552,0.643130343821784,1,1,fakes,agency_claim,desconhecido,sem_data,desconhecido,False,none,v1,False,False,False
765976208607312268,val_sel,1,-0.49677541851997375,0.6188762784004211,1.115651696920395,0.7531812603781162,0.6233966284293485,1,1,FC_BOATOS,agency_claim,boatos.org,>=2023,pt-BR,False,false_pure,checker_match,False,False,False
324410565914811395,val_sel,1,-0.4838399291038513,0.5910829305648804,1.0749228596687317,0.7455319797991664,0.6132677075851032,1,1,FC_BOATOS,agency_claim,boatos,<=2017,pt-BR,False,false_pure,checker,False,False,False
2375,val_sel,0,-0.42082923650741577,0.47447288036346436,0.8953021168708801,0.7099831302848827,0.5675293394754707,1,1,Fake.br,portal,desconhecido,sem_data,desconhecido,False,none,v1,False,False,False
13015,val_sel,1,-0.34157028794288635,0.552266538143158,0.8938368260860443,0.7096813237229479,0.5671502975717182,1,1,FakeWhatsApp.BR_2018,whatsapp,desconhecido,2018-2022,desconhecido,False,none,v1,False,False,False
422798337219478079,val_sel,0,-0.52802973985672,0.6082258820533752,1.1362556219100952,0.7569915035359944,0.6284804789065094,1,1,EXT_LIARBR,external_claim,ext_liarbr,sem_data,pt-BR,False,true_rating,checker,False,False,False
642861998725620800,val_sel,1,-0.369746595621109,0.35815027356147766,0.7278968691825867,0.6743435854372335,0.5238220006058725,1,0,FC_EFARSAS,agency_claim,efarsas,<=2017,pt-BR,False,false_pure,checker,False,False,False
544989085281932076,val_sel,1,-0.1933542788028717,0.2506765127182007,0.4440307915210724,0.6092190674480096,0.44922853042865807,0,0,FC_BOATOS,agency_claim,boatos,2018-2022,pt-BR,False,false_pure,checker,False,False,False
1394,val_sel,0,-0.3019162714481354,0.4548487663269043,0.7567650377750397,0.6806509768018898,0.5314042389409213,1,0,COVID19.BR,covid,desconhecido,sem_data,desconhecido,False,none,v1,False,False,False
27647,val_sel,1,-0.4703480303287506,0.5529617667198181,1.0233097970485687,0.735616806213401,0.6002908489504967,1,1,fakes,agency_claim,desconhecido,2018-2022,desconhecido,False,none,v1,False,False,False
1149991215362082089,val_sel,1,-0.39428749680519104,0.4660070538520813,0.8602945506572723,0.7027221907448279,0.5584529304854723,1,1,FC_UOL,agency_claim,uol,sem_data,pt-BR,False,false_pure,checker,False,False,False
49412,val_sel,0,-0.13803663849830627,-0.024112669751048088,0.11392396874725819,0.5284502283288023,0.36547777343843724,0,0,true,press_true,desconhecido,2018-2022,desconhecido,True,none,v1,False,False,False
503666212194327185,val_sel,1,-0.5256837010383606,0.6576514840126038,1.1833351850509644,0.76554694892182,0.6399893036802891,1,1,FC_BOATOS,agency_claim,boatos,>=2023,pt-BR,False,false_pure,checker,False,False,False
626955173999795549,val_sel,1,-0.2646326422691345,0.370853453874588,0.6354860961437225,0.6537323749339427,0.4994935889386361,0,0,FC_POLIGRAFO,agency_claim,poligrafo,>=2023,pt-BR,True,false_pure,checker,False,False,False
24642,val_sel,1,-0.22178037464618683,0.27270665764808655,0.4944870322942734,0.6211628913641745,0.46241711950271636,0,0,fakes,agency_claim,desconhecido,2018-2022,desconhecido,False,none,v1,False,False,False
319447752453920079,val_sel,1,-0.48636141419410706,0.5048049688339233,0.9911663830280304,0.729318243267661,0.5921361618559537,1,1,FC_BOATOS,agency_claim,boatos,<=2017,pt-BR,False,false_pure,checker,False,False,False
962645620959016630,val_sel,1,-0.40416809916496277,0.5394368767738342,0.943604975938797,0.7198272702649942,0.5799775603697425,1,1,FC_AFP,agency_claim,afp,2018-2022,pt-BR,False,false_pure,checker,False,False,False
5763,val_sel,0,-0.3001239597797394,0.49962911009788513,0.7997530698776245,0.689921657902382,0.5426672000242146,1,1,Fake.br,portal,desconhecido,sem_data,desconhecido,False,none,v1,False,False,False
357000404524101339,val_sel,1,-0.2194499671459198,0.2405516803264618,0.4600016474723816,0.6130145669655047,0.45339627605480226,0,0,FC_ESTADAO,agency_claim,estadao,sem_data,pt-BR,False,hard,checker,False,False,False
23061333280447522,val_sel,1,-0.5278831720352173,0.6831051707267761,1.2109883427619934,0.7704737781913045,0.6466759346073057,1,1,FC_G1,agency_claim,g1,2018-2022,pt-BR,False,false_pure,checker,False,False,False
33970,val_sel,1,-0.321579247713089,0.4510926902294159,0.7726719379425049,0.6840986039423465,0.5355762305628243,1,0,fakes,agency_claim,desconhecido,2018-2022,desconhecido,False,other,v1,False,False,False
89,val_sel,1,-0.28962644934654236,0.431060791015625,0.7206872403621674,0.6727583341253156,0.5219265358006847,1,0,COVID19.BR,covid,desconhecido,sem_data,desconhecido,False,none,v1,False,False,False
945335543647091989,val_sel,0,-0.11984945833683014,0.06962037086486816,0.1894698292016983,0.5472262611859042,0.3841302365057312,0,0,FC_POLIGRAFO,agency_claim,poligrafo,2018-2022,pt-BR,True,true_rating,checker,False,False,False
507794911605641090,val_sel,1,-0.4900529086589813,0.7754735350608826,1.265526443719864,0.77997598713789,0.6596946712697069,1,1,FC_EFARSAS,agency_claim,efarsas,<=2017,pt-BR,False,false_pure,checker,False,False,False
806753458179449899,val_sel,1,-0.33954501152038574,0.45723432302474976,0.7967793345451355,0.689285128376923,0.5418893440528587,1,1,FC_BOATOS_VIRAL,social,boatos,>=2023,pt-BR,False,false_pure,checker,False,False,False
515928895133777692,val_sel,1,-0.4216899573802948,0.5336424708366394,0.9553324282169342,0.7221863069272489,0.5829852014955179,1,1,FC_G1,agency_claim,g1,>=2023,pt-BR,False,false_pure,checker,False,False,False
523757963918250653,val_sel,1,-0.3665377199649811,0.5335463881492615,0.9000841081142426,0.7109667865616592,0.568765794407894,1,1,EXT_LIARBR,external_claim,ext_liarbr,sem_data,pt-BR,False,false_pure,checker,False,False,False
815411288847536344,val_sel,0,-0.13626693189144135,0.19771084189414978,0.3339777737855911,0.5827269145400256,0.42073274740005157,0,0,EXT_AVERITECBR,external_claim,ext_averitecbr,2018-2022,pt-BR,False,other,checker,False,False,False
8317,val_sel,0,-0.3912108838558197,0.47841665148735046,0.8696275353431702,0.7046681899406758,0.5608767722374021,1,1,Fake.br,portal,desconhecido,sem_data,desconhecido,False,none,v1,False,False,False
199392592547898485,val_sel,1,-0.49322518706321716,0.6680849194526672,1.1613101065158844,0.7615706865160441,0.6346242669800657,1,1,FC_G1,agency_claim,g1,2018-2022,pt-BR,False,false_pure,checker,False,False,False
912804938242703281,val_sel,1,-0.32960015535354614,0.28664374351501465,0.6162438988685608,0.6493638007383609,0.4944242874576393,0,0,FC_BOATOS,agency_claim,boatos,>=2023,pt-BR,False,false_pure,checker,False,False,False
14380,val_sel,1,-0.4289197027683258,0.568139374256134,0.9970590770244598,0.7304799653128129,0.5936350668311074,1,1,FakeWhatsApp.BR_2018,whatsapp,desconhecido,2018-2022,desconhecido,False,none,v1,False,False,False
425595567444094511,val_sel,0,-0.30643051862716675,0.40485265851020813,0.7112831771373749,0.6706846330276528,0.519453196951213,1,0,EXT_LIARBR,external_claim,ext_liarbr,sem_data,pt-BR,False,true_rating,checker,False,False,False
27918,val_sel,1,-0.316622793674469,0.44453397393226624,0.7611567676067352,0.6816048278528744,0.5325565462814404,1,0,fakes,agency_claim,desconhecido,2018-2022,desconhecido,False,none,v1,False,False,False
43232,val_sel,1,-0.3244272768497467,0.5244656801223755,0.8488929569721222,0.7003348633839446,0.5554880835581072,1,1,fakes,agency_claim,desconhecido,2018-2022,desconhecido,False,false_pure,v1,False,False,False
999772139625876332,val_sel,1,-0.32874009013175964,0.3390534818172455,0.6677935719490051,0.6610089271330778,0.5080046041026747,1,0,FC_POLIGRAFO,agency_claim,poligrafo,>=2023,pt-BR,True,false_pure,checker,False,False,False
38368,val_sel,1,-0.06257645040750504,0.04442613199353218,0.10700258240103722,0.5267251512127141,0.36378793069858156,0,0,fakes,agency_claim,desconhecido,2018-2022,desconhecido,True,none,v1,False,False,False
25417,val_sel,1,-0.40076860785484314,0.5308094620704651,0.9315780699253082,0.7173953319674057,0.5768869413694001,1,1,fakes,agency_claim,desconhecido,<=2017,desconhecido,False,none,v1,False,False,False
1018792554791778887,val_sel,1,-0.37041062116622925,0.5147610902786255,0.8851717114448547,0.7078927792862137,0.5649072101333539,1,1,FC_OBSERVADOR,agency_claim,observador,2018-2022,pt-PT,True,false_pure,checker,False,False,False
1010575614415037863,val_sel,1,-0.11112557351589203,0.10722748935222626,0.2183530628681183,0.5543724062835783,0.39135605726945677,0,0,FC_POLIGRAFO,agency_claim,poligrafo,>=2023,pt-BR,True,hard,checker,False,False,False
215881776624794714,val_sel,1,-0.17837442457675934,0.2656422555446625,0.4440166801214218,0.6092157079250495,0.4492248509883212,0,0,FC_POLIGRAFO,agency_claim,poligrafo,>=2023,pt-BR,True,other,checker,False,False,False
15004,val_sel,0,-0.5249148011207581,0.5100997686386108,1.035014569759369,0.7378869191358469,0.6032468161459559,1,1,FakeWhatsApp.BR_2018,whatsapp,desconhecido,2018-2022,desconhecido,False,none,v1,False,False,False
14790,val_sel,0,-0.22551527619361877,0.3103647530078888,0.5358800292015076,0.6308534881215365,0.4732769499483797,0,0,FakeWhatsApp.BR_2018,whatsapp,desconhecido,2018-2022,desconhecido,False,none,v1,False,False,False
32914,val_sel,1,-0.16356465220451355,0.3557434380054474,0.5193080902099609,0.6269859604346185,0.46892553428670275,0,0,fakes,agency_claim,desconhecido,2018-2022,desconhecido,False,false_pure,v1,False,False,False
444610306968993386,val_sel,0,-0.1447131186723709,0.29683104157447815,0.44154416024684906,0.6086269116512539,0.44858024633388216,0,0,NEWS_PODER360,press_true,poder360,<=2017,pt-BR,False,none,llm_local,False,False,False
8860,val_sel,1,-0.430207222700119,0.585204541683197,1.015411764383316,0.7340779037788077,0.5982921004903968,1,1,Fake.br,portal,desconhecido,sem_data,desconhecido,False,none,v1,False,False,False
10943,val_sel,1,-0.40657690167427063,0.6551074981689453,1.061684399843216,0.7430123046937056,0.6099537190695516,1,1,FakeWhatsApp.BR_2018,whatsapp,desconhecido,2018-2022,desconhecido,False,none,v1,False,False,False
1493,val_sel,0,-0.5835130214691162,0.6826533675193787,1.2661663889884949,0.7800857906739209,0.6598460556290402,1,1,COVID19.BR,covid,desconhecido,sem_data,desconhecido,False,none,v1,False,False,False
357721827779939575,val_sel,0,-0.41996321082115173,0.6274191737174988,1.0473823845386505,0.7402719284522875,0.6063620560516074,1,1,FC_G1,agency_claim,g1,>=2023,pt-BR,False,other,checker,False,False,False
737953248627808440,val_sel,1,-0.3977367877960205,0.5553575158119202,0.9530943036079407,0.7217370415007397,0.5824116778772778,1,1,FC_G1,agency_claim,g1,>=2023,pt-BR,False,false_pure,checker,False,False,False
223160342922805170,val_sel,1,-0.4758627116680145,0.32881006598472595,0.8046727776527405,0.6909731452374486,0.5439536160229601,1,1,FC_BOATOS_VIRAL,social,boatos,<=2017,pt-BR,False,false_pure,checker,False,False,False
883967717094678048,val_sel,1,-0.32078954577445984,0.4864225685596466,0.8072121143341064,0.6915151048024544,0.5446173790653792,1,1,FC_OBSERVADOR,agency_claim,observador,>=2023,pt-PT,True,false_pure,checker,False,False,False
10753,val_sel,0,-0.3767795264720917,0.23782047629356384,0.6146000027656555,0.6489894094434795,0.49399124617867507,0,0,LLM4BR_300,llm,desconhecido,sem_data,desconhecido,False,none,v1,False,False,False
31221,val_sel,1,-0.33588019013404846,0.4996508061885834,0.8355309963226318,0.6975231581926412,0.552008447170059,1,1,fakes,agency_claim,desconhecido,sem_data,desconhecido,False,none,v1,False,False,False
28616,val_sel,1,-0.2050408273935318,0.21699896454811096,0.42203979194164276,0.6039712509822854,0.44350153473794923,0,0,fakes,agency_claim,desconhecido,2018-2022,desconhecido,False,none,v1,False,False,False
298802349136393322,val_sel,1,-0.1913263499736786,0.2144266664981842,0.4057530164718628,0.6000690960174782,0.4392696302917591,0,0,FC_POLIGRAFO,agency_claim,poligrafo,2018-2022,pt-BR,True,other,checker,False,False,False
7836,val_sel,1,-0.5989565849304199,0.44343024492263794,1.0423868298530579,0.739310283894254,0.6051047871623146,1,1,Fake.br,portal,desconhecido,sem_data,desconhecido,False,none,v1,False,False,False
882639935488601406,val_sel,0,-0.18554386496543884,0.22284789383411407,0.4083917587995529,0.6007021901581973,0.43995469019012395,0,0,EXT_LIARBR,external_claim,ext_liarbr,sem_data,pt-BR,False,true_rating,checker,False,False,False
735842355315435374,val_sel,1,-0.45072612166404724,0.6788051724433899,1.1295312941074371,0.7557523907107033,0.6268243684075158,1,1,FC_LUPA,agency_claim,lupa,>=2023,pt-BR,False,false_pure,checker_match,False,False,False
441,val_sel,0,-0.2813376486301422,0.44906529784202576,0.730402946472168,0.6748936901829385,0.5244807089770211,1,0,COVID19.BR,covid,desconhecido,sem_data,desconhecido,False,none,v1,False,False,False
1103495118584073815,val_sel,1,-0.2175595611333847,0.46090394258499146,0.6784635037183762,0.6633956811240846,0.5108146919820212,1,0,EXT_LIARBR,external_claim,ext_liarbr,sem_data,pt-BR,False,false_pure,checker,False,False,False
692566698130535169,val_sel,1,-0.46671605110168457,0.716555655002594,1.1832717061042786,0.7655355552225767,0.6399738903979384,1,1,FC_EFARSAS,agency_claim,efarsas,<=2017,pt-BR,False,false_pure,checker,False,False,False
49032,val_sel,0,-0.02235189639031887,-0.08636662364006042,-0.06401472724974155,0.48400178105333275,0.3231823562820575,0,0,true,press_true,desconhecido,2018-2022,desconhecido,True,none,v1,False,False,False
802103090570829070,val_sel,1,-0.5075328946113586,0.6077603697776794,1.115293264389038,0.7531146219929654,0.6233079435568976,1,1,EXT_AVERITECBR,external_claim,ext_averitecbr,2018-2022,pt-BR,False,other,checker,False,False,False
474315427611067736,val_sel,1,-0.3133414685726166,0.41116437315940857,0.7245058417320251,0.6735984613732406,0.5229305565103962,1,0,FC_EFARSAS,agency_claim,efarsas,2018-2022,pt-BR,False,false_pure,checker,False,False,False
737946538405893471,val_sel,1,-0.2919612526893616,0.4610079824924469,0.7529692351818085,0.6798253361555315,0.5304080213529583,1,0,FC_BOATOS,agency_claim,boatos,<=2017,pt-BR,False,false_pure,checker,False,False,False
27924,val_sel,1,-0.31617918610572815,0.32676562666893005,0.6429448127746582,0.6554188358522866,0.5014586515804236,1,0,fakes,agency_claim,desconhecido,2018-2022,desconhecido,False,none,v1,False,False,False
33861,val_sel,1,-0.5341748595237732,0.6929182410240173,1.2270931005477905,0.773309393947455,0.6505440300753585,1,1,fakes,agency_claim,desconhecido,2018-2022,desconhecido,False,none,v1,False,False,False
28130,val_sel,1,-0.29783210158348083,0.33174780011177063,0.6295799016952515,0.6523942000764508,0.49793755964468384,0,0,fakes,agency_claim,desconhecido,2018-2022,desconhecido,False,none,v1,False,False,False
200565970159496464,val_sel,1,-0.5150126814842224,0.40105950832366943,0.9160721898078918,0.7142411117754501,0.5728934467581991,1,1,FC_BOATOS,agency_claim,boatos,>=2023,pt-BR,False,false_pure,checker,False,False,False
441971470385616073,val_sel,1,-0.45682138204574585,0.6367811560630798,1.0936025381088257,0.7490594958143242,0.6179259480017059,1,1,FC_EFARSAS,agency_claim,efarsas,2018-2022,pt-BR,False,false_pure,checker,False,False,False
112211212195113997,val_sel,1,0.007298996672034264,0.11998436599969864,0.11268536932766438,0.5281415701782918,0.3651751269737136,0,0,EXT_AVERITECBR,external_claim,ext_averitecbr,2018-2022,pt-BR,False,other,checker,False,False,False
43437,val_sel,1,-0.33639973402023315,0.25689923763275146,0.5932989716529846,0.6441217244635357,0.4883810979476634,0,0,fakes,agency_claim,desconhecido,2018-2022,desconhecido,False,none,v1,False,False,False
590038855064548008,val_sel,0,-0.4927746057510376,0.655673086643219,1.1484476923942566,0.7592272674166844,0.6314755134464325,1,1,EXT_LIARBR,external_claim,ext_liarbr,sem_data,pt-BR,False,true_rating,checker,False,False,False
1543,val_sel,1,-0.3348778188228607,0.4995611906051636,0.8344390094280243,0.6972927160905374,0.5517238489654883,1,1,COVID19.BR,covid,desconhecido,sem_data,desconhecido,False,none,v1,False,False,False
551211691094475835,val_sel,1,-0.5584737062454224,0.7658271789550781,1.3243008852005005,0.7898963717836923,0.6734592016773752,1,1,FC_BOATOS,agency_claim,boatos,<=2017,pt-BR,False,false_pure,checker,False,False,False
821216011033579937,val_sel,0,-0.4474566578865051,0.6264514327049255,1.0739080905914307,0.7453394158884822,0.6130140466659308,1,1,EXT_LIARBR,external_claim,ext_liarbr,sem_data,pt-BR,False,true_rating,checker,False,False,False
1040475730175758616,val_sel,1,-0.3501611649990082,0.5375086069107056,0.8876697719097137,0.7084090613202157,0.5655541452605544,1,1,FC_EFARSAS,agency_claim,efarsas,2018-2022,pt-BR,False,hard,checker,False,False,False
702037601948816946,val_sel,1,-0.5185510516166687,0.5611151456832886,1.0796661972999573,0.7464308090782299,0.6144525786139733,1,1,FC_ESTADAO,agency_claim,estadao,sem_data,pt-BR,False,hard,checker,False,False,False
836036716902403390,val_sel,1,-0.24208161234855652,0.29305437207221985,0.5351359844207764,0.6306802000703424,0.47308148861123467,0,0,FC_POLIGRAFO,agency_claim,poligrafo,>=2023,pt-BR,True,false_pure,checker,False,False,False
1094711255878585343,val_sel,1,-0.50376296043396,0.584542989730835,1.088305950164795,0.7480625867708932,0.6166072716067852,1,1,FC_ALETHEIA,agency_claim,aletheia,sem_data,pt-BR,False,hard,checker,False,False,False
1137633339139297433,val_sel,1,-0.32461032271385193,0.5913853049278259,0.9159956276416779,0.7142254851238959,0.572873704351619,1,1,FC_G1,agency_claim,g1,2018-2022,pt-BR,False,false_pure,checker,False,False,False
1141879177693890185,val_sel,0,-0.20244412124156952,0.26071932911872864,0.46316345036029816,0.6137643656666052,0.4542221725152749,0,0,FC_POLIGRAFO,agency_claim,poligrafo,2018-2022,pt-BR,True,true_rating,checker,False,False,False
158569103937166139,val_sel,1,-0.5473462343215942,0.5863466858863831,1.1336929202079773,0.7565197703818131,0.6278496738313809,1,1,FC_EFARSAS,agency_claim,efarsas,>=2023,pt-BR,False,false_pure,checker,False,False,False
732947650600805613,val_sel,0,-0.47358864545822144,0.6269097328186035,1.100498378276825,0.7503534750254554,0.6196401834357183,1,1,EXT_LIARBR,external_claim,ext_liarbr,sem_data,pt-BR,False,true_rating,checker,False,False,False
1147252693120567102,val_sel,1,-0.4013880491256714,0.5469191074371338,0.9483071565628052,0.7207746061334904,0.5811842157545398,1,1,FC_LUPA,agency_claim,lupa,2018-2022,pt-BR,False,false_pure,checker_match,False,False,False
513904975853440867,val_sel,1,-0.39231836795806885,0.4007572829723358,0.7930756509304047,0.6884913506620434,0.5409202663952445,1,1,FC_GFC,agency_claim,BOL - UOL,sem_data,pt-BR,False,hard,checker,False,False,False
1152881857000555163,val_sel,1,-0.522327721118927,0.6212548613548279,1.1435825824737549,0.7583367980931179,0.6302815785320695,1,1,EXT_LIARBR,external_claim,ext_liarbr,sem_data,pt-BR,False,false_pure,checker,False,False,False
511024517537434734,val_sel,1,-0.49515172839164734,0.6332370042800903,1.1283887326717377,0.7555414228541995,0.6265426740051352,1,1,FC_POLIGRAFO,agency_claim,poligrafo,2018-2022,pt-BR,True,other,checker,False,False,False
726550726877519046,val_sel,1,-0.6075662970542908,0.5163283348083496,1.1238946318626404,0.7547104158571495,0.6254338382316442,1,1,FC_BOATOS,agency_claim,boatos,>=2023,pt-BR,False,false_pure,checker,False,False,False
796373476878005959,val_sel,0,-0.14071020483970642,0.2224169671535492,0.3631271719932556,0.5897972228748236,0.4282370904765866,0,0,EXT_LIARBR,external_claim,ext_liarbr,sem_data,pt-BR,False,true_rating,checker,False,False,False
742868681541188376,val_sel,1,-0.3868148624897003,0.5534650087356567,0.9402798712253571,0.7191561866330166,0.5791237065415488,1,1,FC_G1,agency_claim,g1,2018-2022,pt-BR,False,false_pure,checker,False,False,False
35731,val_sel,1,-0.3981483280658722,0.4569835960865021,0.8551319241523743,0.7016425713881621,0.5571109549870575,1,1,fakes,agency_claim,desconhecido,2018-2022,desconhecido,True,none,v1,False,False,False
127946499567268125,val_sel,1,-0.18327541649341583,0.41723325848579407,0.6005086749792099,0.6457726744201245,0.49027969284437395,0,0,FC_UOL,agency_claim,uol,sem_data,pt-BR,False,false_pure,checker,False,False,False
5198,val_sel,1,-0.46740567684173584,0.678849995136261,1.1462556719779968,0.7588263357404823,0.6309377733480189,1,1,Fake.br,portal,desconhecido,sem_data,desconhecido,False,none,v1,False,False,False
892007232251521311,val_sel,1,-0.12778449058532715,0.1871216744184494,0.31490616500377655,0.5780823464011173,0.4158423976416789,0,0,FC_POLIGRAFO,agency_claim,poligrafo,>=2023,pt-BR,True,other,checker,False,False,False
789196737809454541,val_sel,1,-0.28449931740760803,0.36208245158195496,0.646581768989563,0.6562397592426968,0.5024168261957973,1,0,FC_BOATOS,agency_claim,boatos.org,>=2023,pt-BR,False,false_pure,checker_match,False,False,False
357236253008095773,val_sel,1,-0.4011654257774353,0.47259169816970825,0.8737571239471436,0.7055268754965318,0.5619483363523444,1,1,FC_POLIGRAFO,agency_claim,poligrafo,2018-2022,pt-BR,True,other,checker,False,False,False
42085,val_sel,1,-0.3073608875274658,0.38611575961112976,0.6934766471385956,0.6667398774411761,0.5147674323896904,1,0,fakes,agency_claim,desconhecido,2018-2022,desconhecido,True,false_pure,v1,False,False,False
25948,val_sel,1,-0.2623008191585541,0.5790820717811584,0.8413828909397125,0.69875638885748,0.5535330075693943,1,1,fakes,agency_claim,desconhecido,2018-2022,desconhecido,False,none,v1,False,False,False
463737692535784153,val_sel,1,-0.39337629079818726,0.3444810211658478,0.737857311964035,0.6765271317769861,0.5264395348515135,1,0,FC_G1,agency_claim,g1,>=2023,pt-BR,False,false_pure,checker,False,False,False
973785175439050249,val_sel,1,-0.2956388294696808,0.250029981136322,0.5456688106060028,0.6331301394050802,0.47584921329326496,0,0,FC_POLIGRAFO,agency_claim,poligrafo,2018-2022,pt-BR,True,other,checker,False,False,False
7585,val_sel,0,-0.33000296354293823,0.2849908471107483,0.6149938106536865,0.6490791144649327,0.49409498373329624,0,0,Fake.br,portal,desconhecido,sem_data,desconhecido,False,none,v1,False,False,False
50420725328006811,val_sel,0,-0.28527429699897766,0.36347004771232605,0.6487443447113037,0.6567274478643792,0.5029865598055581,1,0,FC_POLIGRAFO,agency_claim,poligrafo,2018-2022,pt-BR,True,true_rating,checker,False,False,False
3314,val_sel,1,-0.4290778338909149,0.602703869342804,1.0317817032337189,0.7372611703321045,0.6024311191931867,1,1,Fake.br,portal,desconhecido,sem_data,desconhecido,False,none,v1,False,False,False
1024863885249805725,val_sel,1,-0.4310455024242401,0.5688085556030273,0.9998540580272675,0.731029883729031,0.5943454093196271,1,1,FC_BOATOS,agency_claim,boatos,>=2023,pt-BR,False,false_pure,checker,False,False,False
641502303845740354,val_sel,1,-0.4186595380306244,0.4655417799949646,0.884201318025589,0.7076920802873716,0.5646558427799716,1,1,EXT_LIARBR,external_claim,ext_liarbr,sem_data,pt-BR,False,false_pure,checker,False,False,False
38164,val_sel,1,-0.31115075945854187,0.18011930584907532,0.4912700653076172,0.62040558159959,0.46157447687202924,0,0,fakes,agency_claim,desconhecido,2018-2022,desconhecido,True,none,v1,False,False,False
8862,val_sel,1,-0.37034112215042114,0.5043487548828125,0.8746898770332336,0.7057206259112048,0.5621902916715629,1,1,Fake.br,portal,desconhecido,sem_data,desconhecido,False,none,v1,False,False,False
2965,val_sel,0,-0.353693425655365,0.24415838718414307,0.5978518128395081,0.6451646812189893,0.48958000231771776,0,0,Fake.br,portal,desconhecido,sem_data,desconhecido,False,none,v1,False,False,False
812751477339530999,val_sel,0,-0.3317733407020569,0.5067815184593201,0.838554859161377,0.6981607653723761,0.5527963606555626,1,1,EXT_LIARBR,external_claim,ext_liarbr,sem_data,pt-BR,False,true_rating,checker,False,False,False
48680,val_sel,0,-0.21238356828689575,0.21361342072486877,0.4259969890117645,0.6049173823603023,0.444531023760062,0,0,true,press_true,desconhecido,2018-2022,desconhecido,True,none,v1,False,False,False
29792,val_sel,1,-0.3290351331233978,0.41571304202079773,0.7447481751441956,0.6780332776048712,0.5282495637680402,1,0,fakes,agency_claim,desconhecido,sem_data,desconhecido,False,none,v1,False,False,False
1126478398780755643,val_sel,1,-0.2655697762966156,0.4490470886230469,0.7146168649196625,0.6714205144289446,0.5203300971093979,1,0,FC_G1,agency_claim,g1,2018-2022,pt-BR,False,false_pure,checker,False,False,False
237146760379019270,val_sel,1,-0.35876360535621643,0.4744361937046051,0.8331997990608215,0.6970310851064208,0.5514008397299105,1,1,EXT_LIARBR,external_claim,ext_liarbr,sem_data,pt-BR,False,false_pure,checker,False,False,False
48138,val_sel,0,-0.06884470582008362,0.06532198190689087,0.1341666877269745,0.5334914478718682,0.3704389131822727,0,0,true,press_true,desconhecido,2018-2022,desconhecido,False,none,v1,False,False,False
26806,val_sel,1,-0.13252311944961548,0.23284867405891418,0.36537179350852966,0.590340168990891,0.4288163726208573,0,0,fakes,agency_claim,desconhecido,2018-2022,desconhecido,False,none,v1,False,False,False
28180452190895378,val_sel,1,-0.38875243067741394,0.5221424102783203,0.9108948409557343,0.7131832399828839,0.5715578897371812,1,1,FC_BOATOS,agency_claim,boatos,2018-2022,pt-BR,False,false_pure,checker,False,False,False
1880,val_sel,1,-0.26096388697624207,0.5294886231422424,0.7904525101184845,0.6879284850206611,0.5402337276261591,1,1,COVID19.BR,covid,desconhecido,sem_data,desconhecido,False,none,v1,False,False,False
5436,val_sel,1,-0.4452516734600067,0.4548974931240082,0.9001491665840149,0.7109801554392671,0.5687826103693723,1,1,Fake.br,portal,desconhecido,sem_data,desconhecido,False,none,v1,False,False,False
604955080816243655,val_sel,1,-0.39737582206726074,0.5676484107971191,0.9650242328643799,0.7241266117300763,0.5854661352685615,1,1,FC_BOATOS,agency_claim,boatos,>=2023,pt-BR,False,false_pure,checker,False,False,False
1090090717580540911,val_sel,1,-0.5093923211097717,0.614884078502655,1.1242763996124268,0.7547810828246038,0.6255280836978294,1,1,FC_BOATOS,agency_claim,boatos,2018-2022,pt-BR,False,false_pure,checker,False,False,False
12299,val_sel,0,-0.3867369294166565,0.5670907497406006,0.9538276791572571,0.721884303327195,0.5825996313695211,1,1,FakeWhatsApp.BR_2018,whatsapp,desconhecido,2018-2022,desconhecido,False,none,v1,False,False,False
8106,val_sel,1,-0.6130969524383545,0.30850735306739807,0.9216043055057526,0.7153688812004806,0.5743193459703243,1,1,Fake.br,portal,desconhecido,sem_data,desconhecido,False,none,v1,False,False,False
15825,val_sel,0,-0.17253965139389038,0.37481656670570374,0.5473562180995941,0.6335219961640618,0.47629275794184084,0,0,FakeWhatsApp.BR_2018,whatsapp,desconhecido,2018-2022,desconhecido,False,none,v1,False,False,False
443605192301343445,val_sel,0,-0.07958267629146576,0.07277059555053711,0.15235327184200287,0.538014814590543,0.37491960703898264,0,0,FC_POLIGRAFO,agency_claim,poligrafo,>=2023,pt-BR,True,true_rating,checker,False,False,False
311292693222571472,val_sel,1,-0.5381132960319519,0.5506555438041687,1.0887688398361206,0.7481498152334456,0.616722584674999,1,1,FC_UOL,agency_claim,uol,sem_data,pt-BR,False,hard,checker,False,False,False
15014,val_sel,0,-0.3438057601451874,0.5913842916488647,0.9351900517940521,0.718127047174635,0.5778157758433542,1,1,FakeWhatsApp.BR_2018,whatsapp,desconhecido,2018-2022,desconhecido,False,none,v1,False,False,False
5177,val_sel,0,-0.4229509234428406,0.4252232611179352,0.8481741845607758,0.7001839958166789,0.5553010407462313,1,1,Fake.br,portal,desconhecido,sem_data,desconhecido,False,none,v1,False,False,False
48195311865054814,val_sel,1,-0.3307511508464813,0.3432268798351288,0.6739780306816101,0.662393333743839,0.5096334478498548,1,0,FC_POLIGRAFO,agency_claim,poligrafo,2018-2022,pt-BR,True,false_pure,checker,False,False,False
842643316627448790,val_sel,1,-0.5285900235176086,0.5829426646232605,1.1115326881408691,0.7524147414527689,0.6223769890274808,1,1,FC_BOATOS,agency_claim,boatos,2018-2022,pt-BR,False,false_pure,checker,False,False,False
42667,val_sel,1,-0.33964452147483826,0.43252745270729065,0.7721719741821289,0.6839905479784908,0.5354451749500633,1,0,fakes,agency_claim,desconhecido,2018-2022,desconhecido,False,none,v1,False,False,False
7645,val_sel,0,-0.37930530309677124,0.34229111671447754,0.7215964198112488,0.6729584626774193,0.5221656017402954,1,0,Fake.br,portal,desconhecido,sem_data,desconhecido,False,none,v1,False,False,False
40968,val_sel,1,-0.25314557552337646,0.3015005588531494,0.5546461343765259,0.6352128563950368,0.47820937479115766,0,0,fakes,agency_claim,desconhecido,2018-2022,desconhecido,True,hard,v1,False,False,False
16271,val_sel,0,-0.2848014831542969,0.4094647169113159,0.6942662000656128,0.6669152912726848,0.5149752632937179,1,0,FakeWhatsApp.BR_2018,whatsapp,desconhecido,2018-2022,desconhecido,False,none,v1,False,False,False
13146,val_sel,0,-0.3433232605457306,0.5286659002304077,0.8719891607761383,0.7051594323404932,0.5614896475098151,1,1,FakeWhatsApp.BR_2018,whatsapp,desconhecido,2018-2022,desconhecido,False,none,v1,False,False,False
36534,val_sel,1,-0.23001480102539062,0.3957751989364624,0.625789999961853,0.6515342456463219,0.49693910199295227,0,0,fakes,agency_claim,desconhecido,2018-2022,desconhecido,True,none,v1,False,False,False
360,val_sel,0,-0.30926889181137085,0.3851166367530823,0.6943855285644531,0.6669417982921699,0.5150066732152313,1,0,COVID19.BR,covid,desconhecido,sem_data,desconhecido,False,none,v1,False,False,False
359872169155194919,val_sel,1,-0.1116580218076706,0.1469629406929016,0.2586209625005722,0.5642972636744513,0.4015093990697738,0,0,FC_AOSFATOS,agency_claim,aosfatos,>=2023,pt-BR,False,false_pure,checker,False,False,False
26137,val_sel,1,-0.44057491421699524,0.5449507832527161,0.9855256974697113,0.7282032585112417,0.590699751403408,1,1,fakes,agency_claim,desconhecido,2018-2022,desconhecido,False,none,v1,False,False,False
26293,val_sel,1,-0.18390509486198425,0.13124258816242218,0.31514768302440643,0.5781412522952988,0.41590422644996394,0,0,fakes,agency_claim,desconhecido,2018-2022,desconhecido,False,false_pure,v1,False,False,False
917736437226176398,val_sel,0,-0.2957543134689331,0.4567302167415619,0.752484530210495,0.6797198246962559,0.5302807917420729,1,0,FC_EFARSAS,agency_claim,efarsas,<=2017,pt-BR,False,true_rating,checker,False,False,False
275399490184119384,val_sel,1,-0.35158801078796387,0.546754777431488,0.8983427882194519,0.7106088260763046,0.5683156486576088,1,1,EXT_AVERITECBR,external_claim,ext_averitecbr,2018-2022,pt-BR,False,other,checker,False,False,False
614846268109059351,val_sel,1,-0.4083884060382843,0.6047238707542419,1.0131122767925262,0.733628784930063,0.5977095531943305,1,1,FC_ESTADAO,agency_claim,estadao,sem_data,pt-BR,False,false_pure,checker,False,False,False
1037451272053070989,val_sel,1,-0.23607754707336426,0.22492863237857819,0.46100617945194244,0.6132528427135735,0.45365864288213453,0,0,FC_POLIGRAFO,agency_claim,poligrafo,2018-2022,pt-BR,True,other,checker,False,False,False
43799,val_sel,1,-0.6005123853683472,0.7215574383735657,1.3220698237419128,0.7895258651337862,0.6729419398065369,1,1,fakes,agency_claim,desconhecido,2018-2022,desconhecido,False,false_pure,v1,False,False,False
10830,val_sel,1,-0.3512676954269409,0.5821082592010498,0.9333759546279907,0.7177596912903004,0.5773493424269671,1,1,FakeWhatsApp.BR_2018,whatsapp,desconhecido,2018-2022,desconhecido,False,none,v1,False,False,False
39973,val_sel,1,-0.30989059805870056,0.40659335255622864,0.7164839506149292,0.6718322896420362,0.5208211648343924,1,0,fakes,agency_claim,desconhecido,sem_data,desconhecido,False,false_pure,v1,False,False,False
423271945126178137,val_sel,1,-0.5083841681480408,0.6401947140693665,1.1485788822174072,0.7592512482613355,0.63150768620885,1,1,FC_BOATOS,agency_claim,boatos,2018-2022,pt-BR,False,false_pure,checker,False,False,False
444637746474268672,val_sel,1,-0.447329580783844,0.5075286626815796,0.9548582434654236,0.7220911596791373,0.5828637094572213,1,1,FC_G1,agency_claim,g1,2018-2022,pt-BR,False,false_pure,checker,False,False,False
40081,val_sel,1,-0.45253607630729675,0.6294254660606384,1.0819615423679352,0.7468650075079203,0.6150254629704046,1,1,fakes,agency_claim,desconhecido,2018-2022,desconhecido,False,other,v1,False,False,False
34508,val_sel,1,-0.39193078875541687,0.5153121948242188,0.9072429835796356,0.7124356607729538,0.5706152223187282,1,1,fakes,agency_claim,desconhecido,2018-2022,desconhecido,False,false_pure,v1,False,False,False
7960,val_sel,1,-0.4133358895778656,0.37696385383605957,0.7902997434139252,0.687895687682346,0.5401937401898568,1,1,Fake.br,portal,desconhecido,sem_data,desconhecido,False,none,v1,False,False,False
1074798474891634591,val_sel,1,-0.45693355798721313,0.547080934047699,1.004014492034912,0.7318471431520142,0.595402048905118,1,1,EXT_LIARBR,external_claim,ext_liarbr,sem_data,pt-BR,False,false_pure,checker,False,False,False
1082300205497055980,val_sel,1,-0.5208327770233154,0.4948941171169281,1.0157268941402435,0.7341394149439759,0.5983719132102031,1,1,FC_POLIGRAFO,agency_claim,poligrafo,>=2023,pt-BR,True,false_pure,checker,False,False,False
16098,val_sel,0,-0.19444069266319275,0.37097012996673584,0.5654108226299286,0.6377035735165731,0.4810407130775505,0,0,FakeWhatsApp.BR_2018,whatsapp,desconhecido,2018-2022,desconhecido,False,none,v1,False,False,False
1973,val_sel,0,-0.45254847407341003,0.5513905882835388,1.0039390623569489,0.7318323400525071,0.5953828996102639,1,1,Fake.br,portal,desconhecido,sem_data,desconhecido,False,none,v1,False,False,False
493569331572057726,val_sel,1,-0.40082311630249023,0.5470730066299438,0.9478961229324341,0.7206918745850943,0.58107877640695,1,1,FC_BOATOS,agency_claim,boatos,<=2017,pt-BR,False,false_pure,checker,False,False,False
666137591330756739,val_sel,0,-0.42470988631248474,0.427613765001297,0.8523236513137817,0.7010543540826559,0.5563806197344962,1,1,FC_G1,agency_claim,g1,>=2023,pt-BR,False,other,checker,False,False,False
297125293728076992,val_sel,0,-0.30603018403053284,0.36067965626716614,0.666709840297699,0.6607660463870936,0.5077191557092124,1,0,FC_POLIGRAFO,agency_claim,poligrafo,>=2023,pt-BR,True,true_rating,checker,False,False,False
922815489962688378,val_sel,1,-0.26094844937324524,0.30479350686073303,0.5657419562339783,0.6377800743823954,0.48112782838691237,0,0,EXT_LIARBR,external_claim,ext_liarbr,sem_data,pt-BR,False,false_pure,checker,False,False,False
346358386563047158,val_sel,1,-0.44858840107917786,0.5701200366020203,1.0187084376811981,0.7347209424454492,0.599126788301783,1,1,FC_EFARSAS,agency_claim,efarsas,2018-2022,pt-BR,False,false_pure,checker,False,False,False
102970038129886792,val_sel,1,-0.49573901295661926,0.6247248649597168,1.120463877916336,0.7540747509011904,0.6245864757201482,1,1,FC_G1,agency_claim,g1,2018-2022,pt-BR,False,false_pure,checker,False,False,False
268818852527781722,val_sel,0,-0.13115599751472473,0.2118438482284546,0.3429998457431793,0.584919036793369,0.4230516845277319,0,0,EXT_LIARBR,external_claim,ext_liarbr,sem_data,pt-BR,False,true_rating,checker,False,False,False
668376854376927000,val_sel,1,-0.2589115798473358,0.45011311769485474,0.7090246975421906,0.6701856178137177,0.5188590533479449,1,0,FC_BOATOS,agency_claim,boatos.org,>=2023,pt-BR,False,false_pure,checker_match,False,False,False
27656,val_sel,1,-0.4435981810092926,0.5435373187065125,0.987135499715805,0.7285217587666469,0.5911098493903445,1,1,fakes,agency_claim,desconhecido,2018-2022,desconhecido,False,none,v1,False,False,False
439194584772024362,val_sel,1,-0.3609500229358673,0.4450605809688568,0.8060106039047241,0.6912587372759098,0.5443033331085783,1,1,EXT_LIARBR,external_claim,ext_liarbr,sem_data,pt-BR,False,false_pure,checker,False,False,False
1036202251745675488,val_sel,1,-0.4850640594959259,0.6364684700965881,1.121532529592514,0.75427287428952,0.624850504288394,1,1,EXT_AVERITECBR,external_claim,ext_averitecbr,2018-2022,pt-BR,False,other,checker,False,False,False
795905317113306329,val_sel,1,-0.36808279156684875,0.5627748370170593,0.9308576285839081,0.717249247342492,0.576701611964658,1,1,FC_OBSERVADOR,agency_claim,observador,>=2023,pt-PT,True,false_pure,checker,False,False,False
38932,val_sel,1,-0.31694677472114563,0.4156719148159027,0.7326186895370483,0.6753796627144413,0.5250630337567637,1,0,fakes,agency_claim,desconhecido,2018-2022,desconhecido,False,false_pure,v1,False,False,False
822728242071389947,val_sel,1,-0.27687475085258484,0.2003275603055954,0.47720231115818024,0.6170870240215578,0.45789225333516237,0,0,FC_POLIGRAFO,agency_claim,poligrafo,2018-2022,pt-BR,True,false_pure,checker,False,False,False
7763,val_sel,0,-0.11813320219516754,0.2707959711551666,0.38892917335033417,0.5960248930252386,0.43490743630151324,0,0,Fake.br,portal,desconhecido,sem_data,desconhecido,False,none,v1,False,False,False
378195502454996801,val_sel,1,-0.40841251611709595,0.41339927911758423,0.8218117952346802,0.6946207985460662,0.5484304769933467,1,1,FC_BOATOS,agency_claim,boatos,<=2017,pt-BR,False,false_pure,checker,False,False,False
981848882623369579,val_sel,1,-0.5246233344078064,0.6612862944602966,1.185909628868103,0.7660087065725298,0.640614159177948,1,1,FC_LUPA,agency_claim,lupa,>=2023,pt-BR,False,false_pure,checker_match,False,False,False
509015296201212151,val_sel,1,-0.36052706837654114,0.6378068923950195,0.9983339607715607,0.7307308893673902,0.5939591264336548,1,1,FC_G1,agency_claim,g1,>=2023,pt-BR,False,false_pure,checker,False,False,False
36695,val_sel,1,-0.3196393847465515,0.11930713057518005,0.43894651532173157,0.6080079778268901,0.447903206707161,0,0,fakes,agency_claim,desconhecido,2018-2022,desconhecido,True,none,v1,False,False,False
2137,val_sel,0,-0.34837424755096436,0.35910502076148987,0.7074792683124542,0.6698439311974628,0.5184524627626705,1,0,Fake.br,portal,desconhecido,sem_data,desconhecido,False,none,v1,False,False,False
914614018007021874,val_sel,0,-0.42329826951026917,0.539220929145813,0.9625191986560822,0.7236259070490636,0.5848252999540984,1,1,NEWS_PODER360,press_true,poder360,2018-2022,pt-BR,False,none,llm_local,False,False,False
818512069945077357,val_sel,1,-0.4083651006221771,0.46659719944000244,0.8749623000621796,0.7057771992890981,0.5622609523861803,1,1,FC_ESTADAO,agency_claim,estadao,sem_data,pt-BR,False,false_pure,checker,False,False,False
917295344561926859,val_sel,1,-0.21337811648845673,0.338350772857666,0.5517288893461227,0.6345366134541521,0.4774423117337489,0,0,FC_LUPA,agency_claim,lupa,>=2023,pt-BR,False,false_pure,checker_match,False,False,False
12726,val_sel,1,-0.2698112726211548,0.10253904014825821,0.372350312769413,0.5920267745455282,0.43061859791300455,0,0,FakeWhatsApp.BR_2018,whatsapp,desconhecido,2018-2022,desconhecido,False,none,v1,False,False,False
881748870654175305,val_sel,1,-0.3762644827365875,0.4855811297893524,0.8618456125259399,0.7030461114120488,0.5588559483971965,1,1,FC_LUPA,agency_claim,lupa,>=2023,pt-BR,False,false_pure,checker_match,False,False,False
984193381796067291,val_sel,1,-0.5265551209449768,0.5625803470611572,1.089135468006134,0.7482188896401407,0.6168139081771663,1,1,FC_BOATOS,agency_claim,boatos,2018-2022,pt-BR,False,false_pure,checker,False,False,False
744487872623781241,val_sel,1,-0.5546562075614929,0.6580245494842529,1.2126807570457458,0.7707729343821654,0.6470833393907778,1,1,FC_G1,agency_claim,g1,>=2023,pt-BR,False,false_pure,checker,False,False,False
755321922465387590,val_sel,1,-0.3244055211544037,0.4012136459350586,0.7256191670894623,0.6738431937404967,0.5232232474124144,1,0,FC_AOSFATOS,agency_claim,aosfatos,>=2023,pt-BR,False,false_pure,checker,False,False,False
840910708348720312,val_sel,1,-0.23314756155014038,0.28903862833976746,0.5221861898899078,0.6276588283646788,0.46968093774863157,0,0,EXT_LIARBR,external_claim,ext_liarbr,sem_data,pt-BR,False,false_pure,checker,False,False,False
1040894738442920351,val_sel,1,-0.45591625571250916,0.6199524402618408,1.07586869597435,0.745711376557174,0.6135040821187383,1,1,FC_BOATOS,agency_claim,boatos,<=2017,pt-BR,False,false_pure,checker,False,False,False
5495,val_sel,0,-0.38247907161712646,0.5174084305763245,0.8998875021934509,0.7109263837425648,0.5687149758091189,1,1,Fake.br,portal,desconhecido,sem_data,desconhecido,False,none,v1,False,False,False
566015268225917262,val_sel,1,-0.4356786906719208,0.6221542358398438,1.0578329265117645,0.7422761969882503,0.6089876539088076,1,1,FC_BOATOS,agency_claim,boatos,2018-2022,pt-BR,False,false_pure,checker,False,False,False
323014812192799441,val_sel,1,-0.26618510484695435,0.3205939829349518,0.5867790877819061,0.642625778092486,0.48666444641183493,0,0,FC_POLIGRAFO,agency_claim,poligrafo,>=2023,pt-BR,True,other,checker,False,False,False
456273554647149395,val_sel,1,-0.23940512537956238,0.38185998797416687,0.6212651133537292,0.6505062241455193,0.49574704366337846,0,0,FC_BOATOS,agency_claim,boatos.org,>=2023,pt-BR,False,false_pure,checker_match,False,False,False
159772146021300256,val_sel,1,-0.5411410927772522,0.6263168454170227,1.167457938194275,0.7626852187812273,0.6361252349748964,1,1,FC_BOATOS,agency_claim,boatos,<=2017,pt-BR,False,false_pure,checker,False,False,False
554140755803835282,val_sel,1,-0.4773389995098114,0.6495782732963562,1.1269172728061676,0.7552695441222289,0.6261797644209517,1,1,FC_EFARSAS,agency_claim,efarsas,<=2017,pt-BR,False,false_pure,checker,False,False,False
789364927008665941,val_sel,1,-0.34007444977760315,0.4212212562561035,0.7612957060337067,0.6816349794659079,0.532592995510897,1,0,FC_BOATOS,agency_claim,boatos,<=2017,pt-BR,False,false_pure,checker,False,False,False
166768298349535486,val_sel,1,-0.2776411175727844,0.4568594694137573,0.7345005869865417,0.6757921173749966,0.5255575663021186,1,0,EXT_AVERITECBR,external_claim,ext_averitecbr,2018-2022,pt-BR,False,other,checker,False,False,False
15796,val_sel,1,-0.4133128225803375,0.4439903199672699,0.8573031425476074,0.7020968957543808,0.5576754452358411,1,1,FakeWhatsApp.BR_2018,whatsapp,desconhecido,2018-2022,desconhecido,False,none,v1,False,False,False
915257298124076633,val_sel,1,-0.38756635785102844,0.6059197783470154,0.9934861361980438,0.7297759493452785,0.5927264360173463,1,1,FC_EFARSAS,agency_claim,efarsas,2018-2022,pt-BR,False,false_pure,checker,False,False,False
39794,val_sel,1,-0.41685211658477783,0.7428250908851624,1.1596772074699402,0.7612740568100923,0.6342251598748653,1,1,fakes,agency_claim,desconhecido,2018-2022,desconhecido,False,none,v1,False,False,False
39319,val_sel,1,-0.6040158271789551,0.7001657485961914,1.3041815757751465,0.7865378942258094,0.6687794921841211,1,1,fakes,agency_claim,desconhecido,2018-2022,desconhecido,False,none,v1,False,False,False
324721044929080133,val_sel,1,-0.5300992727279663,0.6142054200172424,1.1443046927452087,0.7584691088489836,0.6304588910456278,1,1,FC_BOATOS,agency_claim,boatos,2018-2022,pt-BR,False,false_pure,checker,False,False,False
715423775565188304,val_sel,1,-0.3284110724925995,0.35567766427993774,0.6840887367725372,0.6646506492804003,0.5122959183242397,1,0,FC_BOATOS_VIRAL,social,boatos,>=2023,pt-BR,False,false_pure,checker,False,False,False
229200676105375851,val_sel,1,-0.5101256966590881,0.6895232796669006,1.1996489763259888,0.7684623324529715,0.643940800370849,1,1,FC_EFARSAS,agency_claim,efarsas,2018-2022,pt-BR,False,false_pure,checker,False,False,False
1015669741766913241,val_sel,0,-0.1312599778175354,0.13827161490917206,0.26953159272670746,0.5669779080508675,0.40427547073271985,0,0,NEWS_PODER360,press_true,poder360,<=2017,pt-BR,False,none,llm_local,False,False,False
175048080456784958,val_sel,1,-0.4408818483352661,0.4281168282032013,0.8689986765384674,0.7045373007066174,0.5607135430750844,1,1,FC_BOATOS,agency_claim,boatos,<=2017,pt-BR,False,false_pure,checker,False,False,False
590423611674120716,val_sel,1,-0.11283677816390991,0.11296723783016205,0.22580401599407196,0.5562123629488771,0.39322798399407266,0,0,EXT_LIARBR,external_claim,ext_liarbr,sem_data,pt-BR,False,false_pure,checker,False,False,False
409830749963616197,val_sel,1,-0.2579648792743683,0.3178894817829132,0.5758543610572815,0.6401129380485875,0.4837887481605594,0,0,FC_AFP,agency_claim,afp,>=2023,pt-BR,False,hard,checker,False,False,False
924752097009408630,val_sel,1,-0.47705093026161194,0.7081088423728943,1.1851597726345062,0.7658742760067727,0.6404322071186149,1,1,FC_BOATOS,agency_claim,boatos,2018-2022,pt-BR,False,false_pure,checker,False,False,False
772486226487464887,val_sel,1,-0.3739936947822571,0.40993747115135193,0.783931165933609,0.6865267511180075,0.5385262793683321,1,0,FC_POLIGRAFO,agency_claim,poligrafo,>=2023,pt-BR,True,false_pure,checker,False,False,False
33065,val_sel,1,-0.33805766701698303,0.4773399531841278,0.8153976202011108,0.6932585102151151,0.5467559167008466,1,1,fakes,agency_claim,desconhecido,2018-2022,desconhecido,False,false_pure,v1,False,False,False
24466,val_sel,1,-0.1773529052734375,0.38210538029670715,0.5594582855701447,0.6363271887525759,0.47947490909256757,0,0,fakes,agency_claim,desconhecido,sem_data,desconhecido,False,none,v1,False,False,False
482124440630546460,val_sel,1,-0.2808681130409241,0.41089802980422974,0.6917661428451538,0.6663596987897996,0.5143171656661064,1,0,EXT_LIARBR,external_claim,ext_liarbr,sem_data,pt-BR,False,false_pure,checker,False,False,False
268642394640339896,val_sel,1,-0.15288479626178741,0.15441972017288208,0.3073045164346695,0.5762271881871011,0.41389773259304247,0,0,EXT_AVERITECBR,external_claim,ext_averitecbr,2018-2022,pt-BR,False,other,checker,False,False,False
4997,val_sel,0,-0.3333473801612854,0.48493456840515137,0.8182819485664368,0.6938715238222233,0.5475090667687796,1,1,Fake.br,portal,desconhecido,sem_data,desconhecido,False,none,v1,False,False,False
694112013999872301,val_sel,1,-0.3912425637245178,0.4049510955810547,0.7961936593055725,0.6891596797394919,0.5417361216322885,1,1,FC_POLIGRAFO,agency_claim,poligrafo,2018-2022,pt-BR,True,other,checker,False,False,False
32549,val_sel,1,-0.43823572993278503,0.6492318511009216,1.0874675810337067,0.7479045507147802,0.6163983873329906,1,1,fakes,agency_claim,desconhecido,2018-2022,desconhecido,False,none,v1,False,False,False
35763,val_sel,1,-0.22658666968345642,0.2661215364933014,0.4927082061767578,0.6207442086686661,0.4619511523065599,0,0,fakes,agency_claim,desconhecido,2018-2022,desconhecido,True,none,v1,False,False,False
43907,val_sel,1,-0.3225914239883423,0.4133265018463135,0.7359179258346558,0.6761025748463145,0.5259299872363409,1,0,fakes,agency_claim,desconhecido,2018-2022,desconhecido,False,none,v1,False,False,False
510611402495080604,val_sel,1,-0.4615844786167145,0.48501667380332947,0.946601152420044,0.7204311288889121,0.5807465390369785,1,1,FC_BOATOS,agency_claim,boatos,<=2017,pt-BR,False,false_pure,checker,False,False,False
35733,val_sel,1,-0.28222307562828064,0.3421846926212311,0.6244077682495117,0.6512203616955826,0.49657495577169797,0,0,fakes,agency_claim,desconhecido,2018-2022,desconhecido,True,none,v1,False,False,False
352941316861046493,val_sel,0,-0.1129462867975235,0.2430334985256195,0.355979785323143,0.5880669062765878,0.4263938413625266,0,0,FC_POLIGRAFO,agency_claim,poligrafo,2018-2022,pt-BR,True,true_rating,checker,False,False,False
331933402288876874,val_sel,1,-0.4175441265106201,0.6117735505104065,1.0293176770210266,0.7367835919096335,0.6018090286128278,1,1,FC_POLIGRAFO,agency_claim,poligrafo,>=2023,pt-BR,True,false_pure,checker,False,False,False
896813101961085674,val_sel,0,-0.1828974187374115,0.2313610464334488,0.4142584651708603,0.6021085379957539,0.44147859757896085,0,0,FC_POLIGRAFO,agency_claim,poligrafo,2018-2022,pt-BR,True,true_rating,checker,False,False,False
911186536663517218,val_sel,1,-0.6057990193367004,0.617353618144989,1.2231526374816895,0.7726178791459859,0.649599402506763,1,1,FC_BOATOS,agency_claim,boatos,2018-2022,pt-BR,False,false_pure,checker,False,False,False
6976,val_sel,1,-0.46642765402793884,0.37205228209495544,0.8384799361228943,0.6981449764329165,0.5527768415042013,1,1,Fake.br,portal,desconhecido,sem_data,desconhecido,False,none,v1,False,False,False
100464342913782957,val_sel,1,-0.4697503447532654,0.6100860238075256,1.079836368560791,0.7464630163579589,0.6144950617639914,1,1,FC_ESTADAO,agency_claim,estadao,sem_data,pt-BR,False,false_pure,checker,False,False,False
947319310612290570,val_sel,1,-0.39930108189582825,0.5129864811897278,0.912287563085556,0.7134680407372471,0.5719172618708609,1,1,FC_OBSERVADOR,agency_claim,observador,>=2023,pt-PT,True,false_pure,checker,False,False,False
26203,val_sel,1,-0.43892061710357666,0.6799069046974182,1.1188275218009949,0.7537711690222545,0.6241820425597269,1,1,fakes,agency_claim,desconhecido,2018-2022,desconhecido,False,none,v1,False,False,False
350199090243735572,val_sel,0,-0.3922727406024933,0.31436610221862793,0.7066388428211212,0.6696580420228748,0.518231342964439,1,0,FC_POLIGRAFO,agency_claim,poligrafo,2018-2022,pt-BR,True,true_rating,checker,False,False,False
4605,val_sel,0,-0.27523383498191833,0.3419187366962433,0.6171525716781616,0.6495706687729035,0.49466365709003624,0,0,Fake.br,portal,desconhecido,sem_data,desconhecido,False,none,v1,False,False,False
267569571301898770,val_sel,0,-0.46561843156814575,0.35001662373542786,0.8156350553035736,0.693308998745312,0.5468179234142796,1,1,NEWS_BRASILDEFATO,press_true,brasildefato,<=2017,pt-BR,False,none,llm_local,False,False,False
1028195429682091005,val_sel,1,-0.5153568983078003,0.5473578572273254,1.0627147555351257,0.7432089967147234,0.6102120173677159,1,1,FC_EFARSAS,agency_claim,efarsas,<=2017,pt-BR,False,false_pure,checker,False,False,False
42219,val_sel,1,-0.22089546918869019,0.31123480200767517,0.5321302711963654,0.6299798267044275,0.47229196922774425,0,0,fakes,agency_claim,desconhecido,2018-2022,desconhecido,False,false_pure,v1,False,False,False
640742286544562943,val_sel,1,-0.33622246980667114,0.3093269169330597,0.6455493867397308,0.6560068274702414,0.5021448413386808,1,0,FC_POLIGRAFO,agency_claim,poligrafo,>=2023,pt-BR,True,false_pure,checker,False,False,False
16975,val_sel,0,-0.4193103015422821,0.5446138978004456,0.9639241993427277,0.7239068068754263,0.5851847612894554,1,1,FakeWhatsApp.BR_2018,whatsapp,desconhecido,2018-2022,desconhecido,False,none,v1,False,False,False
343301316209195533,val_sel,1,-0.5188143849372864,0.6346420049667358,1.1534563899040222,0.7601416742819898,0.6327030052819509,1,1,FC_FOLHA,agency_claim,folha,>=2023,pt-BR,False,false_pure,checker_match,False,False,False
148278310590320151,val_sel,0,-0.6288102269172668,0.5944107174873352,1.223220944404602,0.7726298790480381,0.6496157874044947,1,1,NEWS_ECO,press_true,eco,<=2017,pt-PT,True,none,llm_local,False,False,False
613428841180647061,val_sel,1,-0.6785185933113098,0.6043569445610046,1.2828755378723145,0.7829388590193403,0.6637871227037468,1,1,FC_OBSERVADOR,agency_claim,observador,>=2023,pt-PT,True,false_pure,checker,False,False,False
79331307454946490,val_sel,1,-0.4213040769100189,0.6640381813049316,1.0853422582149506,0.7475036241771335,0.6158686591081731,1,1,FC_BOATOS_VIRAL,social,boatos,>=2023,pt-BR,False,false_pure,checker,False,False,False
1109667748520902812,val_sel,1,-0.36730238795280457,0.41105225682258606,0.7783546447753906,0.685325393926073,0.537065490150788,1,0,FC_BOATOS,agency_claim,boatos.org,>=2023,pt-BR,False,false_pure,checker_match,False,False,False
554965016867870744,val_sel,0,-0.32473525404930115,0.29376474022865295,0.6184999942779541,0.6498773188660811,0.49501861006274667,0,0,FC_POLIGRAFO,agency_claim,poligrafo,>=2023,pt-BR,True,true_rating,checker,False,False,False
48409,val_sel,0,-0.36460819840431213,0.4107733964920044,0.7753815948963165,0.6846838893610693,0.5362864276201826,1,0,true,press_true,desconhecido,2018-2022,desconhecido,True,none,v1,False,False,False
596468317358126568,val_sel,1,-0.17035193741321564,0.3946825861930847,0.5650345236063004,0.6376166297417158,0.4809417169563084,0,0,FC_BOATOS,agency_claim,boatos,<=2017,pt-BR,False,false_pure,checker,False,False,False
43090,val_sel,1,-0.1488690823316574,0.25261127948760986,0.4014803618192673,0.5990432809283023,0.4381608721827347,0,0,fakes,agency_claim,desconhecido,2018-2022,desconhecido,False,none,v1,False,False,False
171158624998034685,val_sel,1,-0.1917707920074463,0.15788869559764862,0.3496594876050949,0.5865350031138702,0.4247655915697101,0,0,FC_POLIGRAFO,agency_claim,poligrafo,2018-2022,pt-BR,True,false_pure,checker,False,False,False
86093095980243796,val_sel,1,-0.5118451714515686,0.6626515984535217,1.1744967699050903,0.7639568659926075,0.6378404875665517,1,1,FC_BOATOS,agency_claim,boatos,>=2023,pt-BR,False,false_pure,checker,False,False,False
8335,val_sel,0,-0.3240673243999481,0.3448854684829712,0.6689527928829193,0.661268632366668,0.5083099301370047,1,0,Fake.br,portal,desconhecido,sem_data,desconhecido,False,none,v1,False,False,False
10987,val_sel,1,-0.36294493079185486,0.29087206721305847,0.6538169980049133,0.6578700982198826,0.5043229244012254,1,0,FakeWhatsApp.BR_2018,whatsapp,desconhecido,2018-2022,desconhecido,False,none,v1,False,False,False
28516,val_sel,1,-0.46045637130737305,0.45927926898002625,0.9197356402873993,0.7149882375253656,0.5738378357365197,1,1,fakes,agency_claim,desconhecido,2018-2022,desconhecido,False,none,v1,False,False,False
882746015648843759,val_sel,1,-0.35864198207855225,0.41533926129341125,0.7739812433719635,0.684381486705735,0.5359194157630419,1,0,FC_BOATOS_VIRAL,social,boatos,>=2023,pt-BR,False,false_pure,checker,False,False,False
43380,val_sel,1,-0.41428861021995544,0.5534752011299133,0.9677638113498688,0.7246735536516964,0.5861666404118523,1,1,fakes,agency_claim,desconhecido,2018-2022,desconhecido,False,false_pure,v1,False,False,False
496483437095718123,val_sel,1,-0.3547717034816742,0.5457805395126343,0.9005522429943085,0.7110629755081109,0.5688867918436256,1,1,EXT_AVERITECBR,external_claim,ext_averitecbr,2018-2022,pt-BR,False,other,checker,False,False,False
495666302149310586,val_sel,1,-0.41395673155784607,0.6141095757484436,1.0280663073062897,0.7365408374653756,0.6014929702892015,1,1,FC_BOATOS,agency_claim,boatos,>=2023,pt-BR,False,false_pure,checker,False,False,False
680486635982917055,val_sel,1,-0.5606376528739929,0.7270130515098572,1.28765070438385,0.7837492810819403,0.6649092605262312,1,1,FC_EFARSAS,agency_claim,efarsas,2018-2022,pt-BR,False,false_pure,checker,False,False,False
936510741832449481,val_sel,1,-0.4880705177783966,0.5601560473442078,1.0482265651226044,0.7404342056222062,0.6065743787600559,1,1,FC_G1,agency_claim,g1,2018-2022,pt-BR,False,false_pure,checker,False,False,False
763422688519316498,val_sel,1,-0.4280981421470642,0.47288596630096436,0.9009841084480286,0.7111516952225992,0.5689984075357456,1,1,FC_BOATOS,agency_claim,boatos,>=2023,pt-BR,False,false_pure,checker,False,False,False
30101,val_sel,1,-0.2988019585609436,0.4091736674308777,0.7079756259918213,0.6699536929511674,0.5185830533536074,1,0,fakes,agency_claim,desconhecido,sem_data,desconhecido,False,none,v1,False,False,False
48355,val_sel,0,-0.5916401147842407,0.6684007048606873,1.260040819644928,0.7790331345743347,0.6583956659988676,1,1,true,press_true,desconhecido,2018-2022,desconhecido,True,none,v1,False,False,False
378193642510397123,val_sel,1,-0.36171653866767883,0.502411425113678,0.8641279637813568,0.7035223821583866,0.5594488386900642,1,1,FC_POLIGRAFO,agency_claim,poligrafo,>=2023,pt-BR,True,other,checker,False,False,False
1110951910781251503,val_sel,1,-0.39371445775032043,0.5951718091964722,0.9888862669467926,0.7288678830992619,0.5915557143762615,1,1,FC_BOATOS_VIRAL,social,boatos,>=2023,pt-BR,False,false_pure,checker,False,False,False
62736896206784637,val_sel,1,-0.36796441674232483,0.47750160098075867,0.8454660177230835,0.6996151721593356,0.5545961667229781,1,1,FC_LUPA,agency_claim,lupa,>=2023,pt-BR,False,false_pure,checker_match,False,False,False
13718,val_sel,0,-0.2157350480556488,0.30023840069770813,0.5159734487533569,0.626205742949512,0.46805048238350583,0,0,FakeWhatsApp.BR_2018,whatsapp,desconhecido,2018-2022,desconhecido,False,none,v1,False,False,False
7390,val_sel,1,-0.5063889622688293,0.607798159122467,1.1141871213912964,0.7529088959416901,0.623034204974312,1,1,Fake.br,portal,desconhecido,sem_data,desconhecido,False,none,v1,False,False,False
486712359026517995,val_sel,1,-0.5273619294166565,0.6693136096000671,1.1966755390167236,0.7679328525002151,0.6432220207595631,1,1,FC_BOATOS,agency_claim,boatos,>=2023,pt-BR,False,false_pure,checker,False,False,False
47799,val_sel,0,-0.1869778335094452,0.1756807565689087,0.3626585900783539,0.5896838510573796,0.42811618565558557,0,0,true,press_true,desconhecido,2018-2022,desconhecido,False,none,v1,False,False,False
34155,val_sel,1,-0.4678848683834076,0.5318884253501892,0.9997732937335968,0.7310140031379078,0.5943248886546714,1,1,fakes,agency_claim,desconhecido,2018-2022,desconhecido,False,false_pure,v1,False,False,False
13697,val_sel,1,-0.38363391160964966,0.6226881742477417,1.0063220858573914,0.7322997589368576,0.5959877359907817,1,1,FakeWhatsApp.BR_2018,whatsapp,desconhecido,2018-2022,desconhecido,False,none,v1,False,False,False
792390900866578509,val_sel,1,-0.5536108613014221,0.6804545521736145,1.2340654134750366,0.7745293245350784,0.6522125722380235,1,1,FC_ESTADAO,agency_claim,estadao,sem_data,pt-BR,False,hard,checker,False,False,False
702954244787296103,val_sel,1,-0.3824235498905182,0.4993439316749573,0.8817674815654755,0.707188352762563,0.5640252442365986,1,1,FC_G1,agency_claim,g1,2018-2022,pt-BR,False,false_pure,checker,False,False,False
1049333575062202229,val_sel,1,-0.1357124298810959,0.16890856623649597,0.30462099611759186,0.5755717672508828,0.41321186774288476,0,0,FC_POLIGRAFO,agency_claim,poligrafo,>=2023,pt-BR,True,false_pure,checker,False,False,False
373152567895382978,val_sel,1,-0.5239459276199341,0.5604895949363708,1.084435522556305,0.7473324467113477,0.6156425751068089,1,1,FC_BOATOS,agency_claim,boatos,2018-2022,pt-BR,False,false_pure,checker,False,False,False
43275,val_sel,1,-0.3074335753917694,0.2772517502307892,0.5846853256225586,0.6421447856378084,0.4861132345037122,0,0,fakes,agency_claim,desconhecido,2018-2022,desconhecido,False,false_pure,v1,False,False,False
445997417297646493,val_sel,1,-0.19656841456890106,0.21341803669929504,0.4099864512681961,0.6010846301121978,0.4403688090591263,0,0,FC_POLIGRAFO,agency_claim,poligrafo,>=2023,pt-BR,True,false_pure,checker,False,False,False
3678,val_sel,1,-0.3654639422893524,0.6207045316696167,0.9861684739589691,0.728330460274874,0.5908635142267578,1,1,Fake.br,portal,desconhecido,sem_data,desconhecido,False,none,v1,False,False,False
553307939445335676,val_sel,0,-0.3655264973640442,0.3917745053768158,0.75730100274086,0.6807674656655102,0.5315448842633315,1,0,NEWS_PODER360,press_true,poder360,<=2017,pt-BR,False,none,llm_local,False,False,False
31287,val_sel,1,-0.29117611050605774,0.5390750765800476,0.8302511870861053,0.6964080393925923,0.5506320886095262,1,1,fakes,agency_claim,desconhecido,sem_data,desconhecido,False,none,v1,False,False,False
692536097231408743,val_sel,0,-0.23633278906345367,0.35461699962615967,0.5909497886896133,0.6435830416367083,0.4877625365800893,0,0,EXT_AVERITECBR,external_claim,ext_averitecbr,2018-2022,pt-BR,False,other,checker,False,False,False
288547005567505992,val_sel,1,-0.24580569565296173,0.3021712601184845,0.5479769557714462,0.633666102045745,0.4764559318126106,0,0,FC_BOATOS,agency_claim,boatos,<=2017,pt-BR,False,false_pure,checker,False,False,False
46112,val_sel,0,-0.2769332230091095,0.30172398686408997,0.5786572098731995,0.6407583718521824,0.48452644278501067,0,0,COVID19.BR_raw,covid,desconhecido,sem_data,desconhecido,False,none,v1,False,False,False
186764235587449260,val_sel,1,-0.5137442946434021,0.7267035245895386,1.2404478192329407,0.775641954069023,0.6537366764358324,1,1,FC_AOSFATOS,agency_claim,aosfatos,>=2023,pt-BR,False,false_pure,checker,False,False,False
48638,val_sel,0,-0.19836808741092682,0.10026644170284271,0.29863452911376953,0.574108682222036,0.41168303922635924,0,0,true,press_true,desconhecido,2018-2022,desconhecido,True,none,v1,False,False,False
368,val_sel,1,-0.4733940362930298,0.5203579664230347,0.9937520027160645,0.729828375820687,0.5927940701797745,1,1,COVID19.BR,covid,desconhecido,sem_data,desconhecido,False,none,v1,False,False,False
316762212239953287,val_sel,0,-0.2805926501750946,0.34271642565727234,0.6233090758323669,0.6509707716046333,0.496285509992196,0,0,FC_POLIGRAFO,agency_claim,poligrafo,2018-2022,pt-BR,True,true_rating,checker,False,False,False
29252619132704871,val_sel,0,-0.5004534721374512,0.6806396842002869,1.181093156337738,0.7651442992520537,0.6394447433596764,1,1,EXT_LIARBR,external_claim,ext_liarbr,sem_data,pt-BR,False,true_rating,checker,False,False,False
43024,val_sel,1,-0.45087891817092896,0.5854771733283997,1.0363560914993286,0.7381462997904811,0.6035851324675173,1,1,fakes,agency_claim,desconhecido,2018-2022,desconhecido,False,false_pure,v1,False,False,False
30082,val_sel,1,-0.5058030486106873,0.5920746922492981,1.0978777408599854,0.7498622469956286,0.6189890685559647,1,1,fakes,agency_claim,desconhecido,sem_data,desconhecido,False,none,v1,False,False,False
867236757144584875,val_sel,1,-0.3729913830757141,0.4902557134628296,0.8632470965385437,0.7033386191344404,0.5592200342968819,1,1,FC_BOATOS_VIRAL,social,boatos,>=2023,pt-BR,False,false_pure,checker,False,False,False
599403787944384036,val_sel,1,-0.43222203850746155,0.5582234263420105,0.990445464849472,0.7291759010181548,0.5919526659501795,1,1,EXT_LIARBR,external_claim,ext_liarbr,sem_data,pt-BR,False,false_pure,checker,False,False,False
653128322063261282,val_sel,1,-0.47813495993614197,0.32467561960220337,0.8028105795383453,0.6905753701104572,0.5434667524007649,1,1,FC_BOATOS,agency_claim,boatos,2018-2022,pt-BR,False,false_pure,checker,False,False,False
807374728395553251,val_sel,1,-0.2359941303730011,0.3848172128200531,0.6208113431930542,0.6504030534187752,0.49562750266904837,0,0,FC_UOL,agency_claim,uol,sem_data,pt-BR,False,hard,checker,False,False,False
826129039814845708,val_sel,1,-0.26391562819480896,0.3993796408176422,0.6632952690124512,0.6600002359794911,0.5068197461479983,1,0,FC_OBSERVADOR,agency_claim,observador,>=2023,pt-PT,True,false_pure,checker,False,False,False
32273,val_sel,1,-0.46835389733314514,0.6165458559989929,1.084899753332138,0.7474200957932072,0.615758331905255,1,1,fakes,agency_claim,desconhecido,2018-2022,desconhecido,False,none,v1,False,False,False
27411,val_sel,1,-0.48746514320373535,0.5064337849617004,0.9938989281654358,0.7298573454434841,0.5928314452456535,1,1,fakes,agency_claim,desconhecido,2018-2022,desconhecido,False,none,v1,False,False,False
570215356147870443,val_sel,0,-0.27091309428215027,0.4915449619293213,0.7624580562114716,0.6818871663357664,0.5328979138152146,1,0,EXT_LIARBR,external_claim,ext_liarbr,sem_data,pt-BR,False,true_rating,checker,False,False,False
48146,val_sel,0,-0.5505528450012207,0.41888925433158875,0.9694420993328094,0.7250082823876843,0.5865956035975243,1,1,true,press_true,desconhecido,2018-2022,desconhecido,False,other,v1,False,False,False
422672215537115749,val_sel,1,-0.35895612835884094,0.4461142420768738,0.8050703704357147,0.6910580364824311,0.5440575540833977,1,1,FC_BOATOS,agency_claim,boatos,>=2023,pt-BR,False,false_pure,checker,False,False,False
12693,val_sel,1,-0.4078291654586792,0.5596601366996765,0.9674893021583557,0.7246187797074202,0.5860964645840759,1,1,FakeWhatsApp.BR_2018,whatsapp,desconhecido,2018-2022,desconhecido,False,none,v1,False,False,False
48617,val_sel,0,-0.27291154861450195,0.3193543553352356,0.5922659039497375,0.6438848802187301,0.4881090772740137,0,0,true,press_true,desconhecido,2018-2022,desconhecido,True,none,v1,False,False,False
38490,val_sel,1,-0.3236221373081207,0.3525676429271698,0.6761897802352905,0.662887765980676,0.5102159238001518,1,0,fakes,agency_claim,desconhecido,2018-2022,desconhecido,True,none,v1,False,False,False
50560,val_sel,1,-0.5346736907958984,0.7104045152664185,1.245078206062317,0.7764467124173903,0.6548404330365266,1,1,MuMiN-PT,social,desconhecido,sem_data,desconhecido,False,false_pure,v1,False,False,False
315,val_sel,0,-0.33059313893318176,0.4879426062107086,0.8185357451438904,0.6939254310731144,0.5475753272632685,1,1,COVID19.BR,covid,desconhecido,sem_data,desconhecido,False,none,v1,False,False,False
709698137252676251,val_sel,0,-0.1624530553817749,0.2949592173099518,0.4574122726917267,0.6124001160542372,0.45272009470414676,0,0,FC_POLIGRAFO,agency_claim,poligrafo,>=2023,pt-BR,True,true_rating,checker,False,False,False
17599685867203527,val_sel,1,-0.4175386130809784,0.5212032198905945,0.9387418329715729,0.7188454434954662,0.5787285931171641,1,1,FC_COMPROVA,agency_claim,comprova,>=2023,pt-BR,False,other,checker,False,False,False
203053206065461830,val_sel,1,-0.4240516722202301,0.5632203221321106,0.9872719943523407,0.7285487535342977,0.5911446156504271,1,1,FC_BOATOS,agency_claim,boatos.org,2018-2022,pt-BR,False,false_pure,checker_match,False,False,False
1008614683026246898,val_sel,1,-0.5446403622627258,0.6834705471992493,1.228110909461975,0.773487768225494,0.6507878327593042,1,1,FC_AOSFATOS,agency_claim,aosfatos,>=2023,pt-BR,False,false_pure,checker,False,False,False
1001662074332722870,val_sel,1,-0.41338807344436646,0.48844394087791443,0.9018320143222809,0.7113258365870638,0.5692175285357788,1,1,FC_BOATOS,agency_claim,boatos,>=2023,pt-BR,False,false_pure,checker,False,False,False
307316760119329067,val_sel,1,-0.6359941363334656,0.6477102041244507,1.2837043404579163,0.7830796773437142,0.6639820197906192,1,1,FC_BOATOS,agency_claim,boatos,>=2023,pt-BR,False,false_pure,checker,False,False,False
867110141864631491,val_sel,1,-0.412887305021286,0.5720568299293518,0.9849441349506378,0.7280881384792776,0.5905515669749564,1,1,FC_BOATOS_VIRAL,social,boatos,>=2023,pt-BR,False,false_pure,checker,False,False,False
186413070409388019,val_sel,0,-0.20929259061813354,0.22560477256774902,0.43489736318588257,0.6070425051598427,0.4468482381092326,0,0,FC_POLIGRAFO,agency_claim,poligrafo,2018-2022,pt-BR,True,true_rating,checker,False,False,False
188752566752043318,val_sel,0,-0.18136413395404816,0.19952568411827087,0.38088981807231903,0.5940876982941775,0.4328264517791547,0,0,EXT_LIARBR,external_claim,ext_liarbr,sem_data,pt-BR,False,true_rating,checker,False,False,False
48033,val_sel,0,-0.3441193103790283,0.30742794275283813,0.6515472531318665,0.657359047877625,0.5037249782062999,1,0,true,press_true,desconhecido,2018-2022,desconhecido,False,none,v1,False,False,False
48863,val_sel,0,-0.19418436288833618,0.011048341169953346,0.20523270405828953,0.5511288376814111,0.38806757502962785,0,0,true,press_true,desconhecido,2018-2022,desconhecido,True,none,v1,False,False,False
4262,val_sel,1,-0.4631882309913635,0.455719918012619,0.9189081490039825,0.7148195813093958,0.5736245662762505,1,1,Fake.br,portal,desconhecido,sem_data,desconhecido,False,none,v1,False,False,False
41423,val_sel,1,-0.37145084142684937,0.45231252908706665,0.823763370513916,0.6950346147451046,0.5489397625263328,1,1,fakes,agency_claim,desconhecido,2018-2022,desconhecido,True,true_rating,v1,False,False,False
38432,val_sel,1,-0.052230920642614365,-0.06363240629434586,-0.011401485651731491,0.4971496594642345,0.33542722147610193,0,0,fakes,agency_claim,desconhecido,2018-2022,desconhecido,True,none,v1,False,False,False
7898,val_sel,1,-0.5341069102287292,0.21105685830116272,0.745163768529892,0.6781239966529811,0.5283587047708512,1,0,Fake.br,portal,desconhecido,sem_data,desconhecido,False,none,v1,False,False,False
1047610848905101103,val_sel,1,-0.5181114077568054,0.5275251269340515,1.045636534690857,0.7399361141672213,0.6059228240554865,1,1,FC_BOATOS,agency_claim,boatos,<=2017,pt-BR,False,false_pure,checker,False,False,False
2251,val_sel,0,-0.3486185669898987,0.18647658824920654,0.5350951552391052,0.6306706899769683,0.47307076298104206,0,0,Fake.br,portal,desconhecido,sem_data,desconhecido,False,none,v1,False,False,False
47433,val_sel,0,-0.18931707739830017,0.35551711916923523,0.5448341965675354,0.6329362567577383,0.4756298442882389,0,0,true,press_true,desconhecido,2018-2022,desconhecido,False,none,v1,False,False,False
28022,val_sel,1,-0.34177225828170776,0.39214518666267395,0.7339174449443817,0.675664339531208,0.5254043312168889,1,0,fakes,agency_claim,desconhecido,<=2017,desconhecido,False,none,v1,False,False,False
123269187328909686,val_sel,1,-0.3664873540401459,0.3975593149662018,0.7640466690063477,0.6822316639362402,0.533314613429826,1,0,FC_LUPA,agency_claim,lupa,>=2023,pt-BR,False,false_pure,checker_match,False,False,False
6344,val_sel,1,-0.25560876727104187,0.4503014385700226,0.7059102058410645,0.6694968358352548,0.5180396294533769,1,0,Fake.br,portal,desconhecido,sem_data,desconhecido,False,none,v1,False,False,False
12933,val_sel,0,-0.3542107343673706,0.5078563094139099,0.8620670437812805,0.7030923380407725,0.5589134773536882,1,1,FakeWhatsApp.BR_2018,whatsapp,desconhecido,2018-2022,desconhecido,False,none,v1,False,False,False
1062518074690548761,val_sel,1,-0.4498779773712158,0.38196274638175964,0.8318407237529755,0.6967440004483487,0.5510465369693754,1,1,FC_POLIGRAFO,agency_claim,poligrafo,>=2023,pt-BR,True,false_pure,checker,False,False,False
2170,val_sel,1,-0.472202330827713,0.38367196917533875,0.8558743000030518,0.7017979572841493,0.5573039803073657,1,1,Fake.br,portal,desconhecido,sem_data,desconhecido,False,none,v1,False,False,False
872,val_sel,0,-0.24673223495483398,0.4333145022392273,0.6800467371940613,0.6637491285819933,0.5112316065276934,1,0,COVID19.BR,covid,desconhecido,sem_data,desconhecido,False,none,v1,False,False,False
869602724784498431,val_sel,1,-0.2413751184940338,0.23447540402412415,0.47585052251815796,0.6167675585184296,0.4575386593949672,0,0,FC_POLIGRAFO,agency_claim,poligrafo,>=2023,pt-BR,True,false_pure,checker,False,False,False
359473742155487800,val_sel,1,-0.5397800803184509,0.6735537648200989,1.2133338451385498,0.7708883028986326,0.6472404962721254,1,1,FC_POLIGRAFO,agency_claim,poligrafo,>=2023,pt-BR,True,false_pure,checker,False,False,False
866309899526894557,val_sel,0,-0.2744857370853424,0.42796286940574646,0.7024486064910889,0.668730435994839,0.5171287677368415,1,0,NEWS_BRASILDEFATO,press_true,brasildefato,<=2017,pt-BR,False,none,llm_local,False,False,False
34366,val_sel,1,-0.5075303316116333,0.539462149143219,1.0469924807548523,0.7401969548627678,0.6062639764639185,1,1,fakes,agency_claim,desconhecido,sem_data,desconhecido,False,none,v1,False,False,False
14117,val_sel,1,-0.40481963753700256,0.5438521504402161,0.9486717879772186,0.7208479854237854,0.5812777456859846,1,1,FakeWhatsApp.BR_2018,whatsapp,desconhecido,2018-2022,desconhecido,False,none,v1,False,False,False
545936750000496759,val_sel,1,-0.49072161316871643,0.6055002808570862,1.0962218940258026,0.7495515332149618,0.6185774415246988,1,1,FC_POLIGRAFO,agency_claim,poligrafo,2018-2022,pt-BR,True,other,checker,False,False,False
535394486169939449,val_sel,0,-0.2673756182193756,0.33662188053131104,0.6039974987506866,0.6465703375193278,0.4911985397174092,0,0,EXT_LIARBR,external_claim,ext_liarbr,sem_data,pt-BR,False,true_rating,checker,False,False,False
38398,val_sel,1,-0.37215375900268555,0.4672737419605255,0.8394275009632111,0.6983446273903035,0.5530236916420972,1,1,fakes,agency_claim,desconhecido,2018-2022,desconhecido,True,none,v1,False,False,False
667817847261294897,val_sel,1,-0.6655222177505493,0.5303933620452881,1.1959155797958374,0.7677973910818939,0.6430382094351992,1,1,FC_BOATOS,agency_claim,boatos,>=2023,pt-BR,False,false_pure,checker,False,False,False
817214803911874883,val_sel,1,-0.20494039356708527,0.3395899832248688,0.544530376791954,0.6328656680811707,0.47554999097411804,0,0,FC_POLIGRAFO,agency_claim,poligrafo,2018-2022,pt-BR,True,false_pure,checker,False,False,False
514707685006723591,val_sel,1,-0.5542929768562317,0.7709636688232422,1.3252566456794739,0.7900549459338193,0.6736806615976336,1,1,FC_G1,agency_claim,g1,2018-2022,pt-BR,False,false_pure,checker,False,False,False
6933,val_sel,0,-0.2897006571292877,0.4099106788635254,0.6996113359928131,0.6681015947221787,0.516382102506882,1,0,Fake.br,portal,desconhecido,sem_data,desconhecido,False,none,v1,False,False,False
722175282275932290,val_sel,0,-0.19138652086257935,0.18038764595985413,0.37177416682243347,0.5918876100221118,0.4304697360332648,0,0,EXT_LIARBR,external_claim,ext_liarbr,sem_data,pt-BR,False,true_rating,checker,False,False,False
4228,val_sel,1,-0.3930319845676422,0.23568907380104065,0.6287210583686829,0.6521994095327934,0.4977112938215541,0,0,Fake.br,portal,desconhecido,sem_data,desconhecido,False,none,v1,False,False,False
15555,val_sel,0,-0.41411665081977844,0.6122872233390808,1.0264038741588593,0.7362181180897709,0.6010729588823751,1,1,FakeWhatsApp.BR_2018,whatsapp,desconhecido,2018-2022,desconhecido,False,none,v1,False,False,False
47792,val_sel,0,-0.24265038967132568,0.17171266674995422,0.4143630564212799,0.6021335950563003,0.44150577578994266,0,0,true,press_true,desconhecido,2018-2022,desconhecido,False,none,v1,False,False,False
34872,val_sel,1,-0.44873660802841187,0.6666861176490784,1.1154227256774902,0.7531386923283914,0.6233399763624481,1,1,fakes,agency_claim,desconhecido,2018-2022,desconhecido,False,hard,v1,False,False,False
28018,val_sel,1,-0.3915327489376068,0.5620974898338318,0.9536302387714386,0.7218446620064644,0.5825490326271282,1,1,fakes,agency_claim,desconhecido,2018-2022,desconhecido,False,none,v1,False,False,False
840386951376685767,val_sel,0,-0.37310245633125305,0.5873385071754456,0.9604409635066986,0.7232100846777875,0.5842934299841691,1,1,NEWS_PODER360,press_true,poder360,<=2017,pt-BR,False,none,llm_local,False,False,False
811248577428251257,val_sel,0,-0.4051417410373688,0.7659614086151123,1.171103149652481,0.7633443573253591,0.6370139508728575,1,1,FC_EFARSAS,agency_claim,efarsas,2018-2022,pt-BR,False,true_rating,checker,False,False,False
26561,val_sel,1,-0.45227956771850586,0.5311589241027832,0.9834384918212891,0.7277899552290328,0.5901678467999668,1,1,fakes,agency_claim,desconhecido,2018-2022,desconhecido,False,none,v1,False,False,False
760242381133151826,val_sel,1,-0.4548473656177521,0.5760210156440735,1.0308683812618256,0.7370842150145412,0.6022005720700065,1,1,FC_LUPA,agency_claim,lupa,>=2023,pt-BR,False,false_pure,checker_match,False,False,False
41048,val_sel,1,-0.38986197113990784,0.4936939477920532,0.8835559189319611,0.7075585525554119,0.5644886424173053,1,1,fakes,agency_claim,desconhecido,2018-2022,desconhecido,True,false_pure,v1,False,False,False
458325153466966221,val_sel,1,-0.3152782618999481,0.26213890314102173,0.5774171650409698,0.6404728797571311,0.4842000611949066,0,0,FC_BOATOS,agency_claim,boatos,2018-2022,pt-BR,False,false_pure,checker,False,False,False
15340,val_sel,0,-0.3528505861759186,0.2409971058368683,0.5938476920127869,0.644247497094107,0.48852558623530984,0,0,FakeWhatsApp.BR_2018,whatsapp,desconhecido,2018-2022,desconhecido,False,none,v1,False,False,False
8908,val_sel,1,-0.5336002111434937,0.6468220353126526,1.1804222464561462,0.7650237163065837,0.6392817180330651,1,1,Fake.br,portal,desconhecido,sem_data,desconhecido,False,none,v1,False,False,False
1014330478509367672,val_sel,1,-0.4514991343021393,0.5715378522872925,1.0230369865894318,0.7355637453371141,0.6002218642813941,1,1,FC_AFP,agency_claim,afp,>=2023,pt-BR,False,false_pure,checker,False,False,False
906931738294548077,val_sel,1,-0.46011772751808167,0.6062042117118835,1.0663219392299652,0.7438968213265341,0.6111158088846177,1,1,FC_POLIGRAFO,agency_claim,poligrafo,>=2023,pt-BR,True,other,checker,False,False,False
691965155991366353,val_sel,1,-0.22224558889865875,0.40222516655921936,0.6244707554578781,0.6512346679952558,0.4965915495515532,0,0,EXT_AVERITECBR,external_claim,ext_averitecbr,2018-2022,pt-BR,False,other,checker,False,False,False
44177,val_sel,1,-0.40933841466903687,0.6444222927093506,1.0537607073783875,0.741496404060985,0.6079652892200379,1,1,fakes,agency_claim,desconhecido,2018-2022,desconhecido,False,none,v1,False,False,False
111771047518287385,val_sel,1,-0.41404953598976135,0.674216628074646,1.0882661640644073,0.7480550884113483,0.6165973596535016,1,1,FC_G1,agency_claim,g1,2018-2022,pt-BR,False,false_pure,checker,False,False,False
17145440922527059,val_sel,1,-0.24573655426502228,0.5175632238388062,0.7632997781038284,0.6820697222131259,0.5331187066541804,1,0,FC_BOATOS,agency_claim,boatos,<=2017,pt-BR,False,false_pure,checker,False,False,False
764653293765588916,val_sel,1,-0.5586128234863281,0.6424692273139954,1.2010820508003235,0.7687172183887248,0.6442869912883568,1,1,FC_BOATOS_VIRAL,social,boatos,>=2023,pt-BR,False,false_pure,checker,False,False,False
34145,val_sel,1,-0.5212975144386292,0.6497310996055603,1.1710286140441895,0.7633308922221009,0.6369957881654414,1,1,fakes,agency_claim,desconhecido,2018-2022,desconhecido,False,false_pure,v1,False,False,False
8002,val_sel,1,-0.6352757811546326,0.2556075155735016,0.8908832967281342,0.7090724203646303,0.5663860391292904,1,1,Fake.br,portal,desconhecido,sem_data,desconhecido,False,none,v1,False,False,False
46537,val_sel,0,-0.20678803324699402,0.37342777848243713,0.5802158117294312,0.6411170630989822,0.4849366877316126,0,0,COVID19.BR_raw,covid,desconhecido,sem_data,desconhecido,False,none,v1,False,False,False
38136,val_sel,1,-0.2770657241344452,0.35456761717796326,0.6316333413124084,0.6528597250736725,0.4984785500468034,0,0,fakes,agency_claim,desconhecido,2018-2022,desconhecido,True,none,v1,False,False,False
29968,val_sel,1,-0.344203919172287,0.4658011496067047,0.8100050687789917,0.6921105844268144,0.5453472527290676,1,1,fakes,agency_claim,desconhecido,sem_data,desconhecido,False,none,v1,False,False,False
34752,val_sel,1,-0.4034278392791748,0.5116432309150696,0.9150710701942444,0.7140367386983758,0.5726352786128287,1,1,fakes,agency_claim,desconhecido,2018-2022,desconhecido,False,none,v1,False,False,False
29818,val_sel,1,-0.5388195514678955,0.5110484957695007,1.0498680472373962,0.740749559824887,0.6069871181570996,1,1,fakes,agency_claim,desconhecido,sem_data,desconhecido,False,none,v1,False,False,False
51014,val_sel,1,-0.3429061472415924,0.27056384086608887,0.6134699881076813,0.6487319463490788,0.49369357866724206,0,0,MuMiN-PT,social,desconhecido,sem_data,desconhecido,False,false_pure,v1,False,False,False
1026801340633299320,val_sel,0,-0.32153987884521484,0.37650081515312195,0.6980406939983368,0.6677532257472393,0.5159687356392971,1,0,FC_POLIGRAFO,agency_claim,poligrafo,2018-2022,pt-BR,True,true_rating,checker,False,False,False
14989,val_sel,0,-0.40568360686302185,0.4674704372882843,0.8731540441513062,0.7054015648917332,0.5617918822976479,1,1,FakeWhatsApp.BR_2018,whatsapp,desconhecido,2018-2022,desconhecido,False,none,v1,False,False,False
1961,val_sel,0,-0.45872992277145386,0.5437366366386414,1.0024665594100952,0.7315432571704962,0.5950090179201422,1,1,Fake.br,portal,desconhecido,sem_data,desconhecido,False,none,v1,False,False,False
39019,val_sel,1,-0.49316316843032837,0.4747253656387329,0.9678885340690613,0.7246984378550836,0.5861985235075153,1,1,fakes,agency_claim,desconhecido,2018-2022,desconhecido,False,false_pure,v1,False,False,False
314949295587437394,val_sel,1,-0.24050983786582947,0.30245891213417053,0.54296875,0.6325027540011314,0.4751395665577294,0,0,FC_BOATOS,agency_claim,boatos,2018-2022,pt-BR,False,false_pure,checker,False,False,False
265377582895206133,val_sel,1,-0.5299723744392395,0.6074131727218628,1.1373855471611023,0.7571992989883517,0.6287584693664666,1,1,FC_BOATOS_VIRAL,social,boatos,<=2017,pt-BR,False,false_pure,checker,False,False,False
604963444459474473,val_sel,1,-0.47445765137672424,0.4590912163257599,0.9335488677024841,0.7177947188258874,0.577393807106894,1,1,EXT_AVERITECBR,external_claim,ext_averitecbr,2018-2022,pt-BR,False,other,checker,False,False,False
123299257929245007,val_sel,0,-0.19430169463157654,0.5273959040641785,0.721697598695755,0.6729807302799748,0.5221922057908801,1,0,NEWS_OECO,press_true,oeco,<=2017,pt-BR,False,none,llm_local,False,False,False
30046,val_sel,1,-0.3406699001789093,0.5466211438179016,0.8872910439968109,0.708330822963286,0.5654560785168312,1,1,fakes,agency_claim,desconhecido,sem_data,desconhecido,False,none,v1,False,False,False
304781675643232458,val_sel,0,-0.23592907190322876,0.19011326134204865,0.4260423332452774,0.6049282192333485,0.4445428231169006,0,0,FC_POLIGRAFO,agency_claim,poligrafo,2018-2022,pt-BR,True,true_rating,checker,False,False,False
24527,val_sel,1,-0.3018881678581238,0.25721362233161926,0.559101790189743,0.6362446864018814,0.4793811461254263,0,0,fakes,agency_claim,desconhecido,2018-2022,desconhecido,False,none,v1,False,False,False
31950,val_sel,1,-0.5722873210906982,0.6720395088195801,1.2443268299102783,0.7763162635472457,0.6546614387069952,1,1,fakes,agency_claim,desconhecido,2018-2022,desconhecido,False,false_pure,v1,False,False,False
6953,val_sel,0,-0.3407289385795593,0.4302564263343811,0.7709853649139404,0.6837340093988428,0.5351341092329636,1,0,Fake.br,portal,desconhecido,sem_data,desconhecido,False,none,v1,False,False,False
25422,val_sel,1,-0.15792512893676758,0.3005777895450592,0.4585029184818268,0.6126589667583177,0.4530048814610907,0,0,fakes,agency_claim,desconhecido,2018-2022,desconhecido,False,none,v1,False,False,False
854047385256099206,val_sel,1,-0.3274956941604614,0.5252062678337097,0.8527019619941711,0.701133633324615,0.5564790196159013,1,1,EXT_AVERITECBR,external_claim,ext_averitecbr,2018-2022,pt-BR,False,other,checker,False,False,False
338567537769098766,val_sel,0,-0.42696353793144226,0.579815685749054,1.0067792236804962,0.7323893652657881,0.5961037290953252,1,1,EXT_LIARBR,external_claim,ext_liarbr,sem_data,pt-BR,False,true_rating,checker,False,False,False
26090,val_sel,1,-0.18026766180992126,0.3637990355491638,0.5440666973590851,0.6327579270528009,0.47542812396693335,0,0,fakes,agency_claim,desconhecido,2018-2022,desconhecido,False,none,v1,False,False,False
293695184760503067,val_sel,1,-0.19216571748256683,0.2855016589164734,0.4776673763990402,0.6171969085942196,0.4580139125419067,0,0,FC_POLIGRAFO,agency_claim,poligrafo,>=2023,pt-BR,True,false_pure,checker,False,False,False
8339,val_sel,0,-0.3816089928150177,0.3200407028198242,0.7016496956348419,0.668553429389745,0.5169185313780055,1,0,Fake.br,portal,desconhecido,sem_data,desconhecido,False,none,v1,False,False,False
379733337844176247,val_sel,1,-0.4641028940677643,0.560121476650238,1.0242243707180023,0.7357946384847152,0.6005220851018097,1,1,FC_SBT,agency_claim,sbt,>=2023,pt-BR,False,false_pure,checker_match,False,False,False
843007307700773658,val_sel,1,-0.39158985018730164,0.5235904455184937,0.9151802957057953,0.7140590407457038,0.5726634475499485,1,1,FC_BOATOS_VIRAL,social,boatos,<=2017,pt-BR,False,false_pure,checker,False,False,False
36099,val_sel,1,-0.1404249519109726,0.3078814744949341,0.4483064264059067,0.6102364962859725,0.45034362381967236,0,0,fakes,agency_claim,desconhecido,2018-2022,desconhecido,True,none,v1,False,False,False
216217790505057281,val_sel,1,-0.48531490564346313,0.6733585000038147,1.1586734056472778,0.7610915821734938,0.6339797228147944,1,1,FC_BOATOS,agency_claim,boatos,>=2023,pt-BR,False,false_pure,checker,False,False,False
1134021443345423550,val_sel,1,-0.5624175667762756,0.7399687767028809,1.3023863434791565,0.7862363267951772,0.6683602812309476,1,1,EXT_AVERITECBR,external_claim,ext_averitecbr,2018-2022,pt-BR,False,other,checker,False,False,False
40277,val_sel,1,-0.6170693635940552,0.7337835431098938,1.350852906703949,0.7942690330268574,0.6795825442482815,1,1,fakes,agency_claim,desconhecido,2018-2022,desconhecido,False,hard,v1,False,False,False
120622650383852149,val_sel,1,-0.548550546169281,0.7702478766441345,1.3187984228134155,0.7889817259267454,0.6721827191026433,1,1,FC_FOLHA,agency_claim,folha,>=2023,pt-BR,False,hard,checker_match,False,False,False
33972,val_sel,1,-0.4748252332210541,0.6794063448905945,1.1542315781116486,0.7602829829836869,0.6328928290380409,1,1,fakes,agency_claim,desconhecido,2018-2022,desconhecido,False,false_pure,v1,False,False,False
544659791114846741,val_sel,1,-0.1178523451089859,0.22323860228061676,0.34109094738960266,0.584455502735548,0.42256075516339314,0,0,FC_POLIGRAFO,agency_claim,poligrafo,2018-2022,pt-BR,True,false_pure,checker,False,False,False
407367651395585497,val_sel,1,-0.5980635285377502,0.7354288101196289,1.3334923386573792,0.7914177218071909,0.6755857423842573,1,1,FC_G1,agency_claim,g1,2018-2022,pt-BR,False,false_pure,checker,False,False,False
828964393321536133,val_sel,1,-0.5293761491775513,0.6482505202293396,1.1776266694068909,0.7645208043064688,0.6386020715573612,1,1,FC_BOATOS,agency_claim,boatos,2018-2022,pt-BR,False,false_pure,checker,False,False,False
35007,val_sel,1,-0.5290623307228088,0.5558922290802002,1.084954559803009,0.7474304421991291,0.6157719971346179,1,1,fakes,agency_claim,desconhecido,sem_data,desconhecido,False,other,v1,False,False,False
11499,val_sel,0,-0.3192541301250458,0.5146291255950928,0.8338832557201385,0.6971753971914395,0.551578993081732,1,1,FakeWhatsApp.BR_2018,whatsapp,desconhecido,2018-2022,desconhecido,False,none,v1,False,False,False
7052,val_sel,1,-0.4587952196598053,0.6423211097717285,1.1011163294315338,0.7504692136654331,0.6197936549350436,1,1,Fake.br,portal,desconhecido,sem_data,desconhecido,False,none,v1,False,False,False
1046563238898728348,val_sel,0,-0.3025565445423126,0.35427260398864746,0.6568291485309601,0.6585477413695002,0.5051164320658664,1,0,EXT_LIARBR,external_claim,ext_liarbr,sem_data,pt-BR,False,true_rating,checker,False,False,False
14949870560966907,val_sel,1,-0.5244142413139343,0.7007045149803162,1.2251187562942505,0.7729631007504378,0.6500708775385012,1,1,FC_G1,agency_claim,g1,>=2023,pt-BR,False,false_pure,checker,False,False,False
455869605709766316,val_sel,1,-0.28847387433052063,0.49872660636901855,0.7872004806995392,0.6872299036428464,0.5393823818876611,1,0,EXT_LIARBR,external_claim,ext_liarbr,sem_data,pt-BR,False,false_pure,checker,False,False,False
140836062191794097,val_sel,1,-0.25336286425590515,0.2534560561180115,0.5068189203739166,0.6240604595919376,0.4656492448753477,0,0,FC_POLIGRAFO,agency_claim,poligrafo,>=2023,pt-BR,True,hard,checker,False,False,False
898574018077063220,val_sel,0,-0.27681025862693787,0.4285663962364197,0.7053766548633575,0.6693787658966184,0.517899242139984,1,0,NEWS_PODER360,press_true,poder360,<=2017,pt-BR,False,none,llm_local,False,False,False
954390498746437401,val_sel,1,-0.4579315483570099,0.43734386563301086,0.8952754139900208,0.7099776319416943,0.5675224326712373,1,1,FC_BOATOS_VIRAL,social,boatos,>=2023,pt-BR,False,false_pure,checker,False,False,False
5098,val_sel,1,-0.31742098927497864,0.5293444991111755,0.8467654883861542,0.6998881899775152,0.5549344168681924,1,1,Fake.br,portal,desconhecido,sem_data,desconhecido,False,none,v1,False,False,False
138172836171505443,val_sel,1,-0.3905835747718811,0.6195369362831116,1.0101205110549927,0.7330437327840583,0.596951212805805,1,1,EXT_AVERITECBR,external_claim,ext_averitecbr,2018-2022,pt-BR,False,other,checker,False,False,False
297959008922500806,val_sel,1,-0.4927961230278015,0.6124860644340515,1.105282187461853,0.7512485195204882,0.6208276421054634,1,1,FC_AOSFATOS,agency_claim,aosfatos,>=2023,pt-BR,False,false_pure,checker,False,False,False
329299621638767176,val_sel,1,-0.1671627014875412,0.3137300908565521,0.4808927923440933,0.6179586725064654,0.4588578054529357,0,0,FC_AFP,agency_claim,afp,>=2023,pt-BR,False,false_pure,checker,False,False,False
703445329539472893,val_sel,1,-0.5546895861625671,0.7315570712089539,1.286246657371521,0.783511219480933,0.6645795099244857,1,1,FC_EFARSAS,agency_claim,efarsas,<=2017,pt-BR,False,false_pure,checker,False,False,False
1027251725270205599,val_sel,1,-0.14168432354927063,0.15879245102405548,0.3004767745733261,0.5745590641801696,0.4121533331946444,0,0,FC_POLIGRAFO,agency_claim,poligrafo,2018-2022,pt-BR,True,other,checker,False,False,False
26726,val_sel,1,-0.3303547203540802,0.3515044152736664,0.6818591356277466,0.6641535108200639,0.5117088481082874,1,0,fakes,agency_claim,desconhecido,2018-2022,desconhecido,False,none,v1,False,False,False
545913423112525646,val_sel,1,-0.4812203049659729,0.6175516843795776,1.0987719893455505,0.7500299426814899,0.619211298785859,1,1,FC_UOL,agency_claim,uol,sem_data,pt-BR,False,false_pure,checker,False,False,False
1017483818717505517,val_sel,1,-0.404288649559021,0.47521066665649414,0.8794993162155151,0.7067184563692593,0.5634373839876625,1,1,FC_POLIGRAFO,agency_claim,poligrafo,>=2023,pt-BR,True,false_pure,checker,False,False,False
31677,val_sel,1,-0.46235862374305725,0.6101725697517395,1.0725311934947968,0.7450779807447883,0.6126697669030844,1,1,fakes,agency_claim,desconhecido,sem_data,desconhecido,False,none,v1,False,False,False
465428840643730504,val_sel,0,-0.2728601396083832,0.3179214596748352,0.5907815992832184,0.6435444607614186,0.48771825218579684,0,0,FC_POLIGRAFO,agency_claim,poligrafo,2018-2022,pt-BR,True,true_rating,checker,False,False,False
449336945269315598,val_sel,0,-0.4909985661506653,0.6334845423698425,1.1244831085205078,0.7548193398585933,0.6255791091211995,1,1,EXT_AVERITECBR,external_claim,ext_averitecbr,2018-2022,pt-BR,False,other,checker,False,False,False
669901154335480977,val_sel,1,-0.37715449929237366,0.5593112111091614,0.936465710401535,0.7183851948781842,0.5781436850424326,1,1,FC_BOATOS,agency_claim,boatos,2018-2022,pt-BR,False,false_pure,checker,False,False,False
493365583871810778,val_sel,1,-0.5395564436912537,0.6744816303253174,1.214038074016571,0.77101265974185,0.6474099238087663,1,1,FC_ESTADAO,agency_claim,estadao,sem_data,pt-BR,False,false_pure,checker,False,False,False
1805,val_sel,0,-0.36807405948638916,0.501422107219696,0.8694961667060852,0.7046408499561226,0.560842674743993,1,1,COVID19.BR,covid,desconhecido,sem_data,desconhecido,False,none,v1,False,False,False
31946,val_sel,1,-0.12267734855413437,0.11614394932985306,0.23882129788398743,0.5594231562471877,0.39650586561552664,0,0,fakes,agency_claim,desconhecido,2018-2022,desconhecido,False,none,v1,False,False,False
34445,val_sel,1,-0.4903935492038727,0.4921090304851532,0.9825025796890259,0.7276045005276819,0.589929269854169,1,1,fakes,agency_claim,desconhecido,2018-2022,desconhecido,False,none,v1,False,False,False
582854186732124036,val_sel,1,-0.28390446305274963,0.6732164025306702,0.9571208655834198,0.7225449842976913,0.5834433306388837,1,1,FC_EFARSAS,agency_claim,efarsas,<=2017,pt-BR,False,false_pure,checker,False,False,False
193120271500607276,val_sel,1,-0.2554822564125061,0.33067598938941956,0.5861582458019257,0.6424831842131071,0.4865009977119815,0,0,EXT_LIARBR,external_claim,ext_liarbr,sem_data,pt-BR,False,false_pure,checker,False,False,False
464250868582697187,val_sel,1,-0.47576403617858887,0.7286337018013,1.204397737979889,0.7693061926103838,0.6450873903171571,1,1,FC_EFARSAS,agency_claim,efarsas,2018-2022,pt-BR,False,false_pure,checker,False,False,False
862392161272886929,val_sel,1,-0.3398430049419403,0.36194923520088196,0.7017922401428223,0.6685850150314706,0.5169560429357873,1,0,FC_BOATOS,agency_claim,boatos,>=2023,pt-BR,False,false_pure,checker,False,False,False
30,val_sel,0,-0.37964388728141785,0.4297013580799103,0.8093452453613281,0.6919699625099544,0.545174840690582,1,1,COVID19.BR,covid,desconhecido,sem_data,desconhecido,False,none,v1,False,False,False
416092325140170918,val_sel,1,-0.3572680652141571,0.47756919264793396,0.8348372578620911,0.6973767700060515,0.5518276460774858,1,1,FC_BOATOS,agency_claim,boatos,>=2023,pt-BR,False,false_pure,checker,False,False,False
435601260013526143,val_sel,1,-0.524831235408783,0.7570969462394714,1.2819281816482544,0.7827778168411529,0.6635642788299627,1,1,FC_BOATOS,agency_claim,boatos.org,>=2023,pt-BR,False,false_pure,checker_match,False,False,False
881145154178856590,val_sel,1,-0.4274456799030304,0.514839231967926,0.9422849118709564,0.7195609678234122,0.5796386380415269,1,1,EXT_AVERITECBR,external_claim,ext_averitecbr,2018-2022,pt-BR,False,other,checker,False,False,False
1012323493099460813,val_sel,1,-0.4785037040710449,0.6737035512924194,1.1522072553634644,0.7599138501891286,0.6323970376148673,1,1,FC_EFARSAS,agency_claim,efarsas,2018-2022,pt-BR,False,false_pure,checker,False,False,False
1098503373409760625,val_sel,0,-0.39730456471443176,0.43207475543022156,0.8293793201446533,0.6962236743398871,0.5504047322043847,1,1,EXT_AVERITECBR,external_claim,ext_averitecbr,2018-2022,pt-BR,False,other,checker,False,False,False
26092,val_sel,1,-0.3719223439693451,0.5535672307014465,0.9254895746707916,0.7161593227097528,0.5753200346004217,1,1,fakes,agency_claim,desconhecido,<=2017,desconhecido,False,none,v1,False,False,False
13137,val_sel,0,-0.42507684230804443,0.6911885738372803,1.1162654161453247,0.7532953325929959,0.6235484582022225,1,1,FakeWhatsApp.BR_2018,whatsapp,desconhecido,2018-2022,desconhecido,False,none,v1,False,False,False
28475,val_sel,1,-0.1884288489818573,0.3289911448955536,0.5174199938774109,0.6265442769569761,0.4684300502216722,0,0,fakes,agency_claim,desconhecido,<=2017,desconhecido,False,none,v1,False,False,False
32135,val_sel,1,-0.4438435137271881,0.6872002482414246,1.1310437619686127,0.7560314702280981,0.6271971295768611,1,1,fakes,agency_claim,desconhecido,2018-2022,desconhecido,False,false_pure,v1,False,False,False
28009,val_sel,1,-0.271441251039505,0.37465912103652954,0.6461003720760345,0.6561311531615869,0.5022900005969175,1,0,fakes,agency_claim,desconhecido,2018-2022,desconhecido,False,hard,v1,False,False,False
32256,val_sel,1,-0.3344368636608124,0.5290226936340332,0.8634595572948456,0.7033829478796435,0.5592752230734888,1,1,fakes,agency_claim,desconhecido,2018-2022,desconhecido,False,false_pure,v1,False,False,False
164556424029987125,val_sel,1,-0.27785781025886536,0.40674352645874023,0.6846013367176056,0.664764893121393,0.512430884885093,1,0,FC_BOATOS_VIRAL,social,boatos,>=2023,pt-BR,False,false_pure,checker,False,False,False
6594,val_sel,1,-0.43125179409980774,0.5896959900856018,1.0209477841854095,0.7351571752168746,0.5996934430398191,1,1,Fake.br,portal,desconhecido,sem_data,desconhecido,False,none,v1,False,False,False
1149308746971330317,val_sel,1,-0.5456361174583435,0.5781756043434143,1.1238117218017578,0.7546950670066476,0.625413369301484,1,1,FC_BOATOS,agency_claim,boatos,2018-2022,pt-BR,False,false_pure,checker,False,False,False
609846560176981239,val_sel,1,-0.4756777882575989,0.5659285187721252,1.0416063070297241,0.7391598251754329,0.6049082209707337,1,1,FC_BOATOS,agency_claim,boatos,2018-2022,pt-BR,False,false_pure,checker,False,False,False
1079138094905847697,val_sel,0,-0.3488081395626068,0.4705619812011719,0.8193701207637787,0.6941026178731103,0.5477931517995602,1,1,NEWS_PODER360,press_true,poder360,<=2017,pt-BR,False,none,llm_local,False,False,False
498324786157207796,val_sel,0,-0.12980109453201294,0.3600046634674072,0.48980575799942017,0.6200606728242127,0.46119099304492217,0,0,NEWS_OECO,press_true,oeco,<=2017,pt-BR,False,none,llm_local,False,False,False
10636,val_sel,0,-0.19762398302555084,0.4583205580711365,0.6559445410966873,0.6583487983404392,0.5048833974749799,1,0,LLM4BR_300,llm,desconhecido,sem_data,desconhecido,False,none,v1,False,False,False
378588480362184719,val_sel,0,-0.13311436772346497,0.19715888798236847,0.33027325570583344,0.5818258626785898,0.4197815835801875,0,0,NEWS_BRASILDEFATO,press_true,brasildefato,<=2017,pt-BR,False,none,llm_local,False,False,False
1129978025648080406,val_sel,1,-0.6828479170799255,0.8621401190757751,1.5449880361557007,0.8241886693363374,0.7224086071680401,1,1,FC_BOATOS,agency_claim,boatos,>=2023,pt-BR,False,false_pure,checker,False,False,False
134348148464139811,val_sel,1,-0.4052578806877136,0.38322362303733826,0.7884815037250519,0.6875051870266866,0.5397177674155142,1,0,EXT_LIARBR,external_claim,ext_liarbr,sem_data,pt-BR,False,false_pure,checker,False,False,False
14091,val_sel,0,-0.4506860673427582,0.5762795209884644,1.0269655883312225,0.7363271890689674,0.6012148918512281,1,1,FakeWhatsApp.BR_2018,whatsapp,desconhecido,2018-2022,desconhecido,False,none,v1,False,False,False
539876427343843030,val_sel,1,-0.1531008630990982,0.06400126218795776,0.21710212528705597,0.5540633491276652,0.3910420917320544,0,0,EXT_LIARBR,external_claim,ext_liarbr,sem_data,pt-BR,False,false_pure,checker,False,False,False
270889759421568984,val_sel,1,-0.5385493636131287,0.6193347573280334,1.157884120941162,0.7609480360256062,0.6337866879248559,1,1,FC_AFP,agency_claim,afp,>=2023,pt-BR,False,false_pure,checker,False,False,False
267007511556687363,val_sel,0,-0.2787514626979828,0.4456852078437805,0.7244366705417633,0.6735832529655007,0.5229123710278006,1,0,EXT_AVERITECBR,external_claim,ext_averitecbr,2018-2022,pt-BR,False,other,checker,False,False,False
34575,val_sel,1,-0.3007905185222626,0.2922937572002411,0.5930842757225037,0.6440725084227593,0.4883245650387482,0,0,fakes,agency_claim,desconhecido,2018-2022,desconhecido,False,none,v1,False,False,False
48454,val_sel,0,-0.2892824411392212,0.1260458528995514,0.4153282940387726,0.602364812993122,0.44175661091635793,0,0,true,press_true,desconhecido,2018-2022,desconhecido,True,none,v1,False,False,False
40551,val_sel,1,-0.45954012870788574,0.6067386269569397,1.0662787556648254,0.7438885941514488,0.611104993605487,1,1,fakes,agency_claim,desconhecido,2018-2022,desconhecido,True,false_pure,v1,False,False,False
16492646658004877,val_sel,1,-0.4041939973831177,0.48749175667762756,0.8916857540607452,0.7092379304862756,0.5665937152559918,1,1,EXT_AVERITECBR,external_claim,ext_averitecbr,2018-2022,pt-BR,False,other,checker,False,False,False
48712,val_sel,0,-0.40771302580833435,0.2846164405345917,0.692329466342926,0.6664849276379133,0.5144654554295891,1,0,true,press_true,desconhecido,2018-2022,desconhecido,True,none,v1,False,False,False
25965,val_sel,1,-0.5134935975074768,0.43936172127723694,0.9528553187847137,0.7216890429938557,0.5823504243660659,1,1,fakes,agency_claim,desconhecido,2018-2022,desconhecido,False,none,v1,False,False,False
250524840008291282,val_sel,1,-0.18996766209602356,0.10548699647188187,0.2954546585679054,0.5733309961312548,0.41087165212340165,0,0,FC_POLIGRAFO,agency_claim,poligrafo,2018-2022,pt-BR,True,other,checker,False,False,False
949505599151763776,val_sel,1,-0.39685681462287903,0.31359854340553284,0.7104553580284119,0.670501769479016,0.5192354269059779,1,0,FC_POLIGRAFO,agency_claim,poligrafo,>=2023,pt-BR,True,other,checker,False,False,False
1127333482766617847,val_sel,1,-0.13220278918743134,0.13972465693950653,0.27192744612693787,0.5675660288497116,0.404883691292146,0,0,FC_POLIGRAFO,agency_claim,poligrafo,2018-2022,pt-BR,True,false_pure,checker,False,False,False
14338,val_sel,1,-0.41736701130867004,0.5814406871795654,0.9988076984882355,0.7308240933538497,0.5940795238398527,1,1,FakeWhatsApp.BR_2018,whatsapp,desconhecido,2018-2022,desconhecido,False,none,v1,False,False,False
43527,val_sel,1,-0.06157524138689041,0.06336599588394165,0.12494123727083206,0.531194739900998,0.36817445043134506,0,0,fakes,agency_claim,desconhecido,<=2017,desconhecido,False,hard,v1,False,False,False
13356,val_sel,0,-0.46170559525489807,0.6173935532569885,1.0790991485118866,0.7463234677046541,0.6143110026500037,1,1,FakeWhatsApp.BR_2018,whatsapp,desconhecido,2018-2022,desconhecido,False,none,v1,False,False,False
958682483788241126,val_sel,1,-0.1091037169098854,0.21481850743293762,0.32392222434282303,0.5802798297456644,0.41815229634735346,0,0,FC_UOL,agency_claim,uol,sem_data,pt-BR,False,false_pure,checker,False,False,False
1083340882455149945,val_sel,1,-0.4075034558773041,0.5360648036003113,0.9435682594776154,0.7198198653772585,0.5799681345510972,1,1,FC_BOATOS,agency_claim,boatos,>=2023,pt-BR,False,false_pure,checker,False,False,False
885109566422819709,val_sel,0,-0.07199503481388092,0.2594779431819916,0.3314729779958725,0.5821177318570226,0.42008955672322035,0,0,NEWS_BRASILDEFATO,press_true,brasildefato,2018-2022,pt-BR,False,none,checker_match,False,False,False
27642,val_sel,1,-0.32099494338035583,0.26249128580093384,0.5834862291812897,0.6418691924985256,0.4857975708718868,0,0,fakes,agency_claim,desconhecido,2018-2022,desconhecido,False,none,v1,False,False,False
696108888912904787,val_sel,1,-0.4393986761569977,0.6119236946105957,1.0513223707675934,0.7410287498044364,0.607352670217037,1,1,FC_OBSERVADOR,agency_claim,observador,>=2023,pt-PT,True,false_pure,checker,False,False,False
987272069727850288,val_sel,1,-0.23499663174152374,0.27348774671554565,0.5084843784570694,0.6244511102457513,0.46608598022502123,0,0,FC_POLIGRAFO,agency_claim,poligrafo,2018-2022,pt-BR,True,other,checker,False,False,False
558201171376369739,val_sel,0,-0.27460241317749023,0.3349686563014984,0.6095710694789886,0.6478429510222933,0.49266656444769946,0,0,FC_POLIGRAFO,agency_claim,poligrafo,>=2023,pt-BR,True,true_rating,checker,False,False,False
2341233925156930,val_sel,0,-0.19511206448078156,0.4131600558757782,0.6082721203565598,0.6475465486921391,0.49232442155465467,0,0,EXT_AVERITECBR,external_claim,ext_averitecbr,2018-2022,pt-BR,False,other,checker,False,False,False
548343566966310829,val_sel,0,-0.36741670966148376,0.555225670337677,0.9226423799991608,0.7155802027669538,0.5745867720534565,1,1,EXT_AVERITECBR,external_claim,ext_averitecbr,2018-2022,pt-BR,False,other,checker,False,False,False
293596077005712975,val_sel,1,-0.42951491475105286,0.2802829146385193,0.7097978293895721,0.6703564859554972,0.5190624490722223,1,0,FC_BOATOS,agency_claim,boatos.org,>=2023,pt-BR,False,false_pure,checker_match,False,False,False
14453,val_sel,0,-0.6195078492164612,0.6832119822502136,1.3027198314666748,0.7862923703592211,0.6684381753914865,1,1,FakeWhatsApp.BR_2018,whatsapp,desconhecido,2018-2022,desconhecido,False,none,v1,False,False,False
39766,val_sel,1,-0.2622286379337311,0.2478904277086258,0.5101190656423569,0.6248343858196577,0.46651469704680015,0,0,fakes,agency_claim,desconhecido,2018-2022,desconhecido,False,none,v1,False,False,False
40,val_sel,0,-0.2816345989704132,0.5781278014183044,0.8597624003887177,0.7026110105863071,0.5583146422206428,1,1,COVID19.BR,covid,desconhecido,sem_data,desconhecido,False,none,v1,False,False,False
879,val_sel,0,-0.4821985065937042,0.6140022873878479,1.0962007939815521,0.7495475722087174,0.6185721951633523,1,1,COVID19.BR,covid,desconhecido,sem_data,desconhecido,False,none,v1,False,False,False
37623,val_sel,1,-0.1631622314453125,0.10125857591629028,0.2644208073616028,0.5657227119643677,0.40297901153470134,0,0,fakes,agency_claim,desconhecido,2018-2022,desconhecido,True,none,v1,False,False,False
839849597260223697,val_sel,1,-0.311382919549942,0.40818968415260315,0.7195726037025452,0.6725128945470825,0.5216334318242938,1,0,FC_POLIGRAFO,agency_claim,poligrafo,>=2023,pt-BR,True,other,checker,False,False,False
15925,val_sel,0,-0.2472618967294693,0.5051252245903015,0.7523871213197708,0.6796986183330889,0.5302552225268341,1,0,FakeWhatsApp.BR_2018,whatsapp,desconhecido,2018-2022,desconhecido,False,none,v1,False,False,False
801321565254579752,val_sel,1,-0.5589764714241028,0.6894195675849915,1.2483960390090942,0.7770220843595083,0.6556302885447824,1,1,FC_EFARSAS,agency_claim,efarsas,2018-2022,pt-BR,False,false_pure,checker,False,False,False
465396135322123992,val_sel,0,-0.14233024418354034,0.1111370325088501,0.25346727669239044,0.5630297310572493,0.4002049987142325,0,0,EXT_AVERITECBR,external_claim,ext_averitecbr,2018-2022,pt-BR,False,other,checker,False,False,False
507896107477545890,val_sel,1,-0.22184351086616516,0.1801426112651825,0.40198612213134766,0.5991647536269614,0.4382920854832295,0,0,FC_POLIGRAFO,agency_claim,poligrafo,>=2023,pt-BR,True,false_pure,checker,False,False,False
38774,val_sel,1,-0.5342682003974915,0.7093152403831482,1.2435834407806396,0.7761871480127893,0.6544843039118995,1,1,fakes,agency_claim,desconhecido,2018-2022,desconhecido,False,none,v1,False,False,False
537077464863043087,val_sel,1,-0.2524748146533966,0.21137160062789917,0.4638464152812958,0.6139262551542253,0.4544006034465306,0,0,FC_POLIGRAFO,agency_claim,poligrafo,>=2023,pt-BR,True,false_pure,checker,False,False,False
312911606810225356,val_sel,0,-0.16209042072296143,0.07223379611968994,0.23432421684265137,0.558314471275191,0.39537238826326504,0,0,FC_POLIGRAFO,agency_claim,poligrafo,>=2023,pt-BR,True,true_rating,checker,False,False,False
1122649917624888634,val_sel,1,-0.4152396619319916,0.552545964717865,0.9677856266498566,0.7246779062581593,0.5861722171488044,1,1,FC_EFARSAS,agency_claim,efarsas,<=2017,pt-BR,False,false_pure,checker,False,False,False
549416039730096153,val_sel,1,-0.5631611943244934,0.6686908602714539,1.2318520545959473,0.7741425627444142,0.6516832963139655,1,1,FC_BOATOS,agency_claim,boatos,2018-2022,pt-BR,False,false_pure,checker,False,False,False
164775113210547311,val_sel,0,-0.25741589069366455,0.2930319905281067,0.5504478812217712,0.6342394966334527,0.4771055156951411,0,0,FC_POLIGRAFO,agency_claim,poligrafo,>=2023,pt-BR,True,true_rating,checker,False,False,False
12901,val_sel,0,-0.40196385979652405,0.39667177200317383,0.7986356317996979,0.6896825539191153,0.5423749299188934,1,1,FakeWhatsApp.BR_2018,whatsapp,desconhecido,2018-2022,desconhecido,False,none,v1,False,False,False
170872415944546320,val_sel,1,-0.3327678143978119,0.4101986587047577,0.7429664731025696,0.6776442013384979,0.5277816318395073,1,0,FC_LUPA,agency_claim,lupa,>=2023,pt-BR,False,false_pure,checker_match,False,False,False
65685099374690390,val_sel,1,-0.5206983685493469,0.6711201667785645,1.1918185353279114,0.7670661500439923,0.6420465328817256,1,1,FC_BOATOS,agency_claim,boatos,2018-2022,pt-BR,False,false_pure,checker_match,False,False,False
26714,val_sel,1,-0.24217724800109863,0.33625051379203796,0.5784277617931366,0.640705554162841,0.48446605071557775,0,0,fakes,agency_claim,desconhecido,<=2017,desconhecido,False,none,v1,False,False,False
446591258212705545,val_sel,1,-0.31540945172309875,0.24612581729888916,0.5615352690219879,0.6368076974369731,0.48002121156231253,0,0,FC_BOATOS_VIRAL,social,boatos,<=2017,pt-BR,False,false_pure,checker,False,False,False
137013867692446490,val_sel,0,-0.2855149805545807,0.3924633860588074,0.6779783666133881,0.6632873405244033,0.510686937276689,1,0,FC_POLIGRAFO,agency_claim,poligrafo,2018-2022,pt-BR,True,true_rating,checker,False,False,False
659198630056718459,val_sel,1,-0.4058252274990082,0.6807357668876648,1.086560994386673,0.7477335814329134,0.616172457938869,1,1,FC_BOATOS,agency_claim,boatos,2018-2022,pt-BR,False,false_pure,checker,False,False,False
918856423347539559,val_sel,1,-0.4499025046825409,0.622198224067688,1.0721007287502289,0.7449962110306256,0.6125621102531311,1,1,FC_BOATOS,agency_claim,boatos,2018-2022,pt-BR,False,false_pure,checker,False,False,False
472978753062776947,val_sel,1,-0.3839224874973297,0.34794530272483826,0.731867790222168,0.675215012390971,0.5248656956525598,1,0,FC_BOATOS,agency_claim,boatos,2018-2022,pt-BR,False,false_pure,checker,False,False,False
674909577632182258,val_sel,1,-0.34756335616111755,0.44418865442276,0.7917520105838776,0.6882073973756881,0.5405738572682647,1,1,FC_BOATOS,agency_claim,boatos,<=2017,pt-BR,False,false_pure,checker,False,False,False
457243274217521379,val_sel,1,-0.3329189121723175,0.5570356249809265,0.889954537153244,0.7088807905413891,0.5661456468468358,1,1,FC_LUPA,agency_claim,lupa,2018-2022,pt-BR,False,false_pure,checker_match,False,False,False
590318580489709359,val_sel,1,-0.3506225049495697,0.5556491017341614,0.9062716066837311,0.7122366126705197,0.5703643906547112,1,1,FC_BOATOS,agency_claim,boatos,>=2023,pt-BR,False,false_pure,checker,False,False,False
28311,val_sel,1,-0.4027048945426941,0.464927613735199,0.8676325082778931,0.704252833538732,0.5603588896360192,1,1,fakes,agency_claim,desconhecido,2018-2022,desconhecido,False,none,v1,False,False,False
5699,val_sel,0,-0.3144979476928711,0.4457392990589142,0.7602372467517853,0.6814052404102727,0.5323153096274451,1,0,Fake.br,portal,desconhecido,sem_data,desconhecido,False,none,v1,False,False,False
41031,val_sel,1,-0.5787447094917297,0.6746094822883606,1.2533541917800903,0.7778799477361326,0.6568090423053968,1,1,fakes,agency_claim,desconhecido,2018-2022,desconhecido,True,false_pure,v1,False,False,False
463796429980142472,val_sel,1,-0.2824902832508087,0.5650055408477783,0.847495824098587,0.7000415707333554,0.555124499773786,1,1,FC_AOSFATOS,agency_claim,aosfatos,>=2023,pt-BR,False,false_pure,checker,False,False,False
915237045793685545,val_sel,1,-0.48074206709861755,0.5486319661140442,1.0293740332126617,0.736794521119004,0.6018232604954818,1,1,FC_BOATOS,agency_claim,boatos,<=2017,pt-BR,False,false_pure,checker,False,False,False
280958206335949668,val_sel,1,-0.3419613242149353,0.4765212833881378,0.8184826076030731,0.693914144918979,0.5475614544035001,1,1,FC_BOATOS,agency_claim,boatos,<=2017,pt-BR,False,false_pure,checker,False,False,False
374370498983741699,val_sel,0,-0.4338184893131256,0.6120464205741882,1.0458649098873138,0.7399800581491369,0.6059802898863708,1,1,NEWS_PODER360,press_true,poder360,<=2017,pt-BR,False,none,llm_local,False,False,False
183660811397336386,val_sel,1,-0.4111076593399048,0.6923918724060059,1.1034995317459106,0.750915238007718,0.6203853116014144,1,1,FC_EFARSAS,agency_claim,efarsas,<=2017,pt-BR,False,false_pure,checker,False,False,False
951001368689782894,val_sel,1,-0.4480494558811188,0.6027635931968689,1.0508130490779877,0.7409309963551727,0.6072246631299867,1,1,FC_BOATOS,agency_claim,boatos,2018-2022,pt-BR,False,false_pure,checker,False,False,False
2423,val_sel,0,-0.2852979004383087,0.2757025361061096,0.5610004365444183,0.636683990378727,0.4798805316263443,0,0,Fake.br,portal,desconhecido,sem_data,desconhecido,False,none,v1,False,False,False
402325431546474350,val_sel,1,-0.4453534185886383,0.2977593243122101,0.7431127429008484,0.6776761520541636,0.5278200488162736,1,0,EXT_AVERITECBR,external_claim,ext_averitecbr,2018-2022,pt-BR,False,other,checker,False,False,False
643665938685166289,val_sel,1,-0.4907834231853485,0.5402814745903015,1.03106489777565,0.7371222963866385,0.6022501819768175,1,1,FC_G1,agency_claim,g1,>=2023,pt-BR,False,false_pure,checker,False,False,False
1040525741675380985,val_sel,1,-0.4731893241405487,0.6665186285972595,1.1397079527378082,0.7576260147397527,0.6293295726410131,1,1,FC_BOATOS_VIRAL,social,boatos,>=2023,pt-BR,False,false_pure,checker,False,False,False
765879187380416184,val_sel,1,-0.505743682384491,0.523085355758667,1.028829038143158,0.7366888174831854,0.6016856232252259,1,1,FC_BOATOS,agency_claim,boatos,>=2023,pt-BR,False,false_pure,checker_match,False,False,False
9039033897264538,val_sel,1,-0.44914114475250244,0.6847711205482483,1.1339122653007507,0.7565601709497429,0.6279036823665926,1,1,FC_BOATOS,agency_claim,boatos,2018-2022,pt-BR,False,false_pure,checker,False,False,False
985036397339495860,val_sel,0,-0.3824308216571808,0.5789108276367188,0.9613416492938995,0.7233903452369207,0.5845239611558909,1,1,FC_G1,agency_claim,g1,2018-2022,pt-BR,False,other,checker,False,False,False
47665,val_sel,0,-0.11555331945419312,0.22188730537891388,0.337440624833107,0.5835686864570104,0.4216223939604466,0,0,true,press_true,desconhecido,2018-2022,desconhecido,False,none,v1,False,False,False
671033425018550892,val_sel,1,-0.22632399201393127,0.2876444160938263,0.5139684081077576,0.6257363002199593,0.4675244287148129,0,0,FC_BOATOS,agency_claim,boatos,>=2023,pt-BR,False,false_pure,checker,False,False,False
334468737998278203,val_sel,1,-0.4778522551059723,0.5224102139472961,1.0002624690532684,0.7311101800482823,0.5944491737151004,1,1,FC_G1,agency_claim,g1,>=2023,pt-BR,False,false_pure,checker,False,False,False
185575567308644940,val_sel,1,-0.24457836151123047,0.3641437590122223,0.6087221205234528,0.6476492454170334,0.49244295069501526,0,0,EXT_AVERITECBR,external_claim,ext_averitecbr,2018-2022,pt-BR,False,other,checker,False,False,False
654562270001773614,val_sel,0,-0.2025884985923767,0.31320080161094666,0.5157893002033234,0.6261626379081047,0.4680021651609417,0,0,EXT_LIARBR,external_claim,ext_liarbr,sem_data,pt-BR,False,true_rating,checker,False,False,False
24500,val_sel,1,-0.33973637223243713,0.5962581038475037,0.9359944760799408,0.7182898506388685,0.5780225618426439,1,1,fakes,agency_claim,desconhecido,2018-2022,desconhecido,False,none,v1,False,False,False
13867,val_sel,1,-0.3758833110332489,0.42659100890159607,0.802474319934845,0.6905035132084889,0.5433788299047884,1,1,FakeWhatsApp.BR_2018,whatsapp,desconhecido,2018-2022,desconhecido,False,none,v1,False,False,False
1136068942912922488,val_sel,1,-0.3911401927471161,0.4025028944015503,0.7936430871486664,0.6886130362629265,0.5410687576996547,1,1,FC_POLIGRAFO,agency_claim,poligrafo,>=2023,pt-BR,True,false_pure,checker,False,False,False
965163975526851088,val_sel,1,-0.4041830003261566,0.48727935552597046,0.8914623558521271,0.7091918592686418,0.5665359020988958,1,1,FC_BOATOS,agency_claim,boatos,<=2017,pt-BR,False,false_pure,checker,False,False,False
25174,val_sel,1,-0.22792112827301025,0.23654021322727203,0.4644613415002823,0.6140719952491518,0.45456126865627067,0,0,fakes,agency_claim,desconhecido,<=2017,desconhecido,False,none,v1,False,False,False
950868817852632896,val_sel,1,-0.5153071284294128,0.6164823174476624,1.1317894458770752,0.7561689837885657,0.6273808544204501,1,1,FC_G1,agency_claim,g1,2018-2022,pt-BR,False,false_pure,checker,False,False,False
9090,val_sel,1,-0.2826714515686035,0.35384809970855713,0.6365195512771606,0.6539662772253515,0.49976586196718853,0,0,Fake.br,portal,desconhecido,sem_data,desconhecido,False,none,v1,False,False,False
699041265055819930,val_sel,1,-0.42096319794654846,0.5276601910591125,0.948623389005661,0.7208382461801368,0.5812653314239281,1,1,FC_POLIGRAFO,agency_claim,poligrafo,2018-2022,pt-BR,True,false_pure,checker,False,False,False
442949892471554147,val_sel,0,0.004730945453047752,0.06222183629870415,0.057490890845656395,0.5143687652894611,0.3517996284377794,0,0,NEWS_PODER360,press_true,poder360,<=2017,pt-BR,False,none,llm_local,False,False,False
549724316114415998,val_sel,0,-0.37153783440589905,0.2866029143333435,0.6581407487392426,0.6588426098599297,0.5054619464264846,1,0,EXT_LIARBR,external_claim,ext_liarbr,sem_data,pt-BR,False,true_rating,checker,False,False,False
36781,val_sel,1,-0.06530193239450455,0.15582087635993958,0.22112280875444412,0.5550565509251754,0.39205153937640347,0,0,fakes,agency_claim,desconhecido,2018-2022,desconhecido,True,none,v1,False,False,False
7296,val_sel,1,-0.4357651174068451,0.5294747352600098,0.9652398526668549,0.7241696834259757,0.5855212814237126,1,1,Fake.br,portal,desconhecido,sem_data,desconhecido,False,none,v1,False,False,False
6877,val_sel,0,-0.501731276512146,0.5004795789718628,1.0022108554840088,0.7314930370863592,0.5949440811551925,1,1,Fake.br,portal,desconhecido,sem_data,desconhecido,False,none,v1,False,False,False
35647,val_sel,1,-0.17071828246116638,0.024816283956170082,0.19553456641733646,0.5487284843231736,0.3856433547114809,0,0,fakes,agency_claim,desconhecido,2018-2022,desconhecido,True,none,v1,False,False,False
752404617888741618,val_sel,0,-0.31360113620758057,0.4654414653778076,0.7790426015853882,0.6854737359879801,0.5372457377646372,1,0,NEWS_ECO,press_true,eco,<=2017,pt-PT,True,none,llm_local,False,False,False
37648,val_sel,1,-0.2655482590198517,0.19268397986888885,0.45823223888874054,0.6125947303785613,0.45293419939135887,0,0,fakes,agency_claim,desconhecido,2018-2022,desconhecido,True,none,v1,False,False,False
246968688989077848,val_sel,1,-0.21920931339263916,0.2156694233417511,0.43487873673439026,0.6070380619618158,0.4468433862604356,0,0,FC_POLIGRAFO,agency_claim,poligrafo,>=2023,pt-BR,True,false_pure,checker,False,False,False
838384621003671610,val_sel,1,-0.328093558549881,0.5292800664901733,0.8573736250400543,0.7021116374401185,0.5576937673337677,1,1,FC_BOATOS,agency_claim,boatos,>=2023,pt-BR,False,false_pure,checker,False,False,False
20342146023930219,val_sel,1,-0.24993795156478882,0.25004714727401733,0.49998509883880615,0.6224558293672678,0.46385776102363424,0,0,FC_LUPA,agency_claim,lupa,2018-2022,pt-BR,False,false_pure,checker_match,False,False,False
489374204292974971,val_sel,0,-0.4564352333545685,0.5661104321479797,1.0225456655025482,0.7354681675491439,0.6000976155347246,1,1,EXT_LIARBR,external_claim,ext_liarbr,sem_data,pt-BR,False,true_rating,checker,False,False,False
39261,val_sel,1,-0.34521088004112244,0.4939607083797455,0.8391715884208679,0.6982907142691572,0.5529570264314277,1,1,fakes,agency_claim,desconhecido,2018-2022,desconhecido,False,false_pure,v1,False,False,False
13104,val_sel,0,-0.44371065497398376,0.4795393943786621,0.9232500493526459,0.7157038625757545,0.5747432980311243,1,1,FakeWhatsApp.BR_2018,whatsapp,desconhecido,2018-2022,desconhecido,False,none,v1,False,False,False
849660536460523506,val_sel,1,-0.11804263293743134,0.1418410837650299,0.25988371670246124,0.5646077065780267,0.4018292163818741,0,0,FC_POLIGRAFO,agency_claim,poligrafo,>=2023,pt-BR,True,false_pure,checker,False,False,False
293901901462368967,val_sel,1,-0.39117929339408875,0.3703278601169586,0.7615071535110474,0.6816808636529118,0.5326484661608508,1,0,FC_POLIGRAFO,agency_claim,poligrafo,>=2023,pt-BR,True,other,checker,False,False,False
1061268780771838121,val_sel,0,-0.343216210603714,0.419819176197052,0.763035386800766,0.6820123860364299,0.5330493553231644,1,0,NEWS_BRASILDEFATO,press_true,brasildefato,<=2017,pt-BR,False,none,llm_local,False,False,False
1086179675267062175,val_sel,1,-0.3427235782146454,0.4298136532306671,0.7725372314453125,0.6840694921086122,0.5355409204012612,1,0,FC_BOATOS,agency_claim,boatos,2018-2022,pt-BR,False,false_pure,checker,False,False,False
765798246012518776,val_sel,1,-0.4170054495334625,0.46521204710006714,0.8822174966335297,0.7072815300374415,0.5641418572402711,1,1,FC_BOATOS,agency_claim,boatos,>=2023,pt-BR,False,false_pure,checker,False,False,False
737333665199260389,val_sel,1,-0.42890122532844543,0.5359905362129211,0.9648917615413666,0.7241001475109025,0.5854322538110004,1,1,FC_BOATOS_VIRAL,social,boatos,>=2023,pt-BR,False,false_pure,checker_match,False,False,False
73677277449311320,val_sel,1,-0.45943301916122437,0.6160585284233093,1.0754915475845337,0.7456398528197615,0.613409835137538,1,1,FC_BOATOS,agency_claim,boatos,>=2023,pt-BR,False,false_pure,checker,False,False,False
43368,val_sel,1,-0.48897209763526917,0.4534149169921875,0.9423870146274567,0.7195815709811614,0.5796648552892957,1,1,fakes,agency_claim,desconhecido,2018-2022,desconhecido,False,none,v1,False,False,False
11933,val_sel,0,-0.3511677086353302,0.5507334470748901,0.9019011557102203,0.7113400339683758,0.5692353952802885,1,1,FakeWhatsApp.BR_2018,whatsapp,desconhecido,2018-2022,desconhecido,False,none,v1,False,False,False
649633231794988027,val_sel,1,-0.3246779143810272,0.36262181401252747,0.6872997283935547,0.6653659689301419,0.5131413357782383,1,0,FC_BOATOS,agency_claim,boatos,2018-2022,pt-BR,False,false_pure,checker,False,False,False
42155,val_sel,1,-0.11360950767993927,0.1989688277244568,0.31257833540439606,0.5775144784751227,0.4152466074466426,0,0,fakes,agency_claim,desconhecido,2018-2022,desconhecido,False,none,v1,False,False,False
832064702843755110,val_sel,1,-0.3413723409175873,0.4531231224536896,0.7944954633712769,0.6887957777486409,0.541291800697218,1,1,FC_BOATOS,agency_claim,boatos,2018-2022,pt-BR,False,false_pure,checker,False,False,False
41422246413853795,val_sel,1,-0.3036971390247345,0.4947839081287384,0.7984810471534729,0.6896494686613348,0.5423344954256669,1,1,FC_UOL,agency_claim,uol,sem_data,pt-BR,False,false_pure,checker,False,False,False
927805042256446896,val_sel,1,-0.3023134469985962,0.5097156167030334,0.8120290637016296,0.6925417168513585,0.5458760551494674,1,1,FC_BOATOS_VIRAL,social,boatos,>=2023,pt-BR,False,false_pure,checker,False,False,False
188344786517762602,val_sel,1,-0.20803554356098175,0.2545982301235199,0.46263377368450165,0.6136387941846697,0.4540837976552366,0,0,FC_POLIGRAFO,agency_claim,poligrafo,2018-2022,pt-BR,True,false_pure,checker,False,False,False
564940171404209034,val_sel,1,-0.2754724323749542,0.32638272643089294,0.6018551588058472,0.6460806225455431,0.4906343070552025,0,0,EXT_LIARBR,external_claim,ext_liarbr,sem_data,pt-BR,False,false_pure,checker,False,False,False
29091455138963628,val_sel,1,-0.20160835981369019,0.2280045598745346,0.4296129196882248,0.6057812334404985,0.44547214699543713,0,0,EXT_LIARBR,external_claim,ext_liarbr,sem_data,pt-BR,False,false_pure,checker,False,False,False
1705,val_sel,1,-0.42508357763290405,0.5348072648048401,0.9598908424377441,0.7230999494295695,0.584152607948986,1,1,COVID19.BR,covid,desconhecido,sem_data,desconhecido,False,none,v1,False,False,False
334844105673000487,val_sel,1,-0.449714332818985,0.3630492687225342,0.8127636015415192,0.6926980981709072,0.546067939877608,1,1,EXT_AVERITECBR,external_claim,ext_averitecbr,2018-2022,pt-BR,False,other,checker,False,False,False
287849175647736792,val_sel,1,-0.30646124482154846,0.31738409399986267,0.6238453388214111,0.6510926048860565,0.49642678586516714,0,0,FC_ESTADAO,agency_claim,estadao,sem_data,pt-BR,False,false_pure,checker,False,False,False
1111545863607033357,val_sel,1,-0.42848703265190125,0.6807641386985779,1.1092511713504791,0.7519894802760851,0.6218117443552212,1,1,FC_EFARSAS,agency_claim,efarsas,<=2017,pt-BR,False,false_pure,checker,False,False,False
933767045698075644,val_sel,0,-0.14001339673995972,0.16813857853412628,0.308151975274086,0.576434115286245,0.4141143990424123,0,0,FC_POLIGRAFO,agency_claim,poligrafo,>=2023,pt-BR,True,true_rating,checker,False,False,False
36601,val_sel,1,-0.33596983551979065,0.3214316964149475,0.6574015319347382,0.6586764373150329,0.5052672154358872,1,0,fakes,agency_claim,desconhecido,2018-2022,desconhecido,True,none,v1,False,False,False
49991,val_sel,1,-0.510726273059845,0.6906643509864807,1.2013906240463257,0.7687720754030308,0.6443615142720827,1,1,MuMiN-PT,social,desconhecido,sem_data,desconhecido,False,none,v1,False,False,False
399562339555385421,val_sel,1,-0.20825529098510742,0.22260311245918274,0.43085840344429016,0.6060786286082032,0.44579640166898016,0,0,FC_POLIGRAFO,agency_claim,poligrafo,>=2023,pt-BR,True,other,checker,False,False,False
792754309503313901,val_sel,0,-0.4428654909133911,0.3886081278324127,0.8314736187458038,0.6966664285694103,0.550950825999261,1,1,NEWS_PODER360,press_true,poder360,<=2017,pt-BR,False,none,llm_local,False,False,False
8729,val_sel,0,-0.3141449987888336,0.4582672119140625,0.7724122107028961,0.6840424722012741,0.5355081488152533,1,0,Fake.br,portal,desconhecido,sem_data,desconhecido,False,none,v1,False,False,False
1078680432877255678,val_sel,1,-0.4427807629108429,0.72850501537323,1.1712857782840729,0.7633773475551703,0.6370584518476812,1,1,FC_G1,agency_claim,g1,>=2023,pt-BR,False,false_pure,checker,False,False,False
341808024666573698,val_sel,1,-0.3144688904285431,0.36286115646362305,0.6773300468921661,0.663142531259575,0.5105162083219614,1,0,EXT_AVERITECBR,external_claim,ext_averitecbr,2018-2022,pt-BR,False,other,checker,False,False,False
745480628192573690,val_sel,1,-0.531710684299469,0.5872407555580139,1.118951439857483,0.7537941675142914,0.6242126755634253,1,1,FC_G1,agency_claim,g1,>=2023,pt-BR,False,false_pure,checker,False,False,False
2152,val_sel,1,-0.4341665506362915,0.22661177814006805,0.6607783287763596,0.6594352075356748,0.5061567470351933,1,0,Fake.br,portal,desconhecido,sem_data,desconhecido,False,none,v1,False,False,False
16802,val_sel,0,-0.3638843595981598,0.5377587676048279,0.9016431272029877,0.7112870486951152,0.569168717519504,1,1,FakeWhatsApp.BR_2018,whatsapp,desconhecido,2018-2022,desconhecido,False,none,v1,False,False,False
336259727862967123,val_sel,1,-0.3847487270832062,0.6264964938163757,1.011245220899582,0.7332637702528392,0.5972363541783591,1,1,FC_EFARSAS,agency_claim,efarsas,2018-2022,pt-BR,False,false_pure,checker,False,False,False
378033558164854765,val_sel,1,-0.4405643045902252,0.5781696438789368,1.018733948469162,0.7347259146233346,0.599133245167062,1,1,FC_BOATOS,agency_claim,boatos,<=2017,pt-BR,False,false_pure,checker,False,False,False
12567,val_sel,0,-0.3873547911643982,0.3868199288845062,0.7741747200489044,0.6844232768478757,0.5359701255240158,1,0,FakeWhatsApp.BR_2018,whatsapp,desconhecido,2018-2022,desconhecido,False,none,v1,False,False,False
435,val_sel,0,-0.3002290427684784,0.28925859928131104,0.5894876420497894,0.6432475783560305,0.4873775587947765,0,0,COVID19.BR,covid,desconhecido,sem_data,desconhecido,False,none,v1,False,False,False
1048226868608229879,val_sel,1,-0.37593069672584534,0.3999899923801422,0.7759206891059875,0.6848002638239606,0.536427705949806,1,0,FC_BOATOS_VIRAL,social,boatos,2018-2022,pt-BR,False,false_pure,checker,False,False,False
16740,val_sel,0,-0.1172652393579483,0.18622592091560364,0.30349116027355194,0.5752957373472404,0.4129232003265705,0,0,FakeWhatsApp.BR_2018,whatsapp,desconhecido,2018-2022,desconhecido,False,none,v1,False,False,False
2686,val_sel,1,-0.5037873387336731,0.7310245633125305,1.2348119020462036,0.7746596598428639,0.6523909938343213,1,1,Fake.br,portal,desconhecido,sem_data,desconhecido,False,none,v1,False,False,False
39939,val_sel,1,-0.3820100426673889,0.5928274989128113,0.9748375415802002,0.7260826716406396,0.5879737622804869,1,1,fakes,agency_claim,desconhecido,2018-2022,desconhecido,False,false_pure,v1,False,False,False
25802,val_sel,1,-0.3444669544696808,0.5618234872817993,0.9062904417514801,0.7122404730080808,0.5703692546426442,1,1,fakes,agency_claim,desconhecido,<=2017,desconhecido,False,none,v1,False,False,False
536864098356814193,val_sel,1,-0.29323938488960266,0.4278876781463623,0.721127063035965,0.6728551557332993,0.5220421870809557,1,0,EXT_AVERITECBR,external_claim,ext_averitecbr,2018-2022,pt-BR,False,other,checker,False,False,False
862320369611845585,val_sel,1,-0.5062536597251892,0.6279682517051697,1.1342219114303589,0.7566171960766951,0.6279799199574533,1,1,FC_G1,agency_claim,g1,>=2023,pt-BR,False,false_pure,checker,False,False,False
15888,val_sel,0,-0.32030683755874634,0.17409634590148926,0.4944031834602356,0.621143159893518,0.46239515364556644,0,0,FakeWhatsApp.BR_2018,whatsapp,desconhecido,2018-2022,desconhecido,False,none,v1,False,False,False
299611350078959338,val_sel,1,-0.46936550736427307,0.720587968826294,1.189953476190567,0.7667327433789696,0.6415946976959643,1,1,FC_COMPROVA,agency_claim,comprova,>=2023,pt-BR,False,hard,checker,False,False,False
16612,val_sel,0,-0.4492813050746918,0.6225685477256775,1.0718498528003693,0.7449485474769533,0.6124993626114101,1,1,FakeWhatsApp.BR_2018,whatsapp,desconhecido,2018-2022,desconhecido,False,none,v1,False,False,False
807609766567335564,val_sel,1,-0.34014251828193665,0.6178017258644104,0.957944244146347,0.722710019819144,0.5836542002962317,1,1,FC_BOATOS,agency_claim,boatos,>=2023,pt-BR,False,false_pure,checker,False,False,False
11185,val_sel,0,-0.4079045355319977,0.5505154728889465,0.9584200084209442,0.7228053529942609,0.5837760309688461,1,1,FakeWhatsApp.BR_2018,whatsapp,desconhecido,2018-2022,desconhecido,False,none,v1,False,False,False
49260,val_sel,0,-0.15030303597450256,0.15763543546199799,0.30793847143650055,0.5763819858029113,0.41405981022536403,0,0,true,press_true,desconhecido,2018-2022,desconhecido,True,none,v1,False,False,False
7994,val_sel,1,-0.30019018054008484,0.512951135635376,0.8131413161754608,0.6927784954665391,0.5461666056712786,1,1,Fake.br,portal,desconhecido,sem_data,desconhecido,False,none,v1,False,False,False
920021852047858515,val_sel,1,-0.4501745104789734,0.45616284012794495,0.9063373506069183,0.7122500870690571,0.5703813683763143,1,1,FC_POLIGRAFO,agency_claim,poligrafo,2018-2022,pt-BR,True,hard,checker,False,False,False
498360560513396188,val_sel,1,-0.35381457209587097,0.48664548993110657,0.8404600620269775,0.698562101534865,0.5532926543826447,1,1,FC_ESTADAO,agency_claim,estadao,sem_data,pt-BR,False,hard,checker,False,False,False
10611,val_sel,1,-0.6450762152671814,0.6703400015830994,1.3154162168502808,0.7884180735629878,0.6713968347792572,1,1,LLM4BR_300,llm,desconhecido,sem_data,desconhecido,False,false_pure,v1,False,False,False
276824922736914712,val_sel,0,-0.16364318132400513,0.19649560749530792,0.36013878881931305,0.5890740305028965,0.42746616698768786,0,0,FC_POLIGRAFO,agency_claim,poligrafo,>=2023,pt-BR,True,true_rating,checker,False,False,False
35488,val_sel,1,-0.23855268955230713,0.23510105907917023,0.47365374863147736,0.6162481843009692,0.45696412994090724,0,0,fakes,agency_claim,desconhecido,2018-2022,desconhecido,True,none,v1,False,False,False
41348,val_sel,1,-0.5198695063591003,0.5940825343132019,1.1139520406723022,0.7528651596086314,0.6229760191332041,1,1,fakes,agency_claim,desconhecido,<=2017,desconhecido,True,hard,v1,False,False,False
565893565642205525,val_sel,0,-0.3675994277000427,0.4553459584712982,0.8229453861713409,0.6948612059024959,0.5487263127246289,1,1,NEWS_PODER360,press_true,poder360,2018-2022,pt-BR,False,none,llm_local,False,False,False
23849,val_sel,0,-0.21491439640522003,0.23545244336128235,0.4503668397665024,0.6107264498497611,0.45088116227525754,0,0,Fake.br_raw,portal,desconhecido,sem_data,desconhecido,False,none,v1,False,False,False
291604806866148579,val_sel,1,-0.5309115052223206,0.5054139494895935,1.036325454711914,0.738140378074771,0.6035774073271573,1,1,EXT_AVERITECBR,external_claim,ext_averitecbr,2018-2022,pt-BR,False,other,checker,False,False,False
834500709207999790,val_sel,0,-0.47389182448387146,0.577700138092041,1.0515919625759125,0.7410804824967601,0.6074204203688008,1,1,EXT_LIARBR,external_claim,ext_liarbr,sem_data,pt-BR,False,true_rating,checker,False,False,False
299260116892486344,val_sel,1,-0.42356449365615845,0.47291386127471924,0.8964783549308777,0.7102252662019745,0.5678335519534182,1,1,FC_POLIGRAFO,agency_claim,poligrafo,2018-2022,pt-BR,True,hard,checker,False,False,False
35659,val_sel,1,-0.1701013147830963,0.28155288100242615,0.45165419578552246,0.6110324617608663,0.4512170771316674,0,0,fakes,agency_claim,desconhecido,2018-2022,desconhecido,True,none,v1,False,False,False
47863,val_sel,0,-0.21600382030010223,0.3061785399913788,0.522182360291481,0.6276579333747441,0.4696799325159701,0,0,true,press_true,desconhecido,<=2017,desconhecido,False,none,v1,False,False,False
141668242839408994,val_sel,1,-0.44611725211143494,0.702667772769928,1.148785024881363,0.7592889268157254,0.6315582379111894,1,1,FC_EFARSAS,agency_claim,efarsas,<=2017,pt-BR,False,false_pure,checker,False,False,False
875481564493606553,val_calib,1,-0.47709181904792786,0.5581385493278503,1.0352303683757782,0.7379286545633662,0.6033012447444207,1,1,EXT_LIARBR,external_claim,ext_liarbr,sem_data,pt-BR,False,false_pure,checker,False,False,False
190738437145199260,val_calib,1,-0.222519189119339,0.2514505982398987,0.47396978735923767,0.6163229204028582,0.457046777568148,0,0,FC_APUBLICA,agency_claim,apublica,2018-2022,pt-BR,False,false_pure,checker,False,False,False
156972957656076390,val_calib,1,-0.43256232142448425,0.5850776433944702,1.0176399648189545,0.7345126383677832,0.598856323386324,1,1,FC_EFARSAS,agency_claim,efarsas,2018-2022,pt-BR,False,false_pure,checker,False,False,False
3435,val_calib,0,-0.5953770279884338,0.4976561367511749,1.0930331647396088,0.7489524558860058,0.6177842756572554,1,1,Fake.br,portal,desconhecido,sem_data,desconhecido,False,none,v1,False,False,False
227115405921268408,val_calib,1,-0.5354936718940735,0.6432367563247681,1.1787304282188416,0.7647194545996302,0.6388704782503434,1,1,FC_BOATOS,agency_claim,boatos,2018-2022,pt-BR,False,false_pure,checker,False,False,False
36890,val_calib,1,-0.27287375926971436,0.3114925026893616,0.5843662619590759,0.6420714631231629,0.4860292395047413,0,0,fakes,agency_claim,desconhecido,2018-2022,desconhecido,True,none,v1,False,False,False
34853,val_calib,1,-0.41915175318717957,0.4539985656738281,0.8731503188610077,0.7054007907378295,0.5617909158255058,1,1,fakes,agency_claim,desconhecido,2018-2022,desconhecido,False,none,v1,False,False,False
260911164817149255,val_calib,1,-0.20147369801998138,0.16837123036384583,0.3698449283838272,0.5914215071318532,0.42997136013138926,0,0,FC_POLIGRAFO,agency_claim,poligrafo,>=2023,pt-BR,True,false_pure,checker,False,False,False
35939,val_calib,1,-0.2604120671749115,0.2981080710887909,0.5585201382637024,0.636110059735928,0.47922816715112543,0,0,fakes,agency_claim,desconhecido,2018-2022,desconhecido,True,none,v1,False,False,False
1146027560445682565,val_calib,1,-0.35239332914352417,0.5309011936187744,0.8832945227622986,0.7075044616700755,0.5644209196242879,1,1,FC_POLIGRAFO,agency_claim,poligrafo,>=2023,pt-BR,True,false_pure,checker,False,False,False
657372410697443356,val_calib,0,-0.3771299421787262,0.5030089616775513,0.8801389038562775,0.7068510045583486,0.5636031696294992,1,1,NEWS_PODER360,press_true,poder360,<=2017,pt-BR,False,none,llm_local,False,False,False
34065,val_calib,1,-0.363302618265152,0.47859737277030945,0.8418999910354614,0.698865225118149,0.5536676766992001,1,1,fakes,agency_claim,desconhecido,2018-2022,desconhecido,False,none,v1,False,False,False
40435,val_calib,1,-0.36470821499824524,0.4825197160243988,0.847227931022644,0.6999853146280607,0.5550547776890389,1,1,fakes,agency_claim,desconhecido,2018-2022,desconhecido,True,false_pure,v1,False,False,False
577778096874468953,val_calib,1,-0.2815195322036743,0.3901365101337433,0.6716560423374176,0.6618738755521113,0.5090219118124987,1,0,EXT_LIARBR,external_claim,ext_liarbr,sem_data,pt-BR,False,false_pure,checker,False,False,False
441336326645842956,val_calib,0,-0.2250683605670929,0.2580108940601349,0.4830792546272278,0.6184747317943113,0.45943000265286077,0,0,EXT_LIARBR,external_claim,ext_liarbr,sem_data,pt-BR,False,true_rating,checker,False,False,False
737103244949946305,val_calib,1,-0.5246873497962952,0.2442602813243866,0.7689476311206818,0.683293201260892,0.5345998603789446,1,0,FC_G1,agency_claim,g1,>=2023,pt-BR,False,false_pure,checker,False,False,False
715874845141175845,val_calib,1,-0.43234917521476746,0.39116334915161133,0.8235125243663788,0.6949814424185342,0.5488743071202583,1,1,FC_BOATOS_VIRAL,social,boatos,2018-2022,pt-BR,False,false_pure,checker,False,False,False
433133195592897698,val_calib,1,-0.522426426410675,0.5418325066566467,1.0642589330673218,0.7435035913495304,0.6105990091003577,1,1,FC_BOATOS,agency_claim,boatos,>=2023,pt-BR,False,false_pure,checker,False,False,False
25084,val_calib,1,-0.27339962124824524,0.43009600043296814,0.7034956216812134,0.6689623403215796,0.5174042844803425,1,0,fakes,agency_claim,desconhecido,2018-2022,desconhecido,False,hard,v1,False,False,False
1037903191365653237,val_calib,0,-0.3384948670864105,0.4123270809650421,0.7508219480514526,0.6793577711579245,0.5298443527959423,1,0,NEWS_PODER360,press_true,poder360,<=2017,pt-BR,False,none,llm_local,False,False,False
1102012233991906004,val_calib,0,-0.2918179929256439,0.3467557728290558,0.6385737657546997,0.6544309872863852,0.5003070634591259,1,0,EXT_LIARBR,external_claim,ext_liarbr,sem_data,pt-BR,False,true_rating,checker,False,False,False
205235638010717276,val_calib,0,-0.41014954447746277,0.5931671261787415,1.0033166706562042,0.7317101757140302,0.5952248822603009,1,1,EXT_AVERITECBR,external_claim,ext_averitecbr,2018-2022,pt-BR,False,other,checker,False,False,False
28841,val_calib,1,-0.3313962519168854,0.4055522382259369,0.7369484901428223,0.6763282149723169,0.5262007609360464,1,0,fakes,agency_claim,desconhecido,2018-2022,desconhecido,False,none,v1,False,False,False
1088247645200458947,val_calib,1,-0.32901570200920105,0.3695206940174103,0.6985363960266113,0.6678631924851746,0.5160991985609356,1,0,FC_BOATOS,agency_claim,boatos,2018-2022,pt-BR,False,false_pure,checker,False,False,False
31351,val_calib,1,-0.36457958817481995,0.4465523660182953,0.8111319541931152,0.692350664410614,0.5456416830309979,1,1,fakes,agency_claim,desconhecido,sem_data,desconhecido,False,none,v1,False,False,False
654009589287821205,val_calib,0,-0.4178966283798218,0.5317119359970093,0.949608564376831,0.7210364503439471,0.5815180071036418,1,1,NEWS_BRASILDEFATO,press_true,brasildefato,2018-2022,pt-BR,False,none,llm_local,False,False,False
953670655964312681,val_calib,1,-0.45484474301338196,0.535609781742096,0.9904545247554779,0.7291776901502399,0.5919549721348012,1,1,FC_COMPROVA,agency_claim,comprova,>=2023,pt-BR,False,other,checker,False,False,False
4884,val_calib,1,-0.44237998127937317,0.596102774143219,1.0384827554225922,0.7385571466452283,0.6041212494636581,1,1,Fake.br,portal,desconhecido,sem_data,desconhecido,False,none,v1,False,False,False
172340344995876663,val_calib,0,-0.2955532968044281,0.33540084958076477,0.6309541463851929,0.6527057804985883,0.4982996118053095,0,0,EXT_LIARBR,external_claim,ext_liarbr,sem_data,pt-BR,False,true_rating,checker,False,False,False
14982,val_calib,1,-0.3658442795276642,0.5542693138122559,0.92011359333992,0.7150652505615793,0.5739352365051207,1,1,FakeWhatsApp.BR_2018,whatsapp,desconhecido,2018-2022,desconhecido,False,none,v1,False,False,False
379061887549441327,val_calib,0,-0.30511391162872314,0.3559636175632477,0.6610775291919708,0.6595023988833252,0.5062355620091362,1,0,EXT_LIARBR,external_claim,ext_liarbr,sem_data,pt-BR,False,true_rating,checker,False,False,False
889437564669829087,val_calib,1,-0.061979714781045914,0.12695538997650146,0.18893510475754738,0.5470937693386881,0.3839969327817319,0,0,FC_ESTADAO,agency_claim,estadao,sem_data,pt-BR,False,hard,checker,False,False,False
35530,val_calib,1,-0.3662627339363098,0.42797112464904785,0.7942338585853577,0.6887396983833504,0.5412233478032742,1,1,fakes,agency_claim,desconhecido,2018-2022,desconhecido,True,none,v1,False,False,False
1858,val_calib,0,-0.4033481776714325,0.5092511773109436,0.9125993549823761,0.7135317765472265,0.5719977049552011,1,1,COVID19.BR,covid,desconhecido,sem_data,desconhecido,False,none,v1,False,False,False
383210198272477682,val_calib,0,0.025904109701514244,0.022034885361790657,-0.003869224339723587,0.499032695121854,0.33719898146980015,0,0,NEWS_PODER360,press_true,poder360,2018-2022,pt-BR,False,none,llm_local,False,False,False
34502,val_calib,1,-0.5999355912208557,0.7131887078285217,1.3131242990493774,0.7880354945320687,0.670863741854526,1,1,fakes,agency_claim,desconhecido,2018-2022,desconhecido,False,false_pure,v1,False,False,False
5985,val_calib,0,-0.3494745194911957,0.4108564555644989,0.7603309750556946,0.6814255877422534,0.532339899977859,1,0,Fake.br,portal,desconhecido,sem_data,desconhecido,False,none,v1,False,False,False
49375,val_calib,0,-0.24950170516967773,0.14915959537029266,0.3986613005399704,0.5983659807318363,0.43742966032122016,0,0,true,press_true,desconhecido,2018-2022,desconhecido,True,none,v1,False,False,False
851461862591398596,val_calib,1,-0.30217811465263367,0.4594292640686035,0.7616073787212372,0.6817026113320922,0.5326747587325158,1,0,EXT_LIARBR,external_claim,ext_liarbr,sem_data,pt-BR,False,false_pure,checker,False,False,False
17160,val_calib,0,-0.5105037093162537,0.5951096415519714,1.105613350868225,0.7513104002616662,0.6209097916148442,1,1,FakeWhatsApp.BR_2018,whatsapp,desconhecido,2018-2022,desconhecido,False,none,v1,False,False,False
1140149805124539444,val_calib,1,-0.28502559661865234,0.5583513975143433,0.8433769941329956,0.6991759729623157,0.5540522913170748,1,1,EXT_LIARBR,external_claim,ext_liarbr,sem_data,pt-BR,False,false_pure,checker,False,False,False
26051,val_calib,1,-0.23840290307998657,0.2318916618824005,0.4702945649623871,0.6154534735972448,0.4560858135209263,0,0,fakes,agency_claim,desconhecido,2018-2022,desconhecido,False,none,v1,False,False,False
32531,val_calib,1,-0.5621095895767212,0.7584158778190613,1.3205254673957825,0.7892691173189852,0.6725836409980492,1,1,fakes,agency_claim,desconhecido,2018-2022,desconhecido,False,none,v1,False,False,False
980370489550194928,val_calib,1,-0.2570522129535675,0.2535649240016937,0.5106171369552612,0.6249511346304392,0.46664533223557797,0,0,FC_POLIGRAFO,agency_claim,poligrafo,>=2023,pt-BR,True,hard,checker,False,False,False
659209626873264061,val_calib,0,-0.5211199522018433,0.6602926254272461,1.1814125776290894,0.7652016939177619,0.6395223486915682,1,1,EXT_AVERITECBR,external_claim,ext_averitecbr,2018-2022,pt-BR,False,other,checker,False,False,False
184634094708802823,val_calib,1,-0.4510258734226227,0.6217339038848877,1.0727597773075104,0.7451213947866209,0.6127269298705399,1,1,FC_BOATOS_VIRAL,social,boatos,<=2017,pt-BR,False,false_pure,checker,False,False,False
657,val_calib,0,-0.3460335433483124,0.5652067065238953,0.9112402498722076,0.7132538891775891,0.5716470246485152,1,1,COVID19.BR,covid,desconhecido,sem_data,desconhecido,False,none,v1,False,False,False
41601,val_calib,1,-0.6273943781852722,0.7096147537231445,1.3370091319084167,0.7919976640001276,0.6763974833470355,1,1,fakes,agency_claim,desconhecido,2018-2022,desconhecido,True,false_pure,v1,False,False,False
809118216667823132,val_calib,1,-0.4364195168018341,0.5807337164878845,1.0171532332897186,0.7344177130257271,0.5987330959769799,1,1,FC_POLIGRAFO,agency_claim,poligrafo,>=2023,pt-BR,True,false_pure,checker,False,False,False
37170,val_calib,1,-0.493854820728302,0.6697028279304504,1.1635576486587524,0.7619785570071956,0.6351733004143139,1,1,fakes,agency_claim,desconhecido,2018-2022,desconhecido,True,none,v1,False,False,False
804163290595003827,val_calib,1,-0.24668154120445251,0.22903768718242645,0.47571922838687897,0.6167365246610751,0.4575043184227991,0,0,FC_OBSERVADOR,agency_claim,observador,2018-2022,pt-PT,True,hard,checker,False,False,False
11355,val_calib,1,-0.4950677752494812,0.7534335851669312,1.2485013604164124,0.7770403316840374,0.6556553476951595,1,1,FakeWhatsApp.BR_2018,whatsapp,desconhecido,2018-2022,desconhecido,False,none,v1,False,False,False
1040307215399610046,val_calib,0,-0.46559759974479675,0.5965175032615662,1.062115103006363,0.7430945367095254,0.6100616988998325,1,1,NEWS_PODER360,press_true,poder360,<=2017,pt-BR,False,none,llm_local,False,False,False
25394680847319447,val_calib,1,-0.24857878684997559,0.5494685173034668,0.7980473041534424,0.6895566256758002,0.5422210388897201,1,1,FC_BOATOS_VIRAL,social,boatos,>=2023,pt-BR,False,false_pure,checker,False,False,False
931732036722979694,val_calib,0,-0.22443848848342896,0.3363357484340668,0.5607742369174957,0.6366316648319469,0.4798210340498353,0,0,EXT_LIARBR,external_claim,ext_liarbr,sem_data,pt-BR,False,true_rating,checker,False,False,False
43963,val_calib,1,-0.31165942549705505,0.44844627380371094,0.760105699300766,0.6813766818113197,0.5322807968645347,1,0,fakes,agency_claim,desconhecido,2018-2022,desconhecido,False,false_pure,v1,False,False,False
10608,val_calib,1,-0.4466656744480133,0.5436173677444458,0.9902830421924591,0.7291438248567738,0.5919113208349901,1,1,LLM4BR_300,llm,desconhecido,sem_data,desconhecido,False,false_pure,v1,False,False,False
28482,val_calib,1,-0.48567551374435425,0.3542007505893707,0.839876264333725,0.6984391552011321,0.553140589883991,1,1,fakes,agency_claim,desconhecido,2018-2022,desconhecido,False,hard,v1,False,False,False
1777,val_calib,1,-0.4166733920574188,0.5039412379264832,0.920614629983902,0.7151673242424738,0.5740643478094921,1,1,COVID19.BR,covid,desconhecido,sem_data,desconhecido,False,none,v1,False,False,False
15106,val_calib,0,-0.347990483045578,0.4972897469997406,0.8452802300453186,0.6995761267280823,0.5545478023461057,1,1,FakeWhatsApp.BR_2018,whatsapp,desconhecido,2018-2022,desconhecido,False,none,v1,False,False,False
736609090341254960,val_calib,1,-0.17522656917572021,0.21445783972740173,0.38968440890312195,0.5962067248571501,0.4351030478831516,0,0,EXT_LIARBR,external_claim,ext_liarbr,sem_data,pt-BR,False,false_pure,checker,False,False,False
288858833368621051,val_calib,1,-0.22058731317520142,0.23881986737251282,0.45940718054771423,0.6128735334687304,0.45324102349381384,0,0,FC_POLIGRAFO,agency_claim,poligrafo,>=2023,pt-BR,True,false_pure,checker,False,False,False
243298440870677235,val_calib,0,-0.26468196511268616,0.45683053135871887,0.721512496471405,0.6729399921100083,0.5221435347799435,1,0,EXT_LIARBR,external_claim,ext_liarbr,sem_data,pt-BR,False,true_rating,checker,False,False,False
12002,val_calib,1,-0.3924892544746399,0.7096999287605286,1.1021891832351685,0.7506700678264179,0.6200600470732601,1,1,FakeWhatsApp.BR_2018,whatsapp,desconhecido,2018-2022,desconhecido,False,none,v1,False,False,False
17177,val_calib,0,-0.42161574959754944,0.4858042895793915,0.9074200391769409,0.7124719329817716,0.5706609382077736,1,1,FakeWhatsApp.BR_2018,whatsapp,desconhecido,2018-2022,desconhecido,False,none,v1,False,False,False
5066,val_calib,1,-0.4823199510574341,0.4066563844680786,0.8889763355255127,0.7086788789903198,0.5658924237450561,1,1,Fake.br,portal,desconhecido,sem_data,desconhecido,False,none,v1,False,False,False
1106190542055002808,val_calib,1,-0.38145890831947327,0.7430644631385803,1.1245233714580536,0.7548267911273955,0.6255890475719131,1,1,FC_EFARSAS,agency_claim,efarsas,<=2017,pt-BR,False,false_pure,checker,False,False,False
37915,val_calib,1,-0.4002802073955536,0.4883163273334503,0.8885965347290039,0.7086004617146985,0.5657940969689753,1,1,fakes,agency_claim,desconhecido,2018-2022,desconhecido,True,none,v1,False,False,False
654160563033698660,val_calib,1,-0.5158723592758179,0.72698575258255,1.242858111858368,0.7760611181526241,0.654311431172966,1,1,FC_G1,agency_claim,g1,>=2023,pt-BR,False,false_pure,checker,False,False,False
32907,val_calib,1,-0.22773073613643646,0.3033411204814911,0.5310718566179276,0.6297330707913766,0.4720139851981007,0,0,fakes,agency_claim,desconhecido,2018-2022,desconhecido,False,hard,v1,False,False,False
10894,val_calib,1,-0.3919953405857086,0.5811739563941956,0.9731692969799042,0.7257507549923363,0.5875477885226889,1,1,FakeWhatsApp.BR_2018,whatsapp,desconhecido,2018-2022,desconhecido,False,none,v1,False,False,False
96319608199011195,val_calib,1,-0.324964314699173,0.342586487531662,0.667550802230835,0.6609545261091049,0.5079406604672709,1,0,FC_UOL,agency_claim,uol,sem_data,pt-BR,False,false_pure,checker,False,False,False
12897,val_calib,0,-0.4208071827888489,0.46671628952026367,0.8875234723091125,0.7083788399247963,0.5655162634600873,1,1,FakeWhatsApp.BR_2018,whatsapp,desconhecido,2018-2022,desconhecido,False,none,v1,False,False,False
7596,val_calib,1,-0.4719803035259247,0.4764862358570099,0.9484665393829346,0.7208066821637271,0.5812250990288933,1,1,Fake.br,portal,desconhecido,sem_data,desconhecido,False,none,v1,False,False,False
29063,val_calib,1,-0.31981733441352844,0.3359493315219879,0.6557666659355164,0.658308788525936,0.5048365390682611,1,0,fakes,agency_claim,desconhecido,2018-2022,desconhecido,False,none,v1,False,False,False
31499,val_calib,1,-0.31169840693473816,0.4681420624256134,0.7798404693603516,0.6856457304144853,0.5374547703250956,1,0,fakes,agency_claim,desconhecido,sem_data,desconhecido,False,false_pure,v1,False,False,False
216234187948710957,val_calib,1,-0.23691320419311523,0.2177329957485199,0.45464619994163513,0.6117433400607167,0.4519979637693234,0,0,FC_ESTADAO,agency_claim,estadao,sem_data,pt-BR,False,false_pure,checker,False,False,False
30912,val_calib,1,-0.47156959772109985,0.6997299790382385,1.1712995767593384,0.7633798399974403,0.6370618140159001,1,1,fakes,agency_claim,desconhecido,sem_data,desconhecido,False,none,v1,False,False,False
1114559872058066466,val_calib,1,-0.3643956184387207,0.5799829363822937,0.9443785548210144,0.7199832560036662,0.5801761393087399,1,1,FC_BOATOS,agency_claim,boatos,2018-2022,pt-BR,False,false_pure,checker,False,False,False
73609795932848889,val_calib,1,-0.41065528988838196,0.503502368927002,0.9141576588153839,0.7138501943479082,0.5723996940904602,1,1,FC_ESTADAO,agency_claim,estadao,sem_data,pt-BR,False,false_pure,checker,False,False,False
862,val_calib,1,-0.2123904824256897,0.367775022983551,0.5801655054092407,0.6411054882381091,0.4849234461123192,0,0,COVID19.BR,covid,desconhecido,sem_data,desconhecido,False,none,v1,False,False,False
233470115343270632,val_calib,0,-0.16408665478229523,0.2619958817958832,0.4260825365781784,0.6049378273901118,0.44455328477444717,0,0,FC_POLIGRAFO,agency_claim,poligrafo,>=2023,pt-BR,True,true_rating,checker,False,False,False
6785,val_calib,0,-0.2593330442905426,0.4123115837574005,0.6716446280479431,0.6618713210653802,0.509018905592544,1,0,Fake.br,portal,desconhecido,sem_data,desconhecido,False,none,v1,False,False,False
950751267653873179,val_calib,1,-0.35358601808547974,0.4132705628871918,0.7668565809726715,0.6828405171384377,0.5340515506241114,1,0,FC_EFARSAS,agency_claim,efarsas,2018-2022,pt-BR,False,false_pure,checker,False,False,False
37253953978718094,val_calib,0,-0.3044789135456085,0.3318077623844147,0.6362866759300232,0.6539135769524508,0.49970450884941625,0,0,FC_POLIGRAFO,agency_claim,poligrafo,2018-2022,pt-BR,True,true_rating,checker,False,False,False
426531991133293914,val_calib,1,-0.12242661416530609,0.29897570610046387,0.42140232026576996,0.6038187640440635,0.44333573771551366,0,0,EXT_AVERITECBR,external_claim,ext_averitecbr,2018-2022,pt-BR,False,other,checker,False,False,False
440982844607800980,val_calib,1,-0.1542470008134842,0.05216050520539284,0.20640750601887703,0.5514194495641714,0.38836161668114755,0,0,FC_BOATOS,agency_claim,boatos.org,>=2023,pt-BR,False,false_pure,checker_match,False,False,False
16548,val_calib,1,-0.42693009972572327,0.4849051833152771,0.9118352830410004,0.7133755715704685,0.571800565738868,1,1,FakeWhatsApp.BR_2018,whatsapp,desconhecido,2018-2022,desconhecido,False,none,v1,False,False,False
47310,val_calib,0,-0.33092883229255676,0.5340359210968018,0.8649647533893585,0.7036968888671367,0.559666170574424,1,1,true,press_true,desconhecido,2018-2022,desconhecido,False,none,v1,False,False,False
11785,val_calib,0,-0.27241215109825134,0.4847095012664795,0.7571216523647308,0.6807284874179964,0.5314978205658182,1,0,FakeWhatsApp.BR_2018,whatsapp,desconhecido,2018-2022,desconhecido,False,none,v1,False,False,False
3075,val_calib,0,-0.4750043451786041,0.24666813015937805,0.7216724753379822,0.6729752011659816,0.5221855998483849,1,0,Fake.br,portal,desconhecido,sem_data,desconhecido,False,none,v1,False,False,False
37942290777330340,val_calib,0,-0.30365297198295593,0.3163914680480957,0.6200444400310516,0.6502286556976031,0.4954254712099774,0,0,EXT_LIARBR,external_claim,ext_liarbr,sem_data,pt-BR,False,true_rating,checker,False,False,False
1133732700640941953,val_calib,1,-0.30486541986465454,0.30380263924598694,0.6086680591106415,0.6476369085203589,0.49242871098227214,0,0,FC_OBSERVADOR,agency_claim,observador,>=2023,pt-PT,True,false_pure,checker,False,False,False
557604228098674812,val_calib,1,-0.16208285093307495,0.15066823363304138,0.31275108456611633,0.5775566272386863,0.415290812785795,0,0,FC_POLIGRAFO,agency_claim,poligrafo,>=2023,pt-BR,True,other,checker,False,False,False
24679,val_calib,1,-0.36150476336479187,0.5529024600982666,0.9144072234630585,0.7139011697221205,0.5724640643749892,1,1,fakes,agency_claim,desconhecido,2018-2022,desconhecido,False,none,v1,False,False,False
34388,val_calib,1,-0.41982313990592957,0.562250018119812,0.9820731580257416,0.7275193824715538,0.5898197901617396,1,1,fakes,agency_claim,desconhecido,<=2017,desconhecido,False,false_pure,v1,False,False,False
25499,val_calib,1,-0.3684278428554535,0.4748671352863312,0.8432949781417847,0.6991587223447044,0.5540309358785334,1,1,fakes,agency_claim,desconhecido,2018-2022,desconhecido,False,false_pure,v1,False,False,False
745314823675070465,val_calib,1,-0.4775698781013489,0.4965101182460785,0.9740799963474274,0.7259319802241779,0.587780345075277,1,1,FC_POLIGRAFO,agency_claim,poligrafo,>=2023,pt-BR,True,false_pure,checker,False,False,False
942557163573322428,val_calib,1,-0.44044700264930725,0.4759944975376129,0.9164415001869202,0.7143164823350389,0.5729886742864995,1,1,FC_EFARSAS,agency_claim,efarsas,<=2017,pt-BR,False,false_pure,checker,False,False,False
30269902218140475,val_calib,1,-0.41608545184135437,0.49756333231925964,0.913648784160614,0.7137462361811111,0.5722684323047308,1,1,FC_POLIGRAFO,agency_claim,poligrafo,2018-2022,pt-BR,True,false_pure,checker,False,False,False
879786261872443613,val_calib,1,-0.33189657330513,0.5794077515602112,0.9113043248653412,0.713266993794164,0.5716635590865098,1,1,FC_G1,agency_claim,g1,2018-2022,pt-BR,False,false_pure,checker,False,False,False
500023667170234391,val_calib,1,-0.39717820286750793,0.4901396930217743,0.8873178958892822,0.7083363704867349,0.5654630316394249,1,1,FC_EFARSAS,agency_claim,efarsas,<=2017,pt-BR,False,false_pure,checker,False,False,False
60415059633561432,val_calib,1,-0.3199855089187622,0.4492194354534149,0.7692049443721771,0.6833488821490257,0.5346673266429032,1,0,FC_BOATOS,agency_claim,boatos.org,2018-2022,pt-BR,False,false_pure,checker_match,False,False,False
1141434066593795171,val_calib,0,-0.17851680517196655,0.21638119220733643,0.394897997379303,0.5974612343072352,0.43645395387496155,0,0,FC_POLIGRAFO,agency_claim,poligrafo,>=2023,pt-BR,True,true_rating,checker,False,False,False
32259,val_calib,1,-0.36927303671836853,0.5620818734169006,0.9313549101352692,0.7173500865197152,0.5768295371034252,1,1,fakes,agency_claim,desconhecido,2018-2022,desconhecido,False,none,v1,False,False,False
638361110419461798,val_calib,1,-0.23392239212989807,0.41728320717811584,0.6512055993080139,0.6572820902725449,0.503634971265088,1,0,FC_BOATOS_VIRAL,social,boatos,>=2023,pt-BR,False,false_pure,checker,False,False,False
25302,val_calib,1,-0.2545113265514374,0.21396036446094513,0.4684716910123825,0.6150219624212674,0.4556093056756164,0,0,fakes,agency_claim,desconhecido,<=2017,desconhecido,False,none,v1,False,False,False
520668650531096654,val_calib,1,-0.21384692192077637,0.45558854937553406,0.6694354712963104,0.661376740259217,0.5084370605032936,1,0,FC_BOATOS_VIRAL,social,boatos,>=2023,pt-BR,False,false_pure,checker,False,False,False
394713759563160036,val_calib,0,-0.14928126335144043,0.27923810482025146,0.4285193681716919,0.6055200518545166,0.44518748527829605,0,0,EXT_LIARBR,external_claim,ext_liarbr,sem_data,pt-BR,False,true_rating,checker,False,False,False
39032,val_calib,1,-0.5158799290657043,0.5688063502311707,1.084686279296875,0.7473797933326448,0.6157051033891386,1,1,fakes,agency_claim,desconhecido,2018-2022,desconhecido,False,none,v1,False,False,False
42612,val_calib,1,-0.22217285633087158,0.38688039779663086,0.6090532541275024,0.6477248063112604,0.49253017116474107,0,0,fakes,agency_claim,desconhecido,2018-2022,desconhecido,False,false_pure,v1,False,False,False
34342,val_calib,1,-0.3574936091899872,0.5123898386955261,0.8698834478855133,0.7047214453487225,0.5609431941747921,1,1,fakes,agency_claim,desconhecido,2018-2022,desconhecido,False,false_pure,v1,False,False,False
43768,val_calib,1,-0.4055570065975189,0.5978282690048218,1.0033852756023407,0.7317236433639756,0.5952423011535913,1,1,fakes,agency_claim,desconhecido,2018-2022,desconhecido,False,false_pure,v1,False,False,False
919126148842938714,val_calib,0,-0.42421457171440125,0.718973696231842,1.1431882679462433,0.7582645278242948,0.6301847406631368,1,1,FC_EFARSAS,agency_claim,efarsas,>=2023,pt-BR,False,true_rating,checker,False,False,False
27723,val_calib,1,-0.3465851843357086,0.278067409992218,0.6246525943279266,0.6512759675719396,0.49663945446593727,0,0,fakes,agency_claim,desconhecido,2018-2022,desconhecido,False,none,v1,False,False,False
28376,val_calib,1,-0.3169806897640228,0.4108872711658478,0.7278679609298706,0.6743372370282251,0.523814401745679,1,0,fakes,agency_claim,desconhecido,2018-2022,desconhecido,False,none,v1,False,False,False
16104,val_calib,1,-0.30429378151893616,0.43138712644577026,0.7356809079647064,0.6760506686384159,0.52586771025467,1,0,FakeWhatsApp.BR_2018,whatsapp,desconhecido,2018-2022,desconhecido,False,none,v1,False,False,False
167234794744450262,val_calib,0,-0.1373351514339447,0.088905930519104,0.2262410819530487,0.5563202457323655,0.3933378874955211,0,0,NEWS_ECO,press_true,eco,<=2017,pt-PT,True,none,checker_match,False,False,False
205297727720187305,val_calib,0,-0.2404356151819229,0.4347327649593353,0.6751683801412582,0.6626594782166437,0.5099469360311926,1,0,NEWS_BRASILDEFATO,press_true,brasildefato,<=2017,pt-BR,False,none,llm_local,False,False,False
28478,val_calib,1,-0.3808169662952423,0.4521501958370209,0.8329671621322632,0.6969819548785484,0.5513401963719828,1,1,fakes,agency_claim,desconhecido,2018-2022,desconhecido,False,false_pure,v1,False,False,False
682173375441008721,val_calib,1,-0.1648085117340088,0.25828394293785095,0.42309245467185974,0.6042230097811799,0.4437753443919375,0,0,EXT_LIARBR,external_claim,ext_liarbr,sem_data,pt-BR,False,false_pure,checker,False,False,False
967510126810965145,val_calib,1,-0.47967326641082764,0.5554909706115723,1.0351642370224,0.7379158652226602,0.6032845654055712,1,1,FC_G1,agency_claim,g1,>=2023,pt-BR,False,false_pure,checker,False,False,False
2391,val_calib,0,-0.40792733430862427,0.40077927708625793,0.8087066113948822,0.6918338225692703,0.5450079551452442,1,1,Fake.br,portal,desconhecido,sem_data,desconhecido,False,none,v1,False,False,False
26207,val_calib,1,-0.12463915348052979,0.3153699040412903,0.44000905752182007,0.6082611889705368,0.44818012019480724,0,0,fakes,agency_claim,desconhecido,2018-2022,desconhecido,False,none,v1,False,False,False
8229,val_calib,0,-0.46465978026390076,0.3198372721672058,0.7844970524311066,0.6866485214333714,0.5386744787705285,1,0,Fake.br,portal,desconhecido,sem_data,desconhecido,False,none,v1,False,False,False
1075832381328231256,val_calib,1,-0.3250197172164917,0.39977556467056274,0.7247952818870544,0.6736620955224158,0.5230066512433328,1,0,FC_BOATOS_VIRAL,social,boatos,>=2023,pt-BR,False,false_pure,checker,False,False,False
421036230417535425,val_calib,1,-0.3291304111480713,0.4727315902709961,0.8018620014190674,0.6903726403290984,0.5432187187734445,1,1,FC_BOATOS,agency_claim,boatos,2018-2022,pt-BR,False,false_pure,checker,False,False,False
635563786608275403,val_calib,0,-0.21267575025558472,0.36538049578666687,0.5780562460422516,0.6406200260436944,0.4843682665715082,0,0,NEWS_OECO,press_true,oeco,<=2017,pt-BR,False,none,llm_local,False,False,False
11779,val_calib,1,-0.4890285134315491,0.6549361348152161,1.1439646482467651,0.7584068093574619,0.6303753982853775,1,1,FakeWhatsApp.BR_2018,whatsapp,desconhecido,2018-2022,desconhecido,False,none,v1,False,False,False
919221069221431736,val_calib,1,-0.5494690537452698,0.7610784769058228,1.3105475306510925,0.7876047631445813,0.6702638679743864,1,1,FC_G1,agency_claim,g1,2018-2022,pt-BR,False,false_pure,checker,False,False,False
25047396315476454,val_calib,1,-0.21559572219848633,0.19370171427726746,0.4092974364757538,0.6009194053366508,0.4401898715362854,0,0,FC_POLIGRAFO,agency_claim,poligrafo,>=2023,pt-BR,True,false_pure,checker,False,False,False
26308,val_calib,1,-0.3464554250240326,0.4897637367248535,0.8362191617488861,0.6976683307623597,0.5521877822434548,1,1,fakes,agency_claim,desconhecido,2018-2022,desconhecido,False,none,v1,False,False,False
62311198159017315,val_calib,0,-0.0819910392165184,0.1784011870622635,0.2603922262787819,0.5647327072645144,0.40195803004087954,0,0,FC_POLIGRAFO,agency_claim,poligrafo,>=2023,pt-BR,True,true_rating,checker,False,False,False
34110,val_calib,1,-0.23434342443943024,0.5511764883995056,0.7855199128389359,0.6868685604334043,0.5389423372126415,1,0,fakes,agency_claim,desconhecido,2018-2022,desconhecido,False,false_pure,v1,False,False,False
966894543545527315,val_calib,0,-0.459205687046051,0.5973901748657227,1.0565958619117737,0.7420394728351213,0.608677179204504,1,1,EXT_LIARBR,external_claim,ext_liarbr,sem_data,pt-BR,False,true_rating,checker,False,False,False
70188950408443413,val_calib,1,-0.1887930929660797,0.3694457411766052,0.5582388341426849,0.6360449426384985,0.479154183378191,0,0,FC_BOATOS,agency_claim,boatos,2018-2022,pt-BR,False,false_pure,checker,False,False,False
14144,val_calib,1,-0.41378065943717957,0.5609034895896912,0.9746841490268707,0.7260521628553518,0.5879346001322836,1,1,FakeWhatsApp.BR_2018,whatsapp,desconhecido,2018-2022,desconhecido,False,none,v1,False,False,False
1518,val_calib,1,-0.4938940703868866,0.5658246874809265,1.059718757867813,0.7426367958975283,0.6094607843013529,1,1,COVID19.BR,covid,desconhecido,sem_data,desconhecido,False,none,v1,False,False,False
105187486083260431,val_calib,1,-0.37761133909225464,0.4473797678947449,0.8249911069869995,0.695294785277576,0.549260101712946,1,1,EXT_AVERITECBR,external_claim,ext_averitecbr,2018-2022,pt-BR,False,other,checker,False,False,False
49601,val_calib,0,-0.3257153332233429,0.38921934366226196,0.7149346768856049,0.6714906246979478,0.5204136885742215,1,0,true,press_true,desconhecido,2018-2022,desconhecido,True,none,v1,False,False,False
938400356390896181,val_calib,0,-0.3891008794307709,0.4499048888683319,0.8390057682991028,0.6982557780058242,0.5529138292771627,1,1,FC_G1,agency_claim,g1,>=2023,pt-BR,False,other,checker,False,False,False
1039165639155434513,val_calib,1,-0.3020462095737457,0.12575171887874603,0.42779792845249176,0.6053477116696548,0.44499970742852196,0,0,FC_BOATOS,agency_claim,boatos,>=2023,pt-BR,False,false_pure,checker,False,False,False
704081764299637294,val_calib,1,-0.23633067309856415,0.310032457113266,0.5463631302118301,0.633291398527508,0.47603171457423027,0,0,FC_POLIGRAFO,agency_claim,poligrafo,>=2023,pt-BR,True,false_pure,checker,False,False,False
31891,val_calib,1,-0.34934917092323303,0.5097261071205139,0.859075278043747,0.7024674172265115,0.5581360684588329,1,1,fakes,agency_claim,desconhecido,2018-2022,desconhecido,True,false_pure,v1,False,False,False
16511,val_calib,1,-0.39631590247154236,0.6052491068840027,1.001565009355545,0.7313661668555389,0.594780051838617,1,1,FakeWhatsApp.BR_2018,whatsapp,desconhecido,2018-2022,desconhecido,False,none,v1,False,False,False
145246251377566903,val_calib,0,-0.32462233304977417,0.18621331453323364,0.5108356475830078,0.6250023493291696,0.46670264510604464,0,0,FC_POLIGRAFO,agency_claim,poligrafo,2018-2022,pt-BR,True,true_rating,checker,False,False,False
836747784209995039,val_calib,0,-0.199082151055336,0.3271753489971161,0.5262575000524521,0.6286098110975941,0.4707497549369585,0,0,EXT_LIARBR,external_claim,ext_liarbr,sem_data,pt-BR,False,true_rating,checker,False,False,False
897669029421525767,val_calib,1,-0.38865262269973755,0.3663356900215149,0.7549883127212524,0.6802646546664806,0.5309379638208511,1,0,FC_POLIGRAFO,agency_claim,poligrafo,2018-2022,pt-BR,True,false_pure,checker,False,False,False
716,val_calib,0,-0.29012584686279297,0.5687167048454285,0.8588425517082214,0.7024187735142634,0.5580755826352899,1,1,COVID19.BR,covid,desconhecido,sem_data,desconhecido,False,none,v1,False,False,False
1095508284748121180,val_calib,1,-0.2587161362171173,0.2939819097518921,0.5526980459690094,0.6347613314598283,0.4776971310332725,0,0,EXT_LIARBR,external_claim,ext_liarbr,sem_data,pt-BR,False,false_pure,checker,False,False,False
163648224669464938,val_calib,1,-0.5183535218238831,0.6770886778831482,1.1954421997070312,0.7677129840236099,0.6429236917092912,1,1,FC_BOATOS,agency_claim,boatos,>=2023,pt-BR,False,false_pure,checker,False,False,False
670294498240047352,val_calib,1,-0.49507468938827515,0.5962672829627991,1.0913419723510742,0.7486343395100646,0.6173633526034584,1,1,FC_G1,agency_claim,g1,>=2023,pt-BR,False,false_pure,checker,False,False,False
31099,val_calib,1,-0.30896666646003723,0.3185791075229645,0.6275457739830017,0.6519327658339894,0.4974016618314168,0,0,fakes,agency_claim,desconhecido,sem_data,desconhecido,False,false_pure,v1,False,False,False
650142038161177067,val_calib,1,-0.3899502158164978,0.6134766936302185,1.0034269094467163,0.7317318161816874,0.5952528719288674,1,1,FC_BOATOS,agency_claim,boatos,2018-2022,pt-BR,False,false_pure,checker,False,False,False
27923,val_calib,1,-0.20900216698646545,0.32646650075912476,0.5354686677455902,0.6307576861942824,0.4731688838501163,0,0,fakes,agency_claim,desconhecido,2018-2022,desconhecido,False,none,v1,False,False,False
1013419895456959824,val_calib,1,-0.35400089621543884,0.5158435702323914,0.8698444664478302,0.7047133336705433,0.5609330767083675,1,1,FC_BOATOS,agency_claim,boatos,<=2017,pt-BR,False,false_pure,checker,False,False,False
48206,val_calib,0,-0.41555699706077576,0.584994912147522,1.0005519092082977,0.7311670767276264,0.5945227062471854,1,1,true,press_true,desconhecido,2018-2022,desconhecido,True,none,v1,False,False,False
40223,val_calib,1,-0.22057923674583435,0.5689923763275146,0.789571613073349,0.6877393402021779,0.5400031413891259,1,1,fakes,agency_claim,desconhecido,2018-2022,desconhecido,False,hard,v1,False,False,False
827540355683332612,val_calib,0,-0.05350274220108986,0.0027677826583385468,0.056270524859428406,0.5140639204437263,0.35150641413190914,0,0,EXT_LIARBR,external_claim,ext_liarbr,sem_data,pt-BR,False,true_rating,checker,False,False,False
27461,val_calib,1,-0.06981106847524643,0.08446997404098511,0.15428104251623154,0.5384939361270812,0.37539583276958216,0,0,fakes,agency_claim,desconhecido,2018-2022,desconhecido,False,none,v1,False,False,False
378778077397932248,val_calib,1,-0.47895145416259766,0.4265682101249695,0.9055196642875671,0.7120824732585268,0.5701701971613988,1,1,FC_BOATOS,agency_claim,boatos,>=2023,pt-BR,False,false_pure,checker,False,False,False
3478,val_calib,1,-0.4844684898853302,0.5912085175514221,1.0756770074367523,0.7456750257299731,0.6134561814359261,1,1,Fake.br,portal,desconhecido,sem_data,desconhecido,False,none,v1,False,False,False
4799,val_calib,0,-0.5891289114952087,0.38312867283821106,0.9722575843334198,0.7255692534660455,0.5873149340705129,1,1,Fake.br,portal,desconhecido,sem_data,desconhecido,False,none,v1,False,False,False
129403094736816621,val_calib,0,-0.19415247440338135,0.18160521984100342,0.37575769424438477,0.5928495042688674,0.4314992366778838,0,0,FC_POLIGRAFO,agency_claim,poligrafo,>=2023,pt-BR,True,true_rating,checker,False,False,False
14712,val_calib,0,-0.3438057601451874,0.5913842916488647,0.9351900517940521,0.718127047174635,0.5778157758433542,1,1,FakeWhatsApp.BR_2018,whatsapp,desconhecido,2018-2022,desconhecido,False,none,v1,False,False,False
708226697256508660,val_calib,1,-0.5452596545219421,0.7803142666816711,1.3255739212036133,0.7901075669881594,0.6737541606052116,1,1,FC_EFARSAS,agency_claim,efarsas,2018-2022,pt-BR,False,false_pure,checker,False,False,False
373597337383441840,val_calib,0,-0.3395276367664337,0.3822265565395355,0.7217541933059692,0.6729931853678169,0.5222070867645705,1,0,EXT_LIARBR,external_claim,ext_liarbr,sem_data,pt-BR,False,true_rating,checker,False,False,False
506669539364817759,val_calib,1,-0.42726925015449524,0.5577958226203918,0.9850650727748871,0.728112080581455,0.5905823837659998,1,1,FC_BOATOS,agency_claim,boatos,>=2023,pt-BR,False,false_pure,checker,False,False,False
30943,val_calib,1,-0.36181357502937317,0.5846503973007202,0.9464639723300934,0.7204034985954254,0.5807113398465953,1,1,fakes,agency_claim,desconhecido,sem_data,desconhecido,False,none,v1,False,False,False
1067477127749776744,val_calib,1,-0.2143862396478653,0.2424459457397461,0.4568321853876114,0.612262413952547,0.4525686363251854,0,0,FC_POLIGRAFO,agency_claim,poligrafo,2018-2022,pt-BR,True,false_pure,checker,False,False,False
254325924584879911,val_calib,1,-0.4357050955295563,0.44872015714645386,0.8844252526760101,0.7077384021502503,0.5647138529919756,1,1,FC_BOATOS,agency_claim,boatos,<=2017,pt-BR,False,false_pure,checker,False,False,False
11622,val_calib,0,-0.355490118265152,0.6331208944320679,0.9886110126972198,0.7288134840676423,0.5914856257936282,1,1,FakeWhatsApp.BR_2018,whatsapp,desconhecido,2018-2022,desconhecido,False,none,v1,False,False,False
15210,val_calib,1,-0.31399452686309814,0.55903559923172,0.8730301260948181,0.7053758128005511,0.5617597333167377,1,1,FakeWhatsApp.BR_2018,whatsapp,desconhecido,2018-2022,desconhecido,False,none,v1,False,False,False
237574654846751357,val_calib,0,-0.023772193118929863,0.2141813337802887,0.23795352689921856,0.5592092666811567,0.3962870592773045,0,0,EXT_LIARBR,external_claim,ext_liarbr,sem_data,pt-BR,False,true_rating,checker,False,False,False
872288419184608192,val_calib,1,-0.1309867948293686,0.1679684966802597,0.2989552915096283,0.5741871092978947,0.41176491284573896,0,0,FC_POLIGRAFO,agency_claim,poligrafo,2018-2022,pt-BR,True,false_pure,checker,False,False,False
407139701212485577,val_calib,1,-0.16471843421459198,0.2609615623950958,0.4256799966096878,0.6048416210844202,0.4444485385811668,0,0,FC_BOATOS,agency_claim,boatos.org,>=2023,pt-BR,False,false_pure,checker_match,False,False,False
8172,val_calib,1,-0.4279617369174957,0.5482656359672546,0.9762273728847504,0.7263590036263062,0.5883285447160924,1,1,Fake.br,portal,desconhecido,sem_data,desconhecido,False,none,v1,False,False,False
362706010705867870,val_calib,1,-0.5800384283065796,0.7048510313034058,1.2848894596099854,0.7832809211332193,0.6642606095171291,1,1,FC_AOSFATOS,agency_claim,aosfatos,2018-2022,pt-BR,False,false_pure,checker,False,False,False
35078,val_calib,1,-0.5778712034225464,0.5453806519508362,1.1232518553733826,0.7545914039188744,0.6252751371015236,1,1,fakes,agency_claim,desconhecido,2018-2022,desconhecido,False,none,v1,False,False,False
612242883392337522,val_calib,0,-0.2359195351600647,0.5898929238319397,0.8258124589920044,0.6954687689519309,0.5494743848858036,1,1,EXT_LIARBR,external_claim,ext_liarbr,sem_data,pt-BR,False,true_rating,checker,False,False,False
15999,val_calib,1,-0.3130438029766083,0.4521605968475342,0.7652043998241425,0.6824825973077673,0.5336182616988208,1,0,FakeWhatsApp.BR_2018,whatsapp,desconhecido,2018-2022,desconhecido,False,none,v1,False,False,False
5604,val_calib,1,-0.34394264221191406,0.3616214394569397,0.7055640816688538,0.6694202441622982,0.5179485579864139,1,0,Fake.br,portal,desconhecido,sem_data,desconhecido,False,none,v1,False,False,False
7540,val_calib,1,-0.48523232340812683,0.6287755370140076,1.1140078604221344,0.7528755452406521,0.6229898356409035,1,1,Fake.br,portal,desconhecido,sem_data,desconhecido,False,none,v1,False,False,False
872926094063772595,val_calib,1,-0.3299635052680969,0.32450488209724426,0.6544683873653412,0.6580166959233175,0.5044945255275223,1,0,EXT_LIARBR,external_claim,ext_liarbr,sem_data,pt-BR,False,false_pure,checker,False,False,False
27249,val_calib,1,-0.4834308922290802,0.5560462474822998,1.03947713971138,0.7387491072403697,0.6043718409828008,1,1,fakes,agency_claim,desconhecido,<=2017,desconhecido,False,none,v1,False,False,False
49043,val_calib,0,-0.21219253540039062,0.25442299246788025,0.4666155278682709,0.6145823850465043,0.45512417938438915,0,0,true,press_true,desconhecido,2018-2022,desconhecido,True,none,v1,False,False,False
397738795811590569,val_calib,1,-0.11245688050985336,0.17074964940547943,0.2832065299153328,0.5703321715263874,0.40775093995157435,0,0,FC_POLIGRAFO,agency_claim,poligrafo,2018-2022,pt-BR,True,false_pure,checker,False,False,False
1030809509262930742,val_calib,1,-0.20026659965515137,0.21096913516521454,0.4112357348203659,0.6013841478298609,0.44069328817793346,0,0,FC_POLIGRAFO,agency_claim,poligrafo,>=2023,pt-BR,True,false_pure,checker,False,False,False
581347407648751352,val_calib,0,-0.36958232522010803,0.5188834071159363,0.8884657323360443,0.70857345213482,0.5657602322872469,1,1,NEWS_ECO,press_true,eco,<=2017,pt-PT,True,none,llm_local,False,False,False
927052239159280600,val_calib,1,-0.6003695130348206,0.6839576959609985,1.284327208995819,0.7831854628105024,0.6641284537166596,1,1,FC_EFARSAS,agency_claim,efarsas,2018-2022,pt-BR,False,false_pure,checker,False,False,False
38250,val_calib,1,-0.29968583583831787,0.3302137553691864,0.6298995912075043,0.6524666944553111,0.49802178338833814,0,0,fakes,agency_claim,desconhecido,2018-2022,desconhecido,True,none,v1,False,False,False
3084,val_calib,1,-0.37175652384757996,0.7291634678840637,1.1009199917316437,0.7504324446440401,0.6197448960031212,1,1,Fake.br,portal,desconhecido,sem_data,desconhecido,False,none,v1,False,False,False
25159,val_calib,1,-0.25779250264167786,0.20448295772075653,0.4622754603624344,0.6135538395736705,0.45399019446604416,0,0,fakes,agency_claim,desconhecido,<=2017,desconhecido,False,none,v1,False,False,False
479448567143786089,val_calib,0,-0.2545032203197479,0.444913774728775,0.699416995048523,0.6680584997931788,0.5163309564042442,1,0,NEWS_ECO,press_true,eco,<=2017,pt-PT,True,none,llm_local,False,False,False
8282,val_calib,1,-0.5207531452178955,0.4901381731033325,1.010891318321228,0.7331945454366013,0.5971466383221574,1,1,Fake.br,portal,desconhecido,sem_data,desconhecido,False,none,v1,False,False,False
676806849839439225,val_calib,1,-0.538368284702301,0.7667036652565002,1.3050719499588013,0.7866873463820694,0.6689873073107125,1,1,FC_BOATOS,agency_claim,boatos,>=2023,pt-BR,False,false_pure,checker_match,False,False,False
323894688019500017,val_calib,1,-0.2350638210773468,0.2368030846118927,0.4718669056892395,0.6158255326387126,0.4564968954185874,0,0,FC_POLIGRAFO,agency_claim,poligrafo,>=2023,pt-BR,True,other,checker,False,False,False
105300905834008163,val_calib,1,-0.314465194940567,0.35430827736854553,0.6687734723091125,0.6612284647544212,0.5082626994712345,1,0,EXT_LIARBR,external_claim,ext_liarbr,sem_data,pt-BR,False,false_pure,checker,False,False,False
548174441537799101,val_calib,1,-0.44264355301856995,0.5346696376800537,0.9773131906986237,0.7265747694607776,0.5886056577368295,1,1,FC_BOATOS,agency_claim,boatos,>=2023,pt-BR,False,false_pure,checker,False,False,False
276785799768936441,val_calib,0,-0.13298992812633514,0.12682169675827026,0.2598116248846054,0.5645899844635023,0.40181095546075696,0,0,FC_POLIGRAFO,agency_claim,poligrafo,>=2023,pt-BR,True,true_rating,checker,False,False,False
931551127651095709,val_calib,1,-0.3670460879802704,0.46700647473335266,0.834052562713623,0.697211140405972,0.5516231234754946,1,1,FC_POLIGRAFO,agency_claim,poligrafo,>=2023,pt-BR,True,false_pure,checker,False,False,False
7995,val_calib,0,-0.2668587863445282,0.4558708965778351,0.7227296829223633,0.6732078284045225,0.5224635755605529,1,0,Fake.br,portal,desconhecido,sem_data,desconhecido,False,none,v1,False,False,False
1038350909797734175,val_calib,0,-0.30375978350639343,0.38158389925956726,0.6853436827659607,0.6649303065766599,0.5126263399261382,1,0,EXT_LIARBR,external_claim,ext_liarbr,sem_data,pt-BR,False,true_rating,checker,False,False,False
37296,val_calib,1,-0.18007883429527283,0.13149571418762207,0.3115745484828949,0.5772695439555134,0.41498977219251315,0,0,fakes,agency_claim,desconhecido,2018-2022,desconhecido,True,none,v1,False,False,False
483126179918927814,val_calib,0,-0.23269347846508026,0.27786245942115784,0.5105559378862381,0.6249367902414688,0.4666292805685226,0,0,EXT_LIARBR,external_claim,ext_liarbr,sem_data,pt-BR,False,true_rating,checker,False,False,False
12556,val_calib,0,-0.3355710208415985,0.512395977973938,0.8479669988155365,0.7001405002618827,0.5552471228485797,1,1,FakeWhatsApp.BR_2018,whatsapp,desconhecido,2018-2022,desconhecido,False,none,v1,False,False,False
328242229448934017,val_calib,1,-0.19985269010066986,0.2661065459251404,0.46595923602581024,0.6144269169366469,0.45495267146033713,0,0,FC_POLIGRAFO,agency_claim,poligrafo,>=2023,pt-BR,True,false_pure,checker,False,False,False
4427,val_calib,0,-0.3606148064136505,0.46160176396369934,0.8222165703773499,0.6947066537956972,0.5485361159968382,1,1,Fake.br,portal,desconhecido,sem_data,desconhecido,False,none,v1,False,False,False
372237803483624781,val_calib,0,-0.2125103920698166,0.2666010558605194,0.479111447930336,0.6175380341963159,0.4583917077255188,0,0,NEWS_BRASILDEFATO,press_true,brasildefato,<=2017,pt-BR,False,none,llm_local,False,False,False
921157774205953283,val_calib,1,-0.34019848704338074,0.24572131037712097,0.5859197974205017,0.6424284111068498,0.4864382223134926,0,0,EXT_LIARBR,external_claim,ext_liarbr,sem_data,pt-BR,False,false_pure,checker,False,False,False
32269,val_calib,1,-0.28238993883132935,0.4498285949230194,0.7322185337543488,0.6752919256146248,0.5249578728471922,1,0,fakes,agency_claim,desconhecido,2018-2022,desconhecido,False,none,v1,False,False,False
3208,val_calib,1,-0.4948672652244568,0.4365798234939575,0.9314470887184143,0.7173687761770533,0.576853248812594,1,1,Fake.br,portal,desconhecido,sem_data,desconhecido,False,none,v1,False,False,False
1001234955136213979,val_calib,1,-0.418119877576828,0.48807618021965027,0.9061960577964783,0.7122211282532008,0.5703448806931586,1,1,EXT_AVERITECBR,external_claim,ext_averitecbr,2018-2022,pt-BR,False,other,checker,False,False,False
228017187741561531,val_calib,1,-0.26508066058158875,0.2947888970375061,0.5598695576190948,0.636422357894429,0.4795830808389165,0,0,FC_POLIGRAFO,agency_claim,poligrafo,>=2023,pt-BR,True,false_pure,checker,False,False,False
16720,val_calib,1,-0.46146640181541443,0.6046234369277954,1.0660898387432098,0.7438526003522715,0.6110576782725959,1,1,FakeWhatsApp.BR_2018,whatsapp,desconhecido,2018-2022,desconhecido,False,none,v1,False,False,False
586760775659801499,val_calib,0,-0.04348817840218544,0.17564168572425842,0.21912986412644386,0.5545643019804439,0.3915510673775737,0,0,EXT_LIARBR,external_claim,ext_liarbr,sem_data,pt-BR,False,true_rating,checker,False,False,False
652974659104261020,val_calib,1,-0.33219823241233826,0.31373539566993713,0.6459336280822754,0.6560935308916075,0.5022460712742514,1,0,FC_COMPROVA,agency_claim,comprova,2018-2022,pt-BR,False,other,checker_match,False,False,False
156655714124594921,val_calib,0,-0.2262328565120697,0.25387299060821533,0.48010584712028503,0.6177728687138275,0.4586518883502234,0,0,FC_POLIGRAFO,agency_claim,poligrafo,2018-2022,pt-BR,True,true_rating,checker,False,False,False
2975,val_calib,0,-0.48845481872558594,0.45659342408180237,0.9450482428073883,0.7201182501429616,0.5803480283282134,1,1,Fake.br,portal,desconhecido,sem_data,desconhecido,False,none,v1,False,False,False
29872,val_calib,1,-0.37032753229141235,0.4421215057373047,0.812449038028717,0.6926311337817409,0.5459857675202069,1,1,fakes,agency_claim,desconhecido,sem_data,desconhecido,False,none,v1,False,False,False
1495,val_calib,1,-0.4398048222064972,0.3723360300064087,0.8121408522129059,0.6925655192081824,0.545905258757221,1,1,COVID19.BR,covid,desconhecido,sem_data,desconhecido,False,none,v1,False,False,False
783871209081650473,val_calib,1,-0.3334434926509857,0.38893118500709534,0.722374677658081,0.6731297227824115,0.5223702341853684,1,0,FC_BOATOS,agency_claim,boatos,2018-2022,pt-BR,False,false_pure,checker,False,False,False
900494961748253420,val_calib,1,-0.2369125634431839,0.21781931817531586,0.45473188161849976,0.6117636904144762,0.4520203294296862,0,0,FC_POLIGRAFO,agency_claim,poligrafo,>=2023,pt-BR,True,hard,checker,False,False,False
42578,val_calib,1,-0.16910269856452942,0.24046874046325684,0.40957143902778625,0.6009851135162557,0.44026102829187286,0,0,fakes,agency_claim,desconhecido,2018-2022,desconhecido,False,none,v1,False,False,False
47971,val_calib,0,-0.29967549443244934,0.49051323533058167,0.790188729763031,0.6878718530860523,0.5401646814960104,1,1,true,press_true,desconhecido,2018-2022,desconhecido,False,hard,v1,False,False,False
911202146763910326,val_calib,1,-0.41311073303222656,0.3896982669830322,0.8028090000152588,0.6905750325962382,0.5434663394059146,1,1,EXT_LIARBR,external_claim,ext_liarbr,sem_data,pt-BR,False,false_pure,checker,False,False,False
461392545726990075,val_calib,1,-0.6048424243927002,0.7528221011161804,1.3576645255088806,0.7953798597224983,0.6811436078641222,1,1,FC_BOATOS,agency_claim,boatos,>=2023,pt-BR,False,false_pure,checker,False,False,False
1132601628508617776,val_calib,1,-0.21452847123146057,0.2769196033477783,0.4914480745792389,0.6204475023287431,0.4616210983903189,0,0,FC_POLIGRAFO,agency_claim,poligrafo,>=2023,pt-BR,True,other,checker,False,False,False
1005723277320371629,val_calib,1,-0.43547841906547546,0.48013946413993835,0.9156178832054138,0.7141483784347123,0.572776295347715,1,1,FC_BOATOS,agency_claim,boatos,2018-2022,pt-BR,False,false_pure,checker,False,False,False
5049,val_calib,0,-0.39857134222984314,0.3680563271045685,0.7666276693344116,0.6827909398200014,0.5339915209859493,1,0,Fake.br,portal,desconhecido,sem_data,desconhecido,False,none,v1,False,False,False
39520,val_calib,1,-0.526460587978363,0.589828372001648,1.116288959980011,0.753299707987856,0.6235542822964637,1,1,fakes,agency_claim,desconhecido,sem_data,desconhecido,False,other,v1,False,False,False
30052,val_calib,1,-0.21596285700798035,0.382208913564682,0.5981717705726624,0.6452379248493227,0.48966426178707895,0,0,fakes,agency_claim,desconhecido,sem_data,desconhecido,False,none,v1,False,False,False
223684093614524050,val_calib,1,-0.4760627746582031,0.6915726661682129,1.167635440826416,0.7627173446340694,0.6361685323467524,1,1,FC_BOATOS,agency_claim,boatos,>=2023,pt-BR,False,false_pure,checker,False,False,False
847534397141419586,val_calib,1,-0.4895343482494354,0.6046828031539917,1.0942171514034271,0.7491750066011129,0.6180788545119942,1,1,FC_POLIGRAFO,agency_claim,poligrafo,2018-2022,pt-BR,True,false_pure,checker,False,False,False
888972001570727067,val_calib,0,-0.1265011578798294,0.2205435335636139,0.3470446914434433,0.5859007413153186,0.42409243675098196,0,0,FC_POLIGRAFO,agency_claim,poligrafo,>=2023,pt-BR,True,true_rating,checker,False,False,False
296046134545426969,val_calib,1,-0.5872457027435303,0.6045111417770386,1.1917568445205688,0.7670551272159615,0.6420315914994189,1,1,FC_BOATOS,agency_claim,boatos,2018-2022,pt-BR,False,false_pure,checker,False,False,False
1031992590299103997,val_calib,1,-0.4738006889820099,0.5936522483825684,1.0674529373645782,0.7441122332466478,0.6113990272206298,1,1,FC_G1,agency_claim,g1,>=2023,pt-BR,False,false_pure,checker_match,False,False,False
34136,val_calib,1,-0.3525092899799347,0.46149563789367676,0.8140049278736115,0.6929622729082578,0.5463921828011951,1,1,fakes,agency_claim,desconhecido,2018-2022,desconhecido,False,false_pure,v1,False,False,False
485767808944187477,val_calib,1,-0.5440378785133362,0.46550503373146057,1.0095429122447968,0.7329306869020961,0.5968047519391488,1,1,FC_AOSFATOS,agency_claim,aosfatos,>=2023,pt-BR,False,false_pure,checker,False,False,False
29757,val_calib,1,-0.23664134740829468,0.593260645866394,0.8299019932746887,0.6963342064183453,0.5505410320085637,1,1,fakes,agency_claim,desconhecido,2018-2022,desconhecido,False,none,v1,False,False,False
185183639524736998,val_calib,1,-0.44112059473991394,0.48751404881477356,0.9286346435546875,0.716798202190233,0.5761296259655363,1,1,FC_BOATOS,agency_claim,boatos,<=2017,pt-BR,False,false_pure,checker,False,False,False
161597265688985176,val_calib,1,-0.45963069796562195,0.5122679471969604,0.9718986451625824,0.7254977762460575,0.5872232490836926,1,1,FC_BOATOS,agency_claim,boatos,2018-2022,pt-BR,False,false_pure,checker,False,False,False
158883225858448853,val_calib,1,-0.3943037688732147,0.5132368803024292,0.9075406491756439,0.7124966399916149,0.5706920791103772,1,1,FC_EFARSAS,agency_claim,efarsas,2018-2022,pt-BR,False,false_pure,checker,False,False,False
10665,val_calib,0,-0.29358452558517456,0.4896208345890045,0.7832053601741791,0.686370530935684,0.5383361889186656,1,0,LLM4BR_300,llm,desconhecido,sem_data,desconhecido,False,none,v1,False,False,False
290681177899427341,val_calib,1,-0.22286134958267212,0.2806587815284729,0.503520131111145,0.6232862177781628,0.46478435494225107,0,0,FC_POLIGRAFO,agency_claim,poligrafo,>=2023,pt-BR,True,false_pure,checker,False,False,False
47316,val_calib,0,-0.2375355064868927,0.4561767280101776,0.6937122344970703,0.6667922223806175,0.5148294456590902,1,0,true,press_true,desconhecido,2018-2022,desconhecido,False,none,v1,False,False,False
261801114652601311,val_calib,0,-0.42402881383895874,0.4929717481136322,0.9170005619525909,0.7144305555296594,0.5731328193492221,1,1,FC_POLIGRAFO,agency_claim,poligrafo,2018-2022,pt-BR,True,true_rating,checker,False,False,False
231951170915996528,val_calib,1,-0.40553268790245056,0.5258563160896301,0.9313890039920807,0.7173569993027525,0.5768383073339064,1,1,FC_BOATOS_VIRAL,social,boatos,>=2023,pt-BR,False,false_pure,checker,False,False,False
5155,val_calib,0,-0.35437896847724915,0.42684322595596313,0.7812221944332123,0.685943465024164,0.5378167358765863,1,0,Fake.br,portal,desconhecido,sem_data,desconhecido,False,none,v1,False,False,False
126702972714276336,val_calib,0,-0.09146803617477417,0.09677281230688095,0.18824084848165512,0.546921739389694,0.3838238846946728,0,0,EXT_LIARBR,external_claim,ext_liarbr,sem_data,pt-BR,False,true_rating,checker,False,False,False
40548,val_calib,1,-0.395681768655777,0.44001710414886475,0.8356988728046417,0.6975585763708474,0.5520521968264933,1,1,fakes,agency_claim,desconhecido,2018-2022,desconhecido,True,false_pure,v1,False,False,False
664852034589839282,val_calib,1,-0.2586950361728668,0.2907763719558716,0.5494714081287384,0.6340129449634069,0.4768488004002374,0,0,FC_AFP,agency_claim,afp,>=2023,pt-BR,False,false_pure,checker,False,False,False
778594204286156153,val_calib,1,-0.4499301314353943,0.38435760140419006,0.8342877328395844,0.6972607843432933,0.5516844199503633,1,1,FC_BOATOS,agency_claim,boatos,>=2023,pt-BR,False,false_pure,checker,False,False,False
243784510674686568,val_calib,0,-0.2937791049480438,0.5094544887542725,0.8032335937023163,0.6906657529243471,0.5435773549441255,1,1,FC_POLIGRAFO,agency_claim,poligrafo,2018-2022,pt-BR,True,true_rating,checker,False,False,False
875662094003411601,val_calib,1,-0.37800946831703186,0.55799800157547,0.9360074698925018,0.7182924799234198,0.5780259018189878,1,1,FC_POLIGRAFO,agency_claim,poligrafo,>=2023,pt-BR,True,other,checker,False,False,False
33838,val_calib,1,-0.4708671271800995,0.6858684420585632,1.1567355692386627,0.760739044824659,0.6335057105794868,1,1,fakes,agency_claim,desconhecido,2018-2022,desconhecido,False,false_pure,v1,False,False,False
946265846152576801,val_calib,1,-0.5803363919258118,0.6421201825141907,1.2224565744400024,0.7724955719404604,0.649432416566451,1,1,FC_AFP,agency_claim,afp,>=2023,pt-BR,False,false_pure,checker,False,False,False
1125229125149395267,val_calib,1,-0.45819416642189026,0.5195097923278809,0.9777039587497711,0.7266523940818626,0.5887053724349846,1,1,FC_BOATOS_VIRAL,social,boatos,<=2017,pt-BR,False,false_pure,checker,False,False,False
29909,val_calib,1,-0.272005558013916,0.4914177656173706,0.7634233236312866,0.6820965125342376,0.5331511129047132,1,0,fakes,agency_claim,desconhecido,sem_data,desconhecido,True,false_pure,v1,False,False,False
937379436527537127,val_calib,1,-0.4095821678638458,0.5458008646965027,0.9553830325603485,0.7221964597267237,0.5829981663636984,1,1,FC_ESTADAO,agency_claim,estadao,sem_data,pt-BR,False,false_pure,checker,False,False,False
47212,val_calib,0,-0.34328338503837585,0.4643239378929138,0.8076073229312897,0.6915994050951924,0.5447206693539254,1,1,true,press_true,desconhecido,2018-2022,desconhecido,False,none,v1,False,False,False
25265,val_calib,1,-0.46873238682746887,0.5370718836784363,1.0058042705059052,0.7321982358511913,0.5958563337513167,1,1,fakes,agency_claim,desconhecido,2018-2022,desconhecido,False,none,v1,False,False,False
43289,val_calib,1,-0.3420759439468384,0.2755899727344513,0.6176659166812897,0.6496875118110719,0.4947988874968917,0,0,fakes,agency_claim,desconhecido,2018-2022,desconhecido,False,false_pure,v1,False,False,False
1652,val_calib,0,-0.31613606214523315,0.584388792514801,0.9005248546600342,0.7110573484760168,0.5688797130883537,1,1,COVID19.BR,covid,desconhecido,sem_data,desconhecido,False,none,v1,False,False,False
904000846615880793,val_calib,0,-0.3329380452632904,0.22876696288585663,0.561705008149147,0.6368469544108112,0.4800658596443536,0,0,EXT_LIARBR,external_claim,ext_liarbr,sem_data,pt-BR,False,true_rating,checker,False,False,False
42861,val_calib,1,-0.45719584822654724,0.33972296118736267,0.7969188094139099,0.6893149990799438,0.5419258318401127,1,1,fakes,agency_claim,desconhecido,2018-2022,desconhecido,False,none,v1,False,False,False
1131354207474813622,val_calib,1,-0.2757551968097687,0.4611673057079315,0.7369225025177002,0.6763225260378372,0.5261939330546104,1,0,EXT_AVERITECBR,external_claim,ext_averitecbr,2018-2022,pt-BR,False,other,checker,False,False,False
856656212710848018,val_calib,1,-0.4710710048675537,0.5949955582618713,1.066066563129425,0.7438481654868633,0.6110518486160541,1,1,FC_EFARSAS,agency_claim,efarsas,<=2017,pt-BR,False,false_pure,checker,False,False,False
8003,val_calib,0,-0.37957409024238586,0.3667665421962738,0.7463406324386597,0.6783808190391863,0.528667751990035,1,0,Fake.br,portal,desconhecido,sem_data,desconhecido,False,none,v1,False,False,False
45520,val_calib,0,-0.3263946771621704,0.3541858196258545,0.6805804967880249,0.6638682459556963,0.5113721585130867,1,0,COVID19.BR_raw,covid,desconhecido,sem_data,desconhecido,False,none,v1,False,False,False
43757,val_calib,1,-0.37568989396095276,0.6313966512680054,1.0070865452289581,0.73244959450695,0.5961817021250398,1,1,fakes,agency_claim,desconhecido,2018-2022,desconhecido,False,other,v1,False,False,False
1473,val_calib,1,-0.39195504784584045,0.5958909392356873,0.9878459870815277,0.7286622545818003,0.5912908061431776,1,1,COVID19.BR,covid,desconhecido,sem_data,desconhecido,False,none,v1,False,False,False
730063435426737739,val_calib,1,-0.25629568099975586,0.2602035701274872,0.516499251127243,0.6263288104513394,0.4681884466359614,0,0,FC_POLIGRAFO,agency_claim,poligrafo,>=2023,pt-BR,True,false_pure,checker,False,False,False
36490,val_calib,1,-0.24959096312522888,0.30675455927848816,0.556345522403717,0.6356065437562529,0.47865626102827646,0,0,fakes,agency_claim,desconhecido,2018-2022,desconhecido,True,none,v1,False,False,False
427907252321455953,val_calib,1,-0.30599477887153625,0.44316643476486206,0.7491612136363983,0.6789959043639292,0.5294083533256504,1,0,FC_LUPA,agency_claim,lupa,>=2023,pt-BR,False,false_pure,checker_match,False,False,False
951622196891405506,val_calib,1,-0.4629638195037842,0.5396741032600403,1.0026379227638245,0.7315769094934965,0.5950525342877527,1,1,FC_BOATOS_VIRAL,social,boatos,>=2023,pt-BR,False,false_pure,checker,False,False,False
24534,val_calib,1,-0.23218266665935516,0.19663028419017792,0.4288129508495331,0.6055901764602437,0.44526390407950367,0,0,fakes,agency_claim,desconhecido,sem_data,desconhecido,False,none,v1,False,False,False
646159020345757731,val_calib,1,-0.15729664266109467,0.0931224450469017,0.25041908770799637,0.5622796499650852,0.39943416464285375,0,0,FC_POLIGRAFO,agency_claim,poligrafo,2018-2022,pt-BR,True,hard,checker,False,False,False
31337,val_calib,1,-0.3334014117717743,0.21001766622066498,0.5434190779924393,0.632607423352409,0.4752579176653481,0,0,fakes,agency_claim,desconhecido,sem_data,desconhecido,False,none,v1,False,False,False
73332503784731433,val_calib,1,-0.44631901383399963,0.47085049748420715,0.9171695113182068,0.714465023252209,0.5731763777763055,1,1,FC_UOL,agency_claim,uol,sem_data,pt-BR,False,false_pure,checker,False,False,False
815724547573400474,val_calib,1,-0.4818258583545685,0.5884228348731995,1.070248693227768,0.7446442075257445,0.6120988019831888,1,1,FC_OBSERVADOR,agency_claim,observador,>=2023,pt-PT,True,false_pure,checker,False,False,False
493888996642125161,val_calib,1,-0.34720078110694885,0.33640071749687195,0.6836014986038208,0.6645420399742852,0.5121676278069967,1,0,FC_BOATOS,agency_claim,boatos,<=2017,pt-BR,False,false_pure,checker,False,False,False
1087242753488288219,val_calib,0,-0.44442129135131836,0.5744070410728455,1.0188283324241638,0.7347443100020813,0.5991571337607466,1,1,NEWS_PODER360,press_true,poder360,2018-2022,pt-BR,False,none,llm_local,False,False,False
987688926886425609,val_calib,1,-0.4001324772834778,0.7062466740608215,1.1063791513442993,0.7514534572445385,0.6210997321005727,1,1,FC_LUPA,agency_claim,lupa,>=2023,pt-BR,False,false_pure,checker_match,False,False,False
1070999872113286842,val_calib,0,-0.26902973651885986,0.37962761521339417,0.648657351732254,0.6567078362036646,0.5029636415229177,1,0,FC_POLIGRAFO,agency_claim,poligrafo,2018-2022,pt-BR,True,true_rating,checker,False,False,False
770050726744163878,val_calib,0,-0.3689793050289154,0.44043034315109253,0.8094096481800079,0.6919836896421871,0.5451916696423106,1,1,EXT_LIARBR,external_claim,ext_liarbr,sem_data,pt-BR,False,true_rating,checker,False,False,False
962902902851601774,val_calib,1,-0.4527936279773712,0.49012491106987,0.9429185390472412,0.7196888115505456,0.5798013292326575,1,1,FC_BOATOS,agency_claim,boatos,>=2023,pt-BR,False,false_pure,checker,False,False,False
1005522737638767790,val_calib,1,-0.2603432536125183,0.2645403742790222,0.5248836278915405,0.6282890109343651,0.47038904985455626,0,0,FC_POLIGRAFO,agency_claim,poligrafo,>=2023,pt-BR,True,other,checker,False,False,False
600010992398291606,val_calib,0,-0.3115464150905609,0.21224428713321686,0.5237907022237778,0.6280337311974747,0.47010212830934445,0,0,FC_POLIGRAFO,agency_claim,poligrafo,2018-2022,pt-BR,True,true_rating,checker,False,False,False
39696,val_calib,1,-0.5033020377159119,0.5754366517066956,1.0787386894226074,0.7462552178188221,0.6142209962039527,1,1,fakes,agency_claim,desconhecido,2018-2022,desconhecido,False,false_pure,v1,False,False,False
6461,val_calib,0,-0.3284648358821869,0.32209643721580505,0.6505612730979919,0.6571369331347797,0.5034652262053316,1,0,Fake.br,portal,desconhecido,sem_data,desconhecido,False,none,v1,False,False,False
254347812015635567,val_calib,1,-0.14756900072097778,0.2465859353542328,0.39415493607521057,0.5972825141571886,0.43626135928311865,0,0,FC_POLIGRAFO,agency_claim,poligrafo,2018-2022,pt-BR,True,other,checker,False,False,False
964268634581620587,val_calib,1,-0.255123108625412,0.2725476324558258,0.5276707410812378,0.6289396856530559,0.47112082804558003,0,0,FC_POLIGRAFO,agency_claim,poligrafo,2018-2022,pt-BR,True,false_pure,checker,False,False,False
1022997575369379026,val_calib,1,-0.3081637918949127,0.4802851974964142,0.7884489893913269,0.6874982015459589,0.5397092552587806,1,0,FC_EFARSAS,agency_claim,efarsas,2018-2022,pt-BR,False,false_pure,checker,False,False,False
27006,val_calib,1,-0.37873998284339905,0.4421347677707672,0.8208747506141663,0.6944219938280417,0.5481859085345596,1,1,fakes,agency_claim,desconhecido,2018-2022,desconhecido,False,none,v1,False,False,False
1195,val_calib,0,-0.33525219559669495,0.46961018443107605,0.804862380027771,0.6910136294258538,0.5440031820463849,1,1,COVID19.BR,covid,desconhecido,sem_data,desconhecido,False,none,v1,False,False,False
15504,val_calib,1,-0.45214352011680603,0.5840451121330261,1.0361886322498322,0.7381139309142756,0.6035429065804432,1,1,FakeWhatsApp.BR_2018,whatsapp,desconhecido,2018-2022,desconhecido,False,none,v1,False,False,False
849003560842444564,val_calib,1,-0.442031592130661,0.7636860013008118,1.2057175934314728,0.7695403496032914,0.6454057747939513,1,1,FC_G1,agency_claim,g1,2018-2022,pt-BR,False,false_pure,checker,False,False,False
1813,val_calib,1,-0.3777211010456085,0.5751447677612305,0.952865868806839,0.7216911620027083,0.5823531284654487,1,1,COVID19.BR,covid,desconhecido,sem_data,desconhecido,False,none,v1,False,False,False
26686,val_calib,1,-0.4034492075443268,0.3103516697883606,0.7138008773326874,0.6712404701474759,0.5201154694101952,1,0,fakes,agency_claim,desconhecido,2018-2022,desconhecido,True,hard,v1,False,False,False
839603291164124156,val_calib,1,-0.48900431394577026,0.7537230253219604,1.2427273392677307,0.7760383903297515,0.6542802588817876,1,1,FC_G1,agency_claim,g1,2018-2022,pt-BR,False,false_pure,checker,False,False,False
2916,val_calib,1,-0.32658684253692627,0.4056900441646576,0.7322768867015839,0.6753047206944177,0.5249732081354171,1,0,Fake.br,portal,desconhecido,sem_data,desconhecido,False,none,v1,False,False,False
570326789113456187,val_calib,1,-0.5104545950889587,0.6378703117370605,1.1483249068260193,0.7592048213501263,0.6314454006691358,1,1,FC_ESTADAO,agency_claim,estadao,sem_data,pt-BR,False,hard,checker,False,False,False
687210156875076575,val_calib,1,-0.1838850975036621,0.20428822934627533,0.38817332684993744,0.5958428876931978,0.43471168677153244,0,0,FC_POLIGRAFO,agency_claim,poligrafo,>=2023,pt-BR,True,other,checker,False,False,False
1466,val_calib,1,-0.4083019196987152,0.5191295146942139,0.9274314343929291,0.7165538887870985,0.575819948571389,1,1,COVID19.BR,covid,desconhecido,sem_data,desconhecido,False,none,v1,False,False,False
895993604086055283,val_calib,1,-0.4266306161880493,0.4643634259700775,0.8909940421581268,0.7090952653689939,0.5664147014585291,1,1,FC_BOATOS_VIRAL,social,boatos,<=2017,pt-BR,False,false_pure,checker,False,False,False
647741846712880292,val_calib,0,-0.3841995894908905,0.49811142683029175,0.8823110163211823,0.7073008914514721,0.5641660902315131,1,1,EXT_LIARBR,external_claim,ext_liarbr,sem_data,pt-BR,False,true_rating,checker,False,False,False
40527,val_calib,1,-0.1672574281692505,0.16482806205749512,0.3320854902267456,0.5822667220490255,0.42024681488788146,0,0,fakes,agency_claim,desconhecido,2018-2022,desconhecido,True,true_rating,v1,False,False,False
764794399354209789,val_calib,1,-0.44955477118492126,0.6669262051582336,1.116480976343155,0.7533353904306725,0.6236017805064422,1,1,FC_BOATOS,agency_claim,boatos.org,2018-2022,pt-BR,False,false_pure,checker_match,False,False,False
7509,val_calib,0,-0.4197096526622772,0.08392132818698883,0.503630980849266,0.6233122449973204,0.46481341456646513,0,0,Fake.br,portal,desconhecido,sem_data,desconhecido,False,none,v1,False,False,False
1039178593923718030,val_calib,1,-0.24238623678684235,0.42959654331207275,0.6719827800989151,0.6619469945654546,0.5091079655623316,1,0,FC_G1,agency_claim,g1,>=2023,pt-BR,False,false_pure,checker,False,False,False
37191,val_calib,1,-0.48128435015678406,0.4231085181236267,0.9043928682804108,0.7118514011910013,0.5698791551318924,1,1,fakes,agency_claim,desconhecido,2018-2022,desconhecido,True,none,v1,False,False,False
386494686764299365,val_calib,1,-0.1348145604133606,0.26149383187294006,0.39630839228630066,0.5978003894508032,0.4368195678157474,0,0,EXT_LIARBR,external_claim,ext_liarbr,sem_data,pt-BR,False,false_pure,checker,False,False,False
489648712901257427,val_calib,1,-0.17307154834270477,0.27594080567359924,0.449012354016304,0.6104043866241383,0.45052777932895643,0,0,FC_BOATOS_VIRAL,social,boatos,<=2017,pt-BR,False,false_pure,checker,False,False,False
365179035669859173,val_calib,0,-0.4841862916946411,0.6516734957695007,1.1358597874641418,0.7569186802580977,0.6283830733972976,1,1,EXT_LIARBR,external_claim,ext_liarbr,sem_data,pt-BR,False,true_rating,checker,False,False,False
502908904181722117,val_calib,1,-0.36963191628456116,0.38582175970077515,0.7554536759853363,0.6803658648501469,0.5310600967572788,1,0,FC_LUPA,agency_claim,lupa,>=2023,pt-BR,False,false_pure,checker_match,False,False,False
29561,val_calib,1,-0.24568971991539001,0.36610856652259827,0.6117982864379883,0.648350906313711,0.4932532286797072,0,0,fakes,agency_claim,desconhecido,sem_data,desconhecido,False,none,v1,False,False,False
24938,val_calib,1,-0.17299261689186096,0.298020601272583,0.47101321816444397,0.6156235434884312,0.45627369500148357,0,0,fakes,agency_claim,desconhecido,2018-2022,desconhecido,False,none,v1,False,False,False
525413783355527569,val_calib,1,-0.301889568567276,0.29417282342910767,0.5960623919963837,0.6447549277598142,0.4891087772167764,0,0,FC_BOATOS,agency_claim,boatos,>=2023,pt-BR,False,false_pure,checker,False,False,False
7398,val_calib,1,-0.310890257358551,0.4682319760322571,0.7791222333908081,0.6854909043112974,0.5372666010090706,1,0,Fake.br,portal,desconhecido,sem_data,desconhecido,False,none,v1,False,False,False
1043264740369844835,val_calib,1,-0.09337848424911499,0.2755855917930603,0.3689640760421753,0.591208638986887,0.42974385861700515,0,0,FC_POLIGRAFO,agency_claim,poligrafo,>=2023,pt-BR,True,false_pure,checker,False,False,False
318454537185185444,val_calib,1,-0.49085429310798645,0.5697185397148132,1.0605728328227997,0.7427999991799665,0.6096749928624762,1,1,FC_LUPA,agency_claim,lupa,>=2023,pt-BR,False,false_pure,checker_match,False,False,False
44739,val_calib,1,-0.3813982307910919,0.5236957669258118,0.9050939977169037,0.7119951947842281,0.5700602567188158,1,1,fakes,agency_claim,desconhecido,2018-2022,desconhecido,False,hard,v1,False,False,False
62906919304821060,val_calib,1,-0.48929792642593384,0.559924840927124,1.0492227673530579,0.7406256212524435,0.6068248851556904,1,1,FC_BOATOS,agency_claim,boatos,>=2023,pt-BR,False,false_pure,checker,False,False,False
245204340787999082,val_calib,1,-0.3635757267475128,0.426393061876297,0.7899687886238098,0.6878246288558565,0.540107109371439,1,1,FC_BOATOS,agency_claim,boatos,2018-2022,pt-BR,False,false_pure,checker,False,False,False
35029,val_calib,1,-0.14592738449573517,0.2416968047618866,0.38762418925762177,0.5957106406387176,0.43456948358998615,0,0,fakes,agency_claim,desconhecido,2018-2022,desconhecido,False,false_pure,v1,False,False,False
841691063670987774,val_calib,1,-0.2627969980239868,0.42590266466140747,0.6886996626853943,0.6656775978413464,0.5135098992518641,1,0,FC_BOATOS,agency_claim,boatos,>=2023,pt-BR,False,false_pure,checker,False,False,False
2715,val_calib,0,-0.5538245439529419,0.3971119225025177,0.9509364664554596,0.7213034699890738,0.5818585169059293,1,1,Fake.br,portal,desconhecido,sem_data,desconhecido,False,none,v1,False,False,False
838221447634159535,val_calib,0,-0.2758333384990692,0.2612511217594147,0.5370844602584839,0.631133928619536,0.47359337257499845,0,0,NEWS_BRASILDEFATO,press_true,brasildefato,<=2017,pt-BR,False,none,llm_local,False,False,False
15836,val_calib,0,-0.2617351710796356,0.38923826813697815,0.6509734392166138,0.6572297914367169,0.5035738097492718,1,0,FakeWhatsApp.BR_2018,whatsapp,desconhecido,2018-2022,desconhecido,False,none,v1,False,False,False
25760,val_calib,1,-0.15417027473449707,0.2164139747619629,0.37058424949645996,0.5916001461617013,0.43016233060417103,0,0,fakes,agency_claim,desconhecido,<=2017,desconhecido,False,none,v1,False,False,False
3783,val_calib,0,-0.3570111095905304,0.4275972545146942,0.7846083641052246,0.6866724710148642,0.5387036292606068,1,0,Fake.br,portal,desconhecido,sem_data,desconhecido,False,none,v1,False,False,False
899133072014259070,val_calib,1,-0.6329737305641174,0.7264142632484436,1.359387993812561,0.7956602126707876,0.6815379447199922,1,1,FC_BOATOS,agency_claim,boatos,<=2017,pt-BR,False,false_pure,checker,False,False,False
584325189585053290,val_calib,1,-0.6189600825309753,0.7584027647972107,1.377362847328186,0.7985671280037637,0.6856351007287873,1,1,FC_BOATOS,agency_claim,boatos,>=2023,pt-BR,False,false_pure,checker,False,False,False
639468384077367730,val_calib,0,-0.34468087553977966,0.6896363496780396,1.0343172252178192,0.7377520234857208,0.6030709148520756,1,1,FC_G1,agency_claim,g1,>=2023,pt-BR,False,other,checker,False,False,False
585012683245525305,val_calib,1,-0.35459062457084656,0.44366493821144104,0.7982555627822876,0.6896012054834221,0.5422755147889936,1,1,FC_POLIGRAFO,agency_claim,poligrafo,>=2023,pt-BR,True,other,checker,False,False,False
343344659923269810,val_calib,0,-0.17245259881019592,0.18986304104328156,0.3623156398534775,0.5896008693645942,0.4280277021149235,0,0,FC_POLIGRAFO,agency_claim,poligrafo,>=2023,pt-BR,True,true_rating,checker,False,False,False
32044,val_calib,1,-0.5895640254020691,0.5036188364028931,1.0931828618049622,0.7489806012796699,0.6178215254492165,1,1,fakes,agency_claim,desconhecido,2018-2022,desconhecido,False,none,v1,False,False,False
192162949749789708,val_calib,1,-0.40917834639549255,0.5240390300750732,0.9332173764705658,0.7177275653041877,0.5773085628759224,1,1,FC_BOATOS,agency_claim,boatos.org,2018-2022,pt-BR,False,false_pure,checker_match,False,False,False
86645071824006021,val_calib,1,-0.3439682722091675,0.4800493121147156,0.8240175843238831,0.6950884956136145,0.5490060949571628,1,1,FC_BOATOS,agency_claim,boatos,>=2023,pt-BR,False,false_pure,checker,False,False,False
15514,val_calib,0,-0.3688381016254425,0.4710378646850586,0.8398759663105011,0.6984390924309103,0.5531405122539551,1,1,FakeWhatsApp.BR_2018,whatsapp,desconhecido,2018-2022,desconhecido,False,none,v1,False,False,False
19856621701369008,val_calib,1,-0.28766611218452454,0.38448598980903625,0.6721521019935608,0.661984883223689,0.5091525600855522,1,0,FC_POLIGRAFO,agency_claim,poligrafo,>=2023,pt-BR,True,false_pure,checker,False,False,False
28661,val_calib,1,-0.3319058120250702,0.3968068063259125,0.7287126183509827,0.6745227019899295,0.5240364249131103,1,0,fakes,agency_claim,desconhecido,2018-2022,desconhecido,True,false_pure,v1,False,False,False
33650,val_calib,1,-0.43763279914855957,0.5438186526298523,0.9814514517784119,0.7273961211453893,0.5896612723557549,1,1,fakes,agency_claim,desconhecido,2018-2022,desconhecido,False,hard,v1,False,False,False
656405539196443766,val_calib,1,-0.5716734528541565,0.7183752655982971,1.2900487184524536,0.7841554351668588,0.6654720793140768,1,1,FC_AOSFATOS,agency_claim,aosfatos,>=2023,pt-BR,False,false_pure,checker,False,False,False
101392141433428040,val_calib,1,-0.4528869092464447,0.6868767142295837,1.1397636234760284,0.7576362373460231,0.629343258214445,1,1,FC_COMPROVA,agency_claim,comprova,>=2023,pt-BR,False,other,checker,False,False,False
33054,val_calib,1,-0.4498518407344818,0.5613698363304138,1.0112216770648956,0.7332591653356935,0.5972303859149558,1,1,fakes,agency_claim,desconhecido,2018-2022,desconhecido,False,none,v1,False,False,False
1043526289560664215,val_calib,1,-0.38288190960884094,0.5732675194740295,0.9561494290828705,0.722350194703086,0.5831945036478724,1,1,FC_BEREIA,agency_claim,bereia,>=2023,pt-BR,False,hard,checker,False,False,False
1141354979694821618,val_calib,1,-0.24570216238498688,0.34717974066734314,0.59288190305233,0.6440261145294831,0.4882712773168967,0,0,FC_BOATOS,agency_claim,boatos,<=2017,pt-BR,False,false_pure,checker,False,False,False
1152636207814920099,val_calib,1,-0.26800015568733215,0.469236820936203,0.7372369766235352,0.6763913638621514,0.5262765560253858,1,0,FC_BOATOS,agency_claim,boatos,>=2023,pt-BR,False,false_pure,checker,False,False,False
12034,val_calib,1,-0.34706833958625793,0.5919733047485352,0.9390416443347931,0.7189060333963732,0.5788056209078135,1,1,FakeWhatsApp.BR_2018,whatsapp,desconhecido,2018-2022,desconhecido,False,none,v1,False,False,False
677685590458996739,val_calib,1,-0.5522337555885315,0.7255390882492065,1.277772843837738,0.7820704266942968,0.662585971845879,1,1,FC_ESTADAO,agency_claim,estadao,sem_data,pt-BR,False,false_pure,checker,False,False,False
48676,val_calib,0,-0.15724506974220276,0.1156294196844101,0.27287448942661285,0.5677984513730097,0.40512419202270555,0,0,true,press_true,desconhecido,2018-2022,desconhecido,True,none,v1,False,False,False
1090,val_calib,1,-0.42508795857429504,0.5638236403465271,0.9889115989208221,0.7288728891620794,0.5915621645243619,1,1,COVID19.BR,covid,desconhecido,sem_data,desconhecido,False,none,v1,False,False,False
25737,val_calib,1,-0.3108086884021759,0.3579619228839874,0.6687706112861633,0.6612278238695866,0.5082619459144586,1,0,fakes,agency_claim,desconhecido,2018-2022,desconhecido,False,none,v1,False,False,False
685701088336400211,val_calib,1,-0.5030003190040588,0.5294443964958191,1.032444715499878,0.737389580335508,0.6025984529189479,1,1,EXT_AVERITECBR,external_claim,ext_averitecbr,2018-2022,pt-BR,False,other,checker,False,False,False
32720,val_calib,1,-0.3959382474422455,0.4192816913127899,0.8152199387550354,0.6932207247541933,0.5467095138405543,1,1,fakes,agency_claim,desconhecido,2018-2022,desconhecido,False,false_pure,v1,False,False,False
417263251823219496,val_calib,1,-0.40901920199394226,0.5804880261421204,0.9895072281360626,0.7289905796927444,0.5917138173855708,1,1,FC_AOSFATOS,agency_claim,aosfatos,>=2023,pt-BR,False,false_pure,checker,False,False,False
10743,val_calib,0,-0.41064009070396423,0.4633493721485138,0.873989462852478,0.7055751436211536,0.56200860761763,1,1,LLM4BR_300,llm,desconhecido,sem_data,desconhecido,False,none,v1,False,False,False
388044230204867491,val_calib,1,-0.41677427291870117,0.5840559601783752,1.0008302330970764,0.7312217810473634,0.5945934106829959,1,1,FC_BOATOS,agency_claim,boatos.org,>=2023,pt-BR,False,false_pure,checker_match,False,False,False
30897,val_calib,1,-0.5604962110519409,0.6336545944213867,1.1941508054733276,0.7674826103887429,0.6426112011085394,1,1,fakes,agency_claim,desconhecido,sem_data,desconhecido,False,false_pure,v1,False,False,False
37977,val_calib,1,-0.48606687784194946,0.4998290240764618,0.9858959019184113,0.7282765243968601,0.5907940723808158,1,1,fakes,agency_claim,desconhecido,2018-2022,desconhecido,True,none,v1,False,False,False
34050,val_calib,1,-0.5195631384849548,0.536494791507721,1.0560579299926758,0.7419364901722674,0.608542143227742,1,1,fakes,agency_claim,desconhecido,2018-2022,desconhecido,False,false_pure,v1,False,False,False
15229,val_calib,1,-0.30731770396232605,0.6270864009857178,0.9344041049480438,0.7179679280787503,0.5776137133191523,1,1,FakeWhatsApp.BR_2018,whatsapp,desconhecido,2018-2022,desconhecido,False,none,v1,False,False,False
33398,val_calib,1,-0.4174574315547943,0.5643036365509033,0.9817610681056976,0.727457510955135,0.5897402182400711,1,1,fakes,agency_claim,desconhecido,2018-2022,desconhecido,True,false_pure,v1,False,False,False
30990,val_calib,1,-0.41402530670166016,0.6898708939552307,1.1038962006568909,0.7509894241882772,0.6204837544230342,1,1,fakes,agency_claim,desconhecido,sem_data,desconhecido,False,none,v1,False,False,False
640540370341823487,val_calib,0,-0.2613113224506378,0.3278602957725525,0.5891716182231903,0.6431750538842566,0.48729435284619654,0,0,NEWS_OECO,press_true,oeco,<=2017,pt-BR,False,none,llm_local,False,False,False
786244950889040278,val_calib,1,-0.23359441757202148,0.46481409668922424,0.6984085142612457,0.6678348248938715,0.5160655417993686,1,0,FC_BOATOS_VIRAL,social,boatos,>=2023,pt-BR,False,false_pure,checker,False,False,False
11790,val_calib,0,-0.28923287987709045,0.5310106873512268,0.8202435672283173,0.6942880402240267,0.5480211566702692,1,1,FakeWhatsApp.BR_2018,whatsapp,desconhecido,2018-2022,desconhecido,False,none,v1,False,False,False
17187,val_calib,0,-0.3571401536464691,0.5107105374336243,0.8678506910800934,0.7042982747977098,0.560415533423375,1,1,FakeWhatsApp.BR_2018,whatsapp,desconhecido,2018-2022,desconhecido,False,none,v1,False,False,False
30172,val_calib,1,-0.3663989305496216,0.4329325258731842,0.7993314564228058,0.6898314550140254,0.5425569288887941,1,1,fakes,agency_claim,desconhecido,sem_data,desconhecido,False,none,v1,False,False,False
44372,val_calib,1,-0.4284100830554962,0.5002350211143494,0.9286451041698456,0.716800325675017,0.5761323180170572,1,1,fakes,agency_claim,desconhecido,2018-2022,desconhecido,False,false_pure,v1,False,False,False
852235432876027400,val_calib,1,-0.2274804562330246,0.16210830211639404,0.38958875834941864,0.5961836973229104,0.43507827256503107,0,0,FC_POLIGRAFO,agency_claim,poligrafo,>=2023,pt-BR,True,other,checker,False,False,False
268957762912000925,val_calib,0,-0.1030033603310585,0.15967708826065063,0.26268044859170914,0.565295090904029,0.40253784084218197,0,0,FC_POLIGRAFO,agency_claim,poligrafo,>=2023,pt-BR,True,true_rating,checker,False,False,False
528665771685112512,val_calib,1,-0.08683265000581741,0.1525183916091919,0.2393510416150093,0.5595537174827673,0.39663945957227414,0,0,EXT_AVERITECBR,external_claim,ext_averitecbr,2018-2022,pt-BR,False,other,checker,False,False,False
49301,val_calib,0,-0.4882258176803589,0.5611594319343567,1.0493852496147156,0.7406568327625022,0.606865737844968,1,1,true,press_true,desconhecido,2018-2022,desconhecido,True,none,v1,False,False,False
392966753877759750,val_calib,1,-0.5158515572547913,0.650856077671051,1.1667076349258423,0.7625493897691805,0.6359421927185012,1,1,FC_G1,agency_claim,g1,2018-2022,pt-BR,False,false_pure,checker,False,False,False
652979762193392237,val_calib,1,-0.31011340022087097,0.360330730676651,0.670444130897522,0.6616026004066181,0.5087027230052352,1,0,FC_POLIGRAFO,agency_claim,poligrafo,>=2023,pt-BR,True,false_pure,checker,False,False,False
964451130293493285,val_calib,1,-0.2460978925228119,0.18030594289302826,0.42640383541584015,0.6050146113840169,0.4446368944938093,0,0,FC_POLIGRAFO,agency_claim,poligrafo,2018-2022,pt-BR,True,false_pure,checker,False,False,False
911021760335338518,val_calib,1,-0.5023284554481506,0.68117755651474,1.1835060119628906,0.7655776083681367,0.6400307806194537,1,1,FC_G1,agency_claim,g1,2018-2022,pt-BR,False,false_pure,checker,False,False,False
40337,val_calib,1,-0.39985594153404236,0.4611825942993164,0.8610385358333588,0.7028775885661863,0.5586462524383489,1,1,fakes,agency_claim,desconhecido,2018-2022,desconhecido,True,false_pure,v1,False,False,False
370856389636786001,val_calib,1,-0.5070499181747437,0.559130847454071,1.0661807656288147,0.7438699248049574,0.6110804516968853,1,1,EXT_LIARBR,external_claim,ext_liarbr,sem_data,pt-BR,False,false_pure,checker,False,False,False
92947375059028844,val_calib,1,-0.47169390320777893,0.595525860786438,1.067219763994217,0.7440678323605187,0.611340643374863,1,1,FC_BOATOS,agency_claim,boatos,>=2023,pt-BR,False,false_pure,checker,False,False,False
15427,val_calib,1,-0.43400609493255615,0.5844749808311462,1.0184810757637024,0.734676625860721,0.5990692407243933,1,1,FakeWhatsApp.BR_2018,whatsapp,desconhecido,2018-2022,desconhecido,False,none,v1,False,False,False
1095600862820973998,val_calib,1,-0.44071656465530396,0.4763992726802826,0.9171158373355865,0.7144540733785555,0.5731625397043378,1,1,FC_POLIGRAFO,agency_claim,poligrafo,>=2023,pt-BR,True,false_pure,checker,False,False,False
543614867005480585,val_calib,0,-0.07041981816291809,0.08158726990222931,0.1520070880651474,0.5379287677940242,0.3748341133307243,0,0,EXT_LIARBR,external_claim,ext_liarbr,sem_data,pt-BR,False,true_rating,checker,False,False,False
608983293433597519,val_calib,1,-0.3515506386756897,0.32578229904174805,0.6773329377174377,0.6631431770248702,0.5105169695993224,1,0,FC_BOATOS,agency_claim,boatos,>=2023,pt-BR,False,false_pure,checker,False,False,False
406683261197323046,val_calib,0,-0.11688999831676483,0.09392595291137695,0.21081595122814178,0.5525096562211227,0.3894657314970769,0,0,EXT_LIARBR,external_claim,ext_liarbr,sem_data,pt-BR,False,true_rating,checker,False,False,False
1037908204420611939,val_calib,1,-0.3202424943447113,0.3444020748138428,0.6646445691585541,0.6603029534312899,0.5071751619436392,1,0,FC_OBSERVADOR,agency_claim,observador,>=2023,pt-PT,True,false_pure,checker,False,False,False
524789277213861150,val_calib,0,-0.22532574832439423,0.26549747586250305,0.4908232241868973,0.6203003437401073,0.46145744991124693,0,0,EXT_LIARBR,external_claim,ext_liarbr,sem_data,pt-BR,False,true_rating,checker,False,False,False
449358475102230818,val_calib,1,-0.37174978852272034,0.5144293904304504,0.8861791789531708,0.7081010603732321,0.5651681457246918,1,1,FC_BOATOS,agency_claim,boatos,<=2017,pt-BR,False,false_pure,checker,False,False,False
26343,val_calib,1,-0.4504421353340149,0.762370765209198,1.212812900543213,0.7707962809265704,0.6471151405181204,1,1,fakes,agency_claim,desconhecido,2018-2022,desconhecido,False,none,v1,False,False,False
3581,val_calib,0,-0.3962991535663605,0.5253129601478577,0.9216121137142181,0.715370471075895,0.5743213576634347,1,1,Fake.br,portal,desconhecido,sem_data,desconhecido,False,none,v1,False,False,False
967978202119452588,val_calib,1,-0.2910989224910736,0.3637999892234802,0.6548989117145538,0.6581135705373586,0.5046079416972622,1,0,FC_POLIGRAFO,agency_claim,poligrafo,2018-2022,pt-BR,True,false_pure,checker,False,False,False
937702302382186501,val_calib,1,-0.24297595024108887,0.5234126448631287,0.7663885951042175,0.6827391570740963,0.533928825265339,1,0,FC_BOATOS_VIRAL,social,boatos,>=2023,pt-BR,False,false_pure,checker,False,False,False
230788503190123881,val_calib,1,-0.48874589800834656,0.6436954140663147,1.1324413120746613,0.756289153145871,0.6275414339219065,1,1,FC_BOATOS,agency_claim,boatos,>=2023,pt-BR,False,false_pure,checker,False,False,False
369299722011362769,val_calib,0,-0.12619301676750183,0.13664011657238007,0.2628331333398819,0.5653326107533216,0.40257653922524234,0,0,FC_POLIGRAFO,agency_claim,poligrafo,>=2023,pt-BR,True,true_rating,checker,False,False,False
424082308824060920,val_calib,1,-0.509231448173523,0.6246247887611389,1.1338562369346619,0.7565498516718259,0.627889887011776,1,1,FC_POLIGRAFO,agency_claim,poligrafo,>=2023,pt-BR,True,false_pure,checker,False,False,False
885070029902999068,val_calib,1,-0.2383652627468109,0.24120736122131348,0.4795726239681244,0.6176469510655678,0.45851236980361326,0,0,FC_POLIGRAFO,agency_claim,poligrafo,2018-2022,pt-BR,True,other,checker,False,False,False
15822,val_calib,0,-0.31494396924972534,0.27836665511131287,0.5933106243610382,0.6441243955968313,0.4883841663025693,0,0,FakeWhatsApp.BR_2018,whatsapp,desconhecido,2018-2022,desconhecido,False,none,v1,False,False,False
43298,val_calib,1,-0.36817947030067444,0.43149206042289734,0.7996715307235718,0.6899042139802823,0.5426458741446718,1,1,fakes,agency_claim,desconhecido,2018-2022,desconhecido,False,false_pure,v1,False,False,False
205557966370544912,val_calib,1,-0.34821662306785583,0.37558695673942566,0.7238035798072815,0.6734440407371167,0.522745925209899,1,0,FC_POLIGRAFO,agency_claim,poligrafo,>=2023,pt-BR,True,other,checker,False,False,False
245056429226776009,val_calib,1,-0.39267972111701965,0.6153608560562134,1.008040577173233,0.7326365119966258,0.59642372630517,1,1,FC_LUPA,agency_claim,lupa,>=2023,pt-BR,False,false_pure,checker_match,False,False,False
357494197649971854,val_calib,1,-0.47817322611808777,0.6591973900794983,1.137370616197586,0.7571965539422567,0.6287547965235684,1,1,FC_BOATOS,agency_claim,boatos,<=2017,pt-BR,False,false_pure,checker,False,False,False
6401,val_calib,0,-0.4790959358215332,0.3404189646244049,0.8195149004459381,0.6941333572356037,0.5478309465446299,1,1,Fake.br,portal,desconhecido,sem_data,desconhecido,False,none,v1,False,False,False
239851211544639948,val_calib,1,-0.5204176902770996,0.6564642190933228,1.1768819093704224,0.7643866996794362,0.638420915522696,1,1,FC_BOATOS,agency_claim,boatos,<=2017,pt-BR,False,false_pure,checker,False,False,False
883,val_calib,0,-0.3013385534286499,0.4410700500011444,0.7424086034297943,0.6775223267965658,0.5276351073500881,1,0,COVID19.BR,covid,desconhecido,sem_data,desconhecido,False,none,v1,False,False,False
557339672474300394,val_calib,0,-0.38440826535224915,0.4306727945804596,0.8150810599327087,0.6931911891925545,0.5466732440152052,1,1,NEWS_PODER360,press_true,poder360,<=2017,pt-BR,False,none,llm_local,False,False,False
4552,val_calib,1,-0.5304473042488098,0.6707697510719299,1.2012170553207397,0.7687412201142755,0.6443195968541423,1,1,Fake.br,portal,desconhecido,sem_data,desconhecido,False,none,v1,False,False,False
7220,val_calib,1,-0.47377869486808777,0.45092788338661194,0.9247065782546997,0.716000132062812,0.575118415696844,1,1,Fake.br,portal,desconhecido,sem_data,desconhecido,False,none,v1,False,False,False
751625875618536732,val_calib,1,-0.40257880091667175,0.5212690830230713,0.923847883939743,0.715825489393364,0.5748972761077206,1,1,FC_G1,agency_claim,g1,2018-2022,pt-BR,False,false_pure,checker,False,False,False
718202309103214634,val_calib,0,-0.1826193779706955,0.3366495668888092,0.5192689448595047,0.6269768052872673,0.46891526093474445,0,0,NEWS_BRASILDEFATO,press_true,brasildefato,<=2017,pt-BR,False,none,llm_local,False,False,False
2043,val_calib,0,-0.5260683298110962,0.7517175078392029,1.277785837650299,0.7820726413031829,0.6625890332047114,1,1,Fake.br,portal,desconhecido,sem_data,desconhecido,False,none,v1,False,False,False
431665913719144716,val_calib,0,-0.4390464723110199,0.5690492391586304,1.0080957114696503,0.7326473115780519,0.5964377116499325,1,1,FC_POLIGRAFO,agency_claim,poligrafo,2018-2022,pt-BR,True,true_rating,checker,False,False,False
402298698179966473,val_calib,1,-0.39422711730003357,0.4747227132320404,0.868949830532074,0.7045271326008942,0.5607008638557446,1,1,FC_COMPROVA,agency_claim,comprova,>=2023,pt-BR,False,other,checker,False,False,False
35400,val_calib,1,-0.447837769985199,0.6047106385231018,1.0525484085083008,0.7412639632134204,0.6076607479951491,1,1,fakes,agency_claim,desconhecido,2018-2022,desconhecido,True,false_pure,v1,False,False,False
451302701781525844,val_calib,1,-0.34556421637535095,0.4462985098361969,0.7918627262115479,0.6882311540158847,0.5406028340966516,1,1,FC_BOATOS_VIRAL,social,boatos,>=2023,pt-BR,False,false_pure,checker,False,False,False
1103598602439304212,val_calib,0,-0.366372287273407,0.6259868741035461,0.9923591613769531,0.7295536489733356,0.5924397042932882,1,1,EXT_LIARBR,external_claim,ext_liarbr,sem_data,pt-BR,False,true_rating,checker,False,False,False
88010123906978195,val_calib,1,-0.36942121386528015,0.663544237613678,1.0329654514789581,0.7374904064062433,0.6027298615600746,1,1,FC_EFARSAS,agency_claim,efarsas,<=2017,pt-BR,False,false_pure,checker,False,False,False
755097126970457954,val_calib,1,-0.5548146367073059,0.6826882362365723,1.2375028729438782,0.7751290540833724,0.6530338196058804,1,1,FC_ESTADAO,agency_claim,estadao,sem_data,pt-BR,False,hard,checker,False,False,False
470592536663937287,val_calib,1,-0.41360506415367126,0.580226719379425,0.9938317835330963,0.7298441066273933,0.5928143650496421,1,1,FC_EFARSAS,agency_claim,efarsas,<=2017,pt-BR,False,false_pure,checker,False,False,False
1047130749856674626,val_calib,0,-0.3016681969165802,0.4199923574924469,0.7216605544090271,0.6729725776075368,0.5221824653533828,1,0,FC_APUBLICA,agency_claim,apublica,2018-2022,pt-BR,False,true_rating,checker,False,False,False
500390663298308245,val_calib,1,-0.1513206660747528,0.12147368490695953,0.27279435098171234,0.5677787850217233,0.4051038391764647,0,0,FC_POLIGRAFO,agency_claim,poligrafo,>=2023,pt-BR,True,false_pure,checker,False,False,False
199129638319673994,val_calib,0,-0.43942445516586304,0.5728988647460938,1.0123233199119568,0.7334745804617387,0.5975096168817093,1,1,FC_POLIGRAFO,agency_claim,poligrafo,>=2023,pt-BR,True,true_rating,checker,False,False,False
417434559200323695,val_calib,1,-0.6115471720695496,0.6501391530036926,1.2616863250732422,0.7793162626553635,0.6587855752224862,1,1,FC_BOATOS,agency_claim,boatos,>=2023,pt-BR,False,false_pure,checker,False,False,False
531,val_calib,0,-0.14177870750427246,0.2037399560213089,0.34551866352558136,0.5855304463312946,0.42369970508701676,0,0,COVID19.BR,covid,desconhecido,sem_data,desconhecido,False,none,v1,False,False,False
156450379929390956,val_calib,0,-0.17391559481620789,0.16081541776657104,0.33473101258277893,0.5829100578461467,0.4209262195755091,0,0,FC_POLIGRAFO,agency_claim,poligrafo,>=2023,pt-BR,True,true_rating,checker,False,False,False
286910941522470482,val_calib,1,-0.5737867951393127,0.7397090792655945,1.3134958744049072,0.7880975541846257,0.670950199045965,1,1,FC_G1,agency_claim,g1,2018-2022,pt-BR,False,false_pure,checker,False,False,False
140241223632872814,val_calib,1,-0.462006151676178,0.5712664723396301,1.033272624015808,0.7375498701509136,0.6028073701443558,1,1,FC_ESTADAO,agency_claim,estadao,sem_data,pt-BR,False,false_pure,checker,False,False,False
292143321426695096,val_calib,1,-0.40728676319122314,0.47393062710762024,0.8812173902988434,0.7070744307400397,0.5638826887364263,1,1,FC_POLIGRAFO,agency_claim,poligrafo,>=2023,pt-BR,True,other,checker,False,False,False
615358432548084682,val_calib,1,-0.49820080399513245,0.6283876299858093,1.1265884339809418,0.7552087572870227,0.6260986427018389,1,1,FC_G1,agency_claim,g1,2018-2022,pt-BR,False,false_pure,checker,False,False,False
42975,val_calib,1,-0.3122386634349823,0.38682204484939575,0.699060708284378,0.6679794862138793,0.5162371889688236,1,0,fakes,agency_claim,desconhecido,2018-2022,desconhecido,False,false_pure,v1,False,False,False
32418,val_calib,1,-0.4247606694698334,0.4353671967983246,0.860127866268158,0.7026873685803975,0.5584096156965509,1,1,fakes,agency_claim,desconhecido,2018-2022,desconhecido,True,false_pure,v1,False,False,False
459285396739548229,val_calib,0,-0.1701693832874298,0.18571379780769348,0.3558831810951233,0.5880435042616431,0.42636894185004176,0,0,EXT_LIARBR,external_claim,ext_liarbr,sem_data,pt-BR,False,true_rating,checker,False,False,False
1034994912623877919,val_calib,1,-0.4800724387168884,0.6449093222618103,1.1249817609786987,0.7549116122983216,0.6257021883710228,1,1,FC_BOATOS,agency_claim,boatos,<=2017,pt-BR,False,false_pure,checker,False,False,False
817170497285799009,val_calib,0,-0.1502922624349594,0.2166835218667984,0.3669757843017578,0.5907280196805588,0.4292304431980475,0,0,EXT_LIARBR,external_claim,ext_liarbr,sem_data,pt-BR,False,true_rating,checker,False,False,False
44564,val_calib,1,-0.2732641398906708,0.4247407019138336,0.6980048418045044,0.6677452715727193,0.5159592996805279,1,0,fakes,agency_claim,desconhecido,2018-2022,desconhecido,False,none,v1,False,False,False
34031,val_calib,1,-0.43430784344673157,0.5312041640281677,0.9655120074748993,0.7242240424750715,0.5855908837111514,1,1,fakes,agency_claim,desconhecido,2018-2022,desconhecido,False,false_pure,v1,False,False,False
370710439117375922,val_calib,1,-0.3218485414981842,0.563941478729248,0.8857900202274323,0.7080206171059191,0.5650673573047842,1,1,FC_LUPA,agency_claim,lupa,>=2023,pt-BR,False,false_pure,checker_match,False,False,False
547171028805229598,val_calib,1,-0.5812548995018005,0.724936306476593,1.3061912059783936,0.7868751088755404,0.6692484504333663,1,1,FC_BOATOS,agency_claim,boatos,<=2017,pt-BR,False,false_pure,checker,False,False,False
36830,val_calib,1,-0.4337584376335144,0.22556591033935547,0.6593243479728699,0.6591085962679194,0.505773737068545,1,0,fakes,agency_claim,desconhecido,2018-2022,desconhecido,True,none,v1,False,False,False
558717493945044502,val_calib,0,-0.3779723346233368,0.48720136284828186,0.8651736974716187,0.7037404534372331,0.5597204341881,1,1,NEWS_PODER360,press_true,poder360,<=2017,pt-BR,False,none,llm_local,False,False,False
42000,val_calib,1,-0.18791405856609344,0.23730917274951935,0.4252232313156128,0.6047324451915893,0.44432968822458574,0,0,fakes,agency_claim,desconhecido,2018-2022,desconhecido,True,none,v1,False,False,False
643582079839485952,val_calib,1,-0.3362587094306946,0.5455517172813416,0.8818104267120361,0.7071972454631898,0.5640363729754561,1,1,FC_LUPA,agency_claim,lupa,>=2023,pt-BR,False,false_pure,checker_match,False,False,False
779894401743323987,val_calib,1,-0.44181957840919495,0.40153881907463074,0.8433583974838257,0.699172061534473,0.5540474491130348,1,1,FC_COMPROVA,agency_claim,comprova,2018-2022,pt-BR,False,other,checker,False,False,False
14834,val_calib,1,-0.33164703845977783,0.507219672203064,0.8388667106628418,0.6982264784986004,0.5528776032979003,1,1,FakeWhatsApp.BR_2018,whatsapp,desconhecido,2018-2022,desconhecido,False,none,v1,False,False,False
338637044484928492,val_calib,1,-0.5370052456855774,0.6113843321800232,1.1483895778656006,0.7592166438496842,0.6314612611673952,1,1,FC_BOATOS,agency_claim,boatos,>=2023,pt-BR,False,false_pure,checker,False,False,False
5877,val_calib,0,-0.46727192401885986,0.2706446945667267,0.7379166185855865,0.6765401101937412,0.5264551160061476,1,0,Fake.br,portal,desconhecido,sem_data,desconhecido,False,none,v1,False,False,False
645324092506781673,val_calib,1,-0.4787551462650299,0.5900575518608093,1.0688126981258392,0.7443710582765264,0.6117394314687339,1,1,FC_G1,agency_claim,g1,>=2023,pt-BR,False,false_pure,checker,False,False,False
950163966987256493,val_calib,1,-0.23495937883853912,0.26106396317481995,0.49602334201335907,0.6215243477277723,0.462819611898037,0,0,EXT_LIARBR,external_claim,ext_liarbr,sem_data,pt-BR,False,false_pure,checker,False,False,False
1030945778986064937,val_calib,0,-0.14230582118034363,0.22308051586151123,0.36538633704185486,0.5903436861747917,0.4288201265904342,0,0,EXT_AVERITECBR,external_claim,ext_averitecbr,2018-2022,pt-BR,False,other,checker,False,False,False
136483234559234028,val_calib,1,-0.1981830894947052,0.2574978172779083,0.4556809067726135,0.611989068391573,0.45226806831411,0,0,FC_ESTADAO,agency_claim,estadao,sem_data,pt-BR,False,hard,checker,False,False,False
300430068570407403,val_calib,1,-0.5287019610404968,0.7363075613975525,1.2650095224380493,0.7798872636565046,0.6595723654435489,1,1,FC_BOATOS,agency_claim,boatos,2018-2022,pt-BR,False,false_pure,checker,False,False,False
235926672358698020,val_calib,1,-0.4025481343269348,0.3027268946170807,0.7052750289440155,0.6693562745925574,0.5178725021250974,1,0,FC_G1,agency_claim,g1,>=2023,pt-BR,False,false_pure,checker,False,False,False
992789119137946629,val_calib,0,-0.38367709517478943,0.43978312611579895,0.8234602212905884,0.6949703549824516,0.5488606590233193,1,1,EXT_LIARBR,external_claim,ext_liarbr,sem_data,pt-BR,False,true_rating,checker,False,False,False
32629,val_calib,1,-0.3931693732738495,0.5449528098106384,0.9381221830844879,0.7187201911379102,0.5785693799997671,1,1,fakes,agency_claim,desconhecido,2018-2022,desconhecido,False,none,v1,False,False,False
461285498559114601,val_calib,1,-0.38252201676368713,0.4773908853530884,0.8599129021167755,0.7026424567795725,0.5583537535632289,1,1,FC_BOATOS,agency_claim,boatos,<=2017,pt-BR,False,false_pure,checker,False,False,False
25002,val_calib,1,-0.3619651794433594,0.04761762544512749,0.40958280488848686,0.6009878390693328,0.4402639799881297,0,0,fakes,agency_claim,desconhecido,2018-2022,desconhecido,False,none,v1,False,False,False
12234,val_calib,0,-0.2354811131954193,0.36995360255241394,0.6054347157478333,0.6468986970049984,0.49157707529393835,0,0,FakeWhatsApp.BR_2018,whatsapp,desconhecido,2018-2022,desconhecido,False,none,v1,False,False,False
847831300222784134,val_calib,1,-0.544560432434082,0.7070184350013733,1.2515788674354553,0.7775730510211416,0.6563871970133646,1,1,FC_BOATOS,agency_claim,boatos,>=2023,pt-BR,False,false_pure,checker,False,False,False
335501822080728611,val_calib,1,-0.572691798210144,0.7258920669555664,1.2985838651657104,0.7855965533969977,0.6674714697261578,1,1,FC_G1,agency_claim,g1,2018-2022,pt-BR,False,false_pure,checker,False,False,False
699416066712625979,val_calib,0,-0.26686161756515503,0.19158166646957397,0.458443284034729,0.6126448149344248,0.4529893090635432,0,0,FC_POLIGRAFO,agency_claim,poligrafo,2018-2022,pt-BR,True,true_rating,checker,False,False,False
327769216060871850,val_calib,1,-0.4424370527267456,0.6016843318939209,1.0441213846206665,0.7396444468608138,0.6055414941676189,1,1,FC_COMPROVA,agency_claim,comprova,2018-2022,pt-BR,False,other,checker,False,False,False
269971250130393317,val_calib,1,-0.386442631483078,0.40327689051628113,0.7897195219993591,0.6877711033447533,0.5400418596696746,1,1,FC_POLIGRAFO,agency_claim,poligrafo,2018-2022,pt-BR,True,false_pure,checker,False,False,False
594197259994027098,val_calib,1,-0.4285927712917328,0.6787307858467102,1.107323557138443,0.7516298031184406,0.6213339207041023,1,1,FC_COMPROVA,agency_claim,comprova,>=2023,pt-BR,False,false_pure,checker,False,False,False
945927128026193646,val_calib,1,-0.34567657113075256,0.4441542625427246,0.7898308336734772,0.6877950061380762,0.540070997529062,1,1,FC_POLIGRAFO,agency_claim,poligrafo,>=2023,pt-BR,True,other,checker,False,False,False
591940155523806508,val_calib,1,-0.5416274070739746,0.785613477230072,1.3272408843040466,0.7903838784594904,0.674140183453236,1,1,FC_G1,agency_claim,g1,2018-2022,pt-BR,False,false_pure,checker,False,False,False
894713031620101362,val_calib,1,-0.46599897742271423,0.7064955830574036,1.1724945604801178,0.7635956232333345,0.6373529356300511,1,1,FC_BOATOS,agency_claim,boatos,2018-2022,pt-BR,False,false_pure,checker,False,False,False
28962,val_calib,1,-0.28453314304351807,0.404139906167984,0.6886730492115021,0.6656716749617709,0.5135028928056079,1,0,fakes,agency_claim,desconhecido,2018-2022,desconhecido,False,none,v1,False,False,False
34790,val_calib,1,-0.5519992113113403,0.6729825735092163,1.2249817848205566,0.7729390625708951,0.6500380412873152,1,1,fakes,agency_claim,desconhecido,2018-2022,desconhecido,False,false_pure,v1,False,False,False
188986400998367745,val_calib,0,-0.15342047810554504,0.2914545238018036,0.44487500190734863,0.6094200310821994,0.44944866197321415,0,0,EXT_LIARBR,external_claim,ext_liarbr,sem_data,pt-BR,False,true_rating,checker,False,False,False
666775987739158985,val_calib,1,-0.4314110577106476,0.6480198502540588,1.0794309079647064,0.7463862728468521,0.6143938359043805,1,1,FC_EFARSAS,agency_claim,efarsas,<=2017,pt-BR,False,false_pure,checker,False,False,False
1005980951486868251,val_calib,1,-0.3571226894855499,0.41862520575523376,0.7757478952407837,0.6847629652737733,0.5363824231671015,1,0,FC_LUPA,agency_claim,lupa,>=2023,pt-BR,False,false_pure,checker_match,False,False,False
852938428514061955,val_calib,1,-0.31557533144950867,0.3742840886116028,0.6898594200611115,0.665935653314827,0.5138152197634899,1,0,FC_EFARSAS,agency_claim,efarsas,2018-2022,pt-BR,False,false_pure,checker,False,False,False
731662704726244912,val_calib,1,-0.46480631828308105,0.4120308458805084,0.8768371641635895,0.7061663753296655,0.5627471834250675,1,1,FC_G1,agency_claim,g1,2018-2022,pt-BR,False,false_pure,checker,False,False,False
869085028754195213,val_calib,1,-0.3440532386302948,0.4676405191421509,0.8116937577724457,0.6924703163263527,0.5457884580047052,1,1,FC_LUPA,agency_claim,lupa,>=2023,pt-BR,False,false_pure,checker_match,False,False,False
12880,val_calib,1,-0.48780524730682373,0.595873236656189,1.0836784839630127,0.7471894708776803,0.6154537780485162,1,1,FakeWhatsApp.BR_2018,whatsapp,desconhecido,2018-2022,desconhecido,False,none,v1,False,False,False
36618,val_calib,1,-0.3113017678260803,0.37175652384757996,0.6830582916736603,0.664420934249717,0.5120245987445253,1,0,fakes,agency_claim,desconhecido,2018-2022,desconhecido,True,none,v1,False,False,False
3271,val_calib,0,-0.5198972821235657,0.3765319883823395,0.8964292705059052,0.7102151642610917,0.5678208581852037,1,1,Fake.br,portal,desconhecido,sem_data,desconhecido,False,none,v1,False,False,False
40241,val_calib,1,-0.5284494757652283,0.6399723291397095,1.1684218049049377,0.7628596310854595,0.63636031985401,1,1,fakes,agency_claim,desconhecido,sem_data,desconhecido,False,false_pure,v1,False,False,False
3694,val_calib,1,-0.5587748885154724,0.700967013835907,1.2597419023513794,0.778981674507243,0.658324813319375,1,1,Fake.br,portal,desconhecido,sem_data,desconhecido,False,none,v1,False,False,False
689416032118909499,val_calib,1,-0.39859843254089355,0.5694817900657654,0.9680802226066589,0.7247366801052462,0.5862475237886897,1,1,FC_BOATOS,agency_claim,boatos,<=2017,pt-BR,False,false_pure,checker,False,False,False
820527075143933449,val_calib,1,-0.19549068808555603,0.17539440095424652,0.37088508903980255,0.5916728298237547,0.43024004496868545,0,0,FC_POLIGRAFO,agency_claim,poligrafo,2018-2022,pt-BR,True,false_pure,checker,False,False,False
410161391507818611,val_calib,1,-0.45980727672576904,0.7664722800254822,1.2262795567512512,0.7731667464033318,0.6503490997697476,1,1,FC_G1,agency_claim,g1,2018-2022,pt-BR,False,false_pure,checker,False,False,False
15809,val_calib,0,-0.3906557857990265,0.5528594255447388,0.9435152113437653,0.7198091665458843,0.5799545159763341,1,1,FakeWhatsApp.BR_2018,whatsapp,desconhecido,2018-2022,desconhecido,False,none,v1,False,False,False
1131199532962390080,val_calib,1,-0.5103756785392761,0.640470564365387,1.150846242904663,0.7596654527249789,0.6320635447324199,1,1,EXT_AVERITECBR,external_claim,ext_averitecbr,2018-2022,pt-BR,False,other,checker,False,False,False
267789076218848565,val_calib,1,-0.45778539776802063,0.6563571095466614,1.114142507314682,0.7529005959750384,0.6230231626247337,1,1,FC_COMPROVA,agency_claim,comprova,>=2023,pt-BR,False,other,checker,False,False,False
24759,val_calib,1,-0.38952913880348206,0.45508384704589844,0.8446129858493805,0.6994358737643016,0.5543740963640058,1,1,fakes,agency_claim,desconhecido,2018-2022,desconhecido,False,none,v1,False,False,False
364205581984307912,val_calib,1,-0.18653303384780884,0.3097374141216278,0.49627044796943665,0.621582473168976,0.46288435485844914,0,0,FC_POLIGRAFO,agency_claim,poligrafo,2018-2022,pt-BR,True,false_pure,checker,False,False,False
75056221771875716,val_calib,1,-0.4190685749053955,0.5633991360664368,0.9824677109718323,0.727597589625891,0.5899203805174558,1,1,FC_LUPA,agency_claim,lupa,>=2023,pt-BR,False,false_pure,checker_match,False,False,False
756277630058354645,val_calib,1,-0.32646068930625916,0.6020361185073853,0.9284968078136444,0.716770220899999,0.5760941533547167,1,1,FC_G1,agency_claim,g1,2018-2022,pt-BR,False,false_pure,checker,False,False,False
40795,val_calib,1,-0.4553709328174591,0.6386436820030212,1.0940146148204803,0.7491369456632945,0.6180284690496352,1,1,fakes,agency_claim,desconhecido,2018-2022,desconhecido,True,false_pure,v1,False,False,False
12102,val_calib,0,-0.4211457073688507,0.5129712224006653,0.934116929769516,0.7179097743421925,0.5775398757078908,1,1,FakeWhatsApp.BR_2018,whatsapp,desconhecido,2018-2022,desconhecido,False,none,v1,False,False,False
27643,val_calib,1,-0.3469370901584625,0.4734940230846405,0.820431113243103,0.6943278458197307,0.5480701111437261,1,1,fakes,agency_claim,desconhecido,2018-2022,desconhecido,False,none,v1,False,False,False
49088,val_calib,0,-0.3974885642528534,0.48329105973243713,0.8807796239852905,0.7069837522837472,0.5637692345687039,1,1,true,press_true,desconhecido,2018-2022,desconhecido,True,none,v1,False,False,False
806423084557667485,val_calib,1,-0.3736059367656708,0.42785850167274475,0.8014644384384155,0.6902876515277151,0.5431147578672924,1,1,FC_BOATOS,agency_claim,boatos,<=2017,pt-BR,False,false_pure,checker,False,False,False
1021582755227105410,val_calib,1,-0.3235931396484375,0.5352185368537903,0.8588116765022278,0.7024123197333574,0.5580675580067269,1,1,FC_BOATOS,agency_claim,boatos,<=2017,pt-BR,False,false_pure,checker,False,False,False
64522549315420909,val_calib,1,-0.34783220291137695,0.3602112829685211,0.7080434858798981,0.669968697667633,0.5186009069409171,1,0,FC_OBSERVADOR,agency_claim,observador,>=2023,pt-PT,True,false_pure,checker,False,False,False
17267,val_calib,1,-0.510173499584198,0.6649183630943298,1.1750918626785278,0.7640641602951856,0.637985342181836,1,1,Fake.br_raw,portal,desconhecido,sem_data,desconhecido,False,none,v1,False,False,False
153403672340232100,val_calib,1,-0.5288435816764832,0.4847659766674042,1.0136095583438873,0.7337259512020949,0.5978355568811072,1,1,FC_BOATOS_VIRAL,social,boatos,>=2023,pt-BR,False,false_pure,checker,False,False,False
759362024787024171,val_calib,0,-0.38201072812080383,0.35668233036994934,0.7386930584907532,0.6767099980296803,0.5266590990920935,1,0,EXT_LIARBR,external_claim,ext_liarbr,sem_data,pt-BR,False,true_rating,checker,False,False,False
38534,val_calib,1,-0.3312127888202667,0.2715229392051697,0.6027357280254364,0.6462819479907359,0.49086622165122845,0,0,fakes,agency_claim,desconhecido,2018-2022,desconhecido,True,none,v1,False,False,False
17210576805317889,val_calib,1,-0.37496212124824524,0.38297581672668457,0.7579379379749298,0.6809058704797367,0.5317120191942951,1,0,FC_ESTADAO,agency_claim,estadao,sem_data,pt-BR,False,hard,checker,False,False,False
271631462352049819,val_calib,0,-0.3710488975048065,0.6185651421546936,0.9896140396595001,0.7290116812151934,0.5917410107695087,1,1,FC_POLIGRAFO,agency_claim,poligrafo,>=2023,pt-BR,True,true_rating,checker,False,False,False
788293555591706789,val_calib,1,-0.18598565459251404,0.2311559021472931,0.41714155673980713,0.6027990475764243,0.44222790155758657,0,0,EXT_LIARBR,external_claim,ext_liarbr,sem_data,pt-BR,False,false_pure,checker,False,False,False
1031809004061768904,val_calib,1,-0.24680638313293457,0.28752318024635315,0.5343295633792877,0.6304923465294301,0.47286965028497635,0,0,FC_POLIGRAFO,agency_claim,poligrafo,>=2023,pt-BR,True,false_pure,checker,False,False,False
47427,val_calib,0,-0.36850786209106445,0.5604080557823181,0.9289159178733826,0.716855296984131,0.5762020106665449,1,1,true,press_true,desconhecido,2018-2022,desconhecido,False,none,v1,False,False,False
48076616794428925,val_calib,0,-0.280277818441391,0.400432288646698,0.680710107088089,0.6638971675166775,0.5114062878118066,1,0,NEWS_BRASILDEFATO,press_true,brasildefato,<=2017,pt-BR,False,none,llm_local,False,False,False
350041053051131215,val_calib,1,-0.3473586142063141,0.45737507939338684,0.8047336935997009,0.6909861524230704,0.5439695408195778,1,1,FC_BOATOS,agency_claim,boatos.org,>=2023,pt-BR,False,false_pure,checker_match,False,False,False
1547,val_calib,1,-0.38825562596321106,0.4811650216579437,0.8694206476211548,0.7046251325209812,0.5608230730664618,1,1,COVID19.BR,covid,desconhecido,sem_data,desconhecido,False,none,v1,False,False,False
140540635588682582,val_calib,1,-0.3586687743663788,0.43257665634155273,0.7912454307079315,0.68809868612901,0.5404412701569322,1,1,EXT_AVERITECBR,external_claim,ext_averitecbr,2018-2022,pt-BR,False,other,checker,False,False,False
319784811872442177,val_calib,1,-0.5531713366508484,0.6651672720909119,1.2183386087417603,0.7717710432788866,0.648443766223763,1,1,FC_BOATOS,agency_claim,boatos,>=2023,pt-BR,False,false_pure,checker,False,False,False
743340627388148581,val_calib,0,-0.24288856983184814,0.22357729077339172,0.46646586060523987,0.6145469326227306,0.45508506608768656,0,0,FC_POLIGRAFO,agency_claim,poligrafo,2018-2022,pt-BR,True,true_rating,checker,False,False,False
353637361176011930,val_calib,0,-0.002430705353617668,-0.01618129573762417,-0.0137505903840065,0.49656240656847944,0.33487560231199254,0,0,NEWS_PODER360,press_true,poder360,<=2017,pt-BR,False,none,llm_local,False,False,False
39111,val_calib,1,-0.27477237582206726,0.5508550405502319,0.8256274163722992,0.6954295769952892,0.5494261105694478,1,1,fakes,agency_claim,desconhecido,2018-2022,desconhecido,False,false_pure,v1,False,False,False
721090587042283941,val_calib,0,-0.40030357241630554,0.4446467459201813,0.8449503183364868,0.699506784827185,0.5544619169562789,1,1,EXT_LIARBR,external_claim,ext_liarbr,sem_data,pt-BR,False,true_rating,checker,False,False,False
559384137460150636,val_calib,1,-0.4461272656917572,0.7092321515083313,1.1553594172000885,0.7604884744349785,0.6331689343599792,1,1,FC_EFARSAS,agency_claim,efarsas,2018-2022,pt-BR,False,false_pure,checker,False,False,False
701229401878789539,val_calib,1,-0.23674799501895905,0.22516730427742004,0.4619152992963791,0.6134684399031078,0.4538961118631128,0,0,FC_POLIGRAFO,agency_claim,poligrafo,>=2023,pt-BR,True,other,checker,False,False,False
48689,val_calib,0,-0.2340106964111328,0.13196265697479248,0.3659733533859253,0.5904856415117665,0.42897165378944063,0,0,true,press_true,desconhecido,2018-2022,desconhecido,True,none,v1,False,False,False
1002436786044283989,val_calib,1,-0.41075873374938965,0.6560792922973633,1.066838026046753,0.7439951308895024,0.6112450538255959,1,1,FC_BOATOS,agency_claim,boatos,>=2023,pt-BR,False,false_pure,checker,False,False,False
14375,val_calib,1,-0.44104310870170593,0.6606665253639221,1.101709634065628,0.750580302448825,0.619940982808538,1,1,FakeWhatsApp.BR_2018,whatsapp,desconhecido,2018-2022,desconhecido,False,none,v1,False,False,False
48005,val_calib,0,-0.2592799961566925,0.4223476052284241,0.6816276013851166,0.6641018643052536,0.511647881577165,1,0,true,press_true,desconhecido,2018-2022,desconhecido,False,none,v1,False,False,False
757198781609124222,val_calib,1,-0.25023528933525085,0.268031507730484,0.5182667970657349,0.6267423962682007,0.46865226508083946,0,0,FC_AOSFATOS,agency_claim,aosfatos,2018-2022,pt-BR,False,false_pure,checker,False,False,False
544824820071158462,val_calib,0,-0.183677539229393,0.12805555760860443,0.31173309683799744,0.5773082339441964,0.41503033630665775,0,0,FC_POLIGRAFO,agency_claim,poligrafo,>=2023,pt-BR,True,true_rating,checker,False,False,False
118441259611017855,val_calib,1,-0.40305817127227783,0.43081337213516235,0.8338715434074402,0.6971729244604551,0.5515759402009993,1,1,FC_POLIGRAFO,agency_claim,poligrafo,>=2023,pt-BR,True,other,checker,False,False,False
968359149814742903,val_calib,1,-0.352049857378006,0.5090025663375854,0.8610524237155914,0.7028804889128399,0.5586498609872594,1,1,EXT_AVERITECBR,external_claim,ext_averitecbr,2018-2022,pt-BR,False,other,checker,False,False,False
625483129247662042,val_calib,1,-0.43854233622550964,0.5379573702812195,0.9764997065067291,0.726413129756198,0.5883980526149191,1,1,FC_G1,agency_claim,g1,2018-2022,pt-BR,False,false_pure,checker,False,False,False
697215054143719527,val_calib,1,-0.14156733453273773,0.13450826704502106,0.2760756015777588,0.5685838439578504,0.4059374479195447,0,0,FC_POLIGRAFO,agency_claim,poligrafo,>=2023,pt-BR,True,other,checker,False,False,False
14088,val_calib,1,-0.33832934498786926,0.3038285970687866,0.6421579420566559,0.6552411033198724,0.5012513448354734,1,0,FakeWhatsApp.BR_2018,whatsapp,desconhecido,2018-2022,desconhecido,False,none,v1,False,False,False
785053542652572846,val_calib,0,-0.4318055808544159,0.6734772324562073,1.1052828133106232,0.7512486364754464,0.6208277973621519,1,1,FC_G1,agency_claim,g1,>=2023,pt-BR,False,other,checker,False,False,False
198990684569207483,val_calib,0,-0.5184916853904724,0.49030473828315735,1.0087964236736298,0.7327845413644084,0.5966154403818172,1,1,EXT_LIARBR,external_claim,ext_liarbr,sem_data,pt-BR,False,true_rating,checker,False,False,False
15691,val_calib,0,-0.4193103015422821,0.5446138978004456,0.9639241993427277,0.7239068068754263,0.5851847612894554,1,1,FakeWhatsApp.BR_2018,whatsapp,desconhecido,2018-2022,desconhecido,False,none,v1,False,False,False
690942430481555836,val_calib,1,-0.4944612383842468,0.7625749111175537,1.2570361495018005,0.7785154755068701,0.657683144645752,1,1,FC_BOATOS,agency_claim,boatos,<=2017,pt-BR,False,false_pure,checker,False,False,False
43393,val_calib,1,-0.5493777394294739,0.6665818691253662,1.21595960855484,0.7713517340925691,0.6478720292692237,1,1,fakes,agency_claim,desconhecido,2018-2022,desconhecido,False,false_pure,v1,False,False,False
31858,val_calib,1,-0.4191378355026245,0.5918202996253967,1.0109581351280212,0.7332076159569964,0.5971635771738274,1,1,fakes,agency_claim,desconhecido,sem_data,desconhecido,False,none,v1,False,False,False
8835,val_calib,0,-0.48023679852485657,0.6241173148155212,1.1043541133403778,0.751075045991094,0.6205973840122517,1,1,Fake.br,portal,desconhecido,sem_data,desconhecido,False,none,v1,False,False,False
41298,val_calib,1,-0.29869553446769714,0.36584872007369995,0.6645442545413971,0.6602804522036,0.5071487385649472,1,0,fakes,agency_claim,desconhecido,2018-2022,desconhecido,True,false_pure,v1,False,False,False
255193898367623378,val_calib,1,-0.4345380961894989,0.7598135471343994,1.1943516433238983,0.7675184485909918,0.6426598076721605,1,1,FC_LUPA,agency_claim,lupa,2018-2022,pt-BR,False,false_pure,checker_match,False,False,False
627286584574259735,val_calib,1,-0.37197718024253845,0.5696085095405579,0.9415856897830963,0.7194198480544138,0.5794590845068815,1,1,FC_ESTADAO,agency_claim,estadao,sem_data,pt-BR,False,hard,checker,False,False,False
38265,val_calib,1,-0.5257115960121155,0.5313019156455994,1.0570135116577148,0.7421194099702728,0.6087820095149297,1,1,fakes,agency_claim,desconhecido,2018-2022,desconhecido,True,none,v1,False,False,False
30205,val_calib,1,-0.2737943232059479,0.32765474915504456,0.6014490723609924,0.6459877611282372,0.4905273578443217,0,0,fakes,agency_claim,desconhecido,sem_data,desconhecido,False,none,v1,False,False,False
734318437587047253,val_calib,1,-0.49873095750808716,0.5682017207145691,1.0669326782226562,0.744013158530081,0.6112687561153907,1,1,FC_BOATOS,agency_claim,boatos,>=2023,pt-BR,False,false_pure,checker,False,False,False
182362879301281318,val_calib,1,-0.3140029311180115,0.35546812415122986,0.6694710552692413,0.6613847095127684,0.508446432753302,1,0,EXT_LIARBR,external_claim,ext_liarbr,sem_data,pt-BR,False,false_pure,checker,False,False,False
31879,val_calib,1,-0.3463869094848633,0.4432981312274933,0.7896850407123566,0.6877636987158391,0.5400328335088314,1,1,fakes,agency_claim,desconhecido,sem_data,desconhecido,False,false_pure,v1,False,False,False
774648526007357512,val_calib,1,-0.3325413465499878,0.6700295805931091,1.002570927143097,0.7315637532163093,0.5950355214578574,1,1,FC_BOATOS,agency_claim,boatos,2018-2022,pt-BR,False,false_pure,checker,False,False,False
701916521785962946,val_calib,0,-0.35348132252693176,0.4216494858264923,0.7751308083534241,0.6846297440800861,0.5362207029765527,1,0,EXT_LIARBR,external_claim,ext_liarbr,sem_data,pt-BR,False,true_rating,checker,False,False,False
17109,val_calib,0,-0.3670855462551117,0.3747495114803314,0.7418350577354431,0.6773970024364913,0.5274844605895492,1,0,FakeWhatsApp.BR_2018,whatsapp,desconhecido,2018-2022,desconhecido,False,none,v1,False,False,False
690613148759683795,val_calib,1,-0.5271527171134949,0.6856446266174316,1.2127973437309265,0.7707935325027003,0.6471113967453533,1,1,FC_EFARSAS,agency_claim,efarsas,<=2017,pt-BR,False,false_pure,checker,False,False,False
6635,val_calib,0,-0.14237818121910095,0.2962585985660553,0.43863677978515625,0.6079341547627243,0.44782249133033486,0,0,Fake.br,portal,desconhecido,sem_data,desconhecido,False,none,v1,False,False,False
15158,val_calib,0,-0.41461417078971863,0.508152425289154,0.9227665960788727,0.7156054831894558,0.5746187693603516,1,1,FakeWhatsApp.BR_2018,whatsapp,desconhecido,2018-2022,desconhecido,False,none,v1,False,False,False
417716011845314935,val_calib,1,-0.4416426718235016,0.558330237865448,0.9999729096889496,0.7310532523182377,0.5943756066582316,1,1,FC_POLIGRAFO,agency_claim,poligrafo,>=2023,pt-BR,True,false_pure,checker,False,False,False
14521,val_calib,0,-0.23310546576976776,0.3987293541431427,0.6318348199129105,0.6529053855491633,0.49853163094793884,0,0,FakeWhatsApp.BR_2018,whatsapp,desconhecido,2018-2022,desconhecido,False,none,v1,False,False,False
407685415266555839,val_calib,1,-0.4936404526233673,0.7142907977104187,1.207931250333786,0.7699327029618189,0.6459394789234207,1,1,FC_G1,agency_claim,g1,>=2023,pt-BR,False,false_pure,checker,False,False,False
8108,val_calib,1,-0.4693544805049896,0.3051816523075104,0.7745361328125,0.6845013324842351,0.5360648489268499,1,0,Fake.br,portal,desconhecido,sem_data,desconhecido,False,none,v1,False,False,False
66398592786780957,val_calib,1,-0.29715675115585327,0.3756280839443207,0.672784835100174,0.6621264496372529,0.5093192025154694,1,0,EXT_AVERITECBR,external_claim,ext_averitecbr,2018-2022,pt-BR,False,other,checker,False,False,False
229906080707741841,val_calib,1,-0.4649902582168579,0.530651867389679,0.9956421256065369,0.7302009062669127,0.5932747997232171,1,1,FC_BOATOS_VIRAL,social,boatos,<=2017,pt-BR,False,false_pure,checker,False,False,False
1080781377397218275,val_calib,1,-0.3994860351085663,0.5095542073249817,0.909040242433548,0.7128037265261554,0.5710792198321666,1,1,EXT_AVERITECBR,external_claim,ext_averitecbr,2018-2022,pt-BR,False,other,checker,False,False,False
149198973327952907,val_calib,1,-0.30801883339881897,0.3697025775909424,0.6777214109897614,0.6632299503558452,0.5106192707046686,1,0,FC_POLIGRAFO,agency_claim,poligrafo,2018-2022,pt-BR,True,other,checker,False,False,False
624320176702448251,val_calib,1,-0.5312990546226501,0.7201811671257019,1.251480221748352,0.777555989466603,0.6563637499835019,1,1,FC_EFARSAS,agency_claim,efarsas,<=2017,pt-BR,False,false_pure,checker,False,False,False
31280,val_calib,1,-0.326334685087204,0.5579659938812256,0.8843006789684296,0.7077126340652556,0.5646815824245243,1,1,fakes,agency_claim,desconhecido,sem_data,desconhecido,False,none,v1,False,False,False
30890,val_calib,1,-0.35826680064201355,0.5128793716430664,0.87114617228508,0.7049841366278466,0.5612709014793126,1,1,fakes,agency_claim,desconhecido,sem_data,desconhecido,False,none,v1,False,False,False
38767,val_calib,1,-0.5484493374824524,0.6162790060043335,1.1647283434867859,0.7621908175680602,0.6354591406156558,1,1,fakes,agency_claim,desconhecido,2018-2022,desconhecido,False,false_pure,v1,False,False,False
26958,val_calib,1,-0.49724623560905457,0.7321611642837524,1.229407399892807,0.7737148385611053,0.6510982757161566,1,1,fakes,agency_claim,desconhecido,2018-2022,desconhecido,False,false_pure,v1,False,False,False
747526465184234773,val_calib,1,-0.43795597553253174,0.5852779150009155,1.0232338905334473,0.7356020432919881,0.6002716551230168,1,1,FC_AFP,agency_claim,afp,>=2023,pt-BR,False,false_pure,checker,False,False,False
465238077297231134,val_calib,1,-0.43289098143577576,0.585508406162262,1.0183993875980377,0.734660702336101,0.5990485639646805,1,1,FC_BOATOS_VIRAL,social,boatos,<=2017,pt-BR,False,false_pure,checker,False,False,False
12768347613015035,val_calib,1,-0.32813698053359985,0.4010767936706543,0.7292137742042542,0.6746327170367561,0.5241681521895262,1,0,FC_POLIGRAFO,agency_claim,poligrafo,2018-2022,pt-BR,True,false_pure,checker,False,False,False
25517,val_calib,1,-0.34901174902915955,0.5811342597007751,0.9301460087299347,0.7171049065599805,0.5765185306454477,1,1,fakes,agency_claim,desconhecido,2018-2022,desconhecido,False,none,v1,False,False,False
644006303864825827,val_calib,1,-0.2840636074542999,0.5082874894142151,0.792351096868515,0.6883359336012179,0.54073064866055,1,1,EXT_LIARBR,external_claim,ext_liarbr,sem_data,pt-BR,False,false_pure,checker,False,False,False
1063801176897779642,val_calib,0,-0.3162669837474823,0.40247488021850586,0.7187418639659882,0.6723299067939537,0.5214149714589235,1,0,FC_POLIGRAFO,agency_claim,poligrafo,>=2023,pt-BR,True,true_rating,checker,False,False,False
520700154329855111,val_calib,0,-0.23548363149166107,0.30328646302223206,0.5387700945138931,0.6315262640197514,0.4740362502687082,0,0,EXT_LIARBR,external_claim,ext_liarbr,sem_data,pt-BR,False,true_rating,checker,False,False,False
370754388962279896,val_calib,1,-0.46225735545158386,0.6789618730545044,1.1412192285060883,0.7579034204917061,0.6297010167687048,1,1,FC_BOATOS,agency_claim,boatos,<=2017,pt-BR,False,false_pure,checker,False,False,False
662174983141256058,val_calib,1,-0.4379461109638214,0.462796151638031,0.9007422626018524,0.711102013930602,0.5689359033029633,1,1,FC_POLIGRAFO,agency_claim,poligrafo,>=2023,pt-BR,True,false_pure,checker,False,False,False
10938,val_calib,0,-0.38636505603790283,0.499381959438324,0.8857470154762268,0.7080117267650012,0.5650562191517902,1,1,FakeWhatsApp.BR_2018,whatsapp,desconhecido,2018-2022,desconhecido,False,none,v1,False,False,False
16039,val_calib,1,-0.44344499707221985,0.6270425915718079,1.0704875886440277,0.7446896306458887,0.6121585758627537,1,1,FakeWhatsApp.BR_2018,whatsapp,desconhecido,2018-2022,desconhecido,False,none,v1,False,False,False
33209,val_calib,1,-0.39696842432022095,0.5748833417892456,0.9718517661094666,0.7254884401486426,0.5872112741695649,1,1,fakes,agency_claim,desconhecido,2018-2022,desconhecido,False,none,v1,False,False,False
784790934335662248,val_calib,0,-0.25194716453552246,0.3661389648914337,0.6180861294269562,0.649783143546433,0.4949095846526976,0,0,FC_POLIGRAFO,agency_claim,poligrafo,2018-2022,pt-BR,True,true_rating,checker,False,False,False
191916731288022931,val_calib,1,-0.3134043216705322,0.5445848107337952,0.8579891324043274,0.7022403553339784,0.5578537633140603,1,1,FC_BOATOS,agency_claim,boatos.org,>=2023,pt-BR,False,false_pure,checker_match,False,False,False
96060364762967049,val_calib,1,-0.36184296011924744,0.5556665658950806,0.917509526014328,0.7145343828081254,0.5732640367260097,1,1,FC_AFP,agency_claim,afp,>=2023,pt-BR,False,false_pure,checker,False,False,False
16729,val_calib,0,-0.41321852803230286,0.7409947514533997,1.1542132794857025,0.7602796479925598,0.6328883486475078,1,1,FakeWhatsApp.BR_2018,whatsapp,desconhecido,2018-2022,desconhecido,False,none,v1,False,False,False
13386,val_calib,0,-0.4191839098930359,0.5696056485176086,0.9887895584106445,0.7288487711844698,0.5915310896974011,1,1,FakeWhatsApp.BR_2018,whatsapp,desconhecido,2018-2022,desconhecido,False,none,v1,False,False,False
759378503949379058,val_calib,1,-0.526373028755188,0.6091737151145935,1.1355467438697815,0.7568610778609338,0.6283060333727548,1,1,FC_ESTADAO,agency_claim,estadao,sem_data,pt-BR,False,false_pure,checker,False,False,False
649482708187079330,val_calib,1,-0.33105090260505676,0.25354263186454773,0.5845935344696045,0.6421236922274695,0.4860890699735876,0,0,EXT_LIARBR,external_claim,ext_liarbr,sem_data,pt-BR,False,false_pure,checker,False,False,False
405584886618676160,val_calib,0,-0.16721607744693756,0.20936262607574463,0.3765787035226822,0.5930476635255884,0.43171149176013196,0,0,FC_POLIGRAFO,agency_claim,poligrafo,>=2023,pt-BR,True,true_rating,checker,False,False,False
315846078631933219,val_calib,0,-0.13276146352291107,0.22499176859855652,0.3577532321214676,0.5884964463140031,0.42685100928485586,0,0,FC_POLIGRAFO,agency_claim,poligrafo,2018-2022,pt-BR,True,true_rating,checker,False,False,False
1101831033907965795,val_calib,0,-0.10808764398097992,0.18951113522052765,0.29759877920150757,0.5738554137649753,0.41141870063090186,0,0,NEWS_PODER360,press_true,poder360,<=2017,pt-BR,False,none,llm_local,False,False,False
766848690112824723,val_calib,0,-0.24371238052845,0.26401999592781067,0.5077323764562607,0.6242747403141199,0.4658887752344109,0,0,EXT_LIARBR,external_claim,ext_liarbr,sem_data,pt-BR,False,true_rating,checker,False,False,False
34549,val_calib,1,-0.24111661314964294,0.49636173248291016,0.7374783456325531,0.6764441939304809,0.5263399708418338,1,0,fakes,agency_claim,desconhecido,2018-2022,desconhecido,False,none,v1,False,False,False
320546543380448118,val_calib,1,-0.3620181977748871,0.4051192104816437,0.7671374082565308,0.6829013325963763,0.5341251932399373,1,0,FC_BOATOS_VIRAL,social,boatos,>=2023,pt-BR,False,false_pure,checker,False,False,False
309396334429329591,val_calib,0,-0.3644392490386963,0.5546709895133972,0.9191102385520935,0.7148607759900822,0.5736766533780788,1,1,EXT_LIARBR,external_claim,ext_liarbr,sem_data,pt-BR,False,true_rating,checker,False,False,False
2884,val_calib,1,-0.5204375386238098,0.22558411955833435,0.7460216581821442,0.6783112211860525,0.5285839907641302,1,0,Fake.br,portal,desconhecido,sem_data,desconhecido,False,none,v1,False,False,False
64326311884596525,val_calib,1,-0.3013148605823517,0.3790411055088043,0.680355966091156,0.6638181407164983,0.5113130342944014,1,0,FC_LUPA,agency_claim,lupa,>=2023,pt-BR,False,false_pure,checker_match,False,False,False
1112880506586934218,val_calib,1,-0.278542697429657,0.39578548073768616,0.6743281781673431,0.6624716322146651,0.5097256628267668,1,0,FC_BOATOS,agency_claim,boatos,2018-2022,pt-BR,False,false_pure,checker,False,False,False
342,val_calib,1,-0.4556124210357666,0.5109377503395081,0.9665501713752747,0.7244313400110011,0.5858563577500947,1,1,COVID19.BR,covid,desconhecido,sem_data,desconhecido,False,none,v1,False,False,False
649352996463158638,val_calib,1,-0.4232355058193207,0.6022499203681946,1.0254854261875153,0.7360397158821169,0.6008408504517484,1,1,EXT_AVERITECBR,external_claim,ext_averitecbr,2018-2022,pt-BR,False,other,checker,False,False,False
38043,val_calib,1,-0.27917030453681946,0.19562019407749176,0.4747904986143112,0.6165169746179646,0.45726141368292356,0,0,fakes,agency_claim,desconhecido,2018-2022,desconhecido,True,none,v1,False,False,False
428067740478211673,val_calib,1,-0.29040035605430603,0.5610921382904053,0.8514924943447113,0.700880133473034,0.5561644174837265,1,1,FC_BOATOS_VIRAL,social,boatos,>=2023,pt-BR,False,false_pure,checker,False,False,False
1040153895910419928,val_calib,0,-0.5372132658958435,0.6760581731796265,1.21327143907547,0.770877280582938,0.6472254804667121,1,1,NEWS_BRASILDEFATO,press_true,brasildefato,<=2017,pt-BR,False,none,llm_local,False,False,False
366892868578341323,val_calib,1,-0.45954999327659607,0.5216668844223022,0.9812168776988983,0.7273496047346,0.5896014576469475,1,1,FC_UOL,agency_claim,uol,sem_data,pt-BR,False,hard,checker,False,False,False
10993,val_calib,0,-0.3721022307872772,0.5598474144935608,0.931949645280838,0.7174706587979278,0.5769825185453602,1,1,FakeWhatsApp.BR_2018,whatsapp,desconhecido,2018-2022,desconhecido,False,none,v1,False,False,False
43086,val_calib,1,-0.44047489762306213,0.6741608381271362,1.1146357357501984,0.752992345382258,0.6231452336020943,1,1,fakes,agency_claim,desconhecido,2018-2022,desconhecido,False,none,v1,False,False,False
89899983839334815,val_calib,1,-0.37402376532554626,0.6063961982727051,0.9804199635982513,0.7271915383503733,0.5893982304810172,1,1,FC_BOATOS,agency_claim,boatos,2018-2022,pt-BR,False,false_pure,checker,False,False,False
25424,val_calib,1,-0.27976730465888977,0.4561764895915985,0.7359437942504883,0.6761082396901312,0.5259367841723458,1,0,fakes,agency_claim,desconhecido,2018-2022,desconhecido,False,none,v1,False,False,False
68524309168737881,val_calib,0,-0.4029301702976227,0.36780810356140137,0.770738273859024,0.6836805755553834,0.535069331679007,1,0,FC_POLIGRAFO,agency_claim,poligrafo,>=2023,pt-BR,True,true_rating,checker,False,False,False
185744353865248875,val_calib,1,-0.34540191292762756,0.40259161591529846,0.747993528842926,0.6787413420646006,0.5291017692979507,1,0,FC_COMPROVA,agency_claim,comprova,>=2023,pt-BR,False,other,checker,False,False,False
660048718825133760,val_calib,0,-0.377028226852417,0.4306070804595947,0.8076353073120117,0.6916053738424612,0.544727983104619,1,1,EXT_LIARBR,external_claim,ext_liarbr,sem_data,pt-BR,False,true_rating,checker,False,False,False
1091723965449740701,val_calib,1,-0.44951075315475464,0.5801929235458374,1.029703676700592,0.7368584433480726,0.6019065034000209,1,1,FC_BOATOS,agency_claim,boatos,>=2023,pt-BR,False,false_pure,checker,False,False,False
27152,val_calib,1,0.04118367284536362,0.17429345846176147,0.13310978561639786,0.5332283985603798,0.37017919654743137,0,0,fakes,agency_claim,desconhecido,2018-2022,desconhecido,False,none,v1,False,False,False
36960,val_calib,1,-0.3161936104297638,0.3451676666736603,0.6613612771034241,0.6595661141421635,0.5063103062188071,1,0,fakes,agency_claim,desconhecido,2018-2022,desconhecido,True,none,v1,False,False,False
727156493146967829,val_calib,1,-0.4688754379749298,0.5621717572212219,1.0310471951961517,0.737118866090009,0.6022457131086112,1,1,FC_AFP,agency_claim,afp,>=2023,pt-BR,False,false_pure,checker,False,False,False
550470554987467753,val_calib,1,-0.35109618306159973,0.5901316404342651,0.9412278234958649,0.7193476053080115,0.5793671797343988,1,1,FC_POLIGRAFO,agency_claim,poligrafo,>=2023,pt-BR,True,false_pure,checker,False,False,False
11168,val_calib,1,-0.29221799969673157,0.4796386659145355,0.7718566656112671,0.6839223908725391,0.5353625205253921,1,0,FakeWhatsApp.BR_2018,whatsapp,desconhecido,2018-2022,desconhecido,False,none,v1,False,False,False
44747,val_calib,1,-0.5567733645439148,0.7332958579063416,1.2900692224502563,0.7841589055649075,0.6654768896171422,1,1,fakes,agency_claim,desconhecido,2018-2022,desconhecido,False,none,v1,False,False,False
943041460011845166,val_calib,1,-0.41305211186408997,0.45045527815818787,0.8635073900222778,0.7033929273816548,0.5592876478941603,1,1,FC_POLIGRAFO,agency_claim,poligrafo,>=2023,pt-BR,True,other,checker,False,False,False
821896083512984901,val_calib,1,-0.5674692392349243,0.6623392105102539,1.2298084497451782,0.7737850467363917,0.6511942806422278,1,1,FC_POLIGRAFO,agency_claim,poligrafo,>=2023,pt-BR,True,other,checker,False,False,False
583477495067383523,val_calib,1,-0.4003225862979889,0.5932596325874329,0.9935822188854218,0.7297948967224113,0.5927508790347871,1,1,FC_AFP,agency_claim,afp,>=2023,pt-BR,False,false_pure,checker,False,False,False
51958644290260218,val_calib,1,-0.28318530321121216,0.3709324598312378,0.65411776304245,0.6579377903072344,0.5044021576622554,1,0,FC_G1,agency_claim,g1,>=2023,pt-BR,False,false_pure,checker,False,False,False
32631,val_calib,1,-0.5001076459884644,0.6014187932014465,1.1015264391899109,0.7505460050512096,0.6198954946872299,1,1,fakes,agency_claim,desconhecido,2018-2022,desconhecido,False,none,v1,False,False,False
3863,val_calib,0,-0.17816606163978577,0.21928200125694275,0.3974480628967285,0.5980743756813286,0.437115052605287,0,0,Fake.br,portal,desconhecido,sem_data,desconhecido,False,none,v1,False,False,False
13039,val_calib,0,-0.36443445086479187,0.534601628780365,0.8990360796451569,0.7107513764244826,0.5684948838512306,1,1,FakeWhatsApp.BR_2018,whatsapp,desconhecido,2018-2022,desconhecido,False,none,v1,False,False,False
892813900605066538,val_calib,1,-0.21231316030025482,0.35526248812675476,0.5675756484270096,0.6382035806960354,0.4816102605245992,0,0,EXT_LIARBR,external_claim,ext_liarbr,sem_data,pt-BR,False,false_pure,checker,False,False,False
47145,val_calib,0,-0.40767306089401245,0.42910847067832947,0.8367815315723419,0.697786936684346,0.5523343250588046,1,1,true,press_true,desconhecido,2018-2022,desconhecido,False,none,v1,False,False,False
42416,val_calib,1,-0.24048510193824768,0.4517522156238556,0.6922373175621033,0.6664644442375349,0.5144411982785766,1,0,fakes,agency_claim,desconhecido,2018-2022,desconhecido,False,false_pure,v1,False,False,False
35358,val_calib,1,-0.2509629726409912,0.41009145975112915,0.6610544323921204,0.6594972122702926,0.5062294778919506,1,0,fakes,agency_claim,desconhecido,2018-2022,desconhecido,True,none,v1,False,False,False
49035,val_calib,0,-0.31873419880867004,0.5717958211898804,0.8905300199985504,0.7089995379768379,0.5662946036402523,1,1,true,press_true,desconhecido,2018-2022,desconhecido,True,none,v1,False,False,False
790270550414695009,val_calib,1,-0.49399542808532715,0.5768740177154541,1.0708694458007812,0.7447622252118076,0.6122541131034669,1,1,FC_BOATOS,agency_claim,boatos,>=2023,pt-BR,False,false_pure,checker,False,False,False
308386025491793909,val_calib,1,-0.10738863795995712,0.3699038624763489,0.477292500436306,0.6171083346777428,0.45791584609754304,0,0,FC_BOATOS,agency_claim,boatos,>=2023,pt-BR,False,false_pure,checker,False,False,False
936331484975472376,val_calib,0,-0.421838641166687,0.5001224875450134,0.9219611287117004,0.7154415306180304,0.5744112747602304,1,1,EXT_LIARBR,external_claim,ext_liarbr,sem_data,pt-BR,False,true_rating,checker,False,False,False
33677,val_calib,1,-0.4296385943889618,0.579334557056427,1.0089731514453888,0.7328191452455932,0.5966602616335307,1,1,fakes,agency_claim,desconhecido,2018-2022,desconhecido,False,none,v1,False,False,False
717265751520495639,val_calib,1,-0.261153906583786,0.3598427474498749,0.6209966540336609,0.6504451880233914,0.4956763208087471,0,0,FC_G1,agency_claim,g1,2018-2022,pt-BR,False,false_pure,checker,False,False,False
42825,val_calib,1,-0.39516136050224304,0.5784063935279846,0.9735677540302277,0.7258300553932548,0.5876495434883391,1,1,fakes,agency_claim,desconhecido,2018-2022,desconhecido,False,false_pure,v1,False,False,False
143997048312801841,val_calib,1,-0.2545284330844879,0.5062878727912903,0.7608163058757782,0.6815309363867985,0.5324672277824063,1,0,FC_BOATOS_VIRAL,social,boatos,<=2017,pt-BR,False,false_pure,checker,False,False,False
504051742253083279,val_calib,1,-0.47413167357444763,0.5997703075408936,1.0739019811153412,0.745338256255818,0.613012519299826,1,1,FC_G1,agency_claim,g1,2018-2022,pt-BR,False,false_pure,checker,False,False,False
4477,val_calib,0,-0.5115134119987488,0.6384681463241577,1.1499815583229065,0.7595075484853536,0.6318516028684029,1,1,Fake.br,portal,desconhecido,sem_data,desconhecido,False,none,v1,False,False,False
48204,val_calib,0,-0.01642644591629505,0.02099173702299595,0.037418182939291,0.5093534544300807,0.34699114245870083,0,0,true,press_true,desconhecido,2018-2022,desconhecido,True,none,v1,False,False,False
330407640636117461,val_calib,0,-0.12506061792373657,0.10751543939113617,0.23257605731487274,0.5578833323035073,0.3949320719425339,0,0,FC_POLIGRAFO,agency_claim,poligrafo,>=2023,pt-BR,True,true_rating,checker,False,False,False
24735,val_calib,1,-0.09314621984958649,0.11375221610069275,0.20689843595027924,0.5515408809802477,0.3884845158238787,0,0,fakes,agency_claim,desconhecido,2018-2022,desconhecido,False,none,v1,False,False,False
4635,val_calib,0,-0.4339490830898285,0.4158584177494049,0.8498075008392334,0.7005267598229002,0.5557260483324645,1,1,Fake.br,portal,desconhecido,sem_data,desconhecido,False,none,v1,False,False,False
508870121837671799,val_calib,0,-0.4188525974750519,0.547962486743927,0.9668150842189789,0.7244842215695804,0.5859240919466616,1,1,EXT_LIARBR,external_claim,ext_liarbr,sem_data,pt-BR,False,true_rating,checker,False,False,False
8704,val_calib,1,-0.35761234164237976,0.4212838113307953,0.778896152973175,0.6854421608838003,0.5372073684185394,1,0,Fake.br,portal,desconhecido,sem_data,desconhecido,False,none,v1,False,False,False
406491736579102435,val_calib,1,-0.6133564114570618,0.6711328625679016,1.2844892740249634,0.7832129811608126,0.6641665493916947,1,1,FC_G1,agency_claim,g1,>=2023,pt-BR,False,false_pure,checker,False,False,False
803971103978504771,val_calib,1,-0.15580236911773682,0.15990135073661804,0.31570371985435486,0.5782768604155604,0.4160465823858419,0,0,FC_POLIGRAFO,agency_claim,poligrafo,>=2023,pt-BR,True,false_pure,checker,False,False,False
129612799909852908,val_calib,1,-0.41669949889183044,0.41282951831817627,0.8295290172100067,0.6962553337807568,0.5504437701503336,1,1,FC_G1,agency_claim,g1,2018-2022,pt-BR,False,false_pure,checker,False,False,False
351940736348315813,val_calib,1,-0.48453089594841003,0.631691038608551,1.116221934556961,0.7532872518215036,0.6235377019646896,1,1,FC_AFP,agency_claim,afp,>=2023,pt-BR,False,false_pure,checker,False,False,False
27871,val_calib,1,-0.4365903437137604,0.3621967136859894,0.7987870573997498,0.6897149611752139,0.5424145375635094,1,1,fakes,agency_claim,desconhecido,2018-2022,desconhecido,False,none,v1,False,False,False
24429,val_calib,1,-0.20913773775100708,0.18282265961170197,0.39196039736270905,0.5967545358403619,0.4356926676653692,0,0,fakes,agency_claim,desconhecido,sem_data,desconhecido,False,none,v1,False,False,False
8311,val_calib,0,-0.11371022462844849,0.016335906460881233,0.13004613108932972,0.5324657905534095,0.36942677769652116,0,0,Fake.br,portal,desconhecido,sem_data,desconhecido,False,none,v1,False,False,False
381713101512193399,val_calib,0,-0.09124954789876938,0.2077038586139679,0.2989534065127373,0.5741866484231162,0.41176443169178356,0,0,EXT_AVERITECBR,external_claim,ext_averitecbr,2018-2022,pt-BR,False,other,checker,False,False,False
884195328304010215,val_calib,1,-0.45641830563545227,0.5601268410682678,1.01654514670372,0.7342990898434573,0.5985791271755075,1,1,FC_LUPA,agency_claim,lupa,>=2023,pt-BR,False,false_pure,checker_match,False,False,False
176,val_calib,1,-0.41419717669487,0.49831193685531616,0.9125091135501862,0.7135133304658086,0.5719744228325874,1,1,COVID19.BR,covid,desconhecido,sem_data,desconhecido,False,none,v1,False,False,False
1152547369265084933,val_calib,1,-0.5449081063270569,0.7066817283630371,1.251589834690094,0.7775749478371671,0.6563898037659699,1,1,EXT_AVERITECBR,external_claim,ext_averitecbr,2018-2022,pt-BR,False,other,checker,False,False,False
44633,val_calib,1,-0.39886513352394104,0.40616658329963684,0.8050317168235779,0.6910497839979552,0.5440474494870616,1,1,fakes,agency_claim,desconhecido,2018-2022,desconhecido,False,none,v1,False,False,False
41859,val_calib,1,-0.32857945561408997,0.3538065254688263,0.6823859810829163,0.6642710154436613,0.5118475733276698,1,0,fakes,agency_claim,desconhecido,2018-2022,desconhecido,True,false_pure,v1,False,False,False
29707,val_calib,1,-0.2543424069881439,0.4656108319759369,0.7199532389640808,0.6725967198857407,0.5217335250573539,1,0,fakes,agency_claim,desconhecido,sem_data,desconhecido,False,none,v1,False,False,False
146033969650485890,val_calib,1,-0.3186216950416565,0.3387981057167053,0.6574198007583618,0.6586805445327228,0.5052720279895465,1,0,FC_UOL,agency_claim,uol,sem_data,pt-BR,False,hard,checker,False,False,False
864697474441511775,val_calib,0,-0.14086292684078217,0.262800931930542,0.40366385877132416,0.5995676223940748,0.4387274153547308,0,0,EXT_LIARBR,external_claim,ext_liarbr,sem_data,pt-BR,False,true_rating,checker,False,False,False
47303,val_calib,0,-0.27029916644096375,0.31749430298805237,0.5877934694290161,0.6428587051194526,0.48693150818773046,0,0,true,press_true,desconhecido,2018-2022,desconhecido,False,none,v1,False,False,False
9049,val_calib,0,-0.16638830304145813,0.2879509925842285,0.45433929562568665,0.6116704436658221,0.45191785351034247,0,0,Fake.br,portal,desconhecido,sem_data,desconhecido,False,none,v1,False,False,False
827958134370269136,val_calib,0,-0.5677574872970581,0.688174307346344,1.255931794643402,0.7783249939906021,0.6574210811473613,1,1,EXT_AVERITECBR,external_claim,ext_averitecbr,2018-2022,pt-BR,False,other,checker,False,False,False
1104130420780599732,val_calib,1,-0.24642044305801392,0.178121879696846,0.4245423227548599,0.604569675257792,0.44415252760570745,0,0,FC_POLIGRAFO,agency_claim,poligrafo,2018-2022,pt-BR,True,other,checker,False,False,False
16855,val_calib,0,-0.4028654992580414,0.441981703042984,0.8448472023010254,0.6994851096955758,0.5544350722555561,1,1,FakeWhatsApp.BR_2018,whatsapp,desconhecido,2018-2022,desconhecido,False,none,v1,False,False,False
829209160501135120,val_calib,0,-0.4393588602542877,0.2283705621957779,0.6677294224500656,0.6609945526134458,0.5079877076542931,1,0,NEWS_PODER360,press_true,poder360,<=2017,pt-BR,False,none,llm_local,False,False,False
8760843285185194,val_calib,1,-0.3980551064014435,0.4876192808151245,0.885674387216568,0.7079967120165982,0.5650374084144207,1,1,FC_BOATOS,agency_claim,boatos,2018-2022,pt-BR,False,false_pure,checker,False,False,False
14820,val_calib,1,-0.42017659544944763,0.5609899163246155,0.9811665117740631,0.7273396164450247,0.589588614351536,1,1,FakeWhatsApp.BR_2018,whatsapp,desconhecido,2018-2022,desconhecido,False,none,v1,False,False,False
202824236121942373,val_calib,1,-0.24012607336044312,0.3474496603012085,0.5875757336616516,0.6428087133070696,0.48687418307332986,0,0,FC_UOL,agency_claim,uol,sem_data,pt-BR,False,false_pure,checker,False,False,False
28003,val_calib,1,-0.4154241979122162,0.411628395318985,0.8270525932312012,0.6957313557269049,0.5497978896881277,1,1,fakes,agency_claim,desconhecido,2018-2022,desconhecido,False,none,v1,False,False,False
41990,val_calib,1,-0.45632481575012207,0.536294162273407,0.992618978023529,0.7296049090710132,0.5925058140013028,1,1,fakes,agency_claim,desconhecido,2018-2022,desconhecido,True,false_pure,v1,False,False,False
50684,val_calib,0,-0.3788700997829437,0.3591107726097107,0.7379808723926544,0.6765541709254794,0.526471996837137,1,0,MuMiN-PT,social,desconhecido,sem_data,desconhecido,False,false_pure,v1,False,False,False
39684,val_calib,1,-0.4503291845321655,0.5935433506965637,1.0438725352287292,0.739596522941543,0.6054788519576525,1,1,fakes,agency_claim,desconhecido,2018-2022,desconhecido,False,none,v1,False,False,False
1002488742519088446,val_calib,1,-0.10745479166507721,0.18707196414470673,0.29452675580978394,0.5731039947486843,0.41063497628924045,0,0,FC_POLIGRAFO,agency_claim,poligrafo,>=2023,pt-BR,True,false_pure,checker,False,False,False
1061225587715040387,val_calib,0,-0.32099011540412903,0.3613399565219879,0.6823300719261169,0.6642585467466731,0.51183285181008,1,0,EXT_LIARBR,external_claim,ext_liarbr,sem_data,pt-BR,False,true_rating,checker,False,False,False
1005468780893579255,val_calib,1,-0.2189449667930603,0.28684043884277344,0.5057854056358337,0.6238179566585743,0.4653782513285621,0,0,FC_POLIGRAFO,agency_claim,poligrafo,2018-2022,pt-BR,True,other,checker,False,False,False
128252540990126535,val_calib,0,-0.4992411136627197,0.5473157167434692,1.046556830406189,0.7401131681719704,0.6061543792796518,1,1,NEWS_BRASILDEFATO,press_true,brasildefato,<=2017,pt-BR,False,none,llm_local,False,False,False
44517,val_calib,1,-0.3988097906112671,0.41869279742240906,0.8175025880336761,0.6937059518559042,0.547305583004223,1,1,fakes,agency_claim,desconhecido,<=2017,desconhecido,False,none,v1,False,False,False
42284,val_calib,1,-0.6315909028053284,0.7144480347633362,1.3460389375686646,0.7934812884569736,0.6784768632902101,1,1,fakes,agency_claim,desconhecido,2018-2022,desconhecido,False,false_pure,v1,False,False,False
849292868861998745,val_calib,1,-0.19663693010807037,0.3090684711933136,0.505705401301384,0.6237991819263521,0.46535727457917064,0,0,FC_LUPA,agency_claim,lupa,>=2023,pt-BR,False,false_pure,checker_match,False,False,False
517072794581062721,val_calib,1,-0.5166292786598206,0.5424296259880066,1.0590589046478271,0.7425106596865062,0.6092952591351735,1,1,FC_G1,agency_claim,g1,>=2023,pt-BR,False,false_pure,checker,False,False,False
31258,val_calib,1,-0.39775416254997253,0.5033332705497742,0.9010874330997467,0.7111729191888988,0.5690251107689162,1,1,fakes,agency_claim,desconhecido,sem_data,desconhecido,False,none,v1,False,False,False
31768,val_calib,1,-0.0761534571647644,0.20282238721847534,0.27897584438323975,0.5692951206820542,0.4066747125895497,0,0,fakes,agency_claim,desconhecido,sem_data,desconhecido,False,none,v1,False,False,False
124730915024065063,val_calib,1,-0.41242650151252747,0.4807509481906891,0.8931774497032166,0.7095454511584197,0.5669797041978294,1,1,EXT_AVERITECBR,external_claim,ext_averitecbr,2018-2022,pt-BR,False,other,checker,False,False,False
26282,val_calib,1,-0.4180113971233368,0.4675646424293518,0.8855760395526886,0.7079763794635333,0.5650119360464564,1,1,fakes,agency_claim,desconhecido,2018-2022,desconhecido,False,none,v1,False,False,False
31622,val_calib,1,-0.3573834002017975,0.3496139943599701,0.7069973945617676,0.6697373546325481,0.5183256804489793,1,0,fakes,agency_claim,desconhecido,sem_data,desconhecido,False,none,v1,False,False,False
511497715010683798,val_calib,1,-0.4435395300388336,0.5445577502250671,0.9880972802639008,0.7287119357998335,0.5913548030485011,1,1,FC_G1,agency_claim,g1,2018-2022,pt-BR,False,false_pure,checker,False,False,False
526798588278959765,val_calib,1,-0.4890070855617523,0.5948720574378967,1.083879142999649,0.7472273729609613,0.615503823584504,1,1,FC_BOATOS,agency_claim,boatos,>=2023,pt-BR,False,false_pure,checker,False,False,False
1043433022707509009,val_calib,1,-0.2755081355571747,0.3099525272846222,0.5854606628417969,0.6423229345027546,0.4863173489059872,0,0,FC_POLIGRAFO,agency_claim,poligrafo,2018-2022,pt-BR,True,false_pure,checker,False,False,False
879037306510784410,val_calib,1,-0.31637051701545715,0.3787706792354584,0.6951411962509155,0.6671096339039497,0.5152055790364674,1,0,FC_ESTADAO,agency_claim,estadao,sem_data,pt-BR,False,hard,checker,False,False,False
592692203052887497,val_calib,1,-0.4954547584056854,0.6247018575668335,1.120156615972519,0.7540177659480941,0.6245105477104163,1,1,FC_COMPROVA,agency_claim,comprova,2018-2022,pt-BR,False,false_pure,checker,False,False,False
7867,val_calib,0,-0.24278290569782257,0.28486284613609314,0.5276457518339157,0.6289338537797301,0.47111426636856457,0,0,Fake.br,portal,desconhecido,sem_data,desconhecido,False,none,v1,False,False,False
611,val_calib,0,-0.13118243217468262,0.19735625386238098,0.3285386860370636,0.5814037742213971,0.4193364236402471,0,0,COVID19.BR,covid,desconhecido,sem_data,desconhecido,False,none,v1,False,False,False
1125381339056783087,val_calib,1,-0.381773978471756,0.43504422903060913,0.8168182075023651,0.6935605167720409,0.5471268845904079,1,1,FC_POLIGRAFO,agency_claim,poligrafo,2018-2022,pt-BR,True,other,checker,False,False,False
446172746186521124,val_calib,0,-0.17196056246757507,0.1861456334590912,0.35810619592666626,0.5885819203157933,0.4269420129879307,0,0,FC_POLIGRAFO,agency_claim,poligrafo,2018-2022,pt-BR,True,true_rating,checker,False,False,False
305408614986164559,val_calib,0,-0.36544856429100037,0.45153915882110596,0.8169877231121063,0.6935965434757849,0.5471711478986065,1,1,NEWS_BRASILDEFATO,press_true,brasildefato,<=2017,pt-BR,False,none,llm_local,False,False,False
24476,val_calib,1,-0.4385071098804474,0.623843789100647,1.0623508989810944,0.7431395487706486,0.6101208097761515,1,1,fakes,agency_claim,desconhecido,sem_data,desconhecido,False,none,v1,False,False,False
548793420976719958,val_calib,1,-0.24001754820346832,0.2325313538312912,0.4725489020347595,0.6159868696156049,0.4566752189683518,0,0,FC_EFARSAS,agency_claim,efarsas,<=2017,pt-BR,False,false_pure,checker,False,False,False
660390065348177909,val_calib,1,-0.17245428264141083,0.19631564617156982,0.36876992881298065,0.5911617164627084,0.4296937193664386,0,0,FC_POLIGRAFO,agency_claim,poligrafo,>=2023,pt-BR,True,hard,checker,False,False,False
566766068611902321,val_calib,0,-0.24508799612522125,0.21893611550331116,0.4640241116285324,0.613968372033358,0.4544470301902246,0,0,EXT_LIARBR,external_claim,ext_liarbr,sem_data,pt-BR,False,true_rating,checker,False,False,False
25741,val_calib,1,-0.10274647921323776,0.3381843864917755,0.4409308657050133,0.6084808150439502,0.4484203824528339,0,0,fakes,agency_claim,desconhecido,2018-2022,desconhecido,False,none,v1,False,False,False
319073323874236671,val_calib,1,-0.606323778629303,0.7290976643562317,1.3354214429855347,0.7917359910547822,0.6760311464859285,1,1,FC_ESTADAO,agency_claim,estadao,sem_data,pt-BR,False,hard,checker,False,False,False
208619892377535947,val_calib,1,-0.436206191778183,0.658229649066925,1.094435840845108,0.7492160986919062,0.6181332555042751,1,1,FC_G1,agency_claim,g1,>=2023,pt-BR,False,false_pure,checker,False,False,False
2466,val_calib,1,-0.41168829798698425,0.23391534388065338,0.6456036418676376,0.6560190706802186,0.502159135082389,1,0,Fake.br,portal,desconhecido,sem_data,desconhecido,False,none,v1,False,False,False
95504505879688101,val_calib,0,-0.17617270350456238,0.2690429985523224,0.44521570205688477,0.6095011239803035,0.44953750663775305,0,0,FC_POLIGRAFO,agency_claim,poligrafo,>=2023,pt-BR,True,true_rating,checker,False,False,False
4292,val_calib,1,-0.3674389123916626,0.4027100205421448,0.7701489329338074,0.6835531100400988,0.5349148249012557,1,0,Fake.br,portal,desconhecido,sem_data,desconhecido,False,none,v1,False,False,False
606891356108708329,val_calib,1,-0.4190107583999634,0.4652118682861328,0.8842226266860962,0.707696488262606,0.5646613628590799,1,1,FC_BOATOS,agency_claim,boatos,>=2023,pt-BR,False,false_pure,checker,False,False,False
15551,val_calib,1,-0.4862028658390045,0.6445563435554504,1.130759209394455,0.7559789812835699,0.6271270105910021,1,1,FakeWhatsApp.BR_2018,whatsapp,desconhecido,2018-2022,desconhecido,False,none,v1,False,False,False
411848752212169011,val_calib,1,-0.22342410683631897,0.21472327411174774,0.4381473809480667,0.6078175002834061,0.44769496229143624,0,0,EXT_LIARBR,external_claim,ext_liarbr,sem_data,pt-BR,False,false_pure,checker,False,False,False
37937,val_calib,1,-0.2601223289966583,0.17023102939128876,0.4303533583879471,0.605958043994527,0.4456649104593167,0,0,fakes,agency_claim,desconhecido,2018-2022,desconhecido,True,none,v1,False,False,False
608038894226603176,val_calib,0,-0.202278733253479,0.23835903406143188,0.4406377673149109,0.6084109874341395,0.4483439859813824,0,0,FC_POLIGRAFO,agency_claim,poligrafo,2018-2022,pt-BR,True,true_rating,checker,False,False,False
36029,val_calib,1,-0.37623509764671326,0.30203914642333984,0.6782742440700531,0.6633534177873865,0.5107648530204837,1,0,fakes,agency_claim,desconhecido,2018-2022,desconhecido,True,none,v1,False,False,False
37488,val_calib,1,-0.2592723071575165,0.16272753477096558,0.42199984192848206,0.6039616952997879,0.443491143956098,0,0,fakes,agency_claim,desconhecido,2018-2022,desconhecido,True,none,v1,False,False,False
14208,val_calib,0,-0.4038422107696533,0.5049563646316528,0.9087985754013062,0.7127542512184483,0.5710168360144896,1,1,FakeWhatsApp.BR_2018,whatsapp,desconhecido,2018-2022,desconhecido,False,none,v1,False,False,False
601267305835461446,val_calib,0,-0.23508575558662415,0.28530067205429077,0.5203864276409149,0.6272381215793287,0.469208544760574,0,0,EXT_LIARBR,external_claim,ext_liarbr,sem_data,pt-BR,False,true_rating,checker,False,False,False
292697400536406508,val_calib,1,-0.34318992495536804,0.5283095836639404,0.8714995086193085,0.705057618727011,0.5613625911870311,1,1,FC_EFARSAS,agency_claim,efarsas,<=2017,pt-BR,False,false_pure,checker,False,False,False
13090354405357657,val_calib,0,-0.1771652102470398,0.17978157103061676,0.35694678127765656,0.5883011354920583,0.4266431028378104,0,0,FC_POLIGRAFO,agency_claim,poligrafo,>=2023,pt-BR,True,true_rating,checker,False,False,False
978915860650107565,val_calib,1,-0.16504788398742676,0.14772114157676697,0.3127690255641937,0.5775610045664653,0.41529540384371755,0,0,FC_OBSERVADOR,agency_claim,observador,>=2023,pt-PT,True,false_pure,checker,False,False,False
13678,val_calib,0,-0.43997085094451904,0.6776325106620789,1.117603361606598,0.7535438940768937,0.6238793722595009,1,1,FakeWhatsApp.BR_2018,whatsapp,desconhecido,2018-2022,desconhecido,False,none,v1,False,False,False
972952441250859696,val_calib,0,-0.2683764696121216,0.30315908789634705,0.5715355575084686,0.6391174214781854,0.48265220188442587,0,0,EXT_AVERITECBR,external_claim,ext_averitecbr,sem_data,pt-BR,False,other,checker,False,False,False
4646,val_calib,1,-0.43519869446754456,0.34399843215942383,0.7791971266269684,0.6855070505537676,0.5372862226464548,1,0,Fake.br,portal,desconhecido,sem_data,desconhecido,False,none,v1,False,False,False
3597,val_calib,0,-0.3969253599643707,0.5120078921318054,0.9089332520961761,0.7127818235461559,0.571051601673687,1,1,Fake.br,portal,desconhecido,sem_data,desconhecido,False,none,v1,False,False,False
833683650527997209,val_calib,1,-0.16224305331707,0.25660550594329834,0.41884855926036835,0.6032076874046868,0.4426716689050299,0,0,EXT_AVERITECBR,external_claim,ext_averitecbr,2018-2022,pt-BR,False,other,checker,False,False,False
1021155556604564965,val_calib,1,-0.38509401679039,0.4570658802986145,0.8421598970890045,0.6989199202013597,0.5537353614373832,1,1,FC_POLIGRAFO,agency_claim,poligrafo,2018-2022,pt-BR,True,false_pure,checker,False,False,False
27041,val_calib,1,-0.163141667842865,0.2795794904232025,0.4427211582660675,0.6089072369348707,0.4488870772216372,0,0,fakes,agency_claim,desconhecido,2018-2022,desconhecido,False,false_pure,v1,False,False,False
200038924086882823,val_calib,1,-0.29123207926750183,0.5222283005714417,0.8134603798389435,0.6928463996672674,0.5462499479612265,1,1,FC_EFARSAS,agency_claim,efarsas,<=2017,pt-BR,False,false_pure,checker,False,False,False
26406,val_calib,1,-0.19270750880241394,0.36296001076698303,0.555667519569397,0.6354494964999634,0.4784779632179108,0,0,fakes,agency_claim,desconhecido,2018-2022,desconhecido,False,none,v1,False,False,False
4504,val_calib,1,-0.517877459526062,0.709240734577179,1.227118194103241,0.7733137928671204,0.650550041852411,1,1,Fake.br,portal,desconhecido,sem_data,desconhecido,False,none,v1,False,False,False
645618946889885072,val_calib,1,-0.5871307253837585,0.6889548897743225,1.276085615158081,0.7817827248700732,0.6621883428842883,1,1,FC_G1,agency_claim,g1,>=2023,pt-BR,False,false_pure,checker,False,False,False
25784,val_calib,1,-0.2979012131690979,0.2998705804347992,0.5977717936038971,0.6451463624254276,0.4895589296944333,0,0,fakes,agency_claim,desconhecido,2018-2022,desconhecido,False,none,v1,False,False,False
282068550795777882,val_calib,0,-0.3934910297393799,0.4951417148113251,0.888632744550705,0.7086079384739399,0.5658034715672655,1,1,EXT_LIARBR,external_claim,ext_liarbr,sem_data,pt-BR,False,true_rating,checker,False,False,False
51056,val_calib,1,-0.4995470345020294,0.49907565116882324,0.9986226856708527,0.7307876960341356,0.5940325053625634,1,1,MuMiN-PT,social,desconhecido,sem_data,desconhecido,False,none,v1,False,False,False
39667,val_calib,1,-0.17994172871112823,0.21933263540267944,0.3992743641138077,0.5985133058152099,0.4375886545455154,0,0,fakes,agency_claim,desconhecido,2018-2022,desconhecido,False,false_pure,v1,False,False,False
1078142061370201389,val_calib,1,-0.3732670843601227,0.41994884610176086,0.7932159304618835,0.6885214357594,0.5409569765561816,1,1,FC_BOATOS,agency_claim,boatos,>=2023,pt-BR,False,false_pure,checker,False,False,False
532118644753983112,val_calib,0,-0.45849844813346863,0.6500030159950256,1.1085014641284943,0.7518496324899331,0.6216259323953122,1,1,EXT_LIARBR,external_claim,ext_liarbr,sem_data,pt-BR,False,true_rating,checker,False,False,False
41355,val_calib,1,-0.33764633536338806,0.47061896324157715,0.8082652986049652,0.6917397268130556,0.5448926269548905,1,1,fakes,agency_claim,desconhecido,2018-2022,desconhecido,True,false_pure,v1,False,False,False
26662,val_calib,1,-0.12951426208019257,0.34386664628982544,0.473380908370018,0.616183659254619,0.4568927810963941,0,0,fakes,agency_claim,desconhecido,<=2017,desconhecido,False,none,v1,False,False,False
1126366676384028751,val_calib,0,-0.13005372881889343,0.1403762400150299,0.27042996883392334,0.5671984586407087,0.40450350159565385,0,0,EXT_LIARBR,external_claim,ext_liarbr,sem_data,pt-BR,False,true_rating,checker,False,False,False
1041502596661684101,val_calib,1,-0.5426169633865356,0.6995214819908142,1.2421384453773499,0.7759360222808229,0.6541398676934461,1,1,FC_ESTADAO,agency_claim,estadao,sem_data,pt-BR,False,hard,checker,False,False,False
16135,val_calib,0,-0.30706217885017395,0.4489874839782715,0.7560496628284454,0.6804954590745455,0.5312165059524482,1,0,FakeWhatsApp.BR_2018,whatsapp,desconhecido,2018-2022,desconhecido,False,none,v1,False,False,False
1020628791461693213,val_calib,1,-0.40862521529197693,0.4744497835636139,0.8830749988555908,0.7074590309067919,0.5643640432839065,1,1,FC_EFARSAS,agency_claim,efarsas,<=2017,pt-BR,False,false_pure,checker,False,False,False
32900,val_calib,1,-0.2975235879421234,0.43248334527015686,0.7300069332122803,0.6748067940261809,0.5243766247183647,1,0,fakes,agency_claim,desconhecido,2018-2022,desconhecido,False,none,v1,False,False,False
30911,val_calib,1,-0.36956357955932617,0.46754780411720276,0.8371113836765289,0.6978564914657469,0.5524202739777876,1,1,fakes,agency_claim,desconhecido,sem_data,desconhecido,False,none,v1,False,False,False
61959562991984456,val_calib,1,-0.3994319438934326,0.6253352761268616,1.0247672200202942,0.7359001553625293,0.6006593151740689,1,1,FC_BOATOS,agency_claim,boatos,2018-2022,pt-BR,False,false_pure,checker,False,False,False
1127725883369323698,val_calib,0,-0.2914981245994568,0.23205778002738953,0.5235559046268463,0.6279788791011459,0.4700404903771448,0,0,EXT_AVERITECBR,external_claim,ext_averitecbr,2018-2022,pt-BR,False,other,checker,False,False,False
6569,val_calib,0,-0.4422887861728668,0.5820872783660889,1.0243760645389557,0.7358241268434691,0.6005604342661472,1,1,Fake.br,portal,desconhecido,sem_data,desconhecido,False,none,v1,False,False,False
473812932138629445,val_calib,0,-0.29013171792030334,0.349852055311203,0.6399837732315063,0.6547497925139174,0.5006785424164628,1,0,EXT_LIARBR,external_claim,ext_liarbr,sem_data,pt-BR,False,true_rating,checker,False,False,False
41752,val_calib,1,-0.34880539774894714,0.2874772548675537,0.6362826526165009,0.653912666433346,0.49970344887112983,0,0,fakes,agency_claim,desconhecido,2018-2022,desconhecido,True,false_pure,v1,False,False,False
8918,val_calib,1,-0.5794776082038879,0.6393934488296509,1.2188710570335388,0.7718648154158219,0.6485716694833178,1,1,Fake.br,portal,desconhecido,sem_data,desconhecido,False,none,v1,False,False,False
621412241675944423,val_calib,1,-0.4715999662876129,0.46095070242881775,0.9325506687164307,0.7175924742369755,0.5771371025032791,1,1,FC_TATU,agency_claim,tatu,>=2023,pt-BR,False,false_pure,checker,False,False,False
430047131161474652,val_calib,1,-0.42829835414886475,0.5839856863021851,1.0122840404510498,0.7334669016644219,0.5974996618897239,1,1,EXT_LIARBR,external_claim,ext_liarbr,sem_data,pt-BR,False,false_pure,checker,False,False,False
431762210899242673,val_calib,1,-0.3145500123500824,0.411983460187912,0.7265334725379944,0.6740441065125041,0.5234636044790502,1,0,FC_POLIGRAFO,agency_claim,poligrafo,2018-2022,pt-BR,True,false_pure,checker,False,False,False
688539051059880678,val_calib,1,-0.4614434838294983,0.6051965355873108,1.066640019416809,0.7439574154622436,0.6111954683671301,1,1,FC_BOATOS,agency_claim,boatos,>=2023,pt-BR,False,false_pure,checker,False,False,False
46894,val_calib,0,-0.27056050300598145,0.4224666655063629,0.6930271685123444,0.6666399967893363,0.5146491156170362,1,0,COVID19.BR_raw,covid,desconhecido,sem_data,desconhecido,False,none,v1,False,False,False
458858419451450985,val_calib,1,-0.25747355818748474,0.41952866315841675,0.6770022213459015,0.6630692961929607,0.5104298775840351,1,0,FC_BOATOS,agency_claim,boatos,2018-2022,pt-BR,False,false_pure,checker,False,False,False
46245,val_calib,0,-0.46653708815574646,0.34171178936958313,0.8082488775253296,0.6917362252387107,0.544888335544158,1,1,COVID19.BR_raw,covid,desconhecido,sem_data,desconhecido,False,none,v1,False,False,False
33705,val_calib,1,-0.30903899669647217,0.5286952257156372,0.8377342224121094,0.6979878025764982,0.5525825573063163,1,1,fakes,agency_claim,desconhecido,2018-2022,desconhecido,False,false_pure,v1,False,False,False
25218,val_calib,1,-0.1872752159833908,0.32848092913627625,0.515756145119667,0.6261548768345653,0.4679934659351144,0,0,fakes,agency_claim,desconhecido,2018-2022,desconhecido,False,none,v1,False,False,False
478919025810614242,val_calib,1,-0.45029202103614807,0.7209996581077576,1.1712916791439056,0.7633784134398268,0.6370598896663998,1,1,FC_G1,agency_claim,g1,>=2023,pt-BR,False,false_pure,checker,False,False,False
300532831850785271,val_calib,1,-0.14755254983901978,0.15213347971439362,0.2996860295534134,0.5743657623330329,0.41195144972441794,0,0,FC_POLIGRAFO,agency_claim,poligrafo,>=2023,pt-BR,True,false_pure,checker,False,False,False
29233253610909210,val_calib,1,-0.3191693425178528,0.3948395848274231,0.7140089273452759,0.6712863803021893,0.5201701931269097,1,0,FC_BOATOS_VIRAL,social,boatos,<=2017,pt-BR,False,false_pure,checker,False,False,False
910646430045742673,val_calib,1,-0.328706294298172,0.47074615955352783,0.7994524538516998,0.6898573435154948,0.5425885756586007,1,1,EXT_AVERITECBR,external_claim,ext_averitecbr,2018-2022,pt-BR,False,other,checker,False,False,False
37700,val_calib,1,-0.42625150084495544,0.46005362272262573,0.8863051235675812,0.7081270916806041,0.5652007630321232,1,1,fakes,agency_claim,desconhecido,2018-2022,desconhecido,True,none,v1,False,False,False
33183,val_calib,1,-0.4298018217086792,0.5659106373786926,0.9957124590873718,0.7302147622687996,0.5932926847389801,1,1,fakes,agency_claim,desconhecido,2018-2022,desconhecido,False,none,v1,False,False,False
163421255870089731,val_calib,1,-0.2561756670475006,0.2979915142059326,0.5541671812534332,0.6351018673970612,0.47808343127413183,0,0,FC_POLIGRAFO,agency_claim,poligrafo,>=2023,pt-BR,True,other,checker,False,False,False
647411211651717219,val_calib,1,-0.4622024595737457,0.4621267020702362,0.9243291616439819,0.7159233804250152,0.5750212232763907,1,1,FC_BOATOS,agency_claim,boatos,<=2017,pt-BR,False,false_pure,checker,False,False,False
739377284173994608,val_calib,1,-0.45395708084106445,0.6260079145431519,1.0799649953842163,0.7464873589819446,0.61452717221325,1,1,FC_BOATOS,agency_claim,boatos,>=2023,pt-BR,False,false_pure,checker,False,False,False
997450870913662313,val_calib,0,-0.0772177055478096,0.2062246948480606,0.2834424003958702,0.5703899714270907,0.4078109682640645,0,0,EXT_LIARBR,external_claim,ext_liarbr,sem_data,pt-BR,False,true_rating,checker,False,False,False
329802140737847075,val_calib,1,-0.6006280779838562,0.6834922432899475,1.2841203212738037,0.7831503299770681,0.664079818730816,1,1,FC_G1,agency_claim,g1,>=2023,pt-BR,False,false_pure,checker,False,False,False
32573,val_calib,1,-0.49611958861351013,0.6562268733978271,1.1523464620113373,0.7599392467978986,0.6324311406949377,1,1,fakes,agency_claim,desconhecido,2018-2022,desconhecido,False,none,v1,False,False,False
33401,val_calib,1,-0.2690901458263397,0.5283710956573486,0.7974612414836884,0.6894311543095136,0.5420677323081727,1,1,fakes,agency_claim,desconhecido,2018-2022,desconhecido,False,none,v1,False,False,False
368404082355815915,val_calib,0,-0.170437291264534,0.1981552392244339,0.3685925304889679,0.5911188404498477,0.4296479068446259,0,0,FC_POLIGRAFO,agency_claim,poligrafo,2018-2022,pt-BR,True,true_rating,checker,False,False,False
38915,val_calib,1,-0.38210180401802063,0.5083313584327698,0.8904331624507904,0.7089795540012123,0.5662695340698223,1,1,fakes,agency_claim,desconhecido,2018-2022,desconhecido,False,false_pure,v1,False,False,False
1139984488103750462,val_calib,1,-0.1783805638551712,0.25511685013771057,0.4334974139928818,0.6067085086203247,0.4464836053137436,0,0,FC_POLIGRAFO,agency_claim,poligrafo,>=2023,pt-BR,True,false_pure,checker,False,False,False
994631288763047302,val_calib,1,-0.4736268222332001,0.6121047139167786,1.0857315361499786,0.747577090176818,0.6159657056848813,1,1,EXT_LIARBR,external_claim,ext_liarbr,sem_data,pt-BR,False,false_pure,checker,False,False,False
12389,val_calib,1,-0.2939365804195404,0.5055756568908691,0.7995122373104095,0.6898701342917422,0.5426042118421507,1,1,FakeWhatsApp.BR_2018,whatsapp,desconhecido,2018-2022,desconhecido,False,none,v1,False,False,False
504172977599013708,val_calib,1,-0.46150895953178406,0.5824646353721619,1.043973594903946,0.7396159859074438,0.605504291864789,1,1,FC_G1,agency_claim,g1,>=2023,pt-BR,False,false_pure,checker,False,False,False
3233,val_calib,0,-0.5749320387840271,0.6731079816818237,1.2480400204658508,0.776960394943001,0.6555455745495937,1,1,Fake.br,portal,desconhecido,sem_data,desconhecido,False,none,v1,False,False,False
87840939366813215,val_calib,1,-0.3335908353328705,0.5025961995124817,0.8361870348453522,0.697661554280523,0.5521794103131624,1,1,FC_POLIGRAFO,agency_claim,poligrafo,2018-2022,pt-BR,True,other,checker,False,False,False
265240811082185774,val_calib,1,-0.39549902081489563,0.5306491255760193,0.9261481463909149,0.7162931749135484,0.5754895951693708,1,1,FC_BOATOS_VIRAL,social,boatos,>=2023,pt-BR,False,false_pure,checker,False,False,False
28419,val_calib,1,-0.3342079222202301,0.22689691185951233,0.5611048340797424,0.6367081390096135,0.4799079916358591,0,0,fakes,agency_claim,desconhecido,<=2017,desconhecido,False,none,v1,False,False,False
44538,val_calib,1,-0.47136959433555603,0.6743151545524597,1.1456847488880157,0.7587218362788162,0.630797662690387,1,1,fakes,agency_claim,desconhecido,2018-2022,desconhecido,False,false_pure,v1,False,False,False
426851390438932092,val_calib,1,-0.5528226494789124,0.6623839735984802,1.2152066230773926,0.7712189042378331,0.6476909784349388,1,1,FC_BOATOS,agency_claim,boatos,2018-2022,pt-BR,False,false_pure,checker,False,False,False
928809079103264691,val_calib,0,-0.15688879787921906,0.19160856306552887,0.3484973609447479,0.5862531454965281,0.4244663783225064,0,0,EXT_LIARBR,external_claim,ext_liarbr,sem_data,pt-BR,False,true_rating,checker,False,False,False
42890,val_calib,1,-0.2937457263469696,0.4299909770488739,0.7237367033958435,0.6734293332957351,0.5227283424440023,1,0,fakes,agency_claim,desconhecido,2018-2022,desconhecido,False,false_pure,v1,False,False,False
38553,val_calib,1,-0.3325005769729614,0.22001956403255463,0.552520141005516,0.6347200850940018,0.4776503538003741,0,0,fakes,agency_claim,desconhecido,2018-2022,desconhecido,True,none,v1,False,False,False
36279,val_calib,1,-0.42053020000457764,0.3316219449043274,0.752152144908905,0.6796474598331688,0.5301935420577406,1,0,fakes,agency_claim,desconhecido,2018-2022,desconhecido,True,none,v1,False,False,False
34450,val_calib,1,-0.17700478434562683,0.31609097123146057,0.4930957555770874,0.620835441602184,0.46205266604175876,0,0,fakes,agency_claim,desconhecido,2018-2022,desconhecido,False,none,v1,False,False,False
889865475544343423,val_calib,0,-0.19677186012268066,0.4166807234287262,0.6134525835514069,0.6487279802092722,0.4936889940080763,0,0,EXT_LIARBR,external_claim,ext_liarbr,sem_data,pt-BR,False,true_rating,checker,False,False,False
44376,val_calib,1,-0.5027304291725159,0.7277781367301941,1.23050856590271,0.7739075728015731,0.6513618478556201,1,1,fakes,agency_claim,desconhecido,2018-2022,desconhecido,False,none,v1,False,False,False
31819,val_calib,1,-0.1583971530199051,0.3494643568992615,0.5078615099191666,0.6243050288292747,0.46592263843478543,0,0,fakes,agency_claim,desconhecido,sem_data,desconhecido,False,none,v1,False,False,False
736594273322690442,val_calib,0,-0.43934687972068787,0.5412766337394714,0.9806235134601593,0.7272319175197095,0.5894501421942443,1,1,NEWS_BRASILDEFATO,press_true,brasildefato,<=2017,pt-BR,False,none,llm_local,False,False,False
28502,val_calib,1,-0.28368452191352844,0.3253786563873291,0.6090631783008575,0.6477270707798314,0.49253278519540367,0,0,fakes,agency_claim,desconhecido,2018-2022,desconhecido,False,none,v1,False,False,False
972481101199393975,val_calib,0,-0.2527201771736145,0.35812312364578247,0.610843300819397,0.6481331463902001,0.4930016765442263,0,0,NEWS_PODER360,press_true,poder360,<=2017,pt-BR,False,none,llm_local,False,False,False
698275448198959491,val_calib,1,-0.28456369042396545,0.4455321133136749,0.7300958037376404,0.6748262957010005,0.5243999827641606,1,0,EXT_AVERITECBR,external_claim,ext_averitecbr,2018-2022,pt-BR,False,other,checker,False,False,False
29848,val_calib,1,-0.26038143038749695,0.30553001165390015,0.5659114420413971,0.6378192275116463,0.48117241750586837,0,0,fakes,agency_claim,desconhecido,sem_data,desconhecido,False,none,v1,False,False,False
850255445464747171,val_calib,1,-0.5656505227088928,0.6967238187789917,1.2623743414878845,0.779434566647441,0.6589485399006427,1,1,FC_BOATOS,agency_claim,boatos,2018-2022,pt-BR,False,false_pure,checker,False,False,False
326936571705125877,val_calib,1,-0.4653266668319702,0.6598002314567566,1.1251268982887268,0.7549384646200628,0.6257380086460788,1,1,FC_BOATOS,agency_claim,boatos.org,>=2023,pt-BR,False,false_pure,checker_match,False,False,False
228854953364344930,val_calib,1,-0.4945049583911896,0.5945016145706177,1.0890065729618073,0.7481946066632005,0.6167818026177582,1,1,FC_LUPA,agency_claim,lupa,2018-2022,pt-BR,False,false_pure,checker_match,False,False,False
911044394605975861,val_calib,1,-0.4269244968891144,0.7242740988731384,1.1511985957622528,0.7597297772577196,0.6321498949218166,1,1,FC_EFARSAS,agency_claim,efarsas,<=2017,pt-BR,False,false_pure,checker,False,False,False
946462462940410793,val_calib,1,-0.40586602687835693,0.5614234209060669,0.9672894477844238,0.7245788976956052,0.5860453713957736,1,1,EXT_AVERITECBR,external_claim,ext_averitecbr,2018-2022,pt-BR,False,other,checker,False,False,False
538252451722513180,val_calib,1,-0.39536288380622864,0.3914512097835541,0.7868140935897827,0.687146845672118,0.5392812145955924,1,0,FC_LUPA,agency_claim,lupa,2018-2022,pt-BR,False,false_pure,checker_match,False,False,False
57033390180070756,val_calib,0,-0.007503638043999672,0.19052746891975403,0.1980311069637537,0.5493466159927681,0.3862668722949778,0,0,EXT_LIARBR,external_claim,ext_liarbr,sem_data,pt-BR,False,true_rating,checker,False,False,False
360992593171513621,val_calib,1,-0.3159666955471039,0.6126197576522827,0.9285864531993866,0.7167884195162844,0.5761172240629958,1,1,FC_BOATOS_VIRAL,social,boatos,>=2023,pt-BR,False,false_pure,checker,False,False,False
1036904657257328343,val_calib,1,-0.3936307430267334,0.4966958165168762,0.8903265595436096,0.7089575583949826,0.5662419417228661,1,1,EXT_LIARBR,external_claim,ext_liarbr,sem_data,pt-BR,False,false_pure,checker,False,False,False
815629946346503268,val_calib,0,-0.2642045319080353,0.24553057551383972,0.509735107421875,0.6247443754118319,0.46641399481276646,0,0,FC_POLIGRAFO,agency_claim,poligrafo,2018-2022,pt-BR,True,true_rating,checker,False,False,False
210581593506700947,val_calib,1,-0.24670100212097168,0.2158927321434021,0.4625937342643738,0.6136293013465308,0.45407333788455717,0,0,FC_POLIGRAFO,agency_claim,poligrafo,2018-2022,pt-BR,True,other,checker,False,False,False
26163,val_calib,1,-0.41284915804862976,0.5050199031829834,0.9178690612316132,0.7146077133465956,0.5733567232412017,1,1,fakes,agency_claim,desconhecido,2018-2022,desconhecido,False,false_pure,v1,False,False,False
39601,val_calib,1,-0.2862999737262726,0.46902891993522644,0.755328893661499,0.6803387280577126,0.5310273484438904,1,0,fakes,agency_claim,desconhecido,2018-2022,desconhecido,False,hard,v1,False,False,False
1076252688514933210,val_calib,1,-0.26459142565727234,0.3406873643398285,0.6052787899971008,0.6468630795087569,0.4915360069469154,0,0,EXT_AVERITECBR,external_claim,ext_averitecbr,2018-2022,pt-BR,False,other,checker,False,False,False
43807,val_calib,1,-0.3763047754764557,0.3807661533355713,0.757070928812027,0.6807174632013171,0.5314845099933476,1,0,fakes,agency_claim,desconhecido,2018-2022,desconhecido,False,false_pure,v1,False,False,False
1144030256034315453,val_calib,1,-0.37799736857414246,0.4870761036872864,0.8650734722614288,0.7037195570737514,0.5596944054782564,1,1,FC_UOL,agency_claim,uol,sem_data,pt-BR,False,hard,checker,False,False,False
25190,val_calib,1,0.005320850759744644,0.11608228087425232,0.11076143011450768,0.5276620832219602,0.3647052319409242,0,0,fakes,agency_claim,desconhecido,2018-2022,desconhecido,False,none,v1,False,False,False
987220652995652062,val_calib,0,-0.2914389669895172,0.3407217264175415,0.6321606934070587,0.6529792313016295,0.4986174845953881,0,0,NEWS_BRASILDEFATO,press_true,brasildefato,<=2017,pt-BR,False,none,llm_local,False,False,False
465609109568714802,val_calib,1,-0.41443076729774475,0.6516373753547668,1.0660681426525116,0.7438484664460312,0.6110522442275538,1,1,FC_BOATOS,agency_claim,boatos,<=2017,pt-BR,False,false_pure,checker,False,False,False
39681,val_calib,1,-0.5288460850715637,0.3639102280139923,0.892756313085556,0.7094586511578689,0.5668707397283657,1,1,fakes,agency_claim,desconhecido,2018-2022,desconhecido,False,none,v1,False,False,False
166967250973561169,val_calib,1,-0.5028219819068909,0.6997407078742981,1.202562689781189,0.7689803580132146,0.6446445140296246,1,1,FC_LUPA,agency_claim,lupa,2018-2022,pt-BR,False,false_pure,checker_match,False,False,False
2276,val_calib,1,-0.4218875467777252,0.6121470928192139,1.034034639596939,0.7376973468491759,0.6029996266061051,1,1,Fake.br,portal,desconhecido,sem_data,desconhecido,False,none,v1,False,False,False
1636,val_calib,0,-0.38449594378471375,0.4551398456096649,0.8396357893943787,0.6983885034952626,0.5530779493657483,1,1,COVID19.BR,covid,desconhecido,sem_data,desconhecido,False,none,v1,False,False,False
684313853813736715,val_calib,1,-0.4155678451061249,0.5063818693161011,0.921949714422226,0.7154392068347996,0.5744083341627793,1,1,EXT_AVERITECBR,external_claim,ext_averitecbr,2018-2022,pt-BR,False,other,checker,False,False,False
47823,val_calib,0,-0.3812314569950104,0.5790023803710938,0.9602338373661041,0.7231686208180472,0.5842404106793676,1,1,true,press_true,desconhecido,2018-2022,desconhecido,False,none,v1,False,False,False
37264,val_calib,1,-0.36022651195526123,0.33421048521995544,0.6944369971752167,0.6669532309388835,0.51502022086458,1,0,fakes,agency_claim,desconhecido,2018-2022,desconhecido,True,none,v1,False,False,False
433412019506105069,val_calib,1,-0.25618866086006165,0.44860026240348816,0.7047889232635498,0.6692486815802426,0.5177445956142829,1,0,FC_LUPA,agency_claim,lupa,2018-2022,pt-BR,False,false_pure,checker_match,False,False,False
5317,val_calib,0,-0.48616495728492737,0.622244119644165,1.1084090769290924,0.7518323952462391,0.6216030321218957,1,1,Fake.br,portal,desconhecido,sem_data,desconhecido,False,none,v1,False,False,False
1021097274972834125,val_calib,1,-0.42839452624320984,0.7421489357948303,1.1705434620380402,0.7632432349961932,0.636877557617494,1,1,FC_ESTADAO,agency_claim,estadao,sem_data,pt-BR,False,hard,checker,False,False,False
577395668406250919,val_calib,1,-0.28631630539894104,0.408900648355484,0.695216953754425,0.6671264574908423,0.5152255195589365,1,0,FC_BOATOS_VIRAL,social,boatos,>=2023,pt-BR,False,false_pure,checker,False,False,False
232227726997038378,val_calib,1,-0.47424277663230896,0.6061153411865234,1.0803581178188324,0.7465617478276151,0.614625305266837,1,1,FC_BOATOS,agency_claim,boatos,2018-2022,pt-BR,False,false_pure,checker,False,False,False
646469742323544546,val_calib,1,-0.4618690609931946,0.6123160719871521,1.0741851329803467,0.7453919973341654,0.6130833047947762,1,1,FC_BOATOS,agency_claim,boatos,2018-2022,pt-BR,False,false_pure,checker,False,False,False
237304481856657152,val_calib,1,-0.24187973141670227,0.3348805010318756,0.5767602324485779,0.6403215956615399,0.48402716103175886,0,0,FC_COMPROVA,agency_claim,comprova,2018-2022,pt-BR,False,other,checker_match,False,False,False
322119658251315202,val_calib,1,-0.028336651623249054,0.11618342250585556,0.14452007412910461,0.5360672651427768,0.3729870349615642,0,0,FC_POLIGRAFO,agency_claim,poligrafo,>=2023,pt-BR,True,hard,checker,False,False,False
145610497374485145,val_calib,1,-0.39008629322052,0.5275014042854309,0.9175876975059509,0.7145503275706101,0.5732841894128021,1,1,FC_OBSERVADOR,agency_claim,observador,>=2023,pt-PT,True,false_pure,checker,False,False,False
8864,val_calib,1,-0.4772188365459442,0.7187104225158691,1.1959292590618134,0.7677998298748391,0.6430415184114099,1,1,Fake.br,portal,desconhecido,sem_data,desconhecido,False,none,v1,False,False,False
42213,val_calib,1,-0.47238418459892273,0.6390724778175354,1.1114566624164581,0.7524005785922016,0.6223581590396905,1,1,fakes,agency_claim,desconhecido,2018-2022,desconhecido,False,none,v1,False,False,False
834958212532007507,val_calib,1,-0.6087499260902405,0.676497757434845,1.2852476835250854,0.7833417241596781,0.6643447958658542,1,1,FC_BOATOS,agency_claim,boatos,2018-2022,pt-BR,False,false_pure,checker,False,False,False
31435,val_calib,1,-0.37662941217422485,0.5573573708534241,0.9339867830276489,0.7178834168843161,0.5775064116308525,1,1,fakes,agency_claim,desconhecido,sem_data,desconhecido,False,false_pure,v1,False,False,False
35077,val_calib,1,-0.4126805365085602,0.5142049789428711,0.9268855154514313,0.7164429971338493,0.5756794223794225,1,1,fakes,agency_claim,desconhecido,2018-2022,desconhecido,False,false_pure,v1,False,False,False
1143800734134691198,val_calib,1,-0.3686758875846863,0.4125705063343048,0.7812463939189911,0.685948678175603,0.5378230749748257,1,0,FC_BOATOS,agency_claim,boatos,2018-2022,pt-BR,False,false_pure,checker_match,False,False,False
26627,val_calib,1,-0.4559593200683594,0.5550031065940857,1.010962426662445,0.7332084554412631,0.597164665120697,1,1,fakes,agency_claim,desconhecido,2018-2022,desconhecido,False,none,v1,False,False,False
8644,val_calib,1,-0.35708388686180115,0.36558589339256287,0.722669780254364,0.6731946497378464,0.5224478254887288,1,0,Fake.br,portal,desconhecido,sem_data,desconhecido,False,none,v1,False,False,False
630525966236976311,val_calib,0,-0.180069237947464,0.2337324023246765,0.4138016402721405,0.6019990895942088,0.4413598949787155,0,0,FC_POLIGRAFO,agency_claim,poligrafo,2018-2022,pt-BR,True,true_rating,checker,False,False,False
440672976215101510,val_calib,1,-0.1993311494588852,0.18097200989723206,0.38030315935611725,0.5939462192032458,0.4326746871811061,0,0,FC_POLIGRAFO,agency_claim,poligrafo,2018-2022,pt-BR,True,false_pure,checker,False,False,False
28101,val_calib,1,-0.03813771530985832,0.3303932547569275,0.3685309700667858,0.591103961375059,0.42963200935380713,0,0,fakes,agency_claim,desconhecido,2018-2022,desconhecido,False,none,v1,False,False,False
801316219045022969,val_calib,0,-0.3956895172595978,0.6490112543106079,1.0447007715702057,0.7397560042255165,0.6056873282987463,1,1,FC_G1,agency_claim,g1,>=2023,pt-BR,False,other,checker,False,False,False
603100585205644685,val_calib,0,-0.1586276739835739,0.15527905523777008,0.313906729221344,0.5778385618641411,0.41558656945327144,0,0,FC_POLIGRAFO,agency_claim,poligrafo,>=2023,pt-BR,True,true_rating,checker,False,False,False
593380691471645169,val_calib,1,-0.5237953066825867,0.7137762904167175,1.2375715970993042,0.7751410327523095,0.6530502293062701,1,1,FC_BOATOS,agency_claim,boatos,2018-2022,pt-BR,False,false_pure,checker,False,False,False
11805,val_calib,1,-0.33258751034736633,0.48798248171806335,0.8205699920654297,0.6943573202055591,0.5481063615925326,1,1,FakeWhatsApp.BR_2018,whatsapp,desconhecido,2018-2022,desconhecido,False,none,v1,False,False,False
2688,val_calib,1,-0.4910028874874115,0.6645171046257019,1.1555199921131134,0.7605177212502989,0.6332082374638686,1,1,Fake.br,portal,desconhecido,sem_data,desconhecido,False,none,v1,False,False,False
31716,val_calib,1,-0.45387595891952515,0.6955555081367493,1.1494314670562744,0.7594070567642734,0.6317167441042295,1,1,fakes,agency_claim,desconhecido,sem_data,desconhecido,False,none,v1,False,False,False
35351,val_calib,1,-0.18675287067890167,0.43099233508110046,0.6177452057600021,0.6497055572876229,0.4948197746768442,0,0,fakes,agency_claim,desconhecido,2018-2022,desconhecido,True,none,v1,False,False,False
596476278506704271,val_calib,0,-0.5519318580627441,0.6055189967155457,1.1574508547782898,0.7608692133474548,0.633680706007775,1,1,EXT_LIARBR,external_claim,ext_liarbr,sem_data,pt-BR,False,true_rating,checker,False,False,False
6951,val_calib,0,-0.2545563876628876,0.30417823791503906,0.5587346255779266,0.6361597065340036,0.4792845785288387,0,0,Fake.br,portal,desconhecido,sem_data,desconhecido,False,none,v1,False,False,False
1145558619403677307,val_calib,0,-0.23311036825180054,0.38012921810150146,0.613239586353302,0.6486794408728679,0.4936328869726128,0,0,FC_POLIGRAFO,agency_claim,poligrafo,2018-2022,pt-BR,True,true_rating,checker,False,False,False
12521,val_calib,0,-0.33609500527381897,0.504553496837616,0.8406485021114349,0.6986017804612884,0.5533417361199445,1,1,FakeWhatsApp.BR_2018,whatsapp,desconhecido,2018-2022,desconhecido,False,none,v1,False,False,False
483346441467209405,val_calib,1,-0.4778496026992798,0.537870466709137,1.0157200694084167,0.7341380828993271,0.5983701847697981,1,1,FC_EFARSAS,agency_claim,efarsas,>=2023,pt-BR,False,false_pure,checker,False,False,False
48064,val_calib,0,-0.42419007420539856,0.5047534704208374,0.928943544626236,0.7168609044569967,0.5762091201128066,1,1,true,press_true,desconhecido,2018-2022,desconhecido,False,none,v1,False,False,False
989699797705461360,val_calib,1,-0.484118789434433,0.32850679755210876,0.8126255869865417,0.6926687185841901,0.5460318871132059,1,1,FC_ESTADAO,agency_claim,estadao,sem_data,pt-BR,False,false_pure,checker,False,False,False
6473,val_calib,0,-0.41715899109840393,0.29182788729667664,0.7089868783950806,0.6701772583345602,0.518849103716138,1,0,Fake.br,portal,desconhecido,sem_data,desconhecido,False,none,v1,False,False,False
317879295815991412,val_calib,1,-0.39902952313423157,0.5480603575706482,0.9470898807048798,0.7205295531048546,0.5808719356845541,1,1,FC_BOATOS,agency_claim,boatos,<=2017,pt-BR,False,false_pure,checker,False,False,False
25322,val_calib,1,-0.1884993314743042,0.30178481340408325,0.49028414487838745,0.6201733673303075,0.46131627157438115,0,0,fakes,agency_claim,desconhecido,2018-2022,desconhecido,False,none,v1,False,False,False
49307,val_calib,0,-0.19947382807731628,0.182890847325325,0.3823646754026413,0.5944433070488193,0.43320804290514936,0,0,true,press_true,desconhecido,2018-2022,desconhecido,True,none,v1,False,False,False
598745142332789673,val_calib,1,-0.18144971132278442,0.12065539509057999,0.3021051064133644,0.574957046749701,0.4125691522551842,0,0,FC_POLIGRAFO,agency_claim,poligrafo,2018-2022,pt-BR,True,hard,checker,False,False,False
568940182430799469,val_calib,1,-0.33124521374702454,0.37327465415000916,0.7045198678970337,0.6691891221490418,0.5176737994458186,1,0,EXT_LIARBR,external_claim,ext_liarbr,sem_data,pt-BR,False,false_pure,checker,False,False,False
331703668425779140,val_calib,1,-0.26571688055992126,0.3542974889278412,0.6200143694877625,0.6502218166824228,0.4954175495152633,0,0,EXT_LIARBR,external_claim,ext_liarbr,sem_data,pt-BR,False,false_pure,checker,False,False,False
104354723257431146,val_calib,0,-0.15951105952262878,0.2059578001499176,0.3654688596725464,0.5903636431354703,0.42884142744583964,0,0,EXT_LIARBR,external_claim,ext_liarbr,sem_data,pt-BR,False,true_rating,checker,False,False,False
120237168608679044,val_calib,1,-0.4346359074115753,0.6903917789459229,1.1250276863574982,0.7549201093156426,0.6257135230259324,1,1,FC_BOATOS,agency_claim,boatos,2018-2022,pt-BR,False,false_pure,checker,False,False,False
208524166538773287,val_calib,1,-0.4546739459037781,0.4964459538459778,0.9511198997497559,0.7213403431286878,0.5819055480104863,1,1,EXT_AVERITECBR,external_claim,ext_averitecbr,2018-2022,pt-BR,False,other,checker,False,False,False
919707900133894214,val_calib,1,-0.19777853786945343,0.3033946752548218,0.5011732131242752,0.6227350010039158,0.4641691590825326,0,0,FC_POLIGRAFO,agency_claim,poligrafo,2018-2022,pt-BR,True,false_pure,checker,False,False,False
155848483099087457,val_calib,1,-0.10463009774684906,0.19861440360546112,0.3032445013523102,0.5752354699178699,0.412860188156916,0,0,FC_POLIGRAFO,agency_claim,poligrafo,2018-2022,pt-BR,True,false_pure,checker,False,False,False
15242,val_calib,1,-0.32477110624313354,0.5160743594169617,0.8408454656600952,0.6986432509584043,0.5533930367959077,1,1,FakeWhatsApp.BR_2018,whatsapp,desconhecido,2018-2022,desconhecido,False,none,v1,False,False,False
270897613043934439,val_calib,0,-0.13712243735790253,0.26009607315063477,0.3972185105085373,0.5980191943109501,0.4370555324796457,0,0,EXT_LIARBR,external_claim,ext_liarbr,sem_data,pt-BR,False,true_rating,checker,False,False,False
172025653513450869,val_calib,0,-0.12337709963321686,0.11358143389225006,0.23695853352546692,0.5589639920934792,0.3960362252024156,0,0,EXT_LIARBR,external_claim,ext_liarbr,sem_data,pt-BR,False,true_rating,checker,False,False,False
37837,val_calib,1,-0.24252331256866455,0.2813122570514679,0.5238355696201324,0.6280442124914402,0.47011390678558457,0,0,fakes,agency_claim,desconhecido,2018-2022,desconhecido,True,none,v1,False,False,False
15862,val_calib,0,-0.3041301369667053,0.416718065738678,0.7208482027053833,0.6727937697333841,0.5219688610886174,1,0,FakeWhatsApp.BR_2018,whatsapp,desconhecido,2018-2022,desconhecido,False,none,v1,False,False,False
2350,val_calib,1,-0.5526403784751892,0.5658771395683289,1.118517518043518,0.7537136277384834,0.6241054041283982,1,1,Fake.br,portal,desconhecido,sem_data,desconhecido,False,none,v1,False,False,False
12948,val_calib,1,-0.46350595355033875,0.5539050698280334,1.0174110233783722,0.734467991514874,0.5987983630905114,1,1,FakeWhatsApp.BR_2018,whatsapp,desconhecido,2018-2022,desconhecido,False,none,v1,False,False,False
1624,val_calib,0,-0.47066667675971985,0.31237682700157166,0.7830435037612915,0.6863356876980493,0.538293796773512,1,0,COVID19.BR,covid,desconhecido,sem_data,desconhecido,False,none,v1,False,False,False
336217269943398705,val_calib,0,-0.1999872624874115,0.20171073079109192,0.4016979932785034,0.599095552794829,0.43821733293246906,0,0,FC_POLIGRAFO,agency_claim,poligrafo,>=2023,pt-BR,True,true_rating,checker,False,False,False
791085209268719619,val_calib,1,-0.3072679340839386,0.5488354563713074,0.856103390455246,0.7018458985640675,0.5573635426782714,1,1,FC_BOATOS_VIRAL,social,boatos,>=2023,pt-BR,False,false_pure,checker,False,False,False
935331605821300784,val_calib,1,-0.46590691804885864,0.6810159683227539,1.1469228863716125,0.7589484208436255,0.631101486951702,1,1,FC_EFARSAS,agency_claim,efarsas,<=2017,pt-BR,False,false_pure,checker,False,False,False
30926,val_calib,1,-0.46358028054237366,0.5168182253837585,0.9803985059261322,0.7271872814706902,0.5893927579735532,1,1,fakes,agency_claim,desconhecido,sem_data,desconhecido,False,none,v1,False,False,False
1330,val_calib,1,-0.42652425169944763,0.6050949692726135,1.0316192209720612,0.7372296951450548,0.6023901076049636,1,1,COVID19.BR,covid,desconhecido,sem_data,desconhecido,False,none,v1,False,False,False
748126976453560618,val_calib,1,-0.4785272777080536,0.7358459234237671,1.2143732011318207,0.7710718217767681,0.6474905376521018,1,1,FC_UOL,agency_claim,uol,sem_data,pt-BR,False,hard,checker,False,False,False
375700550262938711,val_calib,1,-0.23143845796585083,0.37366020679473877,0.6050986647605896,0.6468219321899784,0.4914885649849121,0,0,FC_APUBLICA,agency_claim,apublica,2018-2022,pt-BR,False,hard,checker,False,False,False
14886,val_calib,1,-0.44023582339286804,0.5580068230628967,0.9982426464557648,0.7307129216866824,0.5939359181862965,1,1,FakeWhatsApp.BR_2018,whatsapp,desconhecido,2018-2022,desconhecido,False,none,v1,False,False,False
8352,val_calib,1,-0.46450498700141907,0.49821266531944275,0.9627176523208618,0.7236655943245472,0.5848760786666626,1,1,Fake.br,portal,desconhecido,sem_data,desconhecido,False,none,v1,False,False,False
662470406957546290,val_calib,1,-0.5043511986732483,0.6117743849754333,1.1161255836486816,0.7532693449952284,0.6235138667700416,1,1,FC_BOATOS,agency_claim,boatos,<=2017,pt-BR,False,false_pure,checker,False,False,False
649387882964214323,val_calib,0,-0.15480856597423553,0.08464257419109344,0.23945114016532898,0.5595783869592162,0.39666470475857224,0,0,FC_POLIGRAFO,agency_claim,poligrafo,2018-2022,pt-BR,True,true_rating,checker,False,False,False
31970,val_calib,1,-0.49395570158958435,0.7118028998374939,1.2057586014270782,0.769547622208906,0.6454156649593416,1,1,fakes,agency_claim,desconhecido,2018-2022,desconhecido,False,false_pure,v1,False,False,False
2782,val_calib,1,-0.4923368990421295,0.6512598395347595,1.143596738576889,0.7583393923608011,0.6302850548686115,1,1,Fake.br,portal,desconhecido,sem_data,desconhecido,False,none,v1,False,False,False
25717,val_calib,1,-0.32840654253959656,0.5313005447387695,0.8597070872783661,0.7025994528499451,0.5583002676523035,1,1,fakes,agency_claim,desconhecido,<=2017,desconhecido,False,none,v1,False,False,False
998232541516102346,val_calib,0,-0.4146479368209839,0.3997374475002289,0.8143853843212128,0.6930432149946192,0.5464915527595485,1,1,EXT_LIARBR,external_claim,ext_liarbr,sem_data,pt-BR,False,true_rating,checker,False,False,False
16299,val_calib,1,-0.4633267819881439,0.6628391742706299,1.1261659562587738,0.7551306460475875,0.6259944106641564,1,1,FakeWhatsApp.BR_2018,whatsapp,desconhecido,2018-2022,desconhecido,False,none,v1,False,False,False
14787,val_calib,1,-0.4647124707698822,0.5833578109741211,1.0480702817440033,0.7404041681733846,0.6065350744343243,1,1,FakeWhatsApp.BR_2018,whatsapp,desconhecido,2018-2022,desconhecido,False,none,v1,False,False,False
13394,val_calib,0,-0.4798303544521332,0.3851180970668793,0.8649484515190125,0.7036934897923556,0.5596619368535294,1,1,FakeWhatsApp.BR_2018,whatsapp,desconhecido,2018-2022,desconhecido,False,none,v1,False,False,False
24848,val_calib,1,-0.4175157845020294,0.38280266523361206,0.8003184497356415,0.6900425964925475,0.5428150660626163,1,1,fakes,agency_claim,desconhecido,2018-2022,desconhecido,False,false_pure,v1,False,False,False
391431789587067470,val_calib,1,-0.4008694887161255,0.4371725916862488,0.8380420804023743,0.6980526953405131,0.5526627669036281,1,1,FC_BOATOS,agency_claim,boatos,2018-2022,pt-BR,False,false_pure,checker,False,False,False
76993826783491802,val_calib,1,-0.4975642263889313,0.48323801159858704,0.9808022379875183,0.7272673688879193,0.5894957210121561,1,1,FC_BOATOS,agency_claim,boatos,<=2017,pt-BR,False,false_pure,checker,False,False,False
981061977856143363,val_calib,1,-0.43766042590141296,0.5011013150215149,0.9387617409229279,0.7188494670077287,0.5787337080037939,1,1,FC_AFP,agency_claim,afp,>=2023,pt-BR,False,false_pure,checker,False,False,False
8441,val_calib,0,-0.26639100909233093,0.4966398775577545,0.7630308866500854,0.6820114100812412,0.5330481748971797,1,0,Fake.br,portal,desconhecido,sem_data,desconhecido,False,none,v1,False,False,False
31187,val_calib,1,-0.32423633337020874,0.3756848871707916,0.6999212205410004,0.6681703055165352,0.5164636563395653,1,0,fakes,agency_claim,desconhecido,sem_data,desconhecido,True,false_pure,v1,False,False,False
418615818538997833,val_calib,1,-0.5200487971305847,0.6857489347457886,1.2057977318763733,0.7695545616892161,0.6454251021887626,1,1,FC_BOATOS,agency_claim,boatos,2018-2022,pt-BR,False,false_pure,checker,False,False,False
566405498204657708,val_calib,1,-0.5108123421669006,0.6880903244018555,1.198902666568756,0.7683295164640344,0.6437604530664792,1,1,FC_BEREIA,agency_claim,bereia,2018-2022,pt-BR,False,hard,checker,False,False,False
1090351668773419874,val_calib,1,-0.5279790759086609,0.6503562927246094,1.1783353686332703,0.7646483666192349,0.6387744195390966,1,1,EXT_LIARBR,external_claim,ext_liarbr,sem_data,pt-BR,False,false_pure,checker,False,False,False
28305,val_calib,1,-0.5640400648117065,0.5444773435592651,1.1085174083709717,0.7518526072234104,0.6216298844843995,1,1,fakes,agency_claim,desconhecido,2018-2022,desconhecido,False,false_pure,v1,False,False,False
1841,val_calib,0,-0.4226689338684082,0.5366502404212952,0.9593191742897034,0.722985471769846,0.5840062556538065,1,1,COVID19.BR,covid,desconhecido,sem_data,desconhecido,False,none,v1,False,False,False
30345,val_calib,1,-0.5900267958641052,0.5656924247741699,1.1557192206382751,0.7605540049612332,0.6332569991525675,1,1,fakes,agency_claim,desconhecido,sem_data,desconhecido,False,none,v1,False,False,False
837522980240025131,val_calib,1,-0.5622269511222839,0.5312329530715942,1.0934599041938782,0.7490326840551167,0.6178904594960615,1,1,FC_BOATOS,agency_claim,boatos,2018-2022,pt-BR,False,false_pure,checker,False,False,False
871429302282085147,val_calib,1,-0.5192937254905701,0.5923367142677307,1.1116304397583008,0.7524329508392966,0.6224011995236691,1,1,EXT_AVERITECBR,external_claim,ext_averitecbr,2018-2022,pt-BR,False,other,checker,False,False,False
16949951665501958,val_calib,0,-0.20209148526191711,0.16495072841644287,0.36704221367836,0.5907440801096073,0.42924759409673974,0,0,EXT_LIARBR,external_claim,ext_liarbr,sem_data,pt-BR,False,true_rating,checker,False,False,False
31814,val_calib,1,-0.5185856223106384,0.5454893112182617,1.0640749335289001,0.7434684999612173,0.6105529036329609,1,1,fakes,agency_claim,desconhecido,sem_data,desconhecido,False,none,v1,False,False,False
147930040468719664,val_calib,1,-0.3802124559879303,0.3462596535682678,0.7264721095561981,0.6740306243906928,0.523447473418693,1,0,FC_POLIGRAFO,agency_claim,poligrafo,>=2023,pt-BR,True,false_pure,checker,False,False,False
301340072816417787,val_calib,1,-0.4321468472480774,0.5831285119056702,1.0152753591537476,0.7340512756000057,0.5982575516056454,1,1,FC_BOATOS,agency_claim,boatos,>=2023,pt-BR,False,false_pure,checker,False,False,False
26228,val_calib,1,-0.31110522150993347,0.5970421433448792,0.9081473648548126,0.712620906747996,0.5708487215924695,1,1,fakes,agency_claim,desconhecido,2018-2022,desconhecido,False,none,v1,False,False,False
1131344538222657316,val_calib,0,-0.31913650035858154,0.5656541585922241,0.8847906589508057,0.7078139787843195,0.5648085075857581,1,1,NEWS_PODER360,press_true,poder360,<=2017,pt-BR,False,none,llm_local,False,False,False
12490,val_calib,1,-0.361467182636261,0.35713857412338257,0.7186057567596436,0.672299921346027,0.5213791784429447,1,0,FakeWhatsApp.BR_2018,whatsapp,desconhecido,2018-2022,desconhecido,False,none,v1,False,False,False
185821544826581924,val_calib,0,-0.17315226793289185,0.11712043732404709,0.29027270525693893,0.5720628943823658,0.40955044647547334,0,0,FC_POLIGRAFO,agency_claim,poligrafo,2018-2022,pt-BR,True,true_rating,checker,False,False,False
234881230303152977,val_calib,0,-0.3041670620441437,0.33757853507995605,0.6417455971240997,0.6551479485554199,0.5011427094236511,1,0,NEWS_BRASILDEFATO,press_true,brasildefato,<=2017,pt-BR,False,none,llm_local,False,False,False
485025338176626845,val_calib,1,-0.2719365656375885,0.2964222729206085,0.568358838558197,0.6383843995363981,0.4818163231063485,0,0,FC_G1,agency_claim,g1,>=2023,pt-BR,False,false_pure,checker,False,False,False
465878831495851375,val_calib,1,-0.2697210907936096,0.2766968309879303,0.5464179217815399,0.6333041228672697,0.476046116761961,0,0,EXT_AVERITECBR,external_claim,ext_averitecbr,2018-2022,pt-BR,False,other,checker,False,False,False
120942322815308361,val_calib,1,-0.17646975815296173,0.17656570672988892,0.35303546488285065,0.5873534771932798,0.4256351179006724,0,0,FC_POLIGRAFO,agency_claim,poligrafo,2018-2022,pt-BR,True,false_pure,checker,False,False,False
37748,val_calib,1,-0.45597270131111145,0.4321916401386261,0.8881643414497375,0.7085112118742063,0.565682199983374,1,1,fakes,agency_claim,desconhecido,2018-2022,desconhecido,True,none,v1,False,False,False
5574,val_calib,1,-0.32331252098083496,0.5273802876472473,0.8506928086280823,0.7007124546969273,0.5559563815185276,1,1,Fake.br,portal,desconhecido,sem_data,desconhecido,False,none,v1,False,False,False
13789,val_calib,1,-0.3972508907318115,0.49814000725746155,0.8953908979892731,0.71000141060537,0.5675523028691114,1,1,FakeWhatsApp.BR_2018,whatsapp,desconhecido,2018-2022,desconhecido,False,none,v1,False,False,False
11212,val_calib,0,-0.2906353771686554,0.4518762528896332,0.7425116300582886,0.6775448362426266,0.5276621676569277,1,0,FakeWhatsApp.BR_2018,whatsapp,desconhecido,2018-2022,desconhecido,False,none,v1,False,False,False
15012805206478823,val_calib,0,-0.2478727400302887,0.3562234342098236,0.6040961742401123,0.6465928862334424,0.4912245286437288,0,0,EXT_LIARBR,external_claim,ext_liarbr,sem_data,pt-BR,False,true_rating,checker,False,False,False
815283631104761327,val_calib,1,-0.21510344743728638,0.20357204973697662,0.418675497174263,0.603166264570753,0.4426266739858205,0,0,FC_POLIGRAFO,agency_claim,poligrafo,>=2023,pt-BR,True,false_pure,checker,False,False,False
593313324981292695,val_calib,1,-0.5857513546943665,0.7354522347450256,1.321203589439392,0.789381882743455,0.6727409936961387,1,1,FC_G1,agency_claim,g1,sem_data,pt-BR,False,false_pure,checker,False,False,False
4565,val_calib,0,-0.459845632314682,0.42640236020088196,0.886247992515564,0.7081152835164817,0.5651859672245574,1,1,Fake.br,portal,desconhecido,sem_data,desconhecido,False,none,v1,False,False,False
575,val_calib,0,-0.5075228214263916,0.7977514266967773,1.305274248123169,0.7867212921421114,0.6690345149252255,1,1,COVID19.BR,covid,desconhecido,sem_data,desconhecido,False,none,v1,False,False,False
469916257622134890,val_calib,1,-0.1757393479347229,0.19519959390163422,0.3709389418363571,0.591685840384726,0.4302539568533353,0,0,FC_POLIGRAFO,agency_claim,poligrafo,>=2023,pt-BR,True,false_pure,checker,False,False,False
668498904109741089,val_calib,1,-0.30325350165367126,0.49833738803863525,0.8015908896923065,0.6903146849678612,0.543147824701191,1,1,EXT_AVERITECBR,external_claim,ext_averitecbr,2018-2022,pt-BR,False,other,checker,False,False,False
465877043768329248,val_calib,1,-0.4303975999355316,0.39927443861961365,0.8296720385551453,0.6962855796355819,0.5504810666240474,1,1,EXT_LIARBR,external_claim,ext_liarbr,sem_data,pt-BR,False,false_pure,checker,False,False,False
690981145953846325,val_calib,1,-0.4366302490234375,0.5111375451087952,0.9477677941322327,0.7206660418952997,0.5810458556731168,1,1,FC_POLIGRAFO,agency_claim,poligrafo,2018-2022,pt-BR,True,false_pure,checker,False,False,False
4580,val_calib,1,-0.3625876307487488,0.5190840363502502,0.881671667098999,0.7071685117809808,0.5640004147915041,1,1,Fake.br,portal,desconhecido,sem_data,desconhecido,False,none,v1,False,False,False
356588795529929660,val_calib,1,-0.47548365592956543,0.6528899073600769,1.1283735632896423,0.755538621079988,0.6265389334708109,1,1,FC_BOATOS,agency_claim,boatos,2018-2022,pt-BR,False,false_pure,checker,False,False,False
516487507587984965,val_calib,1,-0.660131573677063,0.8056902289390564,1.4658218026161194,0.8124214897782684,0.7053721347387931,1,1,FC_BOATOS,agency_claim,boatos,>=2023,pt-BR,False,false_pure,checker,False,False,False
7138,val_calib,1,-0.5370136499404907,0.6445550322532654,1.181568682193756,0.7652297397611613,0.639560272586926,1,1,Fake.br,portal,desconhecido,sem_data,desconhecido,False,none,v1,False,False,False
344397571396591670,val_calib,1,-0.40010276436805725,0.5547024011611938,0.9548051655292511,0.7220805081113059,0.5828501096025683,1,1,FC_LUPA,agency_claim,lupa,2018-2022,pt-BR,False,false_pure,checker_match,False,False,False
57996616384052989,val_calib,1,-0.40248098969459534,0.4727998971939087,0.875280886888504,0.7058433513362784,0.5623435837992218,1,1,FC_LUPA,agency_claim,lupa,>=2023,pt-BR,False,false_pure,checker_match,False,False,False
997005762903599984,val_calib,1,-0.5873230695724487,0.7300614714622498,1.3173845410346985,0.7887462331887686,0.6718543087243191,1,1,FC_G1,agency_claim,g1,>=2023,pt-BR,False,false_pure,checker,False,False,False
43206,val_calib,1,-0.5213277339935303,0.6024207472801208,1.1237484812736511,0.7546833590723621,0.6253977561063685,1,1,fakes,agency_claim,desconhecido,2018-2022,desconhecido,False,false_pure,v1,False,False,False
622741237516115052,val_calib,1,-0.2176763415336609,0.2629269063472748,0.48060324788093567,0.6178903128499676,0.4587820397656954,0,0,FC_AFP,agency_claim,afp,>=2023,pt-BR,False,hard,checker,False,False,False
6632,val_calib,1,-0.5318824052810669,0.5848565697669983,1.1167389750480652,0.7533833289209105,0.6236655967256792,1,1,Fake.br,portal,desconhecido,sem_data,desconhecido,False,none,v1,False,False,False
581115637346528541,val_calib,0,-0.3767881989479065,0.37533846497535706,0.7521266639232635,0.6796419119145588,0.5301868533344991,1,0,EXT_AVERITECBR,external_claim,ext_averitecbr,sem_data,pt-BR,False,other,checker,False,False,False
908119072520799719,val_calib,1,-0.528763473033905,0.7078149914741516,1.2365784645080566,0.7749678850131343,0.6528130574279921,1,1,FC_BOATOS,agency_claim,boatos,2018-2022,pt-BR,False,false_pure,checker,False,False,False
30387,val_calib,1,-0.4867539703845978,0.6744988560676575,1.1612528264522552,0.7615602854018088,0.6346102699263001,1,1,fakes,agency_claim,desconhecido,sem_data,desconhecido,False,false_pure,v1,False,False,False
321977376189005011,val_calib,1,-0.4131859540939331,0.5551720857620239,0.968358039855957,0.7247920993592281,0.5863185376455536,1,1,FC_BOATOS,agency_claim,boatos,2018-2022,pt-BR,False,false_pure,checker,False,False,False
1148408202613538136,val_calib,1,-0.41801437735557556,0.44317153096199036,0.8611859083175659,0.7029083650163717,0.5586845445566235,1,1,FC_BOATOS_VIRAL,social,boatos,>=2023,pt-BR,False,false_pure,checker,False,False,False
439639876982484322,val_calib,0,-0.3186040222644806,0.605451762676239,0.9240557849407196,0.7158677785838544,0.5749508196163279,1,1,NEWS_BRASILDEFATO,press_true,brasildefato,<=2017,pt-BR,False,none,llm_local,False,False,False
6861,val_calib,0,-0.32449090480804443,0.3172987401485443,0.6417896449565887,0.65515790017518,0.5011543141658008,1,0,Fake.br,portal,desconhecido,sem_data,desconhecido,False,none,v1,False,False,False
1128094719263110030,val_calib,1,-0.42814797163009644,0.5359752774238586,0.9641232490539551,0.7239465883204886,0.5852356796879998,1,1,FC_LUPA,agency_claim,lupa,>=2023,pt-BR,False,false_pure,checker_match,False,False,False
17006,val_calib,1,-0.42428186535835266,0.5200842618942261,0.9443661272525787,0.7199807505074649,0.5801729493369919,1,1,FakeWhatsApp.BR_2018,whatsapp,desconhecido,2018-2022,desconhecido,False,none,v1,False,False,False
141192541148460620,val_calib,0,-0.2646900713443756,0.3867761492729187,0.6514662206172943,0.6573407960328465,0.5037036306290777,1,0,FC_POLIGRAFO,agency_claim,poligrafo,>=2023,pt-BR,True,true_rating,checker,False,False,False
35711,val_calib,1,-0.192866250872612,0.09382070600986481,0.2866869568824768,0.5711848523531342,0.408636976411803,0,0,fakes,agency_claim,desconhecido,2018-2022,desconhecido,True,none,v1,False,False,False
1143200250718780417,val_calib,1,-0.24460670351982117,0.32578620314598083,0.570392906665802,0.6388538313676515,0.48235152880057924,0,0,EXT_LIARBR,external_claim,ext_liarbr,sem_data,pt-BR,False,false_pure,checker,False,False,False
611829483288200580,val_calib,1,-0.5463079810142517,0.37880462408065796,0.9251126050949097,0.7160826879200076,0.5752229693460257,1,1,FC_BOATOS,agency_claim,boatos,2018-2022,pt-BR,False,false_pure,checker,False,False,False
879976089533531642,val_calib,1,-0.4510745704174042,0.5747621655464172,1.0258367359638214,0.7361079645306328,0.6009296381491926,1,1,FC_G1,agency_claim,g1,2018-2022,pt-BR,False,false_pure,checker,False,False,False
12381,val_calib,1,-0.28948813676834106,0.32222360372543335,0.6117117404937744,0.648331174276723,0.493230431526631,0,0,FakeWhatsApp.BR_2018,whatsapp,desconhecido,2018-2022,desconhecido,False,none,v1,False,False,False
42862,val_calib,1,-0.33933570981025696,0.4540688097476959,0.7934045195579529,0.6885618790763757,0.5410063282877856,1,1,fakes,agency_claim,desconhecido,<=2017,desconhecido,False,true_rating,v1,False,False,False
11617,val_calib,0,-0.37362006306648254,0.6003717184066772,0.9739917814731598,0.7259144291069841,0.5877578202021426,1,1,FakeWhatsApp.BR_2018,whatsapp,desconhecido,2018-2022,desconhecido,False,none,v1,False,False,False
30982,val_calib,1,-0.3440329134464264,0.3358226716518402,0.6798555850982666,0.6637064647324449,0.5111812710620232,1,0,fakes,agency_claim,desconhecido,sem_data,desconhecido,False,none,v1,False,False,False
869532191713176449,val_calib,0,-0.43120890855789185,0.5194311141967773,0.9506400227546692,0.7212438735517386,0.5817825075214657,1,1,NEWS_BRASILDEFATO,press_true,brasildefato,<=2017,pt-BR,False,none,llm_local,False,False,False
11529,val_calib,1,-0.3617402911186218,0.5281310677528381,0.88987135887146,0.7088636248396821,0.5661241161626904,1,1,FakeWhatsApp.BR_2018,whatsapp,desconhecido,2018-2022,desconhecido,False,none,v1,False,False,False
47514,val_calib,0,-0.4341622292995453,0.5972061157226562,1.0313683450222015,0.7371810920439281,0.6023267820460441,1,1,true,press_true,desconhecido,2018-2022,desconhecido,False,none,v1,False,False,False
1143132519637475770,val_calib,1,-0.4492098093032837,0.6015042662620544,1.0507140755653381,0.7409119977132128,0.6071997865491455,1,1,FC_G1,agency_claim,g1,2018-2022,pt-BR,False,false_pure,checker,False,False,False
15554,val_calib,0,-0.4189568758010864,0.6277799010276794,1.0467367768287659,0.7401477785910267,0.606199649955356,1,1,FakeWhatsApp.BR_2018,whatsapp,desconhecido,2018-2022,desconhecido,False,none,v1,False,False,False
801815953416793908,val_calib,1,-0.399905264377594,0.5655912160873413,0.9654964804649353,0.7242209413542774,0.5855869128446809,1,1,FC_POLIGRAFO,agency_claim,poligrafo,2018-2022,pt-BR,True,false_pure,checker,False,False,False
28839,val_calib,1,-0.1493670791387558,0.24654968082904816,0.39591675996780396,0.5977062236959638,0.4367180388247204,0,0,fakes,agency_claim,desconhecido,2018-2022,desconhecido,False,none,v1,False,False,False
42275,val_calib,1,-0.5993072986602783,0.6885656714439392,1.2878729701042175,0.7837869497107819,0.6649614464953951,1,1,fakes,agency_claim,desconhecido,2018-2022,desconhecido,False,false_pure,v1,False,False,False
5124058800305000,val_calib,1,-0.5929006934165955,0.6917130351066589,1.2846137285232544,0.7832341115959536,0.6641958027299494,1,1,FC_ESTADAO,agency_claim,estadao,sem_data,pt-BR,False,false_pure,checker,False,False,False
27836,val_calib,1,-0.27439573407173157,0.5317425727844238,0.8061383068561554,0.6912859909862991,0.5443367132694944,1,1,fakes,agency_claim,desconhecido,<=2017,desconhecido,False,none,v1,False,False,False
7087,val_calib,0,-0.42678794264793396,0.41871464252471924,0.8455025851726532,0.699622856891104,0.5546056858650076,1,1,Fake.br,portal,desconhecido,sem_data,desconhecido,False,none,v1,False,False,False
354827345751634578,val_calib,0,-0.2366524040699005,0.3185795843601227,0.5552319884300232,0.6353485982653164,0.47836343229663714,0,0,FC_POLIGRAFO,agency_claim,poligrafo,>=2023,pt-BR,True,true_rating,checker,False,False,False
15510,val_calib,1,-0.48287805914878845,0.608268141746521,1.0911462008953094,0.7485974972553592,0.6173146154086738,1,1,FakeWhatsApp.BR_2018,whatsapp,desconhecido,2018-2022,desconhecido,False,none,v1,False,False,False
1273,val_calib,0,-0.15499283373355865,0.09659450501203537,0.251587338745594,0.5625671604137037,0.39972953639622294,0,0,COVID19.BR,covid,desconhecido,sem_data,desconhecido,False,none,v1,False,False,False
1081459070607463646,val_calib,1,-0.18692313134670258,0.2668244242668152,0.45374755561351776,0.6115298785467228,0.4517634005308845,0,0,FC_UOL,agency_claim,uol,sem_data,pt-BR,False,false_pure,checker,False,False,False
39288,val_calib,1,-0.4432889521121979,0.5795844793319702,1.022873431444168,0.7355319310456371,0.6001805047320934,1,1,fakes,agency_claim,desconhecido,2018-2022,desconhecido,False,false_pure,v1,False,False,False
45648,val_calib,0,-0.35693660378456116,0.4217507541179657,0.7786873579025269,0.6853971405840308,0.5371526636194657,1,0,COVID19.BR_raw,covid,desconhecido,sem_data,desconhecido,False,hard,v1,False,False,False
992807506658810165,val_calib,1,-0.41696831583976746,0.473969966173172,0.8909382820129395,0.7090837630784212,0.5664002700775632,1,1,EXT_AVERITECBR,external_claim,ext_averitecbr,2018-2022,pt-BR,False,other,checker,False,False,False
12355,val_calib,0,-0.2767752408981323,0.4990096390247345,0.7757848799228668,0.6847709488305782,0.5363921155137901,1,0,FakeWhatsApp.BR_2018,whatsapp,desconhecido,2018-2022,desconhecido,False,none,v1,False,False,False
42586,val_calib,1,-0.44551780819892883,0.408601850271225,0.8541196584701538,0.7014306201689828,0.55684772776278,1,1,fakes,agency_claim,desconhecido,2018-2022,desconhecido,False,false_pure,v1,False,False,False
587535660055756672,val_calib,1,-0.2836628258228302,0.3876250684261322,0.6712878942489624,0.6617914802608675,0.5089249510798899,1,0,FC_EFARSAS,agency_claim,efarsas,<=2017,pt-BR,False,false_pure,checker,False,False,False
853027055015815608,val_calib,1,-0.37164071202278137,0.39981788396835327,0.7714585959911346,0.6838363328465226,0.5352581684937332,1,0,FC_POLIGRAFO,agency_claim,poligrafo,2018-2022,pt-BR,True,other,checker,False,False,False
757764645876638902,val_calib,1,-0.19906961917877197,0.3753758370876312,0.5744454562664032,0.6397883069256844,0.4834179585315179,0,0,FC_BOATOS_VIRAL,social,boatos,>=2023,pt-BR,False,false_pure,checker,False,False,False
668062510742564478,val_calib,1,-0.43495380878448486,0.6507666707038879,1.0857204794883728,0.7475750037173164,0.6159629493982275,1,1,FC_ESTADAO,agency_claim,estadao,sem_data,pt-BR,False,hard,checker,False,False,False
936898060993488513,val_calib,1,-0.20177201926708221,0.1383664309978485,0.3401384502649307,0.5842241537679879,0.42231584964447816,0,0,EXT_AVERITECBR,external_claim,ext_averitecbr,2018-2022,pt-BR,False,other,checker,False,False,False
891465066869893201,val_calib,0,-0.3556942045688629,0.5913601517677307,0.9470543563365936,0.7205223996234266,0.580862821285271,1,1,EXT_LIARBR,external_claim,ext_liarbr,sem_data,pt-BR,False,true_rating,checker,False,False,False
4629,val_calib,0,-0.5432516932487488,0.6909629106521606,1.2342146039009094,0.7745553771366006,0.6522482343319823,1,1,Fake.br,portal,desconhecido,sem_data,desconhecido,False,none,v1,False,False,False
36376,val_calib,1,-0.026008130982518196,-0.006252182647585869,0.019755948334932327,0.5049388264504788,0.3427857285834806,0,0,fakes,agency_claim,desconhecido,2018-2022,desconhecido,True,none,v1,False,False,False
14926,val_calib,1,-0.33157530426979065,0.5188128352165222,0.8503881394863129,0.7006485572500961,0.5558771175420119,1,1,FakeWhatsApp.BR_2018,whatsapp,desconhecido,2018-2022,desconhecido,False,none,v1,False,False,False
34176,val_calib,1,-0.28649064898490906,0.6062229871749878,0.8927136361598969,0.7094498542094437,0.5668596971819821,1,1,fakes,agency_claim,desconhecido,2018-2022,desconhecido,False,none,v1,False,False,False
680509355753563418,val_calib,1,-0.548050045967102,0.6553637385368347,1.2034137845039368,0.7691315200078873,0.6448499507534752,1,1,FC_G1,agency_claim,g1,2018-2022,pt-BR,False,false_pure,checker,False,False,False
191832089283589518,val_calib,1,-0.3462674915790558,0.3614777624607086,0.7077452540397644,0.6699027520917543,0.5185224433249228,1,0,FC_UOL,agency_claim,uol,sem_data,pt-BR,False,hard,checker,False,False,False
1078138559770221538,val_calib,1,-0.4347386062145233,0.4890860617160797,0.923824667930603,0.7158207667840236,0.5748912968711595,1,1,FC_BOATOS,agency_claim,boatos,>=2023,pt-BR,False,false_pure,checker,False,False,False
324026569549045268,val_calib,1,-0.41205087304115295,0.5806954503059387,0.9927463233470917,0.7296300312237975,0.5925382154835184,1,1,FC_BOATOS,agency_claim,boatos,>=2023,pt-BR,False,false_pure,checker_match,False,False,False
42440,val_calib,1,-0.5152271389961243,0.7317076325416565,1.2469347715377808,0.7767688044789417,0.6552825195038176,1,1,fakes,agency_claim,desconhecido,2018-2022,desconhecido,False,none,v1,False,False,False
38232,val_calib,1,-0.3892752528190613,0.2953537404537201,0.6846289932727814,0.6647710564265994,0.5124381667505039,1,0,fakes,agency_claim,desconhecido,2018-2022,desconhecido,True,false_pure,v1,False,False,False
757435735236375238,val_calib,1,-0.5174221396446228,0.5686578750610352,1.086080014705658,0.747642844352698,0.6160525731874107,1,1,FC_BOATOS,agency_claim,boatos,>=2023,pt-BR,False,false_pure,checker,False,False,False
635339074392903930,val_calib,1,-0.4842400848865509,0.5767269730567932,1.0609670579433441,0.7428753079546593,0.6097738532922654,1,1,FC_BOATOS,agency_claim,boatos,2018-2022,pt-BR,False,false_pure,checker,False,False,False
11732,val_calib,1,-0.5108042359352112,0.5685967803001404,1.0794010162353516,0.746380614486005,0.6143863728490849,1,1,FakeWhatsApp.BR_2018,whatsapp,desconhecido,2018-2022,desconhecido,False,none,v1,False,False,False
413302429573196685,val_calib,1,-0.43547317385673523,0.7575841546058655,1.1930573284626007,0.7672874190063265,0.6423465075033098,1,1,FC_BOATOS,agency_claim,boatos,>=2023,pt-BR,False,false_pure,checker,False,False,False
911650949217195644,val_calib,1,-0.3984430134296417,0.49430522322654724,0.892748236656189,0.7094569863843032,0.5668686499778254,1,1,FC_POLIGRAFO,agency_claim,poligrafo,2018-2022,pt-BR,True,other,checker,False,False,False
38618,val_calib,1,-0.2918199598789215,0.34204837679862976,0.6338683366775513,0.6533660775982556,0.499067376354552,0,0,fakes,agency_claim,desconhecido,2018-2022,desconhecido,True,none,v1,False,False,False
12175,val_calib,1,-0.5180203318595886,0.5813702940940857,1.0993906259536743,0.7501459098419097,0.619365007330457,1,1,FakeWhatsApp.BR_2018,whatsapp,desconhecido,2018-2022,desconhecido,False,none,v1,False,False,False
13070,val_calib,0,-0.3442770540714264,0.5034348964691162,0.8477119505405426,0.7000869517297877,0.5551807474479328,1,1,FakeWhatsApp.BR_2018,whatsapp,desconhecido,2018-2022,desconhecido,False,none,v1,False,False,False
11433,val_calib,0,-0.4236820936203003,0.491854190826416,0.9155362844467163,0.7141317205345211,0.5727552527242918,1,1,FakeWhatsApp.BR_2018,whatsapp,desconhecido,2018-2022,desconhecido,False,none,v1,False,False,False
105411324015072589,val_calib,0,-0.2394115924835205,0.3108367919921875,0.550248384475708,0.6341932161874174,0.4770530669069955,0,0,NEWS_ECO,press_true,eco,<=2017,pt-PT,True,none,llm_local,False,False,False
96062341182090754,val_calib,1,-0.6065926551818848,0.7394867539405823,1.346079409122467,0.7934879204004582,0.6784861672340526,1,1,FC_AFP,agency_claim,afp,>=2023,pt-BR,False,false_pure,checker,False,False,False
36118,val_calib,1,-0.42693305015563965,0.591461718082428,1.0183947682380676,0.7346598018631697,0.5990473947101639,1,1,fakes,agency_claim,desconhecido,2018-2022,desconhecido,True,none,v1,False,False,False
164802159387841664,val_calib,1,-0.43114417791366577,0.49239787459373474,0.9235420525074005,0.7157632732535343,0.5748185080797242,1,1,EXT_AVERITECBR,external_claim,ext_averitecbr,2018-2022,pt-BR,False,other,checker,False,False,False
8270,val_calib,1,-0.07153858244419098,0.042744461447000504,0.11428304389119148,0.5285397055587611,0.36556553179697354,0,0,Fake.br,portal,desconhecido,sem_data,desconhecido,False,none,v1,False,False,False
1044106283088083800,val_calib,1,-0.4501713216304779,0.6238036155700684,1.0739749372005463,0.7453521037397486,0.6130307581410744,1,1,FC_UOL,agency_claim,uol,sem_data,pt-BR,False,false_pure,checker,False,False,False
33413,val_calib,1,-0.5354555249214172,0.7729495167732239,1.3084050416946411,0.7872461392494838,0.669764672111646,1,1,fakes,agency_claim,desconhecido,2018-2022,desconhecido,False,hard,v1,False,False,False
15206,val_calib,1,-0.43221941590309143,0.516692042350769,0.9489114582538605,0.720896210802144,0.5813392192276385,1,1,FakeWhatsApp.BR_2018,whatsapp,desconhecido,2018-2022,desconhecido,False,none,v1,False,False,False
33991,val_calib,1,-0.31357231736183167,0.4208802878856659,0.7344526052474976,0.6757816046249382,0.5255449580873214,1,0,fakes,agency_claim,desconhecido,2018-2022,desconhecido,False,none,v1,False,False,False
155765969784189667,val_calib,1,-0.1631862223148346,0.07306674867868423,0.23625297099351883,0.5587900472973213,0.39585838867956535,0,0,FC_POLIGRAFO,agency_claim,poligrafo,>=2023,pt-BR,True,other,checker,False,False,False
969253246231078829,val_calib,1,-0.3288174569606781,0.3972368538379669,0.726054310798645,0.6739388217558677,0.5233376414570073,1,0,FC_ESTADAO,agency_claim,estadao,sem_data,pt-BR,False,hard,checker,False,False,False
12446,val_calib,1,-0.4853491485118866,0.5339580178260803,1.019307166337967,0.7348376218994971,0.5992783194373741,1,1,FakeWhatsApp.BR_2018,whatsapp,desconhecido,2018-2022,desconhecido,False,none,v1,False,False,False
25809,val_calib,1,-0.3187013268470764,0.3803580403327942,0.6990593671798706,0.6679791887797758,0.5162368360152089,1,0,fakes,agency_claim,desconhecido,2018-2022,desconhecido,False,false_pure,v1,False,False,False
24459,val_calib,1,-0.35040000081062317,0.5397914052009583,0.8901914060115814,0.7089296704683977,0.5662069589425546,1,1,fakes,agency_claim,desconhecido,sem_data,desconhecido,False,none,v1,False,False,False
38127,val_calib,1,-0.40071871876716614,0.35356345772743225,0.7542821764945984,0.6801110472041024,0.5307526338014962,1,0,fakes,agency_claim,desconhecido,2018-2022,desconhecido,True,none,v1,False,False,False
6750,val_calib,1,-0.27564767003059387,0.48425981402397156,0.7599074840545654,0.6813336472389493,0.5322287925689484,1,0,Fake.br,portal,desconhecido,sem_data,desconhecido,False,none,v1,False,False,False
48150,val_calib,0,-0.5180558562278748,0.5137120485305786,1.0317679047584534,0.7372584974602145,0.6024276364234445,1,1,true,press_true,desconhecido,2018-2022,desconhecido,False,other,v1,False,False,False
37236,val_calib,1,-0.38323888182640076,0.2945621907711029,0.6778010725975037,0.6632477430212039,0.5106402487963965,1,0,fakes,agency_claim,desconhecido,2018-2022,desconhecido,True,none,v1,False,False,False
16165,val_calib,1,-0.40576621890068054,0.6871728897094727,1.0929391086101532,0.7489347707868804,0.6177608705406878,1,1,FakeWhatsApp.BR_2018,whatsapp,desconhecido,2018-2022,desconhecido,False,none,v1,False,False,False
12535,val_calib,0,-0.3580973148345947,0.4924362301826477,0.8505335450172424,0.7006790537391041,0.5559149471977697,1,1,FakeWhatsApp.BR_2018,whatsapp,desconhecido,2018-2022,desconhecido,False,none,v1,False,False,False
314901443106366820,val_calib,1,-0.5899572372436523,0.7658054232597351,1.3557626605033875,0.7950701558986074,0.6807081518496841,1,1,FC_ESTADAO,agency_claim,estadao,sem_data,pt-BR,False,hard,checker,False,False,False
590770841401554827,val_calib,1,-0.5606064200401306,0.6206943988800049,1.1813008189201355,0.7651816138520394,0.6394951970671021,1,1,FC_BOATOS,agency_claim,boatos,>=2023,pt-BR,False,false_pure,checker,False,False,False
14672,val_calib,0,-0.5572639107704163,0.6400828957557678,1.197346806526184,0.7680524589003287,0.6433843451539026,1,1,FakeWhatsApp.BR_2018,whatsapp,desconhecido,2018-2022,desconhecido,False,none,v1,False,False,False
16819,test,1,-0.31221213936805725,0.5837387442588806,0.8959508836269379,0.7101166977558733,0.5676971374535509,1,1,FakeWhatsApp.BR_2018,whatsapp,desconhecido,2018-2022,desconhecido,False,none,v1,False,False,False
816641887744376102,test,1,-0.21798273921012878,0.24431444704532623,0.462297186255455,0.6135589908902437,0.45399586988915824,0,0,FC_POLIGRAFO,agency_claim,poligrafo,2018-2022,pt-BR,True,other,checker,False,False,False
181191337427404773,test,1,-0.23871013522148132,0.23027174174785614,0.46898187696933746,0.6151427520329806,0.4557426625381654,0,0,EXT_LIARBR,external_claim,ext_liarbr,sem_data,pt-BR,False,false_pure,checker,False,False,False
294647484348490392,test,1,-0.2460404634475708,0.2430257797241211,0.4890662431716919,0.6198864384402046,0.46099734075858717,0,0,FC_POLIGRAFO,agency_claim,poligrafo,2018-2022,pt-BR,True,hard,checker,False,False,False
141591776587376864,test,1,-0.3534788191318512,0.43167588114738464,0.7851547002792358,0.6867900051042524,0.5388467008633017,1,0,FC_OBSERVADOR,agency_claim,observador,2018-2022,pt-PT,True,false_pure,checker,False,False,False
6300,test,1,-0.30702129006385803,0.2071385383605957,0.5141598284244537,0.6257811279381315,0.46757464772007656,0,0,Fake.br,portal,desconhecido,sem_data,desconhecido,False,none,v1,False,False,False
16049,test,1,-0.46677497029304504,0.6392491459846497,1.1060241162776947,0.7513871410140486,0.6210116778322051,1,1,FakeWhatsApp.BR_2018,whatsapp,desconhecido,2018-2022,desconhecido,False,none,v1,False,False,False
791307841220338189,test,1,-0.26888132095336914,0.5307324528694153,0.7996137738227844,0.689891857541933,0.5426307682187584,1,1,FC_BOATOS,agency_claim,boatos.org,>=2023,pt-BR,False,false_pure,checker_match,False,False,False
49253,test,0,-0.17410853505134583,0.2066749483346939,0.38078348338603973,0.5940620556933586,0.43279894278680575,0,0,true,press_true,desconhecido,2018-2022,desconhecido,True,none,v1,False,False,False
347150187271986691,test,1,-0.43481820821762085,0.43931686878204346,0.8741350769996643,0.7056053924325962,0.5620463805947883,1,1,FC_COMPROVA,agency_claim,comprova,>=2023,pt-BR,False,other,checker,False,False,False
702769305818166012,test,1,-0.5330541729927063,0.6864483952522278,1.219502568244934,0.7719759988309668,0.6487233417192078,1,1,FC_EFARSAS,agency_claim,efarsas,2018-2022,pt-BR,False,false_pure,checker,False,False,False
658816115600867007,test,1,-0.5115545392036438,0.746696412563324,1.2582509517669678,0.7787248719312619,0.6579713062440252,1,1,FC_G1,agency_claim,g1,2018-2022,pt-BR,False,false_pure,checker,False,False,False
1148471229159874870,test,1,-0.3577052056789398,0.23902490735054016,0.59673011302948,0.6449078518121366,0.4892846122875334,0,0,FC_BOATOS,agency_claim,boatos,>=2023,pt-BR,False,false_pure,checker,False,False,False
44122295589152130,test,1,-0.30823829770088196,0.31531596183776855,0.6235542595386505,0.6510264771992847,0.496350102373383,0,0,FC_POLIGRAFO,agency_claim,poligrafo,2018-2022,pt-BR,True,other,checker,False,False,False
416904805383399543,test,1,-0.30218705534935,0.424654096364975,0.726841151714325,0.6741117026683673,0.5235444862401224,1,0,FC_BOATOS_VIRAL,social,boatos,>=2023,pt-BR,False,false_pure,checker_match,False,False,False
511571448836519691,test,1,-0.27350863814353943,0.538698136806488,0.8122067749500275,0.692579555201674,0.545922480251501,1,1,EXT_AVERITECBR,external_claim,ext_averitecbr,2018-2022,pt-BR,False,other,checker,False,False,False
958659524841871956,test,1,-0.2900741398334503,0.29230931401252747,0.5823834538459778,0.6416156544377662,0.48550727388677944,0,0,FC_BOATOS,agency_claim,boatos,2018-2022,pt-BR,False,false_pure,checker,False,False,False
603213372288629336,test,1,-0.37270304560661316,0.49137261509895325,0.8640756607055664,0.7035114727378459,0.5594352537222207,1,1,EXT_AVERITECBR,external_claim,ext_averitecbr,2018-2022,pt-BR,False,other,checker,False,False,False
274674281372893956,test,1,-0.2633165121078491,0.438113808631897,0.7014303207397461,0.6685048163661229,0.5168608010083859,1,0,EXT_LIARBR,external_claim,ext_liarbr,sem_data,pt-BR,False,false_pure,checker,False,False,False
33568,test,1,-0.18653859198093414,0.3837589919567108,0.570297583937645,0.6388318382535693,0.4823264464910068,0,0,fakes,agency_claim,desconhecido,2018-2022,desconhecido,False,none,v1,False,False,False
29980,test,1,-0.3902803659439087,0.5260500907897949,0.9163304567337036,0.7142938213308958,0.5729600420458716,1,1,fakes,agency_claim,desconhecido,sem_data,desconhecido,False,none,v1,False,False,False
623829973333212665,test,0,-0.5532323718070984,0.6743035316467285,1.227535903453827,0.7733870087771134,0.6506501073472045,1,1,EXT_LIARBR,external_claim,ext_liarbr,sem_data,pt-BR,False,true_rating,checker,False,False,False
26098,test,1,-0.27876171469688416,0.5380495190620422,0.8168112337589264,0.6935590346101764,0.5471250636155605,1,1,fakes,agency_claim,desconhecido,<=2017,desconhecido,False,none,v1,False,False,False
235234194995428539,test,1,-0.5650920867919922,0.6921550035476685,1.2572470903396606,0.7785518457151082,0.6577331899891052,1,1,FC_G1,agency_claim,g1,>=2023,pt-BR,False,false_pure,checker,False,False,False
11074,test,1,-0.3728119134902954,0.5916805863380432,0.9644924998283386,0.7240203762192273,0.5853301319635987,1,1,FakeWhatsApp.BR_2018,whatsapp,desconhecido,2018-2022,desconhecido,False,none,v1,False,False,False
786451281973518514,test,1,-0.34224069118499756,0.450444757938385,0.7926854491233826,0.6884076575315645,0.5408181510082163,1,1,EXT_AVERITECBR,external_claim,ext_averitecbr,2018-2022,pt-BR,False,other,checker,False,False,False
985886702793775790,test,1,-0.2509554326534271,0.37316057085990906,0.6241160035133362,0.6511540895466672,0.4964980913782517,0,0,FC_EFARSAS,agency_claim,efarsas,<=2017,pt-BR,False,false_pure,checker_match,False,False,False
13842,test,0,-0.35371753573417664,0.46627649664878845,0.8199940323829651,0.6942350733471018,0.5479560200308489,1,1,FakeWhatsApp.BR_2018,whatsapp,desconhecido,2018-2022,desconhecido,False,none,v1,False,False,False
330670849906203512,test,1,-0.36429914832115173,0.5874390602111816,0.9517382085323334,0.72146461140934,0.582064067388848,1,1,FC_EFARSAS,agency_claim,efarsas,<=2017,pt-BR,False,false_pure,checker,False,False,False
274330869977644074,test,1,-0.3051358759403229,0.4429735839366913,0.7481094598770142,0.6787666204804244,0.5291322088090703,1,0,FC_POLIGRAFO,agency_claim,poligrafo,2018-2022,pt-BR,True,other,checker,False,False,False
5677,test,0,-0.37077662348747253,0.23533429205417633,0.6061109155416489,0.6470531397373568,0.4917551768048632,0,0,Fake.br,portal,desconhecido,sem_data,desconhecido,False,none,v1,False,False,False
209299315314315967,test,1,-0.3592188358306885,0.26453450322151184,0.6237533390522003,0.6510717049137033,0.4964025489328166,0,0,FC_BOATOS,agency_claim,boatos,2018-2022,pt-BR,False,false_pure,checker,False,False,False
929291472914809044,test,1,-0.37462177872657776,0.3160410225391388,0.6906628012657166,0.6661143539707686,0.5140267137973701,1,0,FC_LUPA,agency_claim,lupa,>=2023,pt-BR,False,false_pure,checker_match,False,False,False
26183,test,1,-0.24364589154720306,0.3496725261211395,0.5933184176683426,0.6441261820403075,0.48838621841254093,0,0,fakes,agency_claim,desconhecido,<=2017,desconhecido,False,none,v1,False,False,False
31928,test,1,-0.46366384625434875,0.5576745271682739,1.0213383734226227,0.7352332163868204,0.5997922523083854,1,1,fakes,agency_claim,desconhecido,2018-2022,desconhecido,False,false_pure,v1,False,False,False
1087179876361311295,test,0,-0.45921483635902405,0.5548786520957947,1.0140934884548187,0.7338204869882002,0.5979581651089109,1,1,EXT_LIARBR,external_claim,ext_liarbr,sem_data,pt-BR,False,true_rating,checker,False,False,False
36959,test,1,-0.2848118245601654,0.3383862376213074,0.6231980621814728,0.650945548011627,0.4962562640598388,0,0,fakes,agency_claim,desconhecido,2018-2022,desconhecido,True,none,v1,False,False,False
252145844472725993,test,1,-0.4004725515842438,0.628616988658905,1.0290895402431488,0.7367393461489176,0.6017514144474847,1,1,FC_BOATOS,agency_claim,boatos,2018-2022,pt-BR,False,false_pure,checker,False,False,False
42647,test,1,-0.4708067774772644,0.6443203687667847,1.115127146244049,0.7530837338512039,0.623266839110269,1,1,fakes,agency_claim,desconhecido,2018-2022,desconhecido,False,false_pure,v1,False,False,False
50061,test,1,-0.5021854639053345,0.4247235357761383,0.9269089996814728,0.7164477679879748,0.5756854677586228,1,1,MuMiN-PT,social,desconhecido,sem_data,desconhecido,True,false_pure,v1,False,False,False
40564,test,1,-0.38316527009010315,0.4319024384021759,0.815067708492279,0.6931883496387389,0.5466697571045935,1,1,fakes,agency_claim,desconhecido,2018-2022,desconhecido,True,none,v1,False,False,False
34728,test,1,-0.25549307465553284,0.2822149097919464,0.5377079844474792,0.6312790756052956,0.4737571903513154,0,0,fakes,agency_claim,desconhecido,2018-2022,desconhecido,False,false_pure,v1,False,False,False
6972,test,1,-0.4924844205379486,0.5595296621322632,1.0520140826702118,0.7411614707423184,0.6075264935505406,1,1,Fake.br,portal,desconhecido,sem_data,desconhecido,False,none,v1,False,False,False
2886,test,1,-0.45011529326438904,0.4920714795589447,0.9421867728233337,0.7195411636256848,0.5796134381443296,1,1,Fake.br,portal,desconhecido,sem_data,desconhecido,False,none,v1,False,False,False
38522,test,1,-0.21164540946483612,0.2191011756658554,0.43074658513069153,0.6060519319683602,0.4457672885122045,0,0,fakes,agency_claim,desconhecido,2018-2022,desconhecido,True,false_pure,v1,False,False,False
1098130382357878797,test,1,-0.4379442632198334,0.5196569561958313,0.9576012194156647,0.7226412723270698,0.5835663543754954,1,1,FC_POLIGRAFO,agency_claim,poligrafo,2018-2022,pt-BR,True,false_pure,checker,False,False,False
208430391701520033,test,0,-0.44677403569221497,0.7610917687416077,1.2078658044338226,0.769921109910103,0.6459237053757056,1,1,NEWS_PODER360,press_true,poder360,<=2017,pt-BR,False,none,llm_local,False,False,False
41763,test,1,-0.5201007723808289,0.560588538646698,1.0806893110275269,0.7466244068846187,0.6147079720256355,1,1,fakes,agency_claim,desconhecido,2018-2022,desconhecido,True,hard,v1,False,False,False
920062528845485697,test,1,-0.47338563203811646,0.5813379883766174,1.0547236204147339,0.7416809318133017,0.6082071224590302,1,1,FC_AFP,agency_claim,afp,>=2023,pt-BR,False,false_pure,checker,False,False,False
329015775414191584,test,1,-0.13523593544960022,0.14147603511810303,0.27671197056770325,0.5687399360708894,0.40609918176698084,0,0,FC_POLIGRAFO,agency_claim,poligrafo,2018-2022,pt-BR,True,other,checker,False,False,False
949541287422921375,test,1,-0.5199748873710632,0.6525134444236755,1.1724883317947388,0.7635944988457259,0.6373514184602896,1,1,FC_BOATOS,agency_claim,boatos.org,>=2023,pt-BR,False,false_pure,checker_match,False,False,False
25525,test,1,-0.5239861607551575,0.5534456372261047,1.0774317979812622,0.7460076673550879,0.6138946006377444,1,1,fakes,agency_claim,desconhecido,2018-2022,desconhecido,False,none,v1,False,False,False
7197,test,0,-0.36495354771614075,0.5509448647499084,0.9158984124660492,0.7142056423698921,0.572848636002183,1,1,Fake.br,portal,desconhecido,sem_data,desconhecido,False,none,v1,False,False,False
37439,test,1,-0.17850792407989502,-0.021984940394759178,0.15652298368513584,0.5390510510357264,0.37594997269632774,0,0,fakes,agency_claim,desconhecido,2018-2022,desconhecido,True,false_pure,v1,False,False,False
935684522358972231,test,0,-0.20770426094532013,0.15113651752471924,0.35884077847003937,0.5887597902790838,0.4271314242699125,0,0,FC_POLIGRAFO,agency_claim,poligrafo,>=2023,pt-BR,True,true_rating,checker,False,False,False
11099,test,1,-0.38321688771247864,0.47308051586151123,0.8562974035739899,0.7018864958165736,0.5574139838279517,1,1,FakeWhatsApp.BR_2018,whatsapp,desconhecido,2018-2022,desconhecido,False,none,v1,False,False,False
725,test,0,-0.3379448652267456,0.6000543832778931,0.9379992485046387,0.7186953378333207,0.5785377911909501,1,1,COVID19.BR,covid,desconhecido,sem_data,desconhecido,False,none,v1,False,False,False
2365,test,0,-0.27573254704475403,0.36367177963256836,0.6394043266773224,0.6546187954279898,0.5005258821572816,1,0,Fake.br,portal,desconhecido,sem_data,desconhecido,False,none,v1,False,False,False
254062561007502418,test,1,-0.4726185202598572,0.5485002994537354,1.0211188197135925,0.735190474683461,0.5997367117319251,1,1,FC_POLIGRAFO,agency_claim,poligrafo,>=2023,pt-BR,True,false_pure,checker,False,False,False
355082271965460319,test,1,-0.48364511132240295,0.4110317528247833,0.8946768641471863,0.7098543694180168,0.5673676085377678,1,1,FC_LUPA,agency_claim,lupa,>=2023,pt-BR,False,false_pure,checker_match,False,False,False
672088488056788946,test,1,-0.43555203080177307,0.5640069842338562,0.9995590150356293,0.7309718668896843,0.594270442932248,1,1,FC_EFARSAS,agency_claim,efarsas,2018-2022,pt-BR,False,false_pure,checker,False,False,False
1595789927732108,test,1,-0.36508288979530334,0.5326434969902039,0.8977263867855072,0.7104820504137188,0.5681562766461739,1,1,FC_BOATOS,agency_claim,boatos,<=2017,pt-BR,False,false_pure,checker,False,False,False
31535,test,1,-0.36693456768989563,0.6549285054206848,1.0218630731105804,0.7353353446190747,0.5999249753757805,1,1,fakes,agency_claim,desconhecido,sem_data,desconhecido,False,none,v1,False,False,False
32834,test,1,-0.606593906879425,0.8197311162948608,1.4263250231742859,0.8063280659146836,0.6966486056572149,1,1,fakes,agency_claim,desconhecido,2018-2022,desconhecido,False,none,v1,False,False,False
49761,test,0,-0.30915263295173645,0.2962599992752075,0.605412632226944,0.6468936526537264,0.49157125884107805,0,0,true,press_true,desconhecido,2018-2022,desconhecido,True,none,v1,False,False,False
13936,test,1,-0.3508646488189697,0.5041759610176086,0.8550406098365784,0.7016234552723588,0.5570872111377216,1,1,FakeWhatsApp.BR_2018,whatsapp,desconhecido,2018-2022,desconhecido,False,none,v1,False,False,False
811853478189045917,test,1,-0.318998247385025,0.42762765288352966,0.7466259002685547,0.6784430556877421,0.5287426606903957,1,0,FC_POLIGRAFO,agency_claim,poligrafo,>=2023,pt-BR,True,false_pure,checker,False,False,False
4208,test,1,-0.4755273759365082,0.4618620276451111,0.9373894035816193,0.7185720276104877,0.5783810782262911,1,1,Fake.br,portal,desconhecido,sem_data,desconhecido,False,none,v1,False,False,False
15228,test,0,-0.4304874837398529,0.6583283543586731,1.088815838098526,0.7481586706212189,0.6167342919442972,1,1,FakeWhatsApp.BR_2018,whatsapp,desconhecido,2018-2022,desconhecido,False,none,v1,False,False,False
44042,test,1,-0.46726447343826294,0.5813646912574768,1.0486291646957397,0.740511574304661,0.6066756237644341,1,1,fakes,agency_claim,desconhecido,2018-2022,desconhecido,False,false_pure,v1,False,False,False
14454,test,0,-0.28392717242240906,0.5102376341819763,0.7941648066043854,0.6887248950113727,0.5412052790365262,1,1,FakeWhatsApp.BR_2018,whatsapp,desconhecido,2018-2022,desconhecido,False,none,v1,False,False,False
141316815810731035,test,0,-0.3611939251422882,0.4779469072818756,0.8391408324241638,0.6982842345318764,0.5529490143668545,1,1,FC_POLIGRAFO,agency_claim,poligrafo,2018-2022,pt-BR,True,true_rating,checker,False,False,False
14901,test,1,-0.28609421849250793,0.37355074286460876,0.6596449613571167,0.6591806294360963,0.5058581941610949,1,0,FakeWhatsApp.BR_2018,whatsapp,desconhecido,2018-2022,desconhecido,False,none,v1,False,False,False
18121,test,0,-0.4654810130596161,0.4011702835559845,0.8666512966156006,0.7040484250581938,0.5601041317907796,1,1,Fake.br_raw,portal,desconhecido,sem_data,desconhecido,False,none,v1,False,False,False
40273,test,1,-0.5445626378059387,0.6103608012199402,1.154923439025879,0.7604090538430868,0.633062213269289,1,1,fakes,agency_claim,desconhecido,sem_data,desconhecido,False,false_pure,v1,False,False,False
107359231762329856,test,1,-0.48646050691604614,0.6651378273963928,1.151598334312439,0.7598027381336152,0.6322478475381063,1,1,FC_EFARSAS,agency_claim,efarsas,>=2023,pt-BR,False,false_pure,checker,False,False,False
31041,test,1,-0.44881269335746765,0.6241344809532166,1.0729471743106842,0.7451569827476802,0.6127737907542335,1,1,fakes,agency_claim,desconhecido,sem_data,desconhecido,False,none,v1,False,False,False
4214,test,1,-0.36391010880470276,0.5087986588478088,0.8727087676525116,0.7053090234323787,0.5616763584958974,1,1,Fake.br,portal,desconhecido,sem_data,desconhecido,False,none,v1,False,False,False
277941618656277812,test,0,-0.5175232291221619,0.5095545649528503,1.0270777940750122,0.7363489731758225,0.6012432417679582,1,1,EXT_AVERITECBR,external_claim,ext_averitecbr,2018-2022,pt-BR,False,other,checker,False,False,False
45587127885646558,test,1,-0.1549605429172516,0.15175163745880127,0.30671218037605286,0.5760825394640354,0.413746312154405,0,0,FC_POLIGRAFO,agency_claim,poligrafo,2018-2022,pt-BR,True,false_pure,checker,False,False,False
445513393157801252,test,1,-0.447175532579422,0.5620656609535217,1.0092411935329437,0.7328716233367324,0.596728238711608,1,1,FC_EFARSAS,agency_claim,efarsas,2018-2022,pt-BR,False,false_pure,checker,False,False,False
34916,test,1,-0.3850156366825104,0.5988160371780396,0.9838316738605499,0.7278678422287209,0.5902680616884083,1,1,fakes,agency_claim,desconhecido,2018-2022,desconhecido,False,false_pure,v1,False,False,False
220,test,1,-0.37090805172920227,0.6081727147102356,0.9790807664394379,0.7269257822369425,0.5890566428595732,1,1,COVID19.BR,covid,desconhecido,sem_data,desconhecido,False,none,v1,False,False,False
1123726792690001479,test,1,-0.19265882670879364,0.2987712323665619,0.49143005907535553,0.6204432598053053,0.46161638000922783,0,0,FC_POLIGRAFO,agency_claim,poligrafo,2018-2022,pt-BR,True,false_pure,checker,False,False,False
1019838300510719039,test,0,-0.13720330595970154,0.1531190425157547,0.29032234847545624,0.5720750473432668,0.409563097492,0,0,NEWS_BRASILDEFATO,press_true,brasildefato,<=2017,pt-BR,False,none,llm_local,False,False,False
545400645414641539,test,1,-0.2829646170139313,0.496376633644104,0.7793412506580353,0.6855381210098397,0.5373239820661276,1,0,FC_POLIGRAFO,agency_claim,poligrafo,2018-2022,pt-BR,True,false_pure,checker,False,False,False
892913094776120972,test,1,-0.43538662791252136,0.49379920959472656,0.9291858375072479,0.7169100803855618,0.5762714702151276,1,1,FC_BOATOS,agency_claim,boatos,<=2017,pt-BR,False,false_pure,checker,False,False,False
2807,test,0,-0.2989242374897003,0.3055450916290283,0.6044693291187286,0.6466781513857736,0.49132280975591525,0,0,Fake.br,portal,desconhecido,sem_data,desconhecido,False,none,v1,False,False,False
42562,test,1,-0.49762043356895447,0.45848342776298523,0.9561038613319397,0.7223410555245496,0.5831828307301632,1,1,fakes,agency_claim,desconhecido,2018-2022,desconhecido,False,false_pure,v1,False,False,False
129456985182645967,test,1,-0.3017071783542633,0.4308128356933594,0.7325200140476227,0.6753580285309869,0.5250371020517007,1,0,FC_BOATOS_VIRAL,social,boatos,>=2023,pt-BR,False,false_pure,checker,False,False,False
128307688461829606,test,0,-0.2746446430683136,0.47495144605636597,0.7495960891246796,0.6790906826489794,0.5295225273495994,1,0,EXT_LIARBR,external_claim,ext_liarbr,sem_data,pt-BR,False,true_rating,checker,False,False,False
212851984448164354,test,0,-0.25206974148750305,0.2570499777793884,0.5091197192668915,0.6246000934547078,0.466252600250952,0,0,FC_POLIGRAFO,agency_claim,poligrafo,2018-2022,pt-BR,True,true_rating,checker,False,False,False
40051,test,1,-0.45163431763648987,0.6735753417015076,1.1252096593379974,0.7549537756190768,0.6257584336768983,1,1,fakes,agency_claim,desconhecido,2018-2022,desconhecido,False,hard,v1,False,False,False
2049,test,0,-0.3267701268196106,0.40590032935142517,0.7326704561710358,0.6753910120304184,0.5250766378620924,1,0,Fake.br,portal,desconhecido,sem_data,desconhecido,False,none,v1,False,False,False
306045747552709457,test,1,-0.22598430514335632,0.27843883633613586,0.5044231414794922,0.6234982214553301,0.46502108902868605,0,0,EXT_LIARBR,external_claim,ext_liarbr,sem_data,pt-BR,False,false_pure,checker,False,False,False
42950,test,1,-0.5199508666992188,0.7540754675865173,1.274026334285736,0.7814312108017128,0.6617027216143887,1,1,fakes,agency_claim,desconhecido,2018-2022,desconhecido,False,none,v1,False,False,False
26170,test,1,-0.3628601133823395,0.47801998257637024,0.8408800959587097,0.6986505420010604,0.5534020564068729,1,1,fakes,agency_claim,desconhecido,2018-2022,desconhecido,False,none,v1,False,False,False
41685,test,1,-0.3731536865234375,0.40468499064445496,0.7778386771678925,0.6852141125520371,0.5369302980803782,1,0,fakes,agency_claim,desconhecido,2018-2022,desconhecido,True,false_pure,v1,False,False,False
665,test,0,-0.36002394556999207,0.5056406259536743,0.8656645715236664,0.7038427854473627,0.5598479105253945,1,1,COVID19.BR,covid,desconhecido,sem_data,desconhecido,False,none,v1,False,False,False
43814,test,1,-0.2899704575538635,0.4943181276321411,0.7842885851860046,0.6866036653901111,0.5386198843033048,1,0,fakes,agency_claim,desconhecido,2018-2022,desconhecido,False,none,v1,False,False,False
6969,test,0,-0.5410681366920471,0.3453790843486786,0.8864472210407257,0.708156459960207,0.565237562951085,1,1,Fake.br,portal,desconhecido,sem_data,desconhecido,False,none,v1,False,False,False
48058,test,0,-0.22089111804962158,0.33583715558052063,0.5567282736301422,0.6356951884969355,0.47875691744499593,0,0,true,press_true,desconhecido,2018-2022,desconhecido,False,none,v1,False,False,False
43939,test,1,-0.2596907317638397,0.3108227550983429,0.5705134868621826,0.6388816511181376,0.48238325724578307,0,0,fakes,agency_claim,desconhecido,2018-2022,desconhecido,False,false_pure,v1,False,False,False
26091,test,1,-0.24795950949192047,0.3109116852283478,0.5588711947202682,0.6361913163128214,0.4793204972616665,0,0,fakes,agency_claim,desconhecido,2018-2022,desconhecido,False,none,v1,False,False,False
267599347641181858,test,1,-0.36626237630844116,0.49706628918647766,0.8633286654949188,0.7033556384927149,0.5592412228108397,1,1,FC_POLIGRAFO,agency_claim,poligrafo,>=2023,pt-BR,True,hard,checker,False,False,False
678445800934689043,test,1,-0.345265656709671,0.6063176989555359,0.9515833556652069,0.7214334921280258,0.5820243684587015,1,1,FC_BOATOS,agency_claim,boatos,2018-2022,pt-BR,False,false_pure,checker,False,False,False
44255,test,1,-0.5231534242630005,0.7557182908058167,1.2788717150688171,0.7822576561606374,0.6628448191230109,1,1,fakes,agency_claim,desconhecido,2018-2022,desconhecido,False,none,v1,False,False,False
913448179341543068,test,1,-0.49742525815963745,0.5041641592979431,1.0015894174575806,0.7313709622808651,0.5947862512919897,1,1,FC_POLIGRAFO,agency_claim,poligrafo,>=2023,pt-BR,True,other,checker,False,False,False
313741076698216532,test,1,-0.42760923504829407,0.32990562915802,0.7575148642063141,0.6808139409102756,0.531601003352448,1,0,FC_G1,agency_claim,g1,>=2023,pt-BR,False,false_pure,checker,False,False,False
371980974990705196,test,0,-0.39152276515960693,0.5226938128471375,0.9142165780067444,0.7138622295072047,0.5724148913563178,1,1,EXT_LIARBR,external_claim,ext_liarbr,sem_data,pt-BR,False,true_rating,checker,False,False,False
945693039256320865,test,0,-0.3918941915035248,0.43010374903678894,0.8219979405403137,0.6946602827686854,0.5484790580996761,1,1,FC_POLIGRAFO,agency_claim,poligrafo,2018-2022,pt-BR,True,true_rating,checker,False,False,False
79133294533469300,test,1,-0.4261837601661682,0.4325007498264313,0.8586845099925995,0.7023857375286741,0.5580345064418784,1,1,FC_G1,agency_claim,g1,2018-2022,pt-BR,False,false_pure,checker,False,False,False
6136,test,1,-0.4568542242050171,0.6466031670570374,1.1034573912620544,0.7509073559032388,0.6203748528560349,1,1,Fake.br,portal,desconhecido,sem_data,desconhecido,False,none,v1,False,False,False
27962,test,1,-0.2789355218410492,0.5811210870742798,0.860056608915329,0.7026724814338207,0.5583910984111244,1,1,fakes,agency_claim,desconhecido,<=2017,desconhecido,False,hard,v1,False,False,False
42251,test,1,-0.32661107182502747,0.487073689699173,0.8136847615242004,0.6928941483270807,0.5463085569173002,1,1,fakes,agency_claim,desconhecido,2018-2022,desconhecido,False,none,v1,False,False,False
915893066621709128,test,1,-0.6031339764595032,0.6773232221603394,1.2804571986198425,0.782527591693099,0.6632181195002802,1,1,FC_BOATOS,agency_claim,boatos,2018-2022,pt-BR,False,false_pure,checker,False,False,False
763239482390466768,test,1,-0.31306368112564087,0.3849320113658905,0.6979956924915314,0.6677432416890854,0.5159568916659519,1,0,EXT_AVERITECBR,external_claim,ext_averitecbr,2018-2022,pt-BR,False,other,checker,False,False,False
47204,test,0,-0.15485520660877228,0.1368221938610077,0.29167740046977997,0.5724067386553476,0.4099084634467392,0,0,true,press_true,desconhecido,2018-2022,desconhecido,False,none,v1,False,False,False
15916,test,0,-0.4009358882904053,0.5493270754814148,0.9502629637718201,0.721168059086521,0.5816858224354656,1,1,FakeWhatsApp.BR_2018,whatsapp,desconhecido,2018-2022,desconhecido,False,none,v1,False,False,False
331954987975074572,test,1,-0.39889371395111084,0.47299593687057495,0.8718896508216858,0.7051387428425709,0.5614638270383973,1,1,FC_POLIGRAFO,agency_claim,poligrafo,2018-2022,pt-BR,True,false_pure,checker,False,False,False
291200043266520292,test,1,-0.417165607213974,0.40593063831329346,0.8230962455272675,0.6948931915372029,0.5487656802319782,1,1,FC_BOATOS,agency_claim,boatos,2018-2022,pt-BR,False,false_pure,checker,False,False,False
677569055704188282,test,1,-0.23008041083812714,0.4275699853897095,0.6576503962278366,0.6587323852208267,0.505332773637624,1,0,FC_BOATOS,agency_claim,boatos.org,>=2023,pt-BR,False,false_pure,checker_match,False,False,False
48849,test,0,-0.2923510670661926,0.22920970618724823,0.5215607732534409,0.6275126548149554,0.46951677517823703,0,0,true,press_true,desconhecido,2018-2022,desconhecido,True,none,v1,False,False,False
1038810147155990936,test,1,-0.34104886651039124,0.5830022096633911,0.9240510761737823,0.715866820814496,0.5749496069244389,1,1,FC_BOATOS_VIRAL,social,boatos,>=2023,pt-BR,False,false_pure,checker,False,False,False
413361450183911708,test,1,-0.3807372748851776,0.5296470522880554,0.910384327173233,0.7130788015409443,0.5714261399901474,1,1,FC_BOATOS,agency_claim,boatos,>=2023,pt-BR,False,false_pure,checker,False,False,False
845822917130588017,test,1,-0.3940010368824005,0.5325280427932739,0.9265290796756744,0.7163705807542106,0.5755876648600974,1,1,FC_EFARSAS,agency_claim,efarsas,<=2017,pt-BR,False,false_pure,checker,False,False,False
31269,test,1,-0.07085421681404114,0.29501238465309143,0.36586660146713257,0.5904598273302292,0.4289440968033305,0,0,fakes,agency_claim,desconhecido,sem_data,desconhecido,False,none,v1,False,False,False
28261579608056027,test,0,-0.3252246081829071,0.392652302980423,0.7178769111633301,0.6721393272174693,0.5211875053498848,1,0,NEWS_BRASILDEFATO,press_true,brasildefato,<=2017,pt-BR,False,none,llm_local,False,False,False
523287045642353491,test,0,-0.4350779950618744,0.5658328533172607,1.0009108483791351,0.7312376245964434,0.5946138891771415,1,1,EXT_LIARBR,external_claim,ext_liarbr,sem_data,pt-BR,False,true_rating,checker,False,False,False
39218,test,1,-0.3694462478160858,0.49620744585990906,0.8656536936759949,0.7038405179754509,0.559845085714784,1,1,fakes,agency_claim,desconhecido,2018-2022,desconhecido,True,hard,v1,False,False,False
826382436393007999,test,0,-0.4379345774650574,0.5545847415924072,0.9925193190574646,0.7295852477422777,0.5924804564177817,1,1,NEWS_PODER360,press_true,poder360,<=2017,pt-BR,False,none,llm_local,False,False,False
160462984823128979,test,1,-0.21747452020645142,0.3682396709918976,0.585714191198349,0.6423811790657795,0.486384093488817,0,0,FC_EFARSAS,agency_claim,efarsas,<=2017,pt-BR,False,false_pure,checker,False,False,False
38186,test,1,-0.4098299443721771,0.5002018809318542,0.9100318253040314,0.7130066751497176,0.5713351629171474,1,1,fakes,agency_claim,desconhecido,2018-2022,desconhecido,True,none,v1,False,False,False
1037747054547608955,test,1,-0.3674764335155487,0.44802209734916687,0.8154985308647156,0.6932799685651037,0.5467822699260173,1,1,FC_BOATOS_VIRAL,social,boatos,>=2023,pt-BR,False,false_pure,checker,False,False,False
31326,test,1,-0.33494505286216736,0.5568162798881531,0.8917613327503204,0.709253516038501,0.566613273832669,1,1,fakes,agency_claim,desconhecido,sem_data,desconhecido,False,none,v1,False,False,False
17060,test,1,-0.48357072472572327,0.5563020706176758,1.039872795343399,0.7388254611142338,0.6044715336231644,1,1,FakeWhatsApp.BR_2018,whatsapp,desconhecido,2018-2022,desconhecido,False,none,v1,False,False,False
34325,test,1,-0.49630656838417053,0.6842122673988342,1.1805188357830048,0.7650410789942006,0.639305190387589,1,1,fakes,agency_claim,desconhecido,sem_data,desconhecido,False,false_pure,v1,False,False,False
33864,test,1,-0.2122325897216797,0.2729245722293854,0.48515716195106506,0.6189649217224162,0.4599738901941994,0,0,fakes,agency_claim,desconhecido,2018-2022,desconhecido,False,none,v1,False,False,False
7272,test,1,-0.3982764780521393,0.2511760890483856,0.6494525671005249,0.6568870893195083,0.503173140374471,1,0,Fake.br,portal,desconhecido,sem_data,desconhecido,False,none,v1,False,False,False
553,test,0,-0.36104920506477356,0.47119763493537903,0.8322468400001526,0.6968298026236752,0.5511524144768118,1,1,COVID19.BR,covid,desconhecido,sem_data,desconhecido,False,none,v1,False,False,False
47798,test,0,-0.1777656376361847,0.23610886931419373,0.4138745069503784,0.6020165480426161,0.44137882840185866,0,0,true,press_true,desconhecido,2018-2022,desconhecido,False,none,v1,False,False,False
50246,test,1,-0.41557377576828003,0.5083410143852234,0.9239147901535034,0.7158390992158902,0.5749145075462194,1,1,MuMiN-PT,social,desconhecido,sem_data,desconhecido,False,none,v1,False,False,False
44727,test,1,-0.4781217575073242,0.5661343932151794,1.0442561507225037,0.7396703980035394,0.6055754170405031,1,1,fakes,agency_claim,desconhecido,2018-2022,desconhecido,False,false_pure,v1,False,False,False
25649,test,1,-0.4550335705280304,0.5242745876312256,0.979308158159256,0.7269709182303883,0.5891146494894389,1,1,fakes,agency_claim,desconhecido,2018-2022,desconhecido,False,none,v1,False,False,False
542357503323975197,test,1,-0.36812832951545715,0.4926169812679291,0.8607453107833862,0.7028163476034551,0.55857006105131,1,1,FC_POLIGRAFO,agency_claim,poligrafo,2018-2022,pt-BR,True,false_pure,checker,False,False,False
627684714760079438,test,1,-0.3315664231777191,0.5991864204406738,0.9307528436183929,0.7172279961780527,0.5766746548337112,1,1,FC_EFARSAS,agency_claim,efarsas,>=2023,pt-BR,False,false_pure,checker,False,False,False
150815746249877199,test,0,-0.3696974217891693,0.4378056228160858,0.8075030446052551,0.6915771631612899,0.5446934159213702,1,1,NEWS_PODER360,press_true,poder360,<=2017,pt-BR,False,none,llm_local,False,False,False
1023163630299753450,test,0,-0.16149422526359558,0.20585674047470093,0.3673509657382965,0.5908187236175243,0.42932731068695884,0,0,FC_POLIGRAFO,agency_claim,poligrafo,2018-2022,pt-BR,True,true_rating,checker,False,False,False
728724371371385806,test,1,-0.36268362402915955,0.38710862398147583,0.7497922480106354,0.6791334293719729,0.5295740267110552,1,0,FC_BOATOS_VIRAL,social,boatos,>=2023,pt-BR,False,false_pure,checker,False,False,False
15460,test,0,-0.5421188473701477,0.725549042224884,1.2676678895950317,0.7803432677006165,0.6602011198902821,1,1,FakeWhatsApp.BR_2018,whatsapp,desconhecido,2018-2022,desconhecido,False,none,v1,False,False,False
1134116626678062608,test,1,-0.4237273037433624,0.62973552942276,1.0534628331661224,0.7414393035777069,0.6078904681071226,1,1,EXT_AVERITECBR,external_claim,ext_averitecbr,2018-2022,pt-BR,False,other,checker,False,False,False
11561,test,1,-0.33010318875312805,0.45314595103263855,0.7832491397857666,0.6863799551217595,0.5383476552313182,1,0,FakeWhatsApp.BR_2018,whatsapp,desconhecido,2018-2022,desconhecido,False,none,v1,False,False,False
432303014438517316,test,1,-0.5842934846878052,0.6968019604682922,1.2810954451560974,0.7826361877282534,0.6633683365095566,1,1,FC_BOATOS,agency_claim,boatos,>=2023,pt-BR,False,false_pure,checker_match,False,False,False
446207993568740309,test,0,-0.17008310556411743,0.1555895060300827,0.32567261159420013,0.5807060855667321,0.41860116227313066,0,0,FC_POLIGRAFO,agency_claim,poligrafo,>=2023,pt-BR,True,true_rating,checker,False,False,False
40619,test,1,-0.40721750259399414,0.4895034730434418,0.8967209756374359,0.7102751962914308,0.5678962950084376,1,1,fakes,agency_claim,desconhecido,2018-2022,desconhecido,True,false_pure,v1,False,False,False
47733,test,0,-0.22917723655700684,0.289772629737854,0.5189498662948608,0.626902177161641,0.46883152256321275,0,0,true,press_true,desconhecido,2018-2022,desconhecido,False,none,v1,False,False,False
5542200333970152,test,1,-0.30123940110206604,0.24881243705749512,0.5500518381595612,0.6341476177764006,0.47700139429792626,0,0,FC_BOATOS,agency_claim,boatos.org,>=2023,pt-BR,False,false_pure,checker_match,False,False,False
32347,test,1,-0.3557572066783905,0.4465314447879791,0.8022886514663696,0.6904638328916352,0.5433302816265598,1,1,fakes,agency_claim,desconhecido,2018-2022,desconhecido,False,false_pure,v1,False,False,False
10822,test,0,-0.3979225158691406,0.48982900381088257,0.8877515196800232,0.7084259473149058,0.5655753121258648,1,1,FakeWhatsApp.BR_2018,whatsapp,desconhecido,2018-2022,desconhecido,False,none,v1,False,False,False
2061,test,0,-0.21913425624370575,0.2136426568031311,0.43277691304683685,0.6065365743046351,0.4462959650095551,0,0,Fake.br,portal,desconhecido,sem_data,desconhecido,False,none,v1,False,False,False
150657397624763627,test,1,-0.35658591985702515,0.49457913637161255,0.8511650562286377,0.7008114824830409,0.5560792377657436,1,1,FC_LUPA,agency_claim,lupa,>=2023,pt-BR,False,false_pure,checker_match,False,False,False
276698968752590580,test,1,-0.44682577252388,0.508575439453125,0.955401211977005,0.7222001070253264,0.583002823914942,1,1,FC_BOATOS,agency_claim,boatos,>=2023,pt-BR,False,false_pure,checker,False,False,False
33390762959530823,test,1,-0.5094614624977112,0.6685694456100464,1.1780309081077576,0.7645935711101858,0.6387003824089938,1,1,FC_BOATOS,agency_claim,boatos,<=2017,pt-BR,False,false_pure,checker,False,False,False
210578557600931061,test,1,-0.4316385090351105,0.6238941550254822,1.0555326640605927,0.7418359064394218,0.6084102707316402,1,1,FC_BOATOS,agency_claim,boatos,2018-2022,pt-BR,False,false_pure,checker,False,False,False
28811,test,1,-0.35163840651512146,0.22620977461338043,0.5778481811285019,0.6405721226877517,0.4843135037374097,0,0,fakes,agency_claim,desconhecido,2018-2022,desconhecido,False,false_pure,v1,False,False,False
223826487888895061,test,1,-0.3828875720500946,0.4112001359462738,0.7940877079963684,0.6887083661466267,0.5411851045884347,1,1,FC_BOATOS,agency_claim,boatos,2018-2022,pt-BR,False,false_pure,checker,False,False,False
972862993111864597,test,1,-0.5996278524398804,0.763684093952179,1.3633119463920593,0.7962974485414769,0.6824347913906726,1,1,EXT_AVERITECBR,external_claim,ext_averitecbr,2018-2022,pt-BR,False,other,checker,False,False,False
589209969934269328,test,1,-0.41484835743904114,0.5639863610267639,0.978834718465805,0.726876937833407,0.5889938743123531,1,1,FC_GFC,agency_claim,BOL - UOL,sem_data,pt-BR,False,false_pure,checker,False,False,False
698749774531119677,test,1,-0.3595122992992401,0.5578402876853943,0.9173525869846344,0.714502370092,0.5732235769566978,1,1,EXT_AVERITECBR,external_claim,ext_averitecbr,2018-2022,pt-BR,False,other,checker,False,False,False
87719825621585498,test,0,-0.10119977593421936,0.1357942372560501,0.23699401319026947,0.5589727386373725,0.3960451685525742,0,0,FC_POLIGRAFO,agency_claim,poligrafo,>=2023,pt-BR,True,true_rating,checker,False,False,False
351617647830069647,test,1,-0.48923417925834656,0.6771263480186462,1.1663605272769928,0.7624865340170199,0.6358574998192341,1,1,FC_BOATOS,agency_claim,boatos,2018-2022,pt-BR,False,false_pure,checker,False,False,False
11362,test,0,-0.3461502194404602,0.45731744170188904,0.8034676611423492,0.6907157583983089,0.5436385530682101,1,1,FakeWhatsApp.BR_2018,whatsapp,desconhecido,2018-2022,desconhecido,False,none,v1,False,False,False
30409,test,1,-0.4395563304424286,0.7183021903038025,1.157858520746231,0.7609433791623021,0.633780426180754,1,1,fakes,agency_claim,desconhecido,sem_data,desconhecido,False,none,v1,False,False,False
237164309484815285,test,0,-0.48045212030410767,0.6403558850288391,1.1208080053329468,0.7541385623813739,0.62467150634556,1,1,NEWS_BRASILDEFATO,press_true,brasildefato,<=2017,pt-BR,False,none,llm_local,False,False,False
280015401987806312,test,1,-0.288492351770401,0.3201594054698944,0.6086517572402954,0.6476331883700913,0.49242441709114804,0,0,FC_POLIGRAFO,agency_claim,poligrafo,2018-2022,pt-BR,True,other,checker,False,False,False
10630,test,1,-0.4647238850593567,0.6207998394966125,1.0855237245559692,0.74753787295096,0.6159138996231279,1,1,LLM4BR_300,llm,desconhecido,sem_data,desconhecido,False,none,v1,False,False,False
273211404806715139,test,1,-0.3870585262775421,0.19731347262859344,0.5843719989061356,0.642072781562589,0.48603074977588495,0,0,FC_BOATOS,agency_claim,boatos,<=2017,pt-BR,False,false_pure,checker,False,False,False
29349,test,1,-0.2809641361236572,0.3472181260585785,0.6281822621822357,0.6520771814965037,0.49756934621255566,0,0,fakes,agency_claim,desconhecido,2018-2022,desconhecido,False,false_pure,v1,False,False,False
391017569363281962,test,1,-0.5458778738975525,0.6259667873382568,1.1718446612358093,0.7634782850485222,0.6371946198286169,1,1,FC_ESTADAO,agency_claim,estadao,sem_data,pt-BR,False,hard,checker,False,False,False
52556246418043050,test,1,-0.42912036180496216,0.47822803258895874,0.9073483943939209,0.7124572559177772,0.5706424396158081,1,1,FC_G1,agency_claim,g1,>=2023,pt-BR,False,false_pure,checker,False,False,False
812446921690839615,test,1,-0.41377997398376465,0.6585360765457153,1.07231605052948,0.7450371150274337,0.6126159623132184,1,1,FC_BOATOS,agency_claim,boatos,<=2017,pt-BR,False,false_pure,checker,False,False,False
840200947717719430,test,1,-0.4145108163356781,0.5125313401222229,0.927042156457901,0.7164748180558765,0.5757197449372567,1,1,EXT_LIARBR,external_claim,ext_liarbr,sem_data,pt-BR,False,false_pure,checker,False,False,False
525187637395590378,test,1,-0.37790045142173767,0.39181235432624817,0.7697128057479858,0.6834587645781343,0.5348004816631783,1,0,FC_BOATOS,agency_claim,boatos.org,>=2023,pt-BR,False,false_pure,checker_match,False,False,False
948563622051645025,test,0,-0.4272907078266144,0.6087282299995422,1.0360189378261566,0.7380811273588102,0.6035001155061325,1,1,EXT_LIARBR,external_claim,ext_liarbr,sem_data,pt-BR,False,true_rating,checker,False,False,False
10644,test,0,-0.2759551703929901,0.34447017312049866,0.6204253435134888,0.6503152801332929,0.4955258154908342,0,0,LLM4BR_300,llm,desconhecido,sem_data,desconhecido,False,none,v1,False,False,False
1066311717778144843,test,1,-0.38951054215431213,0.5137069821357727,0.9032175242900848,0.7116102558090519,0.5695755220942251,1,1,FC_BOATOS,agency_claim,boatos,<=2017,pt-BR,False,false_pure,checker,False,False,False
102663137836853902,test,1,-0.46986737847328186,0.4830015003681183,0.9528688788414001,0.721691766576863,0.5823538999731217,1,1,FC_BOATOS,agency_claim,boatos,>=2023,pt-BR,False,false_pure,checker,False,False,False
33226,test,1,-0.344564288854599,0.2775987386703491,0.6221630275249481,0.6507103354279657,0.4959835911635399,0,0,fakes,agency_claim,desconhecido,2018-2022,desconhecido,False,none,v1,False,False,False
650400447830625499,test,0,-0.19578304886817932,0.22095665335655212,0.41673970222473145,0.6027028266295662,0.44212344531930525,0,0,FC_POLIGRAFO,agency_claim,poligrafo,>=2023,pt-BR,True,true_rating,checker,False,False,False
942444208379635669,test,0,-0.22995787858963013,0.22236907482147217,0.4523269534111023,0.6111923453226101,0.4513926401276916,0,0,EXT_LIARBR,external_claim,ext_liarbr,sem_data,pt-BR,False,true_rating,checker,False,False,False
16319,test,0,-0.41916319727897644,0.4892766773700714,0.9084398746490479,0.7126808067903273,0.5709242370056656,1,1,FakeWhatsApp.BR_2018,whatsapp,desconhecido,2018-2022,desconhecido,False,none,v1,False,False,False
453606314311324474,test,1,-0.4166857898235321,0.5587449073791504,0.9754306972026825,0.7262006265393706,0.5881251884059441,1,1,EXT_AVERITECBR,external_claim,ext_averitecbr,2018-2022,pt-BR,False,other,checker,False,False,False
14915,test,1,-0.4184126555919647,0.4873303771018982,0.9057430326938629,0.7121282663085119,0.5702278856078001,1,1,FakeWhatsApp.BR_2018,whatsapp,desconhecido,2018-2022,desconhecido,False,none,v1,False,False,False
43875,test,1,-0.3160730302333832,0.4581516683101654,0.7742246985435486,0.6844340715062249,0.5359832246436446,1,0,fakes,agency_claim,desconhecido,2018-2022,desconhecido,False,false_pure,v1,False,False,False
292051914747646834,test,1,-0.36003223061561584,0.3535880148410797,0.7136202454566956,0.6712006076680199,0.5200679571368525,1,0,FC_BOATOS,agency_claim,boatos,<=2017,pt-BR,False,false_pure,checker,False,False,False
1017772357728132752,test,0,-0.4574725925922394,0.488072007894516,0.9455446004867554,0.7202182790877055,0.5804754160292364,1,1,NEWS_PODER360,press_true,poder360,<=2017,pt-BR,False,none,llm_local,False,False,False
31207,test,1,-0.5430857539176941,0.6476233005523682,1.1907090544700623,0.7668678540709949,0.6417777768544628,1,1,fakes,agency_claim,desconhecido,sem_data,desconhecido,False,none,v1,False,False,False
646702881292376172,test,1,-0.25276222825050354,0.4948463439941406,0.7476085722446442,0.678657395913245,0.5290006913544459,1,0,FC_OBSERVADOR,agency_claim,observador,>=2023,pt-PT,True,false_pure,checker,False,False,False
534115828743817527,test,1,-0.3982335031032562,0.4308730363845825,0.8291065394878387,0.6961659791607083,0.5503335949684159,1,1,FC_POLIGRAFO,agency_claim,poligrafo,>=2023,pt-BR,True,other,checker,False,False,False
957221005359918638,test,1,-0.399074524641037,0.402680903673172,0.801755428314209,0.6903498589856939,0.5431908507615756,1,1,EXT_AVERITECBR,external_claim,ext_averitecbr,2018-2022,pt-BR,False,other,checker,False,False,False
271721333467836126,test,1,-0.28553974628448486,0.4677221477031708,0.7532618939876556,0.6798890337521462,0.5304848390898722,1,0,FC_BOATOS_VIRAL,social,boatos,<=2017,pt-BR,False,false_pure,checker,False,False,False
29996,test,1,-0.3938017189502716,0.4589917063713074,0.852793425321579,0.7011527986788926,0.5565028088703513,1,1,fakes,agency_claim,desconhecido,sem_data,desconhecido,False,none,v1,False,False,False
2412,test,1,-0.5739976763725281,0.39205148816108704,0.9660491645336151,0.7243313124826459,0.5857282490232731,1,1,Fake.br,portal,desconhecido,sem_data,desconhecido,False,none,v1,False,False,False
16756,test,0,-0.28921881318092346,0.5314734578132629,0.8206922709941864,0.6943832702628369,0.5481382786788648,1,1,FakeWhatsApp.BR_2018,whatsapp,desconhecido,2018-2022,desconhecido,False,none,v1,False,False,False
739177016820624877,test,1,-0.5360696911811829,0.6344541907310486,1.1705238819122314,0.7632396967904973,0.6368727856335219,1,1,EXT_AVERITECBR,external_claim,ext_averitecbr,2018-2022,pt-BR,False,other,checker,False,False,False
8343,test,0,-0.0697745680809021,0.10148130357265472,0.17125587165355682,0.5427096345136861,0.37959952091612703,0,0,Fake.br,portal,desconhecido,sem_data,desconhecido,False,none,v1,False,False,False
1129547515342045689,test,1,-0.2383836954832077,0.2930183708667755,0.5314020663499832,0.6298100622745257,0.4721007102593128,0,0,EXT_LIARBR,external_claim,ext_liarbr,sem_data,pt-BR,False,false_pure,checker,False,False,False
39972,test,1,-0.39252525568008423,0.6877464652061462,1.0802717208862305,0.7465454005486573,0.6146037392608126,1,1,fakes,agency_claim,desconhecido,2018-2022,desconhecido,False,none,v1,False,False,False
30593,test,1,-0.4166916012763977,0.5521964430809021,0.9688880443572998,0.7248978059720516,0.5864540040269535,1,1,fakes,agency_claim,desconhecido,sem_data,desconhecido,False,none,v1,False,False,False
310789242988011230,test,1,-0.28535196185112,0.5165814757347107,0.8019334375858307,0.6903879101919819,0.5432373986064735,1,1,FC_EFARSAS,agency_claim,efarsas,<=2017,pt-BR,False,false_pure,checker,False,False,False
38607,test,1,-0.20144079625606537,0.04312308505177498,0.24456388130784035,0.5608380376949652,0.39795488429642006,0,0,fakes,agency_claim,desconhecido,2018-2022,desconhecido,True,none,v1,False,False,False
1103678035821172940,test,1,-0.25101587176322937,0.38527077436447144,0.6362866461277008,0.653913570207869,0.4997045009977252,0,0,FC_OBSERVADOR,agency_claim,observador,>=2023,pt-PT,True,false_pure,checker,False,False,False
852739488924369859,test,1,-0.4298665225505829,0.725591242313385,1.155457764863968,0.7605063875855161,0.633193006627178,1,1,FC_ESTADAO,agency_claim,estadao,sem_data,pt-BR,False,hard,checker,False,False,False
629233340849168306,test,1,-0.5638916492462158,0.6099020838737488,1.1737937331199646,0.7638300661127122,0.6376693254694116,1,1,FC_OBSERVADOR,agency_claim,observador,>=2023,pt-PT,True,false_pure,checker,False,False,False
26524,test,1,-0.2374388873577118,0.411564439535141,0.6490033268928528,0.6567858295327693,0.5030547885339519,1,0,fakes,agency_claim,desconhecido,2018-2022,desconhecido,False,false_pure,v1,False,False,False
887839112927876311,test,1,-0.4308939278125763,0.4265182614326477,0.857412189245224,0.7021197031149311,0.5577037921276516,1,1,FC_AFP,agency_claim,afp,>=2023,pt-BR,False,false_pure,checker,False,False,False
39074,test,1,-0.3431957960128784,0.5545312166213989,0.8977270126342773,0.7104821791491082,0.5681564384679784,1,1,fakes,agency_claim,desconhecido,2018-2022,desconhecido,False,false_pure,v1,False,False,False
209762365797096733,test,0,-0.3354225754737854,0.6197111010551453,0.9551336765289307,0.7221464289702573,0.5829342800637654,1,1,NEWS_BRASILDEFATO,press_true,brasildefato,<=2017,pt-BR,False,none,llm_local,False,False,False
287648338368530233,test,0,-0.28600701689720154,0.28161948919296265,0.5676265060901642,0.6382153236362347,0.48162364132807406,0,0,NEWS_ECO,press_true,eco,<=2017,pt-PT,True,none,llm_local,False,False,False
34230,test,1,-0.5591924786567688,0.5335800051689148,1.0927724838256836,0.7489034387825313,0.6177194059526226,1,1,fakes,agency_claim,desconhecido,sem_data,desconhecido,False,none,v1,False,False,False
122094121414635970,test,1,-0.28192028403282166,0.46495136618614197,0.7468716502189636,0.6784966656728753,0.5288071913223492,1,0,FC_EFARSAS,agency_claim,efarsas,2018-2022,pt-BR,False,false_pure,checker,False,False,False
333253882644783277,test,1,-0.31801775097846985,0.48904135823249817,0.807059109210968,0.6914824644925991,0.5445773891689014,1,1,FC_G1,agency_claim,g1,>=2023,pt-BR,False,false_pure,checker,False,False,False
608186451989593057,test,0,-0.3999587893486023,0.2595304846763611,0.6594892740249634,0.6591456516155232,0.5058171825041456,1,0,NEWS_PODER360,press_true,poder360,2018-2022,pt-BR,False,none,llm_local,False,False,False
698278017112336591,test,0,-0.14701694250106812,0.06871593743562698,0.2157328799366951,0.5537250148903187,0.39069853620332434,0,0,EXT_LIARBR,external_claim,ext_liarbr,sem_data,pt-BR,False,true_rating,checker,False,False,False
46297452613933723,test,0,-0.3010677993297577,0.35810256004333496,0.6591703593730927,0.6590739965757091,0.5057331727386896,1,0,FC_POLIGRAFO,agency_claim,poligrafo,2018-2022,pt-BR,True,true_rating,checker,False,False,False
643381487060462639,test,1,-0.5964627861976624,0.6870821118354797,1.283544898033142,0.7830525922909018,0.6639445304391681,1,1,FC_EFARSAS,agency_claim,efarsas,<=2017,pt-BR,False,false_pure,checker,False,False,False
38115,test,1,-0.25780779123306274,-0.05881527066230774,0.198992520570755,0.5495846169575958,0.38650708752506996,0,0,fakes,agency_claim,desconhecido,2018-2022,desconhecido,True,false_pure,v1,False,False,False
1092845826421119109,test,1,-0.14398322999477386,0.206501767039299,0.3504849970340729,0.5867351844918569,0.42497816934474,0,0,FC_POLIGRAFO,agency_claim,poligrafo,2018-2022,pt-BR,True,other,checker,False,False,False
5846,test,1,-0.22894889116287231,0.2650804817676544,0.49402937293052673,0.6210551891965764,0.462297228376,0,0,Fake.br,portal,desconhecido,sem_data,desconhecido,False,none,v1,False,False,False
31510,test,1,-0.4862825572490692,0.6141651272773743,1.1004476845264435,0.750343978792562,0.6196275923077934,1,1,fakes,agency_claim,desconhecido,sem_data,desconhecido,False,none,v1,False,False,False
992192439392737161,test,1,-0.24460625648498535,0.3938683569431305,0.6384746134281158,0.6544085635382804,0.5002809408830162,1,0,FC_BOATOS_VIRAL,social,boatos,>=2023,pt-BR,False,false_pure,checker,False,False,False
27035,test,1,-0.3781527578830719,0.384015291929245,0.7621680498123169,0.6818242556826531,0.5328218389823958,1,0,fakes,agency_claim,desconhecido,2018-2022,desconhecido,False,none,v1,False,False,False
42734,test,1,-0.5220699906349182,0.7080984115600586,1.2301684021949768,0.7738480472331135,0.6512804370596481,1,1,fakes,agency_claim,desconhecido,2018-2022,desconhecido,False,false_pure,v1,False,False,False
3483,test,0,-0.40781405568122864,0.5615843534469604,0.9693984091281891,0.7249995717303476,0.5865844382321281,1,1,Fake.br,portal,desconhecido,sem_data,desconhecido,False,none,v1,False,False,False
779334971287955918,test,1,-0.279167115688324,0.3497142791748047,0.6288813948631287,0.652235778628386,0.4977535350651444,0,0,FC_AFP,agency_claim,afp,>=2023,pt-BR,False,hard,checker,False,False,False
231279791009036169,test,1,-0.3850483298301697,0.39746174216270447,0.7825100719928741,0.6862208396213728,0.5381540806478139,1,0,EXT_AVERITECBR,external_claim,ext_averitecbr,2018-2022,pt-BR,False,other,checker,False,False,False
830075936905387327,test,1,-0.2355208694934845,0.40420156717300415,0.6397224366664886,0.6546907143407149,0.5006096910282314,1,0,FC_ESTADAO,agency_claim,estadao,sem_data,pt-BR,False,false_pure,checker,False,False,False
7167,test,0,-0.37164202332496643,0.35189223289489746,0.7235342562198639,0.6733848090908718,0.5226751158402493,1,0,Fake.br,portal,desconhecido,sem_data,desconhecido,False,none,v1,False,False,False
835213343213850911,test,1,-0.4080619513988495,0.4633423089981079,0.8714042603969574,0.7050378113415466,0.5613378749742897,1,1,FC_AFP,agency_claim,afp,>=2023,pt-BR,False,false_pure,checker,False,False,False
47323,test,0,-0.38694873452186584,0.3741914927959442,0.7611402273178101,0.6816012382737751,0.5325522070643031,1,0,true,press_true,desconhecido,2018-2022,desconhecido,False,none,v1,False,False,False
35859,test,1,-0.34236815571784973,0.37649160623550415,0.7188597619533539,0.6723558794761794,0.5214459756979403,1,0,fakes,agency_claim,desconhecido,2018-2022,desconhecido,True,none,v1,False,False,False
767923980039484986,test,1,-0.36457371711730957,0.5489006638526917,0.9134743809700012,0.7137106020928379,0.572223443493052,1,1,FC_BOATOS,agency_claim,boatos,2018-2022,pt-BR,False,false_pure,checker,False,False,False
838334390196175804,test,1,-0.09524132311344147,0.12368443608283997,0.21892575919628143,0.5545138828606355,0.3914998250150842,0,0,EXT_LIARBR,external_claim,ext_liarbr,sem_data,pt-BR,False,false_pure,checker,False,False,False
6792,test,1,-0.31232360005378723,0.5090296864509583,0.8213532865047455,0.6945235297376593,0.5483108092218565,1,1,Fake.br,portal,desconhecido,sem_data,desconhecido,False,none,v1,False,False,False
7287,test,0,-0.3688341975212097,0.3448067903518677,0.7136409878730774,0.6712051853029353,0.5200734131101511,1,0,Fake.br,portal,desconhecido,sem_data,desconhecido,False,none,v1,False,False,False
470395122689720823,test,1,-0.4207604229450226,0.5337791442871094,0.954539567232132,0.7220272046354438,0.5827820549836578,1,1,FC_BOATOS,agency_claim,boatos,<=2017,pt-BR,False,false_pure,checker,False,False,False
900023513159582916,test,1,-0.20982806384563446,0.17542409896850586,0.3852521628141403,0.5951392335819108,0.43395535406283176,0,0,FC_POLIGRAFO,agency_claim,poligrafo,>=2023,pt-BR,True,other,checker,False,False,False
34535,test,1,-0.46118977665901184,0.7228365540504456,1.1840263307094574,0.7656709763066053,0.640157101626648,1,1,fakes,agency_claim,desconhecido,sem_data,desconhecido,False,false_pure,v1,False,False,False
910359951868198283,test,1,-0.2770485281944275,0.16970929503440857,0.44675782322883606,0.6098681014333036,0.44993968705693704,0,0,FC_POLIGRAFO,agency_claim,poligrafo,>=2023,pt-BR,True,hard,checker,False,False,False
896053741906453882,test,1,-0.4128916561603546,0.4113163948059082,0.8242080509662628,0.6951288617049718,0.5490557925926806,1,1,FC_EFARSAS,agency_claim,efarsas,<=2017,pt-BR,False,false_pure,checker,False,False,False
906761147085444117,test,0,-0.21961447596549988,0.5131401419639587,0.7327546179294586,0.675409463213041,0.5250987552227312,1,0,EXT_LIARBR,external_claim,ext_liarbr,sem_data,pt-BR,False,true_rating,checker,False,False,False
46183876590515336,test,1,-0.3438155949115753,0.5331534743309021,0.8769690692424774,0.7061937442858374,0.5627813874260693,1,1,FC_BOATOS,agency_claim,boatos,<=2017,pt-BR,False,false_pure,checker,False,False,False
73801235427606723,test,1,-0.5679268836975098,0.7732226252555847,1.3411495089530945,0.7926789142099634,0.6773517992850321,1,1,FC_G1,agency_claim,g1,2018-2022,pt-BR,False,false_pure,checker,False,False,False
1105534682060782093,test,1,-0.4342834949493408,0.5562716722488403,0.9905551671981812,0.7291975643184936,0.5919805902356856,1,1,FC_BOATOS,agency_claim,boatos,>=2023,pt-BR,False,false_pure,checker,False,False,False
708950364019682797,test,1,-0.2165743112564087,0.2344243973493576,0.4509987086057663,0.6108766596141783,0.4510460327150915,0,0,FC_POLIGRAFO,agency_claim,poligrafo,>=2023,pt-BR,True,false_pure,checker,False,False,False
883825348228603599,test,0,-0.4047470986843109,0.5364235043525696,0.9411706030368805,0.7193360531175015,0.5793524842570961,1,1,EXT_LIARBR,external_claim,ext_liarbr,sem_data,pt-BR,False,true_rating,checker,False,False,False
1082604018360723605,test,1,-0.3840944468975067,0.4735265076160431,0.8576209545135498,0.7021633640326557,0.5577580599983771,1,1,EXT_LIARBR,external_claim,ext_liarbr,sem_data,pt-BR,False,false_pure,checker,False,False,False
41928,test,1,-0.41329482197761536,0.5648817420005798,0.9781765639781952,0.7267462569842686,0.5888259602976698,1,1,fakes,agency_claim,desconhecido,2018-2022,desconhecido,True,false_pure,v1,False,False,False
44741,test,1,-0.5132923722267151,0.6642377972602844,1.1775301694869995,0.7645034311036272,0.6385786010600815,1,1,fakes,agency_claim,desconhecido,2018-2022,desconhecido,False,false_pure,v1,False,False,False
34292015174495429,test,0,-0.22081731259822845,0.17496077716350555,0.395778089761734,0.5976728795086962,0.4366820904422372,0,0,EXT_LIARBR,external_claim,ext_liarbr,sem_data,pt-BR,False,true_rating,checker,False,False,False
15407157113119868,test,1,-0.4429400563240051,0.4918677806854248,0.9348078370094299,0.718049672582047,0.5777175138160036,1,1,FC_BOATOS,agency_claim,boatos,>=2023,pt-BR,False,false_pure,checker,False,False,False
102408022402135585,test,1,-0.16874563694000244,0.23732636868953705,0.4060720056295395,0.6001456465614059,0.4393524327588355,0,0,FC_POLIGRAFO,agency_claim,poligrafo,2018-2022,pt-BR,True,other,checker,False,False,False
605674468282152775,test,1,-0.4547067880630493,0.39539340138435364,0.850100189447403,0.7005881590746851,0.5558022006616687,1,1,FC_BOATOS,agency_claim,boatos.org,2018-2022,pt-BR,False,false_pure,checker_match,False,False,False
30879,test,1,-0.5283153057098389,0.6090579628944397,1.1373732686042786,0.7571970415867156,0.6287554489857691,1,1,fakes,agency_claim,desconhecido,sem_data,desconhecido,False,none,v1,False,False,False
562060404011154288,test,1,-0.23653286695480347,0.297885537147522,0.5344184041023254,0.6305130436679688,0.4728929873311438,0,0,FC_POLIGRAFO,agency_claim,poligrafo,>=2023,pt-BR,True,other,checker,False,False,False
529734920844177395,test,1,-0.27162474393844604,0.24805651605129242,0.5196812599897385,0.6270732312183118,0.4690234707250946,0,0,EXT_LIARBR,external_claim,ext_liarbr,sem_data,pt-BR,False,false_pure,checker,False,False,False
210414851241663595,test,0,-0.4467349946498871,0.5716855525970459,1.018420547246933,0.7346648270581251,0.599053919890312,1,1,EXT_LIARBR,external_claim,ext_liarbr,sem_data,pt-BR,False,true_rating,checker,False,False,False
1129680881782342008,test,1,-0.4077658951282501,0.5366399884223938,0.9444058835506439,0.7199887656437688,0.5801831541630965,1,1,EXT_AVERITECBR,external_claim,ext_averitecbr,2018-2022,pt-BR,False,other,checker,False,False,False
48521,test,0,-0.20760373771190643,0.14236845076084137,0.3499721884727478,0.5866108346781737,0.42484611221941165,0,0,true,press_true,desconhecido,2018-2022,desconhecido,True,none,v1,False,False,False
70322155446692745,test,1,-0.47264716029167175,0.4723184406757355,0.9449656009674072,0.7201015935460467,0.5803268176754881,1,1,FC_EFARSAS,agency_claim,efarsas,2018-2022,pt-BR,False,false_pure,checker,False,False,False
136537907859315831,test,1,-0.6005461812019348,0.7851697206497192,1.385715901851654,0.7999074304553501,0.6875293352275035,1,1,FC_EFARSAS,agency_claim,efarsas,2018-2022,pt-BR,False,hard,checker,False,False,False
908780453690805607,test,1,-0.32762232422828674,0.44675400853157043,0.7743763327598572,0.6844668211659534,0.5360229669280842,1,0,FC_BOATOS_VIRAL,social,boatos,<=2017,pt-BR,False,false_pure,checker,False,False,False
43358,test,1,-0.43832114338874817,0.6337423920631409,1.072063535451889,0.7449891451003358,0.6125528079161903,1,1,fakes,agency_claim,desconhecido,2018-2022,desconhecido,False,none,v1,False,False,False
1152126052613942578,test,1,-0.38290491700172424,0.43673014640808105,0.8196350634098053,0.6941588687084271,0.547862314674956,1,1,FC_BOATOS_VIRAL,social,boatos,>=2023,pt-BR,False,false_pure,checker,False,False,False
184962514837991781,test,1,-0.5351832509040833,0.5886500477790833,1.1238332986831665,0.7546990615218743,0.6254186962696987,1,1,FC_BOATOS,agency_claim,boatos,>=2023,pt-BR,False,false_pure,checker,False,False,False
41948,test,1,-0.47483789920806885,0.5094684958457947,0.9843063950538635,0.727961863048471,0.5903890494211709,1,1,fakes,agency_claim,desconhecido,2018-2022,desconhecido,True,none,v1,False,False,False
295844096612713967,test,1,-0.30700865387916565,0.32710501551628113,0.6341136693954468,0.6534216381783647,0.49913201128795376,0,0,FC_BOATOS,agency_claim,boatos,<=2017,pt-BR,False,false_pure,checker,False,False,False
16817,test,1,-0.3483057916164398,0.5699793696403503,0.9182851612567902,0.7146925666758218,0.5734639854699111,1,1,FakeWhatsApp.BR_2018,whatsapp,desconhecido,2018-2022,desconhecido,False,none,v1,False,False,False
30060,test,1,-0.41318318247795105,0.48772159218788147,0.9009047746658325,0.7111353986037918,0.5689779042329342,1,1,fakes,agency_claim,desconhecido,sem_data,desconhecido,False,none,v1,False,False,False
966284588364602394,test,1,-0.4157785475254059,0.3036285936832428,0.7194071412086487,0.6724764521629061,0.5215899206627921,1,0,FC_BOATOS,agency_claim,boatos,2018-2022,pt-BR,False,false_pure,checker,False,False,False
236,test,1,-0.36793139576911926,0.40378400683403015,0.7717154026031494,0.6838918528938999,0.5353254894628283,1,0,COVID19.BR,covid,desconhecido,sem_data,desconhecido,False,none,v1,False,False,False
16699,test,0,-0.20584264397621155,0.3784297704696655,0.5842724144458771,0.6420498952037328,0.48600453385874137,0,0,FakeWhatsApp.BR_2018,whatsapp,desconhecido,2018-2022,desconhecido,False,none,v1,False,False,False
1077609618952487738,test,1,-0.4653041958808899,0.7248900532722473,1.1901942491531372,0.7667758037349763,0.6416530422788121,1,1,FC_G1,agency_claim,g1,>=2023,pt-BR,False,false_pure,checker,False,False,False
48214722502391474,test,1,-0.5873947739601135,0.761425793170929,1.3488205671310425,0.7939367384668208,0.6791159978974073,1,1,FC_G1,agency_claim,g1,2018-2022,pt-BR,False,false_pure,checker,False,False,False
14817,test,1,-0.3383049964904785,0.5345686674118042,0.8728736639022827,0.7053432956615346,0.5617191404284066,1,1,FakeWhatsApp.BR_2018,whatsapp,desconhecido,2018-2022,desconhecido,False,none,v1,False,False,False
62280165519168549,test,0,-0.3976704180240631,0.6035298705101013,1.0012002885341644,0.7312945042199434,0.5946874122069116,1,1,FC_EFARSAS,agency_claim,efarsas,2018-2022,pt-BR,False,true_rating,checker,False,False,False
34299,test,1,-0.5396979451179504,0.6746129393577576,1.214310884475708,0.7710608214506114,0.6474755481989755,1,1,fakes,agency_claim,desconhecido,2018-2022,desconhecido,False,none,v1,False,False,False
150979650927560473,test,1,-0.23128649592399597,0.3251965641975403,0.5564830601215363,0.6356383983919156,0.4786924306776191,0,0,FC_POLIGRAFO,agency_claim,poligrafo,2018-2022,pt-BR,True,false_pure,checker,False,False,False
770692406732041248,test,1,-0.4249701499938965,0.4434158205986023,0.8683859705924988,0.7044097411023151,0.5605544939804926,1,1,FC_OBSERVADOR,agency_claim,observador,>=2023,pt-PT,True,false_pure,checker,False,False,False
708229640376893993,test,1,-0.46411195397377014,0.6121461391448975,1.0762580931186676,0.7457852092834917,0.6136013810638554,1,1,FC_AFP,agency_claim,afp,>=2023,pt-BR,False,hard,checker,False,False,False
346807429142972031,test,1,-0.382599413394928,0.6521601676940918,1.0347595810890198,0.7378375988331912,0.6031824997610705,1,1,FC_BOATOS,agency_claim,boatos,2018-2022,pt-BR,False,false_pure,checker,False,False,False
1105402130227133024,test,1,-0.137356236577034,0.12086664885282516,0.25822288542985916,0.5641993876084928,0.4014085955958815,0,0,FC_POLIGRAFO,agency_claim,poligrafo,2018-2022,pt-BR,True,false_pure,checker,False,False,False
44718,test,1,-0.5366646647453308,0.673644483089447,1.2103091478347778,0.7703536446230834,0.6465123760897716,1,1,fakes,agency_claim,desconhecido,2018-2022,desconhecido,False,false_pure,v1,False,False,False
44387,test,1,-0.34422746300697327,0.2916225492954254,0.6358500123023987,0.6538147486996315,0.4995894658902627,0,0,fakes,agency_claim,desconhecido,2018-2022,desconhecido,False,none,v1,False,False,False
7043,test,0,-0.3877018988132477,0.09558503329753876,0.48328693211078644,0.6185237349437391,0.45948435743927846,0,0,Fake.br,portal,desconhecido,sem_data,desconhecido,False,none,v1,False,False,False
954493034770358740,test,0,-0.4219192564487457,0.5160415768623352,0.9379608333110809,0.7186875712781462,0.57852792003498,1,1,EXT_AVERITECBR,external_claim,ext_averitecbr,2018-2022,pt-BR,False,other,checker,False,False,False
30596,test,1,-0.5436446666717529,0.535819947719574,1.079464614391327,0.7463926532115968,0.6144022513089918,1,1,fakes,agency_claim,desconhecido,sem_data,desconhecido,False,none,v1,False,False,False
839473587160465456,test,1,-0.3040350377559662,0.4368554651737213,0.7408905029296875,0.6771905540106972,0.5272363541657178,1,0,FC_POLIGRAFO,agency_claim,poligrafo,2018-2022,pt-BR,True,false_pure,checker,False,False,False
42145,test,1,-0.44674214720726013,0.4954224228858948,0.9421645700931549,0.7195366830556501,0.5796077369256897,1,1,fakes,agency_claim,desconhecido,2018-2022,desconhecido,True,none,v1,False,False,False
753387848180593355,test,1,-0.2668604254722595,0.2975139617919922,0.5643743872642517,0.6374640836879518,0.4807680530052002,0,0,FC_POLIGRAFO,agency_claim,poligrafo,>=2023,pt-BR,True,false_pure,checker,False,False,False
12972,test,0,-0.4321061074733734,0.5627074241638184,0.9948135316371918,0.7300376358717143,0.5930640789589112,1,1,FakeWhatsApp.BR_2018,whatsapp,desconhecido,2018-2022,desconhecido,False,none,v1,False,False,False
39895,test,1,-0.3668682277202606,0.4507843852043152,0.8176526129245758,0.6937378279189043,0.5473447543347036,1,1,fakes,agency_claim,desconhecido,2018-2022,desconhecido,True,false_pure,v1,False,False,False
844100926984753879,test,0,-0.36892077326774597,0.42916855216026306,0.798089325428009,0.689565621026355,0.5422320308167963,1,1,EXT_LIARBR,external_claim,ext_liarbr,sem_data,pt-BR,False,true_rating,checker,False,False,False
981354697271662673,test,1,-0.2957831919193268,0.49083206057548523,0.786615252494812,0.6871040980067161,0.5392291509988321,1,0,FC_BOATOS,agency_claim,boatos.org,>=2023,pt-BR,False,false_pure,checker_match,False,False,False
40486,test,1,-0.5133703351020813,0.6064040660858154,1.1197744011878967,0.7539468677880383,0.6244160894348567,1,1,fakes,agency_claim,desconhecido,2018-2022,desconhecido,True,false_pure,v1,False,False,False
1036378315203624239,test,1,-0.4340857267379761,0.5190823674201965,0.9531680941581726,0.7217518608125465,0.5824305904068591,1,1,FC_BOATOS,agency_claim,boatos.org,2018-2022,pt-BR,False,false_pure,checker_match,False,False,False
444636351911798339,test,1,-0.14038386940956116,0.3928416669368744,0.5332255363464355,0.6302351023880194,0.4725796498506787,0,0,FC_BOATOS,agency_claim,boatos.org,>=2023,pt-BR,False,false_pure,checker_match,False,False,False
29231,test,1,-0.4187317192554474,0.4706626832485199,0.8893944025039673,0.7087651826941317,0.5660006512711981,1,1,fakes,agency_claim,desconhecido,2018-2022,desconhecido,False,none,v1,False,False,False
34953,test,1,-0.41768357157707214,0.4473518133163452,0.8650353848934174,0.7037116158590512,0.5596845140180593,1,1,fakes,agency_claim,desconhecido,sem_data,desconhecido,False,false_pure,v1,False,False,False
36257,test,1,-0.32584646344184875,0.25166788697242737,0.5775143504142761,0.6404952580719256,0.4842256400423299,0,0,fakes,agency_claim,desconhecido,2018-2022,desconhecido,True,none,v1,False,False,False
37434,test,1,-0.4695950746536255,0.27660879492759705,0.7462038695812225,0.6783509793522737,0.5286318388672955,1,0,fakes,agency_claim,desconhecido,2018-2022,desconhecido,True,hard,v1,False,False,False
37048,test,1,-0.13993586599826813,0.1851678192615509,0.32510368525981903,0.5805675533119417,0.4184552530806255,0,0,fakes,agency_claim,desconhecido,2018-2022,desconhecido,True,none,v1,False,False,False
1141190215787471791,test,1,-0.44657278060913086,0.5128848552703857,0.9594576358795166,0.7230132016518422,0.5840417044526546,1,1,FC_AOSFATOS,agency_claim,aosfatos,>=2023,pt-BR,False,false_pure,checker,False,False,False
13597,test,0,-0.44227710366249084,0.6712066531181335,1.1134837567806244,0.7527780207604433,0.6228601016063344,1,1,FakeWhatsApp.BR_2018,whatsapp,desconhecido,2018-2022,desconhecido,False,none,v1,False,False,False
47230,test,0,-0.17772763967514038,0.17490173876285553,0.3526293784379959,0.5872550507873322,0.4255305006669109,0,0,true,press_true,desconhecido,2018-2022,desconhecido,False,none,v1,False,False,False
31593,test,1,-0.2684374153614044,0.3281015157699585,0.5965389311313629,0.6448640696168916,0.48923426691411115,0,0,fakes,agency_claim,desconhecido,sem_data,desconhecido,False,none,v1,False,False,False
58188065753102763,test,1,-0.4941820204257965,0.45124873518943787,0.9454307556152344,0.7201953383258946,0.5804461992629665,1,1,FC_EFARSAS,agency_claim,efarsas,2018-2022,pt-BR,False,false_pure,checker,False,False,False
764447428747006045,test,0,-0.5066074132919312,0.7650180459022522,1.2716254591941833,0.7810208727419534,0.6611361149044652,1,1,FC_EFARSAS,agency_claim,efarsas,2018-2022,pt-BR,False,true_rating,checker,False,False,False
179075918288185523,test,1,-0.2589555084705353,0.38538649678230286,0.6443420052528381,0.6557343162093187,0.5018267506975097,1,0,FC_BOATOS,agency_claim,boatos,>=2023,pt-BR,False,false_pure,checker,False,False,False
2274,test,1,-0.32673588395118713,0.48789694905281067,0.8146328330039978,0.6930958533064692,0.5465561809428922,1,1,Fake.br,portal,desconhecido,sem_data,desconhecido,False,none,v1,False,False,False
115353013136593294,test,1,-0.3249548077583313,0.47825321555137634,0.8032080233097076,0.6906602898710216,0.5435706693550237,1,1,FC_BOATOS,agency_claim,boatos,>=2023,pt-BR,False,false_pure,checker,False,False,False
2774,test,1,-0.39941051602363586,0.5599555969238281,0.959366112947464,0.7229948724275127,0.5840182729397827,1,1,Fake.br,portal,desconhecido,sem_data,desconhecido,False,none,v1,False,False,False
770757789096987571,test,1,-0.388094961643219,0.5276057720184326,0.9157007336616516,0.7141652912658732,0.5727976604884449,1,1,FC_BOATOS,agency_claim,boatos,2018-2022,pt-BR,False,false_pure,checker,False,False,False
49271,test,0,-0.5287574529647827,0.4411350190639496,0.9698924720287323,0.7250980646654934,0.5867106945876102,1,1,true,press_true,desconhecido,2018-2022,desconhecido,True,none,v1,False,False,False
26688,test,1,-0.4362899363040924,0.5953865647315979,1.0316765010356903,0.7372407914068654,0.602404565632753,1,1,fakes,agency_claim,desconhecido,2018-2022,desconhecido,False,none,v1,False,False,False
1038269618901428909,test,0,-0.5143845081329346,0.289218544960022,0.8036030530929565,0.6907446810953013,0.5436739513817941,1,1,EXT_LIARBR,external_claim,ext_liarbr,sem_data,pt-BR,False,true_rating,checker,False,False,False
337615536850777542,test,1,-0.43818220496177673,0.6274554133415222,1.065637618303299,0.7437664266181973,0.610944408557123,1,1,FC_UOL,agency_claim,uol,sem_data,pt-BR,False,false_pure,checker,False,False,False
889793759560160411,test,0,-0.16042488813400269,0.3018893003463745,0.4623141884803772,0.6135630221840439,0.4540003113637343,0,0,FC_POLIGRAFO,agency_claim,poligrafo,2018-2022,pt-BR,True,true_rating,checker,False,False,False
1002302033453744415,test,1,-0.3571111261844635,0.391483336687088,0.7485944628715515,0.6788723625734705,0.5292595515995037,1,0,FC_G1,agency_claim,g1,2018-2022,pt-BR,False,false_pure,checker,False,False,False
912,test,0,-0.31677013635635376,0.5015239715576172,0.818294107913971,0.693874106629742,0.547512241335357,1,1,COVID19.BR,covid,desconhecido,sem_data,desconhecido,False,none,v1,False,False,False
60221742923794216,test,1,-0.4289349913597107,0.5893226861953735,1.0182576775550842,0.7346330772617203,0.5990126937403184,1,1,FC_POLIGRAFO,agency_claim,poligrafo,>=2023,pt-BR,True,false_pure,checker,False,False,False
965868381588767692,test,1,-0.22205573320388794,0.23001030087471008,0.452066034078598,0.6111303396290894,0.4513245491154524,0,0,FC_POLIGRAFO,agency_claim,poligrafo,>=2023,pt-BR,True,false_pure,checker,False,False,False
10059794454433010,test,1,-0.49431905150413513,0.6171465516090393,1.1114656031131744,0.7524022441861312,0.6223603734831266,1,1,FC_OBSERVADOR,agency_claim,observador,>=2023,pt-PT,True,false_pure,checker,False,False,False
81674174815021674,test,1,-0.42940112948417664,0.46884527802467346,0.8982464075088501,0.710589005566621,0.5682907301348327,1,1,EXT_AVERITECBR,external_claim,ext_averitecbr,2018-2022,pt-BR,False,other,checker,False,False,False
301349517842753766,test,1,-0.5810155868530273,0.6895841956138611,1.2705997824668884,0.7808454034910499,0.6608939141397643,1,1,FC_EFARSAS,agency_claim,efarsas,2018-2022,pt-BR,False,false_pure,checker,False,False,False
1055018536007902887,test,1,-0.4004491865634918,0.6775466203689575,1.0779958069324493,0.7461145210706869,0.6140354742039611,1,1,FC_AOSFATOS,agency_claim,aosfatos,2018-2022,pt-BR,False,false_pure,checker,False,False,False
15365,test,1,-0.35754022002220154,0.495095431804657,0.8526356518268585,0.7011197381579447,0.5564617724382446,1,1,FakeWhatsApp.BR_2018,whatsapp,desconhecido,2018-2022,desconhecido,False,none,v1,False,False,False
1075421439781312831,test,1,-0.3969230353832245,0.5841243863105774,0.9810474216938019,0.7273159982540396,0.5895582459317147,1,1,FC_COMPROVA,agency_claim,comprova,>=2023,pt-BR,False,false_pure,checker,False,False,False
39496,test,1,-0.35099485516548157,0.48124268651008606,0.8322375416755676,0.6968278382743571,0.5511499903866821,1,1,fakes,agency_claim,desconhecido,2018-2022,desconhecido,False,hard,v1,False,False,False
49683,test,0,-0.4892966151237488,0.48625531792640686,0.9755519330501556,0.7262247315990817,0.5881561365358388,1,1,true,press_true,desconhecido,2018-2022,desconhecido,True,none,v1,False,False,False
36126,test,1,-0.2926141321659088,0.24722042679786682,0.5398345589637756,0.6317739310953604,0.4743159450531125,0,0,fakes,agency_claim,desconhecido,2018-2022,desconhecido,True,none,v1,False,False,False
624382850122315229,test,1,-0.5862600207328796,0.6669297814369202,1.2531898021697998,0.777851542752227,0.6567699911077094,1,1,FC_UOL,agency_claim,uol,2018-2022,pt-BR,False,false_pure,checker,False,False,False
1064217414336953044,test,1,-0.2941495180130005,0.36628079414367676,0.6604303121566772,0.6593570454828208,0.506065072577263,1,0,FC_G1,agency_claim,g1,2018-2022,pt-BR,False,false_pure,checker,False,False,False
41754,test,1,-0.2844330966472626,0.3609766662120819,0.6454097628593445,0.6559753189980521,0.5021080568187595,1,0,fakes,agency_claim,desconhecido,2018-2022,desconhecido,True,false_pure,v1,False,False,False
159417265301605387,test,1,-0.4515208899974823,0.4278067648410797,0.879327654838562,0.706682875285752,0.5633928857293956,1,1,FC_UOL,agency_claim,uol,sem_data,pt-BR,False,false_pure,checker,False,False,False
471804229620390851,test,1,-0.23671716451644897,0.352782279253006,0.589499443769455,0.6432502866116305,0.4873806660844432,0,0,FC_POLIGRAFO,agency_claim,poligrafo,>=2023,pt-BR,True,false_pure,checker,False,False,False
661984386407829817,test,1,-0.26410746574401855,0.41919809579849243,0.683305561542511,0.6644760647213712,0.5120897063654885,1,0,FC_ESTADAO,agency_claim,estadao,sem_data,pt-BR,False,false_pure,checker,False,False,False
49337,test,0,-0.27473723888397217,0.46710503101348877,0.7418422698974609,0.6773985785104297,0.5274863549577056,1,0,true,press_true,desconhecido,2018-2022,desconhecido,True,none,v1,False,False,False
10799,test,0,-0.4984818398952484,0.5909276008605957,1.0894094407558441,0.7482704991393865,0.6168821467364739,1,1,LLM4BR_300,llm,desconhecido,sem_data,desconhecido,False,none,v1,False,False,False
628724068057421083,test,1,-0.26977109909057617,0.28601786494255066,0.5557889640331268,0.6354776290642106,0.47850989967661933,0,0,EXT_LIARBR,external_claim,ext_liarbr,sem_data,pt-BR,False,false_pure,checker,False,False,False
828729202959436997,test,1,-0.1694880723953247,0.2147681564092636,0.3842562288045883,0.5948992420301453,0.43369756208796234,0,0,EXT_LIARBR,external_claim,ext_liarbr,sem_data,pt-BR,False,false_pure,checker,False,False,False
133799889179034709,test,0,-0.27953335642814636,0.4575652480125427,0.7370986044406891,0.6763610753773097,0.5262402011556522,1,0,NEWS_OECO,press_true,oeco,<=2017,pt-BR,False,none,llm_local,False,False,False
132584308249050317,test,1,-0.14398932456970215,0.15982627868652344,0.3038156032562256,0.5753750067430881,0.4130060877709554,0,0,FC_POLIGRAFO,agency_claim,poligrafo,>=2023,pt-BR,True,false_pure,checker,False,False,False
12990,test,0,-0.4175316393375397,0.6184260249137878,1.0359576642513275,0.738069281939259,0.6034846640369771,1,1,FakeWhatsApp.BR_2018,whatsapp,desconhecido,2018-2022,desconhecido,False,none,v1,False,False,False
945818957718707766,test,1,-0.3655710518360138,0.4681890606880188,0.8337601125240326,0.6971493983392534,0.5515468949148729,1,1,EXT_LIARBR,external_claim,ext_liarbr,sem_data,pt-BR,False,false_pure,checker,False,False,False
409052280593327584,test,1,-0.3583356440067291,0.46345338225364685,0.821789026260376,0.6946159687073388,0.5484245345724208,1,1,FC_BOATOS,agency_claim,boatos.org,>=2023,pt-BR,False,false_pure,checker_match,False,False,False
48935544612011149,test,1,-0.45267024636268616,0.5906990766525269,1.043369323015213,0.7394995958527323,0.6053521690686143,1,1,FC_AFP,agency_claim,afp,>=2023,pt-BR,False,false_pure,checker,False,False,False
40643,test,1,-0.40022680163383484,0.5237261056900024,0.9239529073238373,0.7158468526984891,0.5749243243957133,1,1,fakes,agency_claim,desconhecido,2018-2022,desconhecido,True,false_pure,v1,False,False,False
426468212938622203,test,1,-0.2874297499656677,0.4408077299594879,0.7282374799251556,0.6744183805834646,0.5239115331487436,1,0,FC_BOATOS,agency_claim,boatos,>=2023,pt-BR,False,false_pure,checker,False,False,False
38495,test,1,-0.4658301770687103,0.6222026348114014,1.0880328118801117,0.7480111062891358,0.6165392224260471,1,1,fakes,agency_claim,desconhecido,2018-2022,desconhecido,True,none,v1,False,False,False
29982,test,1,-0.5940398573875427,0.7050970196723938,1.2991368770599365,0.7856896850275773,0.6676008079612394,1,1,fakes,agency_claim,desconhecido,sem_data,desconhecido,False,none,v1,False,False,False
35069,test,1,-0.2533283829689026,0.41233623027801514,0.6656646132469177,0.6605317149168075,0.5074438444257267,1,0,fakes,agency_claim,desconhecido,2018-2022,desconhecido,False,false_pure,v1,False,False,False
342856338829505775,test,1,-0.47516462206840515,0.5460544228553772,1.0212190449237823,0.735209986612716,0.5997620660555214,1,1,FC_ESTADAO,agency_claim,estadao,sem_data,pt-BR,False,hard,checker,False,False,False
39620,test,1,-0.3118763267993927,0.29327455163002014,0.6051508784294128,0.6468338599624034,0.4915023171725851,0,0,fakes,agency_claim,desconhecido,2018-2022,desconhecido,False,none,v1,False,False,False
606701409573798562,test,1,-0.40634283423423767,0.452070951461792,0.8584137856960297,0.7023291422175802,0.5579641413798123,1,1,FC_BOATOS,agency_claim,boatos.org,>=2023,pt-BR,False,false_pure,checker_match,False,False,False
42389,test,1,-0.4791516661643982,0.583554208278656,1.0627058744430542,0.7432073017601118,0.6102097912441984,1,1,fakes,agency_claim,desconhecido,2018-2022,desconhecido,False,false_pure,v1,False,False,False
11656,test,1,-0.3340722620487213,0.5268924832344055,0.8609647452831268,0.7028621778665007,0.5586270790144985,1,1,FakeWhatsApp.BR_2018,whatsapp,desconhecido,2018-2022,desconhecido,False,none,v1,False,False,False
187303182086736090,test,1,-0.5383132696151733,0.6194751858711243,1.1577884554862976,0.7609306334592357,0.6337632881610457,1,1,FC_SBT,agency_claim,sbt,>=2023,pt-BR,False,hard,checker_match,False,False,False
36255,test,1,-0.188653826713562,-0.024969426915049553,0.16368439979851246,0.5408299789156189,0.37772222815541373,0,0,fakes,agency_claim,desconhecido,2018-2022,desconhecido,True,none,v1,False,False,False
1092177070424179336,test,0,-0.4144211709499359,0.7716326117515564,1.1860537827014923,0.7660345436237285,0.6406491333666993,1,1,NEWS_OECO,press_true,oeco,<=2017,pt-BR,False,none,llm_local,False,False,False
425652293115088226,test,1,-0.4394260346889496,0.542661726474762,0.9820877611637115,0.7275222773139777,0.5898235133317419,1,1,FC_POLIGRAFO,agency_claim,poligrafo,>=2023,pt-BR,True,false_pure,checker,False,False,False
730270428682471022,test,1,-0.3010265529155731,0.48453253507614136,0.7855590879917145,0.6868769861691099,0.5389525956398677,1,0,FC_POLIGRAFO,agency_claim,poligrafo,2018-2022,pt-BR,True,other,checker,False,False,False
1033367403425961202,test,0,-0.45773980021476746,0.6610987782478333,1.1188385784626007,0.753773221135033,0.6241847758479051,1,1,NEWS_PODER360,press_true,poder360,<=2017,pt-BR,False,none,llm_local,False,False,False
16651,test,1,-0.37791207432746887,0.5970416069030762,0.974953681230545,0.7261057696572789,0.5880034127716741,1,1,FakeWhatsApp.BR_2018,whatsapp,desconhecido,2018-2022,desconhecido,False,none,v1,False,False,False
13427,test,0,-0.43486687541007996,0.3027088940143585,0.7375757694244385,0.676465516460484,0.5263655667285342,1,0,FakeWhatsApp.BR_2018,whatsapp,desconhecido,2018-2022,desconhecido,False,none,v1,False,False,False
39609,test,1,-0.5374411940574646,0.5312307476997375,1.0686719417572021,0.7443442738413181,0.6117041993915785,1,1,fakes,agency_claim,desconhecido,2018-2022,desconhecido,False,none,v1,False,False,False
863474782569047952,test,1,-0.42835405468940735,0.6281542778015137,1.056508332490921,0.7420227178703311,0.6086552080014148,1,1,FC_OBSERVADOR,agency_claim,observador,>=2023,pt-PT,True,false_pure,checker,False,False,False
924293131234166475,test,1,-0.5228683948516846,0.642279863357544,1.1651482582092285,0.7622669212406061,0.6355616449292298,1,1,FC_OBSERVADOR,agency_claim,observador,>=2023,pt-PT,True,false_pure,checker,False,False,False
829486985483132303,test,1,-0.42308005690574646,0.5738918781280518,0.9969719350337982,0.7304628085415152,0.5936129134398568,1,1,FC_BOATOS,agency_claim,boatos,<=2017,pt-BR,False,false_pure,checker,False,False,False
1009049136044530920,test,1,-0.3273269236087799,0.40217325091362,0.7295001745223999,0.6746955797399007,0.5242434301244888,1,0,FC_POLIGRAFO,agency_claim,poligrafo,2018-2022,pt-BR,True,false_pure,checker,False,False,False
781246324217678315,test,1,-0.5477680563926697,0.7943388819694519,1.3421069383621216,0.7928362131622927,0.6775722674012346,1,1,FC_BOATOS,agency_claim,boatos,<=2017,pt-BR,False,false_pure,checker,False,False,False
413222467111814763,test,1,-0.6070610880851746,0.6680954098701477,1.2751564979553223,0.781624177374924,0.661969279981245,1,1,EXT_AVERITECBR,external_claim,ext_averitecbr,2018-2022,pt-BR,False,other,checker,False,False,False
39184,test,1,-0.47243624925613403,0.48832425475120544,0.9607605040073395,0.7232740448565746,0.5843752208313563,1,1,fakes,agency_claim,desconhecido,2018-2022,desconhecido,False,none,v1,False,False,False
693966582929940482,test,1,-0.4463644325733185,0.4434419870376587,0.8898064196109772,0.7088502227539818,0.5661073064726151,1,1,FC_BOATOS,agency_claim,boatos,2018-2022,pt-BR,False,false_pure,checker,False,False,False
257755444891070586,test,1,-0.4723769426345825,0.60151606798172,1.0738930106163025,0.7453365535693626,0.6130102766753227,1,1,FC_BOATOS,agency_claim,boatos.org,2018-2022,pt-BR,False,false_pure,checker_match,False,False,False
14266,test,1,-0.5143139362335205,0.6595895290374756,1.173903465270996,0.7638498605279495,0.6376960432785006,1,1,FakeWhatsApp.BR_2018,whatsapp,desconhecido,2018-2022,desconhecido,False,none,v1,False,False,False
510867437267402510,test,1,-0.6320306658744812,0.8533673882484436,1.4853980541229248,0.8153865407421028,0.7096413041925751,1,1,FC_EFARSAS,agency_claim,efarsas,2018-2022,pt-BR,False,false_pure,checker,False,False,False
13287,test,0,-0.3524642586708069,0.5560004115104675,0.9084646701812744,0.7126858840671856,0.5709306381604508,1,1,FakeWhatsApp.BR_2018,whatsapp,desconhecido,2018-2022,desconhecido,False,none,v1,False,False,False
231441130445741514,test,1,-0.4953829348087311,0.6565700769424438,1.151953011751175,0.7598674617013854,0.6323347491655993,1,1,FC_G1,agency_claim,g1,2018-2022,pt-BR,False,false_pure,checker,False,False,False
781514374691586574,test,0,-0.27355027198791504,0.30133941769599915,0.5748896896839142,0.6398906782578859,0.4835348680598838,0,0,FC_POLIGRAFO,agency_claim,poligrafo,2018-2022,pt-BR,True,true_rating,checker,False,False,False
1052700945787244328,test,0,-0.3244217336177826,0.4660024046897888,0.7904241383075714,0.6879223940459794,0.5402263012042597,1,1,EXT_LIARBR,external_claim,ext_liarbr,sem_data,pt-BR,False,true_rating,checker,False,False,False
15090,test,0,-0.27780213952064514,0.4847547709941864,0.7625569105148315,0.6819086091349273,0.5329238450473903,1,0,FakeWhatsApp.BR_2018,whatsapp,desconhecido,2018-2022,desconhecido,False,none,v1,False,False,False
305872716875980449,test,1,-0.572279691696167,0.6255026459693909,1.1977823376655579,0.7681300387908617,0.6434896467011831,1,1,FC_BOATOS,agency_claim,boatos,2018-2022,pt-BR,False,false_pure,checker,False,False,False
974234968825657642,test,1,-0.41870126128196716,0.5595175623893738,0.9782188236713409,0.7267546490929779,0.5888367425748613,1,1,FC_BOATOS,agency_claim,boatos,<=2017,pt-BR,False,false_pure,checker,False,False,False
51114,test,1,-0.4349674582481384,0.5665945410728455,1.0015619993209839,0.7313655754745493,0.5947792873129694,1,1,MuMiN-PT,social,desconhecido,sem_data,desconhecido,False,other,v1,False,False,False
28905,test,1,-0.3786837160587311,0.4072389602661133,0.7859226763248444,0.686955180340275,0.5390478035071088,1,0,fakes,agency_claim,desconhecido,2018-2022,desconhecido,False,false_pure,v1,False,False,False
41630,test,1,-0.37447187304496765,0.397399365901947,0.7718712389469147,0.6839255412192843,0.5353663407963762,1,0,fakes,agency_claim,desconhecido,2018-2022,desconhecido,True,false_pure,v1,False,False,False
38434,test,1,-0.3276708424091339,0.40217870473861694,0.7298495471477509,0.6747722558712274,0.5243352583132659,1,0,fakes,agency_claim,desconhecido,2018-2022,desconhecido,True,none,v1,False,False,False
361417559857067532,test,1,-0.44464346766471863,0.6018896698951721,1.0465331375598907,0.7401086109297328,0.6061484185298696,1,1,FC_BOATOS,agency_claim,boatos,2018-2022,pt-BR,False,false_pure,checker,False,False,False
27820436421962339,test,1,-0.5568035244941711,0.6487458348274231,1.2055493593215942,0.7695105122674536,0.6453651993770816,1,1,FC_EFARSAS,agency_claim,efarsas,2018-2022,pt-BR,False,false_pure,checker,False,False,False
33868,test,1,-0.32851576805114746,0.2656629681587219,0.5941787362098694,0.6443233663704505,0.48861275726517217,0,0,fakes,agency_claim,desconhecido,2018-2022,desconhecido,False,none,v1,False,False,False
495754950951022000,test,1,-0.6658231019973755,0.7345045208930969,1.4003276228904724,0.8022358722164038,0.6908278182623485,1,1,FC_BOATOS,agency_claim,boatos,>=2023,pt-BR,False,false_pure,checker,False,False,False
44566,test,1,-0.29224342107772827,0.5016189217567444,0.7938623428344727,0.6886600482458811,0.5411261323508636,1,1,fakes,agency_claim,desconhecido,2018-2022,desconhecido,False,false_pure,v1,False,False,False
7134,test,1,-0.43074679374694824,0.5359352827072144,0.9666820764541626,0.7244576715180164,0.5858900842843756,1,1,Fake.br,portal,desconhecido,sem_data,desconhecido,False,none,v1,False,False,False
27527,test,1,-0.3822634518146515,0.4310055077075958,0.8132689595222473,0.6928056619550308,0.54619994756881,1,1,fakes,agency_claim,desconhecido,2018-2022,desconhecido,False,none,v1,False,False,False
186540279158762306,test,0,-0.5601015686988831,0.7266002893447876,1.2867018580436707,0.7835884212863834,0.6646864347061092,1,1,NEWS_PODER360,press_true,poder360,2018-2022,pt-BR,False,none,llm_local,False,False,False
783,test,0,-0.24977165460586548,0.3476810157299042,0.5974526703357697,0.6450733013436257,0.4894748907159818,0,0,COVID19.BR,covid,desconhecido,sem_data,desconhecido,False,none,v1,False,False,False
13820,test,1,-0.3805617392063141,0.5753578543663025,0.9559195935726166,0.7223040964477023,0.5831356266071183,1,1,FakeWhatsApp.BR_2018,whatsapp,desconhecido,2018-2022,desconhecido,False,none,v1,False,False,False
891255244788706799,test,0,-0.0997023954987526,0.19007384777069092,0.2897762432694435,0.5719413526969132,0.40942393530374893,0,0,NEWS_PODER360,press_true,poder360,2018-2022,pt-BR,False,none,llm_local,False,False,False
821582431145831277,test,1,-0.18409183621406555,0.185799703001976,0.36989153921604156,0.5914327702236098,0.42998339933589097,0,0,FC_POLIGRAFO,agency_claim,poligrafo,>=2023,pt-BR,True,false_pure,checker,False,False,False
535732458330193145,test,1,-0.26479223370552063,0.3992382287979126,0.6640304625034332,0.6601651939317297,0.5070134025145987,1,0,FC_G1,agency_claim,g1,2018-2022,pt-BR,False,false_pure,checker,False,False,False
47164,test,0,-0.05866092070937157,0.12483665347099304,0.1834975741803646,0.5457461043941759,0.3826423804193991,0,0,true,press_true,desconhecido,2018-2022,desconhecido,False,none,v1,False,False,False
208953161144006692,test,0,-0.28077420592308044,0.44862210750579834,0.7293963134288788,0.6746727837424453,0.5242161312294212,1,0,NEWS_BRASILDEFATO,press_true,brasildefato,2018-2022,pt-BR,False,none,llm_local,False,False,False
585,test,0,-0.44115325808525085,0.5399311184883118,0.9810843765735626,0.7273233273590564,0.589567669638555,1,1,COVID19.BR,covid,desconhecido,sem_data,desconhecido,False,none,v1,False,False,False
685559123491743866,test,1,-0.21058739721775055,0.2657950222492218,0.47638241946697235,0.6168932727092734,0.45767778518649554,0,0,FC_POLIGRAFO,agency_claim,poligrafo,>=2023,pt-BR,True,other,checker,False,False,False
8795,test,0,-0.35719749331474304,0.3889176547527313,0.7461151480674744,0.6783316208165325,0.5286085409605835,1,0,Fake.br,portal,desconhecido,sem_data,desconhecido,False,none,v1,False,False,False
967568353881145827,test,1,-0.3737143576145172,0.49783411622047424,0.8715484738349915,0.7050678010086024,0.5613752971816666,1,1,FC_AFP,agency_claim,afp,2018-2022,pt-BR,False,false_pure,checker,False,False,False
25172,test,1,-0.5017189979553223,0.5137370228767395,1.0154560208320618,0.7340865428815757,0.5983033096085604,1,1,fakes,agency_claim,desconhecido,2018-2022,desconhecido,False,none,v1,False,False,False
1046856706943545175,test,1,-0.45509305596351624,0.5543421506881714,1.0094352066516876,0.7329096037254872,0.5967774392827578,1,1,FC_COMPROVA,agency_claim,comprova,>=2023,pt-BR,False,other,checker,False,False,False
1112870357568289728,test,1,-0.5536345839500427,0.5551744103431702,1.108808994293213,0.7519070044908301,0.6217021568492109,1,1,FC_G1,agency_claim,g1,>=2023,pt-BR,False,false_pure,checker,False,False,False
41949,test,1,-0.37854036688804626,0.34971800446510315,0.7282583713531494,0.674422967869499,0.5239170245951952,1,0,fakes,agency_claim,desconhecido,2018-2022,desconhecido,True,false_pure,v1,False,False,False
1103213264118654383,test,1,-0.5614103674888611,0.7640689015388489,1.32547926902771,0.7900918696674871,0.6737322346861646,1,1,FC_BOATOS,agency_claim,boatos,2018-2022,pt-BR,False,false_pure,checker,False,False,False
47946,test,0,-0.43607455492019653,0.4502003490924835,0.88627490401268,0.708120845769619,0.5651929367821843,1,1,true,press_true,desconhecido,2018-2022,desconhecido,False,none,v1,False,False,False
3479,test,0,-0.36756572127342224,0.527015745639801,0.8945814669132233,0.709834720901271,0.5673429313577515,1,1,Fake.br,portal,desconhecido,sem_data,desconhecido,False,none,v1,False,False,False
36724,test,1,-0.20972254872322083,0.25320708751678467,0.4629296362400055,0.6137089367621044,0.4541610891032389,0,0,fakes,agency_claim,desconhecido,2018-2022,desconhecido,True,none,v1,False,False,False
406213978245703458,test,1,-0.21655574440956116,0.36165106296539307,0.5782068073749542,0.6406546884443874,0.48440789465613876,0,0,FC_UOL,agency_claim,uol,sem_data,pt-BR,False,hard,checker,False,False,False
32813,test,1,-0.5363163352012634,0.6097087264060974,1.1460250616073608,0.7587841294647606,0.6308811817427068,1,1,fakes,agency_claim,desconhecido,2018-2022,desconhecido,False,false_pure,v1,False,False,False
40768,test,1,-0.26886817812919617,0.2635124623775482,0.5323806405067444,0.630038187204248,0.4723577292218338,0,0,fakes,agency_claim,desconhecido,2018-2022,desconhecido,True,false_pure,v1,False,False,False
11128,test,0,-0.42970478534698486,0.49413836002349854,0.9238431453704834,0.715824525475661,0.5748960557004976,1,1,FakeWhatsApp.BR_2018,whatsapp,desconhecido,2018-2022,desconhecido,False,none,v1,False,False,False
875718367642859941,test,0,-0.16266131401062012,0.26737499237060547,0.4300363063812256,0.6058823380270303,0.44558236814051916,0,0,FC_POLIGRAFO,agency_claim,poligrafo,>=2023,pt-BR,True,true_rating,checker,False,False,False
1080341513993095695,test,1,-0.2553843557834625,0.27498361468315125,0.5303679704666138,0.629568931146823,0.4718291247905002,0,0,FC_POLIGRAFO,agency_claim,poligrafo,>=2023,pt-BR,True,false_pure,checker,False,False,False
414500816483122078,test,0,-0.4114989936351776,0.5788817405700684,0.990380734205246,0.7291631179240592,0.5919361887501338,1,1,NEWS_PODER360,press_true,poder360,<=2017,pt-BR,False,none,llm_local,False,False,False
488165125705777620,test,1,-0.48457738757133484,0.5088680386543274,0.9934454262256622,0.7297679211409654,0.5927160794391303,1,1,FC_POLIGRAFO,agency_claim,poligrafo,>=2023,pt-BR,True,false_pure,checker,False,False,False
14012942802353048,test,0,-0.2735511362552643,0.4428142011165619,0.7163653373718262,0.6718061380127214,0.5207899692017326,1,0,EXT_AVERITECBR,external_claim,ext_averitecbr,2018-2022,pt-BR,False,other,checker,False,False,False
569191056742223597,test,1,-0.1510833501815796,0.17913605272769928,0.33021940290927887,0.5818127599915975,0.4197677608315635,0,0,EXT_LIARBR,external_claim,ext_liarbr,sem_data,pt-BR,False,false_pure,checker,False,False,False
16501,test,0,-0.2556905150413513,0.5037592053413391,0.7594497203826904,0.6812342502074185,0.532108689762676,1,0,FakeWhatsApp.BR_2018,whatsapp,desconhecido,2018-2022,desconhecido,False,none,v1,False,False,False
277487706288178338,test,0,-0.171518474817276,0.16812348365783691,0.3396419584751129,0.5841035477474972,0.4221882070926641,0,0,FC_POLIGRAFO,agency_claim,poligrafo,2018-2022,pt-BR,True,true_rating,checker,False,False,False
16494,test,0,-0.2798174023628235,0.5633671879768372,0.8431845903396606,0.6991355033272291,0.5540021926332923,1,1,FakeWhatsApp.BR_2018,whatsapp,desconhecido,2018-2022,desconhecido,False,none,v1,False,False,False
31208,test,1,-0.5058179497718811,0.707447350025177,1.213265299797058,0.7708761962280227,0.6472240032514243,1,1,fakes,agency_claim,desconhecido,sem_data,desconhecido,False,none,v1,False,False,False
1103240154642419912,test,0,-0.481128990650177,0.556717038154602,1.037846028804779,0.7384341821183827,0.6039607613505259,1,1,EXT_LIARBR,external_claim,ext_liarbr,sem_data,pt-BR,False,true_rating,checker,False,False,False
13001,test,1,-0.55120450258255,0.6849867701530457,1.2361912727355957,0.7749003544203271,0.6527205708637672,1,1,FakeWhatsApp.BR_2018,whatsapp,desconhecido,2018-2022,desconhecido,False,none,v1,False,False,False
262778633269789678,test,0,-0.23612254858016968,0.2090057134628296,0.44512826204299927,0.6094803122267276,0.44951470452446496,0,0,FC_POLIGRAFO,agency_claim,poligrafo,>=2023,pt-BR,True,true_rating,checker,False,False,False
959,test,0,-0.4213883578777313,0.43694832921028137,0.8583366870880127,0.7023130235061659,0.5579441019385593,1,1,COVID19.BR,covid,desconhecido,sem_data,desconhecido,False,none,v1,False,False,False
36696,test,1,-0.23410865664482117,0.25065067410469055,0.4847593307495117,0.6188710898491836,0.4598697513577056,0,0,fakes,agency_claim,desconhecido,2018-2022,desconhecido,True,none,v1,False,False,False
361228996457116878,test,1,-0.24697503447532654,0.2994838058948517,0.5464588403701782,0.6333136253397185,0.47605687240598205,0,0,EXT_LIARBR,external_claim,ext_liarbr,sem_data,pt-BR,False,false_pure,checker,False,False,False
609272377713280285,test,1,-0.3639468252658844,0.4947699010372162,0.8587167263031006,0.7023924719827379,0.5580428797601651,1,1,FC_BOATOS,agency_claim,boatos,>=2023,pt-BR,False,false_pure,checker,False,False,False
979501410576624987,test,0,-0.25624004006385803,0.09689313173294067,0.3531331717967987,0.5873771581543233,0.4256602904492989,0,0,FC_POLIGRAFO,agency_claim,poligrafo,>=2023,pt-BR,True,true_rating,checker,False,False,False
1002181555314917041,test,1,-0.1057334691286087,0.14135567843914032,0.24708914756774902,0.5614599117053239,0.39859264974444647,0,0,FC_OBSERVADOR,agency_claim,observador,>=2023,pt-PT,True,false_pure,checker,False,False,False
954061252030600668,test,1,-0.1944417655467987,0.026434557512402534,0.22087632305920124,0.5549956758288639,0.3919896291058067,0,0,FC_POLIGRAFO,agency_claim,poligrafo,>=2023,pt-BR,True,other,checker,False,False,False
40094,test,1,-0.4148886799812317,0.4424372911453247,0.8573259711265564,0.7021016704858947,0.5576813795984915,1,1,fakes,agency_claim,desconhecido,2018-2022,desconhecido,False,none,v1,False,False,False
27162,test,1,-0.3376089632511139,0.44495102763175964,0.7825599908828735,0.6862315881466464,0.5381671556277767,1,0,fakes,agency_claim,desconhecido,2018-2022,desconhecido,False,none,v1,False,False,False
43585,test,1,-0.40616682171821594,0.5538960695266724,0.9600628912448883,0.7231343968226935,0.5841966511196264,1,1,fakes,agency_claim,desconhecido,2018-2022,desconhecido,False,false_pure,v1,False,False,False
603323815315085849,test,1,-0.28464585542678833,0.4204461872577667,0.705092042684555,0.6693157751018686,0.5178243541570109,1,0,FC_ESTADAO,agency_claim,estadao,sem_data,pt-BR,False,false_pure,checker,False,False,False
876888229809323444,test,1,-0.19402632117271423,0.30416959524154663,0.49819591641426086,0.6220352712908717,0.4633888796435373,0,0,FC_POLIGRAFO,agency_claim,poligrafo,>=2023,pt-BR,True,other,checker,False,False,False
1086813276812790994,test,1,-0.23806551098823547,0.028561348095536232,0.2666268590837717,0.566264617120583,0.40353845824653567,0,0,FC_POLIGRAFO,agency_claim,poligrafo,2018-2022,pt-BR,True,hard,checker,False,False,False
42258,test,1,-0.4189970791339874,0.5680457949638367,0.9870428740978241,0.7285034390874054,0.5910862563961254,1,1,fakes,agency_claim,desconhecido,2018-2022,desconhecido,False,hard,v1,False,False,False
11741,test,1,-0.40135523676872253,0.5561736226081848,0.9575288593769073,0.7226267689083443,0.5835478228637517,1,1,FakeWhatsApp.BR_2018,whatsapp,desconhecido,2018-2022,desconhecido,False,none,v1,False,False,False
222662701782395123,test,1,-0.5295194983482361,0.5967898368835449,1.126309335231781,0.7551571570475777,0.6260297858703783,1,1,FC_BOATOS_VIRAL,social,boatos,>=2023,pt-BR,False,false_pure,checker,False,False,False
1099823646883449062,test,1,-0.2063176929950714,0.10091810673475266,0.30723579972982407,0.5762104082072022,0.4138801655242539,0,0,EXT_LIARBR,external_claim,ext_liarbr,sem_data,pt-BR,False,false_pure,checker,False,False,False
290392830651576360,test,1,-0.4794667661190033,0.4236396849155426,0.9031064510345459,0.7115874606976517,0.5695468252228353,1,1,FC_BOATOS,agency_claim,boatos,2018-2022,pt-BR,False,false_pure,checker,False,False,False
974597871696196293,test,1,-0.3402457535266876,0.5620696544647217,0.9023154079914093,0.7114250871746474,0.5693424379466474,1,1,FC_AFP,agency_claim,afp,>=2023,pt-BR,False,false_pure,checker,False,False,False
11389,test,1,-0.43447843194007874,0.5766366124153137,1.0111150443553925,0.7332383085080366,0.5972033546095434,1,1,FakeWhatsApp.BR_2018,whatsapp,desconhecido,2018-2022,desconhecido,False,none,v1,False,False,False
204027584271123563,test,1,-0.3261472284793854,0.33984991908073425,0.6659971475601196,0.6606062749614962,0.5075314339773551,1,0,EXT_LIARBR,external_claim,ext_liarbr,sem_data,pt-BR,False,false_pure,checker,False,False,False
1076541837298017405,test,1,-0.25301432609558105,0.36011967062950134,0.6131339967250824,0.6486553772076257,0.4936050729524179,0,0,FC_POLIGRAFO,agency_claim,poligrafo,>=2023,pt-BR,True,false_pure,checker,False,False,False
871785586992745391,test,1,-0.38822153210639954,0.5397928357124329,0.9280143678188324,0.7166722701911248,0.5759699892085207,1,1,FC_LUPA,agency_claim,lupa,>=2023,pt-BR,False,false_pure,checker_match,False,False,False
9815493824882405,test,1,-0.5118510127067566,0.615464448928833,1.1273154616355896,0.7553431368526565,0.626277984695264,1,1,FC_EFARSAS,agency_claim,efarsas,2018-2022,pt-BR,False,false_pure,checker,False,False,False
15067,test,0,-0.5456663966178894,0.7292332053184509,1.2748996019363403,0.7815803251803959,0.6619086979742052,1,1,FakeWhatsApp.BR_2018,whatsapp,desconhecido,2018-2022,desconhecido,False,none,v1,False,False,False
1010796352848895407,test,0,-0.1568807065486908,0.35971498489379883,0.5165956914424896,0.6263513811672115,0.468213751949405,0,0,EXT_AVERITECBR,external_claim,ext_averitecbr,2018-2022,pt-BR,False,other,checker,False,False,False
211633796360545737,test,0,-0.3808578848838806,0.5090335607528687,0.8898914456367493,0.708867770248287,0.5661293156413442,1,1,EXT_LIARBR,external_claim,ext_liarbr,sem_data,pt-BR,False,true_rating,checker,False,False,False
517413945115917847,test,1,-0.2927779257297516,0.09949719905853271,0.3922751247882843,0.5968302690879786,0.43577421561170576,0,0,FC_AFP,agency_claim,afp,>=2023,pt-BR,False,false_pure,checker,False,False,False
241893741227315484,test,1,-0.5086358189582825,0.5441885590553284,1.0528243780136108,0.7413168883498362,0.6077300815828183,1,1,FC_POLIGRAFO,agency_claim,poligrafo,2018-2022,pt-BR,True,false_pure,checker,False,False,False
108041996879927812,test,1,-0.2569996416568756,0.3427017629146576,0.5997014045715332,0.6455879893267379,0.4900670922412651,0,0,FC_POLIGRAFO,agency_claim,poligrafo,2018-2022,pt-BR,True,other,checker,False,False,False
8737,test,0,-0.4691987633705139,0.4078623056411743,0.8770610690116882,0.7062128324167044,0.5628052433201113,1,1,Fake.br,portal,desconhecido,sem_data,desconhecido,False,none,v1,False,False,False
914915535033759886,test,1,-0.3406389653682709,0.45319798588752747,0.7938369512557983,0.6886546040777868,0.5411194879588123,1,1,FC_BOATOS_VIRAL,social,boatos,2018-2022,pt-BR,False,false_pure,checker,False,False,False
979643009241293619,test,1,-0.5228686928749084,0.7446048855781555,1.267473578453064,0.7803099594696429,0.6601551806948109,1,1,EXT_LIARBR,external_claim,ext_liarbr,sem_data,pt-BR,False,false_pure,checker,False,False,False
204867117515523050,test,0,-0.051521576941013336,0.07532963156700134,0.12685120850801468,0.5316703456130755,0.3686427955489538,0,0,FC_POLIGRAFO,agency_claim,poligrafo,2018-2022,pt-BR,True,true_rating,checker,False,False,False
600777772473379825,test,1,-0.35204848647117615,0.5224961042404175,0.8745445907115936,0.7056904520879211,0.5621526064712804,1,1,FC_BOATOS_VIRAL,social,boatos,<=2017,pt-BR,False,false_pure,checker,False,False,False
1139110713355420757,test,1,-0.5037053227424622,0.6398158669471741,1.1435211896896362,0.7583255469442124,0.6302665020530059,1,1,FC_G1,agency_claim,g1,2018-2022,pt-BR,False,false_pure,checker,False,False,False
29694,test,1,-0.3591517508029938,0.28629007935523987,0.6454418301582336,0.6559825556437062,0.5021165050904692,1,0,fakes,agency_claim,desconhecido,sem_data,desconhecido,False,none,v1,False,False,False
733223575204924043,test,1,-0.5022913217544556,0.6399580836296082,1.1422494053840637,0.7580923931226557,0.6299541276156426,1,1,FC_BEREIA,agency_claim,bereia,>=2023,pt-BR,False,false_pure,checker,False,False,False
92167932133076752,test,0,-0.1816384196281433,0.34489837288856506,0.5265367925167084,0.6286750122388258,0.4708230858951172,0,0,EXT_LIARBR,external_claim,ext_liarbr,sem_data,pt-BR,False,true_rating,checker,False,False,False
25761,test,1,-0.32568955421447754,0.16027967631816864,0.4859692305326462,0.6191564274318431,0.46018647329234347,0,0,fakes,agency_claim,desconhecido,2018-2022,desconhecido,False,none,v1,False,False,False
1142067284563890447,test,1,-0.23943772912025452,0.33638253808021545,0.57582026720047,0.6401050838650326,0.4837797752705243,0,0,FC_LUPA,agency_claim,lupa,>=2023,pt-BR,False,false_pure,checker_match,False,False,False
423423386050080944,test,1,-0.16108348965644836,0.24973882734775543,0.4108223170042038,0.6012850386396571,0.44058590465122843,0,0,FC_AOSFATOS,agency_claim,aosfatos,>=2023,pt-BR,False,false_pure,checker,False,False,False
532850763791265624,test,1,-0.4510410726070404,0.5520198941230774,1.0030609667301178,0.7316599754013775,0.5951599565575719,1,1,FC_EFARSAS,agency_claim,efarsas,2018-2022,pt-BR,False,hard,checker,False,False,False
1113108377015467979,test,0,-0.30442187190055847,0.3078898787498474,0.6123117506504059,0.6484679631317153,0.4933884813713873,0,0,NEWS_ECO,press_true,eco,2018-2022,pt-PT,True,none,llm_local,False,False,False
42515,test,1,-0.6402575373649597,0.8030721545219421,1.4433296918869019,0.8089697437936049,0.700422257648669,1,1,fakes,agency_claim,desconhecido,2018-2022,desconhecido,False,none,v1,False,False,False
31994,test,1,-0.5018767714500427,0.6671683192253113,1.169045090675354,0.7629723680079495,0.6365123031623048,1,1,fakes,agency_claim,desconhecido,2018-2022,desconhecido,False,hard,v1,False,False,False
277450111305777898,test,1,-0.2808205485343933,0.4574029743671417,0.738223522901535,0.6766072675276577,0.5265357457000622,1,0,FC_BOATOS_VIRAL,social,boatos,>=2023,pt-BR,False,false_pure,checker,False,False,False
33109,test,1,-0.08666211366653442,0.2313275784254074,0.31798969209194183,0.5788342467322592,0.41663198139666324,0,0,fakes,agency_claim,desconhecido,2018-2022,desconhecido,False,none,v1,False,False,False
12783,test,0,-0.2869167625904083,0.5406680703163147,0.827584832906723,0.6958440133985059,0.5499367182850624,1,1,FakeWhatsApp.BR_2018,whatsapp,desconhecido,2018-2022,desconhecido,False,none,v1,False,False,False
267956639330768836,test,1,-0.3519568145275116,0.5012591481208801,0.8532159626483917,0.701241328589927,0.5566127058145075,1,1,FC_BOATOS,agency_claim,boatos.org,>=2023,pt-BR,False,false_pure,checker_match,False,False,False
112110629896829509,test,0,-0.006343532353639603,0.07918497920036316,0.08552851155400276,0.5213691030024676,0.3585665822579809,0,0,NEWS_PODER360,press_true,poder360,<=2017,pt-BR,False,none,llm_local,False,False,False
36482,test,1,-0.19802427291870117,0.11688507348299026,0.31490934640169144,0.5780831223538885,0.4158432120649027,0,0,fakes,agency_claim,desconhecido,2018-2022,desconhecido,True,none,v1,False,False,False
352912198520857369,test,0,-0.1768747717142105,0.12262329459190369,0.2994980663061142,0.5743198103658954,0.4119034655730674,0,0,FC_POLIGRAFO,agency_claim,poligrafo,2018-2022,pt-BR,True,true_rating,checker,False,False,False
6964,test,1,-0.37296831607818604,0.20988008379936218,0.5828483998775482,0.6417225594150415,0.48562966611348446,0,0,Fake.br,portal,desconhecido,sem_data,desconhecido,False,none,v1,False,False,False
1027483176558721153,test,1,-0.3552223742008209,0.4011169970035553,0.7563393712043762,0.6805584445781003,0.5312925340314401,1,0,FC_ESTADAO,agency_claim,estadao,sem_data,pt-BR,False,false_pure,checker,False,False,False
46265281351560069,test,1,-0.5448507070541382,0.530579149723053,1.0754298567771912,0.745628152298379,0.6133944181888367,1,1,FC_BOATOS,agency_claim,boatos,>=2023,pt-BR,False,false_pure,checker,False,False,False
969164940182616548,test,1,-0.3363366425037384,0.5532726049423218,0.8896092474460602,0.7088095283745354,0.5660562670325079,1,1,FC_BOATOS_VIRAL,social,boatos,<=2017,pt-BR,False,false_pure,checker,False,False,False
451301793681273211,test,1,-0.41583874821662903,0.6380283236503601,1.0538670718669891,0.7415167914278745,0.6079920050051448,1,1,FC_BOATOS,agency_claim,boatos,2018-2022,pt-BR,False,false_pure,checker,False,False,False
60444138153496424,test,1,-0.4424002468585968,0.6498799920082092,1.092280238866806,0.7488108622155272,0.6175969007531165,1,1,FC_BOATOS,agency_claim,boatos,<=2017,pt-BR,False,false_pure,checker,False,False,False
759614847059241940,test,1,-0.42795881628990173,0.6191486120223999,1.0471074283123016,0.7402190592910829,0.6062928922036127,1,1,FC_BOATOS,agency_claim,boatos,>=2023,pt-BR,False,false_pure,checker,False,False,False
647121903850882937,test,1,-0.5038724541664124,0.4821337163448334,0.9860061705112457,0.7282983448804936,0.5908221654074395,1,1,FC_BOATOS,agency_claim,boatos,2018-2022,pt-BR,False,false_pure,checker,False,False,False
267339172121521707,test,1,-0.5160269737243652,0.5424932241439819,1.0585201978683472,0.742407651647635,0.6091601050762844,1,1,FC_FOLHA,agency_claim,folha,>=2023,pt-BR,False,hard,checker_match,False,False,False
705101811159943375,test,1,-0.3326511085033417,0.3621427118778229,0.6947938203811646,0.6670324861487923,0.515114143826642,1,0,FC_POLIGRAFO,agency_claim,poligrafo,>=2023,pt-BR,True,other,checker,False,False,False
36476,test,1,-0.37222084403038025,0.3302008807659149,0.7024217247962952,0.6687244808649062,0.5171216938171876,1,0,fakes,agency_claim,desconhecido,2018-2022,desconhecido,True,none,v1,False,False,False
42905,test,1,-0.5589824914932251,0.7698739767074585,1.3288564682006836,0.7906514183091999,0.6745140829903092,1,1,fakes,agency_claim,desconhecido,2018-2022,desconhecido,False,false_pure,v1,False,False,False
17116,test,0,-0.4099731147289276,0.557849645614624,0.9678227603435516,0.7246853151049122,0.5861817097403952,1,1,FakeWhatsApp.BR_2018,whatsapp,desconhecido,2018-2022,desconhecido,False,none,v1,False,False,False
40646,test,1,-0.3866538107395172,0.42054232954978943,0.8071961402893066,0.6915116971774098,0.5446132040660703,1,1,fakes,agency_claim,desconhecido,2018-2022,desconhecido,True,hard,v1,False,False,False
37064,test,1,-0.3679979741573334,0.4257408380508423,0.7937388122081757,0.6886335617499397,0.5410938070901143,1,1,fakes,agency_claim,desconhecido,2018-2022,desconhecido,True,none,v1,False,False,False
150572309066604680,test,0,-0.42456188797950745,0.4572751522064209,0.8818370401859283,0.7072027562662502,0.5640432695175457,1,1,NEWS_BRASILDEFATO,press_true,brasildefato,<=2017,pt-BR,False,none,llm_local,False,False,False
1148708879230740704,test,1,-0.3315685987472534,0.39227041602134705,0.7238390147686005,0.6734518334454478,0.5227552415456328,1,0,FC_LUPA,agency_claim,lupa,>=2023,pt-BR,False,false_pure,checker_match,False,False,False
199519584943736162,test,1,-0.5121354460716248,0.6106590628623962,1.122794508934021,0.7545067011729142,0.6251622021364811,1,1,FC_FOLHA,agency_claim,folha,>=2023,pt-BR,False,hard,checker_match,False,False,False
77377710122434189,test,1,-0.23675772547721863,0.40636685490608215,0.6431245803833008,0.6554594343308459,0.5015060125808923,1,0,EXT_AVERITECBR,external_claim,ext_averitecbr,2018-2022,pt-BR,False,other,checker,False,False,False
591572891365605590,test,1,-0.2436489462852478,0.438728004693985,0.6823769509792328,0.6642690015917986,0.5118451955999406,1,0,FC_BOATOS,agency_claim,boatos,2018-2022,pt-BR,False,false_pure,checker,False,False,False
3028,test,1,-0.4679034352302551,0.6791669726371765,1.1470704078674316,0.7589754082382267,0.631137680053022,1,1,Fake.br,portal,desconhecido,sem_data,desconhecido,False,none,v1,False,False,False
630343920473832109,test,1,-0.6231411099433899,0.7674151062965393,1.3905562162399292,0.8006810250593542,0.6886241259699951,1,1,FC_EFARSAS,agency_claim,efarsas,2018-2022,pt-BR,False,hard,checker,False,False,False
11767,test,0,-0.41958317160606384,0.5851083993911743,1.0046915709972382,0.731979996940617,0.5955739255939836,1,1,FakeWhatsApp.BR_2018,whatsapp,desconhecido,2018-2022,desconhecido,False,none,v1,False,False,False
2191,test,0,-0.5241178274154663,0.6000181436538696,1.124135971069336,0.7547550904531171,0.6254934177755955,1,1,Fake.br,portal,desconhecido,sem_data,desconhecido,False,none,v1,False,False,False
813438709187708056,test,0,-0.16856008768081665,0.2532403767108917,0.4218004643917084,0.603914004806456,0.44343928767887514,0,0,EXT_LIARBR,external_claim,ext_liarbr,sem_data,pt-BR,False,true_rating,checker,False,False,False
7441,test,0,-0.5584548115730286,0.7428140044212341,1.3012688159942627,0.7860484452512642,0.6680991885554467,1,1,Fake.br,portal,desconhecido,sem_data,desconhecido,False,none,v1,False,False,False
600151880222801308,test,1,-0.315789133310318,0.6164066791534424,0.9321958124637604,0.7175205558176393,0.5770458348683671,1,1,FC_BOATOS,agency_claim,boatos,2018-2022,pt-BR,False,false_pure,checker,False,False,False
958479440188635104,test,1,-0.3629109859466553,0.5191696286201477,0.882080614566803,0.7072531899413086,0.5641063875582736,1,1,FC_BOATOS,agency_claim,boatos,2018-2022,pt-BR,False,false_pure,checker,False,False,False
680581559225279261,test,1,-0.47755739092826843,0.6678066849708557,1.1453640758991241,0.7586631280455529,0.630718956421459,1,1,FC_G1,agency_claim,g1,2018-2022,pt-BR,False,false_pure,checker,False,False,False
312278352632584261,test,1,-0.4190792441368103,0.4816892743110657,0.900768518447876,0.7111074077951063,0.5689426891429906,1,1,FC_G1,agency_claim,g1,2018-2022,pt-BR,False,false_pure,checker,False,False,False
336267344817460291,test,0,-0.4149220585823059,0.3743034899234772,0.7892255485057831,0.6876650166446953,0.5399125498049342,1,0,EXT_LIARBR,external_claim,ext_liarbr,sem_data,pt-BR,False,true_rating,checker,False,False,False
1117234011393703870,test,0,-0.5205381512641907,0.6492788195610046,1.1698169708251953,0.7631119307497581,0.6367004822588578,1,1,NEWS_ECO,press_true,eco,2018-2022,pt-PT,True,none,llm_local,False,False,False
443179908299956158,test,1,-0.5730095505714417,0.6438903212547302,1.2168998718261719,0.771517524355205,0.6480980502715049,1,1,FC_BOATOS,agency_claim,boatos,>=2023,pt-BR,False,false_pure,checker,False,False,False
32037,test,1,-0.46784713864326477,0.6327303647994995,1.1005775034427643,0.7503682967061834,0.6196598359327614,1,1,fakes,agency_claim,desconhecido,2018-2022,desconhecido,False,none,v1,False,False,False
553680070850252500,test,1,-0.4296390116214752,0.7041775584220886,1.1338165700435638,0.7565425456632541,0.6278801200681159,1,1,FC_AFP,agency_claim,afp,>=2023,pt-BR,False,false_pure,checker,False,False,False
11483,test,0,-0.3181406557559967,0.3785512149333954,0.6966918706893921,0.6674539096712726,0.515613730300699,1,0,FakeWhatsApp.BR_2018,whatsapp,desconhecido,2018-2022,desconhecido,False,none,v1,False,False,False
100960048461547472,test,1,-0.08729913830757141,0.3098059296607971,0.39710506796836853,0.5979919233016739,0.4370261188860889,0,0,FC_LUPA,agency_claim,lupa,>=2023,pt-BR,False,false_pure,checker_match,False,False,False
777947870486599813,test,1,-0.2107541263103485,0.1686844676733017,0.3794385939836502,0.5937376914966386,0.43245105306713527,0,0,EXT_LIARBR,external_claim,ext_liarbr,sem_data,pt-BR,False,false_pure,checker,False,False,False
701498808760355453,test,1,-0.5318291783332825,0.5846238136291504,1.1164529919624329,0.7533301903031608,0.623594858285991,1,1,FC_COMPROVA,agency_claim,comprova,>=2023,pt-BR,False,false_pure,checker,False,False,False
1115832044884291280,test,1,-0.38755202293395996,0.4670252799987793,0.8545773029327393,0.7015264538473506,0.5569667365322009,1,1,FC_ESTADAO,agency_claim,estadao,sem_data,pt-BR,False,false_pure,checker,False,False,False
43832,test,1,-0.1906851828098297,0.34752222895622253,0.5382074117660522,0.6313953175830501,0.47388840837964225,0,0,fakes,agency_claim,desconhecido,<=2017,desconhecido,False,none,v1,False,False,False
543159611026926787,test,1,-0.5894724130630493,0.7062209248542786,1.2956933379173279,0.7851092866595925,0.6667950236288182,1,1,FC_UOL,agency_claim,uol,sem_data,pt-BR,False,false_pure,checker,False,False,False
30792,test,1,-0.48178938031196594,0.6711546778678894,1.1529440581798553,0.7600482502801857,0.6325775257576992,1,1,fakes,agency_claim,desconhecido,sem_data,desconhecido,False,none,v1,False,False,False
596729465026859805,test,1,-0.4193980097770691,0.5682776570320129,0.987675666809082,0.7286285786406689,0.5912474288720198,1,1,FC_AOSFATOS,agency_claim,aosfatos,>=2023,pt-BR,False,false_pure,checker,False,False,False
139117471985568466,test,1,-0.15277814865112305,0.28544533252716064,0.4382234811782837,0.6078356405563583,0.4477147922697682,0,0,FC_BOATOS,agency_claim,boatos.org,>=2023,pt-BR,False,false_pure,checker_match,False,False,False
268834386642553755,test,1,-0.4504114091396332,0.35603806376457214,0.8064494729042053,0.6913523928769308,0.5444180470176826,1,1,FC_BOATOS,agency_claim,boatos,<=2017,pt-BR,False,false_pure,checker,False,False,False
28714,test,1,-0.3841552436351776,0.5431616902351379,0.9273169338703156,0.7165306326490132,0.5757904757559841,1,1,fakes,agency_claim,desconhecido,2018-2022,desconhecido,False,none,v1,False,False,False
416440650960365253,test,0,-0.07292208820581436,0.08440069854259491,0.15732278674840927,0.5392497758968037,0.3761477384770181,0,0,EXT_LIARBR,external_claim,ext_liarbr,sem_data,pt-BR,False,true_rating,checker,False,False,False
36386,test,1,-0.24119779467582703,0.2173607498407364,0.4585585445165634,0.6126721671762613,0.453019407221181,0,0,fakes,agency_claim,desconhecido,2018-2022,desconhecido,True,none,v1,False,False,False
569949537531604483,test,1,-0.3135630786418915,0.23538094758987427,0.5489440262317657,0.6338905623415361,0.47671015649771276,0,0,FC_POLIGRAFO,agency_claim,poligrafo,>=2023,pt-BR,True,other,checker,False,False,False
12957,test,0,-0.3038112223148346,0.48314908146858215,0.7869603037834167,0.6871782765031168,0.5393194970233126,1,0,FakeWhatsApp.BR_2018,whatsapp,desconhecido,2018-2022,desconhecido,False,none,v1,False,False,False
114121412204175548,test,1,-0.4098067581653595,0.5044410824775696,0.9142478406429291,0.7138686152627011,0.5724229549992996,1,1,FC_LUPA,agency_claim,lupa,>=2023,pt-BR,False,false_pure,checker_match,False,False,False
774396629318413385,test,1,-0.3078945577144623,0.5821173787117004,0.8900119364261627,0.7088926358193194,0.5661605044933158,1,1,FC_AFP,agency_claim,afp,>=2023,pt-BR,False,false_pure,checker,False,False,False
895535870013763972,test,1,-0.3555704653263092,0.46796801686286926,0.8235384821891785,0.6949869449880314,0.5488810805929188,1,1,FC_POLIGRAFO,agency_claim,poligrafo,2018-2022,pt-BR,True,other,checker,False,False,False
28571,test,1,-0.3085238039493561,0.44432878494262695,0.752852588891983,0.6797999460592711,0.5303774033725223,1,0,fakes,agency_claim,desconhecido,2018-2022,desconhecido,False,none,v1,False,False,False
43367,test,1,-0.2614341676235199,0.26057204604148865,0.5220062136650085,0.6276167663744752,0.4696336959909823,0,0,fakes,agency_claim,desconhecido,2018-2022,desconhecido,False,false_pure,v1,False,False,False
736235195823575577,test,1,-0.4060838520526886,0.5348923802375793,0.9409762322902679,0.7192968096049276,0.5793025645075263,1,1,EXT_LIARBR,external_claim,ext_liarbr,sem_data,pt-BR,False,false_pure,checker,False,False,False
305864919357912004,test,1,-0.3912203907966614,0.6316150426864624,1.0228354334831238,0.735524539437153,0.6001708956672999,1,1,FC_BOATOS,agency_claim,boatos,2018-2022,pt-BR,False,false_pure,checker,False,False,False
47428000030789638,test,1,-0.45143550634384155,0.49808448553085327,0.9495199918746948,0.7210186342663167,0.5814952919647868,1,1,FC_G1,agency_claim,g1,2018-2022,pt-BR,False,false_pure,checker,False,False,False
784749827886471620,test,0,-0.27179470658302307,0.3080882728099823,0.5798829793930054,0.6410404794502114,0.48484908006599997,0,0,NEWS_ECO,press_true,eco,<=2017,pt-PT,True,none,llm_local,False,False,False
711609322885552791,test,1,-0.3640004098415375,0.4459459185600281,0.8099463284015656,0.6920980670915755,0.5453319042927536,1,1,FC_AOSFATOS,agency_claim,aosfatos,>=2023,pt-BR,False,false_pure,checker,False,False,False
343462492453077844,test,1,-0.36475372314453125,0.46733996272087097,0.8320936858654022,0.6967974466077469,0.5511124866058033,1,1,FC_POLIGRAFO,agency_claim,poligrafo,>=2023,pt-BR,True,false_pure,checker,False,False,False
19314931551637021,test,1,-0.344652384519577,0.3635154068470001,0.7081677913665771,0.6699961823528404,0.5186336109514945,1,0,FC_POLIGRAFO,agency_claim,poligrafo,>=2023,pt-BR,True,false_pure,checker,False,False,False
11986051674395783,test,1,-0.4984266459941864,0.594322144985199,1.0927487909793854,0.7488989833857372,0.617713509847115,1,1,FC_BOATOS_VIRAL,social,boatos,>=2023,pt-BR,False,false_pure,checker_match,False,False,False
1144942688610216239,test,1,-0.3172949552536011,0.484889954328537,0.8021849095821381,0.6904416603720098,0.5433031550149636,1,1,FC_LUPA,agency_claim,lupa,>=2023,pt-BR,False,false_pure,checker_match,False,False,False
45440,test,0,-0.24430575966835022,0.32144808769226074,0.565753847360611,0.6377828214261472,0.48113095675032863,0,0,COVID19.BR_raw,covid,desconhecido,sem_data,desconhecido,False,none,v1,False,False,False
784146297650592450,test,1,-0.5128945112228394,0.5810624957084656,1.093957006931305,0.7491261192122337,0.6180141373470804,1,1,FC_BOATOS,agency_claim,boatos,<=2017,pt-BR,False,false_pure,checker,False,False,False
296554121170466777,test,1,-0.07020067423582077,0.16610001027584076,0.23630068451166153,0.5588018107330721,0.3958704139693849,0,0,FC_POLIGRAFO,agency_claim,poligrafo,>=2023,pt-BR,True,other,checker,False,False,False
937821268124200920,test,1,-0.39774540066719055,0.5610122680664062,0.9587576687335968,0.7228730007731448,0.5838624906537564,1,1,FC_AFP,agency_claim,afp,2018-2022,pt-BR,False,false_pure,checker,False,False,False
35208,test,1,-0.39247944951057434,0.5609821677207947,0.953461617231369,0.7218108040731871,0.582505818015555,1,1,fakes,agency_claim,desconhecido,sem_data,desconhecido,False,false_pure,v1,False,False,False
560782398547048077,test,1,-0.44763240218162537,0.6104390621185303,1.0580714643001556,0.7423218271652604,0.6090475112582439,1,1,FC_BOATOS,agency_claim,boatos,<=2017,pt-BR,False,false_pure,checker,False,False,False
32743,test,1,-0.47721609473228455,0.5927478671073914,1.069963961839676,0.74459006230547,0.6120275551055508,1,1,fakes,agency_claim,desconhecido,2018-2022,desconhecido,False,hard,v1,False,False,False
838423220477946355,test,1,-0.5562884211540222,0.6161230206489563,1.1724114418029785,0.763580618541477,0.6373326895364787,1,1,FC_BOATOS,agency_claim,boatos,2018-2022,pt-BR,False,false_pure,checker,False,False,False
13894,test,0,-0.4781135022640228,0.7017471194267273,1.1798606216907501,0.7649227422474062,0.6391452233563135,1,1,FakeWhatsApp.BR_2018,whatsapp,desconhecido,2018-2022,desconhecido,False,none,v1,False,False,False
100194485018743610,test,1,-0.3942883610725403,0.4767936170101166,0.8710819780826569,0.7049707852454125,0.5612542428290769,1,1,FC_POLIGRAFO,agency_claim,poligrafo,>=2023,pt-BR,True,false_pure,checker,False,False,False
888242485076492473,test,1,-0.4313022196292877,0.6096324920654297,1.0409347116947174,0.7390303190672308,0.6047390598260853,1,1,FC_BOATOS,agency_claim,boatos,2018-2022,pt-BR,False,false_pure,checker,False,False,False
41174,test,1,-0.3830084502696991,0.5836721062660217,0.9666805565357208,0.7244573681136879,0.5858896956641878,1,1,fakes,agency_claim,desconhecido,2018-2022,desconhecido,True,none,v1,False,False,False
7162,test,1,-0.29524368047714233,0.20729804039001465,0.502541720867157,0.6230564588591214,0.46452787186247985,0,0,Fake.br,portal,desconhecido,sem_data,desconhecido,False,none,v1,False,False,False
974568469597157551,test,0,-0.1554386168718338,0.3222985863685608,0.4777372032403946,0.6172134060898216,0.45803217939696883,0,0,NEWS_BRASILDEFATO,press_true,brasildefato,<=2017,pt-BR,False,none,llm_local,False,False,False
224209918048670557,test,1,-0.3235633969306946,0.4361429214477539,0.7597063183784485,0.6812899689347255,0.5321760134745651,1,0,FC_ESTADAO,agency_claim,estadao,sem_data,pt-BR,False,false_pure,checker,False,False,False
464546338324806444,test,1,-0.3346080183982849,0.2848862111568451,0.61949422955513,0.6501035102446877,0.4952805257620023,0,0,FC_POLIGRAFO,agency_claim,poligrafo,>=2023,pt-BR,True,false_pure,checker,False,False,False
881016382406933256,test,1,-0.3501247465610504,0.3376676142215729,0.6877923607826233,0.6654756466124776,0.5132710337332235,1,0,FC_POLIGRAFO,agency_claim,poligrafo,2018-2022,pt-BR,True,false_pure,checker,False,False,False
50698,test,1,-0.3279644846916199,0.3915519118309021,0.719516396522522,0.6725005153970002,0.5216186512323675,1,0,MuMiN-PT,social,desconhecido,sem_data,desconhecido,False,false_pure,v1,False,False,False
42958,test,1,-0.384114533662796,0.5462807416915894,0.9303952753543854,0.7171554714116193,0.5765826628720678,1,1,fakes,agency_claim,desconhecido,2018-2022,desconhecido,False,false_pure,v1,False,False,False
49673,test,0,-0.5114595293998718,0.26192864775657654,0.7733881771564484,0.6842533683407663,0.5357639699436465,1,0,true,press_true,desconhecido,2018-2022,desconhecido,True,none,v1,False,False,False
1134648028403225553,test,1,-0.48712316155433655,0.7081857323646545,1.195308893918991,0.7676892107862872,0.6428914400972326,1,1,FC_BOATOS,agency_claim,boatos,<=2017,pt-BR,False,false_pure,checker,False,False,False
702029101922714898,test,1,-0.3547925055027008,0.6161213517189026,0.9709138572216034,0.725301611440184,0.58697167047977,1,1,FC_POLIGRAFO,agency_claim,poligrafo,>=2023,pt-BR,True,false_pure,checker,False,False,False
983483295195929709,test,1,-0.43576449155807495,0.5827991962432861,1.018563687801361,0.7346927288553778,0.5990901509742173,1,1,FC_UOL,agency_claim,uol,>=2023,pt-BR,False,false_pure,checker,False,False,False
11025,test,0,-0.2066989690065384,0.3338143229484558,0.5405132919549942,0.63193181444607,0.4744942948765677,0,0,FakeWhatsApp.BR_2018,whatsapp,desconhecido,2018-2022,desconhecido,False,none,v1,False,False,False
1058431268623697556,test,1,-0.28264161944389343,0.4090384244918823,0.6916800439357758,0.6663405566229043,0.5142945006922021,1,0,FC_COMPROVA,agency_claim,comprova,2018-2022,pt-BR,False,other,checker_match,False,False,False
294459025423951342,test,0,-0.2939426600933075,0.505454957485199,0.7993976175785065,0.689845610942984,0.5425742333227392,1,1,NEWS_PODER360,press_true,poder360,<=2017,pt-BR,False,none,llm_local,False,False,False
802646838809870256,test,1,-0.3864874839782715,0.4680977463722229,0.8545852303504944,0.701528113743621,0.5569687979706279,1,1,FC_BOATOS,agency_claim,boatos,>=2023,pt-BR,False,false_pure,checker,False,False,False
228726903562262161,test,1,-0.5259690284729004,0.5964453816413879,1.1224144101142883,0.7544362900494926,0.6250683319642208,1,1,FC_BOATOS,agency_claim,boatos,>=2023,pt-BR,False,false_pure,checker,False,False,False
62,test,1,-0.3365483283996582,0.5603199601173401,0.8968682885169983,0.710305510036333,0.5679343898701412,1,1,COVID19.BR,covid,desconhecido,sem_data,desconhecido,False,none,v1,False,False,False
1116908168082555755,test,1,-0.3197326958179474,0.36228033900260925,0.6820130348205566,0.6641878377256156,0.5117493719427929,1,0,FC_ESTADAO,agency_claim,estadao,sem_data,pt-BR,False,false_pure,checker,False,False,False
663267521564600915,test,1,-0.27232155203819275,0.20180058479309082,0.47412213683128357,0.6163589456883403,0.45708661948725854,0,0,FC_POLIGRAFO,agency_claim,poligrafo,>=2023,pt-BR,True,other,checker,False,False,False
793292882869403304,test,1,-0.13998006284236908,0.18862326443195343,0.3286033272743225,0.5814195060979528,0.41935301081628273,0,0,FC_POLIGRAFO,agency_claim,poligrafo,>=2023,pt-BR,True,false_pure,checker,False,False,False
392347719012374610,test,0,-0.22238126397132874,0.38185858726501465,0.6042398512363434,0.6466257172478388,0.49126237004948936,0,0,EXT_AVERITECBR,external_claim,ext_averitecbr,<=2017,pt-BR,False,other,checker,False,False,False
455960568684699422,test,1,-0.1580570787191391,0.1521732062101364,0.3102302849292755,0.5769414700756164,0.41464589280791764,0,0,EXT_LIARBR,external_claim,ext_liarbr,sem_data,pt-BR,False,false_pure,checker,False,False,False
11909,test,1,-0.4283139109611511,0.5747694969177246,1.0030834078788757,0.7316643813312481,0.5951656547158556,1,1,FakeWhatsApp.BR_2018,whatsapp,desconhecido,2018-2022,desconhecido,False,none,v1,False,False,False
3433,test,0,-0.5162085294723511,0.7185865044593811,1.2347950339317322,0.7746567152962216,0.6523869625824962,1,1,Fake.br,portal,desconhecido,sem_data,desconhecido,False,none,v1,False,False,False
547271858555985445,test,1,-0.2096441686153412,0.3013099730014801,0.5109541416168213,0.6250301208873631,0.4667337251208347,0,0,FC_COMPROVA,agency_claim,comprova,2018-2022,pt-BR,False,other,checker_match,False,False,False
786303969194099625,test,1,-0.4225907623767853,0.5503783822059631,0.9729691445827484,0.7257109155404061,0.5874966722848575,1,1,FC_COMPROVA,agency_claim,comprova,2018-2022,pt-BR,False,other,checker,False,False,False
177603196616624102,test,1,-0.4207577407360077,0.6379240155220032,1.0586817562580109,0.7424385466266449,0.6092006395948819,1,1,EXT_AVERITECBR,external_claim,ext_averitecbr,2018-2022,pt-BR,False,other,checker,False,False,False
14846,test,1,-0.4877919554710388,0.6607866883277893,1.1485786437988281,0.7592512046810892,0.6315076277405562,1,1,FakeWhatsApp.BR_2018,whatsapp,desconhecido,2018-2022,desconhecido,False,none,v1,False,False,False
47325,test,0,-0.3854392170906067,0.407384991645813,0.7928242087364197,0.6884374210448676,0.5408544646407116,1,1,true,press_true,desconhecido,2018-2022,desconhecido,False,false_pure,v1,False,False,False
224058970019154753,test,1,-0.11346738785505295,0.19037362933158875,0.3038410171866417,0.5753812158273061,0.41301258063238466,0,0,EXT_LIARBR,external_claim,ext_liarbr,sem_data,pt-BR,False,false_pure,checker,False,False,False
46196876452104694,test,1,-0.26814761757850647,0.5094212889671326,0.777568906545639,0.6851559212728667,0.5368596115404437,1,0,FC_BOATOS_VIRAL,social,boatos,>=2023,pt-BR,False,false_pure,checker,False,False,False
975045842888953295,test,0,-0.21654291450977325,0.14594198763370514,0.3624849021434784,0.5896418254247394,0.4280713723867371,0,0,FC_POLIGRAFO,agency_claim,poligrafo,>=2023,pt-BR,True,true_rating,checker,False,False,False
222493010268923767,test,0,-0.24912413954734802,0.30458956956863403,0.5537137091159821,0.6349967699325082,0.47796419069858875,0,0,EXT_LIARBR,external_claim,ext_liarbr,sem_data,pt-BR,False,true_rating,checker,False,False,False
42947,test,1,-0.47909238934516907,0.44208383560180664,0.9211762249469757,0.7152817090090113,0.5742090522838313,1,1,fakes,agency_claim,desconhecido,2018-2022,desconhecido,False,false_pure,v1,False,False,False
3721,test,0,-0.53672194480896,0.5974867939949036,1.1342087388038635,0.7566147703607474,0.6279766768710173,1,1,Fake.br,portal,desconhecido,sem_data,desconhecido,False,none,v1,False,False,False
8495,test,0,-0.5120705962181091,0.4258388876914978,0.9379094839096069,0.718677189558009,0.5785147252110235,1,1,Fake.br,portal,desconhecido,sem_data,desconhecido,False,none,v1,False,False,False
6460,test,1,-0.35802343487739563,0.5030644536018372,0.8610878884792328,0.7028878953033119,0.5586590759231056,1,1,Fake.br,portal,desconhecido,sem_data,desconhecido,False,none,v1,False,False,False
3164,test,1,-0.47558853030204773,0.6433892250061035,1.1189777553081512,0.7537990513272304,0.624219180712625,1,1,Fake.br,portal,desconhecido,sem_data,desconhecido,False,none,v1,False,False,False
222030802797298819,test,1,-0.42236098647117615,0.5320822596549988,0.9544432461261749,0.7220078721984341,0.5827573737141027,1,1,FC_G1,agency_claim,g1,>=2023,pt-BR,False,false_pure,checker,False,False,False
12652,test,1,-0.2641332447528839,0.3315710723400116,0.5957043170928955,0.644672907881102,0.4890144842659321,0,0,FakeWhatsApp.BR_2018,whatsapp,desconhecido,2018-2022,desconhecido,False,none,v1,False,False,False
461404827377412372,test,1,-0.40144720673561096,0.5573232769966125,0.9587704837322235,0.7228755679640586,0.5838657718994192,1,1,FC_TATU,agency_claim,tatu,>=2023,pt-BR,False,false_pure,checker,False,False,False
6867,test,0,-0.6459095478057861,0.34346097707748413,0.9893705248832703,0.7289635712996096,0.5916790129804733,1,1,Fake.br,portal,desconhecido,sem_data,desconhecido,False,none,v1,False,False,False
629834078078990305,test,1,-0.3887019455432892,0.6213875412940979,1.010089486837387,0.7330376615918289,0.5969433464804055,1,1,EXT_LIARBR,external_claim,ext_liarbr,sem_data,pt-BR,False,false_pure,checker,False,False,False
10146782395735823,test,0,-0.29457831382751465,0.5359086990356445,0.8304870128631592,0.6964578962843609,0.5506935811755782,1,1,EXT_LIARBR,external_claim,ext_liarbr,sem_data,pt-BR,False,true_rating,checker,False,False,False
68588356689731228,test,1,-0.2805429995059967,0.5155379772186279,0.7960809767246246,0.6891355405185015,0.541706641081467,1,1,FC_BOATOS,agency_claim,boatos.org,2018-2022,pt-BR,False,false_pure,checker_match,False,False,False
29506,test,1,-0.47849029302597046,0.5854511857032776,1.063941478729248,0.7434430462225093,0.610519462117032,1,1,fakes,agency_claim,desconhecido,sem_data,desconhecido,False,none,v1,False,False,False
5568,test,1,-0.39972826838493347,0.5324612855911255,0.932189553976059,0.7175192873155355,0.5770442251626887,1,1,Fake.br,portal,desconhecido,sem_data,desconhecido,False,none,v1,False,False,False
436178455627687862,test,0,-0.3113035559654236,0.43705490231513977,0.7483584582805634,0.6788209102968239,0.5291975865121481,1,0,EXT_LIARBR,external_claim,ext_liarbr,sem_data,pt-BR,False,true_rating,checker,False,False,False
75897985955843911,test,1,-0.40161123871803284,0.4948718547821045,0.8964830935001373,0.7102262414238485,0.5678347773944511,1,1,FC_EFARSAS,agency_claim,efarsas,2018-2022,pt-BR,False,false_pure,checker,False,False,False
863757723086714268,test,0,-0.3170725405216217,0.529114842414856,0.8461873829364777,0.6997667479550901,0.5547839432053882,1,1,NEWS_PODER360,press_true,poder360,2018-2022,pt-BR,False,none,llm_local,False,False,False
26361195588807163,test,1,-0.31586048007011414,0.6029505133628845,0.9188109934329987,0.7147997754853981,0.5735995245574811,1,1,FC_EFARSAS,agency_claim,efarsas,<=2017,pt-BR,False,false_pure,checker,False,False,False
36140,test,1,-0.4544385075569153,0.46607163548469543,0.9205101430416107,0.7151460394580001,0.5740374235748688,1,1,fakes,agency_claim,desconhecido,2018-2022,desconhecido,True,hard,v1,False,False,False
258338631549049514,test,1,-0.4608822762966156,0.5236273407936096,0.9845096170902252,0.7280021059325847,0.5904408393695181,1,1,FC_POLIGRAFO,agency_claim,poligrafo,>=2023,pt-BR,True,false_pure,checker,False,False,False
615529279109402313,test,1,-0.5340294241905212,0.634512186050415,1.1685416102409363,0.7628813037649843,0.6363895355527843,1,1,FC_POLIGRAFO,agency_claim,poligrafo,>=2023,pt-BR,True,false_pure,checker,False,False,False
838557680239028680,test,1,-0.376995325088501,0.39158350229263306,0.768578827381134,0.6832133854085013,0.5345031596525285,1,0,FC_POLIGRAFO,agency_claim,poligrafo,2018-2022,pt-BR,True,hard,checker,False,False,False
592150997147241849,test,0,-0.16872058808803558,0.189234659075737,0.3579552471637726,0.5885453670945765,0.4269030936710557,0,0,FC_POLIGRAFO,agency_claim,poligrafo,2018-2022,pt-BR,True,true_rating,checker,False,False,False
554520855118555754,test,1,-0.37963685393333435,0.535143256187439,0.9147801101207733,0.7139773243633525,0.5725602385703242,1,1,FC_BOATOS,agency_claim,boatos,2018-2022,pt-BR,False,false_pure,checker,False,False,False
8676,test,1,-0.14876610040664673,0.048800643533468246,0.19756674394011497,0.5492316533696486,0.3861508680944211,0,0,Fake.br,portal,desconhecido,sem_data,desconhecido,False,none,v1,False,False,False
418312611313659138,test,1,-0.37329599261283875,0.4772443175315857,0.8505403101444244,0.7006804725732126,0.5559167072418102,1,1,FC_BOATOS,agency_claim,boatos.org,>=2023,pt-BR,False,false_pure,checker_match,False,False,False
595065252422287333,test,1,-0.24253800511360168,0.23406437039375305,0.47660237550735474,0.6169452548951064,0.45773531998741757,0,0,FC_POLIGRAFO,agency_claim,poligrafo,>=2023,pt-BR,True,false_pure,checker,False,False,False
706024126904159658,test,1,-0.4692891538143158,0.5105077624320984,0.9797969162464142,0.7270679182269085,0.5892393211455005,1,1,FC_G1,agency_claim,g1,2018-2022,pt-BR,False,false_pure,checker,False,False,False
560764041026408867,test,1,-0.4317801296710968,0.5847320556640625,1.0165121853351593,0.7342926589010343,0.5985707807316292,1,1,FC_POLIGRAFO,agency_claim,poligrafo,>=2023,pt-BR,True,false_pure,checker,False,False,False
8011,test,0,-0.48284804821014404,0.6302772164344788,1.1131252646446228,0.7527112981552515,0.6227713520860757,1,1,Fake.br,portal,desconhecido,sem_data,desconhecido,False,none,v1,False,False,False
880238257617873154,test,1,-0.3568421006202698,0.527397871017456,0.8842399716377258,0.7077000762639913,0.5646658561144351,1,1,FC_BOATOS_VIRAL,social,boatos,<=2017,pt-BR,False,false_pure,checker_match,False,False,False
46093,test,0,-0.18335683643817902,0.2925870716571808,0.4759439080953598,0.6167896313911742,0.45756308534394985,0,0,COVID19.BR_raw,covid,desconhecido,sem_data,desconhecido,False,none,v1,False,False,False
942553314624237163,test,1,-0.40792158246040344,0.45396503806114197,0.8618866205215454,0.7030546726733651,0.5588666026004709,1,1,FC_BOATOS,agency_claim,boatos,2018-2022,pt-BR,False,false_pure,checker,False,False,False
190323936842550673,test,1,-0.3216078281402588,0.4177040159702301,0.7393118441104889,0.6768453571676103,0.5268216575263462,1,0,FC_BOATOS,agency_claim,boatos.org,>=2023,pt-BR,False,false_pure,checker_match,False,False,False
6580,test,1,-0.4484759271144867,0.5369967818260193,0.985472708940506,0.7281927707213026,0.5906862503984562,1,1,Fake.br,portal,desconhecido,sem_data,desconhecido,False,none,v1,False,False,False
809027729414603633,test,1,-0.5272813439369202,0.5673786997795105,1.0946600437164307,0.7492582221151471,0.6181890249373838,1,1,FC_BOATOS,agency_claim,boatos,2018-2022,pt-BR,False,false_pure,checker,False,False,False
49214,test,0,-0.2140946090221405,0.18536701798439026,0.39946162700653076,0.5985583033458537,0.43763722256984805,0,0,true,press_true,desconhecido,2018-2022,desconhecido,True,none,v1,False,False,False
1152723353185763462,test,1,-0.37088462710380554,0.5305328965187073,0.9014175236225128,0.7112407170356799,0.5691104167058958,1,1,FC_COMPROVA,agency_claim,comprova,>=2023,pt-BR,False,other,checker,False,False,False
1112043023845421312,test,1,-0.29175350069999695,0.4465079605579376,0.7382614612579346,0.6766155687589845,0.5265457127433164,1,0,FC_POLIGRAFO,agency_claim,poligrafo,>=2023,pt-BR,True,false_pure,checker,False,False,False
24562,test,1,-0.2505856454372406,0.3059428036212921,0.5565284490585327,0.6356489105059896,0.47870436710282066,0,0,fakes,agency_claim,desconhecido,2018-2022,desconhecido,False,none,v1,False,False,False
12815,test,0,-0.3059442639350891,0.47739148139953613,0.7833357453346252,0.6863985977488561,0.5383703379603708,1,0,FakeWhatsApp.BR_2018,whatsapp,desconhecido,2018-2022,desconhecido,False,none,v1,False,False,False
357009782628729050,test,0,-0.25283974409103394,0.32660341262817383,0.5794431567192078,0.6409392666408439,0.4847333119813759,0,0,FC_POLIGRAFO,agency_claim,poligrafo,2018-2022,pt-BR,True,true_rating,checker,False,False,False
26028,test,1,-0.5466473698616028,0.6432432532310486,1.1898906230926514,0.766721501684932,0.6415794663182214,1,1,fakes,agency_claim,desconhecido,2018-2022,desconhecido,False,none,v1,False,False,False
4581277299169190,test,1,-0.45024237036705017,0.562842071056366,1.0130844414234161,0.7336233453739173,0.597702499747749,1,1,FC_BOATOS,agency_claim,boatos,>=2023,pt-BR,False,false_pure,checker,False,False,False
14565,test,1,-0.3738051950931549,0.5158018469810486,0.8896070420742035,0.7088090731887042,0.5660556961481363,1,1,FakeWhatsApp.BR_2018,whatsapp,desconhecido,2018-2022,desconhecido,False,none,v1,False,False,False
3345,test,0,-0.4157552123069763,0.595509946346283,1.0112651586532593,0.7332676698203383,0.5972414082928234,1,1,Fake.br,portal,desconhecido,sem_data,desconhecido,False,none,v1,False,False,False
370423882802058482,test,1,-0.534803569316864,0.8145825266838074,1.3493860960006714,0.7940292442853277,0.679245857381055,1,1,FC_EFARSAS,agency_claim,efarsas,2018-2022,pt-BR,False,false_pure,checker,False,False,False
582,test,0,-0.3956765830516815,0.6176182627677917,1.0132948458194733,0.733664460607686,0.5977558149475422,1,1,COVID19.BR,covid,desconhecido,sem_data,desconhecido,False,none,v1,False,False,False
47445,test,0,-0.16647738218307495,0.19818581640720367,0.3646631985902786,0.590168792386293,0.428633480383393,0,0,true,press_true,desconhecido,<=2017,desconhecido,False,none,v1,False,False,False
486105806398818163,test,1,-0.5446785688400269,0.7103148698806763,1.2549934387207031,0.7781630522838535,0.6571983337327262,1,1,FC_BOATOS,agency_claim,boatos,2018-2022,pt-BR,False,false_pure,checker,False,False,False
36069,test,1,-0.3243745267391205,0.28877705335617065,0.6131515800952911,0.6486593844749828,0.4936097046945005,0,0,fakes,agency_claim,desconhecido,2018-2022,desconhecido,True,none,v1,False,False,False
656848141628429534,test,0,-0.1832992434501648,0.21082703769207,0.3941262811422348,0.5972756215917949,0.4362539325751212,0,0,FC_POLIGRAFO,agency_claim,poligrafo,2018-2022,pt-BR,True,true_rating,checker,False,False,False
331199404142152461,test,1,-0.49112778902053833,0.6579732298851013,1.1491010189056396,0.759346676075221,0.6316357224995971,1,1,FC_BOATOS,agency_claim,boatos,<=2017,pt-BR,False,false_pure,checker,False,False,False
259497970056406132,test,1,-0.2724505364894867,0.3074168264865875,0.5798673629760742,0.641036885986339,0.48484496955723844,0,0,FC_POLIGRAFO,agency_claim,poligrafo,2018-2022,pt-BR,True,false_pure,checker,False,False,False
48341,test,0,-0.31017205119132996,0.23768216371536255,0.5478542149066925,0.6336376093273606,0.47642366641119166,0,0,true,press_true,desconhecido,2018-2022,desconhecido,True,none,v1,False,False,False
366658008042749397,test,1,-0.3029904067516327,0.40902385115623474,0.7120142579078674,0.6708460843120717,0.519645512404008,1,0,EXT_AVERITECBR,external_claim,ext_averitecbr,2018-2022,pt-BR,False,other,checker,False,False,False
38288,test,1,-0.1617428958415985,0.2102532535791397,0.3719961494207382,0.5919412303047806,0.43052708936593914,0,0,fakes,agency_claim,desconhecido,2018-2022,desconhecido,True,none,v1,False,False,False
1100136035162960085,test,1,-0.3375946581363678,0.3974468410015106,0.7350414991378784,0.6759106184048049,0.5256997001299835,1,0,FC_BOATOS,agency_claim,boatos.org,2018-2022,pt-BR,False,false_pure,checker_match,False,False,False
40287,test,1,-0.49223464727401733,0.684113621711731,1.1763482689857483,0.7642905776613128,0.6382910881918326,1,1,fakes,agency_claim,desconhecido,2018-2022,desconhecido,False,none,v1,False,False,False
870930489985146999,test,1,-0.3608703911304474,0.4481469690799713,0.8090173602104187,0.6919000702000864,0.5450891601801559,1,1,FC_ESTADAO,agency_claim,estadao,sem_data,pt-BR,False,false_pure,checker,False,False,False
609337661992525073,test,0,-0.1986246556043625,0.2243301421403885,0.422954797744751,0.604190090366688,0.44373953630092905,0,0,FC_POLIGRAFO,agency_claim,poligrafo,>=2023,pt-BR,True,true_rating,checker,False,False,False
1723,test,1,-0.49606218934059143,0.6323298215866089,1.1283920109272003,0.755542028342825,0.6265434823700928,1,1,COVID19.BR,covid,desconhecido,sem_data,desconhecido,False,none,v1,False,False,False
240520949344000776,test,1,-0.2959720492362976,0.4908851385116577,0.7868571877479553,0.6871561098096554,0.539292498049909,1,0,FC_BOATOS_VIRAL,social,boatos,2018-2022,pt-BR,False,false_pure,checker,False,False,False
48503,test,0,-0.12516812980175018,0.279312402009964,0.4044805318117142,0.599763678440282,0.4389393553564712,0,0,true,press_true,desconhecido,2018-2022,desconhecido,True,none,v1,False,False,False
194186127819646126,test,1,-0.4165016710758209,0.4856308698654175,0.9021325409412384,0.7113875432215767,0.5692951859536101,1,1,FC_G1,agency_claim,g1,2018-2022,pt-BR,False,false_pure,checker,False,False,False
942514260554654373,test,1,-0.5255076289176941,0.5793889760971069,1.104896605014801,0.7511764571360221,0.6207319844961731,1,1,EXT_AVERITECBR,external_claim,ext_averitecbr,2018-2022,pt-BR,False,other,checker,False,False,False
290094031662094759,test,1,-0.5246745944023132,0.7234950065612793,1.2481696009635925,0.7769828495224775,0.6555764091491513,1,1,FC_BOATOS,agency_claim,boatos,<=2017,pt-BR,False,false_pure,checker,False,False,False
645249319103755559,test,1,-0.4096097946166992,0.6846186518669128,1.094228446483612,0.7491771290741698,0.6180816643386852,1,1,FC_G1,agency_claim,g1,>=2023,pt-BR,False,false_pure,checker,False,False,False
11857,test,1,-0.4509042799472809,0.5316756367683411,0.982579916715622,0.7276198281619941,0.5899489857374709,1,1,FakeWhatsApp.BR_2018,whatsapp,desconhecido,2018-2022,desconhecido,False,none,v1,False,False,False
965998503939541703,test,1,-0.2285253256559372,0.39035871624946594,0.6188840419054031,0.6499646987994996,0.49511978107409815,0,0,FC_BOATOS,agency_claim,boatos,2018-2022,pt-BR,False,false_pure,checker,False,False,False
26284,test,1,-0.35849571228027344,0.3564058244228363,0.7149015367031097,0.6714833142315433,0.5204049720381667,1,0,fakes,agency_claim,desconhecido,2018-2022,desconhecido,False,none,v1,False,False,False
982162769409578294,test,1,-0.508827269077301,0.5496061444282532,1.0584334135055542,0.7423910547844899,0.6091383305161426,1,1,FC_BOATOS,agency_claim,boatos,>=2023,pt-BR,False,false_pure,checker,False,False,False
672387132546678973,test,1,-0.33387377858161926,0.3675093650817871,0.7013831436634064,0.6684943615538493,0.5168483859006116,1,0,EXT_LIARBR,external_claim,ext_liarbr,sem_data,pt-BR,False,false_pure,checker,False,False,False
7518,test,1,-0.4473867118358612,0.43906885385513306,0.8864555656909943,0.7081581845534939,0.565239723997804,1,1,Fake.br,portal,desconhecido,sem_data,desconhecido,False,none,v1,False,False,False
622081154955338050,test,0,-0.3108513057231903,0.4909127354621887,0.801764041185379,0.6903517001297141,0.5431931029683286,1,1,EXT_LIARBR,external_claim,ext_liarbr,sem_data,pt-BR,False,true_rating,checker,False,False,False
1013984535635379958,test,1,-0.4240706264972687,0.5142655372619629,0.9383361637592316,0.7187634477627203,0.5786243621378689,1,1,FC_AOSFATOS,agency_claim,aosfatos,>=2023,pt-BR,False,false_pure,checker,False,False,False
32967,test,1,-0.5562589764595032,0.5747309327125549,1.130989909172058,0.7560215370566487,0.6271838596679703,1,1,fakes,agency_claim,desconhecido,2018-2022,desconhecido,True,false_pure,v1,False,False,False
40616,test,1,-0.39161691069602966,0.34365326166152954,0.7352701723575592,0.6759607085056908,0.5257597866398726,1,0,fakes,agency_claim,desconhecido,2018-2022,desconhecido,True,hard,v1,False,False,False
148807986916796076,test,0,-0.39908650517463684,0.5135462284088135,0.9126327335834503,0.7135385992241937,0.5720063164917812,1,1,FC_POLIGRAFO,agency_claim,poligrafo,>=2023,pt-BR,True,true_rating,checker,False,False,False
263520229588205496,test,0,-0.35597893595695496,0.50067538022995,0.8566543161869049,0.7019611714878102,0.557506773853703,1,1,EXT_LIARBR,external_claim,ext_liarbr,sem_data,pt-BR,False,true_rating,checker,False,False,False
322042776505318003,test,0,-0.16106905043125153,0.11986622214317322,0.28093527257442474,0.569775503541108,0.40717305306305357,0,0,FC_POLIGRAFO,agency_claim,poligrafo,>=2023,pt-BR,True,true_rating,checker,False,False,False
11337,test,0,-0.3609619140625,0.5450846552848816,0.9060465693473816,0.7121904878008879,0.5703062757229044,1,1,FakeWhatsApp.BR_2018,whatsapp,desconhecido,2018-2022,desconhecido,False,none,v1,False,False,False
36186,test,1,-0.46109411120414734,0.658822774887085,1.1199168860912323,0.7539732993468462,0.6244513034087584,1,1,fakes,agency_claim,desconhecido,2018-2022,desconhecido,True,none,v1,False,False,False
957381679958035286,test,1,-0.5434620976448059,0.76100754737854,1.304469645023346,0.7865862559181954,0.668846735333475,1,1,FC_BOATOS,agency_claim,boatos,<=2017,pt-BR,False,false_pure,checker,False,False,False
13529,test,1,-0.30024057626724243,0.5047439932823181,0.8049845695495605,0.6910397179652261,0.544035124479298,1,1,FakeWhatsApp.BR_2018,whatsapp,desconhecido,2018-2022,desconhecido,False,none,v1,False,False,False
47969,test,0,-0.48453283309936523,0.5665063261985779,1.0510391592979431,0.7409743963572855,0.6072814929057334,1,1,true,press_true,desconhecido,2018-2022,desconhecido,False,none,v1,False,False,False
1104426336771124876,test,1,-0.45701393485069275,0.5490548014640808,1.0060687363147736,0.7322500901747764,0.5959234470368524,1,1,FC_POLIGRAFO,agency_claim,poligrafo,>=2023,pt-BR,True,other,checker,False,False,False
33132,test,1,-0.4907871186733246,0.5084044933319092,0.9991916120052338,0.7308996102192901,0.5941770847056399,1,1,fakes,agency_claim,desconhecido,2018-2022,desconhecido,False,none,v1,False,False,False
5461,test,0,-0.3548973500728607,0.4660361707210541,0.8209335207939148,0.694434464722876,0.5482012482250764,1,1,Fake.br,portal,desconhecido,sem_data,desconhecido,False,none,v1,False,False,False
620653709703127281,test,1,-0.5386995673179626,0.6491190195083618,1.1878185868263245,0.7663506932260692,0.6410771838301464,1,1,FC_BOATOS,agency_claim,boatos,2018-2022,pt-BR,False,false_pure,checker,False,False,False
211952699863517588,test,1,-0.36256924271583557,0.5554041862487793,0.9179734289646149,0.7146289979936611,0.5733836277951901,1,1,FC_UOL,agency_claim,uol,2018-2022,pt-BR,False,false_pure,checker,False,False,False
308573367193146055,test,0,-0.31951645016670227,0.36069607734680176,0.680212527513504,0.6637861296925897,0.5112752633740809,1,0,EXT_LIARBR,external_claim,ext_liarbr,sem_data,pt-BR,False,true_rating,checker,False,False,False
39185,test,1,-0.3058334290981293,0.5102085471153259,0.8160419762134552,0.6933955161952859,0.5469241883497933,1,1,fakes,agency_claim,desconhecido,2018-2022,desconhecido,False,false_pure,v1,False,False,False
978251614956379402,test,0,-0.06704837083816528,0.1379978060722351,0.2050461769104004,0.5510826930659392,0.3880208965662161,0,0,NEWS_BRASILDEFATO,press_true,brasildefato,2018-2022,pt-BR,False,none,llm_local,False,False,False
979879018142600815,test,0,-0.10582827031612396,0.16576053202152252,0.2715888023376465,0.5674829119672774,0.4047977041054742,0,0,EXT_LIARBR,external_claim,ext_liarbr,sem_data,pt-BR,False,true_rating,checker,False,False,False
989529474782306494,test,1,-0.4432573616504669,0.5057466626167297,0.9490040242671967,0.7209148351534389,0.5813629610062571,1,1,FC_EFARSAS,agency_claim,efarsas,2018-2022,pt-BR,False,false_pure,checker,False,False,False
14068,test,1,-0.40900498628616333,0.4877203404903412,0.8967253267765045,0.710276091686901,0.5678974202171597,1,1,FakeWhatsApp.BR_2018,whatsapp,desconhecido,2018-2022,desconhecido,False,none,v1,False,False,False
28125,test,1,-0.28051337599754333,0.34863999485969543,0.6291533708572388,0.6522974668295355,0.4978251882216165,0,0,fakes,agency_claim,desconhecido,2018-2022,desconhecido,False,none,v1,False,False,False
16201,test,0,-0.32167309522628784,0.5440159440040588,0.8656890392303467,0.7038478856693541,0.5598542644003017,1,1,FakeWhatsApp.BR_2018,whatsapp,desconhecido,2018-2022,desconhecido,False,none,v1,False,False,False
35726,test,1,-0.357945054769516,0.4569341838359833,0.8148792386054993,0.6931482647314811,0.5466205351369169,1,1,fakes,agency_claim,desconhecido,2018-2022,desconhecido,True,none,v1,False,False,False
1099789858055541475,test,0,-0.5334458947181702,0.5629056692123413,1.0963515639305115,0.7495758745846334,0.6186096823271325,1,1,FC_EFARSAS,agency_claim,efarsas,>=2023,pt-BR,False,true_rating,checker,False,False,False
8631,test,0,-0.33017095923423767,0.5666549205780029,0.8968258798122406,0.7102967834517921,0.5679234231331033,1,1,Fake.br,portal,desconhecido,sem_data,desconhecido,False,none,v1,False,False,False
1004780523838397737,test,1,-0.24558624625205994,0.250628262758255,0.49621450901031494,0.6215693152460607,0.4628696984698583,0,0,FC_POLIGRAFO,agency_claim,poligrafo,2018-2022,pt-BR,True,other,checker,False,False,False
561837583894120376,test,1,-0.39717087149620056,0.4645397365093231,0.8617106080055237,0.7030179254383696,0.5588208727666285,1,1,EXT_AVERITECBR,external_claim,ext_averitecbr,2018-2022,pt-BR,False,other,checker,False,False,False
41173,test,1,-0.06568973511457443,0.04870717599987984,0.11439691111445427,0.5285680795258003,0.36559336293604244,0,0,fakes,agency_claim,desconhecido,<=2017,desconhecido,True,true_rating,v1,False,False,False
32252,test,1,-0.34233811497688293,0.4003395438194275,0.7426776587963104,0.6775811087719052,0.5277057753476324,1,0,fakes,agency_claim,desconhecido,2018-2022,desconhecido,False,none,v1,False,False,False
8115,test,0,-0.5004680752754211,0.348011314868927,0.8484793901443481,0.7002480626014731,0.5553804648974086,1,1,Fake.br,portal,desconhecido,sem_data,desconhecido,False,none,v1,False,False,False
40907,test,1,-0.4271033704280853,0.5906895995140076,1.017792969942093,0.7345424738810438,0.5988950576116925,1,1,fakes,agency_claim,desconhecido,2018-2022,desconhecido,True,false_pure,v1,False,False,False
17179,test,0,-0.47471538186073303,0.6497759222984314,1.1244913041591644,0.7548208565985377,0.6255811321304854,1,1,FakeWhatsApp.BR_2018,whatsapp,desconhecido,2018-2022,desconhecido,False,none,v1,False,False,False
14508,test,1,-0.4193700850009918,0.5517794489860535,0.9711495339870453,0.725348564993217,0.587031881724205,1,1,FakeWhatsApp.BR_2018,whatsapp,desconhecido,2018-2022,desconhecido,False,none,v1,False,False,False
280702622885612884,test,1,-0.2419428676366806,0.36468085646629333,0.6066237241029739,0.647170243750995,0.4918902447620161,0,0,FC_POLIGRAFO,agency_claim,poligrafo,2018-2022,pt-BR,True,hard,checker,False,False,False
4626,test,1,-0.521352231502533,0.7517409920692444,1.2730932235717773,0.7812717969307543,0.6614825624014968,1,1,Fake.br,portal,desconhecido,sem_data,desconhecido,False,none,v1,False,False,False
29521,test,1,-0.5149435997009277,0.8091381788253784,1.3240817785263062,0.7898600065098165,0.6734084214107878,1,1,fakes,agency_claim,desconhecido,sem_data,desconhecido,False,none,v1,False,False,False
32630,test,1,-0.36788782477378845,0.10449651628732681,0.47238434106111526,0.6159479424604785,0.45663218971809516,0,0,fakes,agency_claim,desconhecido,2018-2022,desconhecido,False,none,v1,False,False,False
764970993693403657,test,1,-0.35907527804374695,0.5064625144004822,0.8655377924442291,0.7038163579038165,0.5598149876975562,1,1,EXT_AVERITECBR,external_claim,ext_averitecbr,2018-2022,pt-BR,False,other,checker,False,False,False
145145394481310259,test,1,-0.5325189232826233,0.6454436182975769,1.1779625415802002,0.7645812655797433,0.638683756485593,1,1,FC_EFARSAS,agency_claim,efarsas,2018-2022,pt-BR,False,false_pure,checker,False,False,False
354787747201011568,test,1,-0.4809742271900177,0.3518826961517334,0.8328569233417511,0.6969586721488418,0.5513114589977541,1,1,EXT_AVERITECBR,external_claim,ext_averitecbr,2018-2022,pt-BR,False,other,checker,False,False,False
150452825582311831,test,1,-0.3421131670475006,0.2506042420864105,0.5927174091339111,0.6439884023396689,0.4882279638278403,0,0,FC_BOATOS,agency_claim,boatos,2018-2022,pt-BR,False,false_pure,checker,False,False,False
832209119764084748,test,1,-0.3310736119747162,0.5304824113845825,0.8615560233592987,0.7029856496677134,0.5587807092872388,1,1,FC_BOATOS,agency_claim,boatos,<=2017,pt-BR,False,false_pure,checker,False,False,False
3403,test,0,-0.4383135735988617,0.24416041374206543,0.6824739873409271,0.6642906418784889,0.5118707463358312,1,0,Fake.br,portal,desconhecido,sem_data,desconhecido,False,none,v1,False,False,False
16811,test,1,-0.3464016020298004,0.5246009230613708,0.8710025250911713,0.7049542597887668,0.5612336242713515,1,1,FakeWhatsApp.BR_2018,whatsapp,desconhecido,2018-2022,desconhecido,False,none,v1,False,False,False
37276,test,1,-0.22005756199359894,0.39649924635887146,0.6165568083524704,0.6494350439108368,0.4945067162154808,0,0,fakes,agency_claim,desconhecido,2018-2022,desconhecido,True,none,v1,False,False,False
327251217478806928,test,1,-0.4336010217666626,0.41210654377937317,0.8457075655460358,0.6996659319004056,0.5546590450733,1,1,FC_ESTADAO,agency_claim,estadao,sem_data,pt-BR,False,false_pure,checker,False,False,False
28849,test,1,-0.6024765372276306,0.6595298647880554,1.262006402015686,0.7793713053428102,0.6588613938336756,1,1,fakes,agency_claim,desconhecido,2018-2022,desconhecido,False,none,v1,False,False,False
575358607560143518,test,0,-0.251269668340683,0.29987481236457825,0.5511444807052612,0.6344010784964956,0.47728865947001203,0,0,FC_POLIGRAFO,agency_claim,poligrafo,2018-2022,pt-BR,True,true_rating,checker,False,False,False
759315765943380122,test,1,-0.42697256803512573,0.49003851413726807,0.9170110821723938,0.7144327018551893,0.5731355316992919,1,1,FC_BOATOS_VIRAL,social,boatos,>=2023,pt-BR,False,false_pure,checker,False,False,False
5294,test,1,-0.539349377155304,0.6072496771812439,1.1465990543365479,0.7588891721924949,0.6310220324369826,1,1,Fake.br,portal,desconhecido,sem_data,desconhecido,False,none,v1,False,False,False
36148,test,1,-0.5459887385368347,0.36678001284599304,0.9127687513828278,0.7135664006271362,0.5720414080522107,1,1,fakes,agency_claim,desconhecido,2018-2022,desconhecido,True,none,v1,False,False,False
45649,test,0,-0.37929460406303406,0.567534863948822,0.9468294680118561,0.7204771116446534,0.5808051209639898,1,1,COVID19.BR_raw,covid,desconhecido,sem_data,desconhecido,False,none,v1,False,False,False
337056302792539201,test,1,-0.42388322949409485,0.5648673176765442,0.988750547170639,0.7288410613929405,0.5915211562223204,1,1,FC_BOATOS,agency_claim,boatos,2018-2022,pt-BR,False,false_pure,checker,False,False,False
36154,test,1,-0.127305269241333,0.11671590059995651,0.24402116984128952,0.5607043641379914,0.3978178656249815,0,0,fakes,agency_claim,desconhecido,2018-2022,desconhecido,True,none,v1,False,False,False
144052702840356304,test,1,-0.45620086789131165,0.45881912112236023,0.9150199890136719,0.7140263084062212,0.572622104765429,1,1,FC_COMPROVA,agency_claim,comprova,2018-2022,pt-BR,False,other,checker,False,False,False
34122,test,1,-0.5889443755149841,0.6822001338005066,1.2711445093154907,0.7809386060803089,0.6610225550876169,1,1,fakes,agency_claim,desconhecido,2018-2022,desconhecido,False,none,v1,False,False,False
970898915073965751,test,1,-0.2150503695011139,0.317620187997818,0.5326705574989319,0.6301057614281725,0.4724338776910189,0,0,FC_POLIGRAFO,agency_claim,poligrafo,>=2023,pt-BR,True,false_pure,checker,False,False,False
816327741655148652,test,1,-0.3398270308971405,0.39851605892181396,0.7383430898189545,0.6766334293972045,0.526567157865191,1,0,FC_OBSERVADOR,agency_claim,observador,>=2023,pt-PT,True,false_pure,checker,False,False,False
11444,test,0,-0.37133121490478516,0.48141875863075256,0.8527499735355377,0.7011436938184544,0.5564915072627101,1,1,FakeWhatsApp.BR_2018,whatsapp,desconhecido,2018-2022,desconhecido,False,none,v1,False,False,False
13000,test,1,-0.4780447781085968,0.5186752676963806,0.9967200458049774,0.730413211974778,0.5935488755723641,1,1,FakeWhatsApp.BR_2018,whatsapp,desconhecido,2018-2022,desconhecido,False,none,v1,False,False,False
109404551853998672,test,1,-0.29563406109809875,0.3915339410305023,0.6871680021286011,0.6653366388988021,0.5131066552017224,1,0,FC_G1,agency_claim,g1,>=2023,pt-BR,False,false_pure,checker,False,False,False
40053,test,1,-0.5303888916969299,0.7377025485038757,1.2680914402008057,0.7804158588950315,0.6603012456171173,1,1,fakes,agency_claim,desconhecido,2018-2022,desconhecido,False,false_pure,v1,False,False,False
6631,test,0,-0.3530017137527466,0.5662696361541748,0.9192713499069214,0.7148936149615924,0.5737181774795855,1,1,Fake.br,portal,desconhecido,sem_data,desconhecido,False,none,v1,False,False,False
815220875218244107,test,1,-0.5222199559211731,0.6129533052444458,1.135173261165619,0.7567923420890885,0.6282141107518181,1,1,FC_LUPA,agency_claim,lupa,>=2023,pt-BR,False,false_pure,checker_match,False,False,False
199,test,1,-0.3449978232383728,0.48194730281829834,0.8269451260566711,0.6957086056042722,0.5497698571701009,1,1,COVID19.BR,covid,desconhecido,sem_data,desconhecido,False,none,v1,False,False,False
740584256344554891,test,1,-0.3305718004703522,0.3872111737728119,0.7177829742431641,0.6721186261866336,0.5211628011988544,1,0,FC_POLIGRAFO,agency_claim,poligrafo,>=2023,pt-BR,True,other,checker,False,False,False
42216529955129827,test,1,-0.5221682190895081,0.7345390915870667,1.2567073106765747,0.7784587689212997,0.6576051212142183,1,1,FC_BOATOS,agency_claim,boatos,>=2023,pt-BR,False,false_pure,checker,False,False,False
827572264291858078,test,1,-0.12912635505199432,0.20010359585285187,0.3292299509048462,0.5815720002471851,0.41951381415494005,0,0,FC_POLIGRAFO,agency_claim,poligrafo,2018-2022,pt-BR,True,false_pure,checker,False,False,False
880172955490371421,test,1,-0.3313971161842346,0.5503832697868347,0.8817803859710693,0.7071910249092236,0.5640285882710837,1,1,FC_ESTADAO,agency_claim,estadao,sem_data,pt-BR,False,false_pure,checker,False,False,False
3010,test,1,-0.47644299268722534,0.5181578993797302,0.9946008920669556,0.7299957262441888,0.5930099967994377,1,1,Fake.br,portal,desconhecido,sem_data,desconhecido,False,none,v1,False,False,False
186248405408657607,test,1,-0.4003013074398041,0.7185201644897461,1.1188214719295502,0.7537700461632181,0.6241805469836019,1,1,FC_BOATOS,agency_claim,boatos,<=2017,pt-BR,False,false_pure,checker,False,False,False
6589,test,0,-0.13599565625190735,0.20830200612545013,0.3442976623773575,0.5852340973142081,0.42338554311433757,0,0,Fake.br,portal,desconhecido,sem_data,desconhecido,False,none,v1,False,False,False
793110414847397216,test,1,-0.5048983693122864,0.6493669748306274,1.1542653441429138,0.7602891368822898,0.63290109653879,1,1,FC_ESTADAO,agency_claim,estadao,sem_data,pt-BR,False,false_pure,checker,False,False,False
778080800758322663,test,0,-0.2586505711078644,0.32930463552474976,0.5879552066326141,0.6428958377308505,0.4869740903150685,0,0,EXT_LIARBR,external_claim,ext_liarbr,sem_data,pt-BR,False,true_rating,checker,False,False,False
921892202805563403,test,0,-0.16808073222637177,0.24135588109493256,0.4094366133213043,0.600952781601104,0.4402260145889669,0,0,FC_POLIGRAFO,agency_claim,poligrafo,>=2023,pt-BR,True,true_rating,checker,False,False,False
34264039945934058,test,0,-0.20902380347251892,0.11356063932180405,0.32258444279432297,0.5799539712137856,0.41780932955947825,0,0,FC_POLIGRAFO,agency_claim,poligrafo,2018-2022,pt-BR,True,true_rating,checker,False,False,False
512587608431423315,test,1,-0.37824195623397827,0.47698307037353516,0.8552250266075134,0.7016620611156726,0.5571351635255801,1,1,EXT_AVERITECBR,external_claim,ext_averitecbr,2018-2022,pt-BR,False,other,checker,False,False,False
293291625071280377,test,1,-0.38158366084098816,0.5965189337730408,0.9781025946140289,0.7267315674477642,0.5888070873053225,1,1,FC_AFP,agency_claim,afp,>=2023,pt-BR,False,false_pure,checker,False,False,False
227497248799620573,test,1,-0.3614521920681,0.6176808476448059,0.9791330397129059,0.7269361586037655,0.5890699777614605,1,1,FC_BOATOS_VIRAL,social,boatos,>=2023,pt-BR,False,false_pure,checker,False,False,False
1344,test,0,-0.259191632270813,0.3922504484653473,0.6514420807361603,0.6573353586518523,0.5036972711054818,1,0,COVID19.BR,covid,desconhecido,sem_data,desconhecido,False,none,v1,False,False,False
756461370103605768,test,0,-0.37804296612739563,0.5727428793907166,0.9507858455181122,0.7212731904399091,0.5818198975635234,1,1,NEWS_PODER360,press_true,poder360,<=2017,pt-BR,False,none,llm_local,False,False,False
1814,test,0,-0.08256962895393372,0.17867593467235565,0.26124556362628937,0.5649424542430377,0.40217422453249146,0,0,COVID19.BR,covid,desconhecido,sem_data,desconhecido,False,none,v1,False,False,False
4253,test,0,-0.4224720895290375,0.5903966426849365,1.012868732213974,0.7335811893273492,0.5976478379422167,1,1,Fake.br,portal,desconhecido,sem_data,desconhecido,False,none,v1,False,False,False
1004066720053127067,test,1,-0.5783575773239136,0.799166202545166,1.3775237798690796,0.7985930139934753,0.6856716543596192,1,1,FC_AFP,agency_claim,afp,>=2023,pt-BR,False,false_pure,checker,False,False,False
48714,test,0,-0.36528679728507996,0.3539998531341553,0.7192866504192352,0.6724499132893104,0.5215582353654785,1,0,true,press_true,desconhecido,2018-2022,desconhecido,True,none,v1,False,False,False
15393,test,0,-0.36626359820365906,0.6165637373924255,0.9828273355960846,0.7276688611537362,0.5900120594267473,1,1,FakeWhatsApp.BR_2018,whatsapp,desconhecido,2018-2022,desconhecido,False,none,v1,False,False,False
47432,test,0,-0.09477009624242783,0.20030860602855682,0.29507870227098465,0.5732390262031132,0.4107757537244573,0,0,true,press_true,desconhecido,<=2017,desconhecido,False,none,v1,False,False,False
1014111837462491957,test,0,-0.31200405955314636,0.2799960672855377,0.5920001268386841,0.6438239359567278,0.48803909570500836,0,0,FC_POLIGRAFO,agency_claim,poligrafo,>=2023,pt-BR,True,true_rating,checker,False,False,False
163721204988552158,test,1,-0.3591586947441101,0.3051564395427704,0.6643151342868805,0.6602290563116251,0.507088386978865,1,0,FC_POLIGRAFO,agency_claim,poligrafo,>=2023,pt-BR,True,false_pure,checker,False,False,False
894734979392504575,test,1,-0.40430036187171936,0.4090155363082886,0.8133158981800079,0.6928156516303058,0.5462122083771969,1,1,EXT_AVERITECBR,external_claim,ext_averitecbr,2018-2022,pt-BR,False,other,checker,False,False,False
585312545748428434,test,0,-0.14333412051200867,0.29765868186950684,0.4409928023815155,0.6084955702377198,0.44843652663871003,0,0,NEWS_PODER360,press_true,poder360,2018-2022,pt-BR,False,none,llm_local,False,False,False
775532889776013884,test,1,-0.1273181438446045,0.1560768485069275,0.283394992351532,0.5703783542721579,0.4077989028414938,0,0,FC_POLIGRAFO,agency_claim,poligrafo,2018-2022,pt-BR,True,false_pure,checker,False,False,False
327459323709387511,test,0,-0.321842223405838,0.482086181640625,0.803928405046463,0.6908141773165319,0.5437590130572364,1,1,EXT_LIARBR,external_claim,ext_liarbr,sem_data,pt-BR,False,true_rating,checker,False,False,False
26628,test,1,-0.4878274202346802,0.5499650239944458,1.037792444229126,0.7384238321714027,0.6039472542378848,1,1,fakes,agency_claim,desconhecido,2018-2022,desconhecido,False,none,v1,False,False,False
12983198864806053,test,1,-0.2952498495578766,0.39702722430229187,0.6922770738601685,0.6664732815901975,0.5144516636942533,1,0,FC_LUPA,agency_claim,lupa,2018-2022,pt-BR,False,false_pure,checker_match,False,False,False
985493661236410920,test,1,-0.2801574468612671,0.5052743554115295,0.7854318022727966,0.6868496092883847,0.5389192644104306,1,0,FC_POLIGRAFO,agency_claim,poligrafo,>=2023,pt-BR,True,false_pure,checker,False,False,False
355080320761931236,test,1,-0.33801987767219543,0.5927219390869141,0.9307418167591095,0.7172257597933364,0.576671818021482,1,1,EXT_AVERITECBR,external_claim,ext_averitecbr,2018-2022,pt-BR,False,other,checker,False,False,False
44225,test,1,-0.3747917711734772,0.349314421415329,0.7241061925888062,0.6735105869887617,0.5228254857367391,1,0,fakes,agency_claim,desconhecido,2018-2022,desconhecido,False,none,v1,False,False,False
28810176395320035,test,1,-0.455921471118927,0.8196563720703125,1.2755778431892395,0.781696087341541,0.6620686314031942,1,1,FC_EFARSAS,agency_claim,efarsas,2018-2022,pt-BR,False,hard,checker,False,False,False
11830,test,0,-0.344113826751709,0.5194360613822937,0.8635498881340027,0.7034017937420374,0.5592986869560186,1,1,FakeWhatsApp.BR_2018,whatsapp,desconhecido,2018-2022,desconhecido,False,none,v1,False,False,False
36272,test,1,-0.3668975532054901,0.3280975818634033,0.6949951350688934,0.6670771966672553,0.5151671333842827,1,0,fakes,agency_claim,desconhecido,2018-2022,desconhecido,True,false_pure,v1,False,False,False
48045,test,0,-0.3048403561115265,0.28445789217948914,0.5892982482910156,0.6432041150723632,0.4873276932065985,0,0,true,press_true,desconhecido,2018-2022,desconhecido,False,true_rating,v1,False,False,False
14007,test,0,-0.3229454457759857,0.5898975729942322,0.9128430187702179,0.7135815798525641,0.5720605681689085,1,1,FakeWhatsApp.BR_2018,whatsapp,desconhecido,2018-2022,desconhecido,False,none,v1,False,False,False
929480891570766730,test,1,-0.2920893728733063,0.269468754529953,0.5615581274032593,0.6368129841903833,0.4800272241991509,0,0,FC_BOATOS,agency_claim,boatos.org,>=2023,pt-BR,False,false_pure,checker_match,False,False,False
280373849673826030,test,1,-0.4728798270225525,0.601722002029419,1.0746018290519714,0.7454710709811734,0.6131874664873638,1,1,FC_OBSERVADOR,agency_claim,observador,>=2023,pt-PT,True,false_pure,checker,False,False,False
1005083782030495400,test,1,-0.2404990792274475,0.5654715895652771,0.8059706687927246,0.6912502142553992,0.5442928944234497,1,1,EXT_LIARBR,external_claim,ext_liarbr,sem_data,pt-BR,False,false_pure,checker,False,False,False
524831957564812907,test,1,-0.48286205530166626,0.5324620604515076,1.0153241157531738,0.7340607937547461,0.5982699008493677,1,1,FC_BOATOS,agency_claim,boatos,<=2017,pt-BR,False,false_pure,checker,False,False,False
660759905596064676,test,1,-0.3011210262775421,0.3292151093482971,0.6303361356258392,0.6525656760181485,0.49813679330089,0,0,FC_BOATOS_VIRAL,social,boatos,>=2023,pt-BR,False,false_pure,checker,False,False,False
41750,test,1,-0.14810621738433838,0.18613499402999878,0.33424121141433716,0.5827909696515973,0.42080040956542847,0,0,fakes,agency_claim,desconhecido,2018-2022,desconhecido,True,hard,v1,False,False,False
37846,test,1,-0.5407790541648865,0.6194541454315186,1.160233199596405,0.7613750858426547,0.6343610741290169,1,1,fakes,agency_claim,desconhecido,2018-2022,desconhecido,True,none,v1,False,False,False
29767,test,1,-0.25411197543144226,0.384063720703125,0.6381756961345673,0.6543409578824874,0.5002021884131241,1,0,fakes,agency_claim,desconhecido,sem_data,desconhecido,False,none,v1,False,False,False
47557,test,0,-0.1445627063512802,0.11028500646352768,0.2548477128148079,0.5633693263627817,0.40055424989180605,0,0,true,press_true,desconhecido,<=2017,desconhecido,False,none,v1,False,False,False
857886455983445897,test,0,-0.2154059112071991,0.17915163934230804,0.39455755054950714,0.597379353683392,0.4363657108345545,0,0,FC_POLIGRAFO,agency_claim,poligrafo,2018-2022,pt-BR,True,true_rating,checker,False,False,False
11031,test,1,-0.40286168456077576,0.521614134311676,0.9244758188724518,0.7159532062013861,0.575058991172162,1,1,FakeWhatsApp.BR_2018,whatsapp,desconhecido,2018-2022,desconhecido,False,none,v1,False,False,False
26473,test,1,-0.47441160678863525,0.4768969714641571,0.9513085782527924,0.7213782675186867,0.5819539223987138,1,1,fakes,agency_claim,desconhecido,2018-2022,desconhecido,False,none,v1,False,False,False
1140597783812211167,test,1,-0.3556757867336273,0.4427052438259125,0.7983810305595398,0.6896280613957433,0.5423083339256086,1,1,FC_BOATOS_VIRAL,social,boatos,<=2017,pt-BR,False,false_pure,checker,False,False,False
911682576886615892,test,1,-0.5773230195045471,0.7484885454177856,1.3258115649223328,0.7901469745349962,0.673809206776494,1,1,FC_BOATOS,agency_claim,boatos,<=2017,pt-BR,False,false_pure,checker,False,False,False
29196,test,1,-0.08658447861671448,0.23379410803318024,0.3203785866498947,0.5794165138446239,0.41724398836467036,0,0,fakes,agency_claim,desconhecido,2018-2022,desconhecido,False,none,v1,False,False,False
896562365207792154,test,0,-0.10978041589260101,0.17808499932289124,0.28786541521549225,0.5714734711091074,0.40893711961894724,0,0,FC_POLIGRAFO,agency_claim,poligrafo,2018-2022,pt-BR,True,true_rating,checker,False,False,False
15655,test,0,-0.2930120825767517,0.5718612670898438,0.8648733496665955,0.7036778301434975,0.559642432213743,1,1,FakeWhatsApp.BR_2018,whatsapp,desconhecido,2018-2022,desconhecido,False,none,v1,False,False,False
312729493492040502,test,0,-0.24348080158233643,0.29822099208831787,0.5417017936706543,0.6322082094381709,0.47480661164046506,0,0,FC_POLIGRAFO,agency_claim,poligrafo,>=2023,pt-BR,True,true_rating,checker,False,False,False
30057,test,1,-0.29189613461494446,0.5919356942176819,0.8838318288326263,0.7076156404099128,0.5645601228326834,1,1,fakes,agency_claim,desconhecido,sem_data,desconhecido,False,none,v1,False,False,False
87061434175434688,test,1,-0.3662245571613312,0.4240531027317047,0.7902776598930359,0.6878909464365058,0.5401879596768222,1,1,FC_BOATOS,agency_claim,boatos,>=2023,pt-BR,False,false_pure,checker,False,False,False
908142973206143742,test,0,-0.34539636969566345,0.4630070626735687,0.8084034323692322,0.6917691811072794,0.5449287259444945,1,1,EXT_LIARBR,external_claim,ext_liarbr,sem_data,pt-BR,False,true_rating,checker,False,False,False
924300826415583509,test,1,-0.32468387484550476,0.25479593873023987,0.5794798135757446,0.6409477026641083,0.4847429605667529,0,0,FC_EFARSAS,agency_claim,efarsas,>=2023,pt-BR,False,false_pure,checker,False,False,False
1084244132128057818,test,1,-0.2586829364299774,0.5181677937507629,0.7768507301807404,0.6850009776204992,0.5366714244502041,1,0,FC_AOSFATOS,agency_claim,aosfatos,2018-2022,pt-BR,False,false_pure,checker,False,False,False
296195454462906300,test,1,-0.5209225416183472,0.6356362700462341,1.1565588116645813,0.7607068707854694,0.6334624612067398,1,1,EXT_AVERITECBR,external_claim,ext_averitecbr,2018-2022,pt-BR,False,other,checker,False,False,False
182696325306693373,test,0,-0.4226466715335846,0.5652990341186523,0.9879457056522369,0.7286819698471813,0.5913162018700281,1,1,EXT_LIARBR,external_claim,ext_liarbr,sem_data,pt-BR,False,true_rating,checker,False,False,False
986019687993370491,test,0,-0.17711278796195984,0.39639219641685486,0.5735049843788147,0.6395715380173678,0.48317045923715846,0,0,NEWS_ECO,press_true,eco,<=2017,pt-PT,True,none,llm_local,False,False,False
46649,test,0,-0.3586009740829468,0.48018816113471985,0.8387891352176666,0.698210132615079,0.5528573938331637,1,1,COVID19.BR_raw,covid,desconhecido,sem_data,desconhecido,False,none,v1,False,False,False
621568950192918989,test,1,-0.2614787518978119,0.20728525519371033,0.4687640070915222,0.6150911717566694,0.4556857130286017,0,0,FC_G1,agency_claim,g1,2018-2022,pt-BR,False,false_pure,checker,False,False,False
36185,test,1,-0.32107749581336975,0.3733333647251129,0.6944108605384827,0.6669474252708089,0.5150133411403663,1,0,fakes,agency_claim,desconhecido,2018-2022,desconhecido,True,none,v1,False,False,False
70740419552919703,test,1,-0.5923276543617249,0.634594202041626,1.2269218564033508,0.7732793731057156,0.6505030030600698,1,1,FC_BOATOS,agency_claim,boatos,2018-2022,pt-BR,False,false_pure,checker,False,False,False
48776,test,0,-0.16520993411540985,0.0484250970184803,0.21363503113389015,0.5532065496281264,0.39017237803473614,0,0,true,press_true,desconhecido,2018-2022,desconhecido,True,none,v1,False,False,False
45974965508440096,test,1,-0.32090070843696594,0.45155248045921326,0.7724531888961792,0.684051328684535,0.5355188904296821,1,0,FC_POLIGRAFO,agency_claim,poligrafo,>=2023,pt-BR,True,other,checker,False,False,False
690922973100564493,test,1,-0.3135848343372345,0.42718505859375,0.7407698929309845,0.6771641876784911,0.5272046725390087,1,0,FC_AFP,agency_claim,afp,>=2023,pt-BR,False,false_pure,checker,False,False,False
8028,test,1,-0.28344735503196716,0.493741899728775,0.7771892547607422,0.6850740180642687,0.5367601309237661,1,0,Fake.br,portal,desconhecido,sem_data,desconhecido,False,none,v1,False,False,False
704249060749085445,test,1,-0.1257663071155548,0.24445702135562897,0.3702233284711838,0.5915129413624839,0.4300691002340644,0,0,FC_POLIGRAFO,agency_claim,poligrafo,>=2023,pt-BR,True,other,checker,False,False,False
1093377894118734341,test,1,-0.17948371171951294,0.27667567133903503,0.456159383058548,0.6121026805381304,0.45239298144207435,0,0,FC_POLIGRAFO,agency_claim,poligrafo,2018-2022,pt-BR,True,false_pure,checker,False,False,False
310773523262246758,test,1,-0.3366642892360687,0.5649272203445435,0.9015915095806122,0.7112764484990128,0.5691553785856868,1,1,FC_BOATOS,agency_claim,boatos,2018-2022,pt-BR,False,false_pure,checker,False,False,False
15994,test,0,-0.4193103015422821,0.5446138978004456,0.9639241993427277,0.7239068068754263,0.5851847612894554,1,1,FakeWhatsApp.BR_2018,whatsapp,desconhecido,2018-2022,desconhecido,False,none,v1,False,False,False
35349,test,1,-0.05996658653020859,-0.02820945717394352,0.03175712935626507,0.5079386151657324,0.3456405932227153,0,0,fakes,agency_claim,desconhecido,2018-2022,desconhecido,True,none,v1,False,False,False
8845,test,0,-0.3159550130367279,0.35123106837272644,0.6671860814094543,0.6608727896951615,0.507844595382219,1,0,Fake.br,portal,desconhecido,sem_data,desconhecido,False,none,v1,False,False,False
478502639987052426,test,1,-0.24322238564491272,0.49888524413108826,0.742107629776001,0.6774565648068316,0.5275560546303539,1,0,FC_G1,agency_claim,g1,2018-2022,pt-BR,False,false_pure,checker,False,False,False
388359289332703405,test,0,-0.4436691701412201,0.748399555683136,1.192068725824356,0.7671108500119781,0.6421071256585151,1,1,FC_G1,agency_claim,g1,>=2023,pt-BR,False,other,checker,False,False,False
406425608926311754,test,0,-0.43267127871513367,0.6462645530700684,1.078935831785202,0.7462925465624749,0.6142702235168819,1,1,NEWS_PODER360,press_true,poder360,2018-2022,pt-BR,False,none,llm_local,False,False,False
8550,test,1,-0.4132774770259857,0.51707923412323,0.9303567111492157,0.7171476488477118,0.5765727411013213,1,1,Fake.br,portal,desconhecido,sem_data,desconhecido,False,none,v1,False,False,False
28634,test,1,-0.24046050012111664,0.3215845823287964,0.562045082449913,0.6369256007235184,0.48015531354946206,0,0,fakes,agency_claim,desconhecido,2018-2022,desconhecido,False,none,v1,False,False,False
684181487031620544,test,1,-0.3396337330341339,0.3994108736515045,0.7390446066856384,0.6767869027073506,0.5267514534596189,1,0,EXT_LIARBR,external_claim,ext_liarbr,sem_data,pt-BR,False,false_pure,checker,False,False,False
587783989839360868,test,1,-0.39120614528656006,0.5289263129234314,0.9201324582099915,0.7150690942054978,0.573940097945042,1,1,EXT_LIARBR,external_claim,ext_liarbr,sem_data,pt-BR,False,false_pure,checker,False,False,False
994,test,1,-0.40214940905570984,0.4743799567222595,0.8765293657779694,0.7061025045200275,0.5626673666172929,1,1,COVID19.BR,covid,desconhecido,sem_data,desconhecido,False,none,v1,False,False,False
14075,test,0,-0.2915884256362915,0.43197426199913025,0.7235626876354218,0.6733910622004186,0.5226825909456986,1,0,FakeWhatsApp.BR_2018,whatsapp,desconhecido,2018-2022,desconhecido,False,none,v1,False,False,False
388533836990144115,test,1,-0.45379725098609924,0.5637521147727966,1.0175493657588959,0.7344949708293983,0.5988333870727947,1,1,FC_UOL,agency_claim,uol,sem_data,pt-BR,False,false_pure,checker,False,False,False
16419,test,1,-0.5166501998901367,0.6319384574890137,1.1485886573791504,0.7592530350467973,0.6315100834055635,1,1,FakeWhatsApp.BR_2018,whatsapp,desconhecido,2018-2022,desconhecido,False,none,v1,False,False,False
1135492144832147760,test,1,-0.352542519569397,0.5156691670417786,0.8682116866111755,0.7043734509814699,0.5605092502503854,1,1,EXT_AVERITECBR,external_claim,ext_averitecbr,2018-2022,pt-BR,False,other,checker,False,False,False
41511,test,1,-0.5473725199699402,0.6641282439231873,1.2115007638931274,0.7705643842010141,0.6467993092126862,1,1,fakes,agency_claim,desconhecido,2018-2022,desconhecido,True,false_pure,v1,False,False,False
4007,test,0,-0.350119024515152,0.45932304859161377,0.8094420731067657,0.6919906007214285,0.5452001424859256,1,1,Fake.br,portal,desconhecido,sem_data,desconhecido,False,none,v1,False,False,False
47036,test,0,-0.24158555269241333,0.44357556104660034,0.6851611137390137,0.6648896293389684,0.5125782710064569,1,0,COVID19.BR_raw,covid,desconhecido,sem_data,desconhecido,False,hard,v1,False,False,False
24756,test,1,-0.43640729784965515,0.5254003405570984,0.9618076384067535,0.723483578438614,0.5846432168904674,1,1,fakes,agency_claim,desconhecido,2018-2022,desconhecido,False,false_pure,v1,False,False,False
766338182762528544,test,1,-0.5064659118652344,0.523940920829773,1.0304068326950073,0.7369947612346466,0.6020840474914122,1,1,FC_BOATOS,agency_claim,boatos,>=2023,pt-BR,False,false_pure,checker,False,False,False
1133891050250490202,test,1,-0.503369152545929,0.59062260389328,1.093991756439209,0.7491326498453559,0.6180227823614043,1,1,FC_BOATOS,agency_claim,boatos,<=2017,pt-BR,False,false_pure,checker,False,False,False
47852,test,0,-0.19513118267059326,0.33971914649009705,0.5348503291606903,0.6306136619967108,0.47300644886623994,0,0,true,press_true,desconhecido,2018-2022,desconhecido,False,none,v1,False,False,False
13899,test,0,-0.3537524342536926,0.5459718108177185,0.8997242450714111,0.7108928316062131,0.5686727760912215,1,1,FakeWhatsApp.BR_2018,whatsapp,desconhecido,2018-2022,desconhecido,False,none,v1,False,False,False
50819641294359036,test,1,-0.4748428761959076,0.46228310465812683,0.9371259808540344,0.7185187535481411,0.5783133811216293,1,1,EXT_LIARBR,external_claim,ext_liarbr,sem_data,pt-BR,False,false_pure,checker,False,False,False
7124,test,1,-0.46382376551628113,0.728722333908081,1.1925460994243622,0.7671961227870416,0.6422227265327388,1,1,Fake.br,portal,desconhecido,sem_data,desconhecido,False,none,v1,False,False,False
49661,test,0,-0.24217011034488678,0.2665909230709076,0.5087610334157944,0.624515986897502,0.4661585328867559,0,0,true,press_true,desconhecido,2018-2022,desconhecido,True,none,v1,False,False,False
474384489609799279,test,0,-0.2864282429218292,0.2405562698841095,0.5269845128059387,0.6287795232677766,0.47094064184651707,0,0,EXT_LIARBR,external_claim,ext_liarbr,sem_data,pt-BR,False,true_rating,checker,False,False,False
453889356649534269,test,1,-0.359967976808548,0.4596448540687561,0.8196128308773041,0.6941541486695185,0.5478565109771223,1,1,FC_POLIGRAFO,agency_claim,poligrafo,2018-2022,pt-BR,True,false_pure,checker,False,False,False
929249256095913809,test,1,-0.3216973841190338,0.40986716747283936,0.7315645515918732,0.6751485087175301,0.5247860016232254,1,0,FC_BOATOS,agency_claim,boatos,2018-2022,pt-BR,False,false_pure,checker,False,False,False
417920447784296404,test,1,-0.5484383702278137,0.7179940938949585,1.2664324641227722,0.7801314329803057,0.659908988304303,1,1,FC_EFARSAS,agency_claim,efarsas,2018-2022,pt-BR,False,false_pure,checker,False,False,False
11676,test,0,-0.39431020617485046,0.6337358355522156,1.028046041727066,0.7365369049426483,0.6014878511169766,1,1,FakeWhatsApp.BR_2018,whatsapp,desconhecido,2018-2022,desconhecido,False,none,v1,False,False,False
1052363273679643795,test,1,-0.3573648929595947,0.5623171925544739,0.9196820855140686,0.7149773240049129,0.5738240338866215,1,1,FC_BOATOS,agency_claim,boatos,<=2017,pt-BR,False,false_pure,checker,False,False,False
34945,test,1,-0.3739483058452606,0.42565175890922546,0.7996000647544861,0.689888924601387,0.5426271826933547,1,1,fakes,agency_claim,desconhecido,2018-2022,desconhecido,False,false_pure,v1,False,False,False
979570534303966702,test,1,-0.31959065794944763,0.5733909010887146,0.8929815590381622,0.7095050782562737,0.566929020447245,1,1,FC_BOATOS_VIRAL,social,boatos,<=2017,pt-BR,False,false_pure,checker,False,False,False
1115086548482391933,test,1,-0.4598555564880371,0.5622883439064026,1.0221439003944397,0.7353899948478505,0.599996004763645,1,1,FC_EFARSAS,agency_claim,efarsas,<=2017,pt-BR,False,false_pure,checker,False,False,False
802879767128347218,test,1,-0.6328725814819336,0.7773244976997375,1.4101970791816711,0.8037970263338965,0.6930448487634466,1,1,EXT_AVERITECBR,external_claim,ext_averitecbr,2018-2022,pt-BR,False,other,checker,False,False,False
32476,test,1,-0.38084691762924194,0.4941117465496063,0.8749586641788483,0.7057764442764739,0.5622600093323339,1,1,fakes,agency_claim,desconhecido,2018-2022,desconhecido,False,none,v1,False,False,False
262956020732273130,test,0,-0.14282573759555817,0.23017618060112,0.37300191819667816,0.592184148060902,0.43078697177100295,0,0,FC_POLIGRAFO,agency_claim,poligrafo,>=2023,pt-BR,True,true_rating,checker,False,False,False
1106586069152313246,test,1,-0.45136559009552,0.5994061231613159,1.050771713256836,0.7409230617720706,0.6072142736108865,1,1,FC_BEREIA,agency_claim,bereia,>=2023,pt-BR,False,hard,checker,False,False,False
30392,test,1,-0.3432765305042267,0.28837478160858154,0.6316513121128082,0.6528637978551451,0.4984832845744399,0,0,fakes,agency_claim,desconhecido,sem_data,desconhecido,False,none,v1,False,False,False
6016,test,1,-0.4287395179271698,0.5331212878227234,0.9618608057498932,0.7234942147098568,0.5846568228243666,1,1,Fake.br,portal,desconhecido,sem_data,desconhecido,False,none,v1,False,False,False
48460,test,0,-0.33558687567710876,0.5416669249534607,0.8772538006305695,0.706252818064364,0.5628552184283094,1,1,true,press_true,desconhecido,2018-2022,desconhecido,True,none,v1,False,False,False
451398673060677825,test,1,-0.3798687160015106,0.5195355415344238,0.8994042575359344,0.7108270619818542,0.5685900608275899,1,1,FC_BOATOS,agency_claim,boatos,<=2017,pt-BR,False,false_pure,checker,False,False,False
415255461022319930,test,0,-0.3249010741710663,0.2814805209636688,0.6063815951347351,0.6471149538298442,0.4918264705900404,0,0,EXT_AVERITECBR,external_claim,ext_averitecbr,2018-2022,pt-BR,False,other,checker,False,False,False
48704,test,0,-0.37480148673057556,0.23292207717895508,0.6077235639095306,0.6474213415146437,0.49217993405637134,0,0,true,press_true,desconhecido,2018-2022,desconhecido,True,none,v1,False,False,False
634457674756513906,test,1,-0.4853525757789612,0.5921650528907776,1.0775176286697388,0.7460239302300751,0.6139160399596875,1,1,FC_BOATOS_VIRAL,social,boatos,>=2023,pt-BR,False,false_pure,checker,False,False,False
1052077353668827904,test,1,-0.6133200526237488,0.7632251977920532,1.376545250415802,0.7984355791646384,0.6854493592016698,1,1,FC_AFP,agency_claim,afp,>=2023,pt-BR,False,false_pure,checker,False,False,False
729718692481383290,test,1,-0.3510618507862091,0.6284443736076355,0.9795062243938446,0.7270102294815821,0.5891651732980113,1,1,FC_BOATOS,agency_claim,boatos,2018-2022,pt-BR,False,false_pure,checker,False,False,False
3599,test,0,-0.3934682607650757,0.5844025611877441,0.9778708219528198,0.726685536648143,0.588747949730495,1,1,Fake.br,portal,desconhecido,sem_data,desconhecido,False,none,v1,False,False,False
1088125389833194489,test,0,-0.5455382466316223,0.7101721167564392,1.2557103633880615,0.7782867869506424,0.657368523929173,1,1,EXT_AVERITECBR,external_claim,ext_averitecbr,2018-2022,pt-BR,False,other,checker,False,False,False
1060635029690840993,test,0,-0.3723638355731964,0.31243354082107544,0.6847973763942719,0.6648085796480827,0.512482501269626,1,0,FC_POLIGRAFO,agency_claim,poligrafo,2018-2022,pt-BR,True,true_rating,checker,False,False,False
89887449029506620,test,1,-0.6090649962425232,0.6657999157905579,1.274864912033081,0.7815744031217295,0.661900516887776,1,1,FC_AOSFATOS,agency_claim,aosfatos,>=2023,pt-BR,False,false_pure,checker,False,False,False
33687,test,1,-0.3615908920764923,0.4959831237792969,0.8575740158557892,0.7021535476592188,0.5577458585629995,1,1,fakes,agency_claim,desconhecido,2018-2022,desconhecido,False,other,v1,False,False,False
248971016587286821,test,1,-0.35203054547309875,0.422804594039917,0.7748351395130157,0.684565902186902,0.5361432142315671,1,0,FC_BOATOS,agency_claim,boatos,>=2023,pt-BR,False,false_pure,checker,False,False,False
30824,test,1,-0.2673392593860626,0.37785980105400085,0.6451990604400635,0.655927767862365,0.5020525463048543,1,0,fakes,agency_claim,desconhecido,sem_data,desconhecido,False,none,v1,False,False,False
612204333358491590,test,1,-0.42036229372024536,0.6046456694602966,1.025007963180542,0.7359469414072928,0.6007201689981481,1,1,FC_COMPROVA,agency_claim,comprova,2018-2022,pt-BR,False,other,checker,False,False,False
495618459931877685,test,1,-0.2960258722305298,0.596639096736908,0.8926649689674377,0.7094398223018878,0.5668471045881962,1,1,FC_APUBLICA,agency_claim,apublica,2018-2022,pt-BR,False,false_pure,checker,False,False,False
760810857581589909,test,1,-0.3689623773097992,0.5320987105369568,0.901061087846756,0.7111675076858044,0.5690183021372569,1,1,FC_FOLHA,agency_claim,folha,2018-2022,pt-BR,False,false_pure,checker_match,False,False,False
51617251317063226,test,1,-0.4498905837535858,0.6294285655021667,1.0793191492557526,0.7463651170331219,0.6143659328799161,1,1,FC_AFP,agency_claim,afp,2018-2022,pt-BR,False,false_pure,checker,False,False,False
30528,test,1,-0.46869614720344543,0.5835292935371399,1.0522254407405853,0.7412020158497573,0.6075796012189514,1,1,fakes,agency_claim,desconhecido,sem_data,desconhecido,False,none,v1,False,False,False
6097,test,0,-0.38056501746177673,0.3683183789253235,0.7488833963871002,0.6789353481757904,0.5293354124148183,1,0,Fake.br,portal,desconhecido,sem_data,desconhecido,False,none,v1,False,False,False
6448,test,1,-0.4133020341396332,0.5826735496520996,0.9959755837917328,0.7302665950015573,0.5933595922078562,1,1,Fake.br,portal,desconhecido,sem_data,desconhecido,False,none,v1,False,False,False
7031,test,0,-0.5315709710121155,0.41530463099479675,0.9468756020069122,0.7204864024681827,0.5808169578918138,1,1,Fake.br,portal,desconhecido,sem_data,desconhecido,False,none,v1,False,False,False
579875940175938773,test,1,-0.3918403089046478,0.4715055227279663,0.8633458316326141,0.7033592201344909,0.5592456818933449,1,1,FC_POLIGRAFO,agency_claim,poligrafo,2018-2022,pt-BR,True,hard,checker,False,False,False
47855,test,0,-0.4830791652202606,0.6856134533882141,1.1686926186084747,0.7629086191006603,0.636426358981503,1,1,true,press_true,desconhecido,2018-2022,desconhecido,False,none,v1,False,False,False
42292,test,1,-0.5199816823005676,0.6295363306999207,1.1495180130004883,0.7594228690438173,0.63173796282026,1,1,fakes,agency_claim,desconhecido,2018-2022,desconhecido,False,other,v1,False,False,False
390083881783436138,test,1,-0.467544823884964,0.457954078912735,0.925498902797699,0.7161612188822997,0.5753224364103243,1,1,EXT_AVERITECBR,external_claim,ext_averitecbr,2018-2022,pt-BR,False,other,checker,False,False,False
91680728316749754,test,0,-0.33546116948127747,0.2478693723678589,0.5833305418491364,0.641833403373426,0.4857565868134555,0,0,EXT_LIARBR,external_claim,ext_liarbr,sem_data,pt-BR,False,true_rating,checker,False,False,False
642260595133285446,test,1,-0.4106813371181488,0.6052468419075012,1.01592817902565,0.734178699621588,0.5984228897805126,1,1,FC_EFARSAS,agency_claim,efarsas,2018-2022,pt-BR,False,false_pure,checker,False,False,False
107603951163678020,test,0,-0.2513962686061859,0.2521674335002899,0.5035637021064758,0.6232964482150661,0.4647957771937806,0,0,FC_POLIGRAFO,agency_claim,poligrafo,>=2023,pt-BR,True,true_rating,checker,False,False,False
390081157020566334,test,1,-0.2986280918121338,0.41126441955566406,0.7098925113677979,0.6703774083154133,0.5190873575983999,1,0,FC_G1,agency_claim,g1,2018-2022,pt-BR,False,false_pure,checker,False,False,False
609342043810637761,test,1,-0.49912354350090027,0.24420689046382904,0.7433304339647293,0.6777237007319092,0.527877223594555,1,0,FC_BOATOS,agency_claim,boatos,>=2023,pt-BR,False,false_pure,checker,False,False,False
789787306258514610,test,0,-0.33957555890083313,0.512317955493927,0.8518935143947601,0.7009641994192086,0.556268734300143,1,1,NEWS_BRASILDEFATO,press_true,brasildefato,2018-2022,pt-BR,False,none,checker_match,False,False,False
419410772236939674,test,1,-0.39412936568260193,0.6670705080032349,1.0611998736858368,0.742919775943944,0.6098322326137816,1,1,FC_BOATOS,agency_claim,boatos.org,>=2023,pt-BR,False,false_pure,checker_match,False,False,False
47553,test,0,-0.4653899669647217,0.678487241268158,1.1438772082328796,0.7583907877183959,0.6303539274572335,1,1,true,press_true,desconhecido,2018-2022,desconhecido,False,none,v1,False,False,False
7544,test,1,-0.3318080008029938,0.38932016491889954,0.7211281657218933,0.6728553984576873,0.522042477029026,1,0,Fake.br,portal,desconhecido,sem_data,desconhecido,False,none,v1,False,False,False
511233130551157920,test,1,-0.37049710750579834,0.6426649689674377,1.013162076473236,0.7336385165504666,0.597722172268223,1,1,FC_BOATOS,agency_claim,boatos,2018-2022,pt-BR,False,false_pure,checker,False,False,False
966598665727196935,test,1,-0.4095899164676666,0.46848979592323303,0.8780797123908997,0.706424132339818,0.5630693620261272,1,1,FC_BOATOS,agency_claim,boatos.org,2018-2022,pt-BR,False,false_pure,checker_match,False,False,False
352723352693827622,test,0,-0.06584469228982925,0.12097285687923431,0.18681754916906357,0.5465690246719043,0.38346920969369186,0,0,EXT_AVERITECBR,external_claim,ext_averitecbr,2018-2022,pt-BR,False,other,checker,False,False,False
1031238871339451617,test,1,-0.372821569442749,0.5089325904846191,0.8817541599273682,0.7071855942035614,0.5640217920747973,1,1,FC_COMPROVA,agency_claim,comprova,>=2023,pt-BR,False,hard,checker,False,False,False
99018244358711020,test,0,-0.4376758635044098,0.568037211894989,1.0057130753993988,0.7321803535731669,0.5958331904074647,1,1,NEWS_BRASILDEFATO,press_true,brasildefato,2018-2022,pt-BR,False,none,llm_local,False,False,False
898669997420328591,test,1,-0.4927988648414612,0.581015408039093,1.0738142728805542,0.7453216080729725,0.6129905920380293,1,1,FC_AFP,agency_claim,afp,>=2023,pt-BR,False,hard,checker,False,False,False
11888,test,0,-0.2874106466770172,0.5468431711196899,0.8342538177967072,0.6972536252306228,0.5516755801804852,1,1,FakeWhatsApp.BR_2018,whatsapp,desconhecido,2018-2022,desconhecido,False,none,v1,False,False,False
834775051706627077,test,1,-0.588761568069458,0.7664533257484436,1.3552148938179016,0.7949808918734074,0.6805826751963284,1,1,FC_BOATOS,agency_claim,boatos,2018-2022,pt-BR,False,false_pure,checker,False,False,False
10554,test,1,-0.3042447865009308,0.40959057211875916,0.7138353586196899,0.6712480793192214,0.5201245391098724,1,0,LLM4BR_300,llm,desconhecido,sem_data,desconhecido,False,false_pure,v1,False,False,False
3844,test,1,-0.4665803909301758,0.7217045426368713,1.1882849335670471,0.766434185645904,0.6411902580109043,1,1,Fake.br,portal,desconhecido,sem_data,desconhecido,False,none,v1,False,False,False
1085954066019042591,test,0,-0.3007809817790985,0.18632739782333374,0.48710837960243225,0.6194250042863849,0.4604847038308688,0,0,FC_POLIGRAFO,agency_claim,poligrafo,2018-2022,pt-BR,True,true_rating,checker,False,False,False
29061,test,1,-0.36173495650291443,0.5038185119628906,0.865553468465805,0.7038196256994683,0.5598190585787853,1,1,fakes,agency_claim,desconhecido,2018-2022,desconhecido,False,none,v1,False,False,False
819487156897688346,test,1,-0.38406088948249817,0.46772125363349915,0.8517821431159973,0.7009408539853721,0.5562397639335661,1,1,FC_ESTADAO,agency_claim,estadao,sem_data,pt-BR,False,false_pure,checker,False,False,False
779344193048267265,test,1,-0.2564811408519745,0.3044372498989105,0.560918390750885,0.6366650115391419,0.47985895095052905,0,0,FC_POLIGRAFO,agency_claim,poligrafo,>=2023,pt-BR,True,other,checker,False,False,False
218776478977399527,test,1,-0.1924460232257843,0.246851846575737,0.4392978698015213,0.6080917144641148,0.4479947710746468,0,0,FC_BOATOS,agency_claim,boatos.org,2018-2022,pt-BR,False,false_pure,checker_match,False,False,False
363661519429832704,test,1,-0.446489542722702,0.39797845482826233,0.8444679975509644,0.69940539266976,0.5543363493021375,1,1,FC_BOATOS,agency_claim,boatos,<=2017,pt-BR,False,false_pure,checker,False,False,False
459898540106215780,test,1,-0.3596439063549042,0.40070274472236633,0.7603466510772705,0.6814289907578956,0.5323440126888606,1,0,EXT_LIARBR,external_claim,ext_liarbr,sem_data,pt-BR,False,false_pure,checker,False,False,False
32638,test,1,-0.2736341059207916,0.4049839377403259,0.6786180436611176,0.663430189307972,0.5108553878205705,1,0,fakes,agency_claim,desconhecido,2018-2022,desconhecido,False,none,v1,False,False,False
955719983504116609,test,1,-0.29667046666145325,0.37082692980766296,0.6674973964691162,0.6609425581146633,0.5079265937745093,1,0,FC_BOATOS,agency_claim,boatos.org,>=2023,pt-BR,False,false_pure,checker_match,False,False,False
964899708300373974,test,0,-0.4708693325519562,0.6880467534065247,1.1589160859584808,0.7611357062262349,0.6340390663492286,1,1,NEWS_PODER360,press_true,poder360,2018-2022,pt-BR,False,none,llm_local,False,False,False
30822,test,1,-0.1954944133758545,0.3570635914802551,0.5525580048561096,0.6347288638018621,0.47766030945470683,0,0,fakes,agency_claim,desconhecido,sem_data,desconhecido,False,none,v1,False,False,False
30441,test,1,-0.4942719638347626,0.6740444302558899,1.1683163940906525,0.7628405612332966,0.6363346135676916,1,1,fakes,agency_claim,desconhecido,sem_data,desconhecido,False,none,v1,False,False,False
11001,test,0,-0.29858264327049255,0.4978868067264557,0.7964694499969482,0.6892187561572816,0.5418082740666734,1,1,FakeWhatsApp.BR_2018,whatsapp,desconhecido,2018-2022,desconhecido,False,none,v1,False,False,False
48645,test,0,-0.28937456011772156,0.398124098777771,0.6874986588954926,0.6654102601641159,0.5131937094858667,1,0,true,press_true,desconhecido,2018-2022,desconhecido,True,none,v1,False,False,False
419974405155610967,test,0,-0.46165236830711365,0.5759249329566956,1.0375773012638092,0.7383822742991153,0.6038930213590178,1,1,NEWS_PODER360,press_true,poder360,<=2017,pt-BR,False,none,llm_local,False,False,False
16107,test,1,-0.46072810888290405,0.6671894192695618,1.1279175281524658,0.7554543815688037,0.626426475215565,1,1,FakeWhatsApp.BR_2018,whatsapp,desconhecido,2018-2022,desconhecido,False,none,v1,False,False,False
170031250658528451,test,1,-0.33830687403678894,0.46336671710014343,0.8016735911369324,0.6903323646309387,0.5431694508127813,1,1,FC_POLIGRAFO,agency_claim,poligrafo,2018-2022,pt-BR,True,false_pure,checker,False,False,False
484696193550893729,test,0,-0.16487747430801392,0.18512634932994843,0.35000382363796234,0.5866185061392684,0.4248542585145165,0,0,FC_POLIGRAFO,agency_claim,poligrafo,2018-2022,pt-BR,True,true_rating,checker,False,False,False
1009588736126536354,test,1,-0.368559330701828,0.5453743934631348,0.9139337241649628,0.7138044494531399,0.5723419324720537,1,1,FC_EFARSAS,agency_claim,efarsas,2018-2022,pt-BR,False,hard,checker,False,False,False
11582,test,1,-0.39891162514686584,0.484254390001297,0.8831660151481628,0.7074778673513241,0.5643876248557539,1,1,FakeWhatsApp.BR_2018,whatsapp,desconhecido,2018-2022,desconhecido,False,none,v1,False,False,False
5144,test,1,-0.5348984599113464,0.602833092212677,1.1377315521240234,0.7572629058277558,0.6288435783829859,1,1,Fake.br,portal,desconhecido,sem_data,desconhecido,False,none,v1,False,False,False
364222105505616574,test,1,-0.5762284398078918,0.7281157374382019,1.3043441772460938,0.7865651930961396,0.6688174486099422,1,1,FC_ESTADAO,agency_claim,estadao,sem_data,pt-BR,False,false_pure,checker,False,False,False
38882,test,1,-0.39851441979408264,0.6480711102485657,1.0465855300426483,0.7401186883846316,0.6061615996172571,1,1,fakes,agency_claim,desconhecido,2018-2022,desconhecido,True,false_pure,v1,False,False,False
397392523441321883,test,1,-0.33692899346351624,0.34437328577041626,0.6813022792339325,0.6640292906311339,0.5115622186605012,1,0,FC_G1,agency_claim,g1,2018-2022,pt-BR,False,false_pure,checker,False,False,False
1056182209571317759,test,1,-0.43407559394836426,0.6725658178329468,1.106641411781311,0.7515024366999826,0.6211647716811853,1,1,FC_ESTADAO,agency_claim,estadao,sem_data,pt-BR,False,false_pure,checker,False,False,False
34709,test,1,-0.2104208767414093,0.2802666425704956,0.4906875193119049,0.6202683809439923,0.4614219098661546,0,0,fakes,agency_claim,desconhecido,2018-2022,desconhecido,False,none,v1,False,False,False
1075,test,1,-0.45443907380104065,0.5046283006668091,0.9590673744678497,0.722935039104805,0.5839417878862099,1,1,COVID19.BR,covid,desconhecido,sem_data,desconhecido,False,none,v1,False,False,False
31625,test,1,-0.3687545955181122,0.4924030601978302,0.8611576557159424,0.7029024650427368,0.558677203674769,1,1,fakes,agency_claim,desconhecido,sem_data,desconhecido,False,none,v1,False,False,False
39795,test,1,-0.48504871129989624,0.577826201915741,1.0628749132156372,0.7432395615187594,0.6102521615049135,1,1,fakes,agency_claim,desconhecido,2018-2022,desconhecido,False,hard,v1,False,False,False
1136,test,0,-0.3124544322490692,0.3737909495830536,0.6862453818321228,0.6651311734337404,0.5128637464142848,1,0,COVID19.BR,covid,desconhecido,sem_data,desconhecido,False,none,v1,False,False,False
333253805870664052,test,1,-0.31912651658058167,0.3657226860523224,0.684849202632904,0.6648201284116467,0.5124961468458392,1,0,FC_POLIGRAFO,agency_claim,poligrafo,>=2023,pt-BR,True,false_pure,checker,False,False,False
41870,test,1,-0.2763705253601074,0.43712833523750305,0.7134988605976105,0.6711738186440748,0.5200360286224696,1,0,fakes,agency_claim,desconhecido,2018-2022,desconhecido,True,false_pure,v1,False,False,False
36975,test,1,-0.4177742302417755,0.27296319603919983,0.6907374262809753,0.6661309508177626,0.5140463589440482,1,0,fakes,agency_claim,desconhecido,2018-2022,desconhecido,True,none,v1,False,False,False
4416,test,1,-0.4168228805065155,0.5421206951141357,0.9589435756206512,0.7229102415152712,0.5839100908799693,1,1,Fake.br,portal,desconhecido,sem_data,desconhecido,False,none,v1,False,False,False
29800,test,1,-0.3129033148288727,0.5465286374092102,0.8594319522380829,0.7025419592263829,0.5582287651154985,1,1,fakes,agency_claim,desconhecido,sem_data,desconhecido,False,none,v1,False,False,False
37498,test,1,-0.32647815346717834,-0.046678658574819565,0.2797994948923588,0.5694970667555128,0.40688416790584575,0,0,fakes,agency_claim,desconhecido,2018-2022,desconhecido,True,none,v1,False,False,False
35089,test,1,-0.31660059094429016,0.5810913443565369,0.897691935300827,0.7104749637847294,0.5681473687186851,1,1,fakes,agency_claim,desconhecido,sem_data,desconhecido,False,false_pure,v1,False,False,False
44016,test,1,-0.44300031661987305,0.5034130811691284,0.9464133977890015,0.7203933116415984,0.5806983626621294,1,1,fakes,agency_claim,desconhecido,2018-2022,desconhecido,False,false_pure,v1,False,False,False
14688,test,0,-0.4428349733352661,0.4970115125179291,0.9398464858531952,0.7190686472311233,0.5790123824964856,1,1,FakeWhatsApp.BR_2018,whatsapp,desconhecido,2018-2022,desconhecido,False,none,v1,False,False,False
108419031174086622,test,1,-0.6151882410049438,0.7491175532341003,1.3643057942390442,0.7964586109646211,0.6826617278103626,1,1,FC_EFARSAS,agency_claim,efarsas,<=2017,pt-BR,False,false_pure,checker,False,False,False
733408840635752753,test,0,-0.19491666555404663,0.1706852912902832,0.36560195684432983,0.590395830224581,0.4288757832271081,0,0,FC_POLIGRAFO,agency_claim,poligrafo,>=2023,pt-BR,True,true_rating,checker,False,False,False
25661,test,1,-0.5320872068405151,0.7382718920707703,1.2703590989112854,0.7808042135267373,0.6608370675112852,1,1,fakes,agency_claim,desconhecido,2018-2022,desconhecido,False,none,v1,False,False,False
644916952876831908,test,1,-0.5611959099769592,0.6114857196807861,1.1726816296577454,0.7636293907998644,0.6373985002621767,1,1,FC_BOATOS,agency_claim,boatos,<=2017,pt-BR,False,false_pure,checker,False,False,False
258081823641583493,test,1,-0.19625674188137054,0.17702846229076385,0.3732852041721344,0.5922525604270052,0.43086017743309657,0,0,EXT_LIARBR,external_claim,ext_liarbr,sem_data,pt-BR,False,false_pure,checker,False,False,False
30372,test,1,-0.28836044669151306,0.34155717492103577,0.6299176216125488,0.6524707829088617,0.49802653358888493,0,0,fakes,agency_claim,desconhecido,sem_data,desconhecido,False,none,v1,False,False,False
751968136915457162,test,1,-0.402841717004776,0.4993725121021271,0.9022142291069031,0.7114043147627354,0.5693162939507083,1,1,FC_SBT,agency_claim,sbt,>=2023,pt-BR,False,false_pure,checker_match,False,False,False
167026178996583941,test,1,-0.2899149954319,0.4706568419933319,0.7605718374252319,0.6814778730059556,0.5324030913752834,1,0,FC_BOATOS,agency_claim,boatos,>=2023,pt-BR,False,false_pure,checker,False,False,False
31084,test,1,-0.36539342999458313,0.478358656167984,0.8437520861625671,0.6992548597737152,0.5541499557603311,1,1,fakes,agency_claim,desconhecido,sem_data,desconhecido,False,none,v1,False,False,False
406555185620456869,test,1,-0.38831087946891785,0.5904744267463684,0.9787853062152863,0.7268671280647387,0.5889812685546469,1,1,FC_BOATOS,agency_claim,boatos,2018-2022,pt-BR,False,false_pure,checker,False,False,False
8301,test,0,-0.3261229395866394,0.22881583869457245,0.5549387782812119,0.6352806644205877,0.478286328577162,0,0,Fake.br,portal,desconhecido,sem_data,desconhecido,False,none,v1,False,False,False
47267,test,0,-0.16142867505550385,0.1978541761636734,0.35928285121917725,0.5888668214830011,0.4272454225343057,0,0,true,press_true,desconhecido,<=2017,desconhecido,False,none,v1,False,False,False
770005722768087393,test,1,-0.3566342294216156,0.621817409992218,0.9784516394138336,0.726800879744557,0.5888961424196469,1,1,FC_BOATOS,agency_claim,boatos,>=2023,pt-BR,False,false_pure,checker,False,False,False
527625864821853786,test,1,-0.3885253071784973,0.5071131587028503,0.8956384658813477,0.71005238203743,0.5676163352096805,1,1,EXT_AVERITECBR,external_claim,ext_averitecbr,2018-2022,pt-BR,False,other,checker,False,False,False
1147168593639644024,test,0,-0.22814306616783142,0.4025822579860687,0.6307253241539001,0.6526539090467622,0.4982393272228291,0,0,EXT_LIARBR,external_claim,ext_liarbr,sem_data,pt-BR,False,true_rating,checker,False,False,False
640123747816884435,test,1,-0.28727176785469055,0.24222931265830994,0.5295010805130005,0.6293667394025946,0.47160146559696003,0,0,FC_BOATOS,agency_claim,boatos.org,>=2023,pt-BR,False,false_pure,checker_match,False,False,False
17031,test,0,-0.34845033288002014,0.5057365894317627,0.8541869223117828,0.7014447067555899,0.5568652198882988,1,1,FakeWhatsApp.BR_2018,whatsapp,desconhecido,2018-2022,desconhecido,False,none,v1,False,False,False
4930,test,1,-0.5584410429000854,0.47953638434410095,1.0379774272441864,0.7384595608189082,0.6039938824031711,1,1,Fake.br,portal,desconhecido,sem_data,desconhecido,False,none,v1,False,False,False
14055,test,0,-0.4326060116291046,0.5586807727813721,0.9912867844104767,0.7293420114267548,0.5921668052183606,1,1,FakeWhatsApp.BR_2018,whatsapp,desconhecido,2018-2022,desconhecido,False,none,v1,False,False,False
756248460563376644,test,1,-0.14748474955558777,0.16926220059394836,0.31674695014953613,0.5785312550417847,0.41631370683021457,0,0,FC_POLIGRAFO,agency_claim,poligrafo,>=2023,pt-BR,True,false_pure,checker,False,False,False
47095,test,0,-0.08455747365951538,0.24163798987865448,0.32619546353816986,0.5808333875963916,0.4187352675970768,0,0,true,press_true,desconhecido,sem_data,desconhecido,False,hard,v1,False,False,False
1069754943433721764,test,1,-0.33681371808052063,0.33611899614334106,0.6729327142238617,0.6621595316243226,0.509358149028921,1,0,FC_BOATOS,agency_claim,boatos,<=2017,pt-BR,False,false_pure,checker,False,False,False
1095940489532817098,test,0,-0.28735652565956116,0.40896955132484436,0.6963260769844055,0.6673727134248327,0.5155174520104302,1,0,NEWS_BRASILDEFATO,press_true,brasildefato,<=2017,pt-BR,False,none,llm_local,False,False,False
110696324383219512,test,0,-0.2408890724182129,0.37332209944725037,0.6142111718654633,0.6489008277955773,0.4938888201783671,0,0,EXT_LIARBR,external_claim,ext_liarbr,sem_data,pt-BR,False,true_rating,checker,False,False,False
43645,test,1,-0.24871669709682465,0.2720048725605011,0.5207215696573257,0.6273164779464192,0.46929650707902426,0,0,fakes,agency_claim,desconhecido,2018-2022,desconhecido,False,hard,v1,False,False,False
312788791375888589,test,1,-0.24763455986976624,0.20890967547893524,0.4565442353487015,0.612194053224494,0.452493457029644,0,0,FC_POLIGRAFO,agency_claim,poligrafo,>=2023,pt-BR,True,false_pure,checker,False,False,False
784344249939800355,test,1,-0.5679025053977966,0.7557006478309631,1.3236031532287598,0.7897805526983119,0.6732974808419272,1,1,FC_AOSFATOS,agency_claim,aosfatos,>=2023,pt-BR,False,false_pure,checker,False,False,False
43781,test,1,-0.44895830750465393,0.517255961894989,0.9662142693996429,0.7243642786520059,0.5857704680405006,1,1,fakes,agency_claim,desconhecido,2018-2022,desconhecido,False,false_pure,v1,False,False,False
769977224265605149,test,1,-0.5260359644889832,0.4678894877433777,0.9939254522323608,0.7298625750451896,0.5928381923540234,1,1,FC_EFARSAS,agency_claim,efarsas,2018-2022,pt-BR,False,false_pure,checker,False,False,False
548942995326292788,test,1,-0.3361967206001282,0.37557098269462585,0.711767703294754,0.670791639896567,0.5195806552905308,1,0,FC_G1,agency_claim,g1,>=2023,pt-BR,False,false_pure,checker,False,False,False
6905,test,0,-0.2231220304965973,0.31395992636680603,0.5370819568634033,0.6311333458192248,0.47359271487238996,0,0,Fake.br,portal,desconhecido,sem_data,desconhecido,False,none,v1,False,False,False
123225610603689728,test,1,-0.5826151967048645,0.736487090587616,1.3191022872924805,0.7890323117484016,0.6722532774514278,1,1,FC_BOATOS,agency_claim,boatos,2018-2022,pt-BR,False,false_pure,checker,False,False,False
47032391170443351,test,1,-0.17024464905261993,0.20475929975509644,0.37500394880771637,0.5926675532468482,0.4313043934290877,0,0,EXT_LIARBR,external_claim,ext_liarbr,sem_data,pt-BR,False,false_pure,checker,False,False,False
828363621596015193,test,0,-0.3618064820766449,0.5714513659477234,0.9332578480243683,0.7177357645545335,0.5773189705367573,1,1,NEWS_PODER360,press_true,poder360,2018-2022,pt-BR,False,none,llm_local,False,False,False
1147326844087365869,test,0,-0.498975545167923,0.4981313645839691,0.9971069097518921,0.7304893824678467,0.5936472267898667,1,1,EXT_AVERITECBR,external_claim,ext_averitecbr,2018-2022,pt-BR,False,other,checker,False,False,False
24591,test,1,-0.218447744846344,0.3458345830440521,0.5642823278903961,0.6374428081636507,0.4807438350512914,0,0,fakes,agency_claim,desconhecido,2018-2022,desconhecido,False,false_pure,v1,False,False,False
711838029875217572,test,1,-0.5156425833702087,0.7005302309989929,1.2161728143692017,0.7713893346505629,0.6479232856105814,1,1,FC_BOATOS,agency_claim,boatos.org,2018-2022,pt-BR,False,false_pure,checker_match,False,False,False
15858,test,0,-0.3764208257198334,0.30065083503723145,0.6770716607570648,0.6630848093653592,0.5104481640560852,1,0,FakeWhatsApp.BR_2018,whatsapp,desconhecido,2018-2022,desconhecido,False,none,v1,False,False,False
15735,test,0,-0.43076518177986145,0.5658836960792542,0.9966488778591156,0.7303991980824316,0.5935307819496941,1,1,FakeWhatsApp.BR_2018,whatsapp,desconhecido,2018-2022,desconhecido,False,none,v1,False,False,False
980740913562560298,test,1,-0.2436709702014923,0.3471599221229553,0.5908308923244476,0.6435557682579981,0.4877312310598321,0,0,FC_LUPA,agency_claim,lupa,2018-2022,pt-BR,False,false_pure,checker_match,False,False,False
635538268458618969,test,1,-0.4728873670101166,0.5716472268104553,1.044534593820572,0.739724010899371,0.6056455025843364,1,1,FC_BOATOS,agency_claim,boatos.org,>=2023,pt-BR,False,false_pure,checker_match,False,False,False
44411,test,1,-0.29063889384269714,0.18689323961734772,0.47753213346004486,0.6171649549304242,0.45797853301309055,0,0,fakes,agency_claim,desconhecido,<=2017,desconhecido,False,none,v1,False,False,False
38833,test,1,-0.4089571535587311,0.5944966673851013,1.0034538209438324,0.7317370988854593,0.5952597046736037,1,1,fakes,agency_claim,desconhecido,2018-2022,desconhecido,False,false_pure,v1,False,False,False
16973,test,0,-0.4193103015422821,0.5446138978004456,0.9639241993427277,0.7239068068754263,0.5851847612894554,1,1,FakeWhatsApp.BR_2018,whatsapp,desconhecido,2018-2022,desconhecido,False,none,v1,False,False,False
15376,test,0,-0.33683133125305176,0.5434328317642212,0.880264163017273,0.70687695917001,0.5636356360269902,1,1,FakeWhatsApp.BR_2018,whatsapp,desconhecido,2018-2022,desconhecido,False,none,v1,False,False,False
781702550331394100,test,1,-0.2403607964515686,0.28221532702445984,0.5225761234760284,0.6277499525635446,0.46978329284149417,0,0,EXT_LIARBR,external_claim,ext_liarbr,sem_data,pt-BR,False,false_pure,checker,False,False,False
13876,test,1,-0.22622700035572052,0.31309211254119873,0.5393191128969193,0.6316540118317641,0.47418050630693853,0,0,FakeWhatsApp.BR_2018,whatsapp,desconhecido,2018-2022,desconhecido,False,none,v1,False,False,False
41006,test,1,-0.43490248918533325,0.6602582931518555,1.0951607823371887,0.7493522843072628,0.6183135701181836,1,1,fakes,agency_claim,desconhecido,2018-2022,desconhecido,True,false_pure,v1,False,False,False
35383,test,1,-0.3761439323425293,0.3866834342479706,0.7628273665904999,0.6819672706751962,0.5329947895500261,1,0,fakes,agency_claim,desconhecido,2018-2022,desconhecido,True,hard,v1,False,False,False
523824677397711266,test,1,-0.43146172165870667,0.4947916567325592,0.9262533783912659,0.7163145593858347,0.5755166873049721,1,1,EXT_AVERITECBR,external_claim,ext_averitecbr,2018-2022,pt-BR,False,other,checker,False,False,False
417560861809834362,test,0,-0.4497227668762207,0.4644094407558441,0.9141322076320648,0.7138449954548961,0.5723931293213192,1,1,EXT_LIARBR,external_claim,ext_liarbr,sem_data,pt-BR,False,true_rating,checker,False,False,False
83331161769253935,test,0,-0.3382358253002167,0.36444932222366333,0.70268514752388,0.6687828348477174,0.5171910132280083,1,0,FC_POLIGRAFO,agency_claim,poligrafo,2018-2022,pt-BR,True,true_rating,checker,False,False,False
382988431598638037,test,0,-0.3486592471599579,0.2683715224266052,0.6170307695865631,0.6495429426264023,0.4946315708948876,0,0,EXT_LIARBR,external_claim,ext_liarbr,sem_data,pt-BR,False,true_rating,checker,False,False,False
610551048155335185,test,1,-0.4393843114376068,0.5788782238960266,1.0182625353336334,0.7346340242715456,0.599013923378609,1,1,FC_AFP,agency_claim,afp,>=2023,pt-BR,False,false_pure,checker,False,False,False
70599541860144660,test,1,-0.5139768719673157,0.38807228207588196,0.9020491540431976,0.7113704223132619,0.5692736387489994,1,1,FC_COMPROVA,agency_claim,comprova,2018-2022,pt-BR,False,other,checker,False,False,False
82354400692624490,test,1,-0.4671427309513092,0.45751747488975525,0.9246602058410645,0.7159907024189294,0.5751064741740266,1,1,FC_BOATOS,agency_claim,boatos.org,2018-2022,pt-BR,False,false_pure,checker_match,False,False,False
946029105288402100,test,1,-0.3882099688053131,0.23411500453948975,0.6223249733448029,0.6507471426110827,0.49602625454350535,0,0,FC_COMPROVA,agency_claim,comprova,2018-2022,pt-BR,False,other,checker_match,False,False,False
747994047134709717,test,1,-0.557894766330719,0.5665839314460754,1.1244786977767944,0.7548185235741102,0.6255780203725674,1,1,EXT_LIARBR,external_claim,ext_liarbr,sem_data,pt-BR,False,false_pure,checker,False,False,False
5667,test,0,-0.5196714997291565,0.2646002173423767,0.7842717170715332,0.6866000357134667,0.538615466754776,1,0,Fake.br,portal,desconhecido,sem_data,desconhecido,False,none,v1,False,False,False
568004735433159940,test,1,-0.3344123661518097,0.46731090545654297,0.8017232716083527,0.6903429849032902,0.5431824419878876,1,1,FC_EFARSAS,agency_claim,efarsas,<=2017,pt-BR,False,false_pure,checker,False,False,False
398089758470832333,test,1,-0.5316866040229797,0.6006603837013245,1.1323469877243042,0.7562717672508956,0.6275181999779961,1,1,FC_BOATOS_VIRAL,social,boatos,>=2023,pt-BR,False,false_pure,checker,False,False,False
48599,test,0,-0.2805245816707611,0.20255669951438904,0.48308128118515015,0.6184752099883789,0.459430533052946,0,0,true,press_true,desconhecido,2018-2022,desconhecido,True,none,v1,False,False,False
1118090791303970075,test,0,-0.21088168025016785,0.19685590267181396,0.4077375829219818,0.6005452698094711,0.43978483419376324,0,0,FC_POLIGRAFO,agency_claim,poligrafo,>=2023,pt-BR,True,true_rating,checker,False,False,False
756077415827146011,test,1,-0.32533884048461914,0.6224099397659302,0.9477487802505493,0.720662214261306,0.5810409778996536,1,1,FC_EFARSAS,agency_claim,efarsas,<=2017,pt-BR,False,false_pure,checker,False,False,False
2110,test,1,-0.31464576721191406,0.3795430064201355,0.6941887736320496,0.666898091597777,0.5149548828667603,1,0,Fake.br,portal,desconhecido,sem_data,desconhecido,False,none,v1,False,False,False
32626,test,1,-0.45597028732299805,0.6707497835159302,1.1267200708389282,0.7552330919766579,0.6261311172374593,1,1,fakes,agency_claim,desconhecido,2018-2022,desconhecido,False,none,v1,False,False,False
35062,test,1,-0.41033220291137695,0.5797047019004822,0.9900369048118591,0.7290952116790202,0.591848663437095,1,1,fakes,agency_claim,desconhecido,2018-2022,desconhecido,False,none,v1,False,False,False
895364408848791451,test,1,-0.5125988125801086,0.7852383255958557,1.2978371381759644,0.7854707519057689,0.6672967854074919,1,1,FC_BOATOS,agency_claim,boatos,<=2017,pt-BR,False,false_pure,checker,False,False,False
31394,test,1,-0.34263142943382263,0.4725441038608551,0.8151755332946777,0.6932112811525695,0.5466979168902237,1,1,fakes,agency_claim,desconhecido,sem_data,desconhecido,False,none,v1,False,False,False
36158,test,1,-0.40457388758659363,0.3440391421318054,0.748613029718399,0.6788764102194945,0.5292644264506957,1,0,fakes,agency_claim,desconhecido,2018-2022,desconhecido,True,none,v1,False,False,False
30062,test,1,-0.5101569294929504,0.5932145714759827,1.103371500968933,0.7508912901643089,0.6203535356044623,1,1,fakes,agency_claim,desconhecido,sem_data,desconhecido,False,none,v1,False,False,False
518141161511789803,test,0,-0.41379019618034363,0.6272299289703369,1.0410201251506805,0.7390467919549423,0.6047605751235553,1,1,EXT_LIARBR,external_claim,ext_liarbr,sem_data,pt-BR,False,true_rating,checker,False,False,False
692156707908318250,test,1,-0.5121796727180481,0.6180182695388794,1.1301979422569275,0.755875426787214,0.6269886883788058,1,1,FC_AFP,agency_claim,afp,>=2023,pt-BR,False,false_pure,checker,False,False,False
3931451579518534,test,0,-0.2887805700302124,0.3623526394367218,0.6511332094669342,0.6572657833815986,0.5036159005036422,1,0,EXT_LIARBR,external_claim,ext_liarbr,sem_data,pt-BR,False,true_rating,checker,False,False,False
34372,test,1,-0.5814191102981567,0.4570484459400177,1.0384675562381744,0.7385542118166538,0.6041174187424408,1,1,fakes,agency_claim,desconhecido,2018-2022,desconhecido,False,none,v1,False,False,False
2253,test,0,-0.44379761815071106,0.2468353807926178,0.6906329989433289,0.6661077257220045,0.5140188682793944,1,0,Fake.br,portal,desconhecido,sem_data,desconhecido,False,none,v1,False,False,False
6335,test,0,-0.5054324269294739,0.5408173203468323,1.0462497472763062,0.7400540977076123,0.6060771195155564,1,1,Fake.br,portal,desconhecido,sem_data,desconhecido,False,none,v1,False,False,False
